projectName,amountPesos,straightLineDistanceKm,pesosPerStraightLineKm,startCoordinate,endCoordinate,sourceVolume,sourcePage
"Construction of Sitio Centro to Sitio Balite, Brgy. Camantigue FMR, Brgy. Camantigue, Bongabong, Oriental Mindoro",34500000,0.116,296732606.84,"[12.63650079, 121.54111446]","[12.63754617, 121.54113676]",2 - HB 10858 VOL IB.pdf,700
"Construction of Brgy. Concepcion to Brgy. Balagbag FMR, Brgy. Concepcion,",95000000,0.414,229729404.25,"[13.869848, 121.012799]","[13.871148, 121.016388]",2 - HB 10858 VOL IB.pdf,694
"Construction of Brgy. Ilat North FMR, San Pascual, Batangas",35000000,0.181,192901941.62,"[13.828862, 121.013401]","[13.829719, 121.011971]",2 - HB 10858 VOL IB.pdf,692
"Construction of Brgy. Magsaysay - Brgy. Malvar FMR, Balangkayan, Eastern Samar",25000000,0.154,161873418.9,"[11.263858, 125.263092]","[11.264157, 125.261709]",2 - HB 10858 VOL IB.pdf,716
"Concreting of Brgy. Sambong FMR, Brgy, Sambong, Tagaytay City, Cavite",15000000,0.102,147592125.18,"[14.096261, 120.917538]","[14.095883, 120.91668]",2 - HB 10858 VOL IB.pdf,698
"Construction of Brgy. Banyaga FMR, Brgy. Banyaga, Agoncillo, Batangas",30000000,0.225,133405477.31,"[14.0073925, 120.9498838]","[14.0076024, 120.9478107]",2 - HB 10858 VOL IB.pdf,696
"Opening and Concreting of Sitio Mariwasa, Brgy. Biga FMR, Brgy. Biga Lobo, Batangas",25000000,0.191,131152666.2,"[13.64036, 121.328152]","[13.64063, 121.32641]",2 - HB 10858 VOL IB.pdf,696
"Construction Sitio Cuta to Sitio Lucbanan, Brgy. Anilao FMR, Brgy. Anilao, Bongabong, Oriental Mindoro",45000000,0.395,113791466.77,"[12.7175209, 121.5147327]","[12.71479873, 121.51238645]",2 - HB 10858 VOL IB.pdf,700
"Construction of Brgy. Mayag FMR, Brgy. Mayag, Bauco, Mountain Province",50000000,0.441,113459796.65,"[16.969931, 120.841124]","[16.966839, 120.838532]",2 - HB 10858 VOL IB.pdf,672
"Construction of Brgy. Aet FMR, Brgy. Aet, Sulat, Eastern Samar",15000000,0.141,106742636.59,"[11.812253, 125.399054]","[11.811394, 125.398107]",2 - HB 10858 VOL IB.pdf,716
"Construction of Brgy. Alitap FMR, Brgy. Alitap, Mauban, Quezon",50000000,0.48,104256386.23,"[14.137736, 121.754959]","[14.140914, 121.751952]",2 - HB 10858 VOL IB.pdf,692
"Construction of Brgy. Buclad FMR, Brgy. Buclad, Asuncion, Davao del Norte",30000000,0.297,100880173.98,"[7.518087839865967, 125.75888536870481]","[7.5190664065846295, 125.75637482106687]",2 - HB 10858 VOL IB.pdf,720
"Construction of Zone 1, Brgy. Balubal FMR, Cagayan de Oro City",15000000,0.156,96266913.52,"[8.466342, 124.783717]","[8.466297, 124.785133]",2 - HB 10858 VOL IB.pdf,718
"Construction of Purok 3, Brgy. Pangil FMR, Brgy. Pangil, Pasuquin, Ilocos Norte",15000000,0.16,93868991.98,"[18.298045, 120.64479]","[18.299081, 120.645839]",2 - HB 10858 VOL IB.pdf,670
"Construction of Brgy. Flores-Brgy. Esperanza FMR, Brgy. Flores and Brgy. Esperanza, Umingan, Pangasinan",10000000,0.141,70812627.06,"[15.933026, 120.788606]","[15.931756, 120.788606]",2 - HB 10858 VOL IB.pdf,668
"Construction of Purok 6, Brgy. San Isidro FMR, Brgy. San Isidro, Rosario, Batangas",15000000,0.222,67589715.26,"[13.803724, 121.314828]","[13.803656, 121.312774]",2 - HB 10858 VOL IB.pdf,696
"Concreting of Lungib FMR, Brgy. Lungib, Pilar",20000000,0.306,65433628.87,"[12.89927, 123.715055]","[12.897736, 123.712715]",2 - HB 10858 VOL IB.pdf,704
"Construction of Purok Bulad, Brgy. Mabini to Purok Irigasyon, Brgy. Pacol FMR,",50000000,0.772,64729920.91,"[10.485488, 122.842438]","[10.47964, 122.846251]",2 - HB 10858 VOL IB.pdf,710
"Construction of Purok 6, Brgy. San Antonio FMR, Labo, Brgy. San Antonio, Camarines Norte",15000000,0.235,63889027.03,"[14.103421, 122.830275]","[14.102962, 122.8324]",2 - HB 10858 VOL IB.pdf,706
"Construction of Brgy. Itlugan FMR, Brgy. Itlugan, Rosario, Batangas",15000000,0.239,62674836.88,"[13.826838, 121.191709]","[13.824693, 121.191892]",2 - HB 10858 VOL IB.pdf,696
"Construction of Brgy. Pangabutan FMR, Brgy. Pangabutan, Taft, Eastern Samar",25000000,0.415,60294093.87,"[11.957625, 125.397139]","[11.957733, 125.393329]",2 - HB 10858 VOL IB.pdf,716
"Construction of Sitio Proper, Brgy. Agtabo to Sitio Salngan Sur, Brgy. Salngan FMR, Brgy. Agtabo, Passi City, Iloilo",20000000,0.338,59184192.99,"[11.172963, 122.712888]","[11.175055, 122.715135]",2 - HB 10858 VOL IB.pdf,708
"Construction of Brgy. Anibawan FMR, Brgy. Anibawan, Burdeos, Quezon",15000000,0.259,57957128.83,"[14.573449, 121.583]","[14.571243, 121.582233]",2 - HB 10858 VOL IB.pdf,692
"Construction of Brgy. 30-B Santa Maria FMR, Laoag City, Ilocos Norte",20000000,0.347,57662611.78,"[18.209478, 120.573425]","[18.20855, 120.57029]",2 - HB 10858 VOL IB.pdf,670
"Construction of Lower Balacbac, Brgy. Sto. Tomas Proper FMR Phase II, Brgy. Sto. Tomas Proper, Baguio City",7000000,0.122,57592299.67,"[16.383371, 120.583635]","[16.382418, 120.584193]",2 - HB 10858 VOL IB.pdf,672
"Construction of Brgy. Tanap-Brgy. Nagsurot FMR, Burgos, Ilocos Norte",20000000,0.357,56050150.6,"[18.510303, 120.667502]","[18.51351, 120.667621]",2 - HB 10858 VOL IB.pdf,668
"Construction of Brgy. Dawog FMR, Brgy. Dawog, Miagao, Iloilo",60000000,1.102,54432591.95,"[10.67892, 122.22747]","[10.68612, 122.234404]",2 - HB 10858 VOL IB.pdf,708
"Concreting of Brgy. Bagacay FMR Phase II, Brgy. Bagacay, Lapinig, Northern Samar",15000000,0.277,54201401.78,"[12.273363, 125.277075]","[12.2709, 125.277441]",2 - HB 10858 VOL IB.pdf,714
"Construction of Purok 3 Brgy. Camboayon FMR, Brgy. Camboayon, Gigaquit, Surigao del Norte",20000000,0.371,53958163.09,"[9.553972, 125.647614]","[9.554667, 125.644308]",2 - HB 10858 VOL IB.pdf,726
"Construction of Brgy. Caruan FMR, Brgy. Caruan, Pasuquin, Ilocos Norte",50000000,0.933,53563942.66,"[18.423967, 120.599054]","[18.431587, 120.602767]",2 - HB 10858 VOL IB.pdf,670
"Construction of Sitio Dasar FMR, Brgy. Isic-isic, Vintar, Ilocos Norte",34000000,0.638,53304994.86,"[18.3921009, 120.7867319]","[18.389998, 120.792356]",2 - HB 10858 VOL IB.pdf,670
"Construction of Brgy. Pila FMR, Brgy. Pila, San Pascual, Batangas",35000000,0.661,52914644.59,"[13.841895, 121.036768]","[13.847127, 121.039683]",2 - HB 10858 VOL IB.pdf,692
"Construction of Brgy. Tablon FMR, Brgy. Tablon, Cagaya de Oro City",30000000,0.568,52850415.1,"[8.46293275, 124.73912517]","[8.46132219, 124.74402267]",2 - HB 10858 VOL IB.pdf,718
"Construction of Brgy. Parian to Brgy. Pagudpud to Brgy. San Vicente FMR, Brgy. Parian,",30000000,0.576,52060576.09,"[16.588319, 120.31577]","[16.583357, 120.31421]",2 - HB 10858 VOL IB.pdf,668
"Construction of Coastal Road to Bacuring to Tugun to Nabintad to Gapas, Brgy. Madaum FMR, Brgy. Madaum, Tagum City, Davao del Norte",55000000,1.065,51664623.82,"[7.3681, 125.7876]","[7.371, 125.7968]",2 - HB 10858 VOL IB.pdf,720
"Construction of Brgy. San Miguel - Brgy. Maca-anga FMR, Llorente, Eastern Samar",20000000,0.388,51512427.66,"[11.434555, 125.525684]","[11.433354, 125.522339]",2 - HB 10858 VOL IB.pdf,714
"Construction of Brgy. Amoguis to Dahat FMR, Brgy. Amoguis-Dahat, Lagonoy, Camarines Sur",40000000,0.796,50242350.32,"[13.70549583, 123.53631806]","[13.70790806, 123.54325694]",2 - HB 10858 VOL IB.pdf,704
"Construction of Brgy. 1 San Lorenzo FMR, Laoag City, Ilocos Norte",10000000,0.201,49858266.44,"[18.20349, 120.58051]","[18.20462, 120.58199]",2 - HB 10858 VOL IB.pdf,668
"Construction of Purok Fermina, Brgy. Ma-ao FMR, Brgy. Ma-ao,",50000000,1.011,49447619.77,"[10.492004, 122.989316]","[10.500521, 122.986075]",2 - HB 10858 VOL IB.pdf,710
"Concreting of Brgy. Malobago to Sitio Caodocan, Brgy. Tagharigue FMR, Brgy. Malobago and Brgy. Tagharigue, Calubian, Leyte",36000000,0.756,47593413.97,"[11.42055383, 124.41716895]","[11.42734286, 124.41760586]",2 - HB 10858 VOL IB.pdf,714
"Concreting of Brgy. Sta Ana FMR, Brgy. Sta Ana, Mabini, Batangas",5000000,0.106,47080088.38,"[13.746316, 120.926195]","[13.745853, 120.925335]",2 - HB 10858 VOL IB.pdf,696
"Construction of Brgy. Nungnungan II to Brgy. Nungnungan I FMR, Brgy. Nungnungan II to",27000000,0.574,47007078.34,"[16.892821, 121.736859]","[16.89764, 121.734915]",2 - HB 10858 VOL IB.pdf,676
"Construction of Brgy. Tilha-ong FMR, Brgy. Tilha-ong, Consolacion, Cebu",30000000,0.64,46847434.27,"[10.403111, 123.957431]","[10.40887, 123.95741]",2 - HB 10858 VOL IB.pdf,712
"Construction of Brgy. Bangco FMR, Brgy. Bangco, Cavinti, Laguna",30000000,0.642,46695898.35,"[14.24731, 121.478614]","[14.24337, 121.482974]",2 - HB 10858 VOL IB.pdf,692
"Construction of Sitio Bilwang, Brgy. Quipot FMR, Brgy. Quipot, San Juan, Batangas",30000000,0.648,46267088.15,"[13.758237, 121.376712]","[13.759451, 121.382584]",2 - HB 10858 VOL IB.pdf,692
"Construction of Purok 2 Brgy. Cayawan FMR Phase II, Brgy. Cayawan, Malimono, Surigao del Norte",15000000,0.325,46190127.95,"[9.604065, 125.410413]","[9.603611, 125.413339]",2 - HB 10858 VOL IB.pdf,726
"Construction of Sitio Samborio, Brgy. Buot FMR, Brgy. Buot, Cebu City, Cebu",15000000,0.326,46036087.25,"[10.347308, 123.808297]","[10.344588, 123.807189]",2 - HB 10858 VOL IB.pdf,712
"Opening and Concreting of Brgy. Nagtaluntong FMR at Sitio Hambuhang Aso, Brgy. Nagtaluntong, Lobo, Batangas",30000000,0.657,45695926.54,"[13.667875, 121.24495]","[13.665476, 121.250502]",2 - HB 10858 VOL IB.pdf,696
"Construction of Brgy. Tabango Dao FMR, Brgy. Tabango Dao, Batangas City",15000000,0.337,44523936.25,"[13.7045463, 121.0717217]","[13.7038825, 121.0686789]",2 - HB 10858 VOL IB.pdf,690
"Construction of Sitio Warang to Cagurusong, Brgy. San Miguel FMR, San Miguel,",25000000,0.563,44386863.28,"[13.6795, 124.405914]","[13.674453, 124.405472]",2 - HB 10858 VOL IB.pdf,704
"Construction of Sitio Capasigan, Brgy. Alimono FMR, Brgy. Alimono, Passi City, Iloilo",15000000,0.339,44235954.35,"[11.169715, 122.703152]","[11.166782, 122.702301]",2 - HB 10858 VOL IB.pdf,706
"Construction of Brgy. Margaay FMR, Brgy. Margaay, Vintar, Ilocos Norte",20000000,0.458,43687817.82,"[18.21813, 120.660285]","[18.2164669, 120.6563201]",2 - HB 10858 VOL IB.pdf,672
"Construction of Purok 5, Brgy. Balubal FMR, Cagayan de Oro City",15000000,0.345,43510083.3,"[8.469314, 124.777814]","[8.467071, 124.77565]",2 - HB 10858 VOL IB.pdf,718
"Concreting of Brgy. Isaub FMR, Brgy. Isaub, Aborlan, Palawan",45000000,1.037,43402650.14,"[9.4987465, 118.577452]","[9.4950295, 118.5861221]",2 - HB 10858 VOL IB.pdf,700
"Concreting of Brgy. Olango - Brgy. Pudpud FMR, Brgy. Olango and Brgy. Pudpud,",30750000,0.728,42265624.34,"[10.6959135, 122.153612]","[10.6974997, 122.160072]",2 - HB 10858 VOL IB.pdf,708
"Construction of Brgy. 25 Santa Cayetana FMR, Laoag City, Ilocos Norte",10000000,0.237,42227140.21,"[18.191183, 120.603758]","[18.189186, 120.602979]",2 - HB 10858 VOL IB.pdf,668
"Construction of Sitio Arado, Brgy. Poblacion FMR, Taytay, Palawan",30000000,0.732,41003920.96,"[10.80899, 119.4927032]","[10.8055645, 119.486984]",2 - HB 10858 VOL IB.pdf,700
"Concreting of Brgy. E. J. Dulay, Laoang - Brgy. Nagbobtac, Palapag FMR, (Phase II), Laoang and Palapag, Northern Samar",24000000,0.585,40998716.0,"[12.471541, 125.07665]","[12.468144, 125.080769]",2 - HB 10858 VOL IB.pdf,714
"Construction of Brgy. Soguilon FMR, Siayan, Zamboanga del Norte",15000000,0.372,40307741.27,"[8.254724, 123.122787]","[8.255442, 123.12609]",2 - HB 10858 VOL IB.pdf,716
"Construction of Sitio Pisaan, Brgy. Marsolo FMR, Brgy. Marsolo, Naga, Zamboanga Sibugay",15000000,0.381,39344420.22,"[7.8577292, 122.7201864]","[7.8544006, 122.7193564]",2 - HB 10858 VOL IB.pdf,717
"Construction of Siwata - Hinatigan to Eco Park, Brgy. Poblacion FMR, Brgy. Poblacion, Bacuag, Surigao del Norte",20000000,0.517,38715296.39,"[9.622083, 125.627053]","[9.618361, 125.624233]",2 - HB 10858 VOL IB.pdf,724
"Concreting of Brgy. Paradise FMR, Brgy. Paradise, Cabanglasan, Bukidnon",15000000,0.388,38694952.54,"[8.016099, 125.314019]","[8.019585, 125.313982]",2 - HB 10858 VOL IB.pdf,718
"Construction of Sitio Lukbu Brgy. Saimbangon FMR, Brgy. Saimbangon, Pata, Sulu",15000000,0.391,38386106.59,"[5.8477893, 121.1488604]","[5.844376, 121.149701]",2 - HB 10858 VOL IB.pdf,717
"Construction of Sitio Upper to Sitio Tay-ong, Brgy. Buot FMR, Brgy. Buot, Cebu City, Cebu",15000000,0.391,38358563.4,"[10.34935, 123.810407]","[10.351673, 123.807723]",2 - HB 10858 VOL IB.pdf,712
"Construction of Brgy. Miswa FMR, Brgy. Miswa, Infanta, Quezon",20000000,0.523,38266251.45,"[14.739545161925, 121.650137821178]","[14.7432072827559, 121.653184630645]",2 - HB 10858 VOL IB.pdf,692
"Construction of Brgy. Paya FMR, Brgy. Paya, Giporlos, Eastern Samar",30000000,0.789,38044946.05,"[11.119575, 125.483378]","[11.126178, 125.486014]",2 - HB 10858 VOL IB.pdf,712
"Construction of Brgy. Imelda to Brgy. Lico FMR, Brgy. Imelda and Brgy. Lico, Naval, Biliran",15000000,0.396,37900076.16,"[11.587819, 124.450083]","[11.588186, 124.446469]",2 - HB 10858 VOL IB.pdf,712
"Construction of Brgy. Baruk - Brgy. Caghalong - Brgy. Can-ilay FMR, Can-avid, Eastern Samar",50000000,1.319,37897299.59,"[12.006087, 125.366023]","[12.008986, 125.35426]",2 - HB 10858 VOL IB.pdf,716
"Concreting of Brgy. Bulacan FMR, Brgy. Bulacan, Mabini Batangas",5000000,0.133,37604423.43,"[13.746087, 120.94526]","[13.744892, 120.945304]",2 - HB 10858 VOL IB.pdf,696
"Concreting of Brgy. Sawang FMR, Brgy. Sawang, Lobo, Batangas",10000000,0.267,37443983.71,"[13.638536, 121.227528]","[13.638746, 121.225066]",2 - HB 10858 VOL IB.pdf,698
"Construction of Catalotoan FMR Phase II, Brgy. Catalotoan, Sagnay, Camarines Sur",30000000,0.807,37197601.67,"[13.544866, 123.456452]","[13.547692, 123.463323]",2 - HB 10858 VOL IB.pdf,702
"Concreting of Sitio Parad, Brgy. Fabrica - Brgy. San Ramon FMR (Phase 2),",15000000,0.405,37073372.01,"[12.8022384, 124.0980534]","[12.7991104, 124.0961471]",2 - HB 10858 VOL IB.pdf,706
"Concreting of Brgy. Bantugan - Brgy. Lidong, Brgy. Bantugan FMR, Presentacion, Camarines Sur",15000000,0.409,36677013.2,"[13.8003, 123.72038]","[13.796622, 123.72038]",2 - HB 10858 VOL IB.pdf,704
"Construction of Lower Balacbac, Brgy. Sto. Tomas Proper FMR Phase I, Brgy. Sto. Tomas Proper, Baguio City",15000000,0.413,36278818.45,"[16.379204, 120.587655]","[16.375602, 120.586693]",2 - HB 10858 VOL IB.pdf,672
"Construction of Brgy. Gegacjac FMR, Brgy. Gegacjac, Passi City, Iloilo",20000000,0.553,36195733.89,"[11.170406, 122.651409]","[11.166269, 122.648603]",2 - HB 10858 VOL IB.pdf,708
"Construction of Purok 1 Brgy. San Pedro FMR, Brgy. San Pedro, Alegria, Surigao del Norte",15000000,0.415,36133994.03,"[9.475822, 125.578272]","[9.474514, 125.581817]",2 - HB 10858 VOL IB.pdf,724
"Concreting of Brgy. Ilat North FMR, Brgy. Ilat North, San Pascual, Batangas",5000000,0.139,36083902.01,"[13.829886, 121.013092]","[13.830235, 121.01186]",2 - HB 10858 VOL IB.pdf,696
"Construction of Brgy. Banyaga FMR, Brgy. Banyaga, Agoncillo, Batangas",15000000,0.429,34939327.64,"[14.008938, 120.945515]","[14.006814, 120.942192]",2 - HB 10858 VOL IB.pdf,694
"Construction of Purok 9-D, Brgy. Alejal FMR, Brgy. Alejal, Carmen, Davao del Norte",15000000,0.429,34925693.88,"[7.392623, 125.642708]","[7.395748, 125.644997]",2 - HB 10858 VOL IB.pdf,720
"Concreting of Brgy. Tayuman - Brgy. San Miguel FMR, Brgy. Tayuman and Brgy. San Miguel, Lobo, Batangas",25000000,0.72,34726391.77,"[13.6706, 121.216661]","[13.664137, 121.217055]",2 - HB 10858 VOL IB.pdf,698
"Construction of Sitio Utoy, Estancia FMR, Piddig, Ilocos Norte",20000000,0.576,34713597.25,"[18.174647, 120.767718]","[18.179539, 120.769515]",2 - HB 10858 VOL IB.pdf,668
"Construction of Sitio Tamuad Brgy. Dampig FMR, Brgy. Dampig, Pagudpud, Ilocos Norte",20000000,0.577,34661366.96,"[18.5391827, 120.822812]","[18.544324, 120.8235538]",2 - HB 10858 VOL IB.pdf,670
"Construction of Sitio Carad, Brgy. Tubburan FMR, Brgy. Tubburan, Bacarra, Ilocos Norte",15000000,0.435,34511898.26,"[18.28463, 120.6254478]","[18.287494, 120.6282493]",2 - HB 10858 VOL IB.pdf,668
"Construction of Sitio Rango, Brgy. Tubburan FMR, Brgy. Tubburan, Bacarra, Ilocos Norte",15000000,0.436,34406264.76,"[18.284622, 120.625421]","[18.287494, 120.628232]",2 - HB 10858 VOL IB.pdf,666
"Concreting of Zone 5 - Immaculate Conception Shrine, Brgy. Sambulawan FMR, Brgy. Sambulawan, Laguindingan, Misamis Oriental",15000000,0.439,34132354.72,"[8.5909698, 124.41383]","[8.587976, 124.4164394]",2 - HB 10858 VOL IB.pdf,718
"Construction of Brgy. Cabaruan FMR, Brgy. Cabaruan, Madella, Quirino",25000000,0.734,34076154.24,"[16.292692, 121.738442]","[16.292057, 121.745284]",2 - HB 10858 VOL IB.pdf,676
"Construction of Brgy. Bigaan FMR, Brgy. Bigaan, Hinatuan, Surigao del Sur",15000000,0.44,34065571.3,"[8.312567, 126.278856]","[8.316292, 126.280214]",2 - HB 10858 VOL IB.pdf,724
"Construction of Brgy. 62-B Navotas South FMR, Laoag City, Ilocos Norte",5000000,0.147,33996915.03,"[18.222723, 120.565422]","[18.222802, 120.566812]",2 - HB 10858 VOL IB.pdf,670
"Construction of Brgy. Palao Ranaranao FMR, Brgy. Palao Ranaranao, Marantao, Lanao del Sur",30000000,0.884,33924371.45,"[7.9794478, 124.2239261]","[7.9827449, 124.2166181]",2 - HB 10858 VOL IB.pdf,718
"Construction of Sitio Nalbot, Brgy. Poblacion FMR, Taytay, Palawan",30000000,0.888,33765181.73,"[10.8040525, 119.4990989]","[10.80899, 119.4927032]",2 - HB 10858 VOL IB.pdf,700
"Construction of Brgy. Granada FMR, Brgy. Granada, Bacolod City, Negros Occidental",30000000,0.89,33714578.3,"[10.645944, 123.059127]","[10.643721, 123.051305]",2 - HB 10858 VOL IB.pdf,708
"Construction of Brgy. Lahi FMR, Brgy. Lahi, Gigaquit, Surigao del Norte",20000000,0.597,33509302.93,"[9.498886, 125.735903]","[9.502739, 125.739692]",2 - HB 10858 VOL IB.pdf,726
"Construction of Brgy. Alcadesma to Brgy. Rosacara FMR, Brgy. Alcadesma, Bansud, Oriental Mindoro",50000000,1.495,33439499.65,"[12.8451132, 121.45077952]","[12.83938115, 121.43830336]",2 - HB 10858 VOL IB.pdf,700
"Construction of Lower Englandad-Tagongtongao- Boneng FMR, Brgy. Paoay, Atok, Benguet",67000000,2.009,33349015.43,"[16.62856111, 120.75894722]","[16.6125122, 120.750286]",2 - HB 10858 VOL IB.pdf,672
"Construction of Brgy. Cagtinae FMR Phase II, Brgy. Cagtinae, Malimono, Surigao del Norte",20000000,0.601,33284403.81,"[9.633144, 125.399992]","[9.632717, 125.405456]",2 - HB 10858 VOL IB.pdf,726
"Construction of Sitio Sewahon 3, Brgy. VF Gustilo FMR, Brgy. VF Gustilo, Cadiz City, Negros Occidental",30000000,0.905,33160517.16,"[10.791224, 123.270924]","[10.783088, 123.270891]",2 - HB 10858 VOL IB.pdf,710
"Construction of FMR connecting Brgy. Dibuluan to Brgy. Namnama, Jones, Isabela",30000000,0.907,33060966.86,"[16.533764, 121.77471]","[16.541915, 121.774298]",2 - HB 10858 VOL IB.pdf,676
"Construction of P7 Brgy. Balligui FMR, Brgy. Balligui, Madella, Quirino",25000000,0.764,32728479.2,"[16.360708, 121.597453]","[16.357576, 121.591081]",2 - HB 10858 VOL IB.pdf,676
"Construction of Brgy. Bacuyong, Piñan – Brgy. Lingasad FMR, Polanco, Zamboanga del Norte",20000000,0.614,32564355.39,"[8.4975864, 123.420727]","[8.500354, 123.415894]",2 - HB 10858 VOL IB.pdf,718
"Construction of Kalingohan to Purok-3 Sitio Cambinliw Brgy. Santiago FMR Phase II, Brgy. Santiago, Loreto, Dinagat Islands",15000000,0.461,32520763.34,"[10.35053, 125.590248]","[10.352644, 125.593876]",2 - HB 10858 VOL IB.pdf,724
"Concreting of Brgy. Cogon FMR, Brgy. Cogon, Castilla, Sorsogon",30000000,0.93,32275314.21,"[12.896636, 123.829751]","[12.888429, 123.83138]",2 - HB 10858 VOL IB.pdf,704
"Construction of Brgy. Magangon, Polanco - Brgy. Del Pilar, Piñan FMR, Zamboanga del Norte",50000000,1.552,32214128.44,"[8.482883, 123.400367]","[8.47107, 123.407885]",2 - HB 10858 VOL IB.pdf,718
"Opening and Concreting of Sitio Hambulong Aso, Brgy. Nagtaluntong FMR Phase 2, Brgy. Nagtaluntong, Lobo, Batangas",30000000,0.935,32089766.45,"[13.665158, 121.250294]","[13.665359, 121.258944]",2 - HB 10858 VOL IB.pdf,696
"Construction of Brgy. Joaquin Macias FMR, Sindangan, Zamboanga del Norte",15000000,0.47,31922073.12,"[8.3304317, 123.0725255]","[8.3329268, 123.0690785]",2 - HB 10858 VOL IB.pdf,716
"Construction of Sitio Dayegdeg, Brgy. Lon-oy FMR, Brgy. Lon-oy, San Gabriel, La Union",15000000,0.473,31713904.81,"[16.690762, 120.50409]","[16.69485, 120.502863]",2 - HB 10858 VOL IB.pdf,666
"Concreting of Brgy. Cabasaran to Brgy. Bacayawan FMR going to Munai Road, Brgy. Cabasaran, Madalum, Lanao del Sur",30000000,0.955,31420810.65,"[7.97137, 124.0613883]","[7.9668756, 124.0540006]",2 - HB 10858 VOL IB.pdf,720
"Concreting of Brgy. Saclayan FMR, Brgy. Saclayan, Castilla, Sorsogon",25000000,0.803,31139916.06,"[12.883587, 123.821934]","[12.881585, 123.82905]",2 - HB 10858 VOL IB.pdf,704
"Construction of Brgy. Alibangsay FMR, Brgy. Alibangsay, Bagulin, La Union",15000000,0.483,31033462.27,"[16.607014, 120.505772]","[16.603856, 120.508889]",2 - HB 10858 VOL IB.pdf,666
"Construction of Brgy. Anibong FMR, Brgy. Anibong, Pagsanjan, Laguna",30000000,0.968,30993315.18,"[14.217207, 121.464671]","[14.208823, 121.467087]",2 - HB 10858 VOL IB.pdf,692
"Construction of Brgy. Banilad FMR, Banilad, Majayjay, Laguna",15000000,0.489,30690123.66,"[14.186077, 121.462316]","[14.188774, 121.465896]",2 - HB 10858 VOL IB.pdf,690
"Construction of Brgy. Banilad FMR, Brgy. Banilad, Magdalena, Laguna",30000000,0.979,30654409.67,"[14.184398, 121.459894]","[14.189932, 121.466953]",2 - HB 10858 VOL IB.pdf,692
"Construction of Sitio Diawe, Brgy. Sta. Victoria to Sitio San Juan, Brgy. Diodol FMR, Brgy. Sta. Victoria and Brgy. Diodol, Aglipay, Quirino",30000000,0.982,30536458.89,"[16.40925, 121.609054]","[16.408232, 121.599905]",2 - HB 10858 VOL IB.pdf,674
"Construction of Sitio Pandak, Brgy. Kalyaat FMR, Brgy. Kalyaat, Lucban, Quezon",15000000,0.5,29992613.34,"[14.148655, 121.529582]","[14.144234, 121.528729]",2 - HB 10858 VOL IB.pdf,692
"Construction of Brgy. Minapan - Brgy. Maybula FMR, Brgy. Minapan, Tulunan, Cotabato",30000000,1.002,29929982.08,"[6.8669197, 124.9028753]","[6.8759339, 124.9028475]",2 - HB 10858 VOL IB.pdf,722
"Construction of Brgy. Canculajao FMR, Brgy. Canculajao, Catanauan, Quezon",50000000,1.675,29859073.45,"[13.624378, 122.294788]","[13.630339, 122.309018]",2 - HB 10858 VOL IB.pdf,692
"Construction of Brgy. Silijagon-Sitio Pangudtan FMR, Brgy. Silijagon, Mapanas, Northern Samar",50000000,1.69,29589635.12,"[12.4502739, 125.2240883]","[12.4613173, 125.2133974]",2 - HB 10858 VOL IB.pdf,714
"Construction of Brgy. Canaway FMR (Phase 2), Brgy. Canaway, Malilipot, Albay",15000000,0.507,29589550.07,"[13.31452, 123.705523]","[13.310262, 123.703849]",2 - HB 10858 VOL IB.pdf,702
"Construction of Brgy. Maasin to Brgy. Valencia FMR, Brgy. Maasin and Brgy. Valencia,",15000000,0.509,29458880.95,"[14.049829, 121.63527]","[14.054059, 121.637078]",2 - HB 10858 VOL IB.pdf,692
"Concreting of Brgy. Mampaitan FMR, Brgy. Mampaitan, Mogpog, Marinduque",20000000,0.679,29453192.67,"[13.456585, 121.888736]","[13.455202, 121.894852]",2 - HB 10858 VOL IB.pdf,702
"Construction of Brgy. Sta. Maria to Baringkog Falls FMR, Sta. Maria, Baras, Catanduanes",50000000,1.711,29219034.26,"[13.660578, 124.348446]","[13.675944, 124.349317]",2 - HB 10858 VOL IB.pdf,704
"Construction of Brgy. Masin FMR, Brgy. Masin, Tayabas City, Quezon",15000000,0.515,29124878.21,"[14.049792, 121.635272]","[14.05407, 121.637102]",2 - HB 10858 VOL IB.pdf,690
"Construction of Brgy. Calubcub II FMR, Brgy. Calubcub II, San Juan, Batangas",35000000,1.207,29000141.04,"[13.725466, 121.407468]","[13.71805, 121.39931]",2 - HB 10858 VOL IB.pdf,692
"Construction of Brgy. Canabay - Brgy. Carolotan FMR, Brgy. Canabay and Brgy. Carolotan,",30000000,1.037,28923740.17,"[16.235352, 121.153376]","[16.230592, 121.145021]",2 - HB 10858 VOL IB.pdf,676
"Construction of Brgy. Cumba FMR, Brgy. Cumba, Batangas City, Batangas",10000000,0.346,28899790.91,"[13.693638, 121.1293028]","[13.6916422, 121.1268454]",2 - HB 10858 VOL IB.pdf,694
"Construction of Brgy. Banaba Cerca - Brgy. Banaba Lejos FMR, Brgy. Banaba Cerca to Brgy. Banaba Lejos, Indang, Cavite",30000000,1.052,28505369.84,"[14.2335262, 120.8425018]","[14.233749, 120.83274]",2 - HB 10858 VOL IB.pdf,690
"Construction of Sitio Anilao to Brgy. Dambo FMR, Brgy. Dambo, Pangil, Laguna",20000000,0.702,28499549.55,"[14.405743, 121.409858]","[14.410607, 121.41401]",2 - HB 10858 VOL IB.pdf,692
"Concreting of Brgy. Balibago FMR, Brgy. Balibago, Lobo, Batangas",5000000,0.177,28217613.68,"[13.617884, 121.312895]","[13.618423, 121.311352]",2 - HB 10858 VOL IB.pdf,698
"Concreting of Brgy. Orange - Brgy. Old Maguisa FMR, Brgy. San Ramon and Brgy. San Isidro, Donsol, Sorsogon",50000000,1.773,28196903.62,"[13.003399, 123.590148]","[13.004933, 123.573857]",2 - HB 10858 VOL IB.pdf,704
"Construction of Brgy. Baduang FMR, Brgy. Baduang, Pagudpud, Ilocos Norte",5000000,0.177,28182416.92,"[18.565321, 120.8073904]","[18.5666364, 120.8064378]",2 - HB 10858 VOL IB.pdf,670
"Construction of Brgy. Nabago FMR Phase 2, Brgy. Nabago, Surigao City, Surigao del Norte",15000000,0.532,28175806.12,"[9.746617, 125.568728]","[9.751394, 125.569053]",2 - HB 10858 VOL IB.pdf,722
"Construction of Brgy. Libnaoan-Brgy. Lagandit FMR, Brgy. Libnaoan and Brgy. Lagandit,",30000000,1.071,28012373.62,"[18.1748, 120.719072]","[18.184408, 120.718367]",2 - HB 10858 VOL IB.pdf,670
"Concreting of Brgy. Dalisay FMR, Brgy. Dalisay, Panabo City, Davao del Norte",10000000,0.358,27956342.92,"[7.343111, 125.5735]","[7.34626074, 125.57415918]",2 - HB 10858 VOL IB.pdf,720
"Construction of Brgy. Logucan FMR, Brgy. Logucan, Maria, Siquijor",15000000,0.538,27874299.49,"[9.163404, 123.643814]","[9.167842, 123.641859]",2 - HB 10858 VOL IB.pdf,710
"Construction of Sitio Kalubihan, Brgy. Talaptap FMR, Brgy. Talaptap, La Castellana,",15000000,0.538,27870617.43,"[10.292982, 122.991329]","[10.293561, 122.986445]",2 - HB 10858 VOL IB.pdf,710
"Construction of Brgy. Bongabong FMR, Brgy. Bongabong, Tangub City, Misamis Occidental",30000000,1.084,27663022.12,"[8.1203819, 123.7137502]","[8.119237, 123.7039666]",2 - HB 10858 VOL IB.pdf,718
"Construction of Sitio Riverside to Sitio Bungahan, Brgy. Libertad FMR, Bongabong, Oriental Mindoro",45000000,1.632,27575859.86,"[12.77893423, 121.43528041]","[12.76627535, 121.4276672]",2 - HB 10858 VOL IB.pdf,700
"Construction of Sitio Dalayap to Sitio Ibujan, Brgy. Disulap FMR, Brgy. Disulap, San Mariano, Isabela",30000000,1.089,27551597.07,"[16.96655, 122.107631]","[16.956788, 122.108437]",2 - HB 10858 VOL IB.pdf,674
"Construction of Brgy. Tarrag Hardin FMR, Brgy. Tarrag, Pagudpud, Ilocos Norte",20000000,0.726,27549912.54,"[18.543531, 120.789999]","[18.537048, 120.789186]",2 - HB 10858 VOL IB.pdf,670
"Construction of Brgy. Balud FMR, Brgy. Balud, San Fernando, Cebu",10000000,0.364,27466463.34,"[10.149484, 123.688627]","[10.152436, 123.687188]",2 - HB 10858 VOL IB.pdf,712
"Construction of Brgy. Buan FMR, Brgy. Buan, Asuncion, Davao del Norte",45000000,1.64,27432907.24,"[7.70398, 125.885439]","[7.704479, 125.900317]",2 - HB 10858 VOL IB.pdf,720
"Construction of Brgy. Genitligan FMR, Brgy. Genitligan, Baras, Catanduanes",25000000,0.92,27177437.01,"[13.728846, 124.376584]","[13.727539, 124.368175]",2 - HB 10858 VOL IB.pdf,704
"Concreting of Brgy. Telegrafo FMR, Brgy. Telegrafo, San Jose, Camarines Sur",15000000,0.553,27144941.14,"[13.679618, 123.545413]","[13.681834, 123.540835]",2 - HB 10858 VOL IB.pdf,704
"Construction of Brgy. Lamfugon to Sitio Tabayung FMR Phase II, Brgy. Lamfugon, Lake Sebu, South Cotabato",15000000,0.553,27142794.28,"[6.25754333, 124.66973333]","[6.25487762128611, 124.673953016086]",2 - HB 10858 VOL IB.pdf,722
"Construction of Brgy. Dianao FMR, Brgy. Dianao, Cauayan City, Isabela",22500000,0.842,26706261.33,"[16.843175, 121.856508]","[16.84669, 121.849495]",2 - HB 10858 VOL IB.pdf,676
"Construction of Brgy. Gusa FMR, Brgy. Gusa, Cagayan de Oro City",30000000,1.129,26566605.58,"[8.46180831, 124.6864142]","[8.452225, 124.68301667]",2 - HB 10858 VOL IB.pdf,718
"Construction of Brgy. Ogob - Brgy. Diaro FMR, Brgy. Ogob and Brgy. Diaro, Malinao, Albay",13200000,0.498,26530357.37,"[13.368074, 123.664726]","[13.371836, 123.667216]",2 - HB 10858 VOL IB.pdf,706
"Construction of Brgy. Agot FMR, Boac, Marinduque",15000000,0.569,26374548.45,"[13.449868, 121.861688]","[13.447727, 121.866464]",2 - HB 10858 VOL IB.pdf,698
"Construction of Brgy. Cabuyew FMR, Brgy. Cabuyew, Liliw, Laguna",15000000,0.57,26316215.34,"[14.167883, 121.415748]","[14.172895, 121.414639]",2 - HB 10858 VOL IB.pdf,690
"Construction of Sitio Sinabugan to Sitio Centro, Brgy. Tio-angan FMR, Brgy. Tio-angan, Bagulin, La Union",15000000,0.571,26273090.53,"[16.609478, 120.469497]","[16.604472, 120.468306]",2 - HB 10858 VOL IB.pdf,666
"Concreting of Brgy. Tigmarabo FMR, Brgy. Tigmarabo, Miagao, Iloilo",42000000,1.608,26123326.69,"[10.733106, 122.20995]","[10.719039, 122.206547]",2 - HB 10858 VOL IB.pdf,708
"Construction of Brgy. Tarrag FMR, Brgy. Tarrag, Pagudpud, Ilocos Norte",20000000,0.767,26064916.79,"[18.5450962, 120.783955]","[18.5434301, 120.7910182]",2 - HB 10858 VOL IB.pdf,670
"Construction of Brgy. Bago FMR, Brgy. Bago, Vintar, Ilocos Norte",18000000,0.692,25998328.13,"[18.346229, 120.7235979]","[18.342254, 120.728647]",2 - HB 10858 VOL IB.pdf,672
"Construction of Sitio Gatol - Sitio Agong, Brgy. San Roque FMR, Bulalacao, Oriental Mindoro",25000000,0.962,25994984.62,"[12.42171639, 121.3701617]","[12.41307, 121.369945]",2 - HB 10858 VOL IB.pdf,700
"Opening and Concreting of Brgy. Santa Veronica FMR, Brgy. Santa Veronica, San Pablo City, Laguna",15000000,0.578,25931426.49,"[14.047228, 121.290179]","[14.042122, 121.291205]",2 - HB 10858 VOL IB.pdf,698
"Construction of Brgy. Talusan FMR, Brgy. Talusan, Dumangas, Iloilo",3500000,0.135,25885586.17,"[10.8066, 122.7149]","[10.8054, 122.7147]",2 - HB 10858 VOL IB.pdf,708
"Concreting of Sitio Malambago, Brgy. Maluko FMR, Brgy. Maluko, Manolo Fortich, Bukidnon",10000000,0.391,25546244.34,"[8.36094, 124.961018]","[8.357427, 124.961248]",2 - HB 10858 VOL IB.pdf,720
"Construction of Alimang, Brgy. Poblacion FMR, Brgy. Poblacion, Sablan, Benguet",15000000,0.59,25443371.65,"[16.488837, 120.46936]","[16.48384, 120.467512]",2 - HB 10858 VOL IB.pdf,672
"Construction of Sitio Ocad, Brgy. Salngan FMR, Brgy. Salngan, Passi City, Iloilo",20000000,0.787,25405597.95,"[11.188913, 122.724226]","[11.193283, 122.729904]",2 - HB 10858 VOL IB.pdf,708
"Construction of Brgy. Calaguimit FMR, Brgy. Calaguimit, Oas, Albay",15000000,0.6,24994607.37,"[13.132956, 123.41526]","[13.137639, 123.418015]",2 - HB 10858 VOL IB.pdf,704
"Construction of Brgy. Don Luis to Brgy. Salaban FMR, Brgy. Don Luis, San Jose, Batangas",17000000,0.68,24993394.64,"[13.865467, 121.108407]","[13.871559, 121.108976]",2 - HB 10858 VOL IB.pdf,694
"Construction of Brgy. San Isidro FMR, Brgy. San Isidro, Talakag, Palawan",15000000,0.602,24929511.92,"[8.244978, 124.600002]","[8.249294, 124.6033]",2 - HB 10858 VOL IB.pdf,700
"Construction of Togbongan-Pajag Phase II FMR, Brgy. Himama-ug,",15000000,0.602,24911156.09,"[9.720503, 125.572657]","[9.718524, 125.577771]",2 - HB 10858 VOL IB.pdf,724
"Construction of Brgy. Doro FMR, Brgy. Doro, Malimono, Surigao del Norte",15000000,0.603,24885393.14,"[9.627353, 125.404342]","[9.6259, 125.409639]",2 - HB 10858 VOL IB.pdf,726
"Construction of Brgy. Cocok-Cabitan to Recto FMR, Bulan, Sorsogon",15000000,0.603,24861827.55,"[12.7489117, 123.8912754]","[12.744709, 123.8877568]",2 - HB 10858 VOL IB.pdf,704
"Construction of Brgy. San Isidro going to Sanitary Landfill FMR, Brgy. San Isidro, Mainit, Surigao del Norte",20000000,0.805,24845601.47,"[9.546683, 125.491722]","[9.553375, 125.494522]",2 - HB 10858 VOL IB.pdf,724
"Concreting of Brgy. Puniton - Brgy. Sto. Domingo FMR, Virac, Catanduanes",30000000,1.212,24756930.47,"[13.603709, 124.178587]","[13.592994, 124.180632]",2 - HB 10858 VOL IB.pdf,706
"Construction of Sitio Dalandan II, Brgy. A. Bonifacio FMR, Brgy. A. Bonifacio, Gloria, Oriental Mindoro",15000000,0.606,24756338.73,"[12.9747497, 121.4616329]","[12.969314, 121.461242]",2 - HB 10858 VOL IB.pdf,698
"Construction of Brgy. Sayawan to Brgy. Dumalaguing to Brgy. Guiheean FMR, Impasugong, Bukidnon",30000000,1.212,24750466.4,"[8.378634, 125.004479]","[8.378561, 125.015497]",2 - HB 10858 VOL IB.pdf,718
"Construction of Sitio Baccay-Sitio Umayam, Brgy. San Antonio FMR, Brgy. San Antonio, Cabagan, Isabela",30000000,1.213,24725045.58,"[17.379584, 121.683667]","[17.388935, 121.677774]",2 - HB 10858 VOL IB.pdf,674
"Construction of Brgy. Cabangila FMR, Brgy. Cabangila, Altavas, Aklan",15000000,0.608,24673029.27,"[11.524414, 122.52232]","[11.520715, 122.518211]",2 - HB 10858 VOL IB.pdf,706
"Construction of FMR at Sitio Dicabugue, Brgy. Dicamay 1, Jones, Isabela",30000000,1.219,24617068.79,"[16.609778, 121.91005]","[16.61401, 121.9206]",2 - HB 10858 VOL IB.pdf,678
"Concreting of Brgy. Bool-West FMR (Phase II), Brgy. Bool-West, Culaba, Biliran",15000000,0.61,24581001.89,"[11.67528, 124.51001]","[11.669947, 124.508688]",2 - HB 10858 VOL IB.pdf,714
"Opening and Concreting of Sitio Saimsim, Brgy. Soloc FMR, Brgy. Soloc, Lobo, Batangas",15000000,0.611,24543156.14,"[13.620664, 121.246811]","[13.622965, 121.251947]",2 - HB 10858 VOL IB.pdf,696
"Construction of Brgy. Gumot to Brgy. Bigbiga FMR, Brgy. Gumot and Brgy. Bigbiga, San Fabian, Pangasinan",15000000,0.612,24528041.85,"[16.19334229, 120.43696268]","[16.19777382, 120.44035439]",2 - HB 10858 VOL IB.pdf,666
"Concreting of Sitio Umarca, Brgy. Rizal FMR, Brgy. Rizal, Pontevedra, Capiz",20000000,0.82,24397199.98,"[11.424253, 122.832582]","[11.421292, 122.825694]",2 - HB 10858 VOL IB.pdf,708
"Construction of Baguio Animal Breeding Research Center (BABRC), Brgy. Dontogan FMR Phase II, Brgy. Dontogan, Baguio City",15000000,0.615,24377293.18,"[16.388314, 120.569185]","[16.384052, 120.565506]",2 - HB 10858 VOL IB.pdf,672
"Construction of Brgy. Binga to Sitio Maniuyom FMR, Brgy. Binga, Mainit, Surigao del Norte",20000000,0.821,24353892.68,"[9.57945, 125.495569]","[9.586825, 125.495967]",2 - HB 10858 VOL IB.pdf,724
"Construction of Sowe-Cabayo-Keninchingan FMR, Brgy. Poblacion, Atok, Benguet",77000000,3.163,24343058.43,"[16.583428, 120.675292]","[16.604467, 120.655314]",2 - HB 10858 VOL IB.pdf,672
"Concreting of Sitio Abang, Brgy. Buga FMR, Brgy. Buga, Igbaras, Iloilo",15000000,0.62,24210055.67,"[10.7464067, 122.2795994]","[10.741374, 122.2820335]",2 - HB 10858 VOL IB.pdf,708
"Construction of Brgy. South Poblacion to Brgy. Liong FMR, Brgy. South Poblacion,",20000000,0.828,24163647.16,"[9.093764, 124.781575]","[9.087931, 124.776892]",2 - HB 10858 VOL IB.pdf,718
"Concreting of Brgy. Kirayan Tacas - Brgy. Pungtod Naulid FMR, Brgy. Kirayan Tacas and Brgy. Pungtod, Naulid, Miagao, Iloilo",52000000,2.155,24131827.63,"[10.671728, 122.249011]","[10.652728, 122.245131]",2 - HB 10858 VOL IB.pdf,708
"Concreting of Sitio Siare, Brgy. Baybay FMR, Brgy. Baybay, Alubijid, Misamis Oriental",15000000,0.622,24118037.87,"[8.5762272, 124.4767081]","[8.5797956, 124.4810639]",2 - HB 10858 VOL IB.pdf,720
"Construction of Brgy. Taloto- Brgy. Panoypoy FMR, Brgy. Taloto & Brgy. Panoypoy,",15000000,0.622,24114852.75,"[13.078595, 123.639633]","[13.079434, 123.645311]",2 - HB 10858 VOL IB.pdf,704
"Construction of Brgy. Bigaa FMR, Legazpi City, Albay",15000000,0.625,24004194.06,"[13.192763, 123.753214]","[13.196694, 123.749089]",2 - HB 10858 VOL IB.pdf,704
"Concreting of Brgy. Anislagan to Brgy. Agas FMR, Brgy. Anislagan and Brgy. Agas, Calubian, Leyte",14000000,0.587,23831870.11,"[11.5169519, 124.3327619]","[11.5212978, 124.3358276]",2 - HB 10858 VOL IB.pdf,714
"Construction of Purok 9-B, Brgy. Alejal FMR, Brgy. Alejal, Carmen, Davao del Norte",30000000,1.265,23707303.59,"[7.38863, 125.65092]","[7.398854, 125.65596]",2 - HB 10858 VOL IB.pdf,720
"Opening and Concreting of Sitio Malabnig, Brgy. Balatbat FMR, Brgy. Balatbat, Lobo, Batangas",70000000,2.969,23573739.57,"[13.656022, 121.198108]","[13.675858, 121.179708]",2 - HB 10858 VOL IB.pdf,696
"Construction of Brgy. San Vicente-Brgy. Limbauan FMR, Brgy. San Vicente and Brgy. Limbauan, San Pablo, Isabela",30000000,1.274,23538818.95,"[17.47827, 121.872603]","[17.466905, 121.874161]",2 - HB 10858 VOL IB.pdf,674
"Construction of Sungkoy-Sumanga FMR, Brgy. Himama-ug, Taganaan, Surigao del Norte",20000000,0.852,23474868.05,"[9.713467, 125.563459]","[9.711684, 125.555899]",2 - HB 10858 VOL IB.pdf,724
"Concreting of Brgy. Bobongon FMR, Brgy. Bobongon, Santo Tomas, Davao del Norte",10000000,0.427,23397372.21,"[7.495597, 125.587812]","[7.492484, 125.585538]",2 - HB 10858 VOL IB.pdf,720
"Concreting of Brgy. Poblacion West - Brgy. Concepcion FMR, Rosario, La Union",15000000,0.641,23388086.84,"[16.21775, 120.46601]","[16.218127, 120.472004]",2 - HB 10858 VOL IB.pdf,672
"Concreting of Brgy. Cadumanian FMR, Brgy. Cadumanian, Rosario, La Union",15000000,0.641,23388086.84,"[16.21775, 120.46601]","[16.218127, 120.472004]",2 - HB 10858 VOL IB.pdf,672
"Concreting of Brgy. Olo-olo FMR, Brgy. Olo-olo, Lobo, Batangas",5000000,0.215,23268186.2,"[13.633123, 121.219726]","[13.631543, 121.220871]",2 - HB 10858 VOL IB.pdf,698
"Concreting of Brgy. Napurog FMR, Brgy. Napurog, Tudela, Misamis Occidental",15000000,0.646,23235273.04,"[8.241467, 123.837077]","[8.24169, 123.831215]",2 - HB 10858 VOL IB.pdf,720
"Concreting of Brgy. Isauan - Brgy. Ingay FMR, Brgy. Isauan and Brgy. Ingay, Tubungan, Iloilo",24000000,1.039,23102352.42,"[10.758446, 122.329991]","[10.749105, 122.329813]",2 - HB 10858 VOL IB.pdf,708
"Construction of Brgy. 54-A Lagui-Sail FMR, Laoag City, Ilocos Norte",20000000,0.866,23099051.12,"[18.1922461, 120.6455738]","[18.1944229, 120.6377042]",2 - HB 10858 VOL IB.pdf,670
"Concreting of Brgy. Iba FMR, Brgy. Iba, Silang, Cavite",30000000,1.3,23081565.7,"[14.2270896, 120.9778196]","[14.235907, 120.985736]",2 - HB 10858 VOL IB.pdf,690
"Construction of Brgy. San Isidro FMR, Brgy. San Isidro, San Lorenzo Ruiz, Camarines Norte",15000000,0.653,22958560.47,"[13.982463, 122.86938]","[13.977008, 122.86713]",2 - HB 10858 VOL IB.pdf,702
"Construction of Brgy. 29 FMR, Laoag City, Ilocos Norte",10000000,0.436,22935600.49,"[18.1855816, 120.6108059]","[18.1888046, 120.6131565]",2 - HB 10858 VOL IB.pdf,668
"Construction of Brgy. Narvaez FMR, Brgy. Narvaez, General Emilio Aguinaldo, Cavite",15000000,0.656,22865306.02,"[14.1518804, 120.8099554]","[14.1577529, 120.809372]",2 - HB 10858 VOL IB.pdf,690
"Concreting of Sitio Bayuco, Brgy. Taytay - Sitio Langhad, Brgy. Alameda FMR, Brgy. Taytay and Brgy. Alameda, Igbaras, Iloilo",15000000,0.656,22852477.44,"[10.761628, 122.280075]","[10.76521, 122.275299]",2 - HB 10858 VOL IB.pdf,708
"Construction of Brgy. Manga to Brgy. Bayabas FMR, Brgy. Manga and Brgy. Bayabas,",15000000,0.657,22816280.97,"[9.935025, 123.4904]","[9.9291191, 123.4901195]",2 - HB 10858 VOL IB.pdf,712
"Construction of Brgy. Bigao FMR, Brgy. Bigao, Daraga, Albay",15000000,0.658,22812734.33,"[13.0362425, 123.6773601]","[13.0303339, 123.6771187]",2 - HB 10858 VOL IB.pdf,704
"Concreting of Brgy. Soloc FMR, Brgy. Soloc, Lobo, Batangas",10000000,0.44,22732143.57,"[13.616522, 121.247371]","[13.619971, 121.249365]",2 - HB 10858 VOL IB.pdf,698
"Construction of Sitio Tagaytay, Brgy. Tulay FMR, Brgy. Tulay, Odiongan, Romblon",15000000,0.662,22653094.56,"[12.381605, 121.998713]","[12.386298, 121.99496]",2 - HB 10858 VOL IB.pdf,700
"Construction of Brgy. San Andres - Brgy. Sulpa FMR, Siruma, Camarines Sur",20000000,0.884,22636734.32,"[13.967592, 123.293536]","[13.963362, 123.286605]",2 - HB 10858 VOL IB.pdf,706
"Construction of Zone 6, Brgy. Panicuason FMR, Brgy. Panicuason, Naga City, Camarines Sur",15000000,0.663,22628252.15,"[13.665513, 123.326373]","[13.670107, 123.330283]",2 - HB 10858 VOL IB.pdf,704
"Construction of Brgy. San Antonio FMR, Brgy. San Antonio, Jones, Isabela",20000000,0.884,22621621.07,"[16.515342, 121.68765]","[16.518444, 121.695286]",2 - HB 10858 VOL IB.pdf,678
"Construction of Brgy. Buenlag FMR, Brgy. Buenlag, Mangatarem, Pangasinan",15000000,0.665,22561995.28,"[15.8047319, 120.2548345]","[15.8050199, 120.2610412]",2 - HB 10858 VOL IB.pdf,666
"Construction of Brgy. Nalunao FMR, Brgy. Nalunao, Lucban, Quezon",15000000,0.665,22553367.24,"[14.166919, 121.536937]","[14.172836, 121.536035]",2 - HB 10858 VOL IB.pdf,694
"Construction of Brgy. Canlandog FMR, Brgy. Canlandog, Murcia, Negros Occidental",15000000,0.666,22521883.29,"[10.600836, 123.130364]","[10.606339, 123.127958]",2 - HB 10858 VOL IB.pdf,710
"Construction of Sitio Sto. Niño, Brgy. Macalaya FMR, Brgy. Macalaya, Castilla, Sorsogon",15000000,0.667,22491691.57,"[12.8903185, 123.7799565]","[12.8863101, 123.7845333]",2 - HB 10858 VOL IB.pdf,702
"Construction of Sitio Pawikan - Sitio Upper Yunot, Brgy. Nasukob FMR, Bulalacao,",20000000,0.894,22366851.04,"[12.40854806, 121.3430906]","[12.416207, 121.340581]",2 - HB 10858 VOL IB.pdf,700
"Construction of Brgy. Tignapoloan FMR Phase II, Brgy. Tignapoloan, Cagayan de Oro City",30000000,1.346,22288023.0,"[8.23844722, 124.50956944]","[8.24222778, 124.49795]",2 - HB 10858 VOL IB.pdf,718
"Construction of Brgy. Sapa FMR, Brgy. Sapa, Claver, Surigao del Norte",15000000,0.673,22280523.27,"[9.536069, 125.73483]","[9.535614, 125.728708]",2 - HB 10858 VOL IB.pdf,724
"Concreting of Brgy. Tobrehon to Brgy. JMA FMR, San Miguel, Catanduanes Start : 13.729991°, 124.253440°",15000000,0.678,22139874.18,"[13.729991, 124.25344]","[13.729214, 124.247219]",2 - HB 10858 VOL IB.pdf,702
"Opening and Concreting of Sitio Balugbog, Brgy. Soloc FMR, Brgy. Soloc, Lobo, Batangas",15000000,0.678,22129381.95,"[13.618502, 121.247432]","[13.622797, 121.251883]",2 - HB 10858 VOL IB.pdf,696
"Construction of Brgy. Buenlag FMR, Calasiao, Pangasinan",20000000,0.907,22054526.3,"[15.976231, 120.378582]","[15.968479, 120.375947]",2 - HB 10858 VOL IB.pdf,668
"Construction of Brgy. Cabatanga to Agbalogo FMR, Brgy. Cabatanga and Brgy. Agbalogo, Makato, Aklan",30000000,1.362,22024748.21,"[11.705491, 122.28142]","[11.708235, 122.269228]",2 - HB 10858 VOL IB.pdf,706
"Opening and Concreting of Brgy. San Miguel - Brgy. Tayuman FMR, Brgy. San Miguel and Brgy. Tayuman, Lobo, Batangas",15000000,0.682,21990741.45,"[13.674305, 121.215213]","[13.668417, 121.216984]",2 - HB 10858 VOL IB.pdf,696
"Construction of Sitio Little Baguio to Avocado, Brgy. Conrazon FMR, Brgy. Conrazon, Bansud, Oriental Mindoro",30000000,1.37,21890628.12,"[12.87258988, 121.35680701]","[12.87354984, 121.36941109]",2 - HB 10858 VOL IB.pdf,700
"Construction of Brgy. Trapiche FMR, Tanauan, Batangas",10000000,0.457,21876347.69,"[14.090886, 121.135184]","[14.086984, 121.13385]",2 - HB 10858 VOL IB.pdf,692
"Construction of Purok 5 to Purok 6 Brgy. Wangke FMR, Brgy. Wangke, Claver, Surigao del Norte",20000000,0.916,21842039.24,"[9.545505, 125.750431]","[9.552953, 125.753993]",2 - HB 10858 VOL IB.pdf,724
"Concreting of Brgy. Bonliw FMR, Brgy. Bonliw, San Luis, Batangas",8000000,0.368,21750312.66,"[13.837329, 120.93375]","[13.839105, 120.930876]",2 - HB 10858 VOL IB.pdf,698
"Construction of Brgy. Manalo FMR, Brgy. Manalo, Puerto Princesa City, Palawan",15000000,0.691,21696288.07,"[9.9655317, 118.8277864]","[9.9637237, 118.8217464]",2 - HB 10858 VOL IB.pdf,700
"Construction of P-6 Brgy. San Francisco FMR, Brgy. San Francisco, Mainit, Surigao del Norte",15000000,0.693,21659126.83,"[9.531617, 125.471966]","[9.531485, 125.47828]",2 - HB 10858 VOL IB.pdf,724
"Concreting of Sitio Carina, Brgy. Sta.Monica FMR, Brgy. Sta. Monica, Oton, Iloilo",30000000,1.386,21645863.38,"[10.7492583, 122.4497837]","[10.7460146, 122.4375342]",2 - HB 10858 VOL IB.pdf,708
"Concreting of Brgy. Tuyo - Brgy. Wilson - Brgy. Ormocay FMR, Brgy. Tuyo, MacArthur",15000000,0.694,21599634.34,"[10.849228, 124.992942]","[10.847781, 124.986756]",2 - HB 10858 VOL IB.pdf,714
"Construction of Brgy. Codcod FMR, Brgy. Codcod, San Carlos City, Negros Occidental",15000000,0.696,21549096.43,"[10.478914, 123.18752]","[10.483222, 123.192139]",2 - HB 10858 VOL IB.pdf,710
"Concreting of Brgy. San Pablo FMR, Brgy. San Pablo, Bauan, Batangas",5000000,0.233,21501014.16,"[13.806201, 120.917735]","[13.805411, 120.915741]",2 - HB 10858 VOL IB.pdf,696
"Concreting of Brgy. Burabod FMR, Brgy. Burabod, Biliran, Biliran",15000000,0.698,21496178.98,"[11.480453, 124.467022]","[11.4867, 124.467631]",2 - HB 10858 VOL IB.pdf,714
"Construction of Sitio Arayat Brgy. Matin-ao, Mainit FMR, Brgy. Matin-ao, Mainit, Surigao del Norte",40000000,1.863,21474270.56,"[9.547233, 125.483256]","[9.5304816, 125.4831754]",2 - HB 10858 VOL IB.pdf,724
"Construction of Brgy. Maligaya to Baculod FMR, Brgy. Maligaya, Cauayan City, Isabela",30000000,1.4,21426056.58,"[16.853828, 121.894716]","[16.86398, 121.886932]",2 - HB 10858 VOL IB.pdf,676
"Concreting of Sitio Bungol, Brgy. Tacay FMR, Brgy. Tacay, Buenavista, Guimaras",15000000,0.702,21380315.91,"[10.456205, 122.62185667]","[10.45826333, 122.61579167]",2 - HB 10858 VOL IB.pdf,706
"Concreting of Brgy. Inang FMR, Brgy. Inang, Pilar, Sorsogon",20000000,0.936,21362902.21,"[12.977569, 123.739425]","[12.969518, 123.736897]",2 - HB 10858 VOL IB.pdf,704
"Concreting of Brgy. Alimodias FMR, Brgy. Alimodias, Miag-ao, Iloilo",30000000,1.409,21294485.74,"[10.695031, 122.146544]","[10.701519, 122.135469]",2 - HB 10858 VOL IB.pdf,708
"Concreting of Sitio Bulawan, Brgy. Buyusan FMR, Brgy. Buyusan, San Mariano, Isabela",20000000,0.939,21291457.49,"[16.810982, 122.063277]","[16.808174, 122.0716]",2 - HB 10858 VOL IB.pdf,678
"Concreting of Brgy. San Jose FMR, Brgy. San Jose, Tiaong, Quezon",10000000,0.471,21212388.56,"[13.9125106, 121.3383644]","[13.9158429, 121.3356641]",2 - HB 10858 VOL IB.pdf,698
"Construction of Purok 1, Brgy. Purakan FMR, Brgy. Purakan, Linamon, Lanao del Norte",15000000,0.707,21208549.24,"[8.1582933, 124.1625238]","[8.1646534, 124.1624473]",2 - HB 10858 VOL IB.pdf,718
"Construction of Brgy. Papandungin to Brgy. Malayong FMR, Gloria, Oriental Mindoro",15000000,0.708,21186471.85,"[12.93983, 121.437812]","[12.934458, 121.434305]",2 - HB 10858 VOL IB.pdf,700
"Construction of San Miguel to Sta. Rita FMR, Brgy. San Miguel to Brgy. Sta. Rita,",8250000,0.39,21173373.12,"[15.5878167, 120.8245117]","[15.5912933, 120.8249667]",2 - HB 10858 VOL IB.pdf,688
"Construction of Purok Maabi-abihon - Purok Mabinuligon Brgy. Bagontapay FMR, Brgy. Bagontapay,",10000000,0.473,21138100.16,"[7.08394, 124.88063333]","[7.08487833, 124.87645167]",2 - HB 10858 VOL IB.pdf,722
"Construction of Brgy. Macalong (Cell Site) FMR, Brgy. Macalong, Kasibu, Nueva Vizcaya",15000000,0.71,21135845.53,"[16.344202, 121.228579]","[16.341474, 121.222566]",2 - HB 10858 VOL IB.pdf,674
"Concreting of Brgy. Pongon - Brgy. Villa Imelda FMR, Brgy. Pongon and Brgy. Villa Imelda,",15000000,0.711,21082245.89,"[10.793614, 124.985081]","[10.7949, 124.9787]",2 - HB 10858 VOL IB.pdf,714
"Concreting of Brgy. Bacong - Brgy. Bongol San Miguel FMR, Brgy. Bacong and",21000000,0.997,21055809.01,"[10.7125534, 122.299141]","[10.7214461, 122.29795]",2 - HB 10858 VOL IB.pdf,708
"Construction of Brgy. Mancup - Brgy. Talibaew FMR, Brgy. Mancup and Brgy. Talibaew, Calasiao, Pangasinan",15000000,0.714,21015704.1,"[15.9986554, 120.3658005]","[16.0038769, 120.3696844]",2 - HB 10858 VOL IB.pdf,666
"Construction of Brgy. Capagao FMR, Brgy. Capagao, Panitan, Capiz",15000000,0.715,20970289.08,"[11.43522, 122.734429]","[11.438903, 122.73981]",2 - HB 10858 VOL IB.pdf,706
"Construction of Sitio Cabaruan Road FMR, Nagsanga, Pasuquin, Ilocos Norte",15000000,0.717,20932428.61,"[18.347217, 120.618627]","[18.34144, 120.615618]",2 - HB 10858 VOL IB.pdf,670
"Construction of Brgy. Agos to Brgy. Cotnogan FMR, Brgy. Agos, Polangui, Albay",20000000,0.958,20886388.54,"[13.332093, 123.411588]","[13.338578, 123.417411]",2 - HB 10858 VOL IB.pdf,704
"Construction of Brgy. Lingaling FMR, Brgy. Lingaling, Santa Maria, Isabela",25000000,1.199,20844843.45,"[17.480239, 121.750641]","[17.490536, 121.747275]",2 - HB 10858 VOL IB.pdf,674
"Construction of Sitio Cagga, Brgy. Tagumpay FMR, Brgy. Tagumpay, Real, Quezon",30000000,1.442,20807010.39,"[14.605767, 121.585617]","[14.592816, 121.58496]",2 - HB 10858 VOL IB.pdf,692
"Concreting of Brgy. San Nicolas FMR, Brgy. San Nicolas, Lobo, Batangas",10000000,0.481,20780451.38,"[13.69196, 121.331141]","[13.696282, 121.330912]",2 - HB 10858 VOL IB.pdf,698
"Construction of Brgy. Antagan to Brgy. Poblacion FMR, Brgy. Antagan, San Pablo, Isabela",30000000,1.445,20768359.16,"[17.444394, 121.814938]","[17.450561, 121.802953]",2 - HB 10858 VOL IB.pdf,674
"Construction of Sitio Water Lily, Brgy. Maraykit FMR, Brgy. Maraykit, San Juan, Batangas",15000000,0.722,20768149.24,"[13.836166, 121.384413]","[13.834279, 121.390814]",2 - HB 10858 VOL IB.pdf,694
"Construction of Brgy. Ramos West FMR, San Isidro, Isabela",15000000,0.722,20763370.87,"[16.731051, 121.598426]","[16.737423, 121.597102]",2 - HB 10858 VOL IB.pdf,676
"Construction of Brgy. Sudlon I FMR, Brgy. Sudlon I, Cebu City, Cebu",15000000,0.722,20761276.84,"[10.36041483, 123.78183228]","[10.3652397, 123.7774082]",2 - HB 10858 VOL IB.pdf,712
"Concreting of Sitio Maragaas, Brgy. Olandia - Brgy. Fabrica FMR, Brgy. Olandia and Brgy. Fabrica, Barcelona, Sorsogon",15000000,0.727,20631496.64,"[12.8253644, 124.1193149]","[12.8318037, 124.1204783]",2 - HB 10858 VOL IB.pdf,706
"Construction of Brgy. Malating FMR, Ramon Magsaysay, Zamboanga del Sur",15000000,0.727,20630856.9,"[8.022466, 123.431322]","[8.017928, 123.426568]",2 - HB 10858 VOL IB.pdf,717
"Construction of Caparispisan FMR, Brgy. Caparispisan, Pagudpud, Ilocos Norte",10000000,0.485,20628370.93,"[18.607422, 120.802812]","[18.604668, 120.806378]",2 - HB 10858 VOL IB.pdf,670
"Concreting of Brgy. Mayon FMR, Brgy. Mayon, Castilla, Sorsogon",15000000,0.729,20577992.32,"[12.962824, 123.791439]","[12.957368, 123.78771]",2 - HB 10858 VOL IB.pdf,704
"Construction of Brgy. Bulata FMR, Brgy. Bulata, Cauayan, Negros Occidental",15000000,0.731,20517992.19,"[9.83759, 122.409569]","[9.83744, 122.41624]",2 - HB 10858 VOL IB.pdf,710
"Construction of Brgy. Kipit FMR Phase II, Brgy. Kipit, Labason, Zamboanga del Norte",15000000,0.733,20465953.18,"[8.064971, 122.493098]","[8.06825, 122.487323]",2 - HB 10858 VOL IB.pdf,717
"Construction of Cabaywa-Cabuntoran-Malaguinara FMR, Brgy. Zone 3, San Roque, Northern Samar",15000000,0.736,20378564.93,"[12.526203, 124.874181]","[12.520047, 124.871688]",2 - HB 10858 VOL IB.pdf,714
"Construction of Sitio Ragpas to Purok 3, Brgy. San Jose FMR, Brgy. San Jose,",50000000,2.457,20346262.3,"[14.033806, 122.959506]","[14.055325, 122.954315]",2 - HB 10858 VOL IB.pdf,704
"Construction of Sitio Americana-San Francisco Norte FMR, San Guillermo, Isabela",30000000,1.475,20342620.12,"[16.740075, 121.904696]","[16.727132, 121.907718]",2 - HB 10858 VOL IB.pdf,674
"Construction of Brgy. San Isidro to Brgy. San Juan FMR, Brgy. San Isidro,",30000000,1.481,20250775.98,"[12.600676, 124.372066]","[12.613091, 124.377019]",2 - HB 10858 VOL IB.pdf,714
"Construction of Brgy. San Roque FMR, Brgy. San Roque, Marabut, Samar",15000000,0.742,20228262.51,"[11.262333, 125.171944]","[11.261528, 125.178694]",2 - HB 10858 VOL IB.pdf,714
"Construction of Pamalian FMR, Brgy. Pila, Laoag City, Ilocos Norte",10000000,0.497,20139486.93,"[18.2133901, 120.5865208]","[18.2153346, 120.5907527]",2 - HB 10858 VOL IB.pdf,668
"Concreting of Sitio Caragmayan - Sitio Baje, Brgy. Buga FMR, Brgy. Buga, Igbaras, Iloilo",24000000,1.193,20116181.9,"[10.741924, 122.276314]","[10.73712, 122.286079]",2 - HB 10858 VOL IB.pdf,708
"Construction of Brgy. Delabayan West FMR, Brgy. Delabayan West, Bacolod, Lanao del Norte",15000000,0.747,20067295.14,"[8.103651, 124.058169]","[8.109936, 124.05576]",2 - HB 10858 VOL IB.pdf,718
"Construction of Brgy. Odiong FMR, Brgy. Odiong, Roxas, Oriental Mindoro",15000000,0.748,20047888.92,"[12.603662, 121.496472]","[12.610385, 121.496186]",2 - HB 10858 VOL IB.pdf,698
"Construction of Calog Norte FMR, Brgy. Calog Norte, Abulug, Cagayan",15000000,0.748,20042304.93,"[18.3594, 121.37858]","[18.36343, 121.3729]",2 - HB 10858 VOL IB.pdf,674
"Construction of Sitio Ibon, Brgy. Carmundo FMR to Sitio Centro Brgy. Tawas,",34500000,1.722,20030014.73,"[12.72589, 121.40896]","[12.733765, 121.395285]",2 - HB 10858 VOL IB.pdf,700
"Construction of Balagubag, Brgy. Magsidel FMR, Brgy. Magsidel, Calayan, Cagayan",15000000,0.751,19971979.98,"[19.268753, 121.459754]","[19.274955, 121.462588]",2 - HB 10858 VOL IB.pdf,674
"Construction of Brgy. Gueteb FMR, Brgy. Gueteb, Urbiztondo, Pangasinan",15000000,0.755,19866628.43,"[15.846369, 120.353982]","[15.846547, 120.346926]",2 - HB 10858 VOL IB.pdf,666
"Construction of Brgy. Namoroc FMR, Brgy. Namoroc, Vintar, Ilocos Norte",10000000,0.504,19830910.13,"[18.214498, 120.702858]","[18.213574, 120.707532]",2 - HB 10858 VOL IB.pdf,672
"Concreting of Brgy. Talaibon FMR, Brgy. Talaibon, Ibaan, Batangas",15000000,0.758,19789878.94,"[13.8360283, 121.1418832]","[13.8350853, 121.1488359]",2 - HB 10858 VOL IB.pdf,694
"Concreting of Brgy. Bugtong - Brgy. Bayo FMR, Brgy. Bugtong and Brgy. Bayo, Calbayog City, Samar",10000000,0.506,19765755.82,"[12.264501, 124.3928]","[12.2677, 124.396111]",2 - HB 10858 VOL IB.pdf,714
"Concreting of Brgy. Suchan to Brgy. Quigaray FMR, Brgy. Suchan and Brgy. Quigaray, Bagamanoc, Catanduanes",15000000,0.759,19753667.54,"[13.9585161, 124.314259]","[13.9549941, 124.3202877]",2 - HB 10858 VOL IB.pdf,702
"Construction of Brgy. Talahiban 1 FMR, Brgy. Talahiban 1, San Juan, Batangas",15000000,0.76,19727617.01,"[13.805308, 121.385392]","[13.7992587, 121.382109]",2 - HB 10858 VOL IB.pdf,694
"Construction of Brgy. Mahayahay FMR, Brgy. Mahayahay, Kumalarang, Zamboanga del Sur",30000000,1.525,19668293.62,"[7.799318, 123.119036]","[7.803895, 123.105984]",2 - HB 10858 VOL IB.pdf,717
"Concreting of Brgy. Boboy FMR, Brgy. Boboy, San Luis, Batangas",10000000,0.509,19661052.79,"[13.816605, 120.93659]","[13.821154, 120.936097]",2 - HB 10858 VOL IB.pdf,696
"Construction of Sitio Pidpid to Sitio Kaburihan, Brgy. San Agustin FMR, Brgy. San Agustin,",15000000,0.764,19643296.49,"[10.201395, 123.053262]","[10.194674, 123.051829]",2 - HB 10858 VOL IB.pdf,710
"Construction of Brgy. Sta. Cruz FMR, Brgy. Sta. Cruz, Maigo, Lanao del Norte",20000000,1.019,19623554.13,"[8.1492303, 123.9752224]","[8.1412031, 123.9796918]",2 - HB 10858 VOL IB.pdf,718
"Construction of Purok 6 to Aurelio Street, Brgy. Dontogan FMR, Brgy. Dontogan, Baguio City",12000000,0.612,19622554.67,"[16.374312, 120.569167]","[16.375009, 120.574853]",2 - HB 10858 VOL IB.pdf,672
"Concreting of Sitio Bugkong, Brgy. Bugtong na Tuog FMR, Brgy. Bugtong na Tuog, Socorro, Oriental Mindoro",15000000,0.768,19528860.29,"[13.064956, 121.279594]","[13.065006, 121.272503]",2 - HB 10858 VOL IB.pdf,700
"Construction of Brgy. Bendita 2 - Bulbok FMR, Magallanes, Cavite",25000000,1.281,19520925.49,"[14.164779, 120.748814]","[14.17533, 120.753577]",2 - HB 10858 VOL IB.pdf,692
"Concreting of Brgy. Kimamon FMR, Brgy. Kimamon, Santo Tomas, Davao del Norte",10000000,0.513,19502592.9,"[7.550995, 125.695686]","[7.549858, 125.700194]",2 - HB 10858 VOL IB.pdf,720
"Construction of Brgy. Ramos West-Ramos East FMR, San Isidro, Isabela",30000000,1.543,19444726.44,"[16.728866, 121.600665]","[16.71591, 121.60585]",2 - HB 10858 VOL IB.pdf,676
"Construction of Brgy. Matamis FMR, Brgy. Matamis, Rosario, Batangas",15000000,0.775,19351332.57,"[13.728211, 121.338076]","[13.734717, 121.340653]",2 - HB 10858 VOL IB.pdf,694
"Concreting of Sitio Takutan, Brgy. Dalusag FMR, Brgy. Dalusag, General Emilio Aguinaldo, Cavite",10000000,0.519,19269774.24,"[14.189115, 120.780513]","[14.193782, 120.780513]",2 - HB 10858 VOL IB.pdf,698
"Concreting of Brgy. Tumbaga 2 - Brgy. Canda FMR, Brgy. Tumbaga 2 and Brgy. Canda,",10000000,0.519,19261841.71,"[13.924143, 121.517826]","[13.920543, 121.514763]",2 - HB 10858 VOL IB.pdf,698
"Construction of Brgy. Azagra to Brgy. San Miguel FMR, Brgy. Azagra and Brgy. San Miguel,",15000000,0.781,19216680.34,"[9.456509, 123.139311]","[9.458521, 123.146129]",2 - HB 10858 VOL IB.pdf,710
"Construction of Brgy. Bug-ang FMR, Brgy. Bug-ang, Toboso, Negros Occidental",15000000,0.781,19209369.27,"[10.739641, 123.364871]","[10.746228, 123.367349]",2 - HB 10858 VOL IB.pdf,708
"Construction of Brgy. Libato FMR, Brgy. Libato, San Juan, Batangas",15000000,0.782,19185798.06,"[13.79088, 121.34904]","[13.79043, 121.341815]",2 - HB 10858 VOL IB.pdf,690
"Construction of Purok 3, Brgy. Calican FMR, Brgy. Calican, Piñan, Zamboanga del Norte",50000000,2.613,19138316.43,"[8.433659, 123.418848]","[8.447979, 123.400017]",2 - HB 10858 VOL IB.pdf,717
"Construction of Sitio Nangka Plain, Brgy. La Paz FMR, Brgy. La Paz, Zamboanga City",15000000,0.784,19125045.31,"[7.016982, 122.002851]","[7.010521, 122.005702]",2 - HB 10858 VOL IB.pdf,716
"Concreting of Brgy. Lon-oy - Brgy. Bayabas FMR, San Gabriel, La Union",25000000,1.31,19082080.42,"[16.689822, 120.50838]","[16.678892, 120.512973]",2 - HB 10858 VOL IB.pdf,672
"Concreting of Sitio Pasong, Brgy. Jovellar - Sitio Capayan, Brgy. Calampitao FMR, Brgy. Jovellar and Brgy. Calampitao, Igbaras, Iloilo",25500000,1.338,19052536.64,"[10.698781, 122.283035]","[10.690921, 122.273758]",2 - HB 10858 VOL IB.pdf,708
"Construction of Brgy. Tarabucan to Brgy. Jacinto FMR, Brgy. Tarabucan and",50000000,2.625,19051069.71,"[12.23096, 124.587362]","[12.24382, 124.607614]",2 - HB 10858 VOL IB.pdf,714
"Construction of Brgy. Mabini to Pelaez FMR, Brgy. Mabini, Sta. Monica, Surigao del Norte",15000000,0.788,19035413.29,"[9.955475, 126.05394]","[9.9603033, 126.0486733]",2 - HB 10858 VOL IB.pdf,722
"Construction of Brgy. Tampac FMR, Brgy. Tampac, Aguilar, Pangasinan",5000000,0.264,18952327.6,"[15.871248, 120.253461]","[15.868945, 120.254054]",2 - HB 10858 VOL IB.pdf,668
"Construction of Brgy. Kulapi FMR, Brgy. Kulapi, Lucban, Quezon",15000000,0.792,18928378.19,"[14.119529, 121.573998]","[14.114317, 121.568986]",2 - HB 10858 VOL IB.pdf,692
"Construction of Purok Bucana, Brgy. Manalo FMR, Brgy. Manalo FMR, Puerto Princesa, Palawan",20000000,1.057,18916722.01,"[9.958372, 118.824218]","[9.948884, 118.823589]",2 - HB 10858 VOL IB.pdf,700
"Construction of Brgy. Malabrigo FMR, Brgy. Malabrigo, Lobo, Batangas",30000000,1.589,18880238.0,"[13.598452, 121.264498]","[13.597807, 121.279185]",2 - HB 10858 VOL IB.pdf,692
"Construction of Sitio Cagurungan, Brgy. Eden FMR, Brgy. Eden, San Manuel, Isabela",25200000,1.338,18838861.91,"[17.028511, 121.579786]","[17.036004, 121.569943]",2 - HB 10858 VOL IB.pdf,678
"Construction of Alianza to San Joaquin FMR, Brgy. Alianza, San Fernando, Camarines Sur",15000000,0.798,18798589.62,"[13.54822, 123.106349]","[13.546472, 123.113508]",2 - HB 10858 VOL IB.pdf,702
"Construction of Brgy. Camalandaan FMR, Brgy. Camalandaan, Cauayan, Negros Occidental",30000000,1.599,18760832.24,"[9.899892, 122.512111]","[9.8937449, 122.4989138]",2 - HB 10858 VOL IB.pdf,710
"Concreting of Brgy. Bambanaba FMR, Brgy. Bambanaba, Cuyapo, Nueva Ecija",8100000,0.432,18760047.69,"[15.7494433, 120.7163717]","[15.752445, 120.718931]",2 - HB 10858 VOL IB.pdf,688
"Concreting of Brgy. Pook ni Banal FMR, Brgy. Pook ni Banal, San Pascual, Batangas",5000000,0.268,18684776.52,"[13.827757, 121.04159]","[13.830142, 121.041921]",2 - HB 10858 VOL IB.pdf,696
"Construction of Brgy. Anduyan FMR, Brgy. Anduyan, Tubao, La Union",15000000,0.803,18673547.28,"[16.35274, 120.438349]","[16.347992, 120.444023]",2 - HB 10858 VOL IB.pdf,668
"Construction of Brgy. Asia FMR, Brgy. Asia, Hinoba-an, Negros Occidental",15000000,0.805,18629768.85,"[9.552997, 122.535787]","[9.558712, 122.540296]",2 - HB 10858 VOL IB.pdf,710
"Construction of Brgy. Sto. Niño FMR, Brgy. Sto. Niño, San Agustin, Isabela",45000000,2.428,18537462.26,"[16.45111, 121.786129]","[16.446693, 121.808421]",2 - HB 10858 VOL IB.pdf,678
"Construction of Brgy. San Miguel to Brgy. Caliclic FMR, Brgy. San Miguel,",50000000,2.707,18468073.36,"[7.109791, 125.674548]","[7.090645, 125.689706]",2 - HB 10858 VOL IB.pdf,720
"Construction of Brgy. Maindang FMR, Brgy. Maindang, Cuartero, Capiz",15000000,0.815,18414902.46,"[11.320115, 122.728942]","[11.3214, 122.721587]",2 - HB 10858 VOL IB.pdf,706
"Concreting of Brgy. Sindaton FMR, Brgy. Sindaton, Panabo City, Davao del Norte",10000000,0.544,18383362.58,"[7.443475, 125.585484]","[7.447554, 125.58820766]",2 - HB 10858 VOL IB.pdf,720
"Concreting of Sitio Narra - Purok Marangig, Brgy. New Albay FMR, Brgy. New Albay, Maragusan, Davao de Oro",30000000,1.637,18321187.43,"[7.341814, 126.169335]","[7.327441, 126.166104]",2 - HB 10858 VOL IB.pdf,720
"Construction of Camangaan - Rioeng FMR, Laoag City, Ilocos Norte",20000000,1.096,18249882.9,"[18.1793002, 120.6120986]","[18.1736666, 120.6206101]",2 - HB 10858 VOL IB.pdf,668
"Concreting of Sitio Malitlit, Brgy. Jaybanga FMR, Brgy. Jaybanga, Lobo, Batangas",5000000,0.274,18215760.89,"[13.687106, 121.293264]","[13.688334, 121.29106]",2 - HB 10858 VOL IB.pdf,698
"Construction of Purok Norte to Purok Ipil, Brgy. Bato FMR, Brgy. Bato, Taytay, Palawan",15000000,0.825,18176529.45,"[10.7129944, 119.4859893]","[10.7192829, 119.481978]",2 - HB 10858 VOL IB.pdf,698
"Concreting of Brgy. San Isidro - Brgy. Salvacion FMR, Brgy. Salvacion,",18000000,0.993,18134549.03,"[12.649352, 124.088226]","[12.657673, 124.091538]",2 - HB 10858 VOL IB.pdf,706
"Construction of Salvador-Divisoria FMR, Brgy. Salvador-Divisoria, Santiago City, Isabela",50400000,2.78,18130761.01,"[16.708206, 121.59477]","[16.731176, 121.584468]",2 - HB 10858 VOL IB.pdf,676
"Construction of Brgy. Catwiran I FMR, Brgy. Catwiran I, Baco, Oriental Mindoro",15000000,0.828,18124141.57,"[13.37894556, 121.1131869]","[13.375794, 121.106256]",2 - HB 10858 VOL IB.pdf,698
"Construction of Brgy. Dipilat FMR, Brgy. Dipilat, Vintar, Ilocos Norte",15000000,0.828,18121825.54,"[18.2586276, 120.7164027]","[18.2630759, 120.7226879]",2 - HB 10858 VOL IB.pdf,670
"Construction of Brgy. Osmeña FMR, Brgy. Osmeña, Lope de Vega, Northern Samar",15000000,0.828,18117121.43,"[12.277189, 124.626822]","[12.2699, 124.628378]",2 - HB 10858 VOL IB.pdf,714
"Construction of Brgy. Kanlurang Katigan FMR, Brgy. Kanlurang Katigan, Tayabas City, Quezon",15000000,0.83,18075284.32,"[14.045806, 121.61354]","[14.043382, 121.620816]",2 - HB 10858 VOL IB.pdf,690
"Concreting of Dapiz, Kasaksian, Brgy. Mapalad FMR, Brgy. Mapalad, San Agustin, Isabela",30000000,1.661,18056233.73,"[16.482889, 121.80718]","[16.485671, 121.82249]",2 - HB 10858 VOL IB.pdf,678
"Construction of Bagsang-Cabaywa-Parigoan Galutan FMR, Brgy. Balud and Brgy. Zone 3, San Roque, Northern Samar",15000000,0.832,18035211.44,"[12.526269, 124.874179]","[12.519769, 124.87797]",2 - HB 10858 VOL IB.pdf,714
"Construction of Brgy. Hanopol FMR, Brgy. Hanopol, Caramoan, Camarines Sur",15000000,0.833,18009316.57,"[13.746261, 123.850836]","[13.741608, 123.844793]",2 - HB 10858 VOL IB.pdf,702
"Construction of Brgy. Balud Lilo-an FMR, Brgy. Balud Lilo-an, Zarraga, Iloilo",15000000,0.834,17984283.94,"[10.817448, 122.63984]","[10.824723, 122.63798]",2 - HB 10858 VOL IB.pdf,706
"Construction of Sitio Alatalatin 2 Brgy. San Francisco B FMR, Brgy. San Francisco B, Lopez, Quezon",15000000,0.834,17977471.9,"[13.756836, 122.310196]","[13.753727, 122.317227]",2 - HB 10858 VOL IB.pdf,694
"Construction of Brgy. Quezon FMR, San Isidro, Isabela",15000000,0.835,17959133.43,"[16.708171, 121.628534]","[16.705409, 121.621241]",2 - HB 10858 VOL IB.pdf,676
"Construction of Brgy. Kanlurang Calutan FMR, Agdangan, Quezon",15000000,0.836,17948108.95,"[13.869225, 121.891541]","[13.876591, 121.890002]",2 - HB 10858 VOL IB.pdf,694
"Construction of Busilac-Laya FMR, Brgy. Busilac, Alfonso Lista, Ifugao",15000000,0.84,17863833.21,"[16.947728, 121.483743]","[16.953951, 121.488215]",2 - HB 10858 VOL IB.pdf,672
"Construction of Brgy. Jinggan FMR, Brgy. Jinggan, Panglima Estino, Sulu",15000000,0.841,17842623.17,"[5.938357, 121.1571982]","[5.945871, 121.156357]",2 - HB 10858 VOL IB.pdf,717
"Construction of Brgy. Cabasan FMR, Brgy. Cabasan, Peñablanca, Cagayan",15000000,0.842,17810934.72,"[17.602035, 121.823374]","[17.595085, 121.820216]",2 - HB 10858 VOL IB.pdf,674
"Construction of Brgy. 51-A Nangalisan East FMR, Laoag City, Ilocos Norte",5000000,0.281,17783423.9,"[18.182943, 120.586763]","[18.180819, 120.585319]",2 - HB 10858 VOL IB.pdf,670
"Construction of Bacsay, Mapulalupa FMR, Brgy. Mapulalupa, Claveria, Cagayan",10000000,0.564,17734495.34,"[18.57701, 121.10675]","[18.57632, 121.11205]",2 - HB 10858 VOL IB.pdf,678
"Construction of Brgy. 55-B Salet-Bulangon FMR, Laoag City, Ilocos Norte",20000000,1.13,17695356.12,"[18.208499, 120.6299417]","[18.2118926, 120.6198553]",2 - HB 10858 VOL IB.pdf,670
"Concreting of Canabuan - Brgy. Barusong FMR, Brgy. Canabuan and Brgy. Barosong, Tigbauan, Iloilo",16500000,0.934,17674399.63,"[10.748674, 122.3820674]","[10.7443839, 122.389413]",2 - HB 10858 VOL IB.pdf,708
"Construction of Brgy. Gayong FMR, Cordon, Isabela",15000000,0.851,17623138.31,"[16.6544, 121.486724]","[16.659355, 121.492814]",2 - HB 10858 VOL IB.pdf,674
"Construction of Brgy. Balansay FMR, Brgy. Balansay, Mamburao, Occidental Mindoro",15000000,0.851,17622297.79,"[13.20063056, 120.6558306]","[13.20756111, 120.6591694]",2 - HB 10858 VOL IB.pdf,698
"Concreting of Sitio Calanawan - Sitio Maybunga, Brgy. Hiwacloy FMR, Brgy. Hiwacloy, Goa, Camarines Sur",15000000,0.851,17620707.05,"[13.697468, 123.426555]","[13.690644, 123.4229833]",2 - HB 10858 VOL IB.pdf,704
"Construction of Gabol Road 1, Purok 9-A, Brgy. Irisan FMR, Brgy. Irisan, Baguio City",11000000,0.624,17614286.5,"[16.4234719, 120.5613709]","[16.4252898, 120.555831]",2 - HB 10858 VOL IB.pdf,672
"Construction of Sitio Kage, Brgy. Agbanga to Sitio San Antonio, Brgy. Itum FMR, Brgy. Agbanga and Brgy. Itum, Matalom, Leyte",15000000,0.852,17596937.83,"[10.254272, 124.777186]","[10.246789, 124.778878]",2 - HB 10858 VOL IB.pdf,712
"Construction of Sitio Dimas, Brgy. Minuri FMR, Brgy. Minuri, Jones, Isabela",30000000,1.707,17572877.87,"[16.5337, 121.863883]","[16.527688, 121.878619]",2 - HB 10858 VOL IB.pdf,678
"Construction of Brgy. Manlucahoc FMR, Brgy. Manlucahoc, Sipalay City, Negros Occidental",15000000,0.855,17541746.24,"[9.727539, 122.518974]","[9.721657, 122.524]",2 - HB 10858 VOL IB.pdf,710
"Construction of Brgy. Silangan Katigan FMR, Brgy. Silangan Katigan, Tayabas City, Quezon",15000000,0.855,17539793.37,"[14.056083, 121.617008]","[14.061898, 121.622197]",2 - HB 10858 VOL IB.pdf,690
"Construction of Brgy. Pinagdanlayan to Brgy. Manggahan FMR, Brgy. Pinagdanlayan to Brgy. Manggahan, Dolores, Quezon",15000000,0.858,17487437.26,"[14.0116, 121.429003]","[14.008659, 121.421653]",2 - HB 10858 VOL IB.pdf,692
"Construction of Spanish Road Brgy. Linglingay FMR, Alicia, Isabela",15000000,0.858,17479149.8,"[16.799491, 121.700284]","[16.802019, 121.707901]",2 - HB 10858 VOL IB.pdf,674
"Construction of Sitio Maray-as, Brgy. Bonawon FMR, Brgy. Bonawon, Siaton, Negros Oriental",15000000,0.859,17460956.46,"[9.133952, 122.930749]","[9.137943, 122.937449]",2 - HB 10858 VOL IB.pdf,710
"Construction of Brgy. Cebuneg FMR, Brgy. Cebuneg, Aurora, Zamboanga del Sur",15000000,0.863,17372922.11,"[7.8894624, 123.657666]","[7.881716, 123.657126]",2 - HB 10858 VOL IB.pdf,717
"Construction of Brgy. La Suerte FMR, Brgy. La Suerte, Amulung, Cagayan",15000000,0.864,17363963.52,"[17.769814, 121.593978]","[17.767067, 121.601609]",2 - HB 10858 VOL IB.pdf,674
"Construction of Brgy. Salvacion FMR, Brgy. Salvacion, Busuanga, Palawan",15000000,0.864,17362421.67,"[12.141998, 119.938797]","[12.144554, 119.946302]",2 - HB 10858 VOL IB.pdf,700
"Construction of Purok 7, Brgy. Mapalad FMR, San Agustin, Isabela",15000000,0.866,17312199.57,"[16.489804, 121.800506]","[16.497367, 121.802462]",2 - HB 10858 VOL IB.pdf,678
"Construction of Brgy. Bago Chiquito to Brgy. Candual FMR, Brgy. Bago Chiquito and",15000000,0.867,17293067.33,"[11.523314, 122.786364]","[11.530066, 122.782377]",2 - HB 10858 VOL IB.pdf,706
"Concreting of Brgy. Patul- Brgy. Villa Gonzaga FMR Phase II, Brgy. Patul and Brgy. Villa Gonzaga, Santiago City, Isabela",15000000,0.868,17286641.22,"[16.666152, 121.517563]","[16.659237, 121.513788]",2 - HB 10858 VOL IB.pdf,678
"Construction of Sitio Mojon, Brgy. Libas to Brgy. Ocad FMR, Brgy. Libas, Lavezares, Northern Samar",15000000,0.87,17247583.83,"[12.525658, 124.310668]","[12.52135, 124.317355]",2 - HB 10858 VOL IB.pdf,714
"Construction of Dicadyuan to Brgy. Didaddungan FMR, Brgy. Dicadyuan, Palanan, Isabela and Brgy. Diddadungan, Palanan, Isabela",30000000,1.74,17245509.21,"[17.00439, 122.430508]","[17.001562, 122.446598]",2 - HB 10858 VOL IB.pdf,674
"Construction of Brgy. Pag-asa FMR, Brgy. Pag-asa, Labo, Camarines Norte",15000000,0.871,17231068.45,"[14.12551, 122.712185]","[14.126675, 122.704202]",2 - HB 10858 VOL IB.pdf,702
"Construction of Brgy. Abaca to Brgy. Braulan FMR, Brgy. Abaca and Brgy. Braulan, San Enrique, Iloilo",15000000,0.871,17229134.28,"[11.141946, 122.725211]","[11.13833, 122.732289]",2 - HB 10858 VOL IB.pdf,706
"Construction of Sitio Balukingking, Brgy. Magsaysay FMR, Brgy. Magsaysay, Naguilian, Isabela",15000000,0.874,17163324.87,"[16.994316, 121.852185]","[16.996821, 121.859975]",2 - HB 10858 VOL IB.pdf,674
"Construction of Brgy. Caipilan FMR, Brgy. Caipilan, Siquijor, Siquijor",15000000,0.875,17133197.22,"[9.190457, 123.483109]","[9.189325, 123.491002]",2 - HB 10858 VOL IB.pdf,710
"Construction of Brgy. Habuhab FMR, Brgy. Habuhab, Culaba, Biliran",15000000,0.876,17124798.22,"[11.642425, 124.551297]","[11.637905, 124.54471]",2 - HB 10858 VOL IB.pdf,712
"Construction of Brgy. Linayuan to Brgy. Sinuagan FMR, Brgy. Linayuan and",15000000,0.877,17095631.87,"[10.978132, 122.549504]","[10.973458, 122.55598]",2 - HB 10858 VOL IB.pdf,706
"Construction of Brgy. Alangilan - Brgy. Tuy-a FMR, Brgy. Alangilan and Brgy. Tuy-a,",15000000,0.878,17082861.32,"[10.645, 125.018611]","[10.6372222, 125.02]",2 - HB 10858 VOL IB.pdf,714
"Construction of Brgy. Sambaludan to Brgy. Botong FMR, Brgy. Sambaludan and Brgy. Botong, Oton, Iloilo",15000000,0.88,17041795.95,"[10.705437, 122.430374]","[10.698188, 122.43361]",2 - HB 10858 VOL IB.pdf,706
"Construction of Purok 2 to Purok 1, Sitio Pugo, Brgy. San Juan FMR, Brgy. San Juan, Alfonso Lista, Ifugao",15000000,0.881,17027431.65,"[16.883207, 121.537529]","[16.881972, 121.545707]",2 - HB 10858 VOL IB.pdf,672
"Construction of Brgy. San Juan FMR (Eda and Mauemel Section), San Juan,",5000000,0.294,16992632.57,"[18.3337285, 120.6397866]","[18.332873, 120.6424246]",2 - HB 10858 VOL IB.pdf,670
"Construction of Brgy. Besigan FMR, Brgy. Besigan, Cagayan de Oro City",15000000,0.883,16984118.01,"[8.16151111, 124.56180833]","[8.15493333, 124.55731111]",2 - HB 10858 VOL IB.pdf,718
"Concreting of Brgy. Pañatan - Brgy. Dacdacanan FMR, Brgy. Pañatan and Brgy. Dacdacanan, San Joaquin, Iloilo",16500000,0.972,16979742.46,"[10.5596855, 122.0653092]","[10.5537776, 122.0587587]",2 - HB 10858 VOL IB.pdf,708
"Construction of Brgy. San Miguel FMR, Brgy. San Miguel, Lopez, Quezon",15000000,0.883,16978465.55,"[13.741174, 122.313799]","[13.735947, 122.319959]",2 - HB 10858 VOL IB.pdf,694
"Construction of Sitio Alangyan, Brgy. Kinama FMR, Brgy. Kinama, Rizal, Kalinga",30000000,1.775,16905514.12,"[17.568255, 121.532579]","[17.584018, 121.535195]",2 - HB 10858 VOL IB.pdf,672
"Concreting of Brgy. Rawis to Brgy. Cantaguic FMR, Brgy. Rawis and Brgy. Cantaguic, San Jorge, Samar",10000000,0.592,16905020.41,"[11.925381, 124.853088]","[11.924625, 124.85847]",2 - HB 10858 VOL IB.pdf,716
"Construction of Brgy. Baligang to Brgy. Bongabong FMR, Brgy. Baligang and",15000000,0.887,16901714.28,"[13.1470081, 123.6455862]","[13.1390349, 123.6459559]",2 - HB 10858 VOL IB.pdf,704
"Construction of Brgy. Mahabang Parang FMR, Brgy. Mahabang Parang, Naujan, Oriental Mindoro",15000000,0.888,16893508.9,"[13.208311, 121.151077]","[13.200401, 121.1522]",2 - HB 10858 VOL IB.pdf,698
"Construction of Purok Paghidaet, Brgy. Sagasa FMR, Brgy. Sagasa, Bago City, Negros Occidental",15000000,0.891,16843587.92,"[10.478879, 122.895375]","[10.478382, 122.887246]",2 - HB 10858 VOL IB.pdf,710
"Construction of Sitio Gutob, Brgy. Lidong to Brgy. Amoguis FMR, Brgy. Lidong and Brgy. Amoguis, Polangui, Albay",15000000,0.891,16826479.38,"[13.34808, 123.531332]","[13.34332, 123.537962]",2 - HB 10858 VOL IB.pdf,702
"Construction of Brgy. Mantacida FMR, Brgy. Mantacida, Catigbian, Bohol",15000000,0.892,16819491.86,"[9.894401, 124.052003]","[9.886479, 124.053274]",2 - HB 10858 VOL IB.pdf,712
"Construction of Brgy. Libertad FMR, Brgy. Libertad, Bongabong, Oriental Mindoro",15000000,0.893,16806364.93,"[12.778815, 121.435163]","[12.771163, 121.432678]",2 - HB 10858 VOL IB.pdf,700
"Construction of Brgy. Disimuray to Casalatan FMR, Brgy. Disimuray, Cauayan City, Isabela",30000000,1.788,16780579.54,"[16.890453, 121.88871]","[16.891079, 121.87192]",2 - HB 10858 VOL IB.pdf,676
"Construction of Sitio Cusapit, Brgy. Dicamay 1 FMR, Brgy. Dicamay 1, Jones, Isabela",15000000,0.896,16742192.41,"[16.60422, 121.93197]","[16.610901, 121.93667]",2 - HB 10858 VOL IB.pdf,678
"Construction of Brgy. Talolora to Sitio Canamucan FMR, Brgy. Talolora, Mondragon,",15000000,0.896,16736271.74,"[12.493114, 124.798408]","[12.490886, 124.806342]",2 - HB 10858 VOL IB.pdf,714
"Concreting of Brgy. Alupidian - Brgy. Jamog FMR, Brgy. Alupidian and Brgy. Jamog, Tigbauan, Iloilo",18000000,1.076,16725334.46,"[10.7578153, 122.3422591]","[10.757038, 122.352079]",2 - HB 10858 VOL IB.pdf,708
"Construction of Brgy. Buttong FMR, Brgy. Buttong, Laoag City, Ilocos Norte",8500000,0.508,16716952.55,"[18.1778271, 120.5749639]","[18.180731, 120.571246]",2 - HB 10858 VOL IB.pdf,668
"Construction of Brgy. San Diego, Luisiana to Brgy. Banti FMR, Majayjay, Laguna",30000000,1.796,16702338.8,"[14.1822, 121.501807]","[14.17887, 121.485504]",2 - HB 10858 VOL IB.pdf,692
"Concreting of Brgy. Sampaloc - Brgy. Loob FMR, Gainza Camarines Sur",15000000,0.899,16694095.15,"[13.601418, 123.122706]","[13.604212, 123.114905]",2 - HB 10858 VOL IB.pdf,706
"Construction of Brgy. Dansalan FMR, Brgy. Dansalan, Sapad, Lanao del Norte",30000000,1.8,16662734.64,"[7.84327, 123.8549117]","[7.846865, 123.8708483]",2 - HB 10858 VOL IB.pdf,718
"Construction of Sitio Old Pancol, Brgy. Pancol FMR, Brgy. Pancol, Taytay, Palawan",15000000,0.9,16658600.97,"[10.8778728, 119.4129596]","[10.8741077, 119.4056592]",2 - HB 10858 VOL IB.pdf,698
"Concreting of Brgy. New Guia FMR, Brgy. New Guia, Maayon, Capiz",15000000,0.901,16652958.77,"[11.380051, 122.845345]","[11.373027, 122.841229]",2 - HB 10858 VOL IB.pdf,708
"Construction of Brgy. Tagjaguimit FMR, Brgy. Tagjaguimit, Naga City, Cebu",10000000,0.601,16627887.82,"[10.2621283, 123.6898217]","[10.2614017, 123.6952683]",2 - HB 10858 VOL IB.pdf,712
"Construction of Brgy. Salvacion FMR, Brgy. Salvacion, Nueva Valencia, Guimaras",15000000,0.903,16619435.13,"[10.452525, 122.533286]","[10.448113, 122.526358]",2 - HB 10858 VOL IB.pdf,706
"Construction of Brgy. Burgos - Sitio Vietnam FMR, Brgy. Burgos, San Guillermo, Isabela",30000000,1.807,16600494.78,"[16.718932, 121.931085]","[16.723509, 121.914802]",2 - HB 10858 VOL IB.pdf,676
"Construction of Zamboanga - Cavit FMR, Brgy. Zamboanga and Brgy. Cavit, Laoag City, Ilocos Norte",7000000,0.422,16590504.28,"[18.197739, 120.553442]","[18.197397, 120.549464]",2 - HB 10858 VOL IB.pdf,670
"Construction of Brgy. Pongtud to Fish and Boat Landing FMR, Brgy. Pongtud,",25000000,1.508,16583266.66,"[9.527456, 125.566194]","[9.514667, 125.561631]",2 - HB 10858 VOL IB.pdf,724
"Construction of Brgy. Bacolod FMR, Brgy. Bacolod, Libon, Albay",15000000,0.905,16580643.77,"[13.264968, 123.443942]","[13.258113, 123.448444]",2 - HB 10858 VOL IB.pdf,704
"Construction of Brgy. Morales FMR, Brgy. Morales, Santa Cruz, Marinduque",15000000,0.906,16554324.48,"[13.463044, 122.102423]","[13.464916, 122.110578]",2 - HB 10858 VOL IB.pdf,698
"Construction of Brgy. Anabo FMR, Brgy. Anabo, Lemery, Iloilo",15000000,0.907,16529664.48,"[11.203621, 122.907381]","[11.199721, 122.914689]",2 - HB 10858 VOL IB.pdf,706
"Construction of Brgy. Buga FMR, Brgy. Buga, Leon, lloilo",15000000,0.908,16526180.1,"[10.818595, 122.38406]","[10.826519, 122.386055]",2 - HB 10858 VOL IB.pdf,706
"Construction of Brgy. Caglayag, Carrascal to Brgy. Consuelo, Cantilan FMR, Carrascal, Surigao del Sur",30000000,1.816,16518924.45,"[9.403595, 125.984518]","[9.387279, 125.983773]",2 - HB 10858 VOL IB.pdf,726
"Construction of Brgy. Veronica FMR, Brgy. Veronica, Lopez, Quezon",15000000,0.908,16517060.61,"[13.83112, 122.330658]","[13.822988, 122.329878]",2 - HB 10858 VOL IB.pdf,694
"Construction of Brgy. 40 Balatong FMR, Laoag City, Ilocos Norte",10000000,0.607,16480931.24,"[18.169507, 120.573241]","[18.17286, 120.56871]",2 - HB 10858 VOL IB.pdf,670
"Construction of Brgy. San Miguel FMR, Brgy. San Miguel, La Carlota City, Negros Occidental",15000000,0.911,16462078.93,"[10.434301, 122.991619]","[10.432459, 122.999738]",2 - HB 10858 VOL IB.pdf,710
"Concreting of Brgy. Bignay 1 to Montecillo FMR, Brgy. Bignay 1 to Montecillo,",15000000,0.912,16439694.52,"[13.870127, 121.478188]","[13.877992, 121.475778]",2 - HB 10858 VOL IB.pdf,696
"Construction of Brgy. Bani FMR, Brgy. Bani, Bacarra, Ilocos Norte",12000000,0.73,16432850.9,"[18.2623703, 120.6103473]","[18.266169, 120.604706]",2 - HB 10858 VOL IB.pdf,668
"Construction of Brgy. Barcolan to Brgy. Mabini FMR, Gamu, Isabela",55000000,3.347,16430254.39,"[17.074072, 121.780626]","[17.096862, 121.760048]",2 - HB 10858 VOL IB.pdf,674
"Construction of Barindadu, Purok 5, Brgy. Dabubu Grande FMR, Brgy. Dabubu Grande, San Agustin, Isabela",45000000,2.74,16425145.65,"[16.442818, 121.780521]","[16.429647, 121.802231]",2 - HB 10858 VOL IB.pdf,678
"Construction of Sitio Baslay, Brgy. Talacdan FMR, Brgy. Talacdan, Cauayan, Negros Occidental",15000000,0.915,16392906.27,"[9.905613, 122.696049]","[9.903547, 122.687963]",2 - HB 10858 VOL IB.pdf,710
"Construction of Brgy. Cambaro FMR, Brgy. Cambaro, Macrohon, Southern Leyte",15000000,0.915,16386677.01,"[10.104709, 124.966504]","[10.112616, 124.964177]",2 - HB 10858 VOL IB.pdf,714
"Concreting of Brgy. Guis-Guis Talon FMR, Brgy. Guis-Guis Talon, Sariaya, Quezon",10000000,0.611,16366909.72,"[13.868268, 121.503327]","[13.873642, 121.502147]",2 - HB 10858 VOL IB.pdf,698
"Concreting of Brgy. Mabuhay I - Brgy. Happy Valley FMR, Socorro, Oriental Mindoro",30000000,1.836,16343655.85,"[13.084013, 121.342932]","[13.092496, 121.328393]",2 - HB 10858 VOL IB.pdf,700
"Construction of Brgy. Tarrag San Miguel FMR, Brgy. Tarrag, Pagudpud, Ilocos Norte",16000000,0.98,16322674.74,"[18.542881, 120.789321]","[18.535809, 120.794872]",2 - HB 10858 VOL IB.pdf,670
"Construction og Salagusog FMR, Brgy. Salagusog, Cuyapo, Nueva Ecija",6092500,0.373,16320406.33,"[15.8084792, 120.700233]","[15.805122, 120.700223]",2 - HB 10858 VOL IB.pdf,686
"Construction of Brgy. Rang-Ay FMR, Brgy. Rang-Ay, San Agustin, Isabela",10000000,0.613,16301613.14,"[16.462852, 121.770529]","[16.46836, 121.770205]",2 - HB 10858 VOL IB.pdf,680
"Construction of Rizal - Villa Marcos to Salvador-Divisoria FMR, Brgy. Rizal-Villa Marcos to Brgy. Salvador-Divisoria, Santiago City, Isabela",32550000,1.998,16292098.3,"[16.731386, 121.584571]","[16.74417, 121.571387]",2 - HB 10858 VOL IB.pdf,676
"Construction of Brgy. Timalang FMR, Brgy. Timalang, Ipil, Zamboanga Sibugay",15000000,0.922,16265000.37,"[7.7920709, 122.5077516]","[7.7872564, 122.5009354]",2 - HB 10858 VOL IB.pdf,717
"Construction of Brgy. Buneg to Brgy. Fugu FMR, Brgy. Buneg and Brgy. Fugu, Echague, Isabela",25200000,1.55,16258953.57,"[16.70754, 121.646788]","[16.721443, 121.645747]",2 - HB 10858 VOL IB.pdf,678
"Concreting of Purok 1 - Purok 3, Brgy. Manapao - Purok 1-b, Brgy. Casili FMR, Brgy. Manapao and Brgy. Casili, Gubat, Sorsogon",15000000,0.924,16238045.3,"[12.96215, 124.0896233]","[12.95405, 124.0915168]",2 - HB 10858 VOL IB.pdf,706
"Construction of Brgy. Alangilan FMR, Brgy. Alangilan, Bacolod City",15000000,0.924,16226624.09,"[10.667308, 123.081414]","[10.669693, 123.07331]",2 - HB 10858 VOL IB.pdf,710
"Construction of Brgy. Langa FMR Phase 2, Brgy. Langa, Basud, Camarines Norte",15000000,0.924,16225414.85,"[14.041277, 122.927881]","[14.043098, 122.919519]",2 - HB 10858 VOL IB.pdf,702
"Construction of Brgy. Rizal FMR, Brgy. Rizal, Pilar, Bataan",8500000,0.525,16195971.76,"[14.64791, 120.554807]","[14.651683, 120.551876]",2 - HB 10858 VOL IB.pdf,688
"Construction of Cadaanan West FMR, Brgy. Pancian, Pagudpud, Ilocos Norte",10000000,0.618,16190597.48,"[18.558651, 120.927491]","[18.559633, 120.921724]",2 - HB 10858 VOL IB.pdf,670
"Construction of Brgy. Simanu Norte FMR, Brgy. Simanu Norte, San Pablo, Isabela",40000000,2.471,16185655.91,"[17.496486, 121.824831]","[17.518044, 121.830498]",2 - HB 10858 VOL IB.pdf,676
"Construction of Sitio Diarao Baba, Brgy. Dicamay 2 FMR, Brgy. Dicamay 2, Jones, Isabela",20000000,1.238,16160284.8,"[16.587069, 121.905838]","[16.584027, 121.894667]",2 - HB 10858 VOL IB.pdf,678
"Concreting of Sitio Ata-ata, Brgy. San Antonio - Brgy. Calabnugan FMR,",30000000,1.857,16158870.19,"[9.338988, 123.248581]","[9.342936, 123.265022]",2 - HB 10858 VOL IB.pdf,710
"Construction of Brgy. Bayabas - Sitio Kabotosan FMR, Brgy. Bayabas, Abuyog, Leyte",15000000,0.929,16144445.7,"[10.665738, 124.998783]","[10.658294, 124.994921]",2 - HB 10858 VOL IB.pdf,714
"Construction of Provincial Road Rizal-Basilio St., San Andres FMR, Brgy. San Andres, Santiago City, Isabela",17550000,1.092,16064343.34,"[16.707945, 121.555699]","[16.702572, 121.564287]",2 - HB 10858 VOL IB.pdf,676
"Concreting of Sitio Curipao - Sitio Napuong, Brgy. Constancia FMR, Brgy. Constancia,",30000000,1.871,16036440.95,"[10.57729333, 122.64503833]","[10.57427333, 122.661875]",2 - HB 10858 VOL IB.pdf,708
"Construction of Ilayang Bukal FMR, Brgy. Ilayang Bukal, Tayabas City, Quezon",15000000,0.936,16031758.76,"[14.019236, 121.53434]","[14.025583, 121.528646]",2 - HB 10858 VOL IB.pdf,690
"Construction of Brgy. Jantianon FMR Phase II, Brgy. Jantianon, Amlan, Negros Oriental",15000000,0.937,16011546.12,"[9.430057, 123.16636]","[9.43503, 123.173254]",2 - HB 10858 VOL IB.pdf,710
"Concreting of Brgy. Water FMR, Brgy. Water, Baco, Oriental Mindoro",15000000,0.937,16008591.72,"[13.404586, 121.087821]","[13.401898, 121.079611]",2 - HB 10858 VOL IB.pdf,700
"Construction of Brgy. San Mariano Sur - Sinalugan FMR, Brgy. San Mariano Sur, San Guillermo, Isabela",30000000,1.875,16003310.32,"[16.713485, 121.8638923]","[16.6966265, 121.8637929]",2 - HB 10858 VOL IB.pdf,676
"Construction of Brgy. Osmeña FMR, Brgy. Osmeña, Basista, Pangasinan",5000000,0.312,16002140.77,"[15.845662, 120.398285]","[15.842852, 120.398284]",2 - HB 10858 VOL IB.pdf,668
"Construction of Buenavista to Sitio Kalubihan FMR, Brgy. Buenavista, Carcar City, Cebu",15000000,0.938,15987415.04,"[10.160913, 123.625361]","[10.157854, 123.63335]",2 - HB 10858 VOL IB.pdf,712
"Construction of Brgy. Poblacion FMR, Brgy. Poblacion, Anilao, Iloilo",15000000,0.942,15917317.07,"[10.982807, 122.748233]","[10.977689, 122.741352]",2 - HB 10858 VOL IB.pdf,706
"Construction of Sitio Kinabkaban, Brgy. Lumaynay FMR, Brgy. Lumaynay, Altavas, Aklan",15000000,0.943,15904758.57,"[11.508567, 122.436742]","[11.500836, 122.433182]",2 - HB 10858 VOL IB.pdf,706
"Construction of Brgy. Mainit FMR, Brgy. Mainit, Iligan City, Lanao del Norte",30000000,1.889,15884789.64,"[8.281656, 124.368145]","[8.282424, 124.385291]",2 - HB 10858 VOL IB.pdf,718
"Construction of Brgy. Cansilayan FMR, Brgy. Cansilayan, Tigbauan, Iloilo",15000000,0.946,15857047.41,"[10.698001, 122.34345]","[10.705338, 122.339068]",2 - HB 10858 VOL IB.pdf,706
"Construction of Brgy. Irukan to Brgy. Calayaan to Brgy. Poblacion III FMR, Brgy. Irukan to Brgy. Calayaan to Brgy. Poblacion III, Sta. Teresita, Batangas",15000000,0.951,15771856.27,"[13.869255, 120.944521]","[13.867598, 120.953164]",2 - HB 10858 VOL IB.pdf,690
"Construction of Brgy. Taguite FMR, Brgy. Taguite, Babatngon, Leyte",15000000,0.951,15769717.33,"[11.390492, 124.954856]","[11.384631, 124.9485]",2 - HB 10858 VOL IB.pdf,712
"Construction of Brgy. Paludpod FMR, Brgy. Paludpod, Talavera, Nueva Ecija",6600000,0.419,15764880.71,"[15.57772, 120.943744]","[15.574074, 120.942769]",2 - HB 10858 VOL IB.pdf,686
"Construction of Sitio Kapoc to Tabunan, Brgy. Cadunan FMR, Mabini, Davao de Oro",10000000,0.636,15734629.57,"[7.339008, 125.872541]","[7.335521, 125.877107]",2 - HB 10858 VOL IB.pdf,720
"Construction of Brgy. Liboron to Boundary Lanipga FMR, Brgy. Liboron, Carmen, Cebu",15000000,0.954,15720581.06,"[10.584553, 123.930432]","[10.582028, 123.938775]",2 - HB 10858 VOL IB.pdf,712
"Concreting of Sitio Calangatnan, Brgy. Digdigon FMR, Brgy. Digdigon, Goa, Camarines Sur",15000000,0.955,15711887.3,"[13.713783, 123.408765]","[13.707137, 123.40317]",2 - HB 10858 VOL IB.pdf,704
"Construction of Brgy. Ramos East FMR, San Isidro, Isabela",15000000,0.956,15691546.53,"[16.708256, 121.609937]","[16.71591, 121.60585]",2 - HB 10858 VOL IB.pdf,676
"Construction of Brgy. Gapasan FMR, Brgy. Gapasan, Magsaysay, Occidental Mindoro",15000000,0.956,15684339.36,"[12.319552, 121.200449]","[12.319152, 121.191655]",2 - HB 10858 VOL IB.pdf,698
"Construction of Brgy. Tabugon FMR, Brgy. Tabugon, Kabankalan City, Negros Occidental",15000000,0.957,15676256.27,"[9.798734, 122.782124]","[9.790964, 122.778371]",2 - HB 10858 VOL IB.pdf,710
"Construction of Acasia-Asinan, Brgy. San Isidro FMR, Brgy. San Isidro, Magsaysay, Davao del Sur",30000000,1.916,15660612.66,"[6.77853042639185, 125.112568110976]","[6.76517304025872, 125.101611721104]",2 - HB 10858 VOL IB.pdf,720
"Construction of Brgy. Tandu Patong FMR, Brgy. Tandu Patong, Maimbung, Sulu",15000000,0.958,15652351.23,"[5.9452494, 121.0154407]","[5.938911111, 121.0095694]",2 - HB 10858 VOL IB.pdf,717
"Construction of Brgy. Talaon to Brgy. Pitogo FMR, Brgy. Talaon and Brgy. Pitogo,",15000000,0.959,15641313.66,"[10.101046, 123.095234]","[10.106459, 123.088414]",2 - HB 10858 VOL IB.pdf,710
"Construction of Brgy. Aroman FMR, Brgy. Aroman, Carmen, Cotabato",15000000,0.961,15605493.4,"[7.2899901, 124.7909705]","[7.2900042, 124.7996852]",2 - HB 10858 VOL IB.pdf,722
"Construction of Brgy. Triala FMR, Brgy. Triala, Guimba, Nueva Ecija",8700000,0.558,15578238.97,"[15.6451054, 120.8143341]","[15.649771, 120.816265]",2 - HB 10858 VOL IB.pdf,686
"Construction of Brgy. Cabayangan FMR, Brgy. Cabayangan, Braulio E. Dujali, Davao del Norte",30000000,1.927,15569455.54,"[7.4500433, 125.7090683]","[7.465429, 125.7171087]",2 - HB 10858 VOL IB.pdf,720
"Concreting of Sitio Liangan, Brgy. Kabatan to Lunib FMR, Brgy. Kabatan, Vincenzo Sagun, Zamboanga del Sur",15000000,0.964,15566620.47,"[7.538483, 123.206414]","[7.530214, 123.203799]",2 - HB 10858 VOL IB.pdf,717
"Construction of Sitio Kabiyabsan, Brgy. Mayabon FMR, Brgy. Mayabon, Zamboanguita, Negros Oriental",15000000,0.966,15525074.53,"[9.1274922, 123.1641648]","[9.135114, 123.159939]",2 - HB 10858 VOL IB.pdf,710
"Concreting of Sitio Kanluran, Brgy. Malamig - Sitio Bagong Silang, Brgy. Canubing I FMR, Calapan City, Oriental Mindoro",25350000,1.644,15419244.31,"[13.341102, 121.143043]","[13.354418, 121.136439]",2 - HB 10858 VOL IB.pdf,700
"Construction of Brgy. Conrazon FMR, Brgy. Conrazon, Bansud, Oriental Mindoro",30000000,1.947,15404673.96,"[12.86622294, 121.39692329]","[12.8728386, 121.38028908]",2 - HB 10858 VOL IB.pdf,700
"Construction of Brgy. Lunib FMR, Vincenzo A. Sagun, Zamboanga del Sur",15000000,0.975,15386900.55,"[7.538483, 123.206414]","[7.530126, 123.203741]",2 - HB 10858 VOL IB.pdf,717
"Concreting of Brgy. Balibago FMR, Brgy. Balibago, Lobo, Batangas",15000000,0.977,15357211.75,"[13.623695, 121.315978]","[13.615833, 121.311947]",2 - HB 10858 VOL IB.pdf,698
"Construction of Brgy. Cawayan FMR, Brgy. Cawayan, Bongabon, Oriental Mindoro",15000000,0.977,15354134.91,"[12.6618182, 121.5303524]","[12.6615966, 121.5393543]",2 - HB 10858 VOL IB.pdf,700
"Construction of Sitio Malutok, Brgy. Ransang FMR, Brgy. Ransang, Rizal, Palawan",15000000,0.977,15351674.78,"[8.926772, 117.5587455]","[8.918961, 117.5628201]",2 - HB 10858 VOL IB.pdf,700
"Concreting of Brgy. Masaya Norte FMR, Brgy. Masaya Norte, San Agustin, Isabela",13200000,0.86,15344880.12,"[16.521528, 121.74757]","[16.528566, 121.74422]",2 - HB 10858 VOL IB.pdf,678
"Concreting of Brgy. Malidong - Brgy. Luneta - Brgy. Henogawe FMR, Gamay, Northern Samar",10000000,0.653,15322158.68,"[12.378376, 125.229477]","[12.381947, 125.224708]",2 - HB 10858 VOL IB.pdf,716
"Construction of Brgy. Manaoag FMR 1, Brgy. Manaoag, Cauayan City, Isabela",15000000,0.983,15266772.97,"[16.825418, 121.84052]","[16.81999, 121.833236]",2 - HB 10858 VOL IB.pdf,676
"Construction of Brgy. Adcadarao FMR, Brgy. Adcadarao, Ajuy, Iloilo",15000000,0.984,15250023.53,"[11.21088, 123.018713]","[11.214814, 123.010636]",2 - HB 10858 VOL IB.pdf,706
"Construction of Brgy. Capilian to Brgy. Burubud-an FMR, Brgy. Capilian and",15000000,0.984,15246077.21,"[10.6943499, 124.9860648]","[10.6942994, 124.9950691]",2 - HB 10858 VOL IB.pdf,712
"Construction of Brgy. Obayan to Brgy. Loctob FMR, Brgy. Obayan and Brgy. Loctob, Pinabacdao, Samar",15000000,0.985,15223722.86,"[11.602694, 125.007667]","[11.593833, 125.007639]",2 - HB 10858 VOL IB.pdf,714
"Construction of Quirat Road-Lachica Street, Rizal FMR, Santiago City, Isabela",15000000,0.985,15223390.9,"[16.715698, 121.557288]","[16.712361, 121.565859]",2 - HB 10858 VOL IB.pdf,674
"Concreting of Purok 1 Brgy. Buenavista FMR, Brgy. Buenavista, Mexico, Pampanga",9450000,0.621,15221365.55,"[15.164471, 120.665263]","[15.159588, 120.662458]",2 - HB 10858 VOL IB.pdf,686
"Construction of Brgy. Ilayang Palale FMR, Brgy. Ilayang Palale, Tayabas City, Quezon",10000000,0.657,15220558.74,"[14.055883, 121.66049]","[14.058263, 121.666065]",2 - HB 10858 VOL IB.pdf,690
"Construction of Sitio Mungos to Sitio Lalid, Brgy. Hagan FMR, Bongabong, Oriental Mindoro",41000000,2.697,15202402.54,"[12.7483, 121.32523]","[12.75033, 121.30045]",2 - HB 10858 VOL IB.pdf,700
"Construction of Brgy. Nantawakan FMR, Brgy. Nantawakan, Kasibu, Nueva Vizcaya",15000000,0.987,15198761.1,"[16.307034, 121.201107]","[16.312952, 121.194215]",2 - HB 10858 VOL IB.pdf,676
"Opening and Concreting of Brgy. Dolores FMR, Brgy. Dolores, San Pablo City, Laguna",15000000,0.987,15195456.1,"[14.1051091, 121.3265409]","[14.1082758, 121.3350923]",2 - HB 10858 VOL IB.pdf,698
"Concreting of Purok Makiangayon, Brgy. Esperanza to Purok Sampaguita, Brgy. New Pangasinan FMR",15000000,0.989,15166267.91,"[6.486838, 124.908989]","[6.481725, 124.916314]",2 - HB 10858 VOL IB.pdf,722
"Concreting of Brgy. Sta. Ana FMR. Brgy. Sta. Ana, Guimba, Nueva Ecija",7500000,0.495,15164385.78,"[15.6968714, 120.8033692]","[15.692429, 120.803598]",2 - HB 10858 VOL IB.pdf,688
"Construction of Purok-2 to Purok-3, Brgy. Sipaon FMR, Brgy. Sipaon, Zamboanga del Norte",20000000,1.322,15125604.04,"[8.486574, 123.541823]","[8.478173, 123.550332]",2 - HB 10858 VOL IB.pdf,717
"Construction of Brgy. Sta. Matilde FMR (Bareng, Yanos, Agagamang Section), Brgy. Sta. Matilde, Pasuquin, Ilocos Norte",5000000,0.331,15113910.48,"[18.314464, 120.6716991]","[18.313182, 120.6745271]",2 - HB 10858 VOL IB.pdf,670
"Construction of Brgy. Sta. Rosa FMR, Brgy. Sta. Rosa, Murcia, Negros Occidental",15000000,0.995,15077449.51,"[10.575878, 123.116144]","[10.583146, 123.121452]",2 - HB 10858 VOL IB.pdf,710
"Construction of Brgy. Nemmatan FMR, Brgy. Nemmatan, San Agustin, Isabela",10000000,0.664,15051809.74,"[16.522634, 121.736802]","[16.524702, 121.730955]",2 - HB 10858 VOL IB.pdf,680
"Concreting/Rehabilitation of Brgy. Napaliong FMR, Brgy. Napaliong, Jones, Isabela",20000000,1.331,15022994.38,"[16.531749, 121.834446]","[16.531353, 121.846928]",2 - HB 10858 VOL IB.pdf,678
"Construction of Brgy. Panubigan FMR, Brgy. Panubigan, Canlaon City, Negros Oriental",15000000,0.999,15019242.56,"[10.398376, 123.229979]","[10.405718, 123.224719]",2 - HB 10858 VOL IB.pdf,710
"Construction of Brgy. Bato FMR, Brgy. Bato, Mabinay, Negros Oriental",15000000,1.0,15000529.48,"[9.71051, 122.946313]","[9.714231, 122.954619]",2 - HB 10858 VOL IB.pdf,710
"Concreting of Purok Namnama, Brgy. Poblacion FMR Phase II, Brgy. Poblacion, Tantangan, South Cotabato",15000000,1.001,14988249.65,"[6.611193, 124.760023]","[6.61268, 124.768959]",2 - HB 10858 VOL IB.pdf,722
"Concreting of Brgy. Arangin FMR, Brgy. Arangin, Naujan, Oriental Mindoro",15000000,1.002,14966813.1,"[13.232473, 121.112798]","[13.224336, 121.11678]",2 - HB 10858 VOL IB.pdf,700
"Construction of Brgy. Purisima FMR, Brgy. Purisima, Manapla, Negros Occidental",15000000,1.004,14935072.13,"[10.944968, 123.149524]","[10.935936, 123.149599]",2 - HB 10858 VOL IB.pdf,710
"Construction of Brgy. Masalukot 2 FMR, Brgy. Masalukot 2, Candelaria, Quezon",15000000,1.009,14868356.65,"[13.957829, 121.429042]","[13.966547, 121.431631]",2 - HB 10858 VOL IB.pdf,696
"Construction of Purok 1 - 6, Brgy. Balnate FMR, Brgy. Balnate, Magsaysay, Davao del Sur",15000000,1.011,14840221.24,"[6.749994, 125.131362]","[6.751269, 125.122299]",2 - HB 10858 VOL IB.pdf,720
"Construction of Brgy. Tobor FMR, Brgy. Tobor, Malasiqui, Pangasinan",15000000,1.012,14816395.17,"[15.879305, 120.522945]","[15.887629, 120.51911]",2 - HB 10858 VOL IB.pdf,666
"Concreting of Purok Mabinuligon - Purok Kabugwason - Sitio Mani, Brgy. Topland FMR, Koronadal City, South Cotabato",30000000,2.025,14814787.31,"[6.496979, 124.940228]","[6.502278, 124.922692]",2 - HB 10858 VOL IB.pdf,722
"Construction of Bokig to Beckes, Brgy. Paoay FMR, Brgy. Paoay, Atok, Benguet",15000000,1.013,14802969.06,"[16.626699, 120.734936]","[16.622724, 120.726378]",2 - HB 10858 VOL IB.pdf,672
"Construction of Brgy. Nabulao FMR, Brgy. Nabulao, Sipalay City, Negros Occidental",15000000,1.014,14798083.46,"[9.684451, 122.456179]","[9.692434, 122.460644]",2 - HB 10858 VOL IB.pdf,710
"Construction of Brgy. Manambong Sur FMR, Brgy. Manambong Sur, Bayambang, Pangasinan",5000000,0.338,14791167.12,"[15.77544444, 120.4719528]","[15.77731667, 120.4744417]",2 - HB 10858 VOL IB.pdf,672
"Construction of Brgy. Palanguia FMR, Brgy. Palanguia, Pototan, Iloilo",15000000,1.015,14781467.95,"[10.990401, 122.595998]","[10.999474, 122.597]",2 - HB 10858 VOL IB.pdf,706
"Construction of Brgy. Aringay FMR, Brgy. Aringay, San Guillermo, Isabela",15000000,1.016,14767763.92,"[16.673573, 121.8729496]","[16.6659776, 121.8676524]",2 - HB 10858 VOL IB.pdf,676
"Concreting of Sitio Panumban, Brgy. Kaypaaba FMR, Brgy. Kaypaaba, General Emilio Aguinaldo, Cavite",10000000,0.683,14650806.7,"[14.141331, 120.82742]","[14.145983, 120.82329]",2 - HB 10858 VOL IB.pdf,698
"Concreting of Sitio Kulipay, Brgy. Kaymisas FMR, Brgy. Kaymisas,",10000000,0.683,14650806.7,"[14.141331, 120.82742]","[14.145983, 120.82329]",2 - HB 10858 VOL IB.pdf,698
"Construction of Brgy. San Miguel FMR, Brgy. San Miguel, Mutia, Zamboanga del Norte",15000000,1.026,14614809.53,"[8.425698, 123.491048]","[8.416605, 123.489445]",2 - HB 10858 VOL IB.pdf,716
"Construction of Siguiran FMR, Brgy. Siguiran, Abulug, Cagayan",15000000,1.03,14558083.32,"[18.4645453, 121.4318266]","[18.462842, 121.422224]",2 - HB 10858 VOL IB.pdf,676
"Construction of Sitio Pangdan to Sitio Malidlid FMR, Brgy. Bulacao, Gubat, Sorsogon",15000000,1.037,14471554.97,"[12.885694, 124.100303]","[12.879304, 124.093341]",2 - HB 10858 VOL IB.pdf,704
"Construction of Brgy. Lagundi - Brgy. San Andres Sitio Peña FMR, Brgy. Lagundi and Brgy. San Andres, Catbalogan City, Samar",30000000,2.081,14414450.55,"[11.771827, 124.912301]","[11.784956, 124.898674]",2 - HB 10858 VOL IB.pdf,716
"Construction of Kimmulluong FMR, Brgy. Sinaoangan Sur, San Agustin, Isabela",15000000,1.041,14407013.38,"[16.439942, 121.755215]","[16.442439, 121.745806]",2 - HB 10858 VOL IB.pdf,678
"Construction of Brgy. Talongonan FMR, Passi City, Iloilo",20000000,1.396,14330395.79,"[11.1236, 122.680936]","[11.114629, 122.689882]",2 - HB 10858 VOL IB.pdf,708
"Construction of Brgy. San Francisco to Dabburab FMR, Brgy. San Francisco - Brgy. Dabburab,",15000000,1.048,14311451.01,"[16.893291, 121.798102]","[16.899356, 121.805643]",2 - HB 10858 VOL IB.pdf,676
"Concreting of Sitio Pole Dyutay, Brgy. La Paz FMR, Brgy. La Paz, Zamboanga City",10000000,0.7,14290111.19,"[6.9979149, 121.9675863]","[6.9953435, 121.9733734]",2 - HB 10858 VOL IB.pdf,718
"Construction of Brgy. Cabungaan A FMR, Laoag City, Ilocos Norte",5000000,0.352,14188966.7,"[18.185707, 120.5554072]","[18.185762, 120.552072]",2 - HB 10858 VOL IB.pdf,668
"Construction of Brgy. Tablon (Sitio Manila) FMR, Cagayan de Oro City",15000000,1.059,14164413.16,"[8.47737, 124.741232]","[8.467992, 124.74291]",2 - HB 10858 VOL IB.pdf,718
"Concreting of Sitio Bulao, Brgy. Digdigon - Brgy. Cagaycay FMR, Goa, Camarines Sur",15000000,1.059,14163433.01,"[13.721938, 123.432392]","[13.725354, 123.441544]",2 - HB 10858 VOL IB.pdf,704
"Construction of Brgy. Balaybuaya FMR, Brgy. Balaybuaya, Bayambang, Pangasinan",5000000,0.354,14136810.02,"[15.839035, 120.3854827]","[15.8364083, 120.3836181]",2 - HB 10858 VOL IB.pdf,672
"Construction of Brgy. Malabobo FMR, Brgy. Malabobo, Mangatarem, Pangasinan",5000000,0.354,14136222.76,"[15.716704, 120.320382]","[15.715687, 120.323513]",2 - HB 10858 VOL IB.pdf,668
"Concreting of Brgy. Calumpit FMR, Brgy. Calumpit, Lobo, Batangas",5000000,0.355,14074086.45,"[13.697116, 121.228371]","[13.694767, 121.2306]",2 - HB 10858 VOL IB.pdf,696
"Construction of Sitio Kabaringan, Brgy. Apale FMR, Brgy. Apale, Isabel, Leyte",15000000,1.068,14045937.82,"[11.874, 124.489556]","[11.883361, 124.49175]",2 - HB 10858 VOL IB.pdf,712
"Construction of Brgy. Cambuja to Brgy. Bubucal FMR, Brgy. Cambuja, Brgy. Bubucal,",15000000,1.068,14042960.48,"[14.468351, 121.403844]","[14.477461, 121.406991]",2 - HB 10858 VOL IB.pdf,692
"Construction of Brgy. 56-A Bacsil North FMR, Laoag City, Ilocos Norte",5000000,0.361,13868990.41,"[18.199129, 120.658565]","[18.202189, 120.659693]",2 - HB 10858 VOL IB.pdf,670
"Construction of Sitio Crossing to Sitio Proper, Brgy. Agdahon FMR, Brgy. Agdahon,",15000000,1.086,13809187.78,"[11.3072725, 122.73064736]","[11.29820649, 122.72693737]",2 - HB 10858 VOL IB.pdf,706
"Construction of Pag Oring Nuevo FMR, Brgy. Pag Oring Nuevo, Libmanan, Camarines Sur",15000000,1.087,13799034.16,"[13.655772, 122.983551]","[13.664561, 122.979146]",2 - HB 10858 VOL IB.pdf,702
"Construction of Brgy. Palapas- Brgy. Tibabo FMR, Pio Duran, Albay",15000000,1.088,13786084.14,"[13.106922, 123.482611]","[13.102792, 123.491719]",2 - HB 10858 VOL IB.pdf,704
"Construction of Brgy. Cumabao to Brgy. San Vicente FMR, Brgy. Cumabao, Tumauini, Isabela",30000000,2.188,13712308.79,"[17.317523, 121.884604]","[17.319327, 121.864081]",2 - HB 10858 VOL IB.pdf,674
"Construction of Brgy. Lohong FMR, Brgy. Lohong, Ragay, Camarines Sur",15000000,1.096,13682706.14,"[13.839758, 122.6580943]","[13.8366788, 122.6484485]",2 - HB 10858 VOL IB.pdf,702
"Construction of Brgy. Macañao to Brgy. Luyao FMR Phase II, Luna, Isabela",15000000,1.099,13644906.32,"[16.97488, 121.746106]","[16.973232, 121.756298]",2 - HB 10858 VOL IB.pdf,674
"Construction of Sitio Tikwi, Brgy. San Agustin FMR (Phase II), Brgy. San Agustin, Magallanes, Cavite",15000000,1.111,13500558.75,"[14.170133, 120.704357]","[14.172564, 120.694361]",2 - HB 10858 VOL IB.pdf,690
"Construction of Brgy. Nagbaya FMR, Brgy. Nagbaya, Castillejos, Zambales",6000000,0.447,13409342.7,"[14.927262, 120.164585]","[14.92702, 120.168742]",2 - HB 10858 VOL IB.pdf,688
"Construction of Brgy. Tutug-an to Sitio Nasunogan, Brgy. Tutug-an FMR, Brgy. Tutug-an, Barugo, Leyte",15000000,1.121,13380690.74,"[11.310222, 124.753556]","[11.300222, 124.754861]",2 - HB 10858 VOL IB.pdf,712
"Construction of Brgy. Kilada - Brgy. Lower Malamote FMR, Brgy. Kilada, Matalam, Cotabato",10000000,0.747,13380596.1,"[7.26464333, 125.00964167]","[7.26899333, 125.01480667]",2 - HB 10858 VOL IB.pdf,722
"Concreting of Brgy. Cuatro-Cuatro FMR, Dumalinao, Zamboanga del Sur",15000000,1.121,13377068.29,"[7.7422223, 123.3848278]","[7.7356059, 123.392508]",2 - HB 10858 VOL IB.pdf,717
"Construction of Labiano St., Brgy. Bagumbayan FMR, Brgy. Bagumbayan, Llanera, Nueva Ecija",8400000,0.63,13337355.55,"[15.6642119, 121.0248]","[15.660261, 121.020585]",2 - HB 10858 VOL IB.pdf,690
"Construction of Junction Road to Brgy. Pananawan FMR, Brgy. Pananawan, Cawayan, Masbate",15000000,1.125,13334725.07,"[12.056059, 123.694946]","[12.046163, 123.697093]",2 - HB 10858 VOL IB.pdf,702
"Construction of Brgy. Nagpalanga FMR, Brgy. Nagpalanga, Binmaley, Pangasinan",5000000,0.376,13309526.72,"[16.004986, 120.26113]","[16.001664, 120.26177]",2 - HB 10858 VOL IB.pdf,668
"Construction of Brgy. Cabisera 17-21 to Brgy. Sindon Maride FMR, Brgy. Cabisera 17-21,",45000000,3.387,13286565.36,"[17.075225, 121.970348]","[17.058111, 121.996705]",2 - HB 10858 VOL IB.pdf,674
"Construction of Brgy. Union FMR, Brgy. Union, San Francisco, Cebu",15000000,1.13,13272715.45,"[10.676349, 124.319768]","[10.682538, 124.311564]",2 - HB 10858 VOL IB.pdf,712
"Construction of Brgy. Salvacion FMR, Brgy. Salvacion, Balud, Masbate",15000000,1.131,13260544.5,"[12.0765807, 123.3218891]","[12.086753, 123.3217771]",2 - HB 10858 VOL IB.pdf,702
"Construction of Purok 2 Brgy. San Pedro FMR, Brgy. San Pedro, Alegria, Surigao del Norte",20000000,1.509,13252607.99,"[9.477103, 125.577653]","[9.478302, 125.563947]",2 - HB 10858 VOL IB.pdf,724
"Construction of South Low Nia-Boundary, Villa Gonzaga FMR, Brgy. Villa Gonzaga,",15000000,1.133,13240082.37,"[16.659161, 121.518281]","[16.658011, 121.507714]",2 - HB 10858 VOL IB.pdf,676
"Construction of Brgy. Bayawas FMR, Brgy. Bayawas, Pilar, Sorsogon",15000000,1.142,13138753.34,"[12.994626, 123.696995]","[12.984396, 123.696099]",2 - HB 10858 VOL IB.pdf,702
"Construction of Purok 3 to Purok 7, Brgy. Minongan FMR, Brgy. Minongan, Quezon, Bukidnon",30000000,2.285,13127707.8,"[7.717128, 125.142972]","[7.727758, 125.160722]",2 - HB 10858 VOL IB.pdf,718
"Construction of Brgy. Sto Niño Ilaya FMR, Brgy. Sto Niño Ilaya, Lopez, Quezon",15000000,1.144,13114859.7,"[13.782429, 122.33151]","[13.773244, 122.336277]",2 - HB 10858 VOL IB.pdf,694
"Construction of Brgy. Abkir FMR, Brgy. Abkir, Vintar, Ilocos Norte",20000000,1.529,13082754.18,"[18.2451915, 120.6481046]","[18.240661, 120.6617718]",2 - HB 10858 VOL IB.pdf,670
"Construction of Brgy. Macarang FMR, Brgy. Macarang, Mangatarem, Pangasinan",5000000,0.384,13015028.52,"[15.714733, 120.351651]","[15.712448, 120.348959]",2 - HB 10858 VOL IB.pdf,668
"Concreting of Brgy. Canhumadac to Brgy. Helino FMR, Brgy. Canhumadac and Brgy. Helino, Calbayog City, Samar",30000000,2.328,12888670.64,"[12.20116, 124.687317]","[12.216225, 124.702187]",2 - HB 10858 VOL IB.pdf,714
"Construction of Brgy. Gaid to Brgy. Divisoria FMR, Brgy. Gaid to Brgy. Divisoria,",15000000,1.169,12834067.02,"[12.178661, 123.886545]","[12.189137, 123.887421]",2 - HB 10858 VOL IB.pdf,702
"Construction of Brgy. Silop FMR, Brgy. Silop, Mainit, Surigao del Norte",10000000,0.783,12772543.67,"[9.608303, 125.522706]","[9.615314, 125.522047]",2 - HB 10858 VOL IB.pdf,724
"Construction of Brgy. Mantalongon FMR, Brgy. Mantalongon, Dalaguete, Cebu",15000000,1.19,12602162.87,"[9.847274, 123.495387]","[9.857976, 123.495615]",2 - HB 10858 VOL IB.pdf,712
"Construction of Brgy. Labnig FMR, Brgy. Labnig, Paracale, Camarines Norte",15000000,1.191,12595120.52,"[14.2771467, 122.8340083]","[14.2833583, 122.825005]",2 - HB 10858 VOL IB.pdf,706
"Construction of Purok 6 to Purok 4 Brgy. Pautao FMR, Brgy. Pautao, Bacuag, Surigao del Norte",20000000,1.592,12558993.19,"[9.57022, 125.644803]","[9.55837, 125.636647]",2 - HB 10858 VOL IB.pdf,724
"Construction of Purok-4, Santa Cruz to Purok-3, Brgy. Proper FMR, Butuan City",15000000,1.2,12499957.55,"[8.816953, 125.519814]","[8.806247, 125.521189]",2 - HB 10858 VOL IB.pdf,722
"Construction of Brgy. Banog Norte FMR, Brgy. Banog Norte, Bani, Pangasinan",30000000,2.401,12493812.36,"[16.189049, 119.898014]","[16.208783, 119.907145]",2 - HB 10858 VOL IB.pdf,666
"Construction of Brgy. Gaddanan - Brgy. Mataas na Kahoy - Brgy. Nagrumbuan FMR,",15000000,1.208,12416611.74,"[16.873803, 121.644906]","[16.879398, 121.654638]",2 - HB 10858 VOL IB.pdf,674
"Construction of Brgy. Siana to Brgy. Dayano FMR, Brgy. Siana, Mainit, Surigao del Norte",15000000,1.226,12231807.88,"[9.539069, 125.567992]","[9.535853, 125.578689]",2 - HB 10858 VOL IB.pdf,724
"Construction of Brgy. Magacan to Brgy. Callungan FMR, Brgy. Magacan and Brgy. Callungan, Sanchez Mira, Cagayan",20000000,1.65,12122164.56,"[18.608027, 121.185357]","[18.600515, 121.198858]",2 - HB 10858 VOL IB.pdf,676
"Construction of Brgy. San Antonio Santicon FMR, Brgy. San Antonio Santicon,",15000000,1.248,12014939.7,"[13.342736, 123.851581]","[13.350572, 123.843317]",2 - HB 10858 VOL IB.pdf,702
"Concreting of Amontoc FMR (Palpalidan Section), Brgy. Amontoc, San Gabriel, La Union",5000000,0.418,11958377.47,"[16.6688241, 120.4489651]","[16.666329, 120.4460286]",2 - HB 10858 VOL IB.pdf,672
"Construction of Brgy. Bayogo Proper to Kamonohan FMR, Brgy. Bayogo,",15000000,1.255,11948312.42,"[9.233517, 125.9244]","[9.223786, 125.9186]",2 - HB 10858 VOL IB.pdf,724
"Concreting of Purok 5, Labinay FMR, Brgy. Labinay, Ozamiz City, Misamis Occidental",30000000,2.519,11910696.1,"[8.119788, 123.746943]","[8.134596, 123.729628]",2 - HB 10858 VOL IB.pdf,720
"Construction of Brgy. Cabasan to Brgy. Pongco FMR, Brgy. Cabasan and Brgy. Pongco,",15000000,1.263,11877020.57,"[13.324912, 123.879494]","[13.334669, 123.885469]",2 - HB 10858 VOL IB.pdf,702
"Construction of Brgy. Taguranao FMR, Brgy. Taguranao, Matalam, Cotabato",10000000,0.853,11727387.39,"[7.28425333, 124.96342333]","[7.276585, 124.963365]",2 - HB 10858 VOL IB.pdf,722
"Concreting of Brgy. Sulsugin FMR, Brgy. Sulsugin, Nagcarlan, Laguna",10000000,0.856,11683942.85,"[10.844435, 123.101874]","[10.844311, 123.10971]",2 - HB 10858 VOL IB.pdf,694
"Concreting of Hacienda Amanda, Brgy. VIII FMR, Brgy. VIII, Victorias City, Negros Occidental",10000000,0.856,11683942.85,"[10.844435, 123.101874]","[10.844311, 123.10971]",2 - HB 10858 VOL IB.pdf,710
"Construction of Brgy. Tabangao Ambulong FMR, Brgy. Tabangao Ambulong, Batangas City",20000000,1.723,11610879.96,"[13.714614, 121.067861]","[13.707998, 121.082279]",2 - HB 10858 VOL IB.pdf,694
"Construction of Brgy. Mompeller to Brgy. Apo FMR, Brgy. Mompeller and Brgy. Apo, Argao, Cebu",15000000,1.293,11599028.88,"[9.986601, 123.534682]","[9.990804, 123.523671]",2 - HB 10858 VOL IB.pdf,712
"Construction of Brgy. Bocacliw FMR, Brgy. Bocacliw, Aguilar, Pangasinan",5000000,0.431,11589873.06,"[15.841452, 120.256361]","[15.845322, 120.256647]",2 - HB 10858 VOL IB.pdf,668
"Construction of Brgy. Dagupan FMR, Brgy. Dagupan, Aglipay, Quirino",5000000,0.432,11581696.36,"[16.52781, 121.61424]","[16.531522, 121.615427]",2 - HB 10858 VOL IB.pdf,680
"Construction of Brgy. Cuyaoyao to Brgy. Flores FMR, Pio Duran, Albay",15000000,1.296,11574878.35,"[13.095853, 123.461192]","[13.095122, 123.44925]",2 - HB 10858 VOL IB.pdf,704
"Construction of Purok 3 to Purok 2 Brgy. Pungtod FMR, Brgy. Pungtod, Bacuag, Surigao del Norte",20000000,1.73,11561026.43,"[9.558542, 125.634408]","[9.570236, 125.644814]",2 - HB 10858 VOL IB.pdf,724
"Construction of Sitio Malapia, Brgy. Samil FMR, Lucban, Quezon",5000000,0.435,11486300.51,"[14.132659, 121.527422]","[14.136567, 121.527185]",2 - HB 10858 VOL IB.pdf,692
"Construction of Sitio Agcararao, Brgy. Jaguimitan FMR, Brgy. Jaguimitan,",15000000,1.323,11340204.48,"[11.148981, 122.693682]","[11.14378, 122.704586]",2 - HB 10858 VOL IB.pdf,708
"Construction of Brgy. San Antonio FMR, Brgy. San Antonio, Cauayan City, Isabela",18000000,1.593,11300054.97,"[16.880751, 121.794014]","[16.866792, 121.797378]",2 - HB 10858 VOL IB.pdf,676
"Construction of Brgy. Dapdap FMR, Brgy. Dapdap, Tayabas City, Quezon",15000000,1.345,11152036.37,"[14.32535, 121.332992]","[14.3354, 121.33994]",2 - HB 10858 VOL IB.pdf,690
"Construction of Sitio Guiringan FMR, Sta. Maria, Piddig, Ilocos Norte",20000000,1.807,11067865.08,"[18.139841, 120.76662]","[18.134498, 120.75047]",2 - HB 10858 VOL IB.pdf,668
"Concreting of Brgy. Sebasi to Brgy. Bernad Old Road FMR, Clarin, Misamis Occidental",10000000,0.904,11058264.49,"[8.20336111, 123.75006111]","[8.20935556, 123.74450833]",2 - HB 10858 VOL IB.pdf,720
"Construction of Brgy. Ilog to Brgy. Pilaway to Brgy. Agos-Agos FMR, Brgy. Ilog to",15000000,1.357,11054210.91,"[14.747318, 121.637986]","[14.741404, 121.626948]",2 - HB 10858 VOL IB.pdf,692
"Construction of Brgy. Manupal FMR, Brgy. Manupal, Matalam, Cotabato",10000000,0.914,10938378.24,"[7.03232167, 124.91225167]","[7.04054333, 124.91222667]",2 - HB 10858 VOL IB.pdf,722
"Construction of Brgy. Maramara to Purok 3, Brgy. Maramara FMR, Brgy. Maramara, Don Victoriano, Misamis Occidental",10000000,0.914,10935686.64,"[8.162395, 123.569125]","[8.168494, 123.574698]",2 - HB 10858 VOL IB.pdf,718
"Construction of Brgy. Ilayang Ilasan FMR, Brgy. Ilayang Ilasan, Tayabas City, Quezon",15000000,1.372,10934086.68,"[14.06736, 121.629311]","[14.078375, 121.623582]",2 - HB 10858 VOL IB.pdf,690
"Construction of Sitio Bustamante, Brgy. Tagbakin FMR, Brgy. Tagbakin, Tiaong, Quezon",15000000,1.376,10897873.05,"[13.91963, 121.370545]","[13.931177, 121.37514]",2 - HB 10858 VOL IB.pdf,692
"Construction of Road 10, Brgy. Paradise - Brgy. Sampoli B FMR, Diplahan, Zamboanga Sibugay",15000000,1.38,10868529.15,"[7.771334, 122.97203]","[7.777599, 122.961216]",2 - HB 10858 VOL IB.pdf,717
"Construction of Tinangis FMR, Brgy. Tinangis, Pili, Camarines Sur",15000000,1.381,10862215.97,"[13.636657, 123.3136]","[13.64544, 123.322635]",2 - HB 10858 VOL IB.pdf,702
"Construction of Purok Angeles to Purok Mainuswagon, Brgy. Bambad FMR, Brgy. Bambad, Isulan, Sultan Kudarat",15000000,1.405,10675301.61,"[6.56222381577815, 124.612613328537]","[6.57483965877646, 124.611886962099]",2 - HB 10858 VOL IB.pdf,722
"Construction of Brgy. Don Pablo Dela Rosa FMR, Brgy. Don Pablo Dela Rosa,",15000000,1.406,10670852.98,"[12.5448758, 123.332655]","[12.5440274, 123.3455767]",2 - HB 10858 VOL IB.pdf,702
"Construction of Brgy. Taclobo to Brgy. Pili FMR, Brgy. Taclobo, San Fernando, Romblon",15000000,1.413,10615855.55,"[12.307468, 122.591343]","[12.314025, 122.580202]",2 - HB 10858 VOL IB.pdf,700
"Construction of Sitio Gugo, Brgy. San Jose Sico FMR, Brgy. San Jose Sico, Batangas City, Batangas",15000000,1.413,10613831.77,"[13.741011, 121.170832]","[13.753611, 121.172547]",2 - HB 10858 VOL IB.pdf,690
"Construction of Brgy. Pinagtubigan Weste to Brgy. Pambuhan FMR,",30000000,2.871,10447657.8,"[14.176525, 121.94152]","[14.179306, 121.968]",2 - HB 10858 VOL IB.pdf,692
"Construction of Brgy. Agpo to Brgy. Camagong FMR, Brgy. Agpo, Lagonoy and Brgy. Camagong, San Jose, Camarines Sur",15000000,1.442,10403065.6,"[13.725336, 123.529748]","[13.716893, 123.519617]",2 - HB 10858 VOL IB.pdf,702
"Construction of Brgy. Tamisan FMR, Brgy. Tamisan, Jose Panganiban, Camarines Norte",15000000,1.448,10359823.35,"[14.201182, 122.688212]","[14.195687, 122.676035]",2 - HB 10858 VOL IB.pdf,702
"Construction of Purok 4 Brgy. Cabugo to Togonon FMR, Brgy. Cabugo,",25000000,2.416,10348001.13,"[9.542099, 125.761306]","[9.523056, 125.750699]",2 - HB 10858 VOL IB.pdf,724
"Construction of Sitio Dinacpan, Brgy. Karikitan to Sitio Tagtagat, Brgy. Calafug FMR,",30000000,2.908,10317038.06,"[17.742185, 121.363136]","[17.732843, 121.337492]",2 - HB 10858 VOL IB.pdf,672
"Improvement of Sagpat-God-ang-Manawal FMR, Brgy. Sagpat to Brgy. Lubo, Kibungan, Benguet",25000000,2.43,10289192.33,"[16.6609, 120.6608]","[16.6603, 120.6836]",2 - HB 10858 VOL IB.pdf,674
"Construction of Brgy. Macalong FMR, Brgy. Macalong, Asingan, Pangasinan",10000000,0.976,10245555.61,"[16.0121054, 120.6488537]","[16.020365, 120.6457628]",2 - HB 10858 VOL IB.pdf,668
"Construction of Sinuknipan II to Sinagawsawan (Peñafrancia) FMR, Brgy. Sinuknipan II",15000000,1.471,10195689.93,"[13.8911317, 122.6304639]","[13.8964267, 122.6179733]",2 - HB 10858 VOL IB.pdf,702
"Construction of Sitio Malabnig, Brgy. Balatbat FMR, Brgy. Balatbat, Lobo, Batangas",30000000,2.969,10103031.24,"[13.656022, 121.198108]","[13.675858, 121.179708]",2 - HB 10858 VOL IB.pdf,690
"Construction of Purok Magtatanim Brgy. Matin-ao FMR, Brgy. Matin-ao, Mainit, Surigao del Norte",20000000,1.98,10100353.57,"[9.547383, 125.480531]","[9.529936, 125.484147]",2 - HB 10858 VOL IB.pdf,724
"Concreting of Brgy. Sto. Domingo - Brgy. Salvacion FMR, Alicia, Isabela",10000000,0.997,10027241.97,"[16.847011, 121.654172]","[16.83805, 121.653782]",2 - HB 10858 VOL IB.pdf,678
"Construction of Brgy. Pulang-lupa FMR, Brgy. Pulang-lupa, M'lang, Cotabato",10000000,1.006,9944626.45,"[6.9321198, 124.9624363]","[6.9320834, 124.9533265]",2 - HB 10858 VOL IB.pdf,722
"Construction of Purok 3/Purok 5 Boundary Road, Brgy. Dalipe FMR, Brgy. Dalipe, M'lang, Cotabato",10000000,1.006,9944626.45,"[6.9321198, 124.9624363]","[6.9320834, 124.9533265]",2 - HB 10858 VOL IB.pdf,722
"Construction of Sitio Gandia, Alinunu FMR, Brgy. Alinunu, Abulug, Cagayan",15000000,1.514,9907370.47,"[18.420939, 121.447319]","[18.434371, 121.444968]",2 - HB 10858 VOL IB.pdf,676
"Construction of Sitio Cabonga-an Brgy. Himama-ug FMR, Brgy. Himama-ug, Taganaan, Surigao del Norte",15000000,1.521,9858778.67,"[9.701861, 125.568497]","[9.694806, 125.556603]",2 - HB 10858 VOL IB.pdf,724
"Concreting of Purok 3 - Purok 5, Brgy. Casili FMR, Brgy. Casili, Gubat, Sorsogon",15000000,1.547,9699088.33,"[12.9190999, 124.074145]","[12.9067021, 124.0676778]",2 - HB 10858 VOL IB.pdf,706
"Construction of Brgy. Bacnono FMR, Brgy. Bacnono, Bayambang, Pangasinan",5000000,0.516,9698219.28,"[15.8224374, 120.4678465]","[15.8248302, 120.4719743]",2 - HB 10858 VOL IB.pdf,672
"Concreting of Sitio Culduroy, Brgy. Dibuluan FMR with Slope Protection, Brgy. Dibuluan, San Mariano, Isabela",10000000,1.032,9693723.68,"[16.990515, 122.094584]","[16.988675, 122.104092]",2 - HB 10858 VOL IB.pdf,678
"Construction of Brgy. Sulpa to Sitio Agob-ob FMR, Brgy. Sulpa, Villaba, Leyte",15000000,1.555,9648952.54,"[11.175164, 124.451056]","[11.164797, 124.460617]",2 - HB 10858 VOL IB.pdf,714
"Construction of Brgy. Maglipad FMR, Brgy. Maglipad, Calauag, Quezon",15000000,1.571,9548028.46,"[13.9108245, 122.343912]","[13.923608, 122.35011]",2 - HB 10858 VOL IB.pdf,694
"Construction of Brgy. Iraray FMR, Brgy. Iraray, Sofronio Española, Palawan",15000000,1.571,9547906.76,"[8.972188889, 118.0084278]","[8.9656, 118.0210806]",2 - HB 10858 VOL IB.pdf,700
"Construction of Capayahan-Marga-San Pablo Road FMR, Brgy. Capayahan,",25000000,2.636,9484118.98,"[9.587742, 125.555036]","[9.564089, 125.556642]",2 - HB 10858 VOL IB.pdf,724
"Construction of Brgy. Pagdugue - Brgy. Cansilayan FMR, Dumangas, Iloilo",16500000,1.74,9481538.13,"[10.8624, 122.6756]","[10.8577, 122.6908]",2 - HB 10858 VOL IB.pdf,708
"Construction of Sitio Amamaylan to Purok 1 Obod-obod, Brgy. Baan Km. 3 FMR, Butuan City",15000000,1.592,9419935.49,"[8.94674, 125.565585]","[8.938061, 125.577116]",2 - HB 10858 VOL IB.pdf,722
"Construction of Purok 5 Brgy. Panatao FMR, Brgy. Panatao, Claver, Surigao del Norte",15000000,1.611,9313040.9,"[9.547521, 125.749194]","[9.534987, 125.756556]",2 - HB 10858 VOL IB.pdf,724
"Construction of Brgy. Nagaasan to Sitio Camaoy FMR, Brgy. Nagaasan, Babatngon, Leyte",15000000,1.615,9289705.14,"[11.3767, 124.922736]","[11.389431, 124.915611]",2 - HB 10858 VOL IB.pdf,712
"Construction of Brgy. Dorongan Linmasangan FMR, Brgy. Dorongan Linmasangan,",5000000,0.539,9284164.02,"[15.850466, 120.295763]","[15.855191, 120.294657]",2 - HB 10858 VOL IB.pdf,668
"Construction of Brgy. Tampog FMR, Brgy. Tampog, Bayambang, Pangasinan",10000000,1.092,9159762.69,"[15.738362, 120.451046]","[15.745048, 120.458516]",2 - HB 10858 VOL IB.pdf,672
"Concreting of Brgy. Turod Sur FMR, Brgy. Turod Sur, Cordon, Isabela",15000000,1.658,9049655.76,"[16.67212, 121.478237]","[16.675481, 121.493397]",2 - HB 10858 VOL IB.pdf,678
"Construction of Brgy. Hanggan FMR, Brgy. Hanggan, Calauan, Laguna",15000000,1.673,8966170.82,"[14.177882, 121.306175]","[14.192844, 121.304545]",2 - HB 10858 VOL IB.pdf,690
"Construction of Brgy. Rizal FMR, Brgy. Rizal, San Narciso, Quezon",15000000,1.686,8896167.92,"[13.544344, 122.605054]","[13.554536, 122.593505]",2 - HB 10858 VOL IB.pdf,692
"Construction of Brgy. Bacao FMR, Brgy. Bacao, Taysan, Batangas",15000000,1.733,8657493.81,"[13.716277, 121.207298]","[13.716236, 121.191259]",2 - HB 10858 VOL IB.pdf,690
"Construction of Brgy. 36 Araniw FMR, Laoag City, Ilocos Norte",5000000,0.586,8529138.51,"[18.1802783, 120.537609]","[18.1843623, 120.5411182]",2 - HB 10858 VOL IB.pdf,670
"Construction of Brgy. Salvacion FMR, Brgy. Salvacion, Monkayo, Davao de Oro",30000000,3.518,8527675.92,"[7.82447760013657, 126.088022252503]","[7.84160425495891, 126.114873963573]",2 - HB 10858 VOL IB.pdf,720
"Construction of P3 Luna to Sitio Bunga, Brgy. Luna FMR Phase 2, Brgy. San Jose, Dinagat Islands",15000000,1.76,8520963.5,"[10.177797, 125.561844]","[10.186664, 125.575169]",2 - HB 10858 VOL IB.pdf,724
"Construction of Brgy. San Pedro to Fish Landing FMR, Brgy. San Pedro,",15000000,1.784,8407482.68,"[9.477211, 125.577586]","[9.478781, 125.561397]",2 - HB 10858 VOL IB.pdf,724
"Concreting of Brgy. Osmeña - Brgy. Bangon FMR, Palapag, Northern Samar",5000000,0.6,8332413.9,"[12.499825, 125.1325]","[12.504017, 125.135981]",2 - HB 10858 VOL IB.pdf,716
"Concreting of Brgy. Libaong - Brgy. Lourdes FMR, Panglao, Bohol",15000000,1.823,8228059.33,"[9.5812954, 123.8057849]","[9.5964536, 123.7994497]",2 - HB 10858 VOL IB.pdf,712
"Construction of Sitio Tugas, Brgy. Agpay FMR, Brgy. Agpay, Guinobatan, Albay",15000000,1.848,8118441.03,"[13.1927567, 123.5633417]","[13.1776429, 123.5562502]",2 - HB 10858 VOL IB.pdf,702
"Concreting of Daray-Asen Sapang, Brgy. San Vicente FMR, Brgy. San Vicente,",15000000,1.851,8102121.88,"[16.128851, 120.000959]","[16.129981, 120.018251]",2 - HB 10858 VOL IB.pdf,672
"Construction of Brgy. Cabungaan B FMR, Laoag City, Ilocos Norte",5000000,0.625,7996858.77,"[18.18305, 120.5469875]","[18.180417, 120.541758]",2 - HB 10858 VOL IB.pdf,668
"Construction of Malingawon, Brgy. Biwang FMR, Brgy. Biwang, Bagumbayan, Sultan Kudarat",15000000,1.883,7967700.5,"[6.61855698409782, 124.580295517465]","[6.60709951557477, 124.567747200029]",2 - HB 10858 VOL IB.pdf,722
"Construction of Brgy. 49-B Raraburan FMR, Laoag City, Ilocos Norte",5000000,0.63,7942225.05,"[18.176329, 120.582357]","[18.177, 120.57644]",2 - HB 10858 VOL IB.pdf,670
"Construction of Brgy. 60-A Caaoacan FMR, Laoag City, Ilocos Norte",5000000,0.635,7872280.68,"[18.253655, 120.562703]","[18.248623, 120.559857]",2 - HB 10858 VOL IB.pdf,670
"Concreting of Brgy. San Antonio FMR, Brgy. San Antonio, Ramon, Isabela",10000000,1.274,7848281.63,"[16.753945, 121.522709]","[16.742491, 121.522362]",2 - HB 10858 VOL IB.pdf,678
"Construction of Sitio Sto. Niño, Poblacion 2 to Sitio Balete, Brgy. Imelda, Claveria FMR, Poblacion 2, Claveria, Masbate",15000000,1.925,7790550.49,"[12.9007193, 123.2249072]","[12.90284722, 123.20727778]",2 - HB 10858 VOL IB.pdf,702
"Construction of Brgy. Balagunan FMR, Siocon, Zamboanga del Norte",15000000,1.93,7771687.1,"[7.7325602, 122.1075057]","[7.7476971, 122.0989328]",2 - HB 10858 VOL IB.pdf,717
"Construction of Montapet, Brgy. Ambalgan FMR, Brgy. Ambalgan, Sto. Niño, South Cotabato",15000000,1.941,7728424.73,"[6.42140815062562, 124.692822455377]","[6.40745304849185, 124.703373012734]",2 - HB 10858 VOL IB.pdf,722
"Construction of Brgy. Namurabod to Labawon FMR, Brgy. Namurabod, Buhi, Camarines Sur",15000000,1.961,7651002.74,"[13.366323, 123.566065]","[13.383938, 123.566847]",2 - HB 10858 VOL IB.pdf,702
"Concreting of Brgy. Camangcamang FMR, Brgy. Camangcamang, Isabela, Negros Occidental",15000000,1.97,7615355.62,"[10.1777994, 122.987908]","[10.1742879, 122.9702681]",2 - HB 10858 VOL IB.pdf,710
"Construction of Brgy. Banuar FMR, Brgy. Banuar, Cabarroguis, Quirino",5000000,0.657,7608549.76,"[16.499499, 121.564085]","[16.493626, 121.563397]",2 - HB 10858 VOL IB.pdf,680
"Construction of Purok Luyan, Brgy. Kalanawe 2 to Purok 2, Brgy. Tinaungan FMR, Brgy. Kalanawe 2 and Brgy. Tinaungan, Pres. Quirino, Sultan Kudarat",15000000,1.98,7575606.34,"[6.73457846364301, 124.7184694719285]","[6.727797358076292, 124.7018900066749]",2 - HB 10858 VOL IB.pdf,722
"Concreting of Brgy. Ilog-Ilog - Brgy. Narorogan FMR, Brgy. Ilog-Ilog and Brgy. Narrorogan, Miagao, Iloilo",27500000,3.81,7217810.05,"[10.616564, 122.17104]","[10.649872, 122.162861]",2 - HB 10858 VOL IB.pdf,708
"Construction of Brgy. Pantao FMR, Brgy. Pantao, Talipao, Sulu",15000000,2.098,7148309.9,"[5.9850219, 121.0321915]","[5.96616, 121.031592]",2 - HB 10858 VOL IB.pdf,717
"Construction of Brgy. Baug FMR, Brgy. Baug, Urbiztondo, Pangasinan",5000000,0.701,7137134.65,"[15.827715, 120.359248]","[15.825486, 120.365373]",2 - HB 10858 VOL IB.pdf,668
"Construction of Brgy. Tambac FMR, Brgy. Tambac, Bayambang, Pangasinan",5000000,0.703,7116014.73,"[15.824219, 120.45689]","[15.821265, 120.451084]",2 - HB 10858 VOL IB.pdf,672
"Concreting of Sitio Bitin, Brgy. Kaypaaba FMR, Brgy. Kaypaaba,",5000000,0.709,7051491.24,"[14.185826, 120.787881]","[14.191581, 120.785048]",2 - HB 10858 VOL IB.pdf,698
"Construction of Brgy. Plaridel FMR, Brgy. Plaridel, Aborlan, Palawan",15000000,2.14,7007757.64,"[9.363921, 118.4984257]","[9.3514001, 118.5132442]",2 - HB 10858 VOL IB.pdf,700
"Construction of Brgy. Villa Tañada FMR, Brgy. Villa Tañada, Gumaca, Quezon",5500000,0.786,6996865.78,"[13.857562, 122.177922]","[13.851551, 122.181754]",2 - HB 10858 VOL IB.pdf,694
"Construction of Brgy. Villamore FMR, Brgy. Villamore, Cabarroguis, Quirino",5000000,0.715,6990031.07,"[16.487965, 121.50996]","[16.485072, 121.515952]",2 - HB 10858 VOL IB.pdf,680
"Construction of Brgy. Kamuning FMR, Brgy. Kamuning, Puerto Princesa, Palawan",10000000,1.431,6988197.67,"[9.53838283, 118.63826491]","[9.52798656, 118.6305737]",2 - HB 10858 VOL IB.pdf,700
"Construction of Sitio Tagpaco to Sitio Mahayag FMR, Brgy. Sinalac, Initao, Misamis Oriental",30000000,4.327,6932544.8,"[8.4601267, 124.3707783]","[8.4236269, 124.3844289]",2 - HB 10858 VOL IB.pdf,718
"Construction of Brgy. Bahaybahay to Brgy. Poblacion II FMR, Brgy. Bahaybahay and Brgy. Poblacion II, Sikatuna, Bohol",15000000,2.208,6792278.67,"[9.703295, 123.991318]","[9.699418, 123.971557]",2 - HB 10858 VOL IB.pdf,712
"Construction of Brgy. Villa Cardenas - Brgy. Balagbag FMR, Saguday & Diffun FMR, Quirino",5000000,0.747,6690101.42,"[16.552728, 121.540652]","[16.555554, 121.53429]",2 - HB 10858 VOL IB.pdf,680
"Construction of Sitio Crossing to Sitio Sabang, Brgy. Hagonghong FMR, Brgy. Hagonghong,",15000000,2.289,6553004.99,"[13.673365, 122.472523]","[13.671132, 122.493584]",2 - HB 10858 VOL IB.pdf,692
"Construction of Brgy. Manlingay - Brgy. Bugnay - Brgy. Napasu-An - Brgy. Tadlong FMR, Mabinay, Negros Oriental",30000000,4.604,6516126.68,"[9.735455, 122.891646]","[9.707952, 122.923047]",2 - HB 10858 VOL IB.pdf,710
"Construction of Brgy. Ibag to Brgy. Sta. Rosa FMR, Brgy. Ibag and Brgy. Sta. Rosa,",15000000,2.328,6443215.74,"[11.321083, 124.801833]","[11.300472, 124.805583]",2 - HB 10858 VOL IB.pdf,712
"Construction of Brgy. Calican FMR, Brgy. Calican, Pinan, Zamboanga del Norte",15000000,2.332,6432285.2,"[8.391587, 123.406152]","[8.370651, 123.407394]",2 - HB 10858 VOL IB.pdf,716
"Construction of Brgy. Gueteb to Brgy. Balangay FMR, Brgy. Gueteb, Urbiztondo, Pangasinan",5000000,0.788,6347938.32,"[15.845887, 120.357574]","[15.849344, 120.364001]",2 - HB 10858 VOL IB.pdf,668
"Construction of Brgy. San Vicente FMR, Brgy. San Vicente, Alcala, Pangasinan",15000000,2.365,6341408.62,"[15.846423, 120.5257]","[15.841847, 120.504105]",2 - HB 10858 VOL IB.pdf,668
"Construction of PRJ Sitio Luagon to Proper Brgy. Gamut FMR, Gamut, Barobo, Surigao del Sur",15000000,2.377,6310956.04,"[8.5284, 126.28829]","[8.507497, 126.283772]",2 - HB 10858 VOL IB.pdf,724
"Construction of Brgy. Nancalabasaan - Brgy. Don Montano FMR, Brgy. Nancalabasaan and",15000000,2.403,6242363.96,"[15.937554, 120.843383]","[15.92928, 120.864144]",2 - HB 10858 VOL IB.pdf,672
"Construction of Brgy. Santa Catalina to Brgy. La Trinidad FMR, Brgy. Santa Catalina and",15000000,2.409,6225664.36,"[12.482147, 124.749567]","[12.495889, 124.732408]",2 - HB 10858 VOL IB.pdf,714
"Construction of Brgy. San Isidro to Brgy. Binga FMR, Brgy. San Isidro,",15000000,2.438,6152271.1,"[9.575956, 125.500932]","[9.555472, 125.493]",2 - HB 10858 VOL IB.pdf,724
"Concreting of Brgy. San Rafael - Brgy. Salvacion FMR, Sta. Magdalena, Sorsogon",15000000,2.456,6108229.21,"[12.663459, 124.130357]","[12.668945, 124.108431]",2 - HB 10858 VOL IB.pdf,706
"Construction of Brgy. Estanza FMR Phase III, Brgy. Estanza, Lingayen, Pangasinan",5000000,0.819,6107214.89,"[16.03266, 120.171626]","[16.032817, 120.179285]",2 - HB 10858 VOL IB.pdf,668
"Construction of Brgy. Luna Weste - Brgy. Concepcion FMR, Brgy. Luna Weste and",10000000,1.642,6088995.66,"[15.861034, 120.784646]","[15.855045, 120.770611]",2 - HB 10858 VOL IB.pdf,668
"Construction of Purok 2 to Purok 6 and 7 FMR, Brgy. Malipo, Camalig, Albay",15000000,2.495,6011114.75,"[13.1254462, 123.5543186]","[13.1031111, 123.5520781]",2 - HB 10858 VOL IB.pdf,704
"Construction of Brgy. Maliwanag FMR, Baroy, Lanao del Norte",10000000,1.667,5997764.9,"[7.9835609, 123.8287345]","[7.9982649, 123.8316993]",2 - HB 10858 VOL IB.pdf,718
"Construction of Brgy. Naga FMR, Brgy. Naga, Laak, Davao de Oro",30000000,5.142,5834711.6,"[7.74849452436791, 125.840136398945]","[7.70397987982827, 125.827509015218]",2 - HB 10858 VOL IB.pdf,720
"Construction of Brgy. San Isidro - Lafurtuna FMR, Brgy. San Isidro to Brgy. Lafurtuna, Payao, Zamboanga Sibugay",15000000,2.572,5833052.45,"[7.5993043, 122.8949955]","[7.6172133, 122.8802333]",2 - HB 10858 VOL IB.pdf,717
"Concreting of Brgy. Luna - Brgy. Nipa FMR, Brgy. Luna and Brgy. Nipa, Tagapul-an, Samar",13200000,2.267,5821461.06,"[12.070426, 124.173547]","[12.077082, 124.193258]",2 - HB 10858 VOL IB.pdf,714
"Construction of Purok 7, Brgy. Nueva Era FMR, San Manuel, Isabela",10900000,1.875,5814536.08,"[16.713485, 121.8638923]","[16.6966265, 121.8637929]",2 - HB 10858 VOL IB.pdf,678
"Concreting of Villaflores - Tactac FMR, Brgy.Villaflores, Sta. Fe, Nueva Vizcaya",10000000,1.768,5655606.02,"[16.161547, 120.946435]","[16.145916, 120.943395]",2 - HB 10858 VOL IB.pdf,678
"Construction of Sitio Guia, Brgy. Polayagan to Sitio Sambacan, Brgy. Barangiran FMR Phase I,",15000000,2.676,5604924.04,"[7.41266016861049, 124.551231732243]","[7.39095313952864, 124.561714405159]",2 - HB 10858 VOL IB.pdf,720
"Construction of Brgy. Bitoka to Brgy. Milaya FMR, Brgy. Bitoka and Brgy. Milaya,",15000000,2.715,5525172.07,"[7.18960953944742, 124.594301727838]","[7.2137854897779, 124.590865174337]",2 - HB 10858 VOL IB.pdf,720
"Construction of Brgy. Sibula to Brgy. Dampalan FMR, Brgy. Sibula, Lopez Jaena, Misamis Occidental",20000000,3.669,5450599.91,"[8.558266, 123.7240235]","[8.531495, 123.7045133]",2 - HB 10858 VOL IB.pdf,718
"Concreting of JNH Bantogon (Santa Clara) Nursery - Nalugdas FMR Phase I, Brgy. Bantogon, Kalamansig, Sultan Kudarat",15000000,2.781,5393937.25,"[6.49064834772893, 124.069589180815]","[6.48221089026929, 124.093283785029]",2 - HB 10858 VOL IB.pdf,722
"Construction of Brgy. Villahermosa to Brgy. Garrido to Brgy. K. Bugtong FMR,",15000000,2.838,5284959.11,"[11.492, 124.381111]","[11.468139, 124.371861]",2 - HB 10858 VOL IB.pdf,714
"Construction of Purok 2 - Purok 3 - Purok 4, Brgy. New Consolacion FMR Phase I,",15000000,2.895,5180801.13,"[6.98788736205525, 124.965019602673]","[6.98690685210853, 124.938805306888]",2 - HB 10858 VOL IB.pdf,722
"Construction of Cata'lappan-Sinamar, Brgy. Anonat FMR, Paracelis, Mountain Province",30000000,5.805,5168183.92,"[17.165848, 121.564883]","[17.17197, 121.510622]",2 - HB 10858 VOL IB.pdf,672
"Construction of Brgy. Tubod to Brgy. Magsico FMR, Brgy. Tubod and Brgy. Magsico, San Fernando, Cebu",15000000,2.912,5151005.86,"[10.218155, 123.641789]","[10.237786, 123.659403]",2 - HB 10858 VOL IB.pdf,712
"Construction of San Lorenzo FMR, Brgy. San Lorenzo, Bangui, Ilocos Norte",15000000,2.986,5023780.81,"[18.328793, 120.620162]","[18.31303, 120.643061]",2 - HB 10858 VOL IB.pdf,666
"Construction of Brgy. San Diego Bukid FMR, Brgy. San Diego Bukid, Gumaca, Quezon",8400000,1.69,4971441.86,"[13.841225, 122.171918]","[13.826445, 122.168284]",2 - HB 10858 VOL IB.pdf,696
"Concreting of Brgy. Majacob - Brgy. Bonga FMR, Brgy. Majacob and Brgy. Bonga, Tarangnan, Samar",13200000,2.887,4572395.56,"[11.867529, 124.800305]","[11.887439, 124.783278]",2 - HB 10858 VOL IB.pdf,716
"Construction of Brgy. San Lorenzo-Nagbalagan-Malasin-Lanao FMR, Bangui, Ilocos Norte",13500000,3.164,4266633.65,"[18.532931, 120.795489]","[18.542939, 120.767394]",2 - HB 10858 VOL IB.pdf,668
"Construction of Avas, Brgy. Sarayan FMR Phase I, Brgy. Sarayan, President Roxas, Cotabato",15000000,3.588,4180672.06,"[7.31905607181783, 125.043718876138]","[7.32783661680158, 125.012414089319]",2 - HB 10858 VOL IB.pdf,720
"Concreting of Purok Ubbog, Brgy. Paraiso - Purok 2, Brgy. Magdalena FMR, Cabatuan, Isabela",10000000,2.437,4102590.24,"[16.942167, 121.664665]","[16.963792, 121.668417]",2 - HB 10858 VOL IB.pdf,678
"Construction of Brgy. Talitay FMR, Brgy. Talitay, Buluan, Maguindanao del Sur",10000000,2.57,3891426.8,"[6.657808, 124.79641]","[6.675792, 124.811023]",2 - HB 10858 VOL IB.pdf,722
"Construction of Brgy. Liwayway FMR, Brgy. Liwayway, Diffun, Quirino",5000000,1.328,3766310.2,"[16.575511, 121.480478]","[16.574876, 121.468039]",2 - HB 10858 VOL IB.pdf,680
"Construction of Brgy. Timamana FMR, Brgy. Timamana, Tubod, Surigao del Norte",15000000,4.122,3639371.86,"[9.542293, 125.565739]","[9.578881, 125.571758]",2 - HB 10858 VOL IB.pdf,722
"Construction of Brgy. Bannawag (Sito Dulay) FMR, Brgy. Bannawag, Diffun, Quirino",5000000,1.574,3176090.07,"[16.6022, 121.565858]","[16.600464, 121.551196]",2 - HB 10858 VOL IB.pdf,678
"Construction of Sitio Sanlab, Napalico to Centro Kulaman Valley to Centro Sumalili FMR Phase I, Brgy. Napalico, Brgy. Kulaman Valley, and Brgy. Sumalili, Arakan, Cotabato",15000000,5.87,2555424.69,"[7.46294131223809, 125.175623351734]","[7.49883041776202, 125.214667957153]",2 - HB 10858 VOL IB.pdf,720
"Construction of Brgy. Motorpool, Tubod to Brgy. Sto. Rosario, Bacuag FMR,",15000000,6.629,2262932.68,"[9.589364, 125.5722]","[9.6062, 125.630197]",2 - HB 10858 VOL IB.pdf,724
"Concreting of Brgy. Tapae - Brgy. Alibaba FMR, Brgy. Tapae and Brgy. Alibaba, Calbayog City, Samar",10000000,4.485,2229554.0,"[12.092078, 124.641139]","[12.131288, 124.65082]",2 - HB 10858 VOL IB.pdf,716
"Construction of Brgy. Cabangahan FMR, Brgy. Cabangahan, Cantilan, Surigao del Sur",15000000,7.147,2098719.92,"[9.273058, 125.899872]","[9.20966, 125.889143]",2 - HB 10858 VOL IB.pdf,722
"Construction of Minapan to Kanibong FMR Phase I, Brgy. Minapan and Brgy. Kanibong,",15000000,7.746,1936429.9,"[6.86747720863777, 124.935400087272]","[6.79907076677696, 124.948667448357]",2 - HB 10858 VOL IB.pdf,722
"Construction of Brgy. Kibao FMR, Brgy. Kibao, Matanao, Davao del Sur",15000000,8.468,1771377.77,"[6.7068, 125.262967]","[6.78295, 125.262151]",2 - HB 10858 VOL IB.pdf,720
"Construction of San Jose Oras-Villaflorida FMR, Brgy. San Jose Oras, Ocampo, Camarines Sur",10000000,7.363,1358156.13,"[13.59032, 123.407982]","[13.60543889, 123.4743083]",2 - HB 10858 VOL IB.pdf,704
