agency,program,region,office,projectName,amountPesos,sourceVolume,sourcePage,sourceText,sourceContext,screeningFlags,reviewNotes,reviewStatus
National Irrigation Administration,NIA named irrigation projects,"","","Ilocos Norte - Ilocos Sur - Abra Irrigation Project, Stage 2",1000000000,2 - HB 10858 VOL IB.pdf,570,"Ilocos Norte - Ilocos Sur - Abra Irrigation Project, Stage 2 | 1,000,000,000","48 | Bayabas Irrigation Project, Bulacan | 100,000,000 | 49 | 50 | Ilocos Norte - Ilocos Sur - Abra Irrigation Project, Stage 2 | 1,000,000,000 | 51 | 52 | Lower Apayao River Irrigation Project, Apayao",[],[check project/PAP level and total amount in the NIA schedule],candidate; verify against PDF
National Irrigation Administration,NIA named irrigation projects,"","","Balog - Balog Multipurpose Project Phase II, Tarlac",1000000000,2 - HB 10858 VOL IB.pdf,570,"Balog - Balog Multipurpose Project Phase II, Tarlac | 1,000,000,000","44 | Panay River Basin Integrated Development Project, Iloilo & Capiz | 100,000,000 | 45 | 46 | Balog - Balog Multipurpose Project Phase II, Tarlac | 1,000,000,000 | 47 | 48 | Bayabas Irrigation Project, Bulacan",[],[check project/PAP level and total amount in the NIA schedule],candidate; verify against PDF
National Irrigation Administration,NIA named irrigation projects,"","","Tumauini River Multipurpose Project, Isabela",1000000000,2 - HB 10858 VOL IB.pdf,570,"Tumauini River Multipurpose Project, Isabela | 1,000,000,000","40 | New National Irrigation Sub-Program | 5,650,000,000 | 41 | 42 | Tumauini River Multipurpose Project, Isabela | 1,000,000,000 | 43 | 44 | Panay River Basin Integrated Development Project, Iloilo & Capiz | 100,000,000",[],[check project/PAP level and total amount in the NIA schedule],candidate; verify against PDF
National Irrigation Administration,NIA named irrigation projects,"","","Jalaur River Multi Purpose Project, Stage II, Iloilo Korea EDCF Loan No. PHL-15",961321000,2 - HB 10858 VOL IB.pdf,572,"Jalaur River Multi Purpose Project, Stage II, Iloilo Korea EDCF Loan No. PHL-15 | 961,321,000","9 | Foreign - Assisted Project(s) | 10 | 11 | Jalaur River Multi Purpose Project, Stage II, | 12 | Iloilo Korea EDCF Loan No. PHL-15 | 961,321,000 | 13",[],[check project/PAP level and total amount in the NIA schedule],candidate; verify against PDF
National Irrigation Administration,NIA named irrigation projects,"","","Tulunan Small Reservoir Irrigation Project (SRIP), North Cotabato",850000000,2 - HB 10858 VOL IB.pdf,570,"Tulunan Small Reservoir Irrigation Project (SRIP), North Cotabato | 850,000,000","8,466,950,000 | 23 | Irrigation Project (SRIP), Guimaras | 130,000,000 | 24 | 158,100,000 | 25 | Tulunan Small Reservoir | 26 | Irrigation Project (SRIP), North Cotabato | 850,000,000 | 27",[],[check project/PAP level and total amount in the NIA schedule],candidate; verify against PDF
Department of Health,Health Facilities Enhancement Program,"","",Dr. Jose N. Rodriguez Memorial Hospital and Sanitarium,610000000,2 - HB 10858 VOL IB.pdf,888,"Dr. Jose N. Rodriguez Memorial Hospital and Sanitarium | Total: 610,000,000","Metro Manila | 740,000,000 | Dr. Jose N. Rodriguez Memorial Hospital and Sanitarium | 610,000,000 | Las Piñas General Hospital and Satellite Trauma Center | 15,000,000",[],"['verify facility row, hierarchy, and printed Total column against the HFEP schedule']",candidate; verify against PDF
National Irrigation Administration,NIA named irrigation projects,"","","Cabiao Water Impounding Project, Nueva Ecija",500000000,2 - HB 10858 VOL IB.pdf,570,"Cabiao Water Impounding Project, Nueva Ecija | 500,000,000","1 | Sta. Filomena Irrigation Project, Cagayan | 250,000,000 | 615,375,000 | 2 | 3 | Cabiao Water Impounding Project, Nueva Ecija | 500,000,000 | 1,700,000,000 | 4 | 5 | Abuan River Irrigation Project, Isabela | 100,000,000",[],[check project/PAP level and total amount in the NIA schedule],candidate; verify against PDF
National Irrigation Administration,NIA named irrigation projects,"","","Pantingan Small Reservoir Irrigation Project (SRIP), Bataan",500000000,2 - HB 10858 VOL IB.pdf,572,"Pantingan Small Reservoir Irrigation Project (SRIP), Bataan | 500,000,000","NUMBER “1”  | 1 | Pantingan Small Reservoir | 2 | Irrigation Project (SRIP), Bataan | 500,000,000 | 3",[],[check project/PAP level and total amount in the NIA schedule],candidate; verify against PDF
National Irrigation Administration,NIA named irrigation projects,"","","Alimit Dam Multipurpose Irrigation Project, Isabela",500000000,2 - HB 10858 VOL IB.pdf,570,"Alimit Dam Multipurpose Irrigation Project, Isabela | 500,000,000","8 | Project, Cagayan | 100,000,000 | 3,315,375,000 | 9 | 10 | Alimit Dam Multipurpose Irrigation Project, Isabela | 500,000,000 | 11 | 12 | Ilaguen Multipurpose Irrigation & Hydropower Plant Project, Isabela",[],[check project/PAP level and total amount in the NIA schedule],candidate; verify against PDF
National Irrigation Administration,NIA named irrigation projects,"","","Ilaguen Multipurpose Irrigation & Hydropower Plant Project, Isabela",500000000,2 - HB 10858 VOL IB.pdf,570,"Ilaguen Multipurpose Irrigation & Hydropower Plant Project, Isabela | 500,000,000","10 | Alimit Dam Multipurpose Irrigation Project, Isabela | 500,000,000 | 11 | 12 | Ilaguen Multipurpose Irrigation & Hydropower Plant Project, Isabela | 9,174,255,000 | 13 | 14 | Small Reservoir Irrigation Sub-Program | 4,044,000,000",[],[check project/PAP level and total amount in the NIA schedule],candidate; verify against PDF
National Irrigation Administration,NIA named irrigation projects,"","","Dumuloc Small Reservoir Irrigation Project (SRIP), Pangasinan",400000000,2 - HB 10858 VOL IB.pdf,570,"Dumuloc Small Reservoir Irrigation Project (SRIP), Pangasinan | 400,000,000","26 | Irrigation Project (SRIP), North Cotabato | 850,000,000 | 27 | 200,000,000 | 28 | Dumuloc Small Reservoir | 29 | Irrigation Project (SRIP), Pangasinan | 400,000,000 | 698,067,000 | 30",[],[check project/PAP level and total amount in the NIA schedule],candidate; verify against PDF
Department of Health,Health Facilities Enhancement Program,"","",Cauayan City Medical Center,360000000,2 - HB 10858 VOL IB.pdf,882,"Cauayan City Medical Center | Total: 360,000,000","360,000 | Angadanan Integrated Community Hospital | 30,000,000 | 20,000,000 | 50,000,000 | 170,000 | Cauayan City Medical Center | 360,000,000 | 140,000 | Cauayan District Hospital | 75,000,000 | 125,000,000 | 2,900,000",[],"['verify facility row, hierarchy, and printed Total column against the HFEP schedule']",candidate; verify against PDF
Department of Health,Health Facilities Enhancement Program,"","",Central Luzon Center for Health Development (Clark Multi- Specialty Medical Center),350000000,2 - HB 10858 VOL IB.pdf,888,"Central Luzon Center for Health Development (Clark Multi- Specialty Medical Center) | Total: 350,000,000","4,000,000 | Pampanga | 150,000,000 | 200,000,000 | 350,000,000 | 4,700,000 | Central Luzon Center for Health Development (Clark Multi- | Specialty Medical Center)",[],"['verify facility row, hierarchy, and printed Total column against the HFEP schedule']",candidate; verify against PDF
Department of Health,Health Facilities Enhancement Program,"","",Liloy General Hospital,350000000,2 - HB 10858 VOL IB.pdf,888,"Liloy General Hospital | Total: 350,000,000","50,000,000 | Zamboanga del Norte | 350,000,000 | Liloy General Hospital",[],"['verify facility row, hierarchy, and printed Total column against the HFEP schedule']",candidate; verify against PDF
National Irrigation Administration,NIA named irrigation projects,"","","Calapangan Small Reservoir Irrigation Project (SRIP), Cagayan",300000000,2 - HB 10858 VOL IB.pdf,570,"Calapangan Small Reservoir Irrigation Project (SRIP), Cagayan | 300,000,000","18,697,372,000 | 32 | Irrigation Project (SRIP), Isabela | 200,000,000 | 33 | 34,516,703,000 | 34 | Calapangan Small Reservoir | 35 | Irrigation Project (SRIP), Cagayan | 300,000,000 | 36",[],[check project/PAP level and total amount in the NIA schedule],candidate; verify against PDF
National Irrigation Administration,NIA named irrigation projects,"","","Bagtingon Small Reservoir Irrigation Project (SRIP), Marinduque",300000000,2 - HB 10858 VOL IB.pdf,570,"Bagtingon Small Reservoir Irrigation Project (SRIP), Marinduque | 300,000,000","3,243,000,000 | 17 | Irrigation Project (SRIP), Quezon | 200,000,000 | 18 | 460,000,000 | 19 | Bagtingon Small Reservoir | 20 | Irrigation Project (SRIP), Marinduque | 300,000,000 | 9,523,117,000 | 21",[],[check project/PAP level and total amount in the NIA schedule],candidate; verify against PDF
Department of Health,Health Facilities Enhancement Program,"","",Laoag City General Hospital,275000000,2 - HB 10858 VOL IB.pdf,882,"Laoag City General Hospital | Total: 275,000,000","2,500,000 | Governor Roque B. Ablan Sr. Memorial Hospital | 50,000,000 | Laoag City General Hospital | 75,000,000 | 200,000,000 | 275,000,000",[],"['verify facility row, hierarchy, and printed Total column against the HFEP schedule']",candidate; verify against PDF
National Irrigation Administration,NIA named irrigation projects,"","","Sta. Filomena Irrigation Project, Cagayan",250000000,2 - HB 10858 VOL IB.pdf,570,"Sta. Filomena Irrigation Project, Cagayan | 250,000,000","1 | Sta. Filomena Irrigation Project, Cagayan | 250,000,000 | 615,375,000 | 2 | 3 | Cabiao Water Impounding Project, Nueva Ecija | 500,000,000",[],[check project/PAP level and total amount in the NIA schedule],candidate; verify against PDF
National Irrigation Administration,NIA named irrigation projects,"","","Baligatan (Tangke Creek) Small Reservoir Irrigation Project (SRIP), Isabela",250000000,2 - HB 10858 VOL IB.pdf,572,"Baligatan (Tangke Creek) Small Reservoir Irrigation Project (SRIP), Isabela | 250,000,000","2 | Irrigation Project (SRIP), Bataan | 500,000,000 | 3 | 4 | Baligatan (Tangke Creek) Small Reservoir | 5 | Irrigation Project (SRIP), Isabela | 250,000,000 | 6",[],[check project/PAP level and total amount in the NIA schedule],candidate; verify against PDF
National Irrigation Administration,NIA named irrigation projects,"","","Linoan Small Reservoir Irrigation Project (SRIP), Davao de Oro",214000000,2 - HB 10858 VOL IB.pdf,570,"Linoan Small Reservoir Irrigation Project (SRIP), Davao de Oro | 214,000,000","35 | Irrigation Project (SRIP), Cagayan | 300,000,000 | 36 | 37 | Linoan Small Reservoir | 38 | Irrigation Project (SRIP), Davao de Oro | 214,000,000 | 39",[],[check project/PAP level and total amount in the NIA schedule],candidate; verify against PDF
National Irrigation Administration,NIA named irrigation projects,"","","Macalelon Small Reservoir Irrigation Project (SRIP), Quezon",200000000,2 - HB 10858 VOL IB.pdf,570,"Macalelon Small Reservoir Irrigation Project (SRIP), Quezon | 200,000,000","14 | Small Reservoir Irrigation Sub-Program | 4,044,000,000 | 5,471,255,000 | 15 | 16 | Macalelon Small Reservoir | 3,243,000,000 | 17 | Irrigation Project (SRIP), Quezon | 200,000,000 | 18",[],[check project/PAP level and total amount in the NIA schedule],candidate; verify against PDF
National Irrigation Administration,NIA named irrigation projects,"","","Balasig Small Reservoir Irrigation Project (SRIP), Isabela",200000000,2 - HB 10858 VOL IB.pdf,570,"Balasig Small Reservoir Irrigation Project (SRIP), Isabela | 200,000,000","29 | Irrigation Project (SRIP), Pangasinan | 400,000,000 | 698,067,000 | 30 | 31 | Balasig Small Reservoir | 18,697,372,000 | 32 | Irrigation Project (SRIP), Isabela | 200,000,000 | 33",[],[check project/PAP level and total amount in the NIA schedule],candidate; verify against PDF
National Irrigation Administration,NIA named irrigation projects,"","","Bustos Dam Afterbay Structure, Bulacan",200000000,2 - HB 10858 VOL IB.pdf,570,"Bustos Dam Afterbay Structure, Bulacan | 200,000,000","52 | Lower Apayao River Irrigation Project, Apayao | 100,000,000 | 53 | 54 | Bustos Dam Afterbay Structure, Bulacan | 200,000,000 | 55 | 56 | Paoay Lake Irrigation Project, Ilocos Norte",[],[check project/PAP level and total amount in the NIA schedule],candidate; verify against PDF
National Irrigation Administration,NIA named irrigation projects,"","","Paoay Lake Irrigation Project, Ilocos Norte",200000000,2 - HB 10858 VOL IB.pdf,570,"Paoay Lake Irrigation Project, Ilocos Norte | 200,000,000","54 | Bustos Dam Afterbay Structure, Bulacan | 200,000,000 | 55 | 56 | Paoay Lake Irrigation Project, Ilocos Norte",[],[check project/PAP level and total amount in the NIA schedule],candidate; verify against PDF
Department of Health,Health Facilities Enhancement Program,"","",West Visayas State University Medical Center,200000000,2 - HB 10858 VOL IB.pdf,892,"West Visayas State University Medical Center | Total: 200,000,000","City of Iloilo | 200,000,000 | 180,000 | West Visayas State University Medical Center",[],"['verify facility row, hierarchy, and printed Total column against the HFEP schedule']",candidate; verify against PDF
Department of Health,Health Facilities Enhancement Program,"","",Bangui District Hospital,175000000,2 - HB 10858 VOL IB.pdf,882,"Bangui District Hospital | Total: 175,000,000","2,500,000 | Ilocos Norte | 310,682,000 | 200,000,000 | 510,682,000 | Bangui District Hospital | 175,000,000 | Dona Josefa Edralin Marcos District Hospital | 10,682,000",[],"['verify facility row, hierarchy, and printed Total column against the HFEP schedule']",candidate; verify against PDF
Department of Health,Health Facilities Enhancement Program,"","",Rep. Pedro G. Trono Memorial Hospital,155000000,2 - HB 10858 VOL IB.pdf,884,"Rep. Pedro G. Trono Memorial Hospital | Total: 155,000,000","50,000,000 | 30,000,000 | 80,000,000 | Passi City Hospital | 15,000,000 | 25,000,000 | Rep. Pedro G. Trono Memorial Hospital | 155,000,000 | San Joaquin Mother & Child Hospital | 15,240,000",[],"['verify facility row, hierarchy, and printed Total column against the HFEP schedule']",candidate; verify against PDF
Department of Health,Health Facilities Enhancement Program,"","",Camiguin General Hospital,149703000,2 - HB 10858 VOL IB.pdf,888,"Camiguin General Hospital | Total: 149,703,000","Camiguin | 90,000,000 | 59,703,000 | 149,703,000 | 50,000,000 | Camiguin General Hospital",[],"['verify facility row, hierarchy, and printed Total column against the HFEP schedule']",candidate; verify against PDF
Department of Health,Health Facilities Enhancement Program,"","",DOH Central Office,130700000,2 - HB 10858 VOL IB.pdf,892,"DOH Central Office | Total: 130,700,000","160,000 | Metro Manila | 130,700,000 | DOH Central Office",[],"['verify facility row, hierarchy, and printed Total column against the HFEP schedule']",candidate; verify against PDF
National Irrigation Administration,NIA named irrigation projects,"","","Cabano Small Reservoir Irrigation Project (SRIP), Guimaras",130000000,2 - HB 10858 VOL IB.pdf,570,"Cabano Small Reservoir Irrigation Project (SRIP), Guimaras | 130,000,000","20 | Irrigation Project (SRIP), Marinduque | 300,000,000 | 9,523,117,000 | 21 | 22 | Cabano Small Reservoir | 8,466,950,000 | 23 | Irrigation Project (SRIP), Guimaras | 130,000,000 | 24",[],[check project/PAP level and total amount in the NIA schedule],candidate; verify against PDF
Department of Health,Health Facilities Enhancement Program,"","",SOCCSKSARGEN General Hospital,130000000,2 - HB 10858 VOL IB.pdf,890,"SOCCSKSARGEN General Hospital | Total: 130,000,000","South Cotabato | 130,000,000 | SOCCSKSARGEN General Hospital",[],"['verify facility row, hierarchy, and printed Total column against the HFEP schedule']",candidate; verify against PDF
Department of Health,Health Facilities Enhancement Program,"","",Cauayan District Hospital,125000000,2 - HB 10858 VOL IB.pdf,882,"Cauayan District Hospital | Total: 125,000,000","170,000 | Cauayan City Medical Center | 360,000,000 | 140,000 | Cauayan District Hospital | 50,000,000 | 75,000,000 | 125,000,000 | 2,900,000 | Echague District Hospital | 20,000,000 | 40,000,000",[],"['verify facility row, hierarchy, and printed Total column against the HFEP schedule']",candidate; verify against PDF
Department of Health,Health Facilities Enhancement Program,"","",ASENSO Misamis Occidental Medical Center,120000000,2 - HB 10858 VOL IB.pdf,886,"ASENSO Misamis Occidental Medical Center | Total: 120,000,000","50,000,000 | 15,003,000 | 65,003,000 | Misamis Occidental | 3,500,000 | 120,000,000 | 123,500,000 | ASENSO Misamis Occidental Medical Center | Dona Marida D. Tan Memorial Hospital | 1,750,000",[],"['verify facility row, hierarchy, and printed Total column against the HFEP schedule']",candidate; verify against PDF
National Irrigation Administration,NIA named irrigation projects,"","","Cabacanan Small Reservoir Irrigation Project (SRIP), Ilocos Norte",100000000,2 - HB 10858 VOL IB.pdf,570,"Cabacanan Small Reservoir Irrigation Project (SRIP), Ilocos Norte | 100,000,000","38 | Irrigation Project (SRIP), Davao de Oro | 214,000,000 | 39 | 5,650,000,000 | 40 | Cabacanan Small Reservoir | 41 | Irrigation Project (SRIP), Ilocos Norte | 100,000,000 | 1,000,000,000 | 42",[],[check project/PAP level and total amount in the NIA schedule],candidate; verify against PDF
National Irrigation Administration,NIA named irrigation projects,"","","East Apayao-Abulug Irrigation System and Extension Project, Cagayan",100000000,2 - HB 10858 VOL IB.pdf,570,"East Apayao-Abulug Irrigation System and Extension Project, Cagayan | 100,000,000","5 | Abuan River Irrigation Project, Isabela | 100,000,000 | 6 | 200,000,000 | 7 | East Apayao-Abulug Irrigation System and Extension | 8 | Project, Cagayan | 3,315,375,000 | 9",[],[check project/PAP level and total amount in the NIA schedule],candidate; verify against PDF
National Irrigation Administration,NIA named irrigation projects,"","","Panay River Basin Integrated Development Project, Iloilo & Capiz",100000000,2 - HB 10858 VOL IB.pdf,570,"Panay River Basin Integrated Development Project, Iloilo & Capiz | 100,000,000","42 | Tumauini River Multipurpose Project, Isabela | 1,000,000,000 | 43 | 44 | Panay River Basin Integrated Development Project, Iloilo & Capiz | 100,000,000 | 45 | 46 | Balog - Balog Multipurpose Project Phase II, Tarlac",[],[check project/PAP level and total amount in the NIA schedule],candidate; verify against PDF
National Irrigation Administration,NIA named irrigation projects,"","","Cabangan Small Reservoir Irrigation Project (SRIP), Zambales",100000000,2 - HB 10858 VOL IB.pdf,570,"Cabangan Small Reservoir Irrigation Project (SRIP), Zambales | 100,000,000","100,000,000 | 44 | Irrigation Project (SRIP), La Union | 45 | 1,000,000,000 | 46 | Cabangan Small Reservoir | 47 | Irrigation Project (SRIP), Zambales | 48",[],[check project/PAP level and total amount in the NIA schedule],candidate; verify against PDF
National Irrigation Administration,NIA named irrigation projects,"","","Bayabas Irrigation Project, Bulacan",100000000,2 - HB 10858 VOL IB.pdf,570,"Bayabas Irrigation Project, Bulacan | 100,000,000","46 | Balog - Balog Multipurpose Project Phase II, Tarlac | 1,000,000,000 | 47 | 48 | Bayabas Irrigation Project, Bulacan | 100,000,000 | 49 | 50 | Ilocos Norte - Ilocos Sur - Abra Irrigation Project, Stage 2",[],[check project/PAP level and total amount in the NIA schedule],candidate; verify against PDF
National Irrigation Administration,NIA named irrigation projects,"","","Ugasan - Juanico Small Reservoir Irrigation Project (SRIP), Iloilo",100000000,2 - HB 10858 VOL IB.pdf,570,"Ugasan - Juanico Small Reservoir Irrigation Project (SRIP), Iloilo | 100,000,000","47 | Irrigation Project (SRIP), Zambales | 100,000,000 | 48 | 49 | Ugasan - Juanico Small Reservoir | 1,000,000,000 | 50 | Irrigation Project (SRIP), Iloilo | 51",[],[check project/PAP level and total amount in the NIA schedule],candidate; verify against PDF
National Irrigation Administration,NIA named irrigation projects,"","","Lower Apayao River Irrigation Project, Apayao",100000000,2 - HB 10858 VOL IB.pdf,570,"Lower Apayao River Irrigation Project, Apayao | 100,000,000","50 | Ilocos Norte - Ilocos Sur - Abra Irrigation Project, Stage 2 | 1,000,000,000 | 51 | 52 | Lower Apayao River Irrigation Project, Apayao | 100,000,000 | 53 | 54 | Bustos Dam Afterbay Structure, Bulacan | 200,000,000",[],[check project/PAP level and total amount in the NIA schedule],candidate; verify against PDF
National Irrigation Administration,NIA named irrigation projects,"","","Esther Vintar Small Reservoir Irrigation Project (SRIP), Ilocos Norte",100000000,2 - HB 10858 VOL IB.pdf,570,"Esther Vintar Small Reservoir Irrigation Project (SRIP), Ilocos Norte | 100,000,000","1,000,000,000 | 50 | Irrigation Project (SRIP), Iloilo | 100,000,000 | 51 | 52 | Esther Vintar Small Reservoir | 53 | Irrigation Project (SRIP), Ilocos Norte | 200,000,000 | 54",[],[check project/PAP level and total amount in the NIA schedule],candidate; verify against PDF
National Irrigation Administration,NIA named irrigation projects,"","","Dupitac Small Reservoir Irrigation Project (SRIP), Ilocos Norte",100000000,2 - HB 10858 VOL IB.pdf,570,"Dupitac Small Reservoir Irrigation Project (SRIP), Ilocos Norte | 100,000,000","53 | Irrigation Project (SRIP), Ilocos Norte | 100,000,000 | 200,000,000 | 54 | 55 | Dupitac Small Reservoir | 56 | 57",[],[check project/PAP level and total amount in the NIA schedule],candidate; verify against PDF
National Irrigation Administration,NIA named irrigation projects,"","","Estancia Small Reservoir Irrigation Project (SRIP), Ilocos Norte",100000000,2 - HB 10858 VOL IB.pdf,570,"Estancia Small Reservoir Irrigation Project (SRIP), Ilocos Norte | 100,000,000","200,000,000 | 56 | Irrigation Project (SRIP), Ilocos Norte | 100,000,000 | 57 | 58 | Estancia Small Reservoir | 59",[],[check project/PAP level and total amount in the NIA schedule],candidate; verify against PDF
National Irrigation Administration,NIA named irrigation projects,"","","Abuan River Irrigation Project, Isabela",100000000,2 - HB 10858 VOL IB.pdf,570,"Abuan River Irrigation Project, Isabela | 100,000,000","3 | Cabiao Water Impounding Project, Nueva Ecija | 500,000,000 | 1,700,000,000 | 4 | 5 | Abuan River Irrigation Project, Isabela | 100,000,000 | 6 | 200,000,000 | 7 | East Apayao-Abulug Irrigation System and Extension",[],[check project/PAP level and total amount in the NIA schedule],candidate; verify against PDF
National Irrigation Administration,NIA named irrigation projects,"","","San Felipe Small Reservoir Irrigation Project (SRIP), La Union",100000000,2 - HB 10858 VOL IB.pdf,570,"San Felipe Small Reservoir Irrigation Project (SRIP), La Union | 100,000,000","41 | Irrigation Project (SRIP), Ilocos Norte | 100,000,000 | 1,000,000,000 | 42 | 43 | San Felipe Small Reservoir | 44 | Irrigation Project (SRIP), La Union | 45",[],[check project/PAP level and total amount in the NIA schedule],candidate; verify against PDF
Department of Health,Health Facilities Enhancement Program,"","",Guimba District Hospital,100000000,2 - HB 10858 VOL IB.pdf,884,"Guimba District Hospital | Total: 100,000,000","Nueva Ecija | 80,000,000 | 100,095,000 | 180,095,000 | Guimba District Hospital | 50,000,000 | 100,000,000 | San Antonio District Hospital | 95,000",[],"['verify facility row, hierarchy, and printed Total column against the HFEP schedule']",candidate; verify against PDF
Department of Health,Health Facilities Enhancement Program,"","",Siquijor Provincial Hospital,100000000,2 - HB 10858 VOL IB.pdf,886,"Siquijor Provincial Hospital | Total: 100,000,000","Lazi Medicare Community Hospital | 35,000,000 | Siquijor Provincial Hospital | 50,000,000 | 100,000,000",[],"['verify facility row, hierarchy, and printed Total column against the HFEP schedule']",candidate; verify against PDF
Department of Health,Health Facilities Enhancement Program,"","",South Cotabato Provincial Hospital,100000000,2 - HB 10858 VOL IB.pdf,886,"South Cotabato Provincial Hospital | Total: 100,000,000","South Cotabato | 100,000,000 | 10,000,000 | South Cotabato Provincial Hospital",[],"['verify facility row, hierarchy, and printed Total column against the HFEP schedule']",candidate; verify against PDF
Department of Health,Health Facilities Enhancement Program,"","",Valenzuela Medical Center,100000000,2 - HB 10858 VOL IB.pdf,888,"Valenzuela Medical Center | Total: 100,000,000","National Center for Mental Health | 15,000,000 | Valenzuela Medical Center | 100,000,000",[],"['verify facility row, hierarchy, and printed Total column against the HFEP schedule']",candidate; verify against PDF
Department of Health,Health Facilities Enhancement Program,"","",Mayor Hilarion A. Ramiro Sr. Medical Center,100000000,2 - HB 10858 VOL IB.pdf,888,"Mayor Hilarion A. Ramiro Sr. Medical Center | Total: 100,000,000","10,000,000 | Misamis Occidental | 100,000,000 | Mayor Hilarion A. Ramiro Sr. Medical Center",[],"['verify facility row, hierarchy, and printed Total column against the HFEP schedule']",candidate; verify against PDF
Department of Health,Health Facilities Enhancement Program,"","",North Eastern Misamis General Hospital,100000000,2 - HB 10858 VOL IB.pdf,888,"North Eastern Misamis General Hospital | Total: 100,000,000","First Misamis Oriental General Hospital | 60,000,000 | 20,000,000 | 80,000,000 | 10,000,000 | North Eastern Misamis General Hospital | 100,000,000",[],"['verify facility row, hierarchy, and printed Total column against the HFEP schedule']",candidate; verify against PDF
Department of Agriculture,Farm-to-Market Roads,"","","Construction of Brgy. Concepcion to Brgy. Balagbag FMR, Brgy. Concepcion,",95000000,2 - HB 10858 VOL IB.pdf,694,"Construction of Brgy. Concepcion to Brgy. Balagbag FMR, Brgy. Concepcion, | 95,000,000","Construction of Brgy. Concepcion to Brgy. Balagbag FMR, Brgy. Concepcion, | Alitagtag, Batangas | 95,000,000",[],[large amount; verify PAP/project level and amount against the schedule],candidate; verify PAP/project level and amount against PDF
Department of Health,Health Facilities Enhancement Program,"","",Samar Island Medical Center,90000000,2 - HB 10858 VOL IB.pdf,888,"Samar Island Medical Center | Total: 90,000,000","15,000,000 | Samar | 80,000,000 | 10,000,000 | 90,000,000 | 100,000,000 | Samar Island Medical Center",[],"['verify facility row, hierarchy, and printed Total column against the HFEP schedule']",candidate; verify against PDF
Department of Health,Health Facilities Enhancement Program,"","",Valenzuela Health Medical Center (ValHealth),80000000,2 - HB 10858 VOL IB.pdf,882,"Valenzuela Health Medical Center (ValHealth) | Total: 80,000,000","17,500,000 | Sta. Ana Hospital | 7,000,000 | 2,500,000 | Valenzuela Health Medical Center (ValHealth) | 80,000,000",[],"['verify facility row, hierarchy, and printed Total column against the HFEP schedule']",candidate; verify against PDF
Department of Health,Health Facilities Enhancement Program,"","",Ospital ng Lungsod San Jose del Monte,80000000,2 - HB 10858 VOL IB.pdf,884,"Ospital ng Lungsod San Jose del Monte | Total: 80,000,000","NUMBER “1”  | Name of Projects and Facilities | Infrastructure | Motor Vehicle | Total | Equipment | Ospital ng Lungsod San Jose del Monte | 80,000,000 | St. Bernadette Children and Maternity Hospital | 50,000,000",[],"['verify facility row, hierarchy, and printed Total column against the HFEP schedule']",candidate; verify against PDF
Department of Health,Health Facilities Enhancement Program,"","",Sto. Domingo District Hospital,80000000,2 - HB 10858 VOL IB.pdf,884,"Sto. Domingo District Hospital | Total: 80,000,000","San Antonio District Hospital | 95,000 | Sto. Domingo District Hospital | 30,000,000 | 50,000,000 | 80,000,000",[],"['verify facility row, hierarchy, and printed Total column against the HFEP schedule']",candidate; verify against PDF
Department of Health,Health Facilities Enhancement Program,"","",Batangas Provincial Medical Center,80000000,2 - HB 10858 VOL IB.pdf,884,"Batangas Provincial Medical Center | Total: 80,000,000","Batangas | 80,000,000 | Batangas Provincial Medical Center",[],"['verify facility row, hierarchy, and printed Total column against the HFEP schedule']",candidate; verify against PDF
Department of Health,Health Facilities Enhancement Program,"","",St. Paul Hospital,80000000,2 - HB 10858 VOL IB.pdf,886,"St. Paul Hospital | Total: 80,000,000","Misamis Oriental Provincial Hospital - Balingasag | 25,000,000 | 50,000,000 | 199,797,000 | 249,797,000 | St. Paul Hospital | 80,000,000",[],"['verify facility row, hierarchy, and printed Total column against the HFEP schedule']",candidate; verify against PDF
Department of Health,Health Facilities Enhancement Program,"","",First Misamis Oriental General Hospital,80000000,2 - HB 10858 VOL IB.pdf,888,"First Misamis Oriental General Hospital | Total: 80,000,000","65,000,000 | 60,000,000 | 125,000,000 | Misamis Oriental | 160,000,000 | 20,000,000 | 180,000,000 | First Misamis Oriental General Hospital | 80,000,000 | 10,000,000 | North Eastern Misamis General Hospital | 100,000,000",[],"['verify facility row, hierarchy, and printed Total column against the HFEP schedule']",candidate; verify against PDF
Department of Agriculture,Farm-to-Market Roads,"","","Construction of Sowe-Cabayo-Keninchingan FMR, Brgy. Poblacion, Atok, Benguet",77000000,2 - HB 10858 VOL IB.pdf,672,"Construction of Sowe-Cabayo-Keninchingan FMR, Brgy. Poblacion, Atok, Benguet | 77,000,000","15,000,000 | Construction of Sowe-Cabayo-Keninchingan FMR, Brgy. Poblacion, Atok, Benguet | 77,000,000",[],[large amount; verify PAP/project level and amount against the schedule],candidate; verify PAP/project level and amount against PDF
Department of Health,Health Facilities Enhancement Program,"","",Candaba Municipal Infirmary,75000000,2 - HB 10858 VOL IB.pdf,884,"Candaba Municipal Infirmary | Total: 75,000,000","Pampanga | 75,000,000 | Candaba Municipal Infirmary",[],"['verify facility row, hierarchy, and printed Total column against the HFEP schedule']",candidate; verify against PDF
Department of Health,Health Facilities Enhancement Program,"","",Capiz General Hospital,75000000,2 - HB 10858 VOL IB.pdf,884,"Capiz General Hospital | Total: 75,000,000","Capiz | 25,000,000 | 50,000,000 | 75,000,000 | 145,000,000 | 195,000,000 | Capiz General Hospital",[],"['verify facility row, hierarchy, and printed Total column against the HFEP schedule']",candidate; verify against PDF
Department of Health,Health Facilities Enhancement Program,"","",Butuan Medical Center,75000000,2 - HB 10858 VOL IB.pdf,886,"Butuan Medical Center | Total: 75,000,000","10,000,000 | City of Butuan | 75,000,000 | 12,500,000 | Butuan Medical Center",[],"['verify facility row, hierarchy, and printed Total column against the HFEP schedule']",candidate; verify against PDF
Department of Health,Health Facilities Enhancement Program,"","",Davao Occidental General Hospital,75000000,2 - HB 10858 VOL IB.pdf,890,"Davao Occidental General Hospital | Total: 75,000,000","Davao Occidental | 50,000,000 | 25,000,000 | 75,000,000 | Davao Occidental General Hospital",[],"['verify facility row, hierarchy, and printed Total column against the HFEP schedule']",candidate; verify against PDF
Department of Health,Health Facilities Enhancement Program,"","",Manuel A. Roxas District Hospital,70000000,2 - HB 10858 VOL IB.pdf,882,"Manuel A. Roxas District Hospital | Total: 70,000,000","18,000,000 | Mallig District Hospital | 20,000,000 | 40,000,000 | Manuel A. Roxas District Hospital | 30,000,000 | 70,000,000 | Quezon Community Hospital",[],"['verify facility row, hierarchy, and printed Total column against the HFEP schedule']",candidate; verify against PDF
Department of Agriculture,Farm-to-Market Roads,"","","Opening and Concreting of Sitio Malabnig, Brgy. Balatbat FMR, Brgy. Balatbat, Lobo, Batangas",70000000,2 - HB 10858 VOL IB.pdf,696,"Opening and Concreting of Sitio Malabnig, Brgy. Balatbat FMR, Brgy. Balatbat, Lobo, Batangas | 70,000,000","Opening and Concreting of Sitio Malabnig, Brgy. Balatbat FMR, Brgy. Balatbat, | 5,000,000 | Lobo, Batangas | 70,000,000",[],[large amount; verify PAP/project level and amount against the schedule],candidate; verify PAP/project level and amount against PDF
Department of Agriculture,Farm-to-Market Roads,"","","Construction of Lower Englandad-Tagongtongao- Boneng FMR, Brgy. Paoay, Atok, Benguet",67000000,2 - HB 10858 VOL IB.pdf,672,"Construction of Lower Englandad-Tagongtongao- Boneng FMR, Brgy. Paoay, Atok, Benguet | 67,000,000","5,000,000 | Construction of Lower Englandad-Tagongtongao- Boneng FMR, Brgy. Paoay, Atok, Benguet | 67,000,000 | 15,000,000",[],[large amount; verify PAP/project level and amount against the schedule],candidate; verify PAP/project level and amount against PDF
Department of Health,Health Facilities Enhancement Program,"","",Cagayan Valley Medical Center,65000000,2 - HB 10858 VOL IB.pdf,888,"Cagayan Valley Medical Center | Total: 65,000,000","Cagayan | 65,000,000 | 50,000,000 | 115,000,000 | Cagayan Valley Medical Center | 15,000,000 | Northwestern Cagayan General Hospital",[],"['verify facility row, hierarchy, and printed Total column against the HFEP schedule']",candidate; verify against PDF
Department of Health,Health Facilities Enhancement Program,"","",Dr. Catalino Gallego Nava Provincial Hospital,62000000,2 - HB 10858 VOL IB.pdf,884,"Dr. Catalino Gallego Nava Provincial Hospital | Total: 62,000,000","80,000,000 | Buenavista Emergency Hospital | 50,000,000 | Dr. Catalino Gallego Nava Provincial Hospital | 30,000,000 | 32,000,000 | 62,000,000 | 35,000,000 | Nueva Valencia District Hospital | 25,000,000",[],"['verify facility row, hierarchy, and printed Total column against the HFEP schedule']",candidate; verify against PDF
Department of Health,Health Facilities Enhancement Program,"","",Southern Tagalog Regional Hospital,60000000,2 - HB 10858 VOL IB.pdf,888,"Southern Tagalog Regional Hospital | Total: 60,000,000","Cavite | 60,000,000 | 36,500,000 | 6,500,000 | 43,000,000 | Southern Tagalog Regional Hospital | 6,000,000",[],"['verify facility row, hierarchy, and printed Total column against the HFEP schedule']",candidate; verify against PDF
Department of Agriculture,Farm-to-Market Roads,"","","Construction of Brgy. Dawog FMR, Brgy. Dawog, Miagao, Iloilo",60000000,2 - HB 10858 VOL IB.pdf,708,"Construction of Brgy. Dawog FMR, Brgy. Dawog, Miagao, Iloilo | 60,000,000","Construction of Brgy. Dawog FMR, Brgy. Dawog, Miagao, Iloilo | 60,000,000",[],[],candidate; verify PAP/project level and amount against PDF
Department of Agriculture,Farm-to-Market Roads,"","","Construction of Brgy. Tagumpay FMR, Brgy. Tagumpay, Real, Quezon",55000000,2 - HB 10858 VOL IB.pdf,692,"Construction of Brgy. Tagumpay FMR, Brgy. Tagumpay, Real, Quezon | 55,000,000","Construction of Brgy. Tagumpay FMR, Brgy. Tagumpay, Real, Quezon",[],[],candidate; verify PAP/project level and amount against PDF
Department of Agriculture,Farm-to-Market Roads,"","","Construction of Brgy. Barcolan to Brgy. Mabini FMR, Gamu, Isabela",55000000,2 - HB 10858 VOL IB.pdf,674,"Construction of Brgy. Barcolan to Brgy. Mabini FMR, Gamu, Isabela | 55,000,000","Construction of Brgy. Barcolan to Brgy. Mabini FMR, Gamu, Isabela | 55,000,000",[],[],candidate; verify PAP/project level and amount against PDF
Department of Agriculture,Farm-to-Market Roads,"","","Construction of Coastal Road to Bacuring to Tugun to Nabintad to Gapas, Brgy. Madaum FMR, Brgy. Madaum, Tagum City, Davao del Norte",55000000,2 - HB 10858 VOL IB.pdf,720,"Construction of Coastal Road to Bacuring to Tugun to Nabintad to Gapas, Brgy. Madaum FMR, Brgy. Madaum, Tagum City, Davao del Norte | 55,000,000","NAME OR PROJECTS | NAME OF PROJECTSPESOS PESOS | PESOS | Construction of Coastal Road to Bacuring to Tugun to Nabintad to Gapas, Brgy. Madaum FMR, | 15,000,000 | Brgy. Madaum, Tagum City, Davao del Norte | 55,000,000",[],[],candidate; verify PAP/project level and amount against PDF
Department of Agriculture,Farm-to-Market Roads,"","","Construction of Brgy. San Andres FMR, Brgy. San Andres, Catbalogan, Samar",53200000,2 - HB 10858 VOL IB.pdf,714,"Construction of Brgy. San Andres FMR, Brgy. San Andres, Catbalogan, Samar | 53,200,000","50,000,000 | Construction of Brgy. San Andres FMR, Brgy. San Andres, Catbalogan, Samar | 53,200,000",[],[],candidate; verify PAP/project level and amount against PDF
Department of Agriculture,Farm-to-Market Roads,"","","Concreting of Brgy. Kirayan Tacas - Brgy. Pungtod Naulid FMR, Brgy. Kirayan Tacas and Brgy. Pungtod, Naulid, Miagao, Iloilo",52000000,2 - HB 10858 VOL IB.pdf,708,"Concreting of Brgy. Kirayan Tacas - Brgy. Pungtod Naulid FMR, Brgy. Kirayan Tacas and Brgy. Pungtod, Naulid, Miagao, Iloilo | 52,000,000","3,500,000 | Concreting of Brgy. Kirayan Tacas - Brgy. Pungtod Naulid FMR, Brgy. Kirayan Tacas and | Brgy. Pungtod, Naulid, Miagao, Iloilo | 52,000,000",[],[],candidate; verify PAP/project level and amount against PDF
Department of Agriculture,Farm-to-Market Roads,"","","Construction of Salvador-Divisoria FMR, Brgy. Salvador-Divisoria, Santiago City, Isabela",50400000,2 - HB 10858 VOL IB.pdf,676,"Construction of Salvador-Divisoria FMR, Brgy. Salvador-Divisoria, Santiago City, Isabela | 50,400,000","Construction of Salvador-Divisoria FMR, Brgy. Salvador-Divisoria, Santiago City, Isabela | 50,400,000",[],[],candidate; verify PAP/project level and amount against PDF
Department of Health,Health Facilities Enhancement Program,"","","DOH DATRC - Pilar, Bataan",50000000,2 - HB 10858 VOL IB.pdf,890,"DOH DATRC - Pilar, Bataan | Total: 50,000,000","Bataan | 50,000,000 | DOH DATRC - Pilar, Bataan",[],"['verify facility row, hierarchy, and printed Total column against the HFEP schedule']",candidate; verify against PDF
Department of Health,Health Facilities Enhancement Program,"","",Kidapawan City Hospital,50000000,2 - HB 10858 VOL IB.pdf,886,"Kidapawan City Hospital | Total: 50,000,000","10,347,000 | Kidapawan City General Hospital | 35,000,000 | Kidapawan City Hospital | 50,000,000 | 55,500,000",[],"['verify facility row, hierarchy, and printed Total column against the HFEP schedule']",candidate; verify against PDF
Department of Health,Health Facilities Enhancement Program,"","",Pasay City General Hospital,50000000,2 - HB 10858 VOL IB.pdf,882,"Pasay City General Hospital | Total: 50,000,000","Infrastructure | Motor Vehicle | Total | Name of Projects and Facilities | Equipment | 7,500,000 | 17,500,000 | 25,000,000 | Pasay City General Hospital | 50,000,000 | San Juan Medical Center | 20,000,000",[],"['verify facility row, hierarchy, and printed Total column against the HFEP schedule']",candidate; verify against PDF
Department of Health,Health Facilities Enhancement Program,"","",Governor Roque B. Ablan Sr. Memorial Hospital,50000000,2 - HB 10858 VOL IB.pdf,882,"Governor Roque B. Ablan Sr. Memorial Hospital | Total: 50,000,000","2,500,000 | Dona Josefa Edralin Marcos District Hospital | 10,682,000 | Governor Roque B. Ablan Sr. Memorial Hospital | 50,000,000 | Laoag City General Hospital | 75,000,000 | 200,000,000 | 275,000,000",[],"['verify facility row, hierarchy, and printed Total column against the HFEP schedule']",candidate; verify against PDF
Department of Health,Health Facilities Enhancement Program,"","",Angadanan Integrated Community Hospital,50000000,2 - HB 10858 VOL IB.pdf,882,"Angadanan Integrated Community Hospital | Total: 50,000,000","2,900,000 | 3,570,000 | 6,470,000 | Isabela | 560,000,000 | 240,000,000 | 800,000,000 | 360,000 | Angadanan Integrated Community Hospital | 30,000,000 | 20,000,000 | 50,000,000 | 170,000 | Cauayan City Medical Center | 360,000,000 | 140,000",[],"['verify facility row, hierarchy, and printed Total column against the HFEP schedule']",candidate; verify against PDF
Department of Health,Health Facilities Enhancement Program,"","",Dr. Paulino J. Garcia Memorial Research and Medical Center,50000000,2 - HB 10858 VOL IB.pdf,888,"Dr. Paulino J. Garcia Memorial Research and Medical Center | Total: 50,000,000","Nueva Ecija | 60,000,000 | 76,200,000 | 25,000,000 | 101,200,000 | Dr. Paulino J. Garcia Memorial Research and Medical Center | 50,000,000 | Talavera General Hospital | 10,000,000",[],"['verify facility row, hierarchy, and printed Total column against the HFEP schedule']",candidate; verify against PDF
Department of Health,Health Facilities Enhancement Program,"","",Governor Faustino N. Dy Sr. Memorial Hospital,50000000,2 - HB 10858 VOL IB.pdf,882,"Governor Faustino N. Dy Sr. Memorial Hospital | Total: 50,000,000","Echague District Hospital | 20,000,000 | 40,000,000 | 2,900,000 | Governor Faustino N. Dy Sr. Memorial Hospital | 50,000,000 | 18,000,000 | Mallig District Hospital",[],"['verify facility row, hierarchy, and printed Total column against the HFEP schedule']",candidate; verify against PDF
Department of Health,Health Facilities Enhancement Program,"","",Caraga Regional Hospital,50000000,2 - HB 10858 VOL IB.pdf,890,"Caraga Regional Hospital | Total: 50,000,000","Surigao del Norte | 50,000,000 | Caraga Regional Hospital",[],"['verify facility row, hierarchy, and printed Total column against the HFEP schedule']",candidate; verify against PDF
Department of Health,Health Facilities Enhancement Program,"","",Amai Pakpak Medical Center,50000000,2 - HB 10858 VOL IB.pdf,888,"Amai Pakpak Medical Center | Total: 50,000,000","Lanao del Sur | 50,000,000 | 10,000,000 | Amai Pakpak Medical Center",[],"['verify facility row, hierarchy, and printed Total column against the HFEP schedule']",candidate; verify against PDF
Department of Health,Health Facilities Enhancement Program,"","",Cebu South Medical Center,50000000,2 - HB 10858 VOL IB.pdf,888,"Cebu South Medical Center | Total: 50,000,000","Cebu | 25,000,000 | 50,000,000 | 75,000,000 | 740,000,000 | Cebu South Medical Center | Eversley Child Sanitarium and General Hospital",[],"['verify facility row, hierarchy, and printed Total column against the HFEP schedule']",candidate; verify against PDF
Department of Health,Health Facilities Enhancement Program,"","",St. Bernadette Children and Maternity Hospital,50000000,2 - HB 10858 VOL IB.pdf,884,"St. Bernadette Children and Maternity Hospital | Total: 50,000,000","Ospital ng Lungsod San Jose del Monte | 80,000,000 | St. Bernadette Children and Maternity Hospital | 50,000,000",[],"['verify facility row, hierarchy, and printed Total column against the HFEP schedule']",candidate; verify against PDF
Department of Health,Health Facilities Enhancement Program,"","",Bataan General Hospital and Medical Center,50000000,2 - HB 10858 VOL IB.pdf,888,"Bataan General Hospital and Medical Center | Total: 50,000,000","Bataan | 90,000,000 | 28,000,000 | 3,300,000 | 31,300,000 | Bataan General Hospital and Medical Center | 50,000,000 | 20,000,000 | Mariveles Mental Wellness and General Hospital | 40,000,000",[],"['verify facility row, hierarchy, and printed Total column against the HFEP schedule']",candidate; verify against PDF
Department of Health,Health Facilities Enhancement Program,"","",Buenavista Emergency Hospital,50000000,2 - HB 10858 VOL IB.pdf,884,"Buenavista Emergency Hospital | Total: 50,000,000","80,000,000 | Guimaras | 55,000,000 | 82,000,000 | 137,000,000 | Buenavista Emergency Hospital | 50,000,000 | Dr. Catalino Gallego Nava Provincial Hospital | 30,000,000 | 32,000,000 | 62,000,000",[],"['verify facility row, hierarchy, and printed Total column against the HFEP schedule']",candidate; verify against PDF
Department of Health,Health Facilities Enhancement Program,"","",Iloilo Provincial Hospital,50000000,2 - HB 10858 VOL IB.pdf,884,"Iloilo Provincial Hospital | Total: 50,000,000","20,000,000 | Iloilo | 190,240,000 | 65,000,000 | 255,240,000 | Iloilo Provincial Hospital | 50,000,000 | 30,000,000 | 80,000,000 | Passi City Hospital | 15,000,000",[],"['verify facility row, hierarchy, and printed Total column against the HFEP schedule']",candidate; verify against PDF
Department of Health,Health Facilities Enhancement Program,"","",Bago City Hospital,50000000,2 - HB 10858 VOL IB.pdf,884,"Bago City Hospital | Total: 50,000,000","9,000,000 | Alfredo E. Maranon, Sr. Memorial District Hospital | 14,000,000 | 2,500,000 | Bago City Hospital | 50,000,000 | Cadiz City District Hospital | 19,704,000 | 13,500,000 | 33,204,000",[],"['verify facility row, hierarchy, and printed Total column against the HFEP schedule']",candidate; verify against PDF
Department of Health,Health Facilities Enhancement Program,"","",Northwestern Cagayan General Hospital,50000000,2 - HB 10858 VOL IB.pdf,888,"Northwestern Cagayan General Hospital | Total: 50,000,000","Cagayan Valley Medical Center | 15,000,000 | 50,000,000 | 65,000,000 | Northwestern Cagayan General Hospital",[],"['verify facility row, hierarchy, and printed Total column against the HFEP schedule']",candidate; verify against PDF
Department of Health,Health Facilities Enhancement Program,"","",Teresita L. Jalandoni Provincial Hospital,50000000,2 - HB 10858 VOL IB.pdf,884,"Teresita L. Jalandoni Provincial Hospital | Total: 50,000,000","39,000,000 | San Carlos City Hospital | 17,500,000 | 8,800,000 | 26,300,000 | 10,000,000 | Teresita L. Jalandoni Provincial Hospital | 50,000,000 | 16,000,000 | Valladolid District Hospital | 9,000,000",[],"['verify facility row, hierarchy, and printed Total column against the HFEP schedule']",candidate; verify against PDF
Department of Health,Health Facilities Enhancement Program,"","",Region I Medical Center,50000000,2 - HB 10858 VOL IB.pdf,888,"Region I Medical Center | Total: 50,000,000","Pangasinan | 50,000,000 | Region I Medical Center",[],"['verify facility row, hierarchy, and printed Total column against the HFEP schedule']",candidate; verify against PDF
Department of Health,Health Facilities Enhancement Program,"","",Mandaue City Hospital,50000000,2 - HB 10858 VOL IB.pdf,886,"Mandaue City Hospital | Total: 50,000,000","Cebu | 50,000,000 | Mandaue City Hospital",[],"['verify facility row, hierarchy, and printed Total column against the HFEP schedule']",candidate; verify against PDF
Department of Health,Health Facilities Enhancement Program,"","",Eastern Samar Provincial Hospital,50000000,2 - HB 10858 VOL IB.pdf,886,"Eastern Samar Provincial Hospital | Total: 50,000,000","Albino Duran Memorial Hospital | 2,800,000 | Eastern Samar Provincial Hospital | 50,000,000 | Felipe Abrigo Memorial Hospital | 6,000,000",[],"['verify facility row, hierarchy, and printed Total column against the HFEP schedule']",candidate; verify against PDF
Department of Health,Health Facilities Enhancement Program,"","",North Samar Provincial Hospital,50000000,2 - HB 10858 VOL IB.pdf,886,"North Samar Provincial Hospital | Total: 50,000,000","Dr. Gregorio B. Tan Memorial Hospital | 8,065,000 | North Samar Provincial Hospital | 50,000,000 | San Antonio District Hospital",[],"['verify facility row, hierarchy, and printed Total column against the HFEP schedule']",candidate; verify against PDF
Department of Health,Health Facilities Enhancement Program,"","",San Antonio District Hospital,50000000,2 - HB 10858 VOL IB.pdf,886,"San Antonio District Hospital | Total: 50,000,000","North Samar Provincial Hospital | 50,000,000 | San Antonio District Hospital",[],"['verify facility row, hierarchy, and printed Total column against the HFEP schedule']",candidate; verify against PDF
Department of Health,Health Facilities Enhancement Program,"","",JR Borja General Hospital,50000000,2 - HB 10858 VOL IB.pdf,886,"JR Borja General Hospital | Total: 50,000,000","City of Cagayan De Oro | 50,000,000 | JR Borja General Hospital",[],"['verify facility row, hierarchy, and printed Total column against the HFEP schedule']",candidate; verify against PDF
Department of Health,Health Facilities Enhancement Program,"","",Davao de Oro Provincial Hospital - Laak,50000000,2 - HB 10858 VOL IB.pdf,886,"Davao de Oro Provincial Hospital - Laak | Total: 50,000,000","Davao de Oro | 80,000,000 | 50,000,000 | 130,000,000 | 65,000,000 | Davao de Oro Provincial Hospital - Laak | 2,800,000 | Davao de Oro Provincial Hospital - Maragusan",[],"['verify facility row, hierarchy, and printed Total column against the HFEP schedule']",candidate; verify against PDF
Department of Health,Health Facilities Enhancement Program,"","",Davao de Oro Provincial Hospital - Maragusan,50000000,2 - HB 10858 VOL IB.pdf,886,"Davao de Oro Provincial Hospital - Maragusan | Total: 50,000,000","65,000,000 | Davao de Oro Provincial Hospital - Laak | 50,000,000 | 2,800,000 | Davao de Oro Provincial Hospital - Maragusan | Davao de Oro Provincial Hospital - Pantukan | 15,000,000",[],"['verify facility row, hierarchy, and printed Total column against the HFEP schedule']",candidate; verify against PDF
Department of Health,Health Facilities Enhancement Program,"","",Mariano Marcos Memorial Hospital and Medical Center,50000000,2 - HB 10858 VOL IB.pdf,888,"Mariano Marcos Memorial Hospital and Medical Center | Total: 50,000,000","Ilocos Norte | 50,000,000 | Mariano Marcos Memorial Hospital and Medical Center",[],"['verify facility row, hierarchy, and printed Total column against the HFEP schedule']",candidate; verify against PDF
Department of Health,Health Facilities Enhancement Program,"","",Coron District Hospital,50000000,2 - HB 10858 VOL IB.pdf,884,"Coron District Hospital | Total: 50,000,000","Araceli Dumaran District Hospital | 4,500,000 | Coron District Hospital | 30,000,000 | 20,000,000 | 50,000,000 | El Nido Community Hospital",[],"['verify facility row, hierarchy, and printed Total column against the HFEP schedule']",candidate; verify against PDF
Department of Agriculture,Farm-to-Market Roads,"","","Construction of Brgy. Alitap FMR, Brgy. Alitap, Mauban, Quezon",50000000,2 - HB 10858 VOL IB.pdf,692,"Construction of Brgy. Alitap FMR, Brgy. Alitap, Mauban, Quezon | 50,000,000","Construction of Brgy. Alitap FMR, Brgy. Alitap, Mauban, Quezon | 15,000,000 | 50,000,000",[],[],candidate; verify PAP/project level and amount against PDF
Department of Agriculture,Farm-to-Market Roads,"","","Concreting of Brgy. Orange - Brgy. Old Maguisa FMR, Brgy. San Ramon and Brgy. San Isidro, Donsol, Sorsogon",50000000,2 - HB 10858 VOL IB.pdf,704,"Concreting of Brgy. Orange - Brgy. Old Maguisa FMR, Brgy. San Ramon and Brgy. San Isidro, Donsol, Sorsogon | 50,000,000","50,000,000 | Concreting of Brgy. Orange - Brgy. Old Maguisa FMR, Brgy. San Ramon and | Brgy. San Isidro, Donsol, Sorsogon",[],[],candidate; verify PAP/project level and amount against PDF
Department of Agriculture,Farm-to-Market Roads,"","","Construction of Brgy. San Miguel to Brgy. Caliclic FMR, Brgy. San Miguel,",50000000,2 - HB 10858 VOL IB.pdf,720,"Construction of Brgy. San Miguel to Brgy. Caliclic FMR, Brgy. San Miguel, | 50,000,000","Construction of Brgy. San Miguel to Brgy. Caliclic FMR, Brgy. San Miguel, | IGACOS, Davao del Norte | 50,000,000",[],[],candidate; verify PAP/project level and amount against PDF
Department of Agriculture,Farm-to-Market Roads,"","","Construction of Brgy. Canculajao FMR, Brgy. Canculajao, Catanauan, Quezon",50000000,2 - HB 10858 VOL IB.pdf,692,"Construction of Brgy. Canculajao FMR, Brgy. Canculajao, Catanauan, Quezon | 50,000,000","Construction of Brgy. Canculajao FMR, Brgy. Canculajao, Catanauan, Quezon | 30,000,000 | 50,000,000",[],[],candidate; verify PAP/project level and amount against PDF
Department of Agriculture,Farm-to-Market Roads,"","","Construction of Brgy. Magangon, Polanco - Brgy. Del Pilar, Piñan FMR, Zamboanga del Norte",50000000,2 - HB 10858 VOL IB.pdf,718,"Construction of Brgy. Magangon, Polanco - Brgy. Del Pilar, Piñan FMR, Zamboanga del Norte | 50,000,000","Construction of Brgy. Magangon, Polanco - Brgy. Del Pilar, Piñan FMR, Zamboanga del Norte | 50,000,000",[],[],candidate; verify PAP/project level and amount against PDF
Department of Agriculture,Farm-to-Market Roads,"","","Construction of Purok 3, Brgy. Calican FMR, Brgy. Calican, Piñan, Zamboanga del Norte",50000000,2 - HB 10858 VOL IB.pdf,717,"Construction of Purok 3, Brgy. Calican FMR, Brgy. Calican, Piñan, Zamboanga del Norte | 50,000,000","Construction of Purok 3, Brgy. Calican FMR, Brgy. Calican, Piñan, Zamboanga del Norte | 50,000,000",[],[],candidate; verify PAP/project level and amount against PDF
Department of Agriculture,Farm-to-Market Roads,"","","Construction of Brgy. Caruan FMR, Brgy. Caruan, Pasuquin, Ilocos Norte",50000000,2 - HB 10858 VOL IB.pdf,670,"Construction of Brgy. Caruan FMR, Brgy. Caruan, Pasuquin, Ilocos Norte | 50,000,000","5,000,000 | Construction of Brgy. Caruan FMR, Brgy. Caruan, Pasuquin, Ilocos Norte | 50,000,000",[],[],candidate; verify PAP/project level and amount against PDF
Department of Agriculture,Farm-to-Market Roads,"","","Construction of Brgy. Baruk - Brgy. Caghalong - Brgy. Can-ilay FMR, Can-avid, Eastern Samar",50000000,2 - HB 10858 VOL IB.pdf,716,"Construction of Brgy. Baruk - Brgy. Caghalong - Brgy. Can-ilay FMR, Can-avid, Eastern Samar | 50,000,000","Construction of Brgy. Baruk - Brgy. Caghalong - Brgy. Can-ilay FMR, | Can-avid, Eastern Samar | 50,000,000",[],[],candidate; verify PAP/project level and amount against PDF
Department of Agriculture,Farm-to-Market Roads,"","","Construction of Brgy. Tarabucan to Brgy. Jacinto FMR, Brgy. Tarabucan and",50000000,2 - HB 10858 VOL IB.pdf,714,"Construction of Brgy. Tarabucan to Brgy. Jacinto FMR, Brgy. Tarabucan and | 50,000,000","Construction of Brgy. Tarabucan to Brgy. Jacinto FMR, Brgy. Tarabucan and | Brgy. Jacinto, Calbayog City, Samar | 50,000,000",[],[],candidate; verify PAP/project level and amount against PDF
Department of Agriculture,Farm-to-Market Roads,"","","Construction of Brgy. Silijagon-Sitio Pangudtan FMR, Brgy. Silijagon, Mapanas, Northern Samar",50000000,2 - HB 10858 VOL IB.pdf,714,"Construction of Brgy. Silijagon-Sitio Pangudtan FMR, Brgy. Silijagon, Mapanas, Northern Samar | 50,000,000","Construction of Brgy. Silijagon-Sitio Pangudtan FMR, Brgy. Silijagon, | Mapanas, Northern Samar | 50,000,000",[],[],candidate; verify PAP/project level and amount against PDF
Department of Agriculture,Farm-to-Market Roads,"","","Construction of Purok Bulad, Brgy. Mabini to Purok Irigasyon, Brgy. Pacol FMR,",50000000,2 - HB 10858 VOL IB.pdf,710,"Construction of Purok Bulad, Brgy. Mabini to Purok Irigasyon, Brgy. Pacol FMR, | 50,000,000","15,000,000 | Construction of Purok Bulad, Brgy. Mabini to Purok Irigasyon, Brgy. Pacol FMR, | Brgy. Mabini and Brgy. Pacol, Valladolid, Negros Occidental | 50,000,000",[],[],candidate; verify PAP/project level and amount against PDF
Department of Agriculture,Farm-to-Market Roads,"","","Construction of Purok Fermina, Brgy. Ma-ao FMR, Brgy. Ma-ao,",50000000,2 - HB 10858 VOL IB.pdf,710,"Construction of Purok Fermina, Brgy. Ma-ao FMR, Brgy. Ma-ao, | 50,000,000","15,000,000 | Construction of Purok Fermina, Brgy. Ma-ao FMR, Brgy. Ma-ao, | Bago City, Negros Occidental | 50,000,000",[],[],candidate; verify PAP/project level and amount against PDF
Department of Agriculture,Farm-to-Market Roads,"","","Construction of Brgy. Sta. Maria to Baringkog Falls FMR, Sta. Maria, Baras, Catanduanes",50000000,2 - HB 10858 VOL IB.pdf,704,"Construction of Brgy. Sta. Maria to Baringkog Falls FMR, Sta. Maria, Baras, Catanduanes | 50,000,000","Construction of Brgy. Sta. Maria to Baringkog Falls FMR, Sta. Maria, Baras, Catanduanes | 50,000,000",[],[],candidate; verify PAP/project level and amount against PDF
Department of Agriculture,Farm-to-Market Roads,"","","Construction of Sitio Ragpas to Purok 3, Brgy. San Jose FMR, Brgy. San Jose,",50000000,2 - HB 10858 VOL IB.pdf,704,"Construction of Sitio Ragpas to Purok 3, Brgy. San Jose FMR, Brgy. San Jose, | 50,000,000","Construction of Sitio Ragpas to Purok 3, Brgy. San Jose FMR, Brgy. San Jose, | Basud, Camarines Norte | 50,000,000",[],[],candidate; verify PAP/project level and amount against PDF
Department of Agriculture,Farm-to-Market Roads,"","","Construction of Brgy. Alcadesma to Brgy. Rosacara FMR, Brgy. Alcadesma, Bansud, Oriental Mindoro",50000000,2 - HB 10858 VOL IB.pdf,700,"Construction of Brgy. Alcadesma to Brgy. Rosacara FMR, Brgy. Alcadesma, Bansud, Oriental Mindoro | 50,000,000","Construction of Brgy. Alcadesma to Brgy. Rosacara FMR, Brgy. Alcadesma, | Bansud, Oriental Mindoro | 50,000,000",[],[],candidate; verify PAP/project level and amount against PDF
Department of Agriculture,Farm-to-Market Roads,"","","Construction of Local Access road Rizal St., Brgy. Tenga-Tenga to Brgy. Suba FMR,",50000000,2 - HB 10858 VOL IB.pdf,700,"Construction of Local Access road Rizal St., Brgy. Tenga-Tenga to Brgy. Suba FMR, | 50,000,000","Construction of Local Access road Rizal St., Brgy. Tenga-Tenga to Brgy. Suba FMR, | Brgy. Tenga-Tenga to Brgy. Suba, Cuyo, Palawan | 50,000,000",[],[],candidate; verify PAP/project level and amount against PDF
Department of Agriculture,Farm-to-Market Roads,"","","Construction of Brgy. Mayag FMR, Brgy. Mayag, Bauco, Mountain Province",50000000,2 - HB 10858 VOL IB.pdf,672,"Construction of Brgy. Mayag FMR, Brgy. Mayag, Bauco, Mountain Province | 50,000,000","5,000,000 | Construction of Brgy. Mayag FMR, Brgy. Mayag, Bauco, Mountain Province | 50,000,000",[],[],candidate; verify PAP/project level and amount against PDF
Department of Health,Health Facilities Enhancement Program,"","",Morong District Hospital,49000000,2 - HB 10858 VOL IB.pdf,882,"Morong District Hospital | Total: 49,000,000","8,400,000 | Bataan | 63,600,000 | 13,000,000 | Morong District Hospital | 49,000,000 | 19,365,000 | Jose C. Payumo Jr. Memorial Hospital | 14,600,000",[],"['verify facility row, hierarchy, and printed Total column against the HFEP schedule']",candidate; verify against PDF
Department of Health,Health Facilities Enhancement Program,"","",Victorias City Rural Health Unit,46500000,2 - HB 10858 VOL IB.pdf,880,"Victorias City Rural Health Unit | Total: 46,500,000","Talisay City Rural Health Unit | 17,500,000 | Victorias City Rural Health Unit | 35,000,000 | 11,500,000 | 46,500,000",[],"['verify facility row, hierarchy, and printed Total column against the HFEP schedule']",candidate; verify against PDF
Department of Agriculture,Farm-to-Market Roads,"","","Construction of Brgy. Sto. Niño FMR, Brgy. Sto. Niño, San Agustin, Isabela",45000000,2 - HB 10858 VOL IB.pdf,678,"Construction of Brgy. Sto. Niño FMR, Brgy. Sto. Niño, San Agustin, Isabela | 45,000,000","END (SEC 2): 16.468489, 121.810549 | Construction of Brgy. Sto. Niño FMR, Brgy. Sto. Niño, San Agustin, Isabela | 45,000,000",[],[],candidate; verify PAP/project level and amount against PDF
Department of Agriculture,Farm-to-Market Roads,"","","Concreting of Brgy. Isaub FMR, Brgy. Isaub, Aborlan, Palawan",45000000,2 - HB 10858 VOL IB.pdf,700,"Concreting of Brgy. Isaub FMR, Brgy. Isaub, Aborlan, Palawan | 45,000,000","30,000,000 | 15,000,000 | Concreting of Brgy. Isaub FMR, Brgy. Isaub, Aborlan, Palawan | 45,000,000",[],[],candidate; verify PAP/project level and amount against PDF
Department of Agriculture,Farm-to-Market Roads,"","","Construction of Brgy. Cabisera 17-21 to Brgy. Sindon Maride FMR, Brgy. Cabisera 17-21,",45000000,2 - HB 10858 VOL IB.pdf,674,"Construction of Brgy. Cabisera 17-21 to Brgy. Sindon Maride FMR, Brgy. Cabisera 17-21, | 45,000,000","15,000,000 | Construction of Brgy. Cabisera 17-21 to Brgy. Sindon Maride FMR, Brgy. Cabisera 17-21, | Ilagan City, Isabela | 45,000,000",[],[],candidate; verify PAP/project level and amount against PDF
Department of Agriculture,Farm-to-Market Roads,"","","Construction of Sitio Riverside to Sitio Bungahan, Brgy. Libertad FMR, Bongabong, Oriental Mindoro",45000000,2 - HB 10858 VOL IB.pdf,700,"Construction of Sitio Riverside to Sitio Bungahan, Brgy. Libertad FMR, Bongabong, Oriental Mindoro | 45,000,000","Construction of Sitio Riverside to Sitio Bungahan, Brgy. Libertad FMR, | 15,000,000 | Bongabong, Oriental Mindoro | 45,000,000",[],[],candidate; verify PAP/project level and amount against PDF
Department of Agriculture,Farm-to-Market Roads,"","","Construction of Barindadu, Purok 5, Brgy. Dabubu Grande FMR, Brgy. Dabubu Grande, San Agustin, Isabela",45000000,2 - HB 10858 VOL IB.pdf,678,"Construction of Barindadu, Purok 5, Brgy. Dabubu Grande FMR, Brgy. Dabubu Grande, San Agustin, Isabela | 45,000,000","20,000,000 | Construction of Barindadu, Purok 5, Brgy. Dabubu Grande FMR, Brgy. Dabubu Grande, | San Agustin, Isabela | 45,000,000",[],[],candidate; verify PAP/project level and amount against PDF
Department of Agriculture,Farm-to-Market Roads,"","","Construction Sitio Cuta to Sitio Lucbanan, Brgy. Anilao FMR, Brgy. Anilao, Bongabong, Oriental Mindoro",45000000,2 - HB 10858 VOL IB.pdf,700,"Construction Sitio Cuta to Sitio Lucbanan, Brgy. Anilao FMR, Brgy. Anilao, Bongabong, Oriental Mindoro | 45,000,000","15,000,000 | Construction Sitio Cuta to Sitio Lucbanan, Brgy. Anilao FMR, Brgy. Anilao, | Bongabong, Oriental Mindoro | 45,000,000",[],[],candidate; verify PAP/project level and amount against PDF
Department of Agriculture,Farm-to-Market Roads,"","","Construction of Brgy. Buan FMR, Brgy. Buan, Asuncion, Davao del Norte",45000000,2 - HB 10858 VOL IB.pdf,720,"Construction of Brgy. Buan FMR, Brgy. Buan, Asuncion, Davao del Norte | 45,000,000","25,000,000 | Construction of Brgy. Buan FMR, Brgy. Buan, Asuncion, Davao del Norte | 45,000,000",[],[],candidate; verify PAP/project level and amount against PDF
Department of Health,Health Facilities Enhancement Program,"","",Cadiz City Hospital (Different Facility from Cadiz DISTRICT Hospital),44200000,2 - HB 10858 VOL IB.pdf,884,"Cadiz City Hospital (Different Facility from Cadiz DISTRICT Hospital) | Total: 44,200,000","Cadiz City District Hospital | 19,704,000 | 13,500,000 | 33,204,000 | 30,000,000 | Cadiz City Hospital (Different Facility from Cadiz DISTRICT | 10,000,000 | Hospital) | 24,200,000 | 20,000,000 | 44,200,000",[],"['verify facility row, hierarchy, and printed Total column against the HFEP schedule']",candidate; verify against PDF
Department of Agriculture,Farm-to-Market Roads,"","","Concreting of Brgy. Tigmarabo FMR, Brgy. Tigmarabo, Miagao, Iloilo",42000000,2 - HB 10858 VOL IB.pdf,708,"Concreting of Brgy. Tigmarabo FMR, Brgy. Tigmarabo, Miagao, Iloilo | 42,000,000","20,000,000 | Concreting of Brgy. Tigmarabo FMR, Brgy. Tigmarabo, Miagao, Iloilo | 42,000,000",[],[],candidate; verify PAP/project level and amount against PDF
Department of Agriculture,Farm-to-Market Roads,"","","Construction of Sitio Mungos to Sitio Lalid, Brgy. Hagan FMR, Bongabong, Oriental Mindoro",41000000,2 - HB 10858 VOL IB.pdf,700,"Construction of Sitio Mungos to Sitio Lalid, Brgy. Hagan FMR, Bongabong, Oriental Mindoro | 41,000,000","30,000,000 | Construction of Sitio Mungos to Sitio Lalid, Brgy. Hagan FMR, | Bongabong, Oriental Mindoro | 41,000,000",[],[],candidate; verify PAP/project level and amount against PDF
Department of Health,Health Facilities Enhancement Program,"","",Davao del Norte Hospital- Kapalong Zone,40000000,2 - HB 10858 VOL IB.pdf,886,"Davao del Norte Hospital- Kapalong Zone | Total: 40,000,000","33,750,000 | Davao del Norte Hospital- Carmen Zone | 30,000,000 | 2,300,000 | Davao del Norte Hospital- Kapalong Zone | 20,000,000 | 40,000,000 | 4,000,000 | Davao Prison and Penal Farm Hospital | 2,900,000",[],"['verify facility row, hierarchy, and printed Total column against the HFEP schedule']",candidate; verify against PDF
Department of Health,Health Facilities Enhancement Program,"","",Mariveles Mental Wellness and General Hospital,40000000,2 - HB 10858 VOL IB.pdf,888,"Mariveles Mental Wellness and General Hospital | Total: 40,000,000","28,000,000 | 3,300,000 | 31,300,000 | Bataan General Hospital and Medical Center | 50,000,000 | 20,000,000 | Mariveles Mental Wellness and General Hospital | 40,000,000 | 2,300,000",[],"['verify facility row, hierarchy, and printed Total column against the HFEP schedule']",candidate; verify against PDF
Department of Health,Health Facilities Enhancement Program,"","",Laguna Regional Hospital,40000000,2 - HB 10858 VOL IB.pdf,888,"Laguna Regional Hospital | Total: 40,000,000","6,000,000 | Laguna | 40,000,000 | 20,000,000 | 6,500,000 | 26,500,000 | Laguna Regional Hospital | 4,500,000",[],"['verify facility row, hierarchy, and printed Total column against the HFEP schedule']",candidate; verify against PDF
Department of Health,Health Facilities Enhancement Program,"","",Southern Luzon Multi-Specialty Medical Center,40000000,2 - HB 10858 VOL IB.pdf,888,"Southern Luzon Multi-Specialty Medical Center | Total: 40,000,000","6,000,000 | 13,000,000 | 19,000,000 | Lucena City Hospital | 20,000,000 | Southern Luzon Multi-Specialty Medical Center | 40,000,000",[],"['verify facility row, hierarchy, and printed Total column against the HFEP schedule']",candidate; verify against PDF
Department of Health,Health Facilities Enhancement Program,"","",Aurora Memorial Hospital,40000000,2 - HB 10858 VOL IB.pdf,882,"Aurora Memorial Hospital | Total: 40,000,000","120,000,000 | 207,765,000 | 327,765,000 | Aurora | 10,000,000 | 30,000,000 | 40,000,000 | 25,000,000 | Aurora Memorial Hospital | 20,000,000",[],"['verify facility row, hierarchy, and printed Total column against the HFEP schedule']",candidate; verify against PDF
Department of Health,Health Facilities Enhancement Program,"","",Mallig District Hospital,40000000,2 - HB 10858 VOL IB.pdf,882,"Mallig District Hospital | Total: 40,000,000","Governor Faustino N. Dy Sr. Memorial Hospital | 50,000,000 | 18,000,000 | Mallig District Hospital | 20,000,000 | 40,000,000 | Manuel A. Roxas District Hospital | 30,000,000 | 70,000,000",[],"['verify facility row, hierarchy, and printed Total column against the HFEP schedule']",candidate; verify against PDF
Department of Health,Health Facilities Enhancement Program,"","",Echague District Hospital,40000000,2 - HB 10858 VOL IB.pdf,882,"Echague District Hospital | Total: 40,000,000","140,000 | Cauayan District Hospital | 50,000,000 | 75,000,000 | 125,000,000 | 2,900,000 | Echague District Hospital | 20,000,000 | 40,000,000 | Governor Faustino N. Dy Sr. Memorial Hospital",[],"['verify facility row, hierarchy, and printed Total column against the HFEP schedule']",candidate; verify against PDF
Department of Agriculture,Farm-to-Market Roads,"","","Construction of Brgy. Amoguis to Dahat FMR, Brgy. Amoguis-Dahat, Lagonoy, Camarines Sur",40000000,2 - HB 10858 VOL IB.pdf,704,"Construction of Brgy. Amoguis to Dahat FMR, Brgy. Amoguis-Dahat, Lagonoy, Camarines Sur | 40,000,000","Construction of Brgy. Amoguis to Dahat FMR, Brgy. Amoguis-Dahat, | Lagonoy, Camarines Sur | 40,000,000",[],[],candidate; verify PAP/project level and amount against PDF
Department of Agriculture,Farm-to-Market Roads,"","","Construction of Brgy. Simanu Norte FMR, Brgy. Simanu Norte, San Pablo, Isabela",40000000,2 - HB 10858 VOL IB.pdf,676,"Construction of Brgy. Simanu Norte FMR, Brgy. Simanu Norte, San Pablo, Isabela | 40,000,000","NAME OR PROJECTS | NAME OF PROJECTSPESOS PESOS | NUMBER “1”  | PESOS | Construction of Brgy. Simanu Norte FMR, Brgy. Simanu Norte, San Pablo, Isabela | 40,000,000",[],[],candidate; verify PAP/project level and amount against PDF
Department of Agriculture,Farm-to-Market Roads,"","","Concreting of Brgy. San Fernando - Brgy. Buenavista Norte FMR, Brgy. San Fernando",40000000,2 - HB 10858 VOL IB.pdf,708,"Concreting of Brgy. San Fernando - Brgy. Buenavista Norte FMR, Brgy. San Fernando | 40,000,000","15,000,000 | Concreting of Brgy. San Fernando - Brgy. Buenavista Norte FMR, Brgy. San Fernando | and Brgy. Buenavista Norte, Miagao, Iloilo, | 40,000,000 | 20,000,000",[],[],candidate; verify PAP/project level and amount against PDF
Department of Agriculture,Farm-to-Market Roads,"","","Construction of Sitio Arayat Brgy. Matin-ao, Mainit FMR, Brgy. Matin-ao, Mainit, Surigao del Norte",40000000,2 - HB 10858 VOL IB.pdf,724,"Construction of Sitio Arayat Brgy. Matin-ao, Mainit FMR, Brgy. Matin-ao, Mainit, Surigao del Norte | 40,000,000","25,000,000 | Construction of Sitio Arayat Brgy. Matin-ao, Mainit FMR, Brgy. Matin-ao, | Mainit, Surigao del Norte | 40,000,000",[],[],candidate; verify PAP/project level and amount against PDF
Department of Agriculture,Farm-to-Market Roads,"","","Construction of Nursery, P7, Brgy. Sto. Niño FMR, Brgy. Sto. Niño, San Agustin, Isabela START (SEC 1): 16.464822, 121.783702 START (SEC 2): 16.467103, 121.809653",39000000,2 - HB 10858 VOL IB.pdf,678,"Construction of Nursery, P7, Brgy. Sto. Niño FMR, Brgy. Sto. Niño, San Agustin, Isabela START (SEC 1): 16.464822, 121.783702 START (SEC 2): 16.467103, 121.809653 | 39,000,000","Construction of Nursery, P7, Brgy. Sto. Niño FMR, Brgy. Sto. Niño, San Agustin, Isabela | START (SEC 1): 16.464822, 121.783702 | START (SEC 2): 16.467103, 121.809653 | 39,000,000",[],[],candidate; verify PAP/project level and amount against PDF
Department of Health,Health Facilities Enhancement Program,"","",Adela Serra Ty Memorial Medical Center,37000000,2 - HB 10858 VOL IB.pdf,890,"Adela Serra Ty Memorial Medical Center | Total: 37,000,000","Surigao del Sur | 37,000,000 | Adela Serra Ty Memorial Medical Center",[],"['verify facility row, hierarchy, and printed Total column against the HFEP schedule']",candidate; verify against PDF
Department of Agriculture,Farm-to-Market Roads,"","","Concreting of Brgy. Malobago to Sitio Caodocan, Brgy. Tagharigue FMR, Brgy. Malobago and Brgy. Tagharigue, Calubian, Leyte",36000000,2 - HB 10858 VOL IB.pdf,714,"Concreting of Brgy. Malobago to Sitio Caodocan, Brgy. Tagharigue FMR, Brgy. Malobago and Brgy. Tagharigue, Calubian, Leyte | 36,000,000","Concreting of Brgy. Malobago to Sitio Caodocan, Brgy. Tagharigue FMR, Brgy. Malobago | 50,000,000 | and Brgy. Tagharigue, Calubian, Leyte | 36,000,000",[],[],candidate; verify PAP/project level and amount against PDF
Department of Health,Health Facilities Enhancement Program,"","",Kidapawan City General Hospital,35000000,2 - HB 10858 VOL IB.pdf,886,"Kidapawan City General Hospital | Total: 35,000,000","10,347,000 | Cotabato Provincial Hospital | 17,500,000 | Kidapawan City General Hospital | 35,000,000 | Kidapawan City Hospital | 50,000,000",[],"['verify facility row, hierarchy, and printed Total column against the HFEP schedule']",candidate; verify against PDF
Department of Health,Health Facilities Enhancement Program,"","",Lazi Medicare Community Hospital,35000000,2 - HB 10858 VOL IB.pdf,886,"Lazi Medicare Community Hospital | Total: 35,000,000","Siquijor | 50,000,000 | 85,000,000 | 135,000,000 | Lazi Medicare Community Hospital | 35,000,000 | Siquijor Provincial Hospital | 100,000,000",[],"['verify facility row, hierarchy, and printed Total column against the HFEP schedule']",candidate; verify against PDF
Department of Health,Health Facilities Enhancement Program,"","",Tagbilaran City Super Mega Health Center,35000000,2 - HB 10858 VOL IB.pdf,880,"Tagbilaran City Super Mega Health Center | Total: 35,000,000","Dauis Super Health Center | 1,750,000 | 2,900,000 | Tagbilaran City Super Mega Health Center | 35,000,000 | Tubigon Rural Health Unit II | 1,500,000",[],"['verify facility row, hierarchy, and printed Total column against the HFEP schedule']",candidate; verify against PDF
Department of Health,Health Facilities Enhancement Program,"","",Cotabato Sanitarium and General Hospital,35000000,2 - HB 10858 VOL IB.pdf,890,"Cotabato Sanitarium and General Hospital | Total: 35,000,000","Cotabato Regional and Medical Center | 20,000,000 | Cotabato Sanitarium and General Hospital | 35,000,000",[],"['verify facility row, hierarchy, and printed Total column against the HFEP schedule']",candidate; verify against PDF
Department of Health,Health Facilities Enhancement Program,"","",Basilan Medical Center,35000000,2 - HB 10858 VOL IB.pdf,890,"Basilan Medical Center | Total: 35,000,000","Basilan | 15,000,000 | 20,000,000 | 35,000,000 | Basilan Medical Center",[],"['verify facility row, hierarchy, and printed Total column against the HFEP schedule']",candidate; verify against PDF
Department of Agriculture,Farm-to-Market Roads,"","","Construction of Brgy. Calubcub II FMR, Brgy. Calubcub II, San Juan, Batangas",35000000,2 - HB 10858 VOL IB.pdf,692,"Construction of Brgy. Calubcub II FMR, Brgy. Calubcub II, San Juan, Batangas | 35,000,000","Construction of Brgy. Calubcub II FMR, Brgy. Calubcub II, San Juan, Batangas | 35,000,000",[],[],candidate; verify PAP/project level and amount against PDF
Department of Agriculture,Farm-to-Market Roads,"","","Concreting of Brgy. Pajo - Brgy. Igang FMR, Pototan, Iloilo",35000000,2 - HB 10858 VOL IB.pdf,708,"Concreting of Brgy. Pajo - Brgy. Igang FMR, Pototan, Iloilo | 35,000,000","Concreting of Brgy. Pajo - Brgy. Igang FMR, Pototan, Iloilo | 35,000,000",[],[],candidate; verify PAP/project level and amount against PDF
Department of Agriculture,Farm-to-Market Roads,"","","Construction of Brgy. Pila FMR, Brgy. Pila, San Pascual, Batangas",35000000,2 - HB 10858 VOL IB.pdf,692,"Construction of Brgy. Pila FMR, Brgy. Pila, San Pascual, Batangas | 35,000,000","15,000,000 | Construction of Brgy. Pila FMR, Brgy. Pila, San Pascual, Batangas | 35,000,000",[],[],candidate; verify PAP/project level and amount against PDF
Department of Agriculture,Farm-to-Market Roads,"","","Construction of Brgy. Sapangan FMR, Brgy. Sapangan, San Juan, Batangas",35000000,2 - HB 10858 VOL IB.pdf,692,"Construction of Brgy. Sapangan FMR, Brgy. Sapangan, San Juan, Batangas | 35,000,000","Construction of Brgy. Sapangan FMR, Brgy. Sapangan, San Juan, Batangas | S2-13.7059722, 121.3570456 | 35,000,000",[],[],candidate; verify PAP/project level and amount against PDF
Department of Agriculture,Farm-to-Market Roads,"","","Construction of Brgy. Ilat North FMR, San Pascual, Batangas",35000000,2 - HB 10858 VOL IB.pdf,692,"Construction of Brgy. Ilat North FMR, San Pascual, Batangas | 35,000,000","15,000,000 | Construction of Brgy. Ilat North FMR, San Pascual, Batangas | 35,000,000",[],[],candidate; verify PAP/project level and amount against PDF
Department of Agriculture,Farm-to-Market Roads,"","","Construction of Sitio Centro to Sitio Balite, Brgy. Camantigue FMR, Brgy. Camantigue, Bongabong, Oriental Mindoro",34500000,2 - HB 10858 VOL IB.pdf,700,"Construction of Sitio Centro to Sitio Balite, Brgy. Camantigue FMR, Brgy. Camantigue, Bongabong, Oriental Mindoro | 34,500,000","NAME OR PROJECTS | NAME OF PROJECTSPESOS PESOS | PESOS | Construction of Sitio Centro to Sitio Balite, Brgy. Camantigue FMR, Brgy. Camantigue, | 15,000,000 | Bongabong, Oriental Mindoro | 34,500,000",[],[],candidate; verify PAP/project level and amount against PDF
Department of Agriculture,Farm-to-Market Roads,"","","Construction of Sitio Ibon, Brgy. Carmundo FMR to Sitio Centro Brgy. Tawas,",34500000,2 - HB 10858 VOL IB.pdf,700,"Construction of Sitio Ibon, Brgy. Carmundo FMR to Sitio Centro Brgy. Tawas, | 34,500,000","15,000,000 | Construction of Sitio Ibon, Brgy. Carmundo FMR to Sitio Centro Brgy. Tawas, | Bongabong, Oriental Mindoro | 34,500,000",[],[],candidate; verify PAP/project level and amount against PDF
Department of Agriculture,Farm-to-Market Roads,"","","Construction of Sitio Dasar FMR, Brgy. Isic-isic, Vintar, Ilocos Norte",34000000,2 - HB 10858 VOL IB.pdf,670,"Construction of Sitio Dasar FMR, Brgy. Isic-isic, Vintar, Ilocos Norte | 34,000,000","Construction of Sitio Dasar FMR, Brgy. Isic-isic, Vintar, Ilocos Norte | 27,000,000 | 34,000,000",[],[],candidate; verify PAP/project level and amount against PDF
Department of Health,Health Facilities Enhancement Program,"","",Cadiz City District Hospital,33204000,2 - HB 10858 VOL IB.pdf,884,"Cadiz City District Hospital | Total: 33,204,000","2,500,000 | Bago City Hospital | 50,000,000 | Cadiz City District Hospital | 19,704,000 | 13,500,000 | 33,204,000 | 30,000,000 | Cadiz City Hospital (Different Facility from Cadiz DISTRICT",[],"['verify facility row, hierarchy, and printed Total column against the HFEP schedule']",candidate; verify against PDF
Department of Agriculture,Farm-to-Market Roads,"","","Construction of Rizal - Villa Marcos to Salvador-Divisoria FMR, Brgy. Rizal-Villa Marcos to Brgy. Salvador-Divisoria, Santiago City, Isabela",32550000,2 - HB 10858 VOL IB.pdf,676,"Construction of Rizal - Villa Marcos to Salvador-Divisoria FMR, Brgy. Rizal-Villa Marcos to Brgy. Salvador-Divisoria, Santiago City, Isabela | 32,550,000","Construction of Rizal - Villa Marcos to Salvador-Divisoria FMR, Brgy. Rizal-Villa Marcos to | 20,000,000 | Brgy. Salvador-Divisoria, Santiago City, Isabela | 32,550,000",[],[],candidate; verify PAP/project level and amount against PDF
Department of Health,Health Facilities Enhancement Program,"","",Gov. Valeriano M. Gatuslao Memorial District Hospital,31500000,2 - HB 10858 VOL IB.pdf,884,"Gov. Valeriano M. Gatuslao Memorial District Hospital | Total: 31,500,000","10,000,000 | Don Salvador Benedicto Memorial District Hospital | 13,500,000 | Gov. Valeriano M. Gatuslao Memorial District Hospital | 17,500,000 | 14,000,000 | 31,500,000 | La Castellana Hospital | 5,500,000",[],"['verify facility row, hierarchy, and printed Total column against the HFEP schedule']",candidate; verify against PDF
Department of Agriculture,Farm-to-Market Roads,"","","Concreting of Brgy. Olango - Brgy. Pudpud FMR, Brgy. Olango and Brgy. Pudpud,",30750000,2 - HB 10858 VOL IB.pdf,708,"Concreting of Brgy. Olango - Brgy. Pudpud FMR, Brgy. Olango and Brgy. Pudpud, | 30,750,000","20,000,000 | Concreting of Brgy. Olango - Brgy. Pudpud FMR, Brgy. Olango and Brgy. Pudpud, | Miagao, Iloilo | 30,750,000",[],[],candidate; verify PAP/project level and amount against PDF
Department of Health,Health Facilities Enhancement Program,"","",Subic General Hospital,30000000,2 - HB 10858 VOL IB.pdf,884,"Subic General Hospital | Total: 30,000,000","San Marcelino District Hospital | 10,000,000 | Subic General Hospital | 30,000,000",[],"['verify facility row, hierarchy, and printed Total column against the HFEP schedule']",candidate; verify against PDF
Department of Health,Health Facilities Enhancement Program,"","",Western Visayas Sanitarium and General Hospital,30000000,2 - HB 10858 VOL IB.pdf,888,"Western Visayas Sanitarium and General Hospital | Total: 30,000,000","4,000,000 | Western Visayas Medical Center | 30,000,000 | Western Visayas Sanitarium and General Hospital | 10,000,000 | 20,000,000 | 2,275,000,000 | 856,703,000 | 3,131,703,000",[],"['verify facility row, hierarchy, and printed Total column against the HFEP schedule']",candidate; verify against PDF
Department of Health,Health Facilities Enhancement Program,"","",Western Visayas Medical Center,30000000,2 - HB 10858 VOL IB.pdf,888,"Western Visayas Medical Center | Total: 30,000,000","5,500,000 | Iloilo | 40,000,000 | 20,000,000 | 60,000,000 | 4,000,000 | Western Visayas Medical Center | 30,000,000 | Western Visayas Sanitarium and General Hospital | 10,000,000",[],"['verify facility row, hierarchy, and printed Total column against the HFEP schedule']",candidate; verify against PDF
Department of Health,Health Facilities Enhancement Program,"","",Ilocos Training and Regional Medical Center,30000000,2 - HB 10858 VOL IB.pdf,888,"Ilocos Training and Regional Medical Center | Total: 30,000,000","La Union | 30,000,000 | Ilocos Training and Regional Medical Center",[],"['verify facility row, hierarchy, and printed Total column against the HFEP schedule']",candidate; verify against PDF
Department of Health,Health Facilities Enhancement Program,"","",Davao del Norte Hospital- Carmen Zone,30000000,2 - HB 10858 VOL IB.pdf,886,"Davao del Norte Hospital- Carmen Zone | Total: 30,000,000","Davao del Norte Hospital - Kapalong | 2,900,000 | 33,750,000 | Davao del Norte Hospital- Carmen Zone | 30,000,000 | 2,300,000 | Davao del Norte Hospital- Kapalong Zone | 20,000,000 | 40,000,000",[],"['verify facility row, hierarchy, and printed Total column against the HFEP schedule']",candidate; verify against PDF
Department of Health,Health Facilities Enhancement Program,"","",Ospital Ng Paranaque II,30000000,2 - HB 10858 VOL IB.pdf,882,"Ospital Ng Paranaque II | Total: 30,000,000","Ospital Ng Paranaque I | 25,000,000 | Ospital Ng Paranaque II | 30,000,000 | Ospital ng Sampaloc | 15,000,000",[],"['verify facility row, hierarchy, and printed Total column against the HFEP schedule']",candidate; verify against PDF
Department of Health,Health Facilities Enhancement Program,"","",Angel Salazar Memorial General Hospital,30000000,2 - HB 10858 VOL IB.pdf,884,"Angel Salazar Memorial General Hospital | Total: 30,000,000","20,000,000 | Antique | 50,000,000 | 10,000,000 | 60,000,000 | Angel Salazar Memorial General Hospital | 30,000,000 | 40,000,000 | Patnongon Community Hospital",[],"['verify facility row, hierarchy, and printed Total column against the HFEP schedule']",candidate; verify against PDF
Department of Health,Health Facilities Enhancement Program,"","",Sta. Rosa City Community Hospital,30000000,2 - HB 10858 VOL IB.pdf,884,"Sta. Rosa City Community Hospital | Total: 30,000,000","San Pablo City District Hospital | 25,000,000 | Sta. Rosa City Community Hospital | 30,000,000",[],"['verify facility row, hierarchy, and printed Total column against the HFEP schedule']",candidate; verify against PDF
Department of Agriculture,Farm-to-Market Roads,"","","Concreting of Brgy. Iba FMR, Brgy. Iba, Silang, Cavite",30000000,2 - HB 10858 VOL IB.pdf,690,"Concreting of Brgy. Iba FMR, Brgy. Iba, Silang, Cavite | 30,000,000","Concreting of Brgy. Iba FMR, Brgy. Iba, Silang, Cavite | 17, | 712,500 | 30,000,000",[],[],candidate; verify PAP/project level and amount against PDF
Department of Agriculture,Farm-to-Market Roads,"","","Construction of Brgy. Antagan to Brgy. Poblacion FMR, Brgy. Antagan, San Pablo, Isabela",30000000,2 - HB 10858 VOL IB.pdf,674,"Construction of Brgy. Antagan to Brgy. Poblacion FMR, Brgy. Antagan, San Pablo, Isabela | 30,000,000","Construction of Brgy. Antagan to Brgy. Poblacion FMR, Brgy. Antagan, San Pablo, Isabela | 15,000,000 | 30,000,000",[],[],candidate; verify PAP/project level and amount against PDF
Department of Agriculture,Farm-to-Market Roads,"","","Construction of Sitio Cagga, Brgy. Tagumpay FMR, Brgy. Tagumpay, Real, Quezon",30000000,2 - HB 10858 VOL IB.pdf,692,"Construction of Sitio Cagga, Brgy. Tagumpay FMR, Brgy. Tagumpay, Real, Quezon | 30,000,000","NAME OR PROJECTS | NAME OF PROJECTSPESOS PESOS | PESOS | Construction of Sitio Cagga, Brgy. Tagumpay FMR, Brgy. Tagumpay, Real, Quezon | 15,000,000 | 30,000,000",[],[],candidate; verify PAP/project level and amount against PDF
Department of Agriculture,Farm-to-Market Roads,"","","Construction of Brgy. Malabrigo FMR, Brgy. Malabrigo, Lobo, Batangas",30000000,2 - HB 10858 VOL IB.pdf,692,"Construction of Brgy. Malabrigo FMR, Brgy. Malabrigo, Lobo, Batangas | 30,000,000","15,000,000 | Construction of Brgy. Malabrigo FMR, Brgy. Malabrigo, Lobo, Batangas | 30,000,000",[],[],candidate; verify PAP/project level and amount against PDF
Department of Agriculture,Farm-to-Market Roads,"","","Construction of Brgy. Tilha-ong FMR, Brgy. Tilha-ong, Consolacion, Cebu",30000000,2 - HB 10858 VOL IB.pdf,712,"Construction of Brgy. Tilha-ong FMR, Brgy. Tilha-ong, Consolacion, Cebu | 30,000,000","Construction of Brgy. Tilha-ong FMR, Brgy. Tilha-ong, Consolacion, Cebu | 30,000,000",[],[],candidate; verify PAP/project level and amount against PDF
Department of Agriculture,Farm-to-Market Roads,"","","Construction of Brgy. Pinagtubigan Weste to Brgy. Pambuhan FMR,",30000000,2 - HB 10858 VOL IB.pdf,692,"Construction of Brgy. Pinagtubigan Weste to Brgy. Pambuhan FMR, | 30,000,000","Construction of Brgy. Pinagtubigan Weste to Brgy. Pambuhan FMR, | Brgy. Pinagtubigan Weste to Brgy. Pambuhan, Perez, Quezon | 30,000,000",[],[],candidate; verify PAP/project level and amount against PDF
Department of Agriculture,Farm-to-Market Roads,"","","Concreting of Brgy. Canhumadac to Brgy. Helino FMR, Brgy. Canhumadac and Brgy. Helino, Calbayog City, Samar",30000000,2 - HB 10858 VOL IB.pdf,714,"Concreting of Brgy. Canhumadac to Brgy. Helino FMR, Brgy. Canhumadac and Brgy. Helino, Calbayog City, Samar | 30,000,000","Concreting of Brgy. Canhumadac to Brgy. Helino FMR, Brgy. Canhumadac and | Brgy. Helino, Calbayog City, Samar | 30,000,000",[],[],candidate; verify PAP/project level and amount against PDF
Department of Agriculture,Farm-to-Market Roads,"","","Construction of Sitio Bilwang, Brgy. Quipot FMR, Brgy. Quipot, San Juan, Batangas",30000000,2 - HB 10858 VOL IB.pdf,692,"Construction of Sitio Bilwang, Brgy. Quipot FMR, Brgy. Quipot, San Juan, Batangas | 30,000,000","Construction of Sitio Bilwang, Brgy. Quipot FMR, Brgy. Quipot, San Juan, Batangas | 30,000,000",[],[],candidate; verify PAP/project level and amount against PDF
Department of Agriculture,Farm-to-Market Roads,"","","Concreting of Dapiz, Kasaksian, Brgy. Mapalad FMR, Brgy. Mapalad, San Agustin, Isabela",30000000,2 - HB 10858 VOL IB.pdf,678,"Concreting of Dapiz, Kasaksian, Brgy. Mapalad FMR, Brgy. Mapalad, San Agustin, Isabela | 30,000,000","39,000,000 | Concreting of Dapiz, Kasaksian, Brgy. Mapalad FMR, Brgy. Mapalad, San Agustin, Isabela | 30,000,000",[],[],candidate; verify PAP/project level and amount against PDF
Department of Agriculture,Farm-to-Market Roads,"","","Construction of Brgy. San Isidro to Brgy. San Juan FMR, Brgy. San Isidro,",30000000,2 - HB 10858 VOL IB.pdf,714,"Construction of Brgy. San Isidro to Brgy. San Juan FMR, Brgy. San Isidro, | 30,000,000","Construction of Brgy. San Isidro to Brgy. San Juan FMR, Brgy. San Isidro, | Lavezares, Northern Samar | 30,000,000",[],[],candidate; verify PAP/project level and amount against PDF
Department of Agriculture,Farm-to-Market Roads,"","","Construction of Brgy. Anibong FMR, Brgy. Anibong, Pagsanjan, Laguna",30000000,2 - HB 10858 VOL IB.pdf,692,"Construction of Brgy. Anibong FMR, Brgy. Anibong, Pagsanjan, Laguna | 30,000,000","35,000,000 | Construction of Brgy. Anibong FMR, Brgy. Anibong, Pagsanjan, Laguna | 30,000,000",[],[],candidate; verify PAP/project level and amount against PDF
Department of Agriculture,Farm-to-Market Roads,"","","Construction of Brgy. Lagundi - Brgy. San Andres Sitio Peña FMR, Brgy. Lagundi and Brgy. San Andres, Catbalogan City, Samar",30000000,2 - HB 10858 VOL IB.pdf,716,"Construction of Brgy. Lagundi - Brgy. San Andres Sitio Peña FMR, Brgy. Lagundi and Brgy. San Andres, Catbalogan City, Samar | 30,000,000","Construction of Brgy. Lagundi - Brgy. San Andres Sitio Peña FMR, Brgy. Lagundi and | Brgy. San Andres, Catbalogan City, Samar | 30,000,000",[],[],candidate; verify PAP/project level and amount against PDF
Department of Agriculture,Farm-to-Market Roads,"","","Construction of Brgy. Parian to Brgy. Pagudpud to Brgy. San Vicente FMR, Brgy. Parian,",30000000,2 - HB 10858 VOL IB.pdf,668,"Construction of Brgy. Parian to Brgy. Pagudpud to Brgy. San Vicente FMR, Brgy. Parian, | 30,000,000","15,000,000 | Construction of Brgy. Parian to Brgy. Pagudpud to Brgy. San Vicente FMR, Brgy. Parian, | San Fernando City, La Union | 30,000,000",[],[],candidate; verify PAP/project level and amount against PDF
Department of Agriculture,Farm-to-Market Roads,"","","Construction of Brgy. Banilad FMR, Brgy. Banilad, Magdalena, Laguna",30000000,2 - HB 10858 VOL IB.pdf,692,"Construction of Brgy. Banilad FMR, Brgy. Banilad, Magdalena, Laguna | 30,000,000","35,000,000 | Construction of Brgy. Banilad FMR, Brgy. Banilad, Magdalena, Laguna | 30,000,000",[],[],candidate; verify PAP/project level and amount against PDF
Department of Agriculture,Farm-to-Market Roads,"","","Construction of Brgy. Bangco FMR, Brgy. Bangco, Cavinti, Laguna",30000000,2 - HB 10858 VOL IB.pdf,692,"Construction of Brgy. Bangco FMR, Brgy. Bangco, Cavinti, Laguna | 30,000,000","Construction of Brgy. Bangco FMR, Brgy. Bangco, Cavinti, Laguna | 15,000,000 | 30,000,000",[],[],candidate; verify PAP/project level and amount against PDF
Department of Agriculture,Farm-to-Market Roads,"","","Construction of Brgy. Disimuray to Casalatan FMR, Brgy. Disimuray, Cauayan City, Isabela",30000000,2 - HB 10858 VOL IB.pdf,676,"Construction of Brgy. Disimuray to Casalatan FMR, Brgy. Disimuray, Cauayan City, Isabela | 30,000,000","15,000,000 | Construction of Brgy. Disimuray to Casalatan FMR, Brgy. Disimuray, Cauayan City, Isabela | 30,000,000",[],[],candidate; verify PAP/project level and amount against PDF
Department of Agriculture,Farm-to-Market Roads,"","","Construction of Brgy. San Diego, Luisiana to Brgy. Banti FMR, Majayjay, Laguna",30000000,2 - HB 10858 VOL IB.pdf,692,"Construction of Brgy. San Diego, Luisiana to Brgy. Banti FMR, Majayjay, Laguna | 30,000,000","Construction of Brgy. San Diego, Luisiana to Brgy. Banti FMR, Majayjay, Laguna | 20,000,000 | 30,000,000",[],[],candidate; verify PAP/project level and amount against PDF
Department of Agriculture,Farm-to-Market Roads,"","","Concreting of NRJ Purok 4, Brgy. De Oro - Bugsukan FMR, Butuan City",30000000,2 - HB 10858 VOL IB.pdf,726,"Concreting of NRJ Purok 4, Brgy. De Oro - Bugsukan FMR, Butuan City | 30,000,000","Concreting of NRJ Purok 4, Brgy. De Oro - Bugsukan FMR, Butuan City | 30,000,000",[],[],candidate; verify PAP/project level and amount against PDF
Department of Agriculture,Farm-to-Market Roads,"","","Concreting of Sitio Carina, Brgy. Sta.Monica FMR, Brgy. Sta. Monica, Oton, Iloilo",30000000,2 - HB 10858 VOL IB.pdf,708,"Concreting of Sitio Carina, Brgy. Sta.Monica FMR, Brgy. Sta. Monica, Oton, Iloilo | 30,000,000","15,000,000 | Concreting of Sitio Carina, Brgy. Sta.Monica FMR, Brgy. Sta. Monica, Oton, Iloilo | 30,000,000",[],[],candidate; verify PAP/project level and amount against PDF
Department of Agriculture,Farm-to-Market Roads,"","","Construction of Brgy. Libnaoan-Brgy. Lagandit FMR, Brgy. Libnaoan and Brgy. Lagandit,",30000000,2 - HB 10858 VOL IB.pdf,670,"Construction of Brgy. Libnaoan-Brgy. Lagandit FMR, Brgy. Libnaoan and Brgy. Lagandit, | 30,000,000","5,000,000 | Construction of Brgy. Libnaoan-Brgy. Lagandit FMR, Brgy. Libnaoan and Brgy. Lagandit, | Piddig, Ilocos Norte | 30,000,000 | 20,000,000",[],[],candidate; verify PAP/project level and amount against PDF
Department of Agriculture,Farm-to-Market Roads,"","","Construction of Brgy. Mahayahay FMR, Brgy. Mahayahay, Kumalarang, Zamboanga del Sur",30000000,2 - HB 10858 VOL IB.pdf,717,"Construction of Brgy. Mahayahay FMR, Brgy. Mahayahay, Kumalarang, Zamboanga del Sur | 30,000,000","Construction of Brgy. Mahayahay FMR, Brgy. Mahayahay, Kumalarang, Zamboanga del Sur | 30,000,000",[],[],candidate; verify PAP/project level and amount against PDF
Department of Agriculture,Farm-to-Market Roads,"","","Construction of P-3 Brgy. Mabini to Sitio Tagbasinga, Brgy. Mat-I FMR, Surigao City, Surigao del Norte",30000000,2 - HB 10858 VOL IB.pdf,726,"Construction of P-3 Brgy. Mabini to Sitio Tagbasinga, Brgy. Mat-I FMR, Surigao City, Surigao del Norte | 30,000,000","Construction of P-3 Brgy. Mabini to Sitio Tagbasinga, Brgy. Mat-I FMR, | Surigao City, Surigao del Norte | 30,000,000",[],[],candidate; verify PAP/project level and amount against PDF
Department of Agriculture,Farm-to-Market Roads,"","","Construction of Brgy. Dansalan FMR, Brgy. Dansalan, Sapad, Lanao del Norte",30000000,2 - HB 10858 VOL IB.pdf,718,"Construction of Brgy. Dansalan FMR, Brgy. Dansalan, Sapad, Lanao del Norte | 30,000,000","NAME OR PROJECTS | NAME OF PROJECTSPESOS PESOS | PESOS | Construction of Brgy. Dansalan FMR, Brgy. Dansalan, Sapad, Lanao del Norte | 15,000,000 | 30,000,000",[],[],candidate; verify PAP/project level and amount against PDF
Department of Agriculture,Farm-to-Market Roads,"","","Construction of Sitio Malabnig, Brgy. Balatbat FMR, Brgy. Balatbat, Lobo, Batangas",30000000,2 - HB 10858 VOL IB.pdf,690,"Construction of Sitio Malabnig, Brgy. Balatbat FMR, Brgy. Balatbat, Lobo, Batangas | 30,000,000","Construction of Sitio Malabnig, Brgy. Balatbat FMR, Brgy. Balatbat, Lobo, Batangas | 30,000,000",[],[],candidate; verify PAP/project level and amount against PDF
Department of Agriculture,Farm-to-Market Roads,"","","Construction of Brgy. Banyaga FMR, Brgy. Banyaga, Agoncillo, Batangas",30000000,2 - HB 10858 VOL IB.pdf,696,"Construction of Brgy. Banyaga FMR, Brgy. Banyaga, Agoncillo, Batangas | 30,000,000","Construction of Brgy. Banyaga FMR, Brgy. Banyaga, Agoncillo, Batangas | 30,000,000",[],[],candidate; verify PAP/project level and amount against PDF
Department of Agriculture,Farm-to-Market Roads,"","","Concreting of Brgy. Bactas-Tinabyonan-Guinabucan -Agsuwao FMR, Catmon, Cebu",30000000,2 - HB 10858 VOL IB.pdf,712,"Concreting of Brgy. Bactas-Tinabyonan-Guinabucan -Agsuwao FMR, Catmon, Cebu | 30,000,000","Concreting of Brgy. Bactas-Tinabyonan-Guinabucan -Agsuwao FMR, Catmon, Cebu | 30,000,000",[],[],candidate; verify PAP/project level and amount against PDF
Department of Agriculture,Farm-to-Market Roads,"","","Construction of Brgy. Caglayag, Carrascal to Brgy. Consuelo, Cantilan FMR, Carrascal, Surigao del Sur",30000000,2 - HB 10858 VOL IB.pdf,726,"Construction of Brgy. Caglayag, Carrascal to Brgy. Consuelo, Cantilan FMR, Carrascal, Surigao del Sur | 30,000,000","Construction of Brgy. Caglayag, Carrascal to Brgy. Consuelo, Cantilan FMR, | Carrascal, Surigao del Sur | 30,000,000",[],[],candidate; verify PAP/project level and amount against PDF
Department of Agriculture,Farm-to-Market Roads,"","","Opening and Concreting of Sitio Hambulong Aso, Brgy. Nagtaluntong FMR Phase 2, Brgy. Nagtaluntong, Lobo, Batangas",30000000,2 - HB 10858 VOL IB.pdf,696,"Opening and Concreting of Sitio Hambulong Aso, Brgy. Nagtaluntong FMR Phase 2, Brgy. Nagtaluntong, Lobo, Batangas | 30,000,000","13.646824, 121.318147 | Opening and Concreting of Sitio Hambulong Aso, Brgy. Nagtaluntong FMR Phase 2, | 15,000,000 | Brgy. Nagtaluntong, Lobo, Batangas | 30,000,000",[],[],candidate; verify PAP/project level and amount against PDF
Department of Agriculture,Farm-to-Market Roads,"","","Construction of Sitio Tagpaco to Sitio Mahayag FMR, Brgy. Sinalac, Initao, Misamis Oriental",30000000,2 - HB 10858 VOL IB.pdf,718,"Construction of Sitio Tagpaco to Sitio Mahayag FMR, Brgy. Sinalac, Initao, Misamis Oriental | 30,000,000","15,000,000 | Construction of Sitio Tagpaco to Sitio Mahayag FMR, Brgy. Sinalac, Initao, Misamis Oriental | 30,000,000",[],[],candidate; verify PAP/project level and amount against PDF
Department of Agriculture,Farm-to-Market Roads,"","","Construction of Brgy. Escoda - Brgy. Elizabeth FMR, Brgy. Escoda and Brgy. Elizabeth, Marcos, Ilocos Norte",30000000,2 - HB 10858 VOL IB.pdf,666,"Construction of Brgy. Escoda - Brgy. Elizabeth FMR, Brgy. Escoda and Brgy. Elizabeth, Marcos, Ilocos Norte | 30,000,000","Construction of Brgy. Escoda - Brgy. Elizabeth FMR, Brgy. Escoda and Brgy. Elizabeth, | Marcos, Ilocos Norte | 30,000,000",[],[],candidate; verify PAP/project level and amount against PDF
Department of Agriculture,Farm-to-Market Roads,"","","Opening and Concreting of Brgy. Nagtaluntong FMR at Sitio Hambuhang Aso, Brgy. Nagtaluntong, Lobo, Batangas",30000000,2 - HB 10858 VOL IB.pdf,696,"Opening and Concreting of Brgy. Nagtaluntong FMR at Sitio Hambuhang Aso, Brgy. Nagtaluntong, Lobo, Batangas | 30,000,000","Opening and Concreting of Brgy. Nagtaluntong FMR at Sitio Hambuhang Aso, | Brgy. Nagtaluntong, Lobo, Batangas | 30,000,000",[],[],candidate; verify PAP/project level and amount against PDF
Department of Agriculture,Farm-to-Market Roads,"","","Construction of Brgy. Granada FMR, Brgy. Granada, Bacolod City, Negros Occidental",30000000,2 - HB 10858 VOL IB.pdf,708,"Construction of Brgy. Granada FMR, Brgy. Granada, Bacolod City, Negros Occidental | 30,000,000","NEGROS ISLAND REGION (NIR) | 665,000,000 | 24,000,000 | Construction of Brgy. Granada FMR, Brgy. Granada, Bacolod City, Negros Occidental | 30,000,000",[],[],candidate; verify PAP/project level and amount against PDF
Department of Agriculture,Farm-to-Market Roads,"","","Construction of Brgy. Conrazon FMR, Brgy. Conrazon, Bansud, Oriental Mindoro",30000000,2 - HB 10858 VOL IB.pdf,700,"Construction of Brgy. Conrazon FMR, Brgy. Conrazon, Bansud, Oriental Mindoro | 30,000,000","Construction of Brgy. Conrazon FMR, Brgy. Conrazon, Bansud, Oriental Mindoro | 30,000,000",[],[],candidate; verify PAP/project level and amount against PDF
Department of Agriculture,Farm-to-Market Roads,"","","Construction of Sitio Little Baguio to Avocado, Brgy. Conrazon FMR, Brgy. Conrazon, Bansud, Oriental Mindoro",30000000,2 - HB 10858 VOL IB.pdf,700,"Construction of Sitio Little Baguio to Avocado, Brgy. Conrazon FMR, Brgy. Conrazon, Bansud, Oriental Mindoro | 30,000,000","Construction of Sitio Little Baguio to Avocado, Brgy. Conrazon FMR, Brgy. Conrazon, | Bansud, Oriental Mindoro | 30,000,000",[],[],candidate; verify PAP/project level and amount against PDF
Department of Agriculture,Farm-to-Market Roads,"","","Construction of Brgy. Pangulo to Brgy. Linao FMR, Brgy. Pangulo, Calatrava, Romblon",30000000,2 - HB 10858 VOL IB.pdf,700,"Construction of Brgy. Pangulo to Brgy. Linao FMR, Brgy. Pangulo, Calatrava, Romblon | 30,000,000","30,000,000 | Construction of Brgy. Pangulo to Brgy. Linao FMR, Brgy. Pangulo, Calatrava, Romblon",[],[],candidate; verify PAP/project level and amount against PDF
Department of Agriculture,Farm-to-Market Roads,"","","Construction of Brgy. Sayawan to Brgy. Dumalaguing to Brgy. Guiheean FMR, Impasugong, Bukidnon",30000000,2 - HB 10858 VOL IB.pdf,718,"Construction of Brgy. Sayawan to Brgy. Dumalaguing to Brgy. Guiheean FMR, Impasugong, Bukidnon | 30,000,000","REGION X - NORTHERN MINDANAO | 683,400,000 | Construction of Brgy. Sayawan to Brgy. Dumalaguing to Brgy. Guiheean FMR, | Impasugong, Bukidnon | 30,000,000",[],[],candidate; verify PAP/project level and amount against PDF
Department of Agriculture,Farm-to-Market Roads,"","","Construction of Brgy. Maligaya to Baculod FMR, Brgy. Maligaya, Cauayan City, Isabela",30000000,2 - HB 10858 VOL IB.pdf,676,"Construction of Brgy. Maligaya to Baculod FMR, Brgy. Maligaya, Cauayan City, Isabela | 30,000,000","(2) 16.844298, 121.818599 | Construction of Brgy. Maligaya to Baculod FMR, Brgy. Maligaya, Cauayan City, Isabela | 50,400,000 | 30,000,000",[],[],candidate; verify PAP/project level and amount against PDF
Department of Agriculture,Farm-to-Market Roads,"","","Construction of Purok 3 to Purok 7, Brgy. Minongan FMR, Brgy. Minongan, Quezon, Bukidnon",30000000,2 - HB 10858 VOL IB.pdf,718,"Construction of Purok 3 to Purok 7, Brgy. Minongan FMR, Brgy. Minongan, Quezon, Bukidnon | 30,000,000","Construction of Purok 3 to Purok 7, Brgy. Minongan FMR, Brgy. Minongan, Quezon, Bukidnon | 30,000,000",[],[],candidate; verify PAP/project level and amount against PDF
Department of Agriculture,Farm-to-Market Roads,"","","Construction of Sitio Sewahon 3, Brgy. VF Gustilo FMR, Brgy. VF Gustilo, Cadiz City, Negros Occidental",30000000,2 - HB 10858 VOL IB.pdf,710,"Construction of Sitio Sewahon 3, Brgy. VF Gustilo FMR, Brgy. VF Gustilo, Cadiz City, Negros Occidental | 30,000,000","15,000,000 | Construction of Sitio Sewahon 3, Brgy. VF Gustilo FMR, Brgy. VF Gustilo, | Cadiz City, Negros Occidental | 30,000,000",[],[],candidate; verify PAP/project level and amount against PDF
Department of Agriculture,Farm-to-Market Roads,"","","Construction of Sitio Alangyan, Brgy. Kinama FMR, Brgy. Kinama, Rizal, Kalinga",30000000,2 - HB 10858 VOL IB.pdf,672,"Construction of Sitio Alangyan, Brgy. Kinama FMR, Brgy. Kinama, Rizal, Kalinga | 30,000,000","25,000,000 | Construction of Sitio Alangyan, Brgy. Kinama FMR, Brgy. Kinama, Rizal, Kalinga | 30,000,000",[],[],candidate; verify PAP/project level and amount against PDF
Department of Agriculture,Farm-to-Market Roads,"","","Construction of Brgy. Tignapoloan FMR Phase II, Brgy. Tignapoloan, Cagayan de Oro City",30000000,2 - HB 10858 VOL IB.pdf,718,"Construction of Brgy. Tignapoloan FMR Phase II, Brgy. Tignapoloan, Cagayan de Oro City | 30,000,000","Construction of Brgy. Tignapoloan FMR Phase II, Brgy. Tignapoloan, Cagayan de Oro City | 30,000,000",[],[],candidate; verify PAP/project level and amount against PDF
Department of Agriculture,Farm-to-Market Roads,"","","Construction of Cata'lappan-Sinamar, Brgy. Anonat FMR, Paracelis, Mountain Province",30000000,2 - HB 10858 VOL IB.pdf,672,"Construction of Cata'lappan-Sinamar, Brgy. Anonat FMR, Paracelis, Mountain Province | 30,000,000","5,000,000 | Construction of Cata'lappan-Sinamar, Brgy. Anonat FMR, Paracelis, Mountain Province | 30,000,000",[],[],candidate; verify PAP/project level and amount against PDF
Department of Agriculture,Farm-to-Market Roads,"","","Concreting of Brgy. Mabuhay I - Brgy. Happy Valley FMR, Socorro, Oriental Mindoro",30000000,2 - HB 10858 VOL IB.pdf,700,"Concreting of Brgy. Mabuhay I - Brgy. Happy Valley FMR, Socorro, Oriental Mindoro | 30,000,000","50,000,000 | Concreting of Brgy. Mabuhay I - Brgy. Happy Valley FMR, Socorro, Oriental Mindoro | 30,000,000",[],[],candidate; verify PAP/project level and amount against PDF
Department of Agriculture,Farm-to-Market Roads,"","","Construction of Brgy. Palao Ranaranao FMR, Brgy. Palao Ranaranao, Marantao, Lanao del Sur",30000000,2 - HB 10858 VOL IB.pdf,718,"Construction of Brgy. Palao Ranaranao FMR, Brgy. Palao Ranaranao, Marantao, Lanao del Sur | 30,000,000","30,000,000 | Construction of Brgy. Palao Ranaranao FMR, Brgy. Palao Ranaranao, Marantao, Lanao del Sur",[],[],candidate; verify PAP/project level and amount against PDF
Department of Agriculture,Farm-to-Market Roads,"","","Construction of Sitio Arado, Brgy. Poblacion FMR, Taytay, Palawan",30000000,2 - HB 10858 VOL IB.pdf,700,"Construction of Sitio Arado, Brgy. Poblacion FMR, Taytay, Palawan | 30,000,000","Construction of Sitio Arado, Brgy. Poblacion FMR, Taytay, Palawan | 30,000,000",[],[],candidate; verify PAP/project level and amount against PDF
Department of Agriculture,Farm-to-Market Roads,"","","Construction of Sitio Nalbot, Brgy. Poblacion FMR, Taytay, Palawan",30000000,2 - HB 10858 VOL IB.pdf,700,"Construction of Sitio Nalbot, Brgy. Poblacion FMR, Taytay, Palawan | 30,000,000","Construction of Sitio Nalbot, Brgy. Poblacion FMR, Taytay, Palawan | 30,000,000",[],[],candidate; verify PAP/project level and amount against PDF
Department of Agriculture,Farm-to-Market Roads,"","","Construction of FMR connecting Brgy. Dibuluan to Brgy. Namnama, Jones, Isabela",30000000,2 - HB 10858 VOL IB.pdf,676,"Construction of FMR connecting Brgy. Dibuluan to Brgy. Namnama, Jones, Isabela | 30,000,000","Construction of FMR connecting Brgy. Dibuluan to Brgy. Namnama, Jones, Isabela | 30,000,000",[],[],candidate; verify PAP/project level and amount against PDF
Department of Agriculture,Farm-to-Market Roads,"","","Construction of Brgy. Gusa FMR, Brgy. Gusa, Cagayan de Oro City",30000000,2 - HB 10858 VOL IB.pdf,718,"Construction of Brgy. Gusa FMR, Brgy. Gusa, Cagayan de Oro City | 30,000,000","Construction of Brgy. Gusa FMR, Brgy. Gusa, Cagayan de Oro City | 30,000,000",[],[],candidate; verify PAP/project level and amount against PDF
Department of Agriculture,Farm-to-Market Roads,"","","Construction of Catalotoan FMR Phase II, Brgy. Catalotoan, Sagnay, Camarines Sur",30000000,2 - HB 10858 VOL IB.pdf,702,"Construction of Catalotoan FMR Phase II, Brgy. Catalotoan, Sagnay, Camarines Sur | 30,000,000","Construction of Catalotoan FMR Phase II, Brgy. Catalotoan, Sagnay, Camarines Sur | 30,000,000",[],[],candidate; verify PAP/project level and amount against PDF
Department of Agriculture,Farm-to-Market Roads,"","","Construction of Brgy. Mainit FMR, Brgy. Mainit, Iligan City, Lanao del Norte",30000000,2 - HB 10858 VOL IB.pdf,718,"Construction of Brgy. Mainit FMR, Brgy. Mainit, Iligan City, Lanao del Norte | 30,000,000","Construction of Brgy. Mainit FMR, Brgy. Mainit, Iligan City, Lanao del Norte | 30,000,000",[],[],candidate; verify PAP/project level and amount against PDF
Department of Agriculture,Farm-to-Market Roads,"","","Construction of Brgy. Tablon FMR, Brgy. Tablon, Cagaya de Oro City",30000000,2 - HB 10858 VOL IB.pdf,718,"Construction of Brgy. Tablon FMR, Brgy. Tablon, Cagaya de Oro City | 30,000,000","Construction of Brgy. Tablon FMR, Brgy. Tablon, Cagaya de Oro City | 30,000,000",[],[],candidate; verify PAP/project level and amount against PDF
Department of Agriculture,Farm-to-Market Roads,"","","Concreting of Sitio Narra - Purok Marangig, Brgy. New Albay FMR, Brgy. New Albay, Maragusan, Davao de Oro",30000000,2 - HB 10858 VOL IB.pdf,720,"Concreting of Sitio Narra - Purok Marangig, Brgy. New Albay FMR, Brgy. New Albay, Maragusan, Davao de Oro | 30,000,000","Concreting of Sitio Narra - Purok Marangig, Brgy. New Albay FMR, Brgy. New Albay, | 8,400,000 | Maragusan, Davao de Oro | 30,000,000",[],[],candidate; verify PAP/project level and amount against PDF
Department of Agriculture,Farm-to-Market Roads,"","","Construction of Brgy. Ramos West-Ramos East FMR, San Isidro, Isabela",30000000,2 - HB 10858 VOL IB.pdf,676,"Construction of Brgy. Ramos West-Ramos East FMR, San Isidro, Isabela | 30,000,000","Construction of Brgy. Ramos West-Ramos East FMR, San Isidro, Isabela | 30,000,000",[],[],candidate; verify PAP/project level and amount against PDF
Department of Agriculture,Farm-to-Market Roads,"","","Concreting of Brgy. Cabasaran to Brgy. Bacayawan FMR going to Munai Road, Brgy. Cabasaran, Madalum, Lanao del Sur",30000000,2 - HB 10858 VOL IB.pdf,720,"Concreting of Brgy. Cabasaran to Brgy. Bacayawan FMR going to Munai Road, Brgy. Cabasaran, Madalum, Lanao del Sur | 30,000,000","124.9084762, 7.8781199 | Concreting of Brgy. Cabasaran to Brgy. Bacayawan FMR going to Munai Road, | Brgy. Cabasaran, Madalum, Lanao del Sur | 30,000,000",[],[],candidate; verify PAP/project level and amount against PDF
Department of Agriculture,Farm-to-Market Roads,"","","Construction of Brgy. Burgos - Sitio Vietnam FMR, Brgy. Burgos, San Guillermo, Isabela",30000000,2 - HB 10858 VOL IB.pdf,676,"Construction of Brgy. Burgos - Sitio Vietnam FMR, Brgy. Burgos, San Guillermo, Isabela | 30,000,000","(2) 16.7509336, 121.8661148 | Construction of Brgy. Burgos - Sitio Vietnam FMR, Brgy. Burgos, San Guillermo, Isabela | 70,000,000 | 30,000,000",[],[],candidate; verify PAP/project level and amount against PDF
Department of Agriculture,Farm-to-Market Roads,"","","Construction of Sitio Dinacpan, Brgy. Karikitan to Sitio Tagtagat, Brgy. Calafug FMR,",30000000,2 - HB 10858 VOL IB.pdf,672,"Construction of Sitio Dinacpan, Brgy. Karikitan to Sitio Tagtagat, Brgy. Calafug FMR, | 30,000,000","Construction of Sitio Dinacpan, Brgy. Karikitan to Sitio Tagtagat, Brgy. Calafug FMR, | Conner, Apayao | 30,000,000",[],[],candidate; verify PAP/project level and amount against PDF
Department of Agriculture,Farm-to-Market Roads,"","","Construction of Sitio Americana-San Francisco Norte FMR, San Guillermo, Isabela",30000000,2 - HB 10858 VOL IB.pdf,674,"Construction of Sitio Americana-San Francisco Norte FMR, San Guillermo, Isabela | 30,000,000","NAME OR PROJECTS | NAME OF PROJECTSPESOS PESOS | PESOS | Construction of Sitio Americana-San Francisco Norte FMR, San Guillermo, Isabela | 500, | 000,000 | 30,000,000",[],[],candidate; verify PAP/project level and amount against PDF
Department of Agriculture,Farm-to-Market Roads,"","","Concreting of Brgy. Cogon FMR, Brgy. Cogon, Castilla, Sorsogon",30000000,2 - HB 10858 VOL IB.pdf,704,"Concreting of Brgy. Cogon FMR, Brgy. Cogon, Castilla, Sorsogon | 30,000,000","Concreting of Brgy. Cogon FMR, Brgy. Cogon, Castilla, Sorsogon | 50,000,000 | 30,000,000",[],[],candidate; verify PAP/project level and amount against PDF
Department of Agriculture,Farm-to-Market Roads,"","","Construction of Brgy. Manlingay - Brgy. Bugnay - Brgy. Napasu-An - Brgy. Tadlong FMR, Mabinay, Negros Oriental",30000000,2 - HB 10858 VOL IB.pdf,710,"Construction of Brgy. Manlingay - Brgy. Bugnay - Brgy. Napasu-An - Brgy. Tadlong FMR, Mabinay, Negros Oriental | 30,000,000","Construction of Brgy. Manlingay - Brgy. Bugnay - Brgy. Napasu-An - Brgy. Tadlong FMR, Mabinay, | 15,000,000 | Negros Oriental | 30,000,000",[],[],candidate; verify PAP/project level and amount against PDF
Department of Agriculture,Farm-to-Market Roads,"","","Construction of Sitio Diawe, Brgy. Sta. Victoria to Sitio San Juan, Brgy. Diodol FMR, Brgy. Sta. Victoria and Brgy. Diodol, Aglipay, Quirino",30000000,2 - HB 10858 VOL IB.pdf,674,"Construction of Sitio Diawe, Brgy. Sta. Victoria to Sitio San Juan, Brgy. Diodol FMR, Brgy. Sta. Victoria and Brgy. Diodol, Aglipay, Quirino | 30,000,000","25,000,000 | Construction of Sitio Diawe, Brgy. Sta. Victoria to Sitio San Juan, Brgy. Diodol FMR, | Brgy. Sta. Victoria and Brgy. Diodol, Aglipay, Quirino | 30,000,000",[],[],candidate; verify PAP/project level and amount against PDF
Department of Agriculture,Farm-to-Market Roads,"","","Concreting of Purok 5, Labinay FMR, Brgy. Labinay, Ozamiz City, Misamis Occidental",30000000,2 - HB 10858 VOL IB.pdf,720,"Concreting of Purok 5, Labinay FMR, Brgy. Labinay, Ozamiz City, Misamis Occidental | 30,000,000","Concreting of Purok 5, Labinay FMR, Brgy. Labinay, Ozamiz City, Misamis Occidental | 30,000,000",[],[],candidate; verify PAP/project level and amount against PDF
Department of Agriculture,Farm-to-Market Roads,"","","Construction of Sitio Dalayap to Sitio Ibujan, Brgy. Disulap FMR, Brgy. Disulap, San Mariano, Isabela",30000000,2 - HB 10858 VOL IB.pdf,674,"Construction of Sitio Dalayap to Sitio Ibujan, Brgy. Disulap FMR, Brgy. Disulap, San Mariano, Isabela | 30,000,000","Construction of Sitio Dalayap to Sitio Ibujan, Brgy. Disulap FMR, Brgy. Disulap, | 22,500,000 | San Mariano, Isabela | 30,000,000",[],[],candidate; verify PAP/project level and amount against PDF
Department of Agriculture,Farm-to-Market Roads,"","","Construction of Dicadyuan to Brgy. Didaddungan FMR, Brgy. Dicadyuan, Palanan, Isabela and Brgy. Diddadungan, Palanan, Isabela",30000000,2 - HB 10858 VOL IB.pdf,674,"Construction of Dicadyuan to Brgy. Didaddungan FMR, Brgy. Dicadyuan, Palanan, Isabela and Brgy. Diddadungan, Palanan, Isabela | 30,000,000","30,000,000 | Construction of Dicadyuan to Brgy. Didaddungan FMR, Brgy. Dicadyuan, Palanan, Isabela and | Brgy. Diddadungan, Palanan, Isabela",[],[],candidate; verify PAP/project level and amount against PDF
Department of Agriculture,Farm-to-Market Roads,"","","Construction of Brgy. Salvacion FMR, Brgy. Salvacion, Monkayo, Davao de Oro",30000000,2 - HB 10858 VOL IB.pdf,720,"Construction of Brgy. Salvacion FMR, Brgy. Salvacion, Monkayo, Davao de Oro | 30,000,000","REGION XI - DAVAO | 475,000,000 | Construction of Brgy. Salvacion FMR, Brgy. Salvacion, Monkayo, Davao de Oro | 30,000,000",[],[],candidate; verify PAP/project level and amount against PDF
Department of Agriculture,Farm-to-Market Roads,"","","Construction of Brgy. Naga FMR, Brgy. Naga, Laak, Davao de Oro",30000000,2 - HB 10858 VOL IB.pdf,720,"Construction of Brgy. Naga FMR, Brgy. Naga, Laak, Davao de Oro | 30,000,000","Construction of Brgy. Naga FMR, Brgy. Naga, Laak, Davao de Oro | 30,000,000",[],[],candidate; verify PAP/project level and amount against PDF
Department of Agriculture,Farm-to-Market Roads,"","","Construction of Brgy. Buclad FMR, Brgy. Buclad, Asuncion, Davao del Norte",30000000,2 - HB 10858 VOL IB.pdf,720,"Construction of Brgy. Buclad FMR, Brgy. Buclad, Asuncion, Davao del Norte | 30,000,000","Construction of Brgy. Buclad FMR, Brgy. Buclad, Asuncion, Davao del Norte | 30,000,000",[],[],candidate; verify PAP/project level and amount against PDF
Department of Agriculture,Farm-to-Market Roads,"","","Construction of Brgy. Cumabao to Brgy. San Vicente FMR, Brgy. Cumabao, Tumauini, Isabela",30000000,2 - HB 10858 VOL IB.pdf,674,"Construction of Brgy. Cumabao to Brgy. San Vicente FMR, Brgy. Cumabao, Tumauini, Isabela | 30,000,000","Construction of Brgy. Cumabao to Brgy. San Vicente FMR, Brgy. Cumabao, Tumauini, Isabela | 30,000,000",[],[],candidate; verify PAP/project level and amount against PDF
Department of Agriculture,Farm-to-Market Roads,"","","Concreting of Brgy. Puniton - Brgy. Sto. Domingo FMR, Virac, Catanduanes",30000000,2 - HB 10858 VOL IB.pdf,706,"Concreting of Brgy. Puniton - Brgy. Sto. Domingo FMR, Virac, Catanduanes | 30,000,000","Concreting of Brgy. Puniton - Brgy. Sto. Domingo FMR, Virac, Catanduanes | 30,000,000",[],[],candidate; verify PAP/project level and amount against PDF
Department of Agriculture,Farm-to-Market Roads,"","","Construction of Brgy. Cabayangan FMR, Brgy. Cabayangan, Braulio E. Dujali, Davao del Norte",30000000,2 - HB 10858 VOL IB.pdf,720,"Construction of Brgy. Cabayangan FMR, Brgy. Cabayangan, Braulio E. Dujali, Davao del Norte | 30,000,000","Construction of Brgy. Cabayangan FMR, Brgy. Cabayangan, Braulio E. Dujali, Davao del Norte | 30,000,000",[],[],candidate; verify PAP/project level and amount against PDF
Department of Agriculture,Farm-to-Market Roads,"","","Construction of Brgy. Cabatanga to Agbalogo FMR, Brgy. Cabatanga and Brgy. Agbalogo, Makato, Aklan",30000000,2 - HB 10858 VOL IB.pdf,706,"Construction of Brgy. Cabatanga to Agbalogo FMR, Brgy. Cabatanga and Brgy. Agbalogo, Makato, Aklan | 30,000,000","Construction of Brgy. Cabatanga to Agbalogo FMR, Brgy. Cabatanga and Brgy. Agbalogo, | Makato, Aklan | 30,000,000",[],[],candidate; verify PAP/project level and amount against PDF
Department of Agriculture,Farm-to-Market Roads,"","","Construction of Brgy. Villa Teresita FMR, Brgy. Villa Teresita, San Guillermo, Isabela (2) 16.7548787, 121.8595580",30000000,2 - HB 10858 VOL IB.pdf,676,"Construction of Brgy. Villa Teresita FMR, Brgy. Villa Teresita, San Guillermo, Isabela (2) 16.7548787, 121.8595580 | 30,000,000","15,000,000 | Construction of Brgy. Villa Teresita FMR, Brgy. Villa Teresita, San Guillermo, Isabela | (2) 16.7548787, 121.8595580 | 30,000,000",[],[],candidate; verify PAP/project level and amount against PDF
Department of Agriculture,Farm-to-Market Roads,"","","Concreting of Brgy. Alimodias FMR, Brgy. Alimodias, Miag-ao, Iloilo",30000000,2 - HB 10858 VOL IB.pdf,708,"Concreting of Brgy. Alimodias FMR, Brgy. Alimodias, Miag-ao, Iloilo | 30,000,000","NAME OR PROJECTS | NAME OF PROJECTSPESOS PESOS | PESOS | Concreting of Brgy. Alimodias FMR, Brgy. Alimodias, Miag-ao, Iloilo | 15,000,000 | 30,000,000",[],[],candidate; verify PAP/project level and amount against PDF
Department of Agriculture,Farm-to-Market Roads,"","","Construction of Acasia-Asinan, Brgy. San Isidro FMR, Brgy. San Isidro, Magsaysay, Davao del Sur",30000000,2 - HB 10858 VOL IB.pdf,720,"Construction of Acasia-Asinan, Brgy. San Isidro FMR, Brgy. San Isidro, Magsaysay, Davao del Sur | 30,000,000","Construction of Acasia-Asinan, Brgy. San Isidro FMR, Brgy. San Isidro, | Magsaysay, Davao del Sur | 30,000,000",[],[],candidate; verify PAP/project level and amount against PDF
Department of Agriculture,Farm-to-Market Roads,"","","Construction of Purok 9-B, Brgy. Alejal FMR, Brgy. Alejal, Carmen, Davao del Norte",30000000,2 - HB 10858 VOL IB.pdf,720,"Construction of Purok 9-B, Brgy. Alejal FMR, Brgy. Alejal, Carmen, Davao del Norte | 30,000,000","Construction of Purok 9-B, Brgy. Alejal FMR, Brgy. Alejal, Carmen, Davao del Norte | 30,000,000",[],[],candidate; verify PAP/project level and amount against PDF
Department of Agriculture,Farm-to-Market Roads,"","","Construction of Brgy. San Mariano Sur - Sinalugan FMR, Brgy. San Mariano Sur, San Guillermo, Isabela",30000000,2 - HB 10858 VOL IB.pdf,676,"Construction of Brgy. San Mariano Sur - Sinalugan FMR, Brgy. San Mariano Sur, San Guillermo, Isabela | 30,000,000","Construction of Brgy. San Mariano Sur - Sinalugan FMR, Brgy. San Mariano Sur, San Guillermo, | 15,000,000 | Isabela | 30,000,000",[],[],candidate; verify PAP/project level and amount against PDF
Department of Agriculture,Farm-to-Market Roads,"","","Construction of Brgy. Minapan - Brgy. Maybula FMR, Brgy. Minapan, Tulunan, Cotabato",30000000,2 - HB 10858 VOL IB.pdf,722,"Construction of Brgy. Minapan - Brgy. Maybula FMR, Brgy. Minapan, Tulunan, Cotabato | 30,000,000","15,000,000 | Construction of Brgy. Minapan - Brgy. Maybula FMR, Brgy. Minapan, Tulunan, Cotabato | 30,000,000",[],[],candidate; verify PAP/project level and amount against PDF
Department of Agriculture,Farm-to-Market Roads,"","","Construction of Brgy. San Vicente-Brgy. Limbauan FMR, Brgy. San Vicente and Brgy. Limbauan, San Pablo, Isabela",30000000,2 - HB 10858 VOL IB.pdf,674,"Construction of Brgy. San Vicente-Brgy. Limbauan FMR, Brgy. San Vicente and Brgy. Limbauan, San Pablo, Isabela | 30,000,000","Construction of Brgy. San Vicente-Brgy. Limbauan FMR, Brgy. San Vicente and | 15,000,000 | Brgy. Limbauan, San Pablo, Isabela | 30,000,000",[],[],candidate; verify PAP/project level and amount against PDF
Department of Agriculture,Farm-to-Market Roads,"","","Construction of Sitio Baccay-Sitio Umayam, Brgy. San Antonio FMR, Brgy. San Antonio, Cabagan, Isabela",30000000,2 - HB 10858 VOL IB.pdf,674,"Construction of Sitio Baccay-Sitio Umayam, Brgy. San Antonio FMR, Brgy. San Antonio, Cabagan, Isabela | 30,000,000","15,000,000 | Construction of Sitio Baccay-Sitio Umayam, Brgy. San Antonio FMR, Brgy. San Antonio, | Cabagan, Isabela | 30,000,000",[],[],candidate; verify PAP/project level and amount against PDF
Department of Agriculture,Farm-to-Market Roads,"","","Construction of Brgy. Banaba Cerca - Brgy. Banaba Lejos FMR, Brgy. Banaba Cerca to Brgy. Banaba Lejos, Indang, Cavite",30000000,2 - HB 10858 VOL IB.pdf,690,"Construction of Brgy. Banaba Cerca - Brgy. Banaba Lejos FMR, Brgy. Banaba Cerca to Brgy. Banaba Lejos, Indang, Cavite | 30,000,000","15,000,000 | Construction of Brgy. Banaba Cerca - Brgy. Banaba Lejos FMR, Brgy. Banaba Cerca | to Brgy. Banaba Lejos, Indang, Cavite | 30,000,000",[],[],candidate; verify PAP/project level and amount against PDF
Department of Agriculture,Farm-to-Market Roads,"","","Concreting of Brgy. Mamali - Brgy. Pidtiguian FMR, Lambayong, Sultan Kudarat",30000000,2 - HB 10858 VOL IB.pdf,722,"Concreting of Brgy. Mamali - Brgy. Pidtiguian FMR, Lambayong, Sultan Kudarat | 30,000,000","15,000,000 | Concreting of Brgy. Mamali - Brgy. Pidtiguian FMR, Lambayong, Sultan Kudarat | 30,000,000",[],[],candidate; verify PAP/project level and amount against PDF
Department of Agriculture,Farm-to-Market Roads,"","","Concreting of Purok Mabinuligon - Purok Kabugwason - Sitio Mani, Brgy. Topland FMR, Koronadal City, South Cotabato",30000000,2 - HB 10858 VOL IB.pdf,722,"Concreting of Purok Mabinuligon - Purok Kabugwason - Sitio Mani, Brgy. Topland FMR, Koronadal City, South Cotabato | 30,000,000","Concreting of Purok Mabinuligon - Purok Kabugwason - Sitio Mani, Brgy. Topland FMR, | Koronadal City, South Cotabato | 30,000,000",[],[],candidate; verify PAP/project level and amount against PDF
Department of Agriculture,Farm-to-Market Roads,"","","Construction of Brgy. Camalandaan FMR, Brgy. Camalandaan, Cauayan, Negros Occidental",30000000,2 - HB 10858 VOL IB.pdf,710,"Construction of Brgy. Camalandaan FMR, Brgy. Camalandaan, Cauayan, Negros Occidental | 30,000,000","15,000,000 | Construction of Brgy. Camalandaan FMR, Brgy. Camalandaan, Cauayan, Negros Occidental | 30,000,000",[],[],candidate; verify PAP/project level and amount against PDF
Department of Agriculture,Farm-to-Market Roads,"","","Construction of Brgy. Canabay - Brgy. Carolotan FMR, Brgy. Canabay and Brgy. Carolotan,",30000000,2 - HB 10858 VOL IB.pdf,676,"Construction of Brgy. Canabay - Brgy. Carolotan FMR, Brgy. Canabay and Brgy. Carolotan, | 30,000,000","Construction of Brgy. Canabay - Brgy. Carolotan FMR, Brgy. Canabay and Brgy. Carolotan, | Dupax Del Sur, Nueva Vizcaya | 30,000,000",[],[],candidate; verify PAP/project level and amount against PDF
Department of Agriculture,Farm-to-Market Roads,"","","Construction of Brgy. Paya FMR, Brgy. Paya, Giporlos, Eastern Samar",30000000,2 - HB 10858 VOL IB.pdf,712,"Construction of Brgy. Paya FMR, Brgy. Paya, Giporlos, Eastern Samar | 30,000,000","30,000,000 | Construction of Brgy. Paya FMR, Brgy. Paya, Giporlos, Eastern Samar",[],[],candidate; verify PAP/project level and amount against PDF
Department of Agriculture,Farm-to-Market Roads,"","","Construction of Brgy. Banog Norte FMR, Brgy. Banog Norte, Bani, Pangasinan",30000000,2 - HB 10858 VOL IB.pdf,666,"Construction of Brgy. Banog Norte FMR, Brgy. Banog Norte, Bani, Pangasinan | 30,000,000","Construction of Brgy. Banog Norte FMR, Brgy. Banog Norte, Bani, Pangasinan | 30,000,000",[],[],candidate; verify PAP/project level and amount against PDF
Department of Agriculture,Farm-to-Market Roads,"","","Concreting of Sitio Ata-ata, Brgy. San Antonio - Brgy. Calabnugan FMR,",30000000,2 - HB 10858 VOL IB.pdf,710,"Concreting of Sitio Ata-ata, Brgy. San Antonio - Brgy. Calabnugan FMR, | 30,000,000","15,000,000 | Concreting of Sitio Ata-ata, Brgy. San Antonio - Brgy. Calabnugan FMR, | Brgy. San Antonio and Brgy. Calabnugan, Sibulan, Negros Oriental | 30,000,000",[],[],candidate; verify PAP/project level and amount against PDF
Department of Agriculture,Farm-to-Market Roads,"","","Construction of NRJ Purok Sun Flower, Brgy. Gamut FMR Phase II, Brgy. Gamut, Tago, Surigao del Sur",30000000,2 - HB 10858 VOL IB.pdf,726,"Construction of NRJ Purok Sun Flower, Brgy. Gamut FMR Phase II, Brgy. Gamut, Tago, Surigao del Sur | 30,000,000","Construction of NRJ Purok Sun Flower, Brgy. Gamut FMR Phase II, | Brgy. Gamut, Tago, Surigao del Sur | 30,000,000",[],[],candidate; verify PAP/project level and amount against PDF
Department of Agriculture,Farm-to-Market Roads,"","","Construction of FMR at Sitio Dicabugue, Brgy. Dicamay 1, Jones, Isabela",30000000,2 - HB 10858 VOL IB.pdf,678,"Construction of FMR at Sitio Dicabugue, Brgy. Dicamay 1, Jones, Isabela | 30,000,000","(2) 16.842231, 121.930214 | Construction of FMR at Sitio Dicabugue, Brgy. Dicamay 1, Jones, Isabela | 30,000,000",[],[],candidate; verify PAP/project level and amount against PDF
Department of Agriculture,Farm-to-Market Roads,"","","Concreting of Sitio Curipao - Sitio Napuong, Brgy. Constancia FMR, Brgy. Constancia,",30000000,2 - HB 10858 VOL IB.pdf,708,"Concreting of Sitio Curipao - Sitio Napuong, Brgy. Constancia FMR, Brgy. Constancia, | 30,000,000","Concreting of Sitio Curipao - Sitio Napuong, Brgy. Constancia FMR, Brgy. Constancia, | San Lorenzo, Guimaras | 30,000,000",[],[],candidate; verify PAP/project level and amount against PDF
Department of Agriculture,Farm-to-Market Roads,"","","Concreting of Brgy. Basiao - Brgy. Candiis FMR, Badian, Cebu Section 1 START: 9.812059, 123. 405993 Section 2 START: 9.8052549, 123.406771",30000000,2 - HB 10858 VOL IB.pdf,712,"Concreting of Brgy. Basiao - Brgy. Candiis FMR, Badian, Cebu Section 1 START: 9.812059, 123. 405993 Section 2 START: 9.8052549, 123.406771 | 30,000,000","315,000,000 | Concreting of Brgy. Basiao - Brgy. Candiis FMR, Badian, Cebu | 15,000,000 | Section 1 START: 9.812059, 123. 405993 | 30,000,000",[],[],candidate; verify PAP/project level and amount against PDF
Department of Agriculture,Farm-to-Market Roads,"","","Construction of Sitio Dimas, Brgy. Minuri FMR, Brgy. Minuri, Jones, Isabela",30000000,2 - HB 10858 VOL IB.pdf,678,"Construction of Sitio Dimas, Brgy. Minuri FMR, Brgy. Minuri, Jones, Isabela | 30,000,000","Construction of Sitio Dimas, Brgy. Minuri FMR, Brgy. Minuri, Jones, Isabela | 30,000,000",[],[],candidate; verify PAP/project level and amount against PDF
Department of Agriculture,Farm-to-Market Roads,"","","Construction of Brgy. Bongabong FMR, Brgy. Bongabong, Tangub City, Misamis Occidental",30000000,2 - HB 10858 VOL IB.pdf,718,"Construction of Brgy. Bongabong FMR, Brgy. Bongabong, Tangub City, Misamis Occidental | 30,000,000","10,000,000 | Construction of Brgy. Bongabong FMR, Brgy. Bongabong, Tangub City, Misamis Occidental | 30,000,000",[],[],candidate; verify PAP/project level and amount against PDF
Department of Health,Health Facilities Enhancement Program,"","",Negros Oriental Provincial Hospital,28500000,2 - HB 10858 VOL IB.pdf,884,"Negros Oriental Provincial Hospital | Total: 28,500,000","31,500,000 | Luz-Sikatuna Community Primary Hospital | 9,500,000 | 19,000,000 | 28,500,000 | 10,000,000 | Negros Oriental Provincial Hospital | 11,500,000 | 17,000,000 | Tanjay City General Hospital | 22,000,000",[],"['verify facility row, hierarchy, and printed Total column against the HFEP schedule']",candidate; verify against PDF
Department of Health,Health Facilities Enhancement Program,"","",Luz-Sikatuna Community Primary Hospital,28500000,2 - HB 10858 VOL IB.pdf,884,"Luz-Sikatuna Community Primary Hospital | Total: 28,500,000","Gov. William Villegas Memorial Hospital | 20,000,000 | 8,000,000 | 28,000,000 | 31,500,000 | Luz-Sikatuna Community Primary Hospital | 9,500,000 | 19,000,000 | 28,500,000 | 10,000,000 | Negros Oriental Provincial Hospital | 11,500,000 | 17,000,000",[],"['verify facility row, hierarchy, and printed Total column against the HFEP schedule']",candidate; verify against PDF
Department of Health,Health Facilities Enhancement Program,"","",Gov. William Villegas Memorial Hospital,28000000,2 - HB 10858 VOL IB.pdf,884,"Gov. William Villegas Memorial Hospital | Total: 28,000,000","4,500,000 | Cong. Lamberto L. Macias Memorial Hospital | 11,500,000 | 23,000,000 | Gov. William Villegas Memorial Hospital | 20,000,000 | 8,000,000 | 28,000,000 | 31,500,000 | Luz-Sikatuna Community Primary Hospital | 9,500,000 | 19,000,000 | 28,500,000",[],"['verify facility row, hierarchy, and printed Total column against the HFEP schedule']",candidate; verify against PDF
Department of Agriculture,Farm-to-Market Roads,"","","Concreting of Brgy. Ilog-Ilog - Brgy. Narorogan FMR, Brgy. Ilog-Ilog and Brgy. Narrorogan, Miagao, Iloilo",27500000,2 - HB 10858 VOL IB.pdf,708,"Concreting of Brgy. Ilog-Ilog - Brgy. Narorogan FMR, Brgy. Ilog-Ilog and Brgy. Narrorogan, Miagao, Iloilo | 27,500,000","Concreting of Brgy. Ilog-Ilog - Brgy. Narorogan FMR, Brgy. Ilog-Ilog and Brgy. Narrorogan, | 16,500,000 | Miagao, Iloilo | 27,500,000",[],[],candidate; verify PAP/project level and amount against PDF
Department of Agriculture,Farm-to-Market Roads,"","","Construction of Brgy. Nagrumbuan FMR 1, Brgy. Nagrumbuan, Cauayan City, Isabela",27000000,2 - HB 10858 VOL IB.pdf,678,"Construction of Brgy. Nagrumbuan FMR 1, Brgy. Nagrumbuan, Cauayan City, Isabela | 27,000,000","(2) 16.819006, 121.842496 | Construction of Brgy. Nagrumbuan FMR 1, Brgy. Nagrumbuan, Cauayan City, Isabela | (2) 16.898692, 121.703649 | 27,000,000",[],[],candidate; verify PAP/project level and amount against PDF
Department of Agriculture,Farm-to-Market Roads,"","","Construction of Brgy. Nungnungan II to Brgy. Nungnungan I FMR, Brgy. Nungnungan II to",27000000,2 - HB 10858 VOL IB.pdf,676,"Construction of Brgy. Nungnungan II to Brgy. Nungnungan I FMR, Brgy. Nungnungan II to | 27,000,000","25,000,000 | Construction of Brgy. Nungnungan II to Brgy. Nungnungan I FMR, Brgy. Nungnungan II to | Brgy. Nungnungan I, Cauayan City, Isabela | 27,000,000",[],[],candidate; verify PAP/project level and amount against PDF
Department of Health,Health Facilities Enhancement Program,"","",Iranon Provincial Hospital,26500000,2 - HB 10858 VOL IB.pdf,888,"Iranon Provincial Hospital | Total: 26,500,000","Datu Odin Sinsuat District Hospital | 6,000,000 | Iranon Provincial Hospital | 20,000,000 | 6,500,000 | 26,500,000 | Sibuto District Hospital | 4,500,000",[],"['verify facility row, hierarchy, and printed Total column against the HFEP schedule']",candidate; verify against PDF
Department of Health,Health Facilities Enhancement Program,"","",Bayawan District Hospital,26500000,2 - HB 10858 VOL IB.pdf,884,"Bayawan District Hospital | Total: 26,500,000","55,000,000 | 29,000,000 | 84,000,000 | Bais City District Hospital | 8,800,000 | 13,500,000 | 22,300,000 | 25,000,000 | Bayawan District Hospital | 13,000,000 | 26,500,000 | 4,500,000 | Bindoy District Hospital",[],"['verify facility row, hierarchy, and printed Total column against the HFEP schedule']",candidate; verify against PDF
Department of Health,Health Facilities Enhancement Program,"","",Ibajay District Hospital,26500000,2 - HB 10858 VOL IB.pdf,884,"Ibajay District Hospital | Total: 26,500,000","11,700,000 | Dr. Ramon B. Legaspi Sr. Memorial Hospital | 25,000,000 | 20,000,000 | Ibajay District Hospital | 15,000,000 | 11,500,000 | 26,500,000 | 10,000,000",[],"['verify facility row, hierarchy, and printed Total column against the HFEP schedule']",candidate; verify against PDF
Department of Health,Health Facilities Enhancement Program,"","",San Carlos City Hospital,26300000,2 - HB 10858 VOL IB.pdf,884,"San Carlos City Hospital | Total: 26,300,000","La Castellana Hospital | 5,500,000 | 39,000,000 | San Carlos City Hospital | 17,500,000 | 8,800,000 | 26,300,000 | 10,000,000 | Teresita L. Jalandoni Provincial Hospital | 50,000,000",[],"['verify facility row, hierarchy, and printed Total column against the HFEP schedule']",candidate; verify against PDF
Department of Agriculture,Farm-to-Market Roads,"","","Concreting of Sitio Pasong, Brgy. Jovellar - Sitio Capayan, Brgy. Calampitao FMR, Brgy. Jovellar and Brgy. Calampitao, Igbaras, Iloilo",25500000,2 - HB 10858 VOL IB.pdf,708,"Concreting of Sitio Pasong, Brgy. Jovellar - Sitio Capayan, Brgy. Calampitao FMR, Brgy. Jovellar and Brgy. Calampitao, Igbaras, Iloilo | 25,500,000","15,000,000 | Concreting of Sitio Pasong, Brgy. Jovellar - Sitio Capayan, Brgy. Calampitao FMR, | Brgy. Jovellar and Brgy. Calampitao, Igbaras, Iloilo | 25,500,000",[],[],candidate; verify PAP/project level and amount against PDF
Department of Agriculture,Farm-to-Market Roads,"","","Concreting of Sitio Kanluran, Brgy. Malamig - Sitio Bagong Silang, Brgy. Canubing I FMR, Calapan City, Oriental Mindoro",25350000,2 - HB 10858 VOL IB.pdf,700,"Concreting of Sitio Kanluran, Brgy. Malamig - Sitio Bagong Silang, Brgy. Canubing I FMR, Calapan City, Oriental Mindoro | 25,350,000","Concreting of Sitio Kanluran, Brgy. Malamig - Sitio Bagong Silang, Brgy. Canubing I FMR, | 30,000,000 | Calapan City, Oriental Mindoro | 25,350,000",[],[],candidate; verify PAP/project level and amount against PDF
Department of Agriculture,Farm-to-Market Roads,"","","Construction of Brgy. Buneg to Brgy. Fugu FMR, Brgy. Buneg and Brgy. Fugu, Echague, Isabela",25200000,2 - HB 10858 VOL IB.pdf,678,"Construction of Brgy. Buneg to Brgy. Fugu FMR, Brgy. Buneg and Brgy. Fugu, Echague, Isabela | 25,200,000","NAME OR PROJECTS | NAME OF PROJECTSPESOS PESOS | PESOS | Construction of Brgy. Buneg to Brgy. Fugu FMR, Brgy. Buneg and Brgy. Fugu, | Echague, Isabela | 25,200,000",[],[],candidate; verify PAP/project level and amount against PDF
Department of Agriculture,Farm-to-Market Roads,"","","Construction of Sitio Cagurungan, Brgy. Eden FMR, Brgy. Eden, San Manuel, Isabela",25200000,2 - HB 10858 VOL IB.pdf,678,"Construction of Sitio Cagurungan, Brgy. Eden FMR, Brgy. Eden, San Manuel, Isabela | 25,200,000","27,000,000 | Construction of Sitio Cagurungan, Brgy. Eden FMR, Brgy. Eden, San Manuel, Isabela | 25,200,000",[],[],candidate; verify PAP/project level and amount against PDF
Department of Health,Health Facilities Enhancement Program,"","",Guimbal Iloilo Dialysis Center,25000000,2 - HB 10858 VOL IB.pdf,892,"Guimbal Iloilo Dialysis Center | Total: 25,000,000","110,000 | Tigbauan, Iloilo Dialysis Center | 6,000,000 | Guimbal Iloilo Dialysis Center | 25,000,000",[],"['verify facility row, hierarchy, and printed Total column against the HFEP schedule']",candidate; verify against PDF
Department of Health,Health Facilities Enhancement Program,"","","DOH DATRC - San Fernando, La Union",25000000,2 - HB 10858 VOL IB.pdf,890,"DOH DATRC - San Fernando, La Union | Total: 25,000,000","25,000,000 | La Union | DOH DATRC - San Fernando, La Union",[],"['verify facility row, hierarchy, and printed Total column against the HFEP schedule']",candidate; verify against PDF
Department of Health,Health Facilities Enhancement Program,"","",Ospital ng Biñan,25000000,2 - HB 10858 VOL IB.pdf,884,"Ospital ng Biñan | Total: 25,000,000","Laguna | 50,000,000 | 30,000,000 | 80,000,000 | Ospital ng Biñan | 25,000,000 | San Pablo City District Hospital",[],"['verify facility row, hierarchy, and printed Total column against the HFEP schedule']",candidate; verify against PDF
Department of Health,Health Facilities Enhancement Program,"","",San Pablo City District Hospital,25000000,2 - HB 10858 VOL IB.pdf,884,"San Pablo City District Hospital | Total: 25,000,000","Ospital ng Biñan | 25,000,000 | San Pablo City District Hospital | Sta. Rosa City Community Hospital | 30,000,000",[],"['verify facility row, hierarchy, and printed Total column against the HFEP schedule']",candidate; verify against PDF
Department of Health,Health Facilities Enhancement Program,"","",Aborlan Medicare Hospital,25000000,2 - HB 10858 VOL IB.pdf,884,"Aborlan Medicare Hospital | Total: 25,000,000","Palawan | 55,000,000 | 29,000,000 | 84,000,000 | Aborlan Medicare Hospital | 25,000,000 | Araceli Dumaran District Hospital | 4,500,000",[],"['verify facility row, hierarchy, and printed Total column against the HFEP schedule']",candidate; verify against PDF
Department of Health,Health Facilities Enhancement Program,"","",Eastern Bicol Medical Center,25000000,2 - HB 10858 VOL IB.pdf,884,"Eastern Bicol Medical Center | Total: 25,000,000","30,000,000 | 50,000,000 | 80,000,000 | Catanduanes | 25,000,000 | Eastern Bicol Medical Center | 75,000,000",[],"['verify facility row, hierarchy, and printed Total column against the HFEP schedule']",candidate; verify against PDF
Department of Health,Health Facilities Enhancement Program,"","",Eversley Child Sanitarium and General Hospital,25000000,2 - HB 10858 VOL IB.pdf,888,"Eversley Child Sanitarium and General Hospital | Total: 25,000,000","740,000,000 | Cebu South Medical Center | 50,000,000 | Eversley Child Sanitarium and General Hospital | 25,000,000",[],"['verify facility row, hierarchy, and printed Total column against the HFEP schedule']",candidate; verify against PDF
Department of Health,Health Facilities Enhancement Program,"","",Justice Jose Abad Santos General Hospital,25000000,2 - HB 10858 VOL IB.pdf,882,"Justice Jose Abad Santos General Hospital | Total: 25,000,000","Metro Manila | 120,000,000 | 207,765,000 | 327,765,000 | Justice Jose Abad Santos General Hospital | 25,000,000 | Mandaluyong City Medical Center | 20,000,000",[],"['verify facility row, hierarchy, and printed Total column against the HFEP schedule']",candidate; verify against PDF
Department of Health,Health Facilities Enhancement Program,"","",Dr. Ramon B. Legaspi Sr. Memorial Hospital,25000000,2 - HB 10858 VOL IB.pdf,884,"Dr. Ramon B. Legaspi Sr. Memorial Hospital | Total: 25,000,000","20,000,000 | Aklan | 40,000,000 | 11,500,000 | 51,500,000 | 11,700,000 | Dr. Ramon B. Legaspi Sr. Memorial Hospital | 25,000,000 | Ibajay District Hospital | 15,000,000 | 26,500,000",[],"['verify facility row, hierarchy, and printed Total column against the HFEP schedule']",candidate; verify against PDF
Department of Health,Health Facilities Enhancement Program,"","",Saint Francis II Super Health Center,25000000,2 - HB 10858 VOL IB.pdf,878,"Saint Francis II Super Health Center | Total: 25,000,000","25,000,000 | 500,000 | Bataan | Saint Francis II Super Health Center",[],"['verify facility row, hierarchy, and printed Total column against the HFEP schedule']",candidate; verify against PDF
Department of Health,Health Facilities Enhancement Program,"","",Ospital Ng Paranaque I,25000000,2 - HB 10858 VOL IB.pdf,882,"Ospital Ng Paranaque I | Total: 25,000,000","Ospital ng Muntinlupa | 15,000,000 | Ospital Ng Paranaque I | 25,000,000 | Ospital Ng Paranaque II | 30,000,000",[],"['verify facility row, hierarchy, and printed Total column against the HFEP schedule']",candidate; verify against PDF
Department of Health,Health Facilities Enhancement Program,"","",Misamis Oriental Provincial Hospital - Balingasag,25000000,2 - HB 10858 VOL IB.pdf,886,"Misamis Oriental Provincial Hospital - Balingasag | Total: 25,000,000","50,000,000 | El Salvador Infirmary | 1,750,000 | Misamis Oriental Provincial Hospital - Balingasag | 25,000,000 | 199,797,000 | 249,797,000 | St. Paul Hospital | 80,000,000",[],"['verify facility row, hierarchy, and printed Total column against the HFEP schedule']",candidate; verify against PDF
Department of Health,Health Facilities Enhancement Program,"","",Nueva Valencia District Hospital,25000000,2 - HB 10858 VOL IB.pdf,884,"Nueva Valencia District Hospital | Total: 25,000,000","Dr. Catalino Gallego Nava Provincial Hospital | 30,000,000 | 32,000,000 | 62,000,000 | 35,000,000 | Nueva Valencia District Hospital | 25,000,000 | 15,000,000",[],"['verify facility row, hierarchy, and printed Total column against the HFEP schedule']",candidate; verify against PDF
Department of Health,Health Facilities Enhancement Program,"","",Roxas Community Hospital,25000000,2 - HB 10858 VOL IB.pdf,882,"Roxas Community Hospital | Total: 25,000,000","18,000,000 | Quezon Community Hospital | 20,000,000 | 6,000,000 | Roxas Community Hospital | 25,000,000 | San Mateo Community Hospital",[],"['verify facility row, hierarchy, and printed Total column against the HFEP schedule']",candidate; verify against PDF
Department of Health,Health Facilities Enhancement Program,"","",Canlaon City District Hospital,25000000,2 - HB 10858 VOL IB.pdf,884,"Canlaon City District Hospital | Total: 25,000,000","4,500,000 | Bindoy District Hospital | 13,500,000 | 30,000,000 | 20,000,000 | 50,000,000 | Canlaon City District Hospital | 18,000,000 | 7,000,000 | 25,000,000 | Cong. Lamberto L. Macias Memorial Hospital | 11,500,000 | 23,000,000",[],"['verify facility row, hierarchy, and printed Total column against the HFEP schedule']",candidate; verify against PDF
Department of Agriculture,Farm-to-Market Roads,"","","Construction of Brgy. Bendita 2 - Bulbok FMR, Magallanes, Cavite",25000000,2 - HB 10858 VOL IB.pdf,692,"Construction of Brgy. Bendita 2 - Bulbok FMR, Magallanes, Cavite | 25,000,000","30,000,000 | Construction of Brgy. Bendita 2 - Bulbok FMR, Magallanes, Cavite | 25,000,000",[],[],candidate; verify PAP/project level and amount against PDF
Department of Agriculture,Farm-to-Market Roads,"","","Construction of Brgy. Magsaysay - Brgy. Malvar FMR, Balangkayan, Eastern Samar",25000000,2 - HB 10858 VOL IB.pdf,716,"Construction of Brgy. Magsaysay - Brgy. Malvar FMR, Balangkayan, Eastern Samar | 25,000,000","Construction of Brgy. Magsaysay - Brgy. Malvar FMR, Balangkayan, Eastern Samar | 25,000,000",[],[],candidate; verify PAP/project level and amount against PDF
Department of Agriculture,Farm-to-Market Roads,"","","Construction of Brgy. Pangabutan FMR, Brgy. Pangabutan, Taft, Eastern Samar",25000000,2 - HB 10858 VOL IB.pdf,716,"Construction of Brgy. Pangabutan FMR, Brgy. Pangabutan, Taft, Eastern Samar | 25,000,000","Construction of Brgy. Pangabutan FMR, Brgy. Pangabutan, Taft, Eastern Samar | 25,000,000",[],[],candidate; verify PAP/project level and amount against PDF
Department of Agriculture,Farm-to-Market Roads,"","","Concreting of Bag-ao Village to Brgy. Santiago FMR, Brgy. Santiago, Loreto, Dinagat Islands",25000000,2 - HB 10858 VOL IB.pdf,726,"Concreting of Bag-ao Village to Brgy. Santiago FMR, Brgy. Santiago, Loreto, Dinagat Islands | 25,000,000","Concreting of Bag-ao Village to Brgy. Santiago FMR, Brgy. Santiago, | Loreto, Dinagat Islands | 25,000,000",[],[],candidate; verify PAP/project level and amount against PDF
Department of Agriculture,Farm-to-Market Roads,"","","Opening and Concreting of Sitio Mariwasa, Brgy. Biga FMR, Brgy. Biga Lobo, Batangas",25000000,2 - HB 10858 VOL IB.pdf,696,"Opening and Concreting of Sitio Mariwasa, Brgy. Biga FMR, Brgy. Biga Lobo, Batangas | 25,000,000","15,000,000 | Opening and Concreting of Sitio Mariwasa, Brgy. Biga FMR, Brgy. Biga Lobo, Batangas",[],[],candidate; verify PAP/project level and amount against PDF
Department of Agriculture,Farm-to-Market Roads,"","","Concreting of Brgy. Tayuman - Brgy. San Miguel FMR, Brgy. Tayuman and Brgy. San Miguel, Lobo, Batangas",25000000,2 - HB 10858 VOL IB.pdf,698,"Concreting of Brgy. Tayuman - Brgy. San Miguel FMR, Brgy. Tayuman and Brgy. San Miguel, Lobo, Batangas | 25,000,000","Concreting of Brgy. Tayuman - Brgy. San Miguel FMR, Brgy. Tayuman and | Brgy. San Miguel, Lobo, Batangas | 25,000,000",[],[],candidate; verify PAP/project level and amount against PDF
Department of Agriculture,Farm-to-Market Roads,"","","Construction of Sitio Gatol - Sitio Agong, Brgy. San Roque FMR, Bulalacao, Oriental Mindoro",25000000,2 - HB 10858 VOL IB.pdf,700,"Construction of Sitio Gatol - Sitio Agong, Brgy. San Roque FMR, Bulalacao, Oriental Mindoro | 25,000,000","Construction of Sitio Gatol - Sitio Agong, Brgy. San Roque FMR, Bulalacao, Oriental Mindoro | 25,000,000",[],[],candidate; verify PAP/project level and amount against PDF
Department of Agriculture,Farm-to-Market Roads,"","","Concreting of Brgy. Lon-oy - Brgy. Bayabas FMR, San Gabriel, La Union",25000000,2 - HB 10858 VOL IB.pdf,672,"Concreting of Brgy. Lon-oy - Brgy. Bayabas FMR, San Gabriel, La Union | 25,000,000","Concreting of Brgy. Lon-oy - Brgy. Bayabas FMR, San Gabriel, La Union | 25,000,000",[],[],candidate; verify PAP/project level and amount against PDF
Department of Agriculture,Farm-to-Market Roads,"","","Concreting of Sitio Lourdes, Brgy. Tignapoloan FMR, Brgy. Tignapoloan, Cagayan de Oro City",25000000,2 - HB 10858 VOL IB.pdf,720,"Concreting of Sitio Lourdes, Brgy. Tignapoloan FMR, Brgy. Tignapoloan, Cagayan de Oro City | 25,000,000","Concreting of Sitio Lourdes, Brgy. Tignapoloan FMR, Brgy. Tignapoloan, Cagayan de Oro City | 25,000,000",[],[],candidate; verify PAP/project level and amount against PDF
Department of Agriculture,Farm-to-Market Roads,"","","Construction of Brgy. Genitligan FMR, Brgy. Genitligan, Baras, Catanduanes",25000000,2 - HB 10858 VOL IB.pdf,704,"Construction of Brgy. Genitligan FMR, Brgy. Genitligan, Baras, Catanduanes | 25,000,000","Construction of Brgy. Genitligan FMR, Brgy. Genitligan, Baras, Catanduanes | 25,000,000",[],[],candidate; verify PAP/project level and amount against PDF
Department of Agriculture,Farm-to-Market Roads,"","","Concreting of Brgy. Saclayan FMR, Brgy. Saclayan, Castilla, Sorsogon",25000000,2 - HB 10858 VOL IB.pdf,704,"Concreting of Brgy. Saclayan FMR, Brgy. Saclayan, Castilla, Sorsogon | 25,000,000","25,000,000 | Concreting of Brgy. Saclayan FMR, Brgy. Saclayan, Castilla, Sorsogon",[],[],candidate; verify PAP/project level and amount against PDF
Department of Agriculture,Farm-to-Market Roads,"","","Construction of Sitio Warang to Cagurusong, Brgy. San Miguel FMR, San Miguel,",25000000,2 - HB 10858 VOL IB.pdf,704,"Construction of Sitio Warang to Cagurusong, Brgy. San Miguel FMR, San Miguel, | 25,000,000","Construction of Sitio Warang to Cagurusong, Brgy. San Miguel FMR, San Miguel, | Baras, Catanduanes | 25,000,000",[],[],candidate; verify PAP/project level and amount against PDF
Department of Agriculture,Farm-to-Market Roads,"","","Improvement of Sagpat-God-ang-Manawal FMR, Brgy. Sagpat to Brgy. Lubo, Kibungan, Benguet",25000000,2 - HB 10858 VOL IB.pdf,674,"Improvement of Sagpat-God-ang-Manawal FMR, Brgy. Sagpat to Brgy. Lubo, Kibungan, Benguet | 25,000,000","Improvement of Sagpat-God-ang-Manawal FMR, Brgy. Sagpat to Brgy. Lubo, | Kibungan, Benguet | 25,000,000",[],[],candidate; verify PAP/project level and amount against PDF
Department of Agriculture,Farm-to-Market Roads,"","","Construction of Brgy. Lingaling FMR, Brgy. Lingaling, Santa Maria, Isabela",25000000,2 - HB 10858 VOL IB.pdf,674,"Construction of Brgy. Lingaling FMR, Brgy. Lingaling, Santa Maria, Isabela | 25,000,000","Construction of Brgy. Lingaling FMR, Brgy. Lingaling, Santa Maria, Isabela | 15,000,000 | 25,000,000",[],[],candidate; verify PAP/project level and amount against PDF
Department of Agriculture,Farm-to-Market Roads,"","","Construction of Brgy. Pongtud to Fish and Boat Landing FMR, Brgy. Pongtud,",25000000,2 - HB 10858 VOL IB.pdf,724,"Construction of Brgy. Pongtud to Fish and Boat Landing FMR, Brgy. Pongtud, | 25,000,000","Construction of Brgy. Pongtud to Fish and Boat Landing FMR, Brgy. Pongtud, | Alegria, Surigao del Norte | 25,000,000",[],[],candidate; verify PAP/project level and amount against PDF
Department of Agriculture,Farm-to-Market Roads,"","","Construction of Purok 4 Brgy. Cabugo to Togonon FMR, Brgy. Cabugo,",25000000,2 - HB 10858 VOL IB.pdf,724,"Construction of Purok 4 Brgy. Cabugo to Togonon FMR, Brgy. Cabugo, | 25,000,000","Construction of Purok 4 Brgy. Cabugo to Togonon FMR, Brgy. Cabugo, | Claver, Surigao del Norte | 25,000,000",[],[],candidate; verify PAP/project level and amount against PDF
Department of Agriculture,Farm-to-Market Roads,"","","Construction of P7 Brgy. Balligui FMR, Brgy. Balligui, Madella, Quirino",25000000,2 - HB 10858 VOL IB.pdf,676,"Construction of P7 Brgy. Balligui FMR, Brgy. Balligui, Madella, Quirino | 25,000,000","Construction of P7 Brgy. Balligui FMR, Brgy. Balligui, Madella, Quirino | 25,000,000",[],[],candidate; verify PAP/project level and amount against PDF
Department of Agriculture,Farm-to-Market Roads,"","","Construction of Brgy. Cabaruan FMR, Brgy. Cabaruan, Madella, Quirino",25000000,2 - HB 10858 VOL IB.pdf,676,"Construction of Brgy. Cabaruan FMR, Brgy. Cabaruan, Madella, Quirino | 25,000,000","Construction of Brgy. Cabaruan FMR, Brgy. Cabaruan, Madella, Quirino | 25,000,000",[],[],candidate; verify PAP/project level and amount against PDF
Department of Agriculture,Farm-to-Market Roads,"","","Construction of Capayahan-Marga-San Pablo Road FMR, Brgy. Capayahan,",25000000,2 - HB 10858 VOL IB.pdf,724,"Construction of Capayahan-Marga-San Pablo Road FMR, Brgy. Capayahan, | 25,000,000","Construction of Capayahan-Marga-San Pablo Road FMR, Brgy. Capayahan, | Tubod, Surigao del Norte | 25,000,000",[],[],candidate; verify PAP/project level and amount against PDF
Department of Agriculture,Farm-to-Market Roads,"","","Concreting of Brgy. E. J. Dulay, Laoang - Brgy. Nagbobtac, Palapag FMR, (Phase II), Laoang and Palapag, Northern Samar",24000000,2 - HB 10858 VOL IB.pdf,714,"Concreting of Brgy. E. J. Dulay, Laoang - Brgy. Nagbobtac, Palapag FMR, (Phase II), Laoang and Palapag, Northern Samar | 24,000,000","NAME OR PROJECTS | NAME OF PROJECTSPESOS PESOS | PESOS | Concreting of Brgy. E. J. Dulay, Laoang - Brgy. Nagbobtac, Palapag FMR, (Phase II), | 15,000,000 | Laoang and Palapag, Northern Samar | 24,000,000",[],[],candidate; verify PAP/project level and amount against PDF
Department of Agriculture,Farm-to-Market Roads,"","","Concreting of Brgy. Isauan - Brgy. Ingay FMR, Brgy. Isauan and Brgy. Ingay, Tubungan, Iloilo",24000000,2 - HB 10858 VOL IB.pdf,708,"Concreting of Brgy. Isauan - Brgy. Ingay FMR, Brgy. Isauan and Brgy. Ingay, Tubungan, Iloilo | 24,000,000","Concreting of Brgy. Isauan - Brgy. Ingay FMR, Brgy. Isauan and Brgy. Ingay, | Tubungan, Iloilo | 24,000,000",[],[],candidate; verify PAP/project level and amount against PDF
Department of Agriculture,Farm-to-Market Roads,"","","Concreting of Sitio Caragmayan - Sitio Baje, Brgy. Buga FMR, Brgy. Buga, Igbaras, Iloilo",24000000,2 - HB 10858 VOL IB.pdf,708,"Concreting of Sitio Caragmayan - Sitio Baje, Brgy. Buga FMR, Brgy. Buga, Igbaras, Iloilo | 24,000,000","60,000,000 | Concreting of Sitio Caragmayan - Sitio Baje, Brgy. Buga FMR, Brgy. Buga, Igbaras, Iloilo | 24,000,000",[],[],candidate; verify PAP/project level and amount against PDF
Department of Health,Health Facilities Enhancement Program,"","",Cong. Lamberto L. Macias Memorial Hospital,23000000,2 - HB 10858 VOL IB.pdf,884,"Cong. Lamberto L. Macias Memorial Hospital | Total: 23,000,000","30,000,000 | 20,000,000 | 50,000,000 | Canlaon City District Hospital | 18,000,000 | 7,000,000 | 25,000,000 | 4,500,000 | Cong. Lamberto L. Macias Memorial Hospital | 11,500,000 | 23,000,000 | Gov. William Villegas Memorial Hospital | 8,000,000 | 28,000,000",[],"['verify facility row, hierarchy, and printed Total column against the HFEP schedule']",candidate; verify against PDF
Department of Agriculture,Farm-to-Market Roads,"","","Construction of Brgy. Dianao FMR, Brgy. Dianao, Cauayan City, Isabela",22500000,2 - HB 10858 VOL IB.pdf,676,"Construction of Brgy. Dianao FMR, Brgy. Dianao, Cauayan City, Isabela | 22,500,000","Construction of Brgy. Dianao FMR, Brgy. Dianao, Cauayan City, Isabela | 30,000,000 | 22,500,000",[],[],candidate; verify PAP/project level and amount against PDF
Department of Health,Health Facilities Enhancement Program,"","",Bais City District Hospital,22300000,2 - HB 10858 VOL IB.pdf,884,"Bais City District Hospital | Total: 22,300,000","Negros Oriental | 127,800,000 | 89,500,000 | 217,300,000 | 55,000,000 | 29,000,000 | 84,000,000 | Bais City District Hospital | 8,800,000 | 13,500,000 | 22,300,000 | 25,000,000 | Bayawan District Hospital | 13,000,000 | 26,500,000",[],"['verify facility row, hierarchy, and printed Total column against the HFEP schedule']",candidate; verify against PDF
Department of Health,Health Facilities Enhancement Program,"","",Tanjay City General Hospital,22000000,2 - HB 10858 VOL IB.pdf,884,"Tanjay City General Hospital | Total: 22,000,000","10,000,000 | Negros Oriental Provincial Hospital | 11,500,000 | 17,000,000 | 28,500,000 | Tanjay City General Hospital | 22,000,000",[],"['verify facility row, hierarchy, and printed Total column against the HFEP schedule']",candidate; verify against PDF
Department of Agriculture,Farm-to-Market Roads,"","","Concreting of Brgy. Bacong - Brgy. Bongol San Miguel FMR, Brgy. Bacong and",21000000,2 - HB 10858 VOL IB.pdf,708,"Concreting of Brgy. Bacong - Brgy. Bongol San Miguel FMR, Brgy. Bacong and | 21,000,000","15,000,000 | Concreting of Brgy. Bacong - Brgy. Bongol San Miguel FMR, Brgy. Bacong and | Brgy. San Miguel, Guimbal, Iloilo | 21,000,000",[],[],candidate; verify PAP/project level and amount against PDF
Department of Health,Health Facilities Enhancement Program,"","",Tarlac Provincial Hospital,20000000,2 - HB 10858 VOL IB.pdf,884,"Tarlac Provincial Hospital | Total: 20,000,000","Tarlac City General Hospital | 10,000,000 | Tarlac Provincial Hospital | 20,000,000",[],"['verify facility row, hierarchy, and printed Total column against the HFEP schedule']",candidate; verify against PDF
Department of Health,Health Facilities Enhancement Program,"","",Region II Sub National Reference Laboratory,20000000,2 - HB 10858 VOL IB.pdf,892,"Region II Sub National Reference Laboratory | Total: 20,000,000","Isabela | 20,000,000 | Region II Sub National Reference Laboratory",[],"['verify facility row, hierarchy, and printed Total column against the HFEP schedule']",candidate; verify against PDF
Department of Health,Health Facilities Enhancement Program,"","",Camiling District Hospital,20000000,2 - HB 10858 VOL IB.pdf,884,"Camiling District Hospital | Total: 20,000,000","Tarlac | 71,600,000 | 90,000,000 | 161,600,000 | Camiling District Hospital | 20,000,000 | Capas Medical Complex | 5,400,000",[],"['verify facility row, hierarchy, and printed Total column against the HFEP schedule']",candidate; verify against PDF
Department of Health,Health Facilities Enhancement Program,"","",Bulan Medicare Hospital,20000000,2 - HB 10858 VOL IB.pdf,884,"Bulan Medicare Hospital | Total: 20,000,000","20,000,000 | Sorsogon | 40,000,000 | 5,400,000 | Bulan Medicare Hospital | 14,500,000 | Gubat District Hospital",[],"['verify facility row, hierarchy, and printed Total column against the HFEP schedule']",candidate; verify against PDF
Department of Health,Health Facilities Enhancement Program,"","",San Mateo Community Hospital,20000000,2 - HB 10858 VOL IB.pdf,882,"San Mateo Community Hospital | Total: 20,000,000","6,000,000 | Roxas Community Hospital | 25,000,000 | San Mateo Community Hospital | 20,000,000",[],"['verify facility row, hierarchy, and printed Total column against the HFEP schedule']",candidate; verify against PDF
Department of Health,Health Facilities Enhancement Program,"","",Gilberto O. Teodoro Memorial Hospital,20000000,2 - HB 10858 VOL IB.pdf,884,"Gilberto O. Teodoro Memorial Hospital | Total: 20,000,000","20,000,000 | District Hospital | Gilberto O. Teodoro Memorial Hospital | 10,000,000 | La Paz Medicare and Community Hospital",[],"['verify facility row, hierarchy, and printed Total column against the HFEP schedule']",candidate; verify against PDF
Department of Health,Health Facilities Enhancement Program,"","",Quezon Community Hospital,20000000,2 - HB 10858 VOL IB.pdf,882,"Quezon Community Hospital | Total: 20,000,000","Manuel A. Roxas District Hospital | 30,000,000 | 40,000,000 | 70,000,000 | 18,000,000 | Quezon Community Hospital | 20,000,000 | 6,000,000 | Roxas Community Hospital | 25,000,000",[],"['verify facility row, hierarchy, and printed Total column against the HFEP schedule']",candidate; verify against PDF
Department of Health,Health Facilities Enhancement Program,"","",La Paz Medicare and Community Hospital,20000000,2 - HB 10858 VOL IB.pdf,884,"La Paz Medicare and Community Hospital | Total: 20,000,000","Gilberto O. Teodoro Memorial Hospital | 10,000,000 | 20,000,000 | La Paz Medicare and Community Hospital | Moncada District Hospital | 11,700,000",[],"['verify facility row, hierarchy, and printed Total column against the HFEP schedule']",candidate; verify against PDF
Department of Health,Health Facilities Enhancement Program,"","",Leyte Provincial Hospital,20000000,2 - HB 10858 VOL IB.pdf,886,"Leyte Provincial Hospital | Total: 20,000,000","Carigara District Hospital | 4,000,000 | Leyte Provincial Hospital | 20,000,000 | Matalom Community Hospital | 450,000",[],"['verify facility row, hierarchy, and printed Total column against the HFEP schedule']",candidate; verify against PDF
Department of Health,Health Facilities Enhancement Program,"","","Sara, Iloilo Dialysis Center",20000000,2 - HB 10858 VOL IB.pdf,892,"Sara, Iloilo Dialysis Center | Total: 20,000,000","Iloilo | 26,000,000 | 25,000,000 | 51,000,000 | Sara, Iloilo Dialysis Center | 20,000,000",[],"['verify facility row, hierarchy, and printed Total column against the HFEP schedule']",candidate; verify against PDF
Department of Health,Health Facilities Enhancement Program,"","",Sara District Hospital,20000000,2 - HB 10858 VOL IB.pdf,884,"Sara District Hospital | Total: 20,000,000","25,000,000 | San Joaquin Mother & Child Hospital | 15,240,000 | 30,000,000 | Sara District Hospital | 20,000,000",[],"['verify facility row, hierarchy, and printed Total column against the HFEP schedule']",candidate; verify against PDF
Department of Health,Health Facilities Enhancement Program,"","",San Juan Medical Center,20000000,2 - HB 10858 VOL IB.pdf,882,"San Juan Medical Center | Total: 20,000,000","7,500,000 | 17,500,000 | 25,000,000 | Pasay City General Hospital | 50,000,000 | San Juan Medical Center | 20,000,000 | Sta. Ana Hospital | 7,000,000",[],"['verify facility row, hierarchy, and printed Total column against the HFEP schedule']",candidate; verify against PDF
Department of Health,Health Facilities Enhancement Program,"","",Sub National Reference Laboratory,20000000,2 - HB 10858 VOL IB.pdf,892,"Sub National Reference Laboratory | Total: 20,000,000","SOCCSKSARGEN Sub National Reference Laboratory | 20,000,000 | Sub National Reference Laboratory",[],"['verify facility row, hierarchy, and printed Total column against the HFEP schedule']",candidate; verify against PDF
Department of Health,Health Facilities Enhancement Program,"","",Cortes Municipal Hospital,20000000,2 - HB 10858 VOL IB.pdf,888,"Cortes Municipal Hospital | Total: 20,000,000","Surigao del Sur | 28,000,000 | 3,300,000 | 31,300,000 | Cortes Municipal Hospital | 20,000,000 | Lianga District Hospital | 2,300,000",[],"['verify facility row, hierarchy, and printed Total column against the HFEP schedule']",candidate; verify against PDF
Department of Health,Health Facilities Enhancement Program,"","",Patnongon Community Hospital,20000000,2 - HB 10858 VOL IB.pdf,884,"Patnongon Community Hospital | Total: 20,000,000","Angel Salazar Memorial General Hospital | 20,000,000 | 10,000,000 | 30,000,000 | 40,000,000 | Patnongon Community Hospital | Ramon Maza Sr. Memorial District Hospital",[],"['verify facility row, hierarchy, and printed Total column against the HFEP schedule']",candidate; verify against PDF
Department of Health,Health Facilities Enhancement Program,"","",Paniqui General Hospital,20000000,2 - HB 10858 VOL IB.pdf,884,"Paniqui General Hospital | Total: 20,000,000","Moncada District Hospital | 11,700,000 | Paniqui General Hospital | 20,000,000 | Tarlac City General Hospital | 10,000,000",[],"['verify facility row, hierarchy, and printed Total column against the HFEP schedule']",candidate; verify against PDF
Department of Health,Health Facilities Enhancement Program,"","",Lucena City Hospital,20000000,2 - HB 10858 VOL IB.pdf,888,"Lucena City Hospital | Total: 20,000,000","Quezon | 60,000,000 | 6,000,000 | 13,000,000 | 19,000,000 | Lucena City Hospital | 20,000,000 | Southern Luzon Multi-Specialty Medical Center | 40,000,000",[],"['verify facility row, hierarchy, and printed Total column against the HFEP schedule']",candidate; verify against PDF
Department of Health,Health Facilities Enhancement Program,"","",SOCCSKSARGEN Sub National Reference Laboratory,20000000,2 - HB 10858 VOL IB.pdf,892,"SOCCSKSARGEN Sub National Reference Laboratory | Total: 20,000,000","South Cotabato | 40,000,000 | SOCCSKSARGEN Sub National Reference Laboratory | 20,000,000 | Sub National Reference Laboratory",[],"['verify facility row, hierarchy, and printed Total column against the HFEP schedule']",candidate; verify against PDF
Department of Health,Health Facilities Enhancement Program,"","",Mandaluyong City Medical Center,20000000,2 - HB 10858 VOL IB.pdf,882,"Mandaluyong City Medical Center | Total: 20,000,000","Justice Jose Abad Santos General Hospital | 25,000,000 | Mandaluyong City Medical Center | 20,000,000 | Navotas City Hospital | 8,400,000",[],"['verify facility row, hierarchy, and printed Total column against the HFEP schedule']",candidate; verify against PDF
Department of Health,Health Facilities Enhancement Program,"","",Gubat District Hospital,20000000,2 - HB 10858 VOL IB.pdf,884,"Gubat District Hospital | Total: 20,000,000","5,400,000 | Bulan Medicare Hospital | 20,000,000 | 14,500,000 | Gubat District Hospital",[],"['verify facility row, hierarchy, and printed Total column against the HFEP schedule']",candidate; verify against PDF
Department of Health,Health Facilities Enhancement Program,"","",Davao Regional Medical Center,20000000,2 - HB 10858 VOL IB.pdf,888,"Davao Regional Medical Center | Total: 20,000,000","15,000,000 | 50,000,000 | 65,000,000 | Davao del Norte | 20,000,000 | Davao Regional Medical Center",[],"['verify facility row, hierarchy, and printed Total column against the HFEP schedule']",candidate; verify against PDF
Department of Health,Health Facilities Enhancement Program,"","",Cotabato Regional and Medical Center,20000000,2 - HB 10858 VOL IB.pdf,890,"Cotabato Regional and Medical Center | Total: 20,000,000","Maguindanao del Norte | 55,000,000 | Cotabato Regional and Medical Center | 20,000,000 | Cotabato Sanitarium and General Hospital | 35,000,000",[],"['verify facility row, hierarchy, and printed Total column against the HFEP schedule']",candidate; verify against PDF
Department of Health,Health Facilities Enhancement Program,"","",Ospital ng Tagaytay,20000000,2 - HB 10858 VOL IB.pdf,884,"Ospital ng Tagaytay | Total: 20,000,000","General Emilio Aguinaldo Memorial Hospital | 15,000,000 | Ospital ng Tagaytay | 20,000,000",[],"['verify facility row, hierarchy, and printed Total column against the HFEP schedule']",candidate; verify against PDF
Department of Health,Health Facilities Enhancement Program,"","",DOH DATRC - CALABARZON,20000000,2 - HB 10858 VOL IB.pdf,890,"DOH DATRC - CALABARZON | Total: 20,000,000","40,000,000 | Cavite | 130,000,000 | 55,000,000 | 185,000,000 | DOH DATRC - CALABARZON | 20,000,000 | DOH DATRC - Tagaytay",[],"['verify facility row, hierarchy, and printed Total column against the HFEP schedule']",candidate; verify against PDF
Department of Health,Health Facilities Enhancement Program,"","",DOH DATRC - Tagaytay,20000000,2 - HB 10858 VOL IB.pdf,890,"DOH DATRC - Tagaytay | Total: 20,000,000","130,000,000 | 55,000,000 | 185,000,000 | DOH DATRC - CALABARZON | 20,000,000 | DOH DATRC - Tagaytay",[],"['verify facility row, hierarchy, and printed Total column against the HFEP schedule']",candidate; verify against PDF
Department of Health,Health Facilities Enhancement Program,"","",DOH DATRC - Malinao,20000000,2 - HB 10858 VOL IB.pdf,890,"DOH DATRC - Malinao | Total: 20,000,000","15,000,000 | 5,000,000 | 20,000,000 | Albay | 130,000,000 | DOH DATRC - Malinao",[],"['verify facility row, hierarchy, and printed Total column against the HFEP schedule']",candidate; verify against PDF
Department of Health,Health Facilities Enhancement Program,"","","Congressman Enrique ""Henry"" M. Cojuangco Memorial District Hospital",20000000,2 - HB 10858 VOL IB.pdf,884,"Congressman Enrique ""Henry"" M. Cojuangco Memorial District Hospital | Total: 20,000,000","Concepcion District Hospital | 14,500,000 | Congressman Enrique ""Henry"" M. Cojuangco Memorial | 20,000,000 | District Hospital",[],"['verify facility row, hierarchy, and printed Total column against the HFEP schedule']",candidate; verify against PDF
Department of Agriculture,Farm-to-Market Roads,"","","Construction of Brgy. 30-B Santa Maria FMR, Laoag City, Ilocos Norte",20000000,2 - HB 10858 VOL IB.pdf,670,"Construction of Brgy. 30-B Santa Maria FMR, Laoag City, Ilocos Norte | 20,000,000","Construction of Brgy. 30-B Santa Maria FMR, Laoag City, Ilocos Norte | 20,000,000",[],[],candidate; verify PAP/project level and amount against PDF
Department of Agriculture,Farm-to-Market Roads,"","","Construction of Brgy. Talongonan FMR, Passi City, Iloilo",20000000,2 - HB 10858 VOL IB.pdf,708,"Construction of Brgy. Talongonan FMR, Passi City, Iloilo | 20,000,000","Construction of Brgy. Talongonan FMR, Passi City, Iloilo | 20,000,000",[],[],candidate; verify PAP/project level and amount against PDF
Department of Agriculture,Farm-to-Market Roads,"","","Construction of Brgy. San Antonio FMR, Brgy. San Antonio, Jones, Isabela",20000000,2 - HB 10858 VOL IB.pdf,678,"Construction of Brgy. San Antonio FMR, Brgy. San Antonio, Jones, Isabela | 20,000,000","Construction of Brgy. San Antonio FMR, Brgy. San Antonio, Jones, Isabela | 20,000,000",[],[],candidate; verify PAP/project level and amount against PDF
Department of Agriculture,Farm-to-Market Roads,"","","Construction of Sitio Anilao to Brgy. Dambo FMR, Brgy. Dambo, Pangil, Laguna",20000000,2 - HB 10858 VOL IB.pdf,692,"Construction of Sitio Anilao to Brgy. Dambo FMR, Brgy. Dambo, Pangil, Laguna | 20,000,000","30,000,000 | Construction of Sitio Anilao to Brgy. Dambo FMR, Brgy. Dambo, Pangil, Laguna | 20,000,000 | 35,000,000",[],[],candidate; verify PAP/project level and amount against PDF
Department of Agriculture,Farm-to-Market Roads,"","","Construction of Brgy. San Miguel - Brgy. Maca-anga FMR, Llorente, Eastern Samar",20000000,2 - HB 10858 VOL IB.pdf,714,"Construction of Brgy. San Miguel - Brgy. Maca-anga FMR, Llorente, Eastern Samar | 20,000,000","15,000,000 | Construction of Brgy. San Miguel - Brgy. Maca-anga FMR, Llorente, Eastern Samar | 20,000,000",[],[],candidate; verify PAP/project level and amount against PDF
Department of Agriculture,Farm-to-Market Roads,"","","Construction of Brgy. 54-A Lagui-Sail FMR, Laoag City, Ilocos Norte",20000000,2 - HB 10858 VOL IB.pdf,670,"Construction of Brgy. 54-A Lagui-Sail FMR, Laoag City, Ilocos Norte | 20,000,000","Construction of Brgy. 54-A Lagui-Sail FMR, Laoag City, Ilocos Norte | 20,000,000",[],[],candidate; verify PAP/project level and amount against PDF
Department of Agriculture,Farm-to-Market Roads,"","","Construction of Brgy. 55-B Salet-Bulangon FMR, Laoag City, Ilocos Norte",20000000,2 - HB 10858 VOL IB.pdf,670,"Construction of Brgy. 55-B Salet-Bulangon FMR, Laoag City, Ilocos Norte | 20,000,000","Construction of Brgy. 55-B Salet-Bulangon FMR, Laoag City, Ilocos Norte | 20,000,000",[],[],candidate; verify PAP/project level and amount against PDF
Department of Agriculture,Farm-to-Market Roads,"","","Concreting/Rehabilitation of Brgy. Napaliong FMR, Brgy. Napaliong, Jones, Isabela",20000000,2 - HB 10858 VOL IB.pdf,678,"Concreting/Rehabilitation of Brgy. Napaliong FMR, Brgy. Napaliong, Jones, Isabela | 20,000,000","45,000,000 | Concreting/Rehabilitation of Brgy. Napaliong FMR, Brgy. Napaliong, Jones, Isabela | 20,000,000",[],[],candidate; verify PAP/project level and amount against PDF
Department of Agriculture,Farm-to-Market Roads,"","","Construction of Brgy. Miswa FMR, Brgy. Miswa, Infanta, Quezon",20000000,2 - HB 10858 VOL IB.pdf,692,"Construction of Brgy. Miswa FMR, Brgy. Miswa, Infanta, Quezon | 20,000,000","Construction of Brgy. Miswa FMR, Brgy. Miswa, Infanta, Quezon | 20,000,000",[],[],candidate; verify PAP/project level and amount against PDF
Department of Agriculture,Farm-to-Market Roads,"","","Construction of Brgy. Tabangao Ambulong FMR, Brgy. Tabangao Ambulong, Batangas City",20000000,2 - HB 10858 VOL IB.pdf,694,"Construction of Brgy. Tabangao Ambulong FMR, Brgy. Tabangao Ambulong, Batangas City | 20,000,000","Construction of Brgy. Tabangao Ambulong FMR, Brgy. Tabangao Ambulong, Batangas City | 20,000,000",[],[],candidate; verify PAP/project level and amount against PDF
Department of Agriculture,Farm-to-Market Roads,"","","Construction of Sitio Tamuad Brgy. Dampig FMR, Brgy. Dampig, Pagudpud, Ilocos Norte",20000000,2 - HB 10858 VOL IB.pdf,670,"Construction of Sitio Tamuad Brgy. Dampig FMR, Brgy. Dampig, Pagudpud, Ilocos Norte | 20,000,000","Construction of Sitio Tamuad Brgy. Dampig FMR, Brgy. Dampig, Pagudpud, Ilocos Norte | 20,000,000",[],[],candidate; verify PAP/project level and amount against PDF
Department of Agriculture,Farm-to-Market Roads,"","","Construction of Purok-2 to Purok-3, Brgy. Sipaon FMR, Brgy. Sipaon, Zamboanga del Norte",20000000,2 - HB 10858 VOL IB.pdf,717,"Construction of Purok-2 to Purok-3, Brgy. Sipaon FMR, Brgy. Sipaon, Zamboanga del Norte | 20,000,000","Construction of Purok-2 to Purok-3, Brgy. Sipaon FMR, Brgy. Sipaon, Zamboanga del Norte | 20,000,000",[],[],candidate; verify PAP/project level and amount against PDF
Department of Agriculture,Farm-to-Market Roads,"","","Concreting of Sitio Bulawan, Brgy. Buyusan FMR, Brgy. Buyusan, San Mariano, Isabela",20000000,2 - HB 10858 VOL IB.pdf,678,"Concreting of Sitio Bulawan, Brgy. Buyusan FMR, Brgy. Buyusan, San Mariano, Isabela | 20,000,000","Concreting of Sitio Bulawan, Brgy. Buyusan FMR, Brgy. Buyusan, San Mariano, Isabela | 20,000,000",[],[],candidate; verify PAP/project level and amount against PDF
Department of Agriculture,Farm-to-Market Roads,"","","Construction of Brgy. Abkir FMR, Brgy. Abkir, Vintar, Ilocos Norte",20000000,2 - HB 10858 VOL IB.pdf,670,"Construction of Brgy. Abkir FMR, Brgy. Abkir, Vintar, Ilocos Norte | 20,000,000","Construction of Brgy. Abkir FMR, Brgy. Abkir, Vintar, Ilocos Norte | 5,000,000 | 20,000,000",[],[],candidate; verify PAP/project level and amount against PDF
Department of Agriculture,Farm-to-Market Roads,"","","Concreting of Sitio Umarca, Brgy. Rizal FMR, Brgy. Rizal, Pontevedra, Capiz",20000000,2 - HB 10858 VOL IB.pdf,708,"Concreting of Sitio Umarca, Brgy. Rizal FMR, Brgy. Rizal, Pontevedra, Capiz | 20,000,000","Concreting of Sitio Umarca, Brgy. Rizal FMR, Brgy. Rizal, Pontevedra, Capiz | 20,000,000",[],[],candidate; verify PAP/project level and amount against PDF
Department of Agriculture,Farm-to-Market Roads,"","","Construction of Brgy. Sibula to Brgy. Dampalan FMR, Brgy. Sibula, Lopez Jaena, Misamis Occidental",20000000,2 - HB 10858 VOL IB.pdf,718,"Construction of Brgy. Sibula to Brgy. Dampalan FMR, Brgy. Sibula, Lopez Jaena, Misamis Occidental | 20,000,000","Construction of Brgy. Sibula to Brgy. Dampalan FMR, Brgy. Sibula, Lopez Jaena, | 15,000,000 | Misamis Occidental | 20,000,000",[],[],candidate; verify PAP/project level and amount against PDF
Department of Agriculture,Farm-to-Market Roads,"","","Construction of Brgy. Margaay FMR, Brgy. Margaay, Vintar, Ilocos Norte",20000000,2 - HB 10858 VOL IB.pdf,672,"Construction of Brgy. Margaay FMR, Brgy. Margaay, Vintar, Ilocos Norte | 20,000,000","Construction of Brgy. Margaay FMR, Brgy. Margaay, Vintar, Ilocos Norte | 20,000,000",[],[],candidate; verify PAP/project level and amount against PDF
Department of Agriculture,Farm-to-Market Roads,"","","Construction of Sitio Pawikan - Sitio Upper Yunot, Brgy. Nasukob FMR, Bulalacao,",20000000,2 - HB 10858 VOL IB.pdf,700,"Construction of Sitio Pawikan - Sitio Upper Yunot, Brgy. Nasukob FMR, Bulalacao, | 20,000,000","Construction of Sitio Pawikan - Sitio Upper Yunot, Brgy. Nasukob FMR, Bulalacao, | Oriental Mindoro | 20,000,000",[],[],candidate; verify PAP/project level and amount against PDF
Department of Agriculture,Farm-to-Market Roads,"","","Construction of Brgy. Bacuyong, Piñan – Brgy. Lingasad FMR, Polanco, Zamboanga del Norte",20000000,2 - HB 10858 VOL IB.pdf,718,"Construction of Brgy. Bacuyong, Piñan – Brgy. Lingasad FMR, Polanco, Zamboanga del Norte | 20,000,000","Construction of Brgy. Bacuyong, Piñan – Brgy. Lingasad FMR, Polanco, Zamboanga del Norte | 20,000,000",[],[],candidate; verify PAP/project level and amount against PDF
Department of Agriculture,Farm-to-Market Roads,"","","Construction of Purok Bucana, Brgy. Manalo FMR, Brgy. Manalo FMR, Puerto Princesa, Palawan",20000000,2 - HB 10858 VOL IB.pdf,700,"Construction of Purok Bucana, Brgy. Manalo FMR, Brgy. Manalo FMR, Puerto Princesa, Palawan | 20,000,000","Construction of Purok Bucana, Brgy. Manalo FMR, Brgy. Manalo FMR, | 15,000,000 | Puerto Princesa, Palawan | 20,000,000",[],[],candidate; verify PAP/project level and amount against PDF
Department of Agriculture,Farm-to-Market Roads,"","","Construction of Sitio Utoy, Estancia FMR, Piddig, Ilocos Norte",20000000,2 - HB 10858 VOL IB.pdf,668,"Construction of Sitio Utoy, Estancia FMR, Piddig, Ilocos Norte | 20,000,000","Construction of Sitio Utoy, Estancia FMR, Piddig, Ilocos Norte | 20,000,000",[],[],candidate; verify PAP/project level and amount against PDF
Department of Agriculture,Farm-to-Market Roads,"","","Construction of Sitio Guiringan FMR, Sta. Maria, Piddig, Ilocos Norte",20000000,2 - HB 10858 VOL IB.pdf,668,"Construction of Sitio Guiringan FMR, Sta. Maria, Piddig, Ilocos Norte | 20,000,000","Construction of Sitio Guiringan FMR, Sta. Maria, Piddig, Ilocos Norte | 20,000,000",[],[],candidate; verify PAP/project level and amount against PDF
Department of Agriculture,Farm-to-Market Roads,"","","Concreting of Brgy. Mampaitan FMR, Brgy. Mampaitan, Mogpog, Marinduque",20000000,2 - HB 10858 VOL IB.pdf,702,"Concreting of Brgy. Mampaitan FMR, Brgy. Mampaitan, Mogpog, Marinduque | 20,000,000","NAME OR PROJECTS | NAME OF PROJECTSPESOS PESOS | NUMBER “1”  | PESOS | Concreting of Brgy. Mampaitan FMR, Brgy. Mampaitan, Mogpog, Marinduque | 20,000,000",[],[],candidate; verify PAP/project level and amount against PDF
Department of Agriculture,Farm-to-Market Roads,"","","Construction of Brgy. Tanap-Brgy. Nagsurot FMR, Burgos, Ilocos Norte",20000000,2 - HB 10858 VOL IB.pdf,668,"Construction of Brgy. Tanap-Brgy. Nagsurot FMR, Burgos, Ilocos Norte | 20,000,000","20,000,000 | Construction of Brgy. Tanap-Brgy. Nagsurot FMR, Burgos, Ilocos Norte",[],[],candidate; verify PAP/project level and amount against PDF
Department of Agriculture,Farm-to-Market Roads,"","","Construction of Brgy. South Poblacion to Brgy. Liong FMR, Brgy. South Poblacion,",20000000,2 - HB 10858 VOL IB.pdf,718,"Construction of Brgy. South Poblacion to Brgy. Liong FMR, Brgy. South Poblacion, | 20,000,000","Construction of Brgy. South Poblacion to Brgy. Liong FMR, Brgy. South Poblacion, | Guinsiliban, Camiguin | 20,000,000",[],[],candidate; verify PAP/project level and amount against PDF
Department of Agriculture,Farm-to-Market Roads,"","","Concreting of Sitio Maycuaway, Maysalay to Sitio Hipnagi, Scout Fuentebella FMR, Brgy. Scount Fuentebella, Goa, Camarines Sur END 13.813465, 123.402274",20000000,2 - HB 10858 VOL IB.pdf,704,"Concreting of Sitio Maycuaway, Maysalay to Sitio Hipnagi, Scout Fuentebella FMR, Brgy. Scount Fuentebella, Goa, Camarines Sur END 13.813465, 123.402274 | 20,000,000","Concreting of Sitio Maycuaway, Maysalay to Sitio Hipnagi, Scout Fuentebella FMR, | 15,000,000 | Brgy. Scount Fuentebella, Goa, Camarines Sur | 20,000,000",[],[],candidate; verify PAP/project level and amount against PDF
Department of Agriculture,Farm-to-Market Roads,"","","Construction of Brgy. Buenlag FMR, Calasiao, Pangasinan",20000000,2 - HB 10858 VOL IB.pdf,668,"Construction of Brgy. Buenlag FMR, Calasiao, Pangasinan | 20,000,000","Construction of Brgy. Buenlag FMR, Calasiao, Pangasinan | 20,000,000",[],[],candidate; verify PAP/project level and amount against PDF
Department of Agriculture,Farm-to-Market Roads,"","","Construction of Brgy. Sta. Cruz FMR, Brgy. Sta. Cruz, Maigo, Lanao del Norte",20000000,2 - HB 10858 VOL IB.pdf,718,"Construction of Brgy. Sta. Cruz FMR, Brgy. Sta. Cruz, Maigo, Lanao del Norte | 20,000,000","Construction of Brgy. Sta. Cruz FMR, Brgy. Sta. Cruz, Maigo, Lanao del Norte | 20,000,000",[],[],candidate; verify PAP/project level and amount against PDF
Department of Agriculture,Farm-to-Market Roads,"","","Construction of Brgy. Tarrag Hardin FMR, Brgy. Tarrag, Pagudpud, Ilocos Norte",20000000,2 - HB 10858 VOL IB.pdf,670,"Construction of Brgy. Tarrag Hardin FMR, Brgy. Tarrag, Pagudpud, Ilocos Norte | 20,000,000","NAME OR PROJECTS | NAME OF PROJECTSPESOS PESOS | PESOS | Construction of Brgy. Tarrag Hardin FMR, Brgy. Tarrag, Pagudpud, Ilocos Norte | 20,000,000 | 10,000,000",[],[],candidate; verify PAP/project level and amount against PDF
Department of Agriculture,Farm-to-Market Roads,"","","Construction of Camangaan - Rioeng FMR, Laoag City, Ilocos Norte",20000000,2 - HB 10858 VOL IB.pdf,668,"Construction of Camangaan - Rioeng FMR, Laoag City, Ilocos Norte | 20,000,000","Construction of Camangaan - Rioeng FMR, Laoag City, Ilocos Norte | 5,000,000 | 20,000,000",[],[],candidate; verify PAP/project level and amount against PDF
Department of Agriculture,Farm-to-Market Roads,"","","Construction of Brgy. Cagtinae FMR Phase II, Brgy. Cagtinae, Malimono, Surigao del Norte",20000000,2 - HB 10858 VOL IB.pdf,726,"Construction of Brgy. Cagtinae FMR Phase II, Brgy. Cagtinae, Malimono, Surigao del Norte | 20,000,000","Construction of Brgy. Cagtinae FMR Phase II, Brgy. Cagtinae, Malimono, Surigao del Norte | 20,000,000",[],[],candidate; verify PAP/project level and amount against PDF
Department of Agriculture,Farm-to-Market Roads,"","","Construction of Brgy. Agos to Brgy. Cotnogan FMR, Brgy. Agos, Polangui, Albay",20000000,2 - HB 10858 VOL IB.pdf,704,"Construction of Brgy. Agos to Brgy. Cotnogan FMR, Brgy. Agos, Polangui, Albay | 20,000,000","Construction of Brgy. Agos to Brgy. Cotnogan FMR, Brgy. Agos, Polangui, Albay | 20,000,000",[],[],candidate; verify PAP/project level and amount against PDF
Department of Agriculture,Farm-to-Market Roads,"","","Concreting of Brgy. Inang FMR, Brgy. Inang, Pilar, Sorsogon",20000000,2 - HB 10858 VOL IB.pdf,704,"Concreting of Brgy. Inang FMR, Brgy. Inang, Pilar, Sorsogon | 20,000,000","Concreting of Brgy. Inang FMR, Brgy. Inang, Pilar, Sorsogon | 20,000,000",[],[],candidate; verify PAP/project level and amount against PDF
Department of Agriculture,Farm-to-Market Roads,"","","Concreting of Lungib FMR, Brgy. Lungib, Pilar",20000000,2 - HB 10858 VOL IB.pdf,704,"Concreting of Lungib FMR, Brgy. Lungib, Pilar | 20,000,000","Concreting of Lungib FMR, Brgy. Lungib, Pilar | 15,000,000 | 20,000,000",[],[],candidate; verify PAP/project level and amount against PDF
Department of Agriculture,Farm-to-Market Roads,"","","Construction of Purok 3 Brgy. Camboayon FMR, Brgy. Camboayon, Gigaquit, Surigao del Norte",20000000,2 - HB 10858 VOL IB.pdf,726,"Construction of Purok 3 Brgy. Camboayon FMR, Brgy. Camboayon, Gigaquit, Surigao del Norte | 20,000,000","Construction of Purok 3 Brgy. Camboayon FMR, Brgy. Camboayon, | Gigaquit, Surigao del Norte | 20,000,000",[],[],candidate; verify PAP/project level and amount against PDF
Department of Agriculture,Farm-to-Market Roads,"","","Construction of Brgy. San Andres - Brgy. Sulpa FMR, Siruma, Camarines Sur",20000000,2 - HB 10858 VOL IB.pdf,706,"Construction of Brgy. San Andres - Brgy. Sulpa FMR, Siruma, Camarines Sur | 20,000,000","Construction of Brgy. San Andres - Brgy. Sulpa FMR, Siruma, Camarines Sur | 20,000,000",[],[],candidate; verify PAP/project level and amount against PDF
Department of Agriculture,Farm-to-Market Roads,"","","Construction of Sitio Diarao Baba, Brgy. Dicamay 2 FMR, Brgy. Dicamay 2, Jones, Isabela",20000000,2 - HB 10858 VOL IB.pdf,678,"Construction of Sitio Diarao Baba, Brgy. Dicamay 2 FMR, Brgy. Dicamay 2, Jones, Isabela | 20,000,000","Construction of Sitio Diarao Baba, Brgy. Dicamay 2 FMR, Brgy. Dicamay 2, Jones, Isabela | 20,000,000",[],[],candidate; verify PAP/project level and amount against PDF
Department of Agriculture,Farm-to-Market Roads,"","","Construction of Sitio Proper, Brgy. Agtabo to Sitio Salngan Sur, Brgy. Salngan FMR, Brgy. Agtabo, Passi City, Iloilo",20000000,2 - HB 10858 VOL IB.pdf,708,"Construction of Sitio Proper, Brgy. Agtabo to Sitio Salngan Sur, Brgy. Salngan FMR, Brgy. Agtabo, Passi City, Iloilo | 20,000,000","Construction of Sitio Proper, Brgy. Agtabo to Sitio Salngan Sur, Brgy. Salngan FMR, | Brgy. Agtabo, Passi City, Iloilo | 20,000,000",[],[],candidate; verify PAP/project level and amount against PDF
Department of Agriculture,Farm-to-Market Roads,"","","Construction of Brgy. Gegacjac FMR, Brgy. Gegacjac, Passi City, Iloilo",20000000,2 - HB 10858 VOL IB.pdf,708,"Construction of Brgy. Gegacjac FMR, Brgy. Gegacjac, Passi City, Iloilo | 20,000,000","Construction of Brgy. Gegacjac FMR, Brgy. Gegacjac, Passi City, Iloilo | 20,000,000",[],[],candidate; verify PAP/project level and amount against PDF
Department of Agriculture,Farm-to-Market Roads,"","","Construction of Sitio Ocad, Brgy. Salngan FMR, Brgy. Salngan, Passi City, Iloilo",20000000,2 - HB 10858 VOL IB.pdf,708,"Construction of Sitio Ocad, Brgy. Salngan FMR, Brgy. Salngan, Passi City, Iloilo | 20,000,000","Construction of Sitio Ocad, Brgy. Salngan FMR, Brgy. Salngan, Passi City, Iloilo | 20,000,000",[],[],candidate; verify PAP/project level and amount against PDF
Department of Agriculture,Farm-to-Market Roads,"","","Construction of Purok 3 to Purok 2 Brgy. Pungtod FMR, Brgy. Pungtod, Bacuag, Surigao del Norte",20000000,2 - HB 10858 VOL IB.pdf,724,"Construction of Purok 3 to Purok 2 Brgy. Pungtod FMR, Brgy. Pungtod, Bacuag, Surigao del Norte | 20,000,000","Construction of Purok 3 to Purok 2 Brgy. Pungtod FMR, Brgy. Pungtod, | 25,000,000 | Bacuag, Surigao del Norte | 20,000,000",[],[],candidate; verify PAP/project level and amount against PDF
Department of Agriculture,Farm-to-Market Roads,"","","Construction of Brgy. Beti to Brgy. Yaway FMR, Brgy. Beti and Brgy. Yaway, Aritao,",20000000,2 - HB 10858 VOL IB.pdf,676,"Construction of Brgy. Beti to Brgy. Yaway FMR, Brgy. Beti and Brgy. Yaway, Aritao, | 20,000,000","Construction of Brgy. Beti to Brgy. Yaway FMR, Brgy. Beti and Brgy. Yaway, Aritao, | Nueva Vizcaya | 20,000,000",[],[],candidate; verify PAP/project level and amount against PDF
Department of Agriculture,Farm-to-Market Roads,"","","Construction of Purok Magtatanim Brgy. Matin-ao FMR, Brgy. Matin-ao, Mainit, Surigao del Norte",20000000,2 - HB 10858 VOL IB.pdf,724,"Construction of Purok Magtatanim Brgy. Matin-ao FMR, Brgy. Matin-ao, Mainit, Surigao del Norte | 20,000,000","15,000,000 | Construction of Purok Magtatanim Brgy. Matin-ao FMR, Brgy. Matin-ao, | Mainit, Surigao del Norte | 20,000,000",[],[],candidate; verify PAP/project level and amount against PDF
Department of Agriculture,Farm-to-Market Roads,"","","Construction of Brgy. Binga to Sitio Maniuyom FMR, Brgy. Binga, Mainit, Surigao del Norte",20000000,2 - HB 10858 VOL IB.pdf,724,"Construction of Brgy. Binga to Sitio Maniuyom FMR, Brgy. Binga, Mainit, Surigao del Norte | 20,000,000","15,000,000 | Construction of Brgy. Binga to Sitio Maniuyom FMR, Brgy. Binga, Mainit, Surigao del Norte | 20,000,000",[],[],candidate; verify PAP/project level and amount against PDF
Department of Agriculture,Farm-to-Market Roads,"","","Construction of Brgy. San Isidro going to Sanitary Landfill FMR, Brgy. San Isidro, Mainit, Surigao del Norte",20000000,2 - HB 10858 VOL IB.pdf,724,"Construction of Brgy. San Isidro going to Sanitary Landfill FMR, Brgy. San Isidro, Mainit, Surigao del Norte | 20,000,000","15,000,000 | Construction of Brgy. San Isidro going to Sanitary Landfill FMR, Brgy. San Isidro, | Mainit, Surigao del Norte | 20,000,000",[],[],candidate; verify PAP/project level and amount against PDF
Department of Agriculture,Farm-to-Market Roads,"","","Construction of Brgy. Lahi FMR, Brgy. Lahi, Gigaquit, Surigao del Norte",20000000,2 - HB 10858 VOL IB.pdf,726,"Construction of Brgy. Lahi FMR, Brgy. Lahi, Gigaquit, Surigao del Norte | 20,000,000","Construction of Brgy. Lahi FMR, Brgy. Lahi, Gigaquit, Surigao del Norte | 20,000,000",[],[],candidate; verify PAP/project level and amount against PDF
Department of Agriculture,Farm-to-Market Roads,"","","Construction of Purok 2 Brgy. San Pedro FMR, Brgy. San Pedro, Alegria, Surigao del Norte",20000000,2 - HB 10858 VOL IB.pdf,724,"Construction of Purok 2 Brgy. San Pedro FMR, Brgy. San Pedro, Alegria, Surigao del Norte | 20,000,000","Construction of Purok 2 Brgy. San Pedro FMR, Brgy. San Pedro, Alegria, Surigao del Norte | 20,000,000",[],[],candidate; verify PAP/project level and amount against PDF
Department of Agriculture,Farm-to-Market Roads,"","","Construction of Sungkoy-Sumanga FMR, Brgy. Himama-ug, Taganaan, Surigao del Norte",20000000,2 - HB 10858 VOL IB.pdf,724,"Construction of Sungkoy-Sumanga FMR, Brgy. Himama-ug, Taganaan, Surigao del Norte | 20,000,000","Construction of Sungkoy-Sumanga FMR, Brgy. Himama-ug, Taganaan, Surigao del Norte | 15,000,000 | 20,000,000",[],[],candidate; verify PAP/project level and amount against PDF
Department of Agriculture,Farm-to-Market Roads,"","","Construction of Purok 5 to Purok 6 Brgy. Wangke FMR, Brgy. Wangke, Claver, Surigao del Norte",20000000,2 - HB 10858 VOL IB.pdf,724,"Construction of Purok 5 to Purok 6 Brgy. Wangke FMR, Brgy. Wangke, Claver, Surigao del Norte | 20,000,000","Construction of Purok 5 to Purok 6 Brgy. Wangke FMR, Brgy. Wangke, | Claver, Surigao del Norte | 20,000,000",[],[],candidate; verify PAP/project level and amount against PDF
Department of Agriculture,Farm-to-Market Roads,"","","Construction of Brgy. Magacan to Brgy. Callungan FMR, Brgy. Magacan and Brgy. Callungan, Sanchez Mira, Cagayan",20000000,2 - HB 10858 VOL IB.pdf,676,"Construction of Brgy. Magacan to Brgy. Callungan FMR, Brgy. Magacan and Brgy. Callungan, Sanchez Mira, Cagayan | 20,000,000","Construction of Brgy. Magacan to Brgy. Callungan FMR, Brgy. Magacan and Brgy. Callungan, | Sanchez Mira, Cagayan | 20,000,000",[],[],candidate; verify PAP/project level and amount against PDF
Department of Agriculture,Farm-to-Market Roads,"","","Construction of Siwata - Hinatigan to Eco Park, Brgy. Poblacion FMR, Brgy. Poblacion, Bacuag, Surigao del Norte",20000000,2 - HB 10858 VOL IB.pdf,724,"Construction of Siwata - Hinatigan to Eco Park, Brgy. Poblacion FMR, Brgy. Poblacion, Bacuag, Surigao del Norte | 20,000,000","Construction of Siwata - Hinatigan to Eco Park, Brgy. Poblacion FMR, Brgy. Poblacion, | 25,000,000 | Bacuag, Surigao del Norte | 20,000,000",[],[],candidate; verify PAP/project level and amount against PDF
Department of Agriculture,Farm-to-Market Roads,"","","Construction of Purok 6 to Purok 4 Brgy. Pautao FMR, Brgy. Pautao, Bacuag, Surigao del Norte",20000000,2 - HB 10858 VOL IB.pdf,724,"Construction of Purok 6 to Purok 4 Brgy. Pautao FMR, Brgy. Pautao, Bacuag, Surigao del Norte | 20,000,000","Construction of Purok 6 to Purok 4 Brgy. Pautao FMR, Brgy. Pautao, | 15,000,000 | Bacuag, Surigao del Norte | 20,000,000",[],[],candidate; verify PAP/project level and amount against PDF
Department of Agriculture,Farm-to-Market Roads,"","","Construction of Brgy. Tarrag FMR, Brgy. Tarrag, Pagudpud, Ilocos Norte",20000000,2 - HB 10858 VOL IB.pdf,670,"Construction of Brgy. Tarrag FMR, Brgy. Tarrag, Pagudpud, Ilocos Norte | 20,000,000","Construction of Brgy. Tarrag FMR, Brgy. Tarrag, Pagudpud, Ilocos Norte | 20,000,000",[],[],candidate; verify PAP/project level and amount against PDF
Department of Health,Health Facilities Enhancement Program,"","",Ospital ng Malabon,19365000,2 - HB 10858 VOL IB.pdf,882,"Ospital ng Malabon | Total: 19,365,000","Novaliches District Hospital | 13,000,000 | Ospital ng Malabon | 19,365,000 | Ospital ng Muntinlupa | 15,000,000",[],"['verify facility row, hierarchy, and printed Total column against the HFEP schedule']",candidate; verify against PDF
Department of Agriculture,Farm-to-Market Roads,"","","Construction of Brgy. Bago FMR, Brgy. Bago, Vintar, Ilocos Norte",18000000,2 - HB 10858 VOL IB.pdf,672,"Construction of Brgy. Bago FMR, Brgy. Bago, Vintar, Ilocos Norte | 18,000,000","NAME OR PROJECTS | NAME OF PROJECTSPESOS PESOS | NUMBER “1”  | PESOS | Construction of Brgy. Bago FMR, Brgy. Bago, Vintar, Ilocos Norte | 18,000,000",[],[],candidate; verify PAP/project level and amount against PDF
Department of Agriculture,Farm-to-Market Roads,"","","Construction of Brgy. Manaoag FMR 2, Brgy. Manaoag, Cauayan City, Isabela",18000000,2 - HB 10858 VOL IB.pdf,678,"Construction of Brgy. Manaoag FMR 2, Brgy. Manaoag, Cauayan City, Isabela | 18,000,000","NAME OR PROJECTS | NAME OF PROJECTSPESOS PESOS | NUMBER “1”  | PESOS | Construction of Brgy. Manaoag FMR 2, Brgy. Manaoag, Cauayan City, Isabela | (2) 16.819428, 121.839956 | 18,000,000",[],[],candidate; verify PAP/project level and amount against PDF
Department of Agriculture,Farm-to-Market Roads,"","","Concreting of Brgy. San Isidro - Brgy. Salvacion FMR, Brgy. Salvacion,",18000000,2 - HB 10858 VOL IB.pdf,706,"Concreting of Brgy. San Isidro - Brgy. Salvacion FMR, Brgy. Salvacion, | 18,000,000","NAME OR PROJECTS | NAME OF PROJECTSPESOS PESOS | NUMBER “1”  | PESOS | Concreting of Brgy. San Isidro - Brgy. Salvacion FMR, Brgy. Salvacion, | Sta. Magdalena, Sorsogon | 18,000,000",[],[],candidate; verify PAP/project level and amount against PDF
Department of Agriculture,Farm-to-Market Roads,"","","Concreting of Brgy. Alupidian - Brgy. Jamog FMR, Brgy. Alupidian and Brgy. Jamog, Tigbauan, Iloilo",18000000,2 - HB 10858 VOL IB.pdf,708,"Concreting of Brgy. Alupidian - Brgy. Jamog FMR, Brgy. Alupidian and Brgy. Jamog, Tigbauan, Iloilo | 18,000,000","35,000,000 | Concreting of Brgy. Alupidian - Brgy. Jamog FMR, Brgy. Alupidian and Brgy. Jamog, | Tigbauan, Iloilo | 18,000,000",[],[],candidate; verify PAP/project level and amount against PDF
Department of Agriculture,Farm-to-Market Roads,"","","Construction of Brgy. San Antonio FMR, Brgy. San Antonio, Cauayan City, Isabela",18000000,2 - HB 10858 VOL IB.pdf,676,"Construction of Brgy. San Antonio FMR, Brgy. San Antonio, Cauayan City, Isabela | 18,000,000","25,000,000 | Construction of Brgy. San Antonio FMR, Brgy. San Antonio, Cauayan City, Isabela | 18,000,000",[],[],candidate; verify PAP/project level and amount against PDF
Department of Agriculture,Farm-to-Market Roads,"","","Construction of Provincial Road Rizal-Basilio St., San Andres FMR, Brgy. San Andres, Santiago City, Isabela",17550000,2 - HB 10858 VOL IB.pdf,676,"Construction of Provincial Road Rizal-Basilio St., San Andres FMR, Brgy. San Andres, Santiago City, Isabela | 17,550,000","Construction of Provincial Road Rizal-Basilio St., San Andres FMR, Brgy. San Andres, | Santiago City, Isabela | 17,550,000",[],[],candidate; verify PAP/project level and amount against PDF
Department of Health,Health Facilities Enhancement Program,"","",Cotabato Provincial Hospital,17500000,2 - HB 10858 VOL IB.pdf,886,"Cotabato Provincial Hospital | Total: 17,500,000","Cotabato | 102,500,000 | 10,347,000 | Cotabato Provincial Hospital | 17,500,000 | Kidapawan City General Hospital | 35,000,000",[],"['verify facility row, hierarchy, and printed Total column against the HFEP schedule']",candidate; verify against PDF
Department of Health,Health Facilities Enhancement Program,"","",Talisay City Rural Health Unit,17500000,2 - HB 10858 VOL IB.pdf,880,"Talisay City Rural Health Unit | Total: 17,500,000","Sipalay Rural Health Unit | 2,900,000 | Talisay City Rural Health Unit | 17,500,000 | Victorias City Rural Health Unit | 35,000,000 | 11,500,000 | 46,500,000",[],"['verify facility row, hierarchy, and printed Total column against the HFEP schedule']",candidate; verify against PDF
Department of Agriculture,Farm-to-Market Roads,"","","Construction of Brgy. Don Luis to Brgy. Salaban FMR, Brgy. Don Luis, San Jose, Batangas",17000000,2 - HB 10858 VOL IB.pdf,694,"Construction of Brgy. Don Luis to Brgy. Salaban FMR, Brgy. Don Luis, San Jose, Batangas | 17,000,000","Construction of Brgy. Don Luis to Brgy. Salaban FMR, Brgy. Don Luis, San Jose, Batangas | 17,000,000",[],[],candidate; verify PAP/project level and amount against PDF
Department of Agriculture,Farm-to-Market Roads,"","","Construction of Brgy. San Isidro FMR, Brgy. San Isidro, Tagkawayan, Quezon",16875000,2 - HB 10858 VOL IB.pdf,694,"Construction of Brgy. San Isidro FMR, Brgy. San Isidro, Tagkawayan, Quezon | 16,875,000","13.970456, 122.379945 | Construction of Brgy. San Isidro FMR, Brgy. San Isidro, Tagkawayan, Quezon | 16,875,000 | 19,500,000",[],[],candidate; verify PAP/project level and amount against PDF
Department of Health,Health Facilities Enhancement Program,"","",Allen District Hospital,16835000,2 - HB 10858 VOL IB.pdf,886,"Allen District Hospital | Total: 16,835,000","Northern Samar | 50,000,000 | 74,900,000 | 124,900,000 | Allen District Hospital | 16,835,000 | Dr. Gregorio B. Tan Memorial Hospital | 8,065,000",[],"['verify facility row, hierarchy, and printed Total column against the HFEP schedule']",candidate; verify against PDF
Department of Agriculture,Farm-to-Market Roads,"","","Concreting of Brgy. Pañatan - Brgy. Dacdacanan FMR, Brgy. Pañatan and Brgy. Dacdacanan, San Joaquin, Iloilo",16500000,2 - HB 10858 VOL IB.pdf,708,"Concreting of Brgy. Pañatan - Brgy. Dacdacanan FMR, Brgy. Pañatan and Brgy. Dacdacanan, San Joaquin, Iloilo | 16,500,000","Concreting of Brgy. Pañatan - Brgy. Dacdacanan FMR, Brgy. Pañatan and | 20,000,000 | Brgy. Dacdacanan, San Joaquin, Iloilo | 16,500,000",[],[],candidate; verify PAP/project level and amount against PDF
Department of Agriculture,Farm-to-Market Roads,"","","Concreting of Canabuan - Brgy. Barusong FMR, Brgy. Canabuan and Brgy. Barosong, Tigbauan, Iloilo",16500000,2 - HB 10858 VOL IB.pdf,708,"Concreting of Canabuan - Brgy. Barusong FMR, Brgy. Canabuan and Brgy. Barosong, Tigbauan, Iloilo | 16,500,000","30,000,000 | Concreting of Canabuan - Brgy. Barusong FMR, Brgy. Canabuan and Brgy. Barosong, | Tigbauan, Iloilo | 16,500,000",[],[],candidate; verify PAP/project level and amount against PDF
Department of Agriculture,Farm-to-Market Roads,"","","Construction of Brgy. Pagdugue - Brgy. Cansilayan FMR, Dumangas, Iloilo",16500000,2 - HB 10858 VOL IB.pdf,708,"Construction of Brgy. Pagdugue - Brgy. Cansilayan FMR, Dumangas, Iloilo | 16,500,000","Construction of Brgy. Pagdugue - Brgy. Cansilayan FMR, Dumangas, Iloilo | 16,500,000",[],[],candidate; verify PAP/project level and amount against PDF
Department of Health,Health Facilities Enhancement Program,"","",Oriental Mindoro Provincial Hospital,16000000,2 - HB 10858 VOL IB.pdf,884,"Oriental Mindoro Provincial Hospital | Total: 16,000,000","Oriental Mindoro Central District Hospital | 10,000,000 | Oriental Mindoro Provincial Hospital | 16,000,000 | Oriental Mindoro Southern District Hospital | 13,000,000",[],"['verify facility row, hierarchy, and printed Total column against the HFEP schedule']",candidate; verify against PDF
Department of Agriculture,Farm-to-Market Roads,"","","Construction of Brgy. Tarrag San Miguel FMR, Brgy. Tarrag, Pagudpud, Ilocos Norte",16000000,2 - HB 10858 VOL IB.pdf,670,"Construction of Brgy. Tarrag San Miguel FMR, Brgy. Tarrag, Pagudpud, Ilocos Norte | 16,000,000","10,000,000 | Construction of Brgy. Tarrag San Miguel FMR, Brgy. Tarrag, Pagudpud, Ilocos Norte | 16,000,000",[],[],candidate; verify PAP/project level and amount against PDF
Department of Health,Health Facilities Enhancement Program,"","",San Joaquin Mother & Child Hospital,15240000,2 - HB 10858 VOL IB.pdf,884,"San Joaquin Mother & Child Hospital | Total: 15,240,000","25,000,000 | Rep. Pedro G. Trono Memorial Hospital | 155,000,000 | San Joaquin Mother & Child Hospital | 15,240,000 | 30,000,000 | Sara District Hospital | 20,000,000",[],"['verify facility row, hierarchy, and printed Total column against the HFEP schedule']",candidate; verify against PDF
Department of Health,Health Facilities Enhancement Program,"","",Francisco Dagohoy Memorial Hospital,15003000,2 - HB 10858 VOL IB.pdf,886,"Francisco Dagohoy Memorial Hospital | Total: 15,003,000","Bohol | 15,003,000 | Francisco Dagohoy Memorial Hospital",[],"['verify facility row, hierarchy, and printed Total column against the HFEP schedule']",candidate; verify against PDF
Department of Health,Health Facilities Enhancement Program,"","",Davao Oriental Provincial Medical Center - Cateel,15000000,2 - HB 10858 VOL IB.pdf,886,"Davao Oriental Provincial Medical Center - Cateel | Total: 15,000,000","8,065,000 | Davao Oriental | 30,000,000 | 50,000,000 | Davao Oriental Provincial Medical Center - Cateel | 15,000,000 | Davao Oriental Provincial Medical Center - Manay",[],"['verify facility row, hierarchy, and printed Total column against the HFEP schedule']",candidate; verify against PDF
Department of Health,Health Facilities Enhancement Program,"","",Ospital ng Sampaloc,15000000,2 - HB 10858 VOL IB.pdf,882,"Ospital ng Sampaloc | Total: 15,000,000","Ospital Ng Paranaque II | 30,000,000 | Ospital ng Sampaloc | 15,000,000",[],"['verify facility row, hierarchy, and printed Total column against the HFEP schedule']",candidate; verify against PDF
Department of Health,Health Facilities Enhancement Program,"","",Monkayo Community Infirmary,15000000,2 - HB 10858 VOL IB.pdf,886,"Monkayo Community Infirmary | Total: 15,000,000","50,000,000 | Davao de Oro Provincial Hospital - Pantukan | 15,000,000 | 6,000,000 | Monkayo Community Infirmary | 3,200,000",[],"['verify facility row, hierarchy, and printed Total column against the HFEP schedule']",candidate; verify against PDF
Department of Health,Health Facilities Enhancement Program,"","",Ospital ng Muntinlupa,15000000,2 - HB 10858 VOL IB.pdf,882,"Ospital ng Muntinlupa | Total: 15,000,000","Ospital ng Malabon | 19,365,000 | Ospital ng Muntinlupa | 15,000,000 | Ospital Ng Paranaque I | 25,000,000",[],"['verify facility row, hierarchy, and printed Total column against the HFEP schedule']",candidate; verify against PDF
Department of Health,Health Facilities Enhancement Program,"","",Davao Oriental Provincial Medical Center - Manay,15000000,2 - HB 10858 VOL IB.pdf,886,"Davao Oriental Provincial Medical Center - Manay | Total: 15,000,000","50,000,000 | Davao Oriental Provincial Medical Center - Cateel | 15,000,000 | Davao Oriental Provincial Medical Center - Manay",[],"['verify facility row, hierarchy, and printed Total column against the HFEP schedule']",candidate; verify against PDF
Department of Health,Health Facilities Enhancement Program,"","",DOH Mega Drug Abuse Treatment and Rehabilitation Center,15000000,2 - HB 10858 VOL IB.pdf,890,"DOH Mega Drug Abuse Treatment and Rehabilitation Center | Total: 15,000,000","Nueva Ecija | 15,000,000 | DOH Mega Drug Abuse Treatment and Rehabilitation Center",[],"['verify facility row, hierarchy, and printed Total column against the HFEP schedule']",candidate; verify against PDF
Department of Health,Health Facilities Enhancement Program,"","",Bulacan Medical Center,15000000,2 - HB 10858 VOL IB.pdf,882,"Bulacan Medical Center | Total: 15,000,000","25,000,000 | Bulacan | 15,000,000 | 145,000,000 | 160,000,000 | 30,000,000 | Bulacan Medical Center | Bustos Community Hospital",[],"['verify facility row, hierarchy, and printed Total column against the HFEP schedule']",candidate; verify against PDF
Department of Health,Health Facilities Enhancement Program,"","",General Emilio Aguinaldo Memorial Hospital,15000000,2 - HB 10858 VOL IB.pdf,884,"General Emilio Aguinaldo Memorial Hospital | Total: 15,000,000","Cavite | 35,000,000 | General Emilio Aguinaldo Memorial Hospital | 15,000,000 | Ospital ng Tagaytay | 20,000,000",[],"['verify facility row, hierarchy, and printed Total column against the HFEP schedule']",candidate; verify against PDF
Department of Health,Health Facilities Enhancement Program,"","",Bustos Community Hospital,15000000,2 - HB 10858 VOL IB.pdf,882,"Bustos Community Hospital | Total: 15,000,000","30,000,000 | Bulacan Medical Center | 15,000,000 | Bustos Community Hospital",[],"['verify facility row, hierarchy, and printed Total column against the HFEP schedule']",candidate; verify against PDF
Department of Health,Health Facilities Enhancement Program,"","","DOH DATRC - San Fernando, Camarines Sur",15000000,2 - HB 10858 VOL IB.pdf,890,"DOH DATRC - San Fernando, Camarines Sur | Total: 15,000,000","15,000,000 | Camarines Sur | 87,000,000 | DOH DATRC - San Fernando, Camarines Sur",[],"['verify facility row, hierarchy, and printed Total column against the HFEP schedule']",candidate; verify against PDF
Department of Health,Health Facilities Enhancement Program,"","","DOH DATRC - Pototan, Iloilo",15000000,2 - HB 10858 VOL IB.pdf,890,"DOH DATRC - Pototan, Iloilo | Total: 15,000,000","15,000,000 | Iloilo | 37,000,000 | DOH DATRC - Pototan, Iloilo",[],"['verify facility row, hierarchy, and printed Total column against the HFEP schedule']",candidate; verify against PDF
Department of Health,Health Facilities Enhancement Program,"","",Davao de Oro Provincial Hospital - Pantukan,15000000,2 - HB 10858 VOL IB.pdf,886,"Davao de Oro Provincial Hospital - Pantukan | Total: 15,000,000","2,800,000 | Davao de Oro Provincial Hospital - Maragusan | 50,000,000 | Davao de Oro Provincial Hospital - Pantukan | 15,000,000 | 6,000,000 | Monkayo Community Infirmary",[],"['verify facility row, hierarchy, and printed Total column against the HFEP schedule']",candidate; verify against PDF
Department of Health,Health Facilities Enhancement Program,"","","DOH DATRC - Dulag, Leyte",15000000,2 - HB 10858 VOL IB.pdf,890,"DOH DATRC - Dulag, Leyte | Total: 15,000,000","Leyte | 15,000,000 | 20,000,000 | 35,000,000 | DOH DATRC - Dulag, Leyte",[],"['verify facility row, hierarchy, and printed Total column against the HFEP schedule']",candidate; verify against PDF
Department of Health,Health Facilities Enhancement Program,"","",Gregorio Matas District Hospital,15000000,2 - HB 10858 VOL IB.pdf,886,"Gregorio Matas District Hospital | Total: 15,000,000","4,000,000 | Davao del Sur Provincial Hospital | 10,000,000 | 1,300,000 | Gregorio Matas District Hospital | 15,000,000 | 1,700,000",[],"['verify facility row, hierarchy, and printed Total column against the HFEP schedule']",candidate; verify against PDF
Department of Health,Health Facilities Enhancement Program,"","",DOH DATRC - Cagayan de Oro,15000000,2 - HB 10858 VOL IB.pdf,890,"DOH DATRC - Cagayan de Oro | Total: 15,000,000","15,000,000 | Misamis Oriental | 1,000,000 | DOH DATRC - Cagayan de Oro",[],"['verify facility row, hierarchy, and printed Total column against the HFEP schedule']",candidate; verify against PDF
Department of Health,Health Facilities Enhancement Program,"","","DOH DATRC - Malagos, Davao",15000000,2 - HB 10858 VOL IB.pdf,890,"DOH DATRC - Malagos, Davao | Total: 15,000,000","15,000,000 | Davao del Sur | DOH DATRC - Malagos, Davao | 259,000,000 | 37,000,000 | 296,000,000",[],"['verify facility row, hierarchy, and printed Total column against the HFEP schedule']",candidate; verify against PDF
Department of Health,Health Facilities Enhancement Program,"","",Las Piñas General Hospital and Satellite Trauma Center,15000000,2 - HB 10858 VOL IB.pdf,888,"Las Piñas General Hospital and Satellite Trauma Center | Total: 15,000,000","Dr. Jose N. Rodriguez Memorial Hospital and Sanitarium | 610,000,000 | Las Piñas General Hospital and Satellite Trauma Center | 15,000,000 | National Center for Mental Health",[],"['verify facility row, hierarchy, and printed Total column against the HFEP schedule']",candidate; verify against PDF
Department of Health,Health Facilities Enhancement Program,"","",National Center for Mental Health,15000000,2 - HB 10858 VOL IB.pdf,888,"National Center for Mental Health | Total: 15,000,000","Las Piñas General Hospital and Satellite Trauma Center | 15,000,000 | National Center for Mental Health | Valenzuela Medical Center | 100,000,000",[],"['verify facility row, hierarchy, and printed Total column against the HFEP schedule']",candidate; verify against PDF
Department of Health,Health Facilities Enhancement Program,"","",Passi City Hospital,15000000,2 - HB 10858 VOL IB.pdf,884,"Passi City Hospital | Total: 15,000,000","Iloilo Provincial Hospital | 50,000,000 | 30,000,000 | 80,000,000 | Passi City Hospital | 15,000,000 | 25,000,000 | Rep. Pedro G. Trono Memorial Hospital | 155,000,000",[],"['verify facility row, hierarchy, and printed Total column against the HFEP schedule']",candidate; verify against PDF
Department of Health,Health Facilities Enhancement Program,"","",DOH DATRC - Caraga,15000000,2 - HB 10858 VOL IB.pdf,890,"DOH DATRC - Caraga | Total: 15,000,000","4,000,000 | Surigao del Norte | 15,000,000 | DOH DATRC - Caraga",[],"['verify facility row, hierarchy, and printed Total column against the HFEP schedule']",candidate; verify against PDF
Department of Health,Health Facilities Enhancement Program,"","",Central Visayas Sub National Blood Center,15000000,2 - HB 10858 VOL IB.pdf,892,"Central Visayas Sub National Blood Center | Total: 15,000,000","City of Cebu | 15,000,000 | Central Visayas Sub National Blood Center",[],"['verify facility row, hierarchy, and printed Total column against the HFEP schedule']",candidate; verify against PDF
Department of Health,Health Facilities Enhancement Program,"","",Regional Blood Center,15000000,2 - HB 10858 VOL IB.pdf,892,"Regional Blood Center | Total: 15,000,000","Maguindanao del Norte | 15,000,000 | Regional Blood Center",[],"['verify facility row, hierarchy, and printed Total column against the HFEP schedule']",candidate; verify against PDF
Department of Health,Health Facilities Enhancement Program,"","",SOCCSKSARGEN Regional Blood Center,15000000,2 - HB 10858 VOL IB.pdf,892,"SOCCSKSARGEN Regional Blood Center | Total: 15,000,000","South Cotabato | 15,000,000 | SOCCSKSARGEN Regional Blood Center",[],"['verify facility row, hierarchy, and printed Total column against the HFEP schedule']",candidate; verify against PDF
Department of Agriculture,Farm-to-Market Roads,"","","Construction of Sitio Rango, Brgy. Tubburan FMR, Brgy. Tubburan, Bacarra, Ilocos Norte",15000000,2 - HB 10858 VOL IB.pdf,666,"Construction of Sitio Rango, Brgy. Tubburan FMR, Brgy. Tubburan, Bacarra, Ilocos Norte | 15,000,000","REGION I - ILOCOS | 1,590,000,000 | Construction of Sitio Rango, Brgy. Tubburan FMR, Brgy. Tubburan, Bacarra, Ilocos Norte | 15,000,000",[],[],candidate; verify PAP/project level and amount against PDF
Department of Agriculture,Farm-to-Market Roads,"","","Construction of Purok 1 Brgy. San Pedro FMR, Brgy. San Pedro, Alegria, Surigao del Norte",15000000,2 - HB 10858 VOL IB.pdf,724,"Construction of Purok 1 Brgy. San Pedro FMR, Brgy. San Pedro, Alegria, Surigao del Norte | 15,000,000","Construction of Purok 1 Brgy. San Pedro FMR, Brgy. San Pedro, Alegria, Surigao del Norte | 15,000,000",[],[],candidate; verify PAP/project level and amount against PDF
Department of Agriculture,Farm-to-Market Roads,"","","Concreting of Purok 6- Purok 7 FMR, Brgy. Bonbon, Butuan City",15000000,2 - HB 10858 VOL IB.pdf,726,"Concreting of Purok 6- Purok 7 FMR, Brgy. Bonbon, Butuan City | 15,000,000","Concreting of Purok 6- Purok 7 FMR, Brgy. Bonbon, Butuan City | 15,000,000",[],[],candidate; verify PAP/project level and amount against PDF
Department of Agriculture,Farm-to-Market Roads,"","","Construction of Brgy. Tabango Dao FMR, Brgy. Tabango Dao, Batangas City",15000000,2 - HB 10858 VOL IB.pdf,690,"Construction of Brgy. Tabango Dao FMR, Brgy. Tabango Dao, Batangas City | 15,000,000","NAME OR PROJECTS | NAME OF PROJECTSPESOS PESOS | PESOS | Construction of Brgy. Tabango Dao FMR, Brgy. Tabango Dao, Batangas City | 15, | 000,000 | 15,000,000",[],[],candidate; verify PAP/project level and amount against PDF
Department of Agriculture,Farm-to-Market Roads,"","","Construction of Kalingohan to Purok-3 Sitio Cambinliw Brgy. Santiago FMR Phase II, Brgy. Santiago, Loreto, Dinagat Islands",15000000,2 - HB 10858 VOL IB.pdf,724,"Construction of Kalingohan to Purok-3 Sitio Cambinliw Brgy. Santiago FMR Phase II, Brgy. Santiago, Loreto, Dinagat Islands | 15,000,000","Construction of Kalingohan to Purok-3 Sitio Cambinliw Brgy. Santiago FMR Phase II, | Brgy. Santiago, Loreto, Dinagat Islands | 15,000,000",[],[],candidate; verify PAP/project level and amount against PDF
Department of Agriculture,Farm-to-Market Roads,"","","Construction of Brgy. Tobor FMR, Brgy. Tobor, Malasiqui, Pangasinan",15000000,2 - HB 10858 VOL IB.pdf,666,"Construction of Brgy. Tobor FMR, Brgy. Tobor, Malasiqui, Pangasinan | 15,000,000","Construction of Brgy. Tobor FMR, Brgy. Tobor, Malasiqui, Pangasinan | 15,000,000",[],[],candidate; verify PAP/project level and amount against PDF
Department of Agriculture,Farm-to-Market Roads,"","","Construction of Brgy. Dapdap FMR, Brgy. Dapdap, Tayabas City, Quezon",15000000,2 - HB 10858 VOL IB.pdf,690,"Construction of Brgy. Dapdap FMR, Brgy. Dapdap, Tayabas City, Quezon | 15,000,000","15, | 000,000 | Construction of Brgy. Dapdap FMR, Brgy. Dapdap, Tayabas City, Quezon | 15,000,000",[],[],candidate; verify PAP/project level and amount against PDF
Department of Agriculture,Farm-to-Market Roads,"","","Construction of Brgy. Ilayang Ilasan FMR, Brgy. Ilayang Ilasan, Tayabas City, Quezon",15000000,2 - HB 10858 VOL IB.pdf,690,"Construction of Brgy. Ilayang Ilasan FMR, Brgy. Ilayang Ilasan, Tayabas City, Quezon | 15,000,000","Construction of Brgy. Ilayang Ilasan FMR, Brgy. Ilayang Ilasan, Tayabas City, Quezon | 30, | 000,000 | 15,000,000",[],[],candidate; verify PAP/project level and amount against PDF
Department of Agriculture,Farm-to-Market Roads,"","","Construction of Sitio Cabonga-an Brgy. Himama-ug FMR, Brgy. Himama-ug, Taganaan, Surigao del Norte",15000000,2 - HB 10858 VOL IB.pdf,724,"Construction of Sitio Cabonga-an Brgy. Himama-ug FMR, Brgy. Himama-ug, Taganaan, Surigao del Norte | 15,000,000","15,000,000 | Construction of Sitio Cabonga-an Brgy. Himama-ug FMR, Brgy. Himama-ug, | Taganaan, Surigao del Norte",[],[],candidate; verify PAP/project level and amount against PDF
Department of Agriculture,Farm-to-Market Roads,"","","Construction of Brgy. Masin FMR, Brgy. Masin, Tayabas City, Quezon",15000000,2 - HB 10858 VOL IB.pdf,690,"Construction of Brgy. Masin FMR, Brgy. Masin, Tayabas City, Quezon | 15,000,000","Construction of Brgy. Masin FMR, Brgy. Masin, Tayabas City, Quezon | 12, | 500,000 | 15,000,000",[],[],candidate; verify PAP/project level and amount against PDF
Department of Agriculture,Farm-to-Market Roads,"","","Concreting of Brgy. Paradise FMR, Brgy. Paradise, Cabanglasan, Bukidnon",15000000,2 - HB 10858 VOL IB.pdf,718,"Concreting of Brgy. Paradise FMR, Brgy. Paradise, Cabanglasan, Bukidnon | 15,000,000","30,000,000 | Concreting of Brgy. Paradise FMR, Brgy. Paradise, Cabanglasan, Bukidnon | 15,000,000",[],[],candidate; verify PAP/project level and amount against PDF
Department of Agriculture,Farm-to-Market Roads,"","","Construction of Brgy. Silangan Katigan FMR, Brgy. Silangan Katigan, Tayabas City, Quezon",15000000,2 - HB 10858 VOL IB.pdf,690,"Construction of Brgy. Silangan Katigan FMR, Brgy. Silangan Katigan, Tayabas City, Quezon | 15,000,000","Construction of Brgy. Silangan Katigan FMR, Brgy. Silangan Katigan, | 12, | 500,000 | Tayabas City, Quezon | 15,000,000",[],[],candidate; verify PAP/project level and amount against PDF
Department of Agriculture,Farm-to-Market Roads,"","","Construction of Togbongan-Pajag Phase II FMR, Brgy. Himama-ug,",15000000,2 - HB 10858 VOL IB.pdf,724,"Construction of Togbongan-Pajag Phase II FMR, Brgy. Himama-ug, | 15,000,000","20,000,000 | Construction of Togbongan-Pajag Phase II FMR, Brgy. Himama-ug, | Taganaan, Surigao del Norte | 15,000,000",[],[],candidate; verify PAP/project level and amount against PDF
Department of Agriculture,Farm-to-Market Roads,"","","Construction of Brgy. Kanlurang Katigan FMR, Brgy. Kanlurang Katigan, Tayabas City, Quezon",15000000,2 - HB 10858 VOL IB.pdf,690,"Construction of Brgy. Kanlurang Katigan FMR, Brgy. Kanlurang Katigan, Tayabas City, Quezon | 15,000,000","Construction of Brgy. Kanlurang Katigan FMR, Brgy. Kanlurang Katigan, | 13, | 200,000 | Tayabas City, Quezon | 15,000,000",[],[],candidate; verify PAP/project level and amount against PDF
Department of Agriculture,Farm-to-Market Roads,"","","Construction of Brgy. Bayogo Proper to Kamonohan FMR, Brgy. Bayogo,",15000000,2 - HB 10858 VOL IB.pdf,724,"Construction of Brgy. Bayogo Proper to Kamonohan FMR, Brgy. Bayogo, | 15,000,000","NAME OR PROJECTS | NAME OF PROJECTSPESOS PESOS | NUMBER “1”  | PESOS | Construction of Brgy. Bayogo Proper to Kamonohan FMR, Brgy. Bayogo, | Madrid, Surigao del Sur | 15,000,000",[],[],candidate; verify PAP/project level and amount against PDF
Department of Agriculture,Farm-to-Market Roads,"","","Construction of Ilayang Bukal FMR, Brgy. Ilayang Bukal, Tayabas City, Quezon",15000000,2 - HB 10858 VOL IB.pdf,690,"Construction of Ilayang Bukal FMR, Brgy. Ilayang Bukal, Tayabas City, Quezon | 15,000,000","8, 400,000 | Construction of Ilayang Bukal FMR, Brgy. Ilayang Bukal, Tayabas City, Quezon | 15,000,000",[],[],candidate; verify PAP/project level and amount against PDF
Department of Agriculture,Farm-to-Market Roads,"","","Construction of Brgy. Cambaro FMR, Brgy. Cambaro, Macrohon, Southern Leyte",15000000,2 - HB 10858 VOL IB.pdf,714,"Construction of Brgy. Cambaro FMR, Brgy. Cambaro, Macrohon, Southern Leyte | 15,000,000","Construction of Brgy. Cambaro FMR, Brgy. Cambaro, Macrohon, Southern Leyte | 15,000,000",[],[],candidate; verify PAP/project level and amount against PDF
Department of Agriculture,Farm-to-Market Roads,"","","Construction of Brgy. Banilad FMR, Banilad, Majayjay, Laguna",15000000,2 - HB 10858 VOL IB.pdf,690,"Construction of Brgy. Banilad FMR, Banilad, Majayjay, Laguna | 15,000,000","REGION IVA - CALABARZON | 2,403,400,000 | Construction of Brgy. Banilad FMR, Banilad, Majayjay, Laguna | 15,000,000",[],[],candidate; verify PAP/project level and amount against PDF
Department of Agriculture,Farm-to-Market Roads,"","","Construction of Sitio Mojon, Brgy. Libas to Brgy. Ocad FMR, Brgy. Libas, Lavezares, Northern Samar",15000000,2 - HB 10858 VOL IB.pdf,714,"Construction of Sitio Mojon, Brgy. Libas to Brgy. Ocad FMR, Brgy. Libas, Lavezares, Northern Samar | 15,000,000","Construction of Sitio Mojon, Brgy. Libas to Brgy. Ocad FMR, Brgy. Libas, | Lavezares, Northern Samar | 15,000,000",[],[],candidate; verify PAP/project level and amount against PDF
Department of Agriculture,Farm-to-Market Roads,"","","Construction of Brgy. Motorpool, Tubod to Brgy. Sto. Rosario, Bacuag FMR,",15000000,2 - HB 10858 VOL IB.pdf,724,"Construction of Brgy. Motorpool, Tubod to Brgy. Sto. Rosario, Bacuag FMR, | 15,000,000","Construction of Brgy. Motorpool, Tubod to Brgy. Sto. Rosario, Bacuag FMR, | Brgy. Motorpool, Tubod, Surigao del Norte | 15,000,000",[],[],candidate; verify PAP/project level and amount against PDF
Department of Agriculture,Farm-to-Market Roads,"","","Construction of Brgy. Narvaez FMR, Brgy. Narvaez, General Emilio Aguinaldo, Cavite",15000000,2 - HB 10858 VOL IB.pdf,690,"Construction of Brgy. Narvaez FMR, Brgy. Narvaez, General Emilio Aguinaldo, Cavite | 15,000,000","30,000,000 | Construction of Brgy. Narvaez FMR, Brgy. Narvaez, General Emilio Aguinaldo, Cavite | 15,000,000",[],[],candidate; verify PAP/project level and amount against PDF
Department of Agriculture,Farm-to-Market Roads,"","","Construction of Brgy. Santa Maria FMR, Brgy. Santa Maria, Laurel, Batangas",15000000,2 - HB 10858 VOL IB.pdf,690,"Construction of Brgy. Santa Maria FMR, Brgy. Santa Maria, Laurel, Batangas | 15,000,000","Construction of Brgy. Santa Maria FMR, Brgy. Santa Maria, Laurel, Batangas | 15,000,000",[],[],candidate; verify PAP/project level and amount against PDF
Department of Agriculture,Farm-to-Market Roads,"","","Construction of Sitio Tikwi, Brgy. San Agustin FMR (Phase II), Brgy. San Agustin, Magallanes, Cavite",15000000,2 - HB 10858 VOL IB.pdf,690,"Construction of Sitio Tikwi, Brgy. San Agustin FMR (Phase II), Brgy. San Agustin, Magallanes, Cavite | 15,000,000","15,000,000 | Construction of Sitio Tikwi, Brgy. San Agustin FMR (Phase II), Brgy. San Agustin, | Magallanes, Cavite",[],[],candidate; verify PAP/project level and amount against PDF
Department of Agriculture,Farm-to-Market Roads,"","","Construction of Brgy. Irukan to Brgy. Calayaan to Brgy. Poblacion III FMR, Brgy. Irukan to Brgy. Calayaan to Brgy. Poblacion III, Sta. Teresita, Batangas",15000000,2 - HB 10858 VOL IB.pdf,690,"Construction of Brgy. Irukan to Brgy. Calayaan to Brgy. Poblacion III FMR, Brgy. Irukan to Brgy. Calayaan to Brgy. Poblacion III, Sta. Teresita, Batangas | 15,000,000","Construction of Brgy. Irukan to Brgy. Calayaan to Brgy. Poblacion III FMR, | Brgy. Irukan to Brgy. Calayaan to Brgy. Poblacion III, Sta. Teresita, Batangas | 15,000,000",[],[],candidate; verify PAP/project level and amount against PDF
Department of Agriculture,Farm-to-Market Roads,"","","Construction of Brgy. Cabuyew FMR, Brgy. Cabuyew, Liliw, Laguna",15000000,2 - HB 10858 VOL IB.pdf,690,"Construction of Brgy. Cabuyew FMR, Brgy. Cabuyew, Liliw, Laguna | 15,000,000","15,000,000 | Construction of Brgy. Cabuyew FMR, Brgy. Cabuyew, Liliw, Laguna",[],[],candidate; verify PAP/project level and amount against PDF
Department of Agriculture,Farm-to-Market Roads,"","","Construction of Brgy. Bacao FMR, Brgy. Bacao, Taysan, Batangas",15000000,2 - HB 10858 VOL IB.pdf,690,"Construction of Brgy. Bacao FMR, Brgy. Bacao, Taysan, Batangas | 15,000,000","Construction of Brgy. Bacao FMR, Brgy. Bacao, Taysan, Batangas | 15,000,000",[],[],candidate; verify PAP/project level and amount against PDF
Department of Agriculture,Farm-to-Market Roads,"","","Construction of Brgy. Hanggan FMR, Brgy. Hanggan, Calauan, Laguna",15000000,2 - HB 10858 VOL IB.pdf,690,"Construction of Brgy. Hanggan FMR, Brgy. Hanggan, Calauan, Laguna | 15,000,000","15,000,000 | Construction of Brgy. Hanggan FMR, Brgy. Hanggan, Calauan, Laguna",[],[],candidate; verify PAP/project level and amount against PDF
Department of Agriculture,Farm-to-Market Roads,"","","Construction of Brgy. Libato FMR, Brgy. Libato, San Juan, Batangas",15000000,2 - HB 10858 VOL IB.pdf,690,"Construction of Brgy. Libato FMR, Brgy. Libato, San Juan, Batangas | 15,000,000","Construction of Brgy. Libato FMR, Brgy. Libato, San Juan, Batangas | 15,000,000",[],[],candidate; verify PAP/project level and amount against PDF
Department of Agriculture,Farm-to-Market Roads,"","","Construction of Brgy. Cansuso FMR, Brgy. Cansuso, Cavinti, Laguna",15000000,2 - HB 10858 VOL IB.pdf,690,"Construction of Brgy. Cansuso FMR, Brgy. Cansuso, Cavinti, Laguna | 15,000,000","15,000,000 | Construction of Brgy. Cansuso FMR, Brgy. Cansuso, Cavinti, Laguna",[],[],candidate; verify PAP/project level and amount against PDF
Department of Agriculture,Farm-to-Market Roads,"","","Construction of Sitio Gugo, Brgy. San Jose Sico FMR, Brgy. San Jose Sico, Batangas City, Batangas",15000000,2 - HB 10858 VOL IB.pdf,690,"Construction of Sitio Gugo, Brgy. San Jose Sico FMR, Brgy. San Jose Sico, Batangas City, Batangas | 15,000,000","Construction of Sitio Gugo, Brgy. San Jose Sico FMR, Brgy. San Jose Sico, | Batangas City, Batangas | 15,000,000",[],[],candidate; verify PAP/project level and amount against PDF
Department of Agriculture,Farm-to-Market Roads,"","","Construction of Brgy. Cambuja to Brgy. Bubucal FMR, Brgy. Cambuja, Brgy. Bubucal,",15000000,2 - HB 10858 VOL IB.pdf,692,"Construction of Brgy. Cambuja to Brgy. Bubucal FMR, Brgy. Cambuja, Brgy. Bubucal, | 15,000,000","NAME OR PROJECTS | NAME OF PROJECTSPESOS PESOS | NUMBER “1”  | PESOS | Construction of Brgy. Cambuja to Brgy. Bubucal FMR, Brgy. Cambuja, Brgy. Bubucal, | Santa Maria, Laguna | 15,000,000",[],[],candidate; verify PAP/project level and amount against PDF
Department of Agriculture,Farm-to-Market Roads,"","","Construction of Brgy. Doro FMR, Brgy. Doro, Malimono, Surigao del Norte",15000000,2 - HB 10858 VOL IB.pdf,726,"Construction of Brgy. Doro FMR, Brgy. Doro, Malimono, Surigao del Norte | 15,000,000","NAME OR PROJECTS | NAME OF PROJECTSPESOS | NUMBER “1”  | PESOS | Construction of Brgy. Doro FMR, Brgy. Doro, Malimono, Surigao del Norte | 15,000,000",[],[],candidate; verify PAP/project level and amount against PDF
Department of Agriculture,Farm-to-Market Roads,"","","Construction of Brgy. Maasin to Brgy. Valencia FMR, Brgy. Maasin and Brgy. Valencia,",15000000,2 - HB 10858 VOL IB.pdf,692,"Construction of Brgy. Maasin to Brgy. Valencia FMR, Brgy. Maasin and Brgy. Valencia, | 15,000,000","15,000,000 | Construction of Brgy. Maasin to Brgy. Valencia FMR, Brgy. Maasin and Brgy. Valencia, | Tayabas City, Quezon",[],[],candidate; verify PAP/project level and amount against PDF
Department of Agriculture,Farm-to-Market Roads,"","","Construction of Brgy. Kulapi FMR, Brgy. Kulapi, Lucban, Quezon",15000000,2 - HB 10858 VOL IB.pdf,692,"Construction of Brgy. Kulapi FMR, Brgy. Kulapi, Lucban, Quezon | 15,000,000","Construction of Brgy. Kulapi FMR, Brgy. Kulapi, Lucban, Quezon | 15,000,000",[],[],candidate; verify PAP/project level and amount against PDF
Department of Agriculture,Farm-to-Market Roads,"","","Construction of Brgy. Ilog to Brgy. Pilaway to Brgy. Agos-Agos FMR, Brgy. Ilog to",15000000,2 - HB 10858 VOL IB.pdf,692,"Construction of Brgy. Ilog to Brgy. Pilaway to Brgy. Agos-Agos FMR, Brgy. Ilog to | 15,000,000","Construction of Brgy. Ilog to Brgy. Pilaway to Brgy. Agos-Agos FMR, Brgy. Ilog to | Brgy. Pilaway to Brgy. Agos-Agos, Infanta, Quezon | 15,000,000",[],[],candidate; verify PAP/project level and amount against PDF
Department of Agriculture,Farm-to-Market Roads,"","","Construction of Brgy. Mancup - Brgy. Talibaew FMR, Brgy. Mancup and Brgy. Talibaew, Calasiao, Pangasinan",15000000,2 - HB 10858 VOL IB.pdf,666,"Construction of Brgy. Mancup - Brgy. Talibaew FMR, Brgy. Mancup and Brgy. Talibaew, Calasiao, Pangasinan | 15,000,000","Construction of Brgy. Mancup - Brgy. Talibaew FMR, Brgy. Mancup and Brgy. Talibaew, | Calasiao, Pangasinan | 15,000,000",[],[],candidate; verify PAP/project level and amount against PDF
Department of Agriculture,Farm-to-Market Roads,"","","Construction of Brgy. Alacan to Brgy. Mabilao FMR, Brgy. Alacan and Brgy. Mabilao, San Fabian, Pangasinan",15000000,2 - HB 10858 VOL IB.pdf,666,"Construction of Brgy. Alacan to Brgy. Mabilao FMR, Brgy. Alacan and Brgy. Mabilao, San Fabian, Pangasinan | 15,000,000","Construction of Brgy. Alacan to Brgy. Mabilao FMR, Brgy. Alacan and Brgy. Mabilao, | San Fabian, Pangasinan | 15,000,000",[],[],candidate; verify PAP/project level and amount against PDF
Department of Agriculture,Farm-to-Market Roads,"","","Construction of Brgy. Pinagdanlayan to Brgy. Manggahan FMR, Brgy. Pinagdanlayan to Brgy. Manggahan, Dolores, Quezon",15000000,2 - HB 10858 VOL IB.pdf,692,"Construction of Brgy. Pinagdanlayan to Brgy. Manggahan FMR, Brgy. Pinagdanlayan to Brgy. Manggahan, Dolores, Quezon | 15,000,000","Construction of Brgy. Pinagdanlayan to Brgy. Manggahan FMR, Brgy. Pinagdanlayan to | Brgy. Manggahan, Dolores, Quezon | 15,000,000",[],[],candidate; verify PAP/project level and amount against PDF
Department of Agriculture,Farm-to-Market Roads,"","","Construction of Brgy. Gumot to Brgy. Bigbiga FMR, Brgy. Gumot and Brgy. Bigbiga, San Fabian, Pangasinan",15000000,2 - HB 10858 VOL IB.pdf,666,"Construction of Brgy. Gumot to Brgy. Bigbiga FMR, Brgy. Gumot and Brgy. Bigbiga, San Fabian, Pangasinan | 15,000,000","Construction of Brgy. Gumot to Brgy. Bigbiga FMR, Brgy. Gumot and Brgy. Bigbiga, | San Fabian, Pangasinan | 15,000,000",[],[],candidate; verify PAP/project level and amount against PDF
Department of Agriculture,Farm-to-Market Roads,"","","Construction of Sitio Bustamante, Brgy. Tagbakin FMR, Brgy. Tagbakin, Tiaong, Quezon",15000000,2 - HB 10858 VOL IB.pdf,692,"Construction of Sitio Bustamante, Brgy. Tagbakin FMR, Brgy. Tagbakin, Tiaong, Quezon | 15,000,000","Construction of Sitio Bustamante, Brgy. Tagbakin FMR, Brgy. Tagbakin, Tiaong, Quezon | 15,000,000",[],[],candidate; verify PAP/project level and amount against PDF
Department of Agriculture,Farm-to-Market Roads,"","","Construction of Purok 7, Brgy. Mapalad FMR, San Agustin, Isabela",15000000,2 - HB 10858 VOL IB.pdf,678,"Construction of Purok 7, Brgy. Mapalad FMR, San Agustin, Isabela | 15,000,000","Construction of Purok 7, Brgy. Mapalad FMR, San Agustin, Isabela | 15,000,000",[],[],candidate; verify PAP/project level and amount against PDF
Department of Agriculture,Farm-to-Market Roads,"","","Construction of Brgy. Rizal FMR, Brgy. Rizal, San Narciso, Quezon",15000000,2 - HB 10858 VOL IB.pdf,692,"Construction of Brgy. Rizal FMR, Brgy. Rizal, San Narciso, Quezon | 15,000,000","Construction of Brgy. Rizal FMR, Brgy. Rizal, San Narciso, Quezon | 15,000,000",[],[],candidate; verify PAP/project level and amount against PDF
Department of Agriculture,Farm-to-Market Roads,"","","Construction of Cabaywa-Cabuntoran-Malaguinara FMR, Brgy. Zone 3, San Roque, Northern Samar",15000000,2 - HB 10858 VOL IB.pdf,714,"Construction of Cabaywa-Cabuntoran-Malaguinara FMR, Brgy. Zone 3, San Roque, Northern Samar | 15,000,000","Construction of Cabaywa-Cabuntoran-Malaguinara FMR, Brgy. Zone 3, | San Roque, Northern Samar | 15,000,000",[],[],candidate; verify PAP/project level and amount against PDF
Department of Agriculture,Farm-to-Market Roads,"","","Construction of Sitio Crossing to Sitio Sabang, Brgy. Hagonghong FMR, Brgy. Hagonghong,",15000000,2 - HB 10858 VOL IB.pdf,692,"Construction of Sitio Crossing to Sitio Sabang, Brgy. Hagonghong FMR, Brgy. Hagonghong, | 15,000,000","Construction of Sitio Crossing to Sitio Sabang, Brgy. Hagonghong FMR, Brgy. Hagonghong, | Buenavista, Quezon | 15,000,000",[],[],candidate; verify PAP/project level and amount against PDF
Department of Agriculture,Farm-to-Market Roads,"","","Concreting of Brgy. Napurog FMR, Brgy. Napurog, Tudela, Misamis Occidental",15000000,2 - HB 10858 VOL IB.pdf,720,"Concreting of Brgy. Napurog FMR, Brgy. Napurog, Tudela, Misamis Occidental | 15,000,000","Concreting of Brgy. Napurog FMR, Brgy. Napurog, Tudela, Misamis Occidental | 15,000,000",[],[],candidate; verify PAP/project level and amount against PDF
Department of Agriculture,Farm-to-Market Roads,"","","Concreting of Brgy. Pongon - Brgy. Villa Imelda FMR, Brgy. Pongon and Brgy. Villa Imelda,",15000000,2 - HB 10858 VOL IB.pdf,714,"Concreting of Brgy. Pongon - Brgy. Villa Imelda FMR, Brgy. Pongon and Brgy. Villa Imelda, | 15,000,000","15,000,000 | Concreting of Brgy. Pongon - Brgy. Villa Imelda FMR, Brgy. Pongon and Brgy. Villa Imelda, | Mac Arthur, Leyte",[],[],candidate; verify PAP/project level and amount against PDF
Department of Agriculture,Farm-to-Market Roads,"","","Construction of Brgy. Bobonan - Brgy. Nama - Brgy. Palacpalac FMR, Brgy. Bobonan,",15000000,2 - HB 10858 VOL IB.pdf,668,"Construction of Brgy. Bobonan - Brgy. Nama - Brgy. Palacpalac FMR, Brgy. Bobonan, | 15,000,000","NAME OR PROJECTS | NAME OF PROJECTSPESOS PESOS | NUMBER “1”  | PESOS | Construction of Brgy. Bobonan - Brgy. Nama - Brgy. Palacpalac FMR, Brgy. Bobonan, | Brgy. Nama and Brgy. Palacpalac, Villasis, Pangasinan | 15,000,000",[],[],candidate; verify PAP/project level and amount against PDF
Department of Agriculture,Farm-to-Market Roads,"","","Construction of Brgy. Osmeña FMR, Brgy. Osmeña, Lope de Vega, Northern Samar",15000000,2 - HB 10858 VOL IB.pdf,714,"Construction of Brgy. Osmeña FMR, Brgy. Osmeña, Lope de Vega, Northern Samar | 15,000,000","Construction of Brgy. Osmeña FMR, Brgy. Osmeña, Lope de Vega, Northern Samar | 15,000,000",[],[],candidate; verify PAP/project level and amount against PDF
Department of Agriculture,Farm-to-Market Roads,"","","Construction of Brgy. Villahermosa to Brgy. Garrido to Brgy. K. Bugtong FMR,",15000000,2 - HB 10858 VOL IB.pdf,714,"Construction of Brgy. Villahermosa to Brgy. Garrido to Brgy. K. Bugtong FMR, | 15,000,000","Construction of Brgy. Villahermosa to Brgy. Garrido to Brgy. K. Bugtong FMR, | Brgy. Villahermosa & Brgy. Garrido & Brgy. K. Bugtong, Calubian, Leyte | 15,000,000",[],[],candidate; verify PAP/project level and amount against PDF
Department of Agriculture,Farm-to-Market Roads,"","","Construction of Sitio Cabaruan Road FMR, Nagsanga, Pasuquin, Ilocos Norte",15000000,2 - HB 10858 VOL IB.pdf,670,"Construction of Sitio Cabaruan Road FMR, Nagsanga, Pasuquin, Ilocos Norte | 15,000,000","20,000,000 | Construction of Sitio Cabaruan Road FMR, Nagsanga, Pasuquin, Ilocos Norte | 15,000,000",[],[],candidate; verify PAP/project level and amount against PDF
Department of Agriculture,Farm-to-Market Roads,"","","Concreting of Brgy. Bagacay FMR Phase II, Brgy. Bagacay, Lapinig, Northern Samar",15000000,2 - HB 10858 VOL IB.pdf,714,"Concreting of Brgy. Bagacay FMR Phase II, Brgy. Bagacay, Lapinig, Northern Samar | 15,000,000","Concreting of Brgy. Bagacay FMR Phase II, Brgy. Bagacay, Lapinig, Northern Samar | 15,000,000",[],[],candidate; verify PAP/project level and amount against PDF
Department of Agriculture,Farm-to-Market Roads,"","","Construction of Purok 3, Brgy. Pangil FMR, Brgy. Pangil, Pasuquin, Ilocos Norte",15000000,2 - HB 10858 VOL IB.pdf,670,"Construction of Purok 3, Brgy. Pangil FMR, Brgy. Pangil, Pasuquin, Ilocos Norte | 15,000,000","20,000,000 | Construction of Purok 3, Brgy. Pangil FMR, Brgy. Pangil, Pasuquin, Ilocos Norte | 15,000,000",[],[],candidate; verify PAP/project level and amount against PDF
Department of Agriculture,Farm-to-Market Roads,"","","Construction of Purok 5 Brgy. Panatao FMR, Brgy. Panatao, Claver, Surigao del Norte",15000000,2 - HB 10858 VOL IB.pdf,724,"Construction of Purok 5 Brgy. Panatao FMR, Brgy. Panatao, Claver, Surigao del Norte | 15,000,000","Construction of Purok 5 Brgy. Panatao FMR, Brgy. Panatao, Claver, Surigao del Norte | 15,000,000",[],[],candidate; verify PAP/project level and amount against PDF
Department of Agriculture,Farm-to-Market Roads,"","","Construction of Brgy. San Vicente FMR, Brgy. San Vicente, Alcala, Pangasinan",15000000,2 - HB 10858 VOL IB.pdf,668,"Construction of Brgy. San Vicente FMR, Brgy. San Vicente, Alcala, Pangasinan | 15,000,000","Construction of Brgy. San Vicente FMR, Brgy. San Vicente, Alcala, Pangasinan | 15,000,000",[],[],candidate; verify PAP/project level and amount against PDF
Department of Agriculture,Farm-to-Market Roads,"","","Construction of Brgy. Anibawan FMR, Brgy. Anibawan, Burdeos, Quezon",15000000,2 - HB 10858 VOL IB.pdf,692,"Construction of Brgy. Anibawan FMR, Brgy. Anibawan, Burdeos, Quezon | 15,000,000","S2-13.7868393, 121.3552979 | Construction of Brgy. Anibawan FMR, Brgy. Anibawan, Burdeos, Quezon | 15,000,000",[],[],candidate; verify PAP/project level and amount against PDF
Department of Agriculture,Farm-to-Market Roads,"","","Construction of Purok 2 Brgy. Cayawan FMR Phase II, Brgy. Cayawan, Malimono, Surigao del Norte",15000000,2 - HB 10858 VOL IB.pdf,726,"Construction of Purok 2 Brgy. Cayawan FMR Phase II, Brgy. Cayawan, Malimono, Surigao del Norte | 15,000,000","Construction of Purok 2 Brgy. Cayawan FMR Phase II, Brgy. Cayawan, | Malimono, Surigao del Norte | 15,000,000",[],[],candidate; verify PAP/project level and amount against PDF
Department of Agriculture,Farm-to-Market Roads,"","","Construction of Brgy. Sulpa to Sitio Agob-ob FMR, Brgy. Sulpa, Villaba, Leyte",15000000,2 - HB 10858 VOL IB.pdf,714,"Construction of Brgy. Sulpa to Sitio Agob-ob FMR, Brgy. Sulpa, Villaba, Leyte | 15,000,000","Construction of Brgy. Sulpa to Sitio Agob-ob FMR, Brgy. Sulpa, Villaba, Leyte | 15,000,000",[],[],candidate; verify PAP/project level and amount against PDF
Department of Agriculture,Farm-to-Market Roads,"","","Construction of Bagsang-Cabaywa-Parigoan Galutan FMR, Brgy. Balud and Brgy. Zone 3, San Roque, Northern Samar",15000000,2 - HB 10858 VOL IB.pdf,714,"Construction of Bagsang-Cabaywa-Parigoan Galutan FMR, Brgy. Balud and Brgy. Zone 3, San Roque, Northern Samar | 15,000,000","Construction of Bagsang-Cabaywa-Parigoan Galutan FMR, Brgy. Balud and Brgy. Zone 3, | San Roque, Northern Samar | 15,000,000",[],[],candidate; verify PAP/project level and amount against PDF
Department of Agriculture,Farm-to-Market Roads,"","","Construction of Sitio Pandak, Brgy. Kalyaat FMR, Brgy. Kalyaat, Lucban, Quezon",15000000,2 - HB 10858 VOL IB.pdf,692,"Construction of Sitio Pandak, Brgy. Kalyaat FMR, Brgy. Kalyaat, Lucban, Quezon | 15,000,000","Construction of Sitio Pandak, Brgy. Kalyaat FMR, Brgy. Kalyaat, Lucban, Quezon | 15,000,000",[],[],candidate; verify PAP/project level and amount against PDF
Department of Agriculture,Farm-to-Market Roads,"","","Construction of Sitio Sao, Brgy. Daking FMR, Brgy. Daking, San Gabriel, La Union",15000000,2 - HB 10858 VOL IB.pdf,666,"Construction of Sitio Sao, Brgy. Daking FMR, Brgy. Daking, San Gabriel, La Union | 15,000,000","Construction of Sitio Sao, Brgy. Daking FMR, Brgy. Daking, San Gabriel, La Union | 15,000,000",[],[],candidate; verify PAP/project level and amount against PDF
Department of Agriculture,Farm-to-Market Roads,"","","Construction of Brgy. Silangan Calutan FMR, Agdangan, Quezon S2- 13 51'16.99"", 121 54'33.51""",15000000,2 - HB 10858 VOL IB.pdf,692,"Construction of Brgy. Silangan Calutan FMR, Agdangan, Quezon S2- 13 51'16.99"", 121 54'33.51"" | 15,000,000","Construction of Brgy. Silangan Calutan FMR, Agdangan, Quezon | 55,000,000 | S2- 13 51'16.99"", 121 54'33.51"" | 15,000,000",[],[],candidate; verify PAP/project level and amount against PDF
Department of Agriculture,Farm-to-Market Roads,"","","Construction of Brgy. Kanlurang Calutan FMR, Agdangan, Quezon",15000000,2 - HB 10858 VOL IB.pdf,694,"Construction of Brgy. Kanlurang Calutan FMR, Agdangan, Quezon | 15,000,000","NAME OR PROJECTS | NAME OF PROJECTSPESOS PESOS | NUMBER “1”  | PESOS | Construction of Brgy. Kanlurang Calutan FMR, Agdangan, Quezon | 15,000,000",[],[],candidate; verify PAP/project level and amount against PDF
Department of Agriculture,Farm-to-Market Roads,"","","Construction of Brgy. Kibao FMR, Brgy. Kibao, Matanao, Davao del Sur",15000000,2 - HB 10858 VOL IB.pdf,720,"Construction of Brgy. Kibao FMR, Brgy. Kibao, Matanao, Davao del Sur | 15,000,000","30,000,000 | Construction of Brgy. Kibao FMR, Brgy. Kibao, Matanao, Davao del Sur | 15,000,000",[],[],candidate; verify PAP/project level and amount against PDF
Department of Agriculture,Farm-to-Market Roads,"","","Construction of Brgy. Aet FMR, Brgy. Aet, Sulat, Eastern Samar",15000000,2 - HB 10858 VOL IB.pdf,716,"Construction of Brgy. Aet FMR, Brgy. Aet, Sulat, Eastern Samar | 15,000,000","Construction of Brgy. Aet FMR, Brgy. Aet, Sulat, Eastern Samar | 15,000,000",[],[],candidate; verify PAP/project level and amount against PDF
Department of Agriculture,Farm-to-Market Roads,"","","Construction of Brgy. Nalunao FMR, Brgy. Nalunao, Lucban, Quezon",15000000,2 - HB 10858 VOL IB.pdf,694,"Construction of Brgy. Nalunao FMR, Brgy. Nalunao, Lucban, Quezon | 15,000,000","Construction of Brgy. Nalunao FMR, Brgy. Nalunao, Lucban, Quezon | 20,000,000 | 15,000,000",[],[],candidate; verify PAP/project level and amount against PDF
Department of Agriculture,Farm-to-Market Roads,"","","Construction of Brgy. Matamis FMR, Brgy. Matamis, Rosario, Batangas",15000000,2 - HB 10858 VOL IB.pdf,694,"Construction of Brgy. Matamis FMR, Brgy. Matamis, Rosario, Batangas | 15,000,000","Construction of Brgy. Matamis FMR, Brgy. Matamis, Rosario, Batangas | 15,000,000",[],[],candidate; verify PAP/project level and amount against PDF
Department of Agriculture,Farm-to-Market Roads,"","","Construction of Sitio Water Lily, Brgy. Maraykit FMR, Brgy. Maraykit, San Juan, Batangas",15000000,2 - HB 10858 VOL IB.pdf,694,"Construction of Sitio Water Lily, Brgy. Maraykit FMR, Brgy. Maraykit, San Juan, Batangas | 15,000,000","Construction of Sitio Water Lily, Brgy. Maraykit FMR, Brgy. Maraykit, San Juan, Batangas | 15,000,000",[],[],candidate; verify PAP/project level and amount against PDF
Department of Agriculture,Farm-to-Market Roads,"","","Concreting of Sitio Siare, Brgy. Baybay FMR, Brgy. Baybay, Alubijid, Misamis Oriental",15000000,2 - HB 10858 VOL IB.pdf,720,"Concreting of Sitio Siare, Brgy. Baybay FMR, Brgy. Baybay, Alubijid, Misamis Oriental | 15,000,000","NAME OR PROJECTS | NAME OF PROJECTSPESOS PESOS | NUMBER “1”  | PESOS | Concreting of Sitio Siare, Brgy. Baybay FMR, Brgy. Baybay, Alubijid, Misamis Oriental | 15,000,000",[],[],candidate; verify PAP/project level and amount against PDF
Department of Agriculture,Farm-to-Market Roads,"","","Construction of San Lorenzo FMR, Brgy. San Lorenzo, Bangui, Ilocos Norte",15000000,2 - HB 10858 VOL IB.pdf,666,"Construction of San Lorenzo FMR, Brgy. San Lorenzo, Bangui, Ilocos Norte | 15,000,000","Construction of San Lorenzo FMR, Brgy. San Lorenzo, Bangui, Ilocos Norte | 15,000,000",[],[],candidate; verify PAP/project level and amount against PDF
Department of Agriculture,Farm-to-Market Roads,"","","Construction of Brgy. Maglipad FMR, Brgy. Maglipad, Calauag, Quezon",15000000,2 - HB 10858 VOL IB.pdf,694,"Construction of Brgy. Maglipad FMR, Brgy. Maglipad, Calauag, Quezon | 15,000,000","Construction of Brgy. Maglipad FMR, Brgy. Maglipad, Calauag, Quezon | 15,000,000",[],[],candidate; verify PAP/project level and amount against PDF
Department of Agriculture,Farm-to-Market Roads,"","","Construction of Brgy. Dipilat FMR, Brgy. Dipilat, Vintar, Ilocos Norte",15000000,2 - HB 10858 VOL IB.pdf,670,"Construction of Brgy. Dipilat FMR, Brgy. Dipilat, Vintar, Ilocos Norte | 15,000,000","Construction of Brgy. Dipilat FMR, Brgy. Dipilat, Vintar, Ilocos Norte | 20,000,000 | 15,000,000",[],[],candidate; verify PAP/project level and amount against PDF
Department of Agriculture,Farm-to-Market Roads,"","","Concreting of Brgy. Talaibon FMR, Brgy. Talaibon, Ibaan, Batangas",15000000,2 - HB 10858 VOL IB.pdf,694,"Concreting of Brgy. Talaibon FMR, Brgy. Talaibon, Ibaan, Batangas | 15,000,000","S4- 13°54'9.72"", 121°56'14.76"" | Concreting of Brgy. Talaibon FMR, Brgy. Talaibon, Ibaan, Batangas | 15,000,000",[],[],candidate; verify PAP/project level and amount against PDF
Department of Agriculture,Farm-to-Market Roads,"","","Construction of Sitio Alatalatin 2 Brgy. San Francisco B FMR, Brgy. San Francisco B, Lopez, Quezon",15000000,2 - HB 10858 VOL IB.pdf,694,"Construction of Sitio Alatalatin 2 Brgy. San Francisco B FMR, Brgy. San Francisco B, Lopez, Quezon | 15,000,000","(3) 13.921606, 122.362273 | Construction of Sitio Alatalatin 2 Brgy. San Francisco B FMR, Brgy. San Francisco B, | Lopez, Quezon | 15,000,000",[],[],candidate; verify PAP/project level and amount against PDF
Department of Agriculture,Farm-to-Market Roads,"","","Construction of Brgy. Talahiban 1 FMR, Brgy. Talahiban 1, San Juan, Batangas",15000000,2 - HB 10858 VOL IB.pdf,694,"Construction of Brgy. Talahiban 1 FMR, Brgy. Talahiban 1, San Juan, Batangas | 15,000,000","15,000,000 | Construction of Brgy. Talahiban 1 FMR, Brgy. Talahiban 1, San Juan, Batangas",[],[],candidate; verify PAP/project level and amount against PDF
Department of Agriculture,Farm-to-Market Roads,"","","Construction of Brgy. San Miguel FMR, Brgy. San Miguel, Lopez, Quezon",15000000,2 - HB 10858 VOL IB.pdf,694,"Construction of Brgy. San Miguel FMR, Brgy. San Miguel, Lopez, Quezon | 15,000,000","Construction of Brgy. San Miguel FMR, Brgy. San Miguel, Lopez, Quezon | 15,000,000",[],[],candidate; verify PAP/project level and amount against PDF
Department of Agriculture,Farm-to-Market Roads,"","","Construction of Kimmulluong FMR, Brgy. Sinaoangan Sur, San Agustin, Isabela",15000000,2 - HB 10858 VOL IB.pdf,678,"Construction of Kimmulluong FMR, Brgy. Sinaoangan Sur, San Agustin, Isabela | 15,000,000","Construction of Kimmulluong FMR, Brgy. Sinaoangan Sur, San Agustin, Isabela | 15,000,000",[],[],candidate; verify PAP/project level and amount against PDF
Department of Agriculture,Farm-to-Market Roads,"","","Construction of Brgy. Sto Niño Ilaya FMR, Brgy. Sto Niño Ilaya, Lopez, Quezon",15000000,2 - HB 10858 VOL IB.pdf,694,"Construction of Brgy. Sto Niño Ilaya FMR, Brgy. Sto Niño Ilaya, Lopez, Quezon | 15,000,000","Construction of Brgy. Sto Niño Ilaya FMR, Brgy. Sto Niño Ilaya, Lopez, Quezon | 15,000,000",[],[],candidate; verify PAP/project level and amount against PDF
Department of Agriculture,Farm-to-Market Roads,"","","Construction of Sitio Guia, Brgy. Polayagan to Sitio Sambacan, Brgy. Barangiran FMR Phase I,",15000000,2 - HB 10858 VOL IB.pdf,720,"Construction of Sitio Guia, Brgy. Polayagan to Sitio Sambacan, Brgy. Barangiran FMR Phase I, | 15,000,000","30,000,000 | REGION XII - SOCCSKSARGEN | 425,000,000 | Construction of Sitio Guia, Brgy. Polayagan to Sitio Sambacan, Brgy. Barangiran FMR Phase I, | Brgy. Polayagan and Brgy. Baranginan, Alamada, Cotabato | 15,000,000",[],[],candidate; verify PAP/project level and amount against PDF
Department of Agriculture,Farm-to-Market Roads,"","","Construction of Brgy. Veronica FMR, Brgy. Veronica, Lopez, Quezon",15000000,2 - HB 10858 VOL IB.pdf,694,"Construction of Brgy. Veronica FMR, Brgy. Veronica, Lopez, Quezon | 15,000,000","Construction of Brgy. Veronica FMR, Brgy. Veronica, Lopez, Quezon | 15,000,000",[],[],candidate; verify PAP/project level and amount against PDF
Department of Agriculture,Farm-to-Market Roads,"","","Construction/Improvement of Brgy. Tulay FMR, Brgy. Tulay, Ibaan, Batangas",15000000,2 - HB 10858 VOL IB.pdf,694,"Construction/Improvement of Brgy. Tulay FMR, Brgy. Tulay, Ibaan, Batangas | 15,000,000","Construction/Improvement of Brgy. Tulay FMR, Brgy. Tulay, Ibaan, Batangas | 15,000,000",[],[],candidate; verify PAP/project level and amount against PDF
Department of Agriculture,Farm-to-Market Roads,"","","Construction of Brgy. Banyaga FMR, Brgy. Banyaga, Agoncillo, Batangas",15000000,2 - HB 10858 VOL IB.pdf,694,"Construction of Brgy. Banyaga FMR, Brgy. Banyaga, Agoncillo, Batangas | 15,000,000","Construction of Brgy. Banyaga FMR, Brgy. Banyaga, Agoncillo, Batangas | 15,000,000",[],[],candidate; verify PAP/project level and amount against PDF
Department of Agriculture,Farm-to-Market Roads,"","","Construction of Brgy. Bilibinwang FMR, Brgy. Bilibinwang, Agoncillo, Batangas",15000000,2 - HB 10858 VOL IB.pdf,696,"Construction of Brgy. Bilibinwang FMR, Brgy. Bilibinwang, Agoncillo, Batangas | 15,000,000","NAME OR PROJECTS | NAME OF PROJECTSPESOS PESOS | NUMBER “1”  | PESOS | Construction of Brgy. Bilibinwang FMR, Brgy. Bilibinwang, Agoncillo, Batangas | STARTt: 13.987007°, 120.943149° | 15,000,000",[],[],candidate; verify PAP/project level and amount against PDF
Department of Agriculture,Farm-to-Market Roads,"","","Construction of Brgy. Bigaan FMR, Brgy. Bigaan, Hinatuan, Surigao del Sur",15000000,2 - HB 10858 VOL IB.pdf,724,"Construction of Brgy. Bigaan FMR, Brgy. Bigaan, Hinatuan, Surigao del Sur | 15,000,000","Construction of Brgy. Bigaan FMR, Brgy. Bigaan, Hinatuan, Surigao del Sur | 15,000,000",[],[],candidate; verify PAP/project level and amount against PDF
Department of Agriculture,Farm-to-Market Roads,"","","Construction/Improvement of Brgy. Bago FMR, Brgy. Bago, Ibaan, Batangas",15000000,2 - HB 10858 VOL IB.pdf,696,"Construction/Improvement of Brgy. Bago FMR, Brgy. Bago, Ibaan, Batangas | 15,000,000","Construction/Improvement of Brgy. Bago FMR, Brgy. Bago, Ibaan, Batangas | 15,000,000",[],[],candidate; verify PAP/project level and amount against PDF
Department of Agriculture,Farm-to-Market Roads,"","","Construction of Brgy. Bitoka to Brgy. Milaya FMR, Brgy. Bitoka and Brgy. Milaya,",15000000,2 - HB 10858 VOL IB.pdf,720,"Construction of Brgy. Bitoka to Brgy. Milaya FMR, Brgy. Bitoka and Brgy. Milaya, | 15,000,000","30,000,000 | Construction of Brgy. Bitoka to Brgy. Milaya FMR, Brgy. Bitoka and Brgy. Milaya, | Midsayap, Cotabato | 15,000,000",[],[],candidate; verify PAP/project level and amount against PDF
Department of Agriculture,Farm-to-Market Roads,"","","Construction/Improvement of Brgy. Mabalor FMR, Brgy. Mabalor, Ibaan, Batangas",15000000,2 - HB 10858 VOL IB.pdf,696,"Construction/Improvement of Brgy. Mabalor FMR, Brgy. Mabalor, Ibaan, Batangas | 15,000,000","Construction/Improvement of Brgy. Mabalor FMR, Brgy. Mabalor, Ibaan, Batangas | 15,000,000",[],[],candidate; verify PAP/project level and amount against PDF
Department of Agriculture,Farm-to-Market Roads,"","","Construction/Improvement of Brgy. Bungahan FMR, Brgy. Bungahan, Ibaan, Batangas",15000000,2 - HB 10858 VOL IB.pdf,696,"Construction/Improvement of Brgy. Bungahan FMR, Brgy. Bungahan, Ibaan, Batangas | 15,000,000","Construction/Improvement of Brgy. Bungahan FMR, Brgy. Bungahan, Ibaan, Batangas | 15,000,000",[],[],candidate; verify PAP/project level and amount against PDF
Department of Agriculture,Farm-to-Market Roads,"","","Construction of Sitio Nangka Plain, Brgy. La Paz FMR, Brgy. La Paz, Zamboanga City",15000000,2 - HB 10858 VOL IB.pdf,716,"Construction of Sitio Nangka Plain, Brgy. La Paz FMR, Brgy. La Paz, Zamboanga City | 15,000,000","REGION IX - ZAMBOANGA PENINSULA | 580,000,000 | Construction of Sitio Nangka Plain, Brgy. La Paz FMR, Brgy. La Paz, Zamboanga City | 15,000,000",[],[],candidate; verify PAP/project level and amount against PDF
Department of Agriculture,Farm-to-Market Roads,"","","Opening and Concreting of Sitio Saimsim, Brgy. Soloc FMR, Brgy. Soloc, Lobo, Batangas",15000000,2 - HB 10858 VOL IB.pdf,696,"Opening and Concreting of Sitio Saimsim, Brgy. Soloc FMR, Brgy. Soloc, Lobo, Batangas | 15,000,000","S2-13.665410, 121.217218 | Opening and Concreting of Sitio Saimsim, Brgy. Soloc FMR, Brgy. Soloc, Lobo, Batangas | 30,000,000 | 15,000,000",[],[],candidate; verify PAP/project level and amount against PDF
Department of Agriculture,Farm-to-Market Roads,"","","Construction of Brgy. Sapa FMR, Brgy. Sapa, Claver, Surigao del Norte",15000000,2 - HB 10858 VOL IB.pdf,724,"Construction of Brgy. Sapa FMR, Brgy. Sapa, Claver, Surigao del Norte | 15,000,000","Construction of Brgy. Sapa FMR, Brgy. Sapa, Claver, Surigao del Norte | 15,000,000",[],[],candidate; verify PAP/project level and amount against PDF
Department of Agriculture,Farm-to-Market Roads,"","","Opening and Concreting of Sitio Balugbog, Brgy. Soloc FMR, Brgy. Soloc, Lobo, Batangas",15000000,2 - HB 10858 VOL IB.pdf,696,"Opening and Concreting of Sitio Balugbog, Brgy. Soloc FMR, Brgy. Soloc, Lobo, Batangas | 15,000,000","Opening and Concreting of Sitio Balugbog, Brgy. Soloc FMR, Brgy. Soloc, Lobo, Batangas | 8,400,000 | 15,000,000",[],[],candidate; verify PAP/project level and amount against PDF
Department of Agriculture,Farm-to-Market Roads,"","","Construction of Brgy. Itlugan FMR, Brgy. Itlugan, Rosario, Batangas",15000000,2 - HB 10858 VOL IB.pdf,696,"Construction of Brgy. Itlugan FMR, Brgy. Itlugan, Rosario, Batangas | 15,000,000","Construction of Brgy. Itlugan FMR, Brgy. Itlugan, Rosario, Batangas | 15,000,000",[],[],candidate; verify PAP/project level and amount against PDF
Department of Agriculture,Farm-to-Market Roads,"","","Opening and Concreting of Brgy. San Miguel - Brgy. Tayuman FMR, Brgy. San Miguel and Brgy. Tayuman, Lobo, Batangas",15000000,2 - HB 10858 VOL IB.pdf,696,"Opening and Concreting of Brgy. San Miguel - Brgy. Tayuman FMR, Brgy. San Miguel and Brgy. Tayuman, Lobo, Batangas | 15,000,000","Opening and Concreting of Brgy. San Miguel - Brgy. Tayuman FMR, Brgy. San Miguel | 15,000,000 | and Brgy. Tayuman, Lobo, Batangas",[],[],candidate; verify PAP/project level and amount against PDF
Department of Agriculture,Farm-to-Market Roads,"","","Construction of Purok 6, Brgy. San Isidro FMR, Brgy. San Isidro, Rosario, Batangas",15000000,2 - HB 10858 VOL IB.pdf,696,"Construction of Purok 6, Brgy. San Isidro FMR, Brgy. San Isidro, Rosario, Batangas | 15,000,000","Construction of Purok 6, Brgy. San Isidro FMR, Brgy. San Isidro, Rosario, Batangas | 15,000,000",[],[],candidate; verify PAP/project level and amount against PDF
Department of Agriculture,Farm-to-Market Roads,"","","Construction of Bokig to Beckes, Brgy. Paoay FMR, Brgy. Paoay, Atok, Benguet",15000000,2 - HB 10858 VOL IB.pdf,672,"Construction of Bokig to Beckes, Brgy. Paoay FMR, Brgy. Paoay, Atok, Benguet | 15,000,000","NAME OR PROJECTS | NAME OF PROJECTSPESOS PESOS | PESOS | Construction of Bokig to Beckes, Brgy. Paoay FMR, Brgy. Paoay, Atok, Benguet | 18,000,000 | 15,000,000",[],[],candidate; verify PAP/project level and amount against PDF
Department of Agriculture,Farm-to-Market Roads,"","","Construction of Brgy. Masalukot 2 FMR, Brgy. Masalukot 2, Candelaria, Quezon",15000000,2 - HB 10858 VOL IB.pdf,696,"Construction of Brgy. Masalukot 2 FMR, Brgy. Masalukot 2, Candelaria, Quezon | 15,000,000","Construction of Brgy. Masalukot 2 FMR, Brgy. Masalukot 2, Candelaria, Quezon | 15,000,000",[],[],candidate; verify PAP/project level and amount against PDF
Department of Agriculture,Farm-to-Market Roads,"","","Concreting of Brgy. Bignay 1 to Montecillo FMR, Brgy. Bignay 1 to Montecillo,",15000000,2 - HB 10858 VOL IB.pdf,696,"Concreting of Brgy. Bignay 1 to Montecillo FMR, Brgy. Bignay 1 to Montecillo, | 15,000,000","Concreting of Brgy. Bignay 1 to Montecillo FMR, Brgy. Bignay 1 to Montecillo, | Sariaya, Quezon | 15,000,000",[],[],candidate; verify PAP/project level and amount against PDF
Department of Agriculture,Farm-to-Market Roads,"","","Construction of Alimang, Brgy. Poblacion FMR, Brgy. Poblacion, Sablan, Benguet",15000000,2 - HB 10858 VOL IB.pdf,672,"Construction of Alimang, Brgy. Poblacion FMR, Brgy. Poblacion, Sablan, Benguet | 15,000,000","Construction of Alimang, Brgy. Poblacion FMR, Brgy. Poblacion, Sablan, Benguet | 20,000,000 | 15,000,000",[],[],candidate; verify PAP/project level and amount against PDF
Department of Agriculture,Farm-to-Market Roads,"","","Construction of Brgy. San Isidro to Brgy. Binga FMR, Brgy. San Isidro,",15000000,2 - HB 10858 VOL IB.pdf,724,"Construction of Brgy. San Isidro to Brgy. Binga FMR, Brgy. San Isidro, | 15,000,000","15,000,000 | Construction of Brgy. San Isidro to Brgy. Binga FMR, Brgy. San Isidro, | Mainit, Surigao del Norte",[],[],candidate; verify PAP/project level and amount against PDF
Department of Agriculture,Farm-to-Market Roads,"","","Construction of Brgy. San Miguel FMR, Brgy. San Miguel, Mutia, Zamboanga del Norte",15000000,2 - HB 10858 VOL IB.pdf,716,"Construction of Brgy. San Miguel FMR, Brgy. San Miguel, Mutia, Zamboanga del Norte | 15,000,000","15,000,000 | Construction of Brgy. San Miguel FMR, Brgy. San Miguel, Mutia, Zamboanga del Norte",[],[],candidate; verify PAP/project level and amount against PDF
Department of Agriculture,Farm-to-Market Roads,"","","Construction of Baguio Animal Breeding Research Center (BABRC), Brgy. Dontogan FMR Phase II, Brgy. Dontogan, Baguio City",15000000,2 - HB 10858 VOL IB.pdf,672,"Construction of Baguio Animal Breeding Research Center (BABRC), Brgy. Dontogan FMR Phase II, Brgy. Dontogan, Baguio City | 15,000,000","Construction of Baguio Animal Breeding Research Center (BABRC), Brgy. Dontogan FMR | 10,000,000 | Phase II, Brgy. Dontogan, Baguio City | 15,000,000",[],[],candidate; verify PAP/project level and amount against PDF
Department of Agriculture,Farm-to-Market Roads,"","","Construction of Purok 9-D, Brgy. Alejal FMR, Brgy. Alejal, Carmen, Davao del Norte",15000000,2 - HB 10858 VOL IB.pdf,720,"Construction of Purok 9-D, Brgy. Alejal FMR, Brgy. Alejal, Carmen, Davao del Norte | 15,000,000","Construction of Purok 9-D, Brgy. Alejal FMR, Brgy. Alejal, Carmen, Davao del Norte | 15,000,000",[],[],candidate; verify PAP/project level and amount against PDF
Department of Agriculture,Farm-to-Market Roads,"","","Construction of Avas, Brgy. Sarayan FMR Phase I, Brgy. Sarayan, President Roxas, Cotabato",15000000,2 - HB 10858 VOL IB.pdf,720,"Construction of Avas, Brgy. Sarayan FMR Phase I, Brgy. Sarayan, President Roxas, Cotabato | 15,000,000","Construction of Avas, Brgy. Sarayan FMR Phase I, Brgy. Sarayan, President Roxas, Cotabato | 15,000,000",[],[],candidate; verify PAP/project level and amount against PDF
Department of Agriculture,Farm-to-Market Roads,"","","Construction of Brgy. Calican FMR, Brgy. Calican, Pinan, Zamboanga del Norte",15000000,2 - HB 10858 VOL IB.pdf,716,"Construction of Brgy. Calican FMR, Brgy. Calican, Pinan, Zamboanga del Norte | 15,000,000","Construction of Brgy. Calican FMR, Brgy. Calican, Pinan, Zamboanga del Norte | 15,000,000",[],[],candidate; verify PAP/project level and amount against PDF
Department of Agriculture,Farm-to-Market Roads,"","","Construction of Sitio Sanlab, Napalico to Centro Kulaman Valley to Centro Sumalili FMR Phase I, Brgy. Napalico, Brgy. Kulaman Valley, and Brgy. Sumalili, Arakan, Cotabato",15000000,2 - HB 10858 VOL IB.pdf,720,"Construction of Sitio Sanlab, Napalico to Centro Kulaman Valley to Centro Sumalili FMR Phase I, Brgy. Napalico, Brgy. Kulaman Valley, and Brgy. Sumalili, Arakan, Cotabato | 15,000,000","Construction of Sitio Sanlab, Napalico to Centro Kulaman Valley to Centro Sumalili FMR | 50,000,000 | Phase I, Brgy. Napalico, Brgy. Kulaman Valley, and Brgy. Sumalili, Arakan, Cotabato | 15,000,000",[],[],candidate; verify PAP/project level and amount against PDF
Department of Agriculture,Farm-to-Market Roads,"","","Construction of Brgy. Soguilon FMR, Siayan, Zamboanga del Norte",15000000,2 - HB 10858 VOL IB.pdf,716,"Construction of Brgy. Soguilon FMR, Siayan, Zamboanga del Norte | 15,000,000","15,000,000 | Construction of Brgy. Soguilon FMR, Siayan, Zamboanga del Norte",[],[],candidate; verify PAP/project level and amount against PDF
Department of Agriculture,Farm-to-Market Roads,"","","Construction of Minapan to Kanibong FMR Phase I, Brgy. Minapan and Brgy. Kanibong,",15000000,2 - HB 10858 VOL IB.pdf,722,"Construction of Minapan to Kanibong FMR Phase I, Brgy. Minapan and Brgy. Kanibong, | 15,000,000","NAME OR PROJECTS | NAME OF PROJECTSPESOS PESOS | NUMBER “1”  | PESOS | Construction of Minapan to Kanibong FMR Phase I, Brgy. Minapan and Brgy. Kanibong, | Tulunan, Cotabato | 15,000,000",[],[],candidate; verify PAP/project level and amount against PDF
Department of Agriculture,Farm-to-Market Roads,"","","Construction of Brgy. Joaquin Macias FMR, Sindangan, Zamboanga del Norte",15000000,2 - HB 10858 VOL IB.pdf,716,"Construction of Brgy. Joaquin Macias FMR, Sindangan, Zamboanga del Norte | 15,000,000","15,000,000 | Construction of Brgy. Joaquin Macias FMR, Sindangan, Zamboanga del Norte",[],[],candidate; verify PAP/project level and amount against PDF
Department of Agriculture,Farm-to-Market Roads,"","","Construction of Brgy. Kipit FMR Phase II, Brgy. Kipit, Labason, Zamboanga del Norte",15000000,2 - HB 10858 VOL IB.pdf,717,"Construction of Brgy. Kipit FMR Phase II, Brgy. Kipit, Labason, Zamboanga del Norte | 15,000,000","NAME OR PROJECTS | NAME OF PROJECTSPESOS | NAME OF PROJECTS | PESOS | Construction of Brgy. Kipit FMR Phase II, Brgy. Kipit, Labason, Zamboanga del Norte | 15,000,000",[],[],candidate; verify PAP/project level and amount against PDF
Department of Agriculture,Farm-to-Market Roads,"","","Construction of Purok 2 - Purok 3 - Purok 4, Brgy. New Consolacion FMR Phase I,",15000000,2 - HB 10858 VOL IB.pdf,722,"Construction of Purok 2 - Purok 3 - Purok 4, Brgy. New Consolacion FMR Phase I, | 15,000,000","Construction of Purok 2 - Purok 3 - Purok 4, Brgy. New Consolacion FMR Phase I, | Brgy. New Consolacion, M'lang, Cotabato | 15,000,000",[],[],candidate; verify PAP/project level and amount against PDF
Department of Agriculture,Farm-to-Market Roads,"","","Construction of Brgy. Balagunan FMR, Siocon, Zamboanga del Norte",15000000,2 - HB 10858 VOL IB.pdf,717,"Construction of Brgy. Balagunan FMR, Siocon, Zamboanga del Norte | 15,000,000","Construction of Brgy. Balagunan FMR, Siocon, Zamboanga del Norte | 15,000,000",[],[],candidate; verify PAP/project level and amount against PDF
Department of Agriculture,Farm-to-Market Roads,"","","Construction of Brgy. Malating FMR, Ramon Magsaysay, Zamboanga del Sur",15000000,2 - HB 10858 VOL IB.pdf,717,"Construction of Brgy. Malating FMR, Ramon Magsaysay, Zamboanga del Sur | 15,000,000","Construction of Brgy. Malating FMR, Ramon Magsaysay, Zamboanga del Sur | 15,000,000",[],[],candidate; verify PAP/project level and amount against PDF
Department of Agriculture,Farm-to-Market Roads,"","","Construction of Brgy. Cebuneg FMR, Brgy. Cebuneg, Aurora, Zamboanga del Sur",15000000,2 - HB 10858 VOL IB.pdf,717,"Construction of Brgy. Cebuneg FMR, Brgy. Cebuneg, Aurora, Zamboanga del Sur | 15,000,000","Construction of Brgy. Cebuneg FMR, Brgy. Cebuneg, Aurora, Zamboanga del Sur | 15,000,000",[],[],candidate; verify PAP/project level and amount against PDF
Department of Agriculture,Farm-to-Market Roads,"","","Construction of Brgy. Nancalabasaan - Brgy. Don Montano FMR, Brgy. Nancalabasaan and",15000000,2 - HB 10858 VOL IB.pdf,672,"Construction of Brgy. Nancalabasaan - Brgy. Don Montano FMR, Brgy. Nancalabasaan and | 15,000,000","Construction of Brgy. Nancalabasaan - Brgy. Don Montano FMR, Brgy. Nancalabasaan and | Brgy. Don Montano, Umingan, Pangasinan | 15,000,000",[],[],candidate; verify PAP/project level and amount against PDF
Department of Agriculture,Farm-to-Market Roads,"","","Concreting of Brgy. Sambong FMR, Brgy, Sambong, Tagaytay City, Cavite",15000000,2 - HB 10858 VOL IB.pdf,698,"Concreting of Brgy. Sambong FMR, Brgy, Sambong, Tagaytay City, Cavite | 15,000,000","25,000,000 | Concreting of Brgy. Sambong FMR, Brgy, Sambong, Tagaytay City, Cavite | 15,000,000",[],[],candidate; verify PAP/project level and amount against PDF
Department of Agriculture,Farm-to-Market Roads,"","","Concreting of Sitio Liangan, Brgy. Kabatan to Lunib FMR, Brgy. Kabatan, Vincenzo Sagun, Zamboanga del Sur",15000000,2 - HB 10858 VOL IB.pdf,717,"Concreting of Sitio Liangan, Brgy. Kabatan to Lunib FMR, Brgy. Kabatan, Vincenzo Sagun, Zamboanga del Sur | 15,000,000","Concreting of Sitio Liangan, Brgy. Kabatan to Lunib FMR, Brgy. Kabatan, Vincenzo Sagun, Zamboanga | del Sur | 15,000,000",[],[],candidate; verify PAP/project level and amount against PDF
Department of Agriculture,Farm-to-Market Roads,"","","Opening and Concreting of Brgy. Santa Veronica FMR, Brgy. Santa Veronica, San Pablo City, Laguna",15000000,2 - HB 10858 VOL IB.pdf,698,"Opening and Concreting of Brgy. Santa Veronica FMR, Brgy. Santa Veronica, San Pablo City, Laguna | 15,000,000","8,000,000 | Opening and Concreting of Brgy. Santa Veronica FMR, Brgy. Santa Veronica, | San Pablo City, Laguna | 15,000,000",[],[],candidate; verify PAP/project level and amount against PDF
Department of Agriculture,Farm-to-Market Roads,"","","Concreting of Brgy. Balibago FMR, Brgy. Balibago, Lobo, Batangas",15000000,2 - HB 10858 VOL IB.pdf,698,"Concreting of Brgy. Balibago FMR, Brgy. Balibago, Lobo, Batangas | 15,000,000","Concreting of Brgy. Balibago FMR, Brgy. Balibago, Lobo, Batangas | 15,000,000",[],[],candidate; verify PAP/project level and amount against PDF
Department of Agriculture,Farm-to-Market Roads,"","","Opening and Concreting of Brgy. Dolores FMR, Brgy. Dolores, San Pablo City, Laguna",15000000,2 - HB 10858 VOL IB.pdf,698,"Opening and Concreting of Brgy. Dolores FMR, Brgy. Dolores, San Pablo City, Laguna | 15,000,000","15,000,000 | Opening and Concreting of Brgy. Dolores FMR, Brgy. Dolores, San Pablo City, Laguna",[],[],candidate; verify PAP/project level and amount against PDF
Department of Agriculture,Farm-to-Market Roads,"","","Concreting of Brgy. Papaya FMR, Brgy. Papaya, Tingloy, Batangas Section 1: START: 13.637293, 120.885406",15000000,2 - HB 10858 VOL IB.pdf,698,"Concreting of Brgy. Papaya FMR, Brgy. Papaya, Tingloy, Batangas Section 1: START: 13.637293, 120.885406 | 15,000,000","Concreting of Brgy. Papaya FMR, Brgy. Papaya, Tingloy, Batangas | Section 1: START: 13.637293, 120.885406 | 15,000,000",[],[],candidate; verify PAP/project level and amount against PDF
Department of Agriculture,Farm-to-Market Roads,"","","Construction of Brgy. Lunib FMR, Vincenzo A. Sagun, Zamboanga del Sur",15000000,2 - HB 10858 VOL IB.pdf,717,"Construction of Brgy. Lunib FMR, Vincenzo A. Sagun, Zamboanga del Sur | 15,000,000","Construction of Brgy. Lunib FMR, Vincenzo A. Sagun, Zamboanga del Sur | 15,000,000",[],[],candidate; verify PAP/project level and amount against PDF
Department of Agriculture,Farm-to-Market Roads,"","","Construction of Road 10, Brgy. Paradise - Brgy. Sampoli B FMR, Diplahan, Zamboanga Sibugay",15000000,2 - HB 10858 VOL IB.pdf,717,"Construction of Road 10, Brgy. Paradise - Brgy. Sampoli B FMR, Diplahan, Zamboanga Sibugay | 15,000,000","Construction of Road 10, Brgy. Paradise - Brgy. Sampoli B FMR, Diplahan, Zamboanga Sibugay | 15,000,000",[],[],candidate; verify PAP/project level and amount against PDF
Department of Agriculture,Farm-to-Market Roads,"","","Construction of Brgy. Agot FMR, Boac, Marinduque",15000000,2 - HB 10858 VOL IB.pdf,698,"Construction of Brgy. Agot FMR, Boac, Marinduque | 15,000,000","10,000,000 | REGION IVB - MIMAROPA | 1,005,350,000 | Construction of Brgy. Agot FMR, Boac, Marinduque | 15,000,000",[],[],candidate; verify PAP/project level and amount against PDF
Department of Agriculture,Farm-to-Market Roads,"","","Construction of Brgy. San Isidro - Lafurtuna FMR, Brgy. San Isidro to Brgy. Lafurtuna, Payao, Zamboanga Sibugay",15000000,2 - HB 10858 VOL IB.pdf,717,"Construction of Brgy. San Isidro - Lafurtuna FMR, Brgy. San Isidro to Brgy. Lafurtuna, Payao, Zamboanga Sibugay | 15,000,000","Construction of Brgy. San Isidro - Lafurtuna FMR, Brgy. San Isidro to Brgy. Lafurtuna, | Payao, Zamboanga Sibugay | 15,000,000",[],[],candidate; verify PAP/project level and amount against PDF
Department of Agriculture,Farm-to-Market Roads,"","","Construction of Brgy. Morales FMR, Brgy. Morales, Santa Cruz, Marinduque",15000000,2 - HB 10858 VOL IB.pdf,698,"Construction of Brgy. Morales FMR, Brgy. Morales, Santa Cruz, Marinduque | 15,000,000","15,000,000 | 10,000,000 | Construction of Brgy. Morales FMR, Brgy. Morales, Santa Cruz, Marinduque",[],[],candidate; verify PAP/project level and amount against PDF
Department of Agriculture,Farm-to-Market Roads,"","","Concreting of Purok Makiangayon, Brgy. Esperanza to Purok Sampaguita, Brgy. New Pangasinan FMR",15000000,2 - HB 10858 VOL IB.pdf,722,"Concreting of Purok Makiangayon, Brgy. Esperanza to Purok Sampaguita, Brgy. New Pangasinan FMR | 15,000,000","Concreting of Purok Makiangayon, Brgy. Esperanza to Purok Sampaguita, Brgy. New Pangasinan FMR | Phase II, Brgy. New Pangasinan, Koronadal City, South Cotabato | 15,000,000",[],[],candidate; verify PAP/project level and amount against PDF
Department of Agriculture,Farm-to-Market Roads,"","","Construction of Brgy. Balansay FMR, Brgy. Balansay, Mamburao, Occidental Mindoro",15000000,2 - HB 10858 VOL IB.pdf,698,"Construction of Brgy. Balansay FMR, Brgy. Balansay, Mamburao, Occidental Mindoro | 15,000,000","5,000,000 | Construction of Brgy. Balansay FMR, Brgy. Balansay, Mamburao, Occidental Mindoro | 15,000,000",[],[],candidate; verify PAP/project level and amount against PDF
Department of Agriculture,Farm-to-Market Roads,"","","Construction of Brgy. Timalang FMR, Brgy. Timalang, Ipil, Zamboanga Sibugay",15000000,2 - HB 10858 VOL IB.pdf,717,"Construction of Brgy. Timalang FMR, Brgy. Timalang, Ipil, Zamboanga Sibugay | 15,000,000","Construction of Brgy. Timalang FMR, Brgy. Timalang, Ipil, Zamboanga Sibugay | 15,000,000",[],[],candidate; verify PAP/project level and amount against PDF
Department of Agriculture,Farm-to-Market Roads,"","","Construction of Brgy. Gapasan FMR, Brgy. Gapasan, Magsaysay, Occidental Mindoro",15000000,2 - HB 10858 VOL IB.pdf,698,"Construction of Brgy. Gapasan FMR, Brgy. Gapasan, Magsaysay, Occidental Mindoro | 15,000,000","5,000,000 | Construction of Brgy. Gapasan FMR, Brgy. Gapasan, Magsaysay, Occidental Mindoro | 15,000,000",[],[],candidate; verify PAP/project level and amount against PDF
Department of Agriculture,Farm-to-Market Roads,"","","Construction of Sitio Pisaan, Brgy. Marsolo FMR, Brgy. Marsolo, Naga, Zamboanga Sibugay",15000000,2 - HB 10858 VOL IB.pdf,717,"Construction of Sitio Pisaan, Brgy. Marsolo FMR, Brgy. Marsolo, Naga, Zamboanga Sibugay | 15,000,000","Construction of Sitio Pisaan, Brgy. Marsolo FMR, Brgy. Marsolo, Naga, Zamboanga Sibugay | 15,000,000",[],[],candidate; verify PAP/project level and amount against PDF
Department of Agriculture,Farm-to-Market Roads,"","","Construction of Brgy. Catwiran I FMR, Brgy. Catwiran I, Baco, Oriental Mindoro",15000000,2 - HB 10858 VOL IB.pdf,698,"Construction of Brgy. Catwiran I FMR, Brgy. Catwiran I, Baco, Oriental Mindoro | 15,000,000","5,000,000 | Construction of Brgy. Catwiran I FMR, Brgy. Catwiran I, Baco, Oriental Mindoro | 15,000,000",[],[],candidate; verify PAP/project level and amount against PDF
Department of Agriculture,Farm-to-Market Roads,"","","Construction of Brgy. Tandu Patong FMR, Brgy. Tandu Patong, Maimbung, Sulu",15000000,2 - HB 10858 VOL IB.pdf,717,"Construction of Brgy. Tandu Patong FMR, Brgy. Tandu Patong, Maimbung, Sulu | 15,000,000","Construction of Brgy. Tandu Patong FMR, Brgy. Tandu Patong, Maimbung, Sulu | 15,000,000",[],[],candidate; verify PAP/project level and amount against PDF
Department of Agriculture,Farm-to-Market Roads,"","","Construction of Brgy. Mahabang Parang FMR, Brgy. Mahabang Parang, Naujan, Oriental Mindoro",15000000,2 - HB 10858 VOL IB.pdf,698,"Construction of Brgy. Mahabang Parang FMR, Brgy. Mahabang Parang, Naujan, Oriental Mindoro | 15,000,000","Construction of Brgy. Mahabang Parang FMR, Brgy. Mahabang Parang, | 10,000,000 | Naujan, Oriental Mindoro | 15,000,000",[],[],candidate; verify PAP/project level and amount against PDF
Department of Agriculture,Farm-to-Market Roads,"","","Construction of Brgy. Pantao FMR, Brgy. Pantao, Talipao, Sulu",15000000,2 - HB 10858 VOL IB.pdf,717,"Construction of Brgy. Pantao FMR, Brgy. Pantao, Talipao, Sulu | 15,000,000","Construction of Brgy. Pantao FMR, Brgy. Pantao, Talipao, Sulu | 15,000,000",[],[],candidate; verify PAP/project level and amount against PDF
Department of Agriculture,Farm-to-Market Roads,"","","Construction of Brgy. Odiong FMR, Brgy. Odiong, Roxas, Oriental Mindoro",15000000,2 - HB 10858 VOL IB.pdf,698,"Construction of Brgy. Odiong FMR, Brgy. Odiong, Roxas, Oriental Mindoro | 15,000,000","Construction of Brgy. Odiong FMR, Brgy. Odiong, Roxas, Oriental Mindoro | 10,000,000 | 15,000,000",[],[],candidate; verify PAP/project level and amount against PDF
Department of Agriculture,Farm-to-Market Roads,"","","Construction of Sitio Lukbu Brgy. Saimbangon FMR, Brgy. Saimbangon, Pata, Sulu",15000000,2 - HB 10858 VOL IB.pdf,717,"Construction of Sitio Lukbu Brgy. Saimbangon FMR, Brgy. Saimbangon, Pata, Sulu | 15,000,000","Construction of Sitio Lukbu Brgy. Saimbangon FMR, Brgy. Saimbangon, Pata, Sulu | 15,000,000",[],[],candidate; verify PAP/project level and amount against PDF
Department of Agriculture,Farm-to-Market Roads,"","","Construction of Sitio Dalandan II, Brgy. A. Bonifacio FMR, Brgy. A. Bonifacio, Gloria, Oriental Mindoro",15000000,2 - HB 10858 VOL IB.pdf,698,"Construction of Sitio Dalandan II, Brgy. A. Bonifacio FMR, Brgy. A. Bonifacio, Gloria, Oriental Mindoro | 15,000,000","Construction of Sitio Dalandan II, Brgy. A. Bonifacio FMR, Brgy. A. Bonifacio, | 10,000,000 | Gloria, Oriental Mindoro | 15,000,000",[],[],candidate; verify PAP/project level and amount against PDF
Department of Agriculture,Farm-to-Market Roads,"","","Construction of Brgy. Jinggan FMR, Brgy. Jinggan, Panglima Estino, Sulu",15000000,2 - HB 10858 VOL IB.pdf,717,"Construction of Brgy. Jinggan FMR, Brgy. Jinggan, Panglima Estino, Sulu | 15,000,000","Construction of Brgy. Jinggan FMR, Brgy. Jinggan, Panglima Estino, Sulu | 15,000,000",[],[],candidate; verify PAP/project level and amount against PDF
Department of Agriculture,Farm-to-Market Roads,"","","Construction of Purok Norte to Purok Ipil, Brgy. Bato FMR, Brgy. Bato, Taytay, Palawan",15000000,2 - HB 10858 VOL IB.pdf,698,"Construction of Purok Norte to Purok Ipil, Brgy. Bato FMR, Brgy. Bato, Taytay, Palawan | 15,000,000","10,000,000 | Construction of Purok Norte to Purok Ipil, Brgy. Bato FMR, Brgy. Bato, Taytay, Palawan | 15,000,000",[],[],candidate; verify PAP/project level and amount against PDF
Department of Agriculture,Farm-to-Market Roads,"","","Concreting of Purok Namnama, Brgy. Poblacion FMR Phase II, Brgy. Poblacion, Tantangan, South Cotabato",15000000,2 - HB 10858 VOL IB.pdf,722,"Concreting of Purok Namnama, Brgy. Poblacion FMR Phase II, Brgy. Poblacion, Tantangan, South Cotabato | 15,000,000","Concreting of Purok Namnama, Brgy. Poblacion FMR Phase II, Brgy. Poblacion, | Tantangan, South Cotabato | 15,000,000",[],[],candidate; verify PAP/project level and amount against PDF
Department of Agriculture,Farm-to-Market Roads,"","","Construction of Sitio Old Pancol, Brgy. Pancol FMR, Brgy. Pancol, Taytay, Palawan",15000000,2 - HB 10858 VOL IB.pdf,698,"Construction of Sitio Old Pancol, Brgy. Pancol FMR, Brgy. Pancol, Taytay, Palawan | 15,000,000","Construction of Sitio Old Pancol, Brgy. Pancol FMR, Brgy. Pancol, Taytay, Palawan | 5,000,000 | 15,000,000",[],[],candidate; verify PAP/project level and amount against PDF
Department of Agriculture,Farm-to-Market Roads,"","","Construction of Brgy. Iraray FMR, Brgy. Iraray, Sofronio Española, Palawan",15000000,2 - HB 10858 VOL IB.pdf,700,"Construction of Brgy. Iraray FMR, Brgy. Iraray, Sofronio Española, Palawan | 15,000,000","NAME OR PROJECTS | NAME OF PROJECTSPESOS PESOS | NUMBER “1”  | PESOS | Construction of Brgy. Iraray FMR, Brgy. Iraray, Sofronio Española, Palawan | 15,000,000",[],[],candidate; verify PAP/project level and amount against PDF
Department of Agriculture,Farm-to-Market Roads,"","","Construction of Brgy. Anduyan FMR, Brgy. Anduyan, Tubao, La Union",15000000,2 - HB 10858 VOL IB.pdf,668,"Construction of Brgy. Anduyan FMR, Brgy. Anduyan, Tubao, La Union | 15,000,000","Construction of Brgy. Anduyan FMR, Brgy. Anduyan, Tubao, La Union | 10,000,000 | 15,000,000",[],[],candidate; verify PAP/project level and amount against PDF
Department of Agriculture,Farm-to-Market Roads,"","","Construction of Brgy. Manalo FMR, Brgy. Manalo, Puerto Princesa City, Palawan",15000000,2 - HB 10858 VOL IB.pdf,700,"Construction of Brgy. Manalo FMR, Brgy. Manalo, Puerto Princesa City, Palawan | 15,000,000","Construction of Brgy. Manalo FMR, Brgy. Manalo, Puerto Princesa City, Palawan | 15,000,000",[],[],candidate; verify PAP/project level and amount against PDF
Department of Agriculture,Farm-to-Market Roads,"","","Construction of Sitio Carad, Brgy. Tubburan FMR, Brgy. Tubburan, Bacarra, Ilocos Norte",15000000,2 - HB 10858 VOL IB.pdf,668,"Construction of Sitio Carad, Brgy. Tubburan FMR, Brgy. Tubburan, Bacarra, Ilocos Norte | 15,000,000","10,000,000 | Construction of Sitio Carad, Brgy. Tubburan FMR, Brgy. Tubburan, Bacarra, Ilocos Norte | 15,000,000",[],[],candidate; verify PAP/project level and amount against PDF
Department of Agriculture,Farm-to-Market Roads,"","","Construction of Brgy. Plaridel FMR, Brgy. Plaridel, Aborlan, Palawan",15000000,2 - HB 10858 VOL IB.pdf,700,"Construction of Brgy. Plaridel FMR, Brgy. Plaridel, Aborlan, Palawan | 15,000,000","Construction of Brgy. Plaridel FMR, Brgy. Plaridel, Aborlan, Palawan | 15,000,000",[],[],candidate; verify PAP/project level and amount against PDF
Department of Agriculture,Farm-to-Market Roads,"","","Construction of Brgy. Alangilan - Brgy. Tuy-a FMR, Brgy. Alangilan and Brgy. Tuy-a,",15000000,2 - HB 10858 VOL IB.pdf,714,"Construction of Brgy. Alangilan - Brgy. Tuy-a FMR, Brgy. Alangilan and Brgy. Tuy-a, | 15,000,000","15,000,000 | Construction of Brgy. Alangilan - Brgy. Tuy-a FMR, Brgy. Alangilan and Brgy. Tuy-a, | Abuyog, Leyte",[],[],candidate; verify PAP/project level and amount against PDF
Department of Agriculture,Farm-to-Market Roads,"","","Construction of Brgy. Taclobo to Brgy. Pili FMR, Brgy. Taclobo, San Fernando, Romblon",15000000,2 - HB 10858 VOL IB.pdf,700,"Construction of Brgy. Taclobo to Brgy. Pili FMR, Brgy. Taclobo, San Fernando, Romblon | 15,000,000","Construction of Brgy. Taclobo to Brgy. Pili FMR, Brgy. Taclobo, San Fernando, Romblon | 15,000,000",[],[],candidate; verify PAP/project level and amount against PDF
Department of Agriculture,Farm-to-Market Roads,"","","Construction of Sitio Tagaytay, Brgy. Tulay FMR, Brgy. Tulay, Odiongan, Romblon",15000000,2 - HB 10858 VOL IB.pdf,700,"Construction of Sitio Tagaytay, Brgy. Tulay FMR, Brgy. Tulay, Odiongan, Romblon | 15,000,000","Construction of Sitio Tagaytay, Brgy. Tulay FMR, Brgy. Tulay, Odiongan, Romblon | 15,000,000",[],[],candidate; verify PAP/project level and amount against PDF
Department of Agriculture,Farm-to-Market Roads,"","","Construction of Brgy. San Roque FMR, Brgy. San Roque, Marabut, Samar",15000000,2 - HB 10858 VOL IB.pdf,714,"Construction of Brgy. San Roque FMR, Brgy. San Roque, Marabut, Samar | 15,000,000","Construction of Brgy. San Roque FMR, Brgy. San Roque, Marabut, Samar | 15,000,000",[],[],candidate; verify PAP/project level and amount against PDF
Department of Agriculture,Farm-to-Market Roads,"","","Construction of Lower Balacbac, Brgy. Sto. Tomas Proper FMR Phase I, Brgy. Sto. Tomas Proper, Baguio City",15000000,2 - HB 10858 VOL IB.pdf,672,"Construction of Lower Balacbac, Brgy. Sto. Tomas Proper FMR Phase I, Brgy. Sto. Tomas Proper, Baguio City | 15,000,000","15,000,000 | Construction of Lower Balacbac, Brgy. Sto. Tomas Proper FMR Phase I, | Brgy. Sto. Tomas Proper, Baguio City",[],[],candidate; verify PAP/project level and amount against PDF
Department of Agriculture,Farm-to-Market Roads,"","","Construction of PRJ Sitio Luagon to Proper Brgy. Gamut FMR, Gamut, Barobo, Surigao del Sur",15000000,2 - HB 10858 VOL IB.pdf,724,"Construction of PRJ Sitio Luagon to Proper Brgy. Gamut FMR, Gamut, Barobo, Surigao del Sur | 15,000,000","Construction of PRJ Sitio Luagon to Proper Brgy. Gamut FMR, Gamut, | Barobo, Surigao del Sur | 15,000,000",[],[],candidate; verify PAP/project level and amount against PDF
Department of Agriculture,Farm-to-Market Roads,"","","Concreting of Daray-Asen Sapang, Brgy. San Vicente FMR, Brgy. San Vicente,",15000000,2 - HB 10858 VOL IB.pdf,672,"Concreting of Daray-Asen Sapang, Brgy. San Vicente FMR, Brgy. San Vicente, | 15,000,000","Concreting of Daray-Asen Sapang, Brgy. San Vicente FMR, Brgy. San Vicente, | Alaminos City, Pangasinan | 15,000,000",[],[],candidate; verify PAP/project level and amount against PDF
Department of Agriculture,Farm-to-Market Roads,"","","Construction of Busilac-Laya FMR, Brgy. Busilac, Alfonso Lista, Ifugao",15000000,2 - HB 10858 VOL IB.pdf,672,"Construction of Busilac-Laya FMR, Brgy. Busilac, Alfonso Lista, Ifugao | 15,000,000","15,000,000 | Construction of Busilac-Laya FMR, Brgy. Busilac, Alfonso Lista, Ifugao",[],[],candidate; verify PAP/project level and amount against PDF
Department of Agriculture,Farm-to-Market Roads,"","","Construction of Brgy. Cawayan FMR, Brgy. Cawayan, Bongabon, Oriental Mindoro",15000000,2 - HB 10858 VOL IB.pdf,700,"Construction of Brgy. Cawayan FMR, Brgy. Cawayan, Bongabon, Oriental Mindoro | 15,000,000","Construction of Brgy. Cawayan FMR, Brgy. Cawayan, Bongabon, Oriental Mindoro | 15,000,000",[],[],candidate; verify PAP/project level and amount against PDF
Department of Agriculture,Farm-to-Market Roads,"","","Concreting of Brgy. Tuyo - Brgy. Wilson - Brgy. Ormocay FMR, Brgy. Tuyo, MacArthur",15000000,2 - HB 10858 VOL IB.pdf,714,"Concreting of Brgy. Tuyo - Brgy. Wilson - Brgy. Ormocay FMR, Brgy. Tuyo, MacArthur | 15,000,000","15,000,000 | Concreting of Brgy. Tuyo - Brgy. Wilson - Brgy. Ormocay FMR, Brgy. Tuyo, MacArthur | and Brgy. Wilson and Brgy. Ormocay, Mayorga, Leyte",[],[],candidate; verify PAP/project level and amount against PDF
Department of Agriculture,Farm-to-Market Roads,"","","Construction of Brgy. Libertad FMR, Brgy. Libertad, Bongabong, Oriental Mindoro",15000000,2 - HB 10858 VOL IB.pdf,700,"Construction of Brgy. Libertad FMR, Brgy. Libertad, Bongabong, Oriental Mindoro | 15,000,000","Construction of Brgy. Libertad FMR, Brgy. Libertad, Bongabong, Oriental Mindoro | 15,000,000",[],[],candidate; verify PAP/project level and amount against PDF
Department of Agriculture,Farm-to-Market Roads,"","","Construction of Sitio Malutok, Brgy. Ransang FMR, Brgy. Ransang, Rizal, Palawan",15000000,2 - HB 10858 VOL IB.pdf,700,"Construction of Sitio Malutok, Brgy. Ransang FMR, Brgy. Ransang, Rizal, Palawan | 15,000,000","45,000,000 | 15,000,000 | Construction of Sitio Malutok, Brgy. Ransang FMR, Brgy. Ransang, Rizal, Palawan",[],[],candidate; verify PAP/project level and amount against PDF
Department of Agriculture,Farm-to-Market Roads,"","","Concreting of Sitio Bigat Road, Brgy. Awile FMR, Brgy. Awile, Anda, Pangasinan",15000000,2 - HB 10858 VOL IB.pdf,672,"Concreting of Sitio Bigat Road, Brgy. Awile FMR, Brgy. Awile, Anda, Pangasinan | 15,000,000","Concreting of Sitio Bigat Road, Brgy. Awile FMR, Brgy. Awile, Anda, Pangasinan | 15,000,000",[],[],candidate; verify PAP/project level and amount against PDF
Department of Agriculture,Farm-to-Market Roads,"","","Construction of Brgy. San Isidro FMR, Brgy. San Isidro, Talakag, Palawan",15000000,2 - HB 10858 VOL IB.pdf,700,"Construction of Brgy. San Isidro FMR, Brgy. San Isidro, Talakag, Palawan | 15,000,000","20,000,000 | Construction of Brgy. San Isidro FMR, Brgy. San Isidro, Talakag, Palawan | 15,000,000",[],[],candidate; verify PAP/project level and amount against PDF
Department of Agriculture,Farm-to-Market Roads,"","","Construction of Purok 2 to Purok 1, Sitio Pugo, Brgy. San Juan FMR, Brgy. San Juan, Alfonso Lista, Ifugao",15000000,2 - HB 10858 VOL IB.pdf,672,"Construction of Purok 2 to Purok 1, Sitio Pugo, Brgy. San Juan FMR, Brgy. San Juan, Alfonso Lista, Ifugao | 15,000,000","Construction of Purok 2 to Purok 1, Sitio Pugo, Brgy. San Juan FMR, Brgy. San Juan, | 15,000,000 | Alfonso Lista, Ifugao",[],[],candidate; verify PAP/project level and amount against PDF
Department of Agriculture,Farm-to-Market Roads,"","","Construction of Montapet, Brgy. Ambalgan FMR, Brgy. Ambalgan, Sto. Niño, South Cotabato",15000000,2 - HB 10858 VOL IB.pdf,722,"Construction of Montapet, Brgy. Ambalgan FMR, Brgy. Ambalgan, Sto. Niño, South Cotabato | 15,000,000","Construction of Montapet, Brgy. Ambalgan FMR, Brgy. Ambalgan, Sto. Niño, South Cotabato | 15,000,000",[],[],candidate; verify PAP/project level and amount against PDF
Department of Agriculture,Farm-to-Market Roads,"","","Construction of Brgy. Papandungin to Brgy. Malayong FMR, Gloria, Oriental Mindoro",15000000,2 - HB 10858 VOL IB.pdf,700,"Construction of Brgy. Papandungin to Brgy. Malayong FMR, Gloria, Oriental Mindoro | 15,000,000","Construction of Brgy. Papandungin to Brgy. Malayong FMR, Gloria, Oriental Mindoro | 15,000,000",[],[],candidate; verify PAP/project level and amount against PDF
Department of Agriculture,Farm-to-Market Roads,"","","Concreting of Brgy. Cuatro-Cuatro FMR, Dumalinao, Zamboanga del Sur",15000000,2 - HB 10858 VOL IB.pdf,717,"Concreting of Brgy. Cuatro-Cuatro FMR, Dumalinao, Zamboanga del Sur | 15,000,000","Concreting of Brgy. Cuatro-Cuatro FMR, Dumalinao, Zamboanga del Sur | 15,000,000",[],[],candidate; verify PAP/project level and amount against PDF
Department of Agriculture,Farm-to-Market Roads,"","","Construction of Brgy. Lamfugon to Sitio Tabayung FMR Phase II, Brgy. Lamfugon, Lake Sebu, South Cotabato",15000000,2 - HB 10858 VOL IB.pdf,722,"Construction of Brgy. Lamfugon to Sitio Tabayung FMR Phase II, Brgy. Lamfugon, Lake Sebu, South Cotabato | 15,000,000","Construction of Brgy. Lamfugon to Sitio Tabayung FMR Phase II, Brgy. Lamfugon, | Lake Sebu, South Cotabato | 15,000,000",[],[],candidate; verify PAP/project level and amount against PDF
Department of Agriculture,Farm-to-Market Roads,"","","Construction of Brgy. San Pedro to Fish Landing FMR, Brgy. San Pedro,",15000000,2 - HB 10858 VOL IB.pdf,724,"Construction of Brgy. San Pedro to Fish Landing FMR, Brgy. San Pedro, | 15,000,000","Construction of Brgy. San Pedro to Fish Landing FMR, Brgy. San Pedro, | Alegria, Surigao del Norte | 15,000,000",[],[],candidate; verify PAP/project level and amount against PDF
Department of Agriculture,Farm-to-Market Roads,"","","Construction of Brgy. Diongan FMR, Siayan, Zamboanga del Norte",15000000,2 - HB 10858 VOL IB.pdf,718,"Construction of Brgy. Diongan FMR, Siayan, Zamboanga del Norte | 15,000,000","NAME OR PROJECTS | NAME OF PROJECTSPESOS PESOS | NUMBER “1”  | PESOS | Construction of Brgy. Diongan FMR, Siayan, Zamboanga del Norte | 15,000,000",[],[],candidate; verify PAP/project level and amount against PDF
Department of Agriculture,Farm-to-Market Roads,"","","Concreting of Sitio Bugkong, Brgy. Bugtong na Tuog FMR, Brgy. Bugtong na Tuog, Socorro, Oriental Mindoro",15000000,2 - HB 10858 VOL IB.pdf,700,"Concreting of Sitio Bugkong, Brgy. Bugtong na Tuog FMR, Brgy. Bugtong na Tuog, Socorro, Oriental Mindoro | 15,000,000","Concreting of Sitio Bugkong, Brgy. Bugtong na Tuog FMR, Brgy. Bugtong na Tuog, | 50,000,000 | Socorro, Oriental Mindoro | 15,000,000",[],[],candidate; verify PAP/project level and amount against PDF
Department of Agriculture,Farm-to-Market Roads,"","","Concreting of Brgy. Burabod FMR, Brgy. Burabod, Biliran, Biliran",15000000,2 - HB 10858 VOL IB.pdf,714,"Concreting of Brgy. Burabod FMR, Brgy. Burabod, Biliran, Biliran | 15,000,000","15,000,000 | Concreting of Brgy. Burabod FMR, Brgy. Burabod, Biliran, Biliran",[],[],candidate; verify PAP/project level and amount against PDF
Department of Agriculture,Farm-to-Market Roads,"","","Concreting of Brgy. Water FMR, Brgy. Water, Baco, Oriental Mindoro",15000000,2 - HB 10858 VOL IB.pdf,700,"Concreting of Brgy. Water FMR, Brgy. Water, Baco, Oriental Mindoro | 15,000,000","Concreting of Brgy. Water FMR, Brgy. Water, Baco, Oriental Mindoro | 30,000,000 | 15,000,000",[],[],candidate; verify PAP/project level and amount against PDF
Department of Agriculture,Farm-to-Market Roads,"","","Construction of Purok Luyan, Brgy. Kalanawe 2 to Purok 2, Brgy. Tinaungan FMR, Brgy. Kalanawe 2 and Brgy. Tinaungan, Pres. Quirino, Sultan Kudarat",15000000,2 - HB 10858 VOL IB.pdf,722,"Construction of Purok Luyan, Brgy. Kalanawe 2 to Purok 2, Brgy. Tinaungan FMR, Brgy. Kalanawe 2 and Brgy. Tinaungan, Pres. Quirino, Sultan Kudarat | 15,000,000","Construction of Purok Luyan, Brgy. Kalanawe 2 to Purok 2, Brgy. Tinaungan FMR, | Brgy. Kalanawe 2 and Brgy. Tinaungan, Pres. Quirino, Sultan Kudarat | 15,000,000",[],[],candidate; verify PAP/project level and amount against PDF
Department of Agriculture,Farm-to-Market Roads,"","","Construction of Brgy. Obayan to Brgy. Loctob FMR, Brgy. Obayan and Brgy. Loctob, Pinabacdao, Samar",15000000,2 - HB 10858 VOL IB.pdf,714,"Construction of Brgy. Obayan to Brgy. Loctob FMR, Brgy. Obayan and Brgy. Loctob, Pinabacdao, Samar | 15,000,000","Construction of Brgy. Obayan to Brgy. Loctob FMR, Brgy. Obayan and Brgy. Loctob, | Pinabacdao, Samar | 15,000,000",[],[],candidate; verify PAP/project level and amount against PDF
Department of Agriculture,Farm-to-Market Roads,"","","Construction of Brgy. Salvacion FMR, Brgy. Salvacion, Busuanga, Palawan",15000000,2 - HB 10858 VOL IB.pdf,700,"Construction of Brgy. Salvacion FMR, Brgy. Salvacion, Busuanga, Palawan | 15,000,000","Construction of Brgy. Salvacion FMR, Brgy. Salvacion, Busuanga, Palawan | 15,000,000",[],[],candidate; verify PAP/project level and amount against PDF
Department of Agriculture,Farm-to-Market Roads,"","","Concreting of Brgy. Arangin FMR, Brgy. Arangin, Naujan, Oriental Mindoro",15000000,2 - HB 10858 VOL IB.pdf,700,"Concreting of Brgy. Arangin FMR, Brgy. Arangin, Naujan, Oriental Mindoro | 15,000,000","15,000,000 | Concreting of Brgy. Arangin FMR, Brgy. Arangin, Naujan, Oriental Mindoro",[],[],candidate; verify PAP/project level and amount against PDF
Department of Agriculture,Farm-to-Market Roads,"","","Concreting of JNH Bantogon (Santa Clara) Nursery - Nalugdas FMR Phase I, Brgy. Bantogon, Kalamansig, Sultan Kudarat",15000000,2 - HB 10858 VOL IB.pdf,722,"Concreting of JNH Bantogon (Santa Clara) Nursery - Nalugdas FMR Phase I, Brgy. Bantogon, Kalamansig, Sultan Kudarat | 15,000,000","15,000,000 | Concreting of JNH Bantogon (Santa Clara) Nursery - Nalugdas FMR Phase I, Brgy. Bantogon, | Kalamansig, Sultan Kudarat",[],[],candidate; verify PAP/project level and amount against PDF
Department of Agriculture,Farm-to-Market Roads,"","","Construction of Zone 1 Hanawan FMR, Brgy. Hanawan, Ocampo, Camarines Sur",15000000,2 - HB 10858 VOL IB.pdf,702,"Construction of Zone 1 Hanawan FMR, Brgy. Hanawan, Ocampo, Camarines Sur | 15,000,000","NAME OR PROJECTS | NAME OF PROJECTSPESOS PESOS | PESOS | Construction of Zone 1 Hanawan FMR, Brgy. Hanawan, Ocampo, Camarines Sur | 20,000,000 | 15,000,000",[],[],candidate; verify PAP/project level and amount against PDF
Department of Agriculture,Farm-to-Market Roads,"","","Construction of Tinangis FMR, Brgy. Tinangis, Pili, Camarines Sur",15000000,2 - HB 10858 VOL IB.pdf,702,"Construction of Tinangis FMR, Brgy. Tinangis, Pili, Camarines Sur | 15,000,000","Construction of Tinangis FMR, Brgy. Tinangis, Pili, Camarines Sur | 1,391,200,000 | 15,000,000",[],[],candidate; verify PAP/project level and amount against PDF
Department of Agriculture,Farm-to-Market Roads,"","","Construction of Brgy. Cabasan to Brgy. Pongco FMR, Brgy. Cabasan and Brgy. Pongco,",15000000,2 - HB 10858 VOL IB.pdf,702,"Construction of Brgy. Cabasan to Brgy. Pongco FMR, Brgy. Cabasan and Brgy. Pongco, | 15,000,000","REGION V - BICOL | 1,391,200,000 | Construction of Brgy. Cabasan to Brgy. Pongco FMR, Brgy. Cabasan and Brgy. Pongco, | Bacacay, Albay | 15,000,000",[],[],candidate; verify PAP/project level and amount against PDF
Department of Agriculture,Farm-to-Market Roads,"","","Construction of Brgy. Agpo to Brgy. Camagong FMR, Brgy. Agpo, Lagonoy and Brgy. Camagong, San Jose, Camarines Sur",15000000,2 - HB 10858 VOL IB.pdf,702,"Construction of Brgy. Agpo to Brgy. Camagong FMR, Brgy. Agpo, Lagonoy and Brgy. Camagong, San Jose, Camarines Sur | 15,000,000","15,000,000 | Construction of Brgy. Agpo to Brgy. Camagong FMR, Brgy. Agpo, Lagonoy and | Brgy. Camagong, San Jose, Camarines Sur",[],[],candidate; verify PAP/project level and amount against PDF
Department of Agriculture,Farm-to-Market Roads,"","","Construction of Brgy. San Antonio Santicon FMR, Brgy. San Antonio Santicon,",15000000,2 - HB 10858 VOL IB.pdf,702,"Construction of Brgy. San Antonio Santicon FMR, Brgy. San Antonio Santicon, | 15,000,000","Construction of Brgy. San Antonio Santicon FMR, Brgy. San Antonio Santicon, | Malilipot, Albay | 15,000,000",[],[],candidate; verify PAP/project level and amount against PDF
Department of Agriculture,Farm-to-Market Roads,"","","Construction of Brgy. Hanopol FMR, Brgy. Hanopol, Caramoan, Camarines Sur",15000000,2 - HB 10858 VOL IB.pdf,702,"Construction of Brgy. Hanopol FMR, Brgy. Hanopol, Caramoan, Camarines Sur | 15,000,000","15,000,000 | Construction of Brgy. Hanopol FMR, Brgy. Hanopol, Caramoan, Camarines Sur",[],[],candidate; verify PAP/project level and amount against PDF
Department of Agriculture,Farm-to-Market Roads,"","","Construction of Purok Angeles to Purok Mainuswagon, Brgy. Bambad FMR, Brgy. Bambad, Isulan, Sultan Kudarat",15000000,2 - HB 10858 VOL IB.pdf,722,"Construction of Purok Angeles to Purok Mainuswagon, Brgy. Bambad FMR, Brgy. Bambad, Isulan, Sultan Kudarat | 15,000,000","Construction of Purok Angeles to Purok Mainuswagon, Brgy. Bambad FMR, Brgy. Bambad, | Isulan, Sultan Kudarat | 15,000,000",[],[],candidate; verify PAP/project level and amount against PDF
Department of Agriculture,Farm-to-Market Roads,"","","Construction of Brgy. Sagrada FMR, Baao, Camarines Sur",15000000,2 - HB 10858 VOL IB.pdf,702,"Construction of Brgy. Sagrada FMR, Baao, Camarines Sur | 15,000,000","Construction of Brgy. Sagrada FMR, Baao, Camarines Sur | 30,000,000 | 15,000,000",[],[],candidate; verify PAP/project level and amount against PDF
Department of Agriculture,Farm-to-Market Roads,"","","Construction of Brgy. Canaway FMR (Phase 2), Brgy. Canaway, Malilipot, Albay",15000000,2 - HB 10858 VOL IB.pdf,702,"Construction of Brgy. Canaway FMR (Phase 2), Brgy. Canaway, Malilipot, Albay | 15,000,000","Construction of Brgy. Canaway FMR (Phase 2), Brgy. Canaway, Malilipot, Albay | 15,000,000",[],[],candidate; verify PAP/project level and amount against PDF
Department of Agriculture,Farm-to-Market Roads,"","","Construction of Brgy. Namurabod to Labawon FMR, Brgy. Namurabod, Buhi, Camarines Sur",15000000,2 - HB 10858 VOL IB.pdf,702,"Construction of Brgy. Namurabod to Labawon FMR, Brgy. Namurabod, Buhi, Camarines Sur | 15,000,000","Construction of Brgy. Namurabod to Labawon FMR, Brgy. Namurabod, | 15,000,000 | Buhi, Camarines Sur",[],[],candidate; verify PAP/project level and amount against PDF
Department of Agriculture,Farm-to-Market Roads,"","","Concreting of Brgy. Suchan to Brgy. Quigaray FMR, Brgy. Suchan and Brgy. Quigaray, Bagamanoc, Catanduanes",15000000,2 - HB 10858 VOL IB.pdf,702,"Concreting of Brgy. Suchan to Brgy. Quigaray FMR, Brgy. Suchan and Brgy. Quigaray, Bagamanoc, Catanduanes | 15,000,000","15,000,000 | Concreting of Brgy. Suchan to Brgy. Quigaray FMR, Brgy. Suchan and Brgy. Quigaray, Bagamanoc, | Catanduanes",[],[],candidate; verify PAP/project level and amount against PDF
Department of Agriculture,Farm-to-Market Roads,"","","Construction of Sitio Gutob, Brgy. Lidong to Brgy. Amoguis FMR, Brgy. Lidong and Brgy. Amoguis, Polangui, Albay",15000000,2 - HB 10858 VOL IB.pdf,702,"Construction of Sitio Gutob, Brgy. Lidong to Brgy. Amoguis FMR, Brgy. Lidong and Brgy. Amoguis, Polangui, Albay | 15,000,000","Construction of Sitio Gutob, Brgy. Lidong to Brgy. Amoguis FMR, Brgy. Lidong and | Brgy. Amoguis, Polangui, Albay | 15,000,000",[],[],candidate; verify PAP/project level and amount against PDF
Department of Agriculture,Farm-to-Market Roads,"","","Concreting of Brgy. Tobrehon to Brgy. JMA FMR, San Miguel, Catanduanes Start : 13.729991°, 124.253440°",15000000,2 - HB 10858 VOL IB.pdf,702,"Concreting of Brgy. Tobrehon to Brgy. JMA FMR, San Miguel, Catanduanes Start : 13.729991°, 124.253440° | 15,000,000","15,000,000 | Concreting of Brgy. Tobrehon to Brgy. JMA FMR, San Miguel, Catanduanes | Start : 13.729991°, 124.253440° | End : 13.729214°, 124.247219°",[],[],candidate; verify PAP/project level and amount against PDF
Department of Agriculture,Farm-to-Market Roads,"","","Construction of Sitio Tugas, Brgy. Agpay FMR, Brgy. Agpay, Guinobatan, Albay",15000000,2 - HB 10858 VOL IB.pdf,702,"Construction of Sitio Tugas, Brgy. Agpay FMR, Brgy. Agpay, Guinobatan, Albay | 15,000,000","Construction of Sitio Tugas, Brgy. Agpay FMR, Brgy. Agpay, Guinobatan, Albay | 15,000,000",[],[],candidate; verify PAP/project level and amount against PDF
Department of Agriculture,Farm-to-Market Roads,"","","Construction of Sitio Sto. Niño, Poblacion 2 to Sitio Balete, Brgy. Imelda, Claveria FMR, Poblacion 2, Claveria, Masbate",15000000,2 - HB 10858 VOL IB.pdf,702,"Construction of Sitio Sto. Niño, Poblacion 2 to Sitio Balete, Brgy. Imelda, Claveria FMR, Poblacion 2, Claveria, Masbate | 15,000,000","End : 13.729214°, 124.247219° | 15,000,000 | Construction of Sitio Sto. Niño, Poblacion 2 to Sitio Balete, Brgy. Imelda, Claveria FMR, | Poblacion 2, Claveria, Masbate",[],[],candidate; verify PAP/project level and amount against PDF
Department of Agriculture,Farm-to-Market Roads,"","","Construction of Brgy. Tamisan FMR, Brgy. Tamisan, Jose Panganiban, Camarines Norte",15000000,2 - HB 10858 VOL IB.pdf,702,"Construction of Brgy. Tamisan FMR, Brgy. Tamisan, Jose Panganiban, Camarines Norte | 15,000,000","Construction of Brgy. Tamisan FMR, Brgy. Tamisan, Jose Panganiban, Camarines Norte | 15,000,000",[],[],candidate; verify PAP/project level and amount against PDF
Department of Agriculture,Farm-to-Market Roads,"","","Construction of Brgy. Luna to Brgy. San Isidro FMR, San Jacinto, Masbate",15000000,2 - HB 10858 VOL IB.pdf,702,"Construction of Brgy. Luna to Brgy. San Isidro FMR, San Jacinto, Masbate | 15,000,000","15,000,000 | Construction of Brgy. Luna to Brgy. San Isidro FMR, San Jacinto, Masbate",[],[],candidate; verify PAP/project level and amount against PDF
Department of Agriculture,Farm-to-Market Roads,"","","Construction of Brgy. Pag-asa FMR, Brgy. Pag-asa, Labo, Camarines Norte",15000000,2 - HB 10858 VOL IB.pdf,702,"Construction of Brgy. Pag-asa FMR, Brgy. Pag-asa, Labo, Camarines Norte | 15,000,000","Construction of Brgy. Pag-asa FMR, Brgy. Pag-asa, Labo, Camarines Norte | 15,000,000",[],[],candidate; verify PAP/project level and amount against PDF
Department of Agriculture,Farm-to-Market Roads,"","","Construction of Brgy. Don Pablo Dela Rosa FMR, Brgy. Don Pablo Dela Rosa,",15000000,2 - HB 10858 VOL IB.pdf,702,"Construction of Brgy. Don Pablo Dela Rosa FMR, Brgy. Don Pablo Dela Rosa, | 15,000,000","15,000,000 | Construction of Brgy. Don Pablo Dela Rosa FMR, Brgy. Don Pablo Dela Rosa, | Aroroy, Masbate",[],[],candidate; verify PAP/project level and amount against PDF
Department of Agriculture,Farm-to-Market Roads,"","","Construction of Brgy. San Isidro FMR, Brgy. San Isidro, San Lorenzo Ruiz, Camarines Norte",15000000,2 - HB 10858 VOL IB.pdf,702,"Construction of Brgy. San Isidro FMR, Brgy. San Isidro, San Lorenzo Ruiz, Camarines Norte | 15,000,000","Construction of Brgy. San Isidro FMR, Brgy. San Isidro, San Lorenzo Ruiz, Camarines Norte | 15,000,000",[],[],candidate; verify PAP/project level and amount against PDF
Department of Agriculture,Farm-to-Market Roads,"","","Construction of Brgy. Langa FMR Phase 2, Brgy. Langa, Basud, Camarines Norte",15000000,2 - HB 10858 VOL IB.pdf,702,"Construction of Brgy. Langa FMR Phase 2, Brgy. Langa, Basud, Camarines Norte | 15,000,000","Construction of Brgy. Langa FMR Phase 2, Brgy. Langa, Basud, Camarines Norte | 15,000,000",[],[],candidate; verify PAP/project level and amount against PDF
Department of Agriculture,Farm-to-Market Roads,"","","Construction of Brgy. Salvacion FMR, Brgy. Salvacion, Balud, Masbate",15000000,2 - HB 10858 VOL IB.pdf,702,"Construction of Brgy. Salvacion FMR, Brgy. Salvacion, Balud, Masbate | 15,000,000","Construction of Brgy. Salvacion FMR, Brgy. Salvacion, Balud, Masbate | 15,000,000",[],[],candidate; verify PAP/project level and amount against PDF
Department of Agriculture,Farm-to-Market Roads,"","","Construction of Sinuknipan II to Sinagawsawan (Peñafrancia) FMR, Brgy. Sinuknipan II",15000000,2 - HB 10858 VOL IB.pdf,702,"Construction of Sinuknipan II to Sinagawsawan (Peñafrancia) FMR, Brgy. Sinuknipan II | 15,000,000","Construction of Sinuknipan II to Sinagawsawan (Peñafrancia) FMR, Brgy. Sinuknipan II | and Brgy. Sinagawsawan (Peñafrancia), Del Gallego, Camarines Sur | 15,000,000",[],[],candidate; verify PAP/project level and amount against PDF
Department of Agriculture,Farm-to-Market Roads,"","","Construction of Junction Road to Brgy. Pananawan FMR, Brgy. Pananawan, Cawayan, Masbate",15000000,2 - HB 10858 VOL IB.pdf,702,"Construction of Junction Road to Brgy. Pananawan FMR, Brgy. Pananawan, Cawayan, Masbate | 15,000,000","Construction of Junction Road to Brgy. Pananawan FMR, Brgy. Pananawan, Cawayan, Masbate | 15,000,000",[],[],candidate; verify PAP/project level and amount against PDF
Department of Agriculture,Farm-to-Market Roads,"","","Construction of Brgy. Gaid to Brgy. Divisoria FMR, Brgy. Gaid to Brgy. Divisoria,",15000000,2 - HB 10858 VOL IB.pdf,702,"Construction of Brgy. Gaid to Brgy. Divisoria FMR, Brgy. Gaid to Brgy. Divisoria, | 15,000,000","15,000,000 | Construction of Brgy. Gaid to Brgy. Divisoria FMR, Brgy. Gaid to Brgy. Divisoria, | Dimasalang, Masbate",[],[],candidate; verify PAP/project level and amount against PDF
Department of Agriculture,Farm-to-Market Roads,"","","Construction of Brgy. Lohong FMR, Brgy. Lohong, Ragay, Camarines Sur",15000000,2 - HB 10858 VOL IB.pdf,702,"Construction of Brgy. Lohong FMR, Brgy. Lohong, Ragay, Camarines Sur | 15,000,000","Construction of Brgy. Lohong FMR, Brgy. Lohong, Ragay, Camarines Sur | 15,000,000",[],[],candidate; verify PAP/project level and amount against PDF
Department of Agriculture,Farm-to-Market Roads,"","","Construction of Pag Oring Nuevo FMR, Brgy. Pag Oring Nuevo, Libmanan, Camarines Sur",15000000,2 - HB 10858 VOL IB.pdf,702,"Construction of Pag Oring Nuevo FMR, Brgy. Pag Oring Nuevo, Libmanan, Camarines Sur | 15,000,000","Construction of Pag Oring Nuevo FMR, Brgy. Pag Oring Nuevo, Libmanan, Camarines Sur | 15,000,000",[],[],candidate; verify PAP/project level and amount against PDF
Department of Agriculture,Farm-to-Market Roads,"","","Construction of Sitio Sto. Niño, Brgy. Macalaya FMR, Brgy. Macalaya, Castilla, Sorsogon",15000000,2 - HB 10858 VOL IB.pdf,702,"Construction of Sitio Sto. Niño, Brgy. Macalaya FMR, Brgy. Macalaya, Castilla, Sorsogon | 15,000,000","Construction of Sitio Sto. Niño, Brgy. Macalaya FMR, Brgy. Macalaya, Castilla, Sorsogon | 15,000,000",[],[],candidate; verify PAP/project level and amount against PDF
Department of Agriculture,Farm-to-Market Roads,"","","Construction of Alianza to San Joaquin FMR, Brgy. Alianza, San Fernando, Camarines Sur",15000000,2 - HB 10858 VOL IB.pdf,702,"Construction of Alianza to San Joaquin FMR, Brgy. Alianza, San Fernando, Camarines Sur | 15,000,000","Construction of Alianza to San Joaquin FMR, Brgy. Alianza, San Fernando, Camarines Sur | 15,000,000",[],[],candidate; verify PAP/project level and amount against PDF
Department of Agriculture,Farm-to-Market Roads,"","","Construction of Brgy. Bayawas FMR, Brgy. Bayawas, Pilar, Sorsogon",15000000,2 - HB 10858 VOL IB.pdf,702,"Construction of Brgy. Bayawas FMR, Brgy. Bayawas, Pilar, Sorsogon | 15,000,000","Construction of Brgy. Bayawas FMR, Brgy. Bayawas, Pilar, Sorsogon | 15,000,000",[],[],candidate; verify PAP/project level and amount against PDF
Department of Agriculture,Farm-to-Market Roads,"","","Construction of Brgy. Cocok-Cabitan to Recto FMR, Bulan, Sorsogon",15000000,2 - HB 10858 VOL IB.pdf,704,"Construction of Brgy. Cocok-Cabitan to Recto FMR, Bulan, Sorsogon | 15,000,000","NAME OR PROJECTS | NAME OF PROJECTSPESOS PESOS | NUMBER “1”  | PESOS | Construction of Brgy. Cocok-Cabitan to Recto FMR, Bulan, Sorsogon | 15,000,000",[],[],candidate; verify PAP/project level and amount against PDF
Department of Agriculture,Farm-to-Market Roads,"","","Construction of Brgy. Calaguimit FMR, Brgy. Calaguimit, Oas, Albay",15000000,2 - HB 10858 VOL IB.pdf,704,"Construction of Brgy. Calaguimit FMR, Brgy. Calaguimit, Oas, Albay | 15,000,000","NAME OR PROJECTS | NAME OF PROJECTSPESOS PESOS | PESOS | Construction of Brgy. Calaguimit FMR, Brgy. Calaguimit, Oas, Albay | 15,000,000",[],[],candidate; verify PAP/project level and amount against PDF
Department of Agriculture,Farm-to-Market Roads,"","","Construction of Sitio Pangdan to Sitio Malidlid FMR, Brgy. Bulacao, Gubat, Sorsogon",15000000,2 - HB 10858 VOL IB.pdf,704,"Construction of Sitio Pangdan to Sitio Malidlid FMR, Brgy. Bulacao, Gubat, Sorsogon | 15,000,000","Construction of Sitio Pangdan to Sitio Malidlid FMR, Brgy. Bulacao, Gubat, Sorsogon | 15,000,000",[],[],candidate; verify PAP/project level and amount against PDF
Department of Agriculture,Farm-to-Market Roads,"","","Construction of Brgy. Bacolod FMR, Brgy. Bacolod, Libon, Albay",15000000,2 - HB 10858 VOL IB.pdf,704,"Construction of Brgy. Bacolod FMR, Brgy. Bacolod, Libon, Albay | 15,000,000","Construction of Brgy. Bacolod FMR, Brgy. Bacolod, Libon, Albay | 15,000,000",[],[],candidate; verify PAP/project level and amount against PDF
Department of Agriculture,Farm-to-Market Roads,"","","Construction of Brgy. Taloto- Brgy. Panoypoy FMR, Brgy. Taloto & Brgy. Panoypoy,",15000000,2 - HB 10858 VOL IB.pdf,704,"Construction of Brgy. Taloto- Brgy. Panoypoy FMR, Brgy. Taloto & Brgy. Panoypoy, | 15,000,000","Construction of Brgy. Taloto- Brgy. Panoypoy FMR, Brgy. Taloto & Brgy. Panoypoy, | Camalig, Albay | 15,000,000",[],[],candidate; verify PAP/project level and amount against PDF
Department of Agriculture,Farm-to-Market Roads,"","","Construction of Sitio Dayegdeg, Brgy. Lon-oy FMR, Brgy. Lon-oy, San Gabriel, La Union",15000000,2 - HB 10858 VOL IB.pdf,666,"Construction of Sitio Dayegdeg, Brgy. Lon-oy FMR, Brgy. Lon-oy, San Gabriel, La Union | 15,000,000","Construction of Sitio Dayegdeg, Brgy. Lon-oy FMR, Brgy. Lon-oy, San Gabriel, La Union | 15,000,000",[],[],candidate; verify PAP/project level and amount against PDF
Department of Agriculture,Farm-to-Market Roads,"","","Construction of Zone 6, Brgy. Panicuason FMR, Brgy. Panicuason, Naga City, Camarines Sur",15000000,2 - HB 10858 VOL IB.pdf,704,"Construction of Zone 6, Brgy. Panicuason FMR, Brgy. Panicuason, Naga City, Camarines Sur | 15,000,000","END 13.813465, 123.402274 | Construction of Zone 6, Brgy. Panicuason FMR, Brgy. Panicuason, Naga City, Camarines Sur | 15,000,000",[],[],candidate; verify PAP/project level and amount against PDF
Department of Agriculture,Farm-to-Market Roads,"","","Construction of Brgy. Baligang to Brgy. Bongabong FMR, Brgy. Baligang and",15000000,2 - HB 10858 VOL IB.pdf,704,"Construction of Brgy. Baligang to Brgy. Bongabong FMR, Brgy. Baligang and | 15,000,000","Construction of Brgy. Baligang to Brgy. Bongabong FMR, Brgy. Baligang and | Brgy. Bongabong, Camalig, Albay | 15,000,000",[],[],candidate; verify PAP/project level and amount against PDF
Department of Agriculture,Farm-to-Market Roads,"","","Concreting of Sitio Calanawan - Sitio Maybunga, Brgy. Hiwacloy FMR, Brgy. Hiwacloy, Goa, Camarines Sur",15000000,2 - HB 10858 VOL IB.pdf,704,"Concreting of Sitio Calanawan - Sitio Maybunga, Brgy. Hiwacloy FMR, Brgy. Hiwacloy, Goa, Camarines Sur | 15,000,000","Concreting of Sitio Calanawan - Sitio Maybunga, Brgy. Hiwacloy FMR, Brgy. Hiwacloy, | 15,000,000 | Goa, Camarines Sur",[],[],candidate; verify PAP/project level and amount against PDF
Department of Agriculture,Farm-to-Market Roads,"","","Construction of Brgy. Bigao FMR, Brgy. Bigao, Daraga, Albay",15000000,2 - HB 10858 VOL IB.pdf,704,"Construction of Brgy. Bigao FMR, Brgy. Bigao, Daraga, Albay | 15,000,000","Construction of Brgy. Bigao FMR, Brgy. Bigao, Daraga, Albay | 15,000,000",[],[],candidate; verify PAP/project level and amount against PDF
Department of Agriculture,Farm-to-Market Roads,"","","Concreting of Sitio Bulao, Brgy. Digdigon - Brgy. Cagaycay FMR, Goa, Camarines Sur",15000000,2 - HB 10858 VOL IB.pdf,704,"Concreting of Sitio Bulao, Brgy. Digdigon - Brgy. Cagaycay FMR, Goa, Camarines Sur | 15,000,000","Concreting of Sitio Bulao, Brgy. Digdigon - Brgy. Cagaycay FMR, Goa, Camarines Sur | 15,000,000",[],[],candidate; verify PAP/project level and amount against PDF
Department of Agriculture,Farm-to-Market Roads,"","","Construction of Brgy. Bigaa FMR, Legazpi City, Albay",15000000,2 - HB 10858 VOL IB.pdf,704,"Construction of Brgy. Bigaa FMR, Legazpi City, Albay | 15,000,000","Construction of Brgy. Bigaa FMR, Legazpi City, Albay | 15,000,000",[],[],candidate; verify PAP/project level and amount against PDF
Department of Agriculture,Farm-to-Market Roads,"","","Concreting of Brgy. Telegrafo FMR, Brgy. Telegrafo, San Jose, Camarines Sur",15000000,2 - HB 10858 VOL IB.pdf,704,"Concreting of Brgy. Telegrafo FMR, Brgy. Telegrafo, San Jose, Camarines Sur | 15,000,000","Concreting of Brgy. Telegrafo FMR, Brgy. Telegrafo, San Jose, Camarines Sur | 15,000,000",[],[],candidate; verify PAP/project level and amount against PDF
Department of Agriculture,Farm-to-Market Roads,"","","Construction of Purok 2 to Purok 6 and 7 FMR, Brgy. Malipo, Camalig, Albay",15000000,2 - HB 10858 VOL IB.pdf,704,"Construction of Purok 2 to Purok 6 and 7 FMR, Brgy. Malipo, Camalig, Albay | 15,000,000","Construction of Purok 2 to Purok 6 and 7 FMR, Brgy. Malipo, Camalig, Albay | 15,000,000",[],[],candidate; verify PAP/project level and amount against PDF
Department of Agriculture,Farm-to-Market Roads,"","","Concreting of Sitio Calangatnan, Brgy. Digdigon FMR, Brgy. Digdigon, Goa, Camarines Sur",15000000,2 - HB 10858 VOL IB.pdf,704,"Concreting of Sitio Calangatnan, Brgy. Digdigon FMR, Brgy. Digdigon, Goa, Camarines Sur | 15,000,000","Concreting of Sitio Calangatnan, Brgy. Digdigon FMR, Brgy. Digdigon, Goa, Camarines Sur | 15,000,000",[],[],candidate; verify PAP/project level and amount against PDF
Department of Agriculture,Farm-to-Market Roads,"","","Construction of Brgy. Siana to Brgy. Dayano FMR, Brgy. Siana, Mainit, Surigao del Norte",15000000,2 - HB 10858 VOL IB.pdf,724,"Construction of Brgy. Siana to Brgy. Dayano FMR, Brgy. Siana, Mainit, Surigao del Norte | 15,000,000","15,000,000 | Construction of Brgy. Siana to Brgy. Dayano FMR, Brgy. Siana, Mainit, Surigao del Norte",[],[],candidate; verify PAP/project level and amount against PDF
Department of Agriculture,Farm-to-Market Roads,"","","Concreting of Brgy. Bantugan - Brgy. Lidong, Brgy. Bantugan FMR, Presentacion, Camarines Sur",15000000,2 - HB 10858 VOL IB.pdf,704,"Concreting of Brgy. Bantugan - Brgy. Lidong, Brgy. Bantugan FMR, Presentacion, Camarines Sur | 15,000,000","Concreting of Brgy. Bantugan - Brgy. Lidong, Brgy. Bantugan FMR, | 10,000,000 | Presentacion, Camarines Sur | 15,000,000",[],[],candidate; verify PAP/project level and amount against PDF
Department of Agriculture,Farm-to-Market Roads,"","","Concreting of Brgy. Poblacion West - Brgy. Concepcion FMR, Rosario, La Union",15000000,2 - HB 10858 VOL IB.pdf,672,"Concreting of Brgy. Poblacion West - Brgy. Concepcion FMR, Rosario, La Union | 15,000,000","Concreting of Brgy. Poblacion West - Brgy. Concepcion FMR, Rosario, La Union | 15,000,000",[],[],candidate; verify PAP/project level and amount against PDF
Department of Agriculture,Farm-to-Market Roads,"","","Construction of Brgy. Sayaw FMR, Siayan, Zamboanga del Norte",15000000,2 - HB 10858 VOL IB.pdf,718,"Construction of Brgy. Sayaw FMR, Siayan, Zamboanga del Norte | 15,000,000","Construction of Brgy. Sayaw FMR, Siayan, Zamboanga del Norte | 15,000,000",[],[],candidate; verify PAP/project level and amount against PDF
Department of Agriculture,Farm-to-Market Roads,"","","Construction of Malingawon, Brgy. Biwang FMR, Brgy. Biwang, Bagumbayan, Sultan Kudarat",15000000,2 - HB 10858 VOL IB.pdf,722,"Construction of Malingawon, Brgy. Biwang FMR, Brgy. Biwang, Bagumbayan, Sultan Kudarat | 15,000,000","Construction of Malingawon, Brgy. Biwang FMR, Brgy. Biwang, Bagumbayan, Sultan Kudarat | 15,000,000",[],[],candidate; verify PAP/project level and amount against PDF
Department of Agriculture,Farm-to-Market Roads,"","","Construction of Sitio Kilbog Proper, Brgy. Baluan FMR Phase I, Brgy. Baluan,",15000000,2 - HB 10858 VOL IB.pdf,722,"Construction of Sitio Kilbog Proper, Brgy. Baluan FMR Phase I, Brgy. Baluan, | 15,000,000","Construction of Sitio Kilbog Proper, Brgy. Baluan FMR Phase I, Brgy. Baluan, | Palimbang, Sultan Kudarat | 15,000,000",[],[],candidate; verify PAP/project level and amount against PDF
Department of Agriculture,Farm-to-Market Roads,"","","Construction of Sitio Sinabugan to Sitio Centro, Brgy. Tio-angan FMR, Brgy. Tio-angan, Bagulin, La Union",15000000,2 - HB 10858 VOL IB.pdf,666,"Construction of Sitio Sinabugan to Sitio Centro, Brgy. Tio-angan FMR, Brgy. Tio-angan, Bagulin, La Union | 15,000,000","Construction of Sitio Sinabugan to Sitio Centro, Brgy. Tio-angan FMR, Brgy. Tio-angan, | Bagulin, La Union | 15,000,000",[],[],candidate; verify PAP/project level and amount against PDF
Department of Agriculture,Farm-to-Market Roads,"","","Concreting of Brgy. Cadumanian FMR, Brgy. Cadumanian, Rosario, La Union",15000000,2 - HB 10858 VOL IB.pdf,672,"Concreting of Brgy. Cadumanian FMR, Brgy. Cadumanian, Rosario, La Union | 15,000,000","Concreting of Brgy. Cadumanian FMR, Brgy. Cadumanian, Rosario, La Union | 15,000,000",[],[],candidate; verify PAP/project level and amount against PDF
Department of Agriculture,Farm-to-Market Roads,"","","Construction of Brgy. Macalong (Cell Site) FMR, Brgy. Macalong, Kasibu, Nueva Vizcaya",15000000,2 - HB 10858 VOL IB.pdf,674,"Construction of Brgy. Macalong (Cell Site) FMR, Brgy. Macalong, Kasibu, Nueva Vizcaya | 15,000,000","Construction of Brgy. Macalong (Cell Site) FMR, Brgy. Macalong, Kasibu, Nueva Vizcaya | 250, | 000,000 | 15,000,000",[],[],candidate; verify PAP/project level and amount against PDF
Department of Agriculture,Farm-to-Market Roads,"","","Concreting of Brgy. Mayon FMR, Brgy. Mayon, Castilla, Sorsogon",15000000,2 - HB 10858 VOL IB.pdf,704,"Concreting of Brgy. Mayon FMR, Brgy. Mayon, Castilla, Sorsogon | 15,000,000","25,000,000 | Concreting of Brgy. Mayon FMR, Brgy. Mayon, Castilla, Sorsogon | 15,000,000",[],[],candidate; verify PAP/project level and amount against PDF
Department of Agriculture,Farm-to-Market Roads,"","","Construction of Sitio Amamaylan to Purok 1 Obod-obod, Brgy. Baan Km. 3 FMR, Butuan City",15000000,2 - HB 10858 VOL IB.pdf,722,"Construction of Sitio Amamaylan to Purok 1 Obod-obod, Brgy. Baan Km. 3 FMR, Butuan City | 15,000,000","REGION XIII - CARAGA | 938,200,000 | Construction of Sitio Amamaylan to Purok 1 Obod-obod, Brgy. Baan Km. 3 FMR, Butuan City | 15,000,000",[],[],candidate; verify PAP/project level and amount against PDF
Department of Agriculture,Farm-to-Market Roads,"","","Construction of Sitio Balukingking, Brgy. Magsaysay FMR, Brgy. Magsaysay, Naguilian, Isabela",15000000,2 - HB 10858 VOL IB.pdf,674,"Construction of Sitio Balukingking, Brgy. Magsaysay FMR, Brgy. Magsaysay, Naguilian, Isabela | 15,000,000","2,133,200,000 | Construction of Sitio Balukingking, Brgy. Magsaysay FMR, Brgy. Magsaysay, Naguilian, Isabela | 7,500,000 | 15,000,000",[],[],candidate; verify PAP/project level and amount against PDF
Department of Agriculture,Farm-to-Market Roads,"","","Construction of Balagubag, Brgy. Magsidel FMR, Brgy. Magsidel, Calayan, Cagayan",15000000,2 - HB 10858 VOL IB.pdf,674,"Construction of Balagubag, Brgy. Magsidel FMR, Brgy. Magsidel, Calayan, Cagayan | 15,000,000","Construction of Balagubag, Brgy. Magsidel FMR, Brgy. Magsidel, Calayan, Cagayan | 15,000,000",[],[],candidate; verify PAP/project level and amount against PDF
Department of Agriculture,Farm-to-Market Roads,"","","Construction of Calog Norte FMR, Brgy. Calog Norte, Abulug, Cagayan",15000000,2 - HB 10858 VOL IB.pdf,674,"Construction of Calog Norte FMR, Brgy. Calog Norte, Abulug, Cagayan | 15,000,000","Construction of Calog Norte FMR, Brgy. Calog Norte, Abulug, Cagayan | 15,000,000",[],[],candidate; verify PAP/project level and amount against PDF
Department of Agriculture,Farm-to-Market Roads,"","","Construction of Brgy. Palapas- Brgy. Tibabo FMR, Pio Duran, Albay",15000000,2 - HB 10858 VOL IB.pdf,704,"Construction of Brgy. Palapas- Brgy. Tibabo FMR, Pio Duran, Albay | 15,000,000","Construction of Brgy. Palapas- Brgy. Tibabo FMR, Pio Duran, Albay | 15,000,000",[],[],candidate; verify PAP/project level and amount against PDF
Department of Agriculture,Farm-to-Market Roads,"","","Construction of Brgy. Cabasan FMR, Brgy. Cabasan, Peñablanca, Cagayan",15000000,2 - HB 10858 VOL IB.pdf,674,"Construction of Brgy. Cabasan FMR, Brgy. Cabasan, Peñablanca, Cagayan | 15,000,000","Construction of Brgy. Cabasan FMR, Brgy. Cabasan, Peñablanca, Cagayan | 30,000,000 | 15,000,000",[],[],candidate; verify PAP/project level and amount against PDF
Department of Agriculture,Farm-to-Market Roads,"","","Construction of Brgy. Cuyaoyao to Brgy. Flores FMR, Pio Duran, Albay",15000000,2 - HB 10858 VOL IB.pdf,704,"Construction of Brgy. Cuyaoyao to Brgy. Flores FMR, Pio Duran, Albay | 15,000,000","Construction of Brgy. Cuyaoyao to Brgy. Flores FMR, Pio Duran, Albay | 15,000,000",[],[],candidate; verify PAP/project level and amount against PDF
Department of Agriculture,Farm-to-Market Roads,"","","Construction of Brgy. La Suerte FMR, Brgy. La Suerte, Amulung, Cagayan",15000000,2 - HB 10858 VOL IB.pdf,674,"Construction of Brgy. La Suerte FMR, Brgy. La Suerte, Amulung, Cagayan | 15,000,000","Construction of Brgy. La Suerte FMR, Brgy. La Suerte, Amulung, Cagayan | 30,000,000 | 15,000,000",[],[],candidate; verify PAP/project level and amount against PDF
Department of Agriculture,Farm-to-Market Roads,"","","Construction of Brgy. Capagao FMR, Brgy. Capagao, Panitan, Capiz",15000000,2 - HB 10858 VOL IB.pdf,706,"Construction of Brgy. Capagao FMR, Brgy. Capagao, Panitan, Capiz | 15,000,000","NAME OR PROJECTS | NAME OF PROJECTSPESOS PESOS | PESOS | Construction of Brgy. Capagao FMR, Brgy. Capagao, Panitan, Capiz | 18,000,000 | 15,000,000",[],[],candidate; verify PAP/project level and amount against PDF
Department of Agriculture,Farm-to-Market Roads,"","","Construction of Brgy. Bago Chiquito to Brgy. Candual FMR, Brgy. Bago Chiquito and",15000000,2 - HB 10858 VOL IB.pdf,706,"Construction of Brgy. Bago Chiquito to Brgy. Candual FMR, Brgy. Bago Chiquito and | 15,000,000","18,000,000 | Construction of Brgy. Bago Chiquito to Brgy. Candual FMR, Brgy. Bago Chiquito and | Brgy. Candual, Panay, Capiz | 15,000,000",[],[],candidate; verify PAP/project level and amount against PDF
Department of Agriculture,Farm-to-Market Roads,"","","Concreting of Sitio Maragaas, Brgy. Olandia - Brgy. Fabrica FMR, Brgy. Olandia and Brgy. Fabrica, Barcelona, Sorsogon",15000000,2 - HB 10858 VOL IB.pdf,706,"Concreting of Sitio Maragaas, Brgy. Olandia - Brgy. Fabrica FMR, Brgy. Olandia and Brgy. Fabrica, Barcelona, Sorsogon | 15,000,000","Concreting of Sitio Maragaas, Brgy. Olandia - Brgy. Fabrica FMR, Brgy. Olandia and | Brgy. Fabrica, Barcelona, Sorsogon | 15,000,000",[],[],candidate; verify PAP/project level and amount against PDF
Department of Agriculture,Farm-to-Market Roads,"","","Construction of Sitio Crossing to Sitio Proper, Brgy. Agdahon FMR, Brgy. Agdahon,",15000000,2 - HB 10858 VOL IB.pdf,706,"Construction of Sitio Crossing to Sitio Proper, Brgy. Agdahon FMR, Brgy. Agdahon, | 15,000,000","15,000,000 | Construction of Sitio Crossing to Sitio Proper, Brgy. Agdahon FMR, Brgy. Agdahon, | Cuartero, Capiz",[],[],candidate; verify PAP/project level and amount against PDF
Department of Agriculture,Farm-to-Market Roads,"","","Concreting of Purok 3 - Purok 5, Brgy. Casili FMR, Brgy. Casili, Gubat, Sorsogon",15000000,2 - HB 10858 VOL IB.pdf,706,"Concreting of Purok 3 - Purok 5, Brgy. Casili FMR, Brgy. Casili, Gubat, Sorsogon | 15,000,000","Concreting of Purok 3 - Purok 5, Brgy. Casili FMR, Brgy. Casili, Gubat, Sorsogon | 15,000,000",[],[],candidate; verify PAP/project level and amount against PDF
Department of Agriculture,Farm-to-Market Roads,"","","Concreting of Sitio Parad, Brgy. Fabrica - Brgy. San Ramon FMR (Phase 2),",15000000,2 - HB 10858 VOL IB.pdf,706,"Concreting of Sitio Parad, Brgy. Fabrica - Brgy. San Ramon FMR (Phase 2), | 15,000,000","Concreting of Sitio Parad, Brgy. Fabrica - Brgy. San Ramon FMR (Phase 2), | Brgy. Fabrica & Brgy. San Ramon , Barcelona, Sorsogon | 15,000,000",[],[],candidate; verify PAP/project level and amount against PDF
Department of Agriculture,Farm-to-Market Roads,"","","Construction of Brgy. Maindang FMR, Brgy. Maindang, Cuartero, Capiz",15000000,2 - HB 10858 VOL IB.pdf,706,"Construction of Brgy. Maindang FMR, Brgy. Maindang, Cuartero, Capiz | 15,000,000","Construction of Brgy. Maindang FMR, Brgy. Maindang, Cuartero, Capiz | 15,000,000",[],[],candidate; verify PAP/project level and amount against PDF
Department of Agriculture,Farm-to-Market Roads,"","","Concreting of Sitio Bungol, Brgy. Tacay FMR, Brgy. Tacay, Buenavista, Guimaras",15000000,2 - HB 10858 VOL IB.pdf,706,"Concreting of Sitio Bungol, Brgy. Tacay FMR, Brgy. Tacay, Buenavista, Guimaras | 15,000,000","15,000,000 | Concreting of Sitio Bungol, Brgy. Tacay FMR, Brgy. Tacay, Buenavista, Guimaras",[],[],candidate; verify PAP/project level and amount against PDF
Department of Agriculture,Farm-to-Market Roads,"","","Concreting of Purok 1 - Purok 3, Brgy. Manapao - Purok 1-b, Brgy. Casili FMR, Brgy. Manapao and Brgy. Casili, Gubat, Sorsogon",15000000,2 - HB 10858 VOL IB.pdf,706,"Concreting of Purok 1 - Purok 3, Brgy. Manapao - Purok 1-b, Brgy. Casili FMR, Brgy. Manapao and Brgy. Casili, Gubat, Sorsogon | 15,000,000","Concreting of Purok 1 - Purok 3, Brgy. Manapao - Purok 1-b, Brgy. Casili FMR, | Brgy. Manapao and Brgy. Casili, Gubat, Sorsogon | 15,000,000",[],[],candidate; verify PAP/project level and amount against PDF
Department of Agriculture,Farm-to-Market Roads,"","","Construction of Brgy. Salvacion FMR, Brgy. Salvacion, Nueva Valencia, Guimaras",15000000,2 - HB 10858 VOL IB.pdf,706,"Construction of Brgy. Salvacion FMR, Brgy. Salvacion, Nueva Valencia, Guimaras | 15,000,000","15,000,000 | Construction of Brgy. Salvacion FMR, Brgy. Salvacion, Nueva Valencia, Guimaras",[],[],candidate; verify PAP/project level and amount against PDF
Department of Agriculture,Farm-to-Market Roads,"","","Concreting of Brgy. San Rafael - Brgy. Salvacion FMR, Sta. Magdalena, Sorsogon",15000000,2 - HB 10858 VOL IB.pdf,706,"Concreting of Brgy. San Rafael - Brgy. Salvacion FMR, Sta. Magdalena, Sorsogon | 15,000,000","Concreting of Brgy. San Rafael - Brgy. Salvacion FMR, Sta. Magdalena, Sorsogon | 15,000,000",[],[],candidate; verify PAP/project level and amount against PDF
Department of Agriculture,Farm-to-Market Roads,"","","Construction of Brgy. Cansilayan FMR, Brgy. Cansilayan, Tigbauan, Iloilo",15000000,2 - HB 10858 VOL IB.pdf,706,"Construction of Brgy. Cansilayan FMR, Brgy. Cansilayan, Tigbauan, Iloilo | 15,000,000","15,000,000 | Construction of Brgy. Cansilayan FMR, Brgy. Cansilayan, Tigbauan, Iloilo",[],[],candidate; verify PAP/project level and amount against PDF
Department of Agriculture,Farm-to-Market Roads,"","","Construction of Purok-4, Santa Cruz to Purok-3, Brgy. Proper FMR, Butuan City",15000000,2 - HB 10858 VOL IB.pdf,722,"Construction of Purok-4, Santa Cruz to Purok-3, Brgy. Proper FMR, Butuan City | 15,000,000","15,000,000 | Construction of Purok-4, Santa Cruz to Purok-3, Brgy. Proper FMR, Butuan City",[],[],candidate; verify PAP/project level and amount against PDF
Department of Agriculture,Farm-to-Market Roads,"","","Construction of Brgy. Sambaludan to Brgy. Botong FMR, Brgy. Sambaludan and Brgy. Botong, Oton, Iloilo",15000000,2 - HB 10858 VOL IB.pdf,706,"Construction of Brgy. Sambaludan to Brgy. Botong FMR, Brgy. Sambaludan and Brgy. Botong, Oton, Iloilo | 15,000,000","13,200,000 | Construction of Brgy. Sambaludan to Brgy. Botong FMR, Brgy. Sambaludan and | Brgy. Botong, Oton, Iloilo | 15,000,000",[],[],candidate; verify PAP/project level and amount against PDF
Department of Agriculture,Farm-to-Market Roads,"","","Concreting of Brgy. Sampaloc - Brgy. Loob FMR, Gainza Camarines Sur",15000000,2 - HB 10858 VOL IB.pdf,706,"Concreting of Brgy. Sampaloc - Brgy. Loob FMR, Gainza Camarines Sur | 15,000,000","Concreting of Brgy. Sampaloc - Brgy. Loob FMR, Gainza Camarines Sur | 15,000,000",[],[],candidate; verify PAP/project level and amount against PDF
Department of Agriculture,Farm-to-Market Roads,"","","Construction of Brgy. Buga FMR, Brgy. Buga, Leon, lloilo",15000000,2 - HB 10858 VOL IB.pdf,706,"Construction of Brgy. Buga FMR, Brgy. Buga, Leon, lloilo | 15,000,000","15,000,000 | Construction of Brgy. Buga FMR, Brgy. Buga, Leon, lloilo | 30,000,000",[],[],candidate; verify PAP/project level and amount against PDF
Department of Agriculture,Farm-to-Market Roads,"","","Construction of Brgy. Balud Lilo-an FMR, Brgy. Balud Lilo-an, Zarraga, Iloilo",15000000,2 - HB 10858 VOL IB.pdf,706,"Construction of Brgy. Balud Lilo-an FMR, Brgy. Balud Lilo-an, Zarraga, Iloilo | 15,000,000","30,000,000 | Construction of Brgy. Balud Lilo-an FMR, Brgy. Balud Lilo-an, Zarraga, Iloilo | 15,000,000",[],[],candidate; verify PAP/project level and amount against PDF
Department of Agriculture,Farm-to-Market Roads,"","","Construction of Purok 6, Brgy. San Antonio FMR, Labo, Brgy. San Antonio, Camarines Norte",15000000,2 - HB 10858 VOL IB.pdf,706,"Construction of Purok 6, Brgy. San Antonio FMR, Labo, Brgy. San Antonio, Camarines Norte | 15,000,000","Construction of Purok 6, Brgy. San Antonio FMR, Labo, Brgy. San Antonio, Camarines Norte | 15,000,000",[],[],candidate; verify PAP/project level and amount against PDF
Department of Agriculture,Farm-to-Market Roads,"","","Construction of Brgy. Palanguia FMR, Brgy. Palanguia, Pototan, Iloilo",15000000,2 - HB 10858 VOL IB.pdf,706,"Construction of Brgy. Palanguia FMR, Brgy. Palanguia, Pototan, Iloilo | 15,000,000","15,000,000 | Construction of Brgy. Palanguia FMR, Brgy. Palanguia, Pototan, Iloilo",[],[],candidate; verify PAP/project level and amount against PDF
Department of Agriculture,Farm-to-Market Roads,"","","Construction of Brgy. Labnig FMR, Brgy. Labnig, Paracale, Camarines Norte",15000000,2 - HB 10858 VOL IB.pdf,706,"Construction of Brgy. Labnig FMR, Brgy. Labnig, Paracale, Camarines Norte | 15,000,000","Construction of Brgy. Labnig FMR, Brgy. Labnig, Paracale, Camarines Norte | 15,000,000",[],[],candidate; verify PAP/project level and amount against PDF
Department of Agriculture,Farm-to-Market Roads,"","","Construction of Brgy. Linayuan to Brgy. Sinuagan FMR, Brgy. Linayuan and",15000000,2 - HB 10858 VOL IB.pdf,706,"Construction of Brgy. Linayuan to Brgy. Sinuagan FMR, Brgy. Linayuan and | 15,000,000","15,000,000 | Construction of Brgy. Linayuan to Brgy. Sinuagan FMR, Brgy. Linayuan and | Brgy. Sinuagan, Badiangan, Iloilo | 30,000,000",[],[],candidate; verify PAP/project level and amount against PDF
Department of Agriculture,Farm-to-Market Roads,"","","Construction of Brgy. Alibangsay FMR, Brgy. Alibangsay, Bagulin, La Union",15000000,2 - HB 10858 VOL IB.pdf,666,"Construction of Brgy. Alibangsay FMR, Brgy. Alibangsay, Bagulin, La Union | 15,000,000","Construction of Brgy. Alibangsay FMR, Brgy. Alibangsay, Bagulin, La Union | 15,000,000",[],[],candidate; verify PAP/project level and amount against PDF
Department of Agriculture,Farm-to-Market Roads,"","","Construction of Brgy. Gaddanan - Brgy. Mataas na Kahoy - Brgy. Nagrumbuan FMR,",15000000,2 - HB 10858 VOL IB.pdf,674,"Construction of Brgy. Gaddanan - Brgy. Mataas na Kahoy - Brgy. Nagrumbuan FMR, | 15,000,000","Construction of Brgy. Gaddanan - Brgy. Mataas na Kahoy - Brgy. Nagrumbuan FMR, | Brgy. Gaddanan, Brgy. Mataas na Kahoy and Brgy. Nagrumbuan, San Mateo, Isabela | 15,000,000",[],[],candidate; verify PAP/project level and amount against PDF
Department of Agriculture,Farm-to-Market Roads,"","","Construction of Brgy. Abaca to Brgy. Braulan FMR, Brgy. Abaca and Brgy. Braulan, San Enrique, Iloilo",15000000,2 - HB 10858 VOL IB.pdf,706,"Construction of Brgy. Abaca to Brgy. Braulan FMR, Brgy. Abaca and Brgy. Braulan, San Enrique, Iloilo | 15,000,000","Construction of Brgy. Abaca to Brgy. Braulan FMR, Brgy. Abaca and Brgy. Braulan, | 20,000,000 | San Enrique, Iloilo | 15,000,000",[],[],candidate; verify PAP/project level and amount against PDF
Department of Agriculture,Farm-to-Market Roads,"","","Construction of Brgy. Poblacion FMR, Brgy. Poblacion, Anilao, Iloilo",15000000,2 - HB 10858 VOL IB.pdf,706,"Construction of Brgy. Poblacion FMR, Brgy. Poblacion, Anilao, Iloilo | 15,000,000","1,042,750,000 | Construction of Brgy. Poblacion FMR, Brgy. Poblacion, Anilao, Iloilo | 15,000,000",[],[],candidate; verify PAP/project level and amount against PDF
Department of Agriculture,Farm-to-Market Roads,"","","Construction of Brgy. Cabangila FMR, Brgy. Cabangila, Altavas, Aklan",15000000,2 - HB 10858 VOL IB.pdf,706,"Construction of Brgy. Cabangila FMR, Brgy. Cabangila, Altavas, Aklan | 15,000,000","REGION VI - WESTERN VISAYAS | 1,042,750,000 | Construction of Brgy. Cabangila FMR, Brgy. Cabangila, Altavas, Aklan | 15,000,000",[],[],candidate; verify PAP/project level and amount against PDF
Department of Agriculture,Farm-to-Market Roads,"","","Construction of Brgy. Anabo FMR, Brgy. Anabo, Lemery, Iloilo",15000000,2 - HB 10858 VOL IB.pdf,706,"Construction of Brgy. Anabo FMR, Brgy. Anabo, Lemery, Iloilo | 15,000,000","15,000,000 | Construction of Brgy. Anabo FMR, Brgy. Anabo, Lemery, Iloilo",[],[],candidate; verify PAP/project level and amount against PDF
Department of Agriculture,Farm-to-Market Roads,"","","Construction of Sitio Kinabkaban, Brgy. Lumaynay FMR, Brgy. Lumaynay, Altavas, Aklan",15000000,2 - HB 10858 VOL IB.pdf,706,"Construction of Sitio Kinabkaban, Brgy. Lumaynay FMR, Brgy. Lumaynay, Altavas, Aklan | 15,000,000","Construction of Sitio Kinabkaban, Brgy. Lumaynay FMR, Brgy. Lumaynay, Altavas, Aklan | 15,000,000",[],[],candidate; verify PAP/project level and amount against PDF
Department of Agriculture,Farm-to-Market Roads,"","","Construction of Brgy. Adcadarao FMR, Brgy. Adcadarao, Ajuy, Iloilo",15000000,2 - HB 10858 VOL IB.pdf,706,"Construction of Brgy. Adcadarao FMR, Brgy. Adcadarao, Ajuy, Iloilo | 15,000,000","15,000,000 | Construction of Brgy. Adcadarao FMR, Brgy. Adcadarao, Ajuy, Iloilo",[],[],candidate; verify PAP/project level and amount against PDF
Department of Agriculture,Farm-to-Market Roads,"","","Construction of Brgy. Bayabas - Sitio Kabotosan FMR, Brgy. Bayabas, Abuyog, Leyte",15000000,2 - HB 10858 VOL IB.pdf,714,"Construction of Brgy. Bayabas - Sitio Kabotosan FMR, Brgy. Bayabas, Abuyog, Leyte | 15,000,000","30,000,000 | Construction of Brgy. Bayabas - Sitio Kabotosan FMR, Brgy. Bayabas, Abuyog, Leyte | 15,000,000",[],[],candidate; verify PAP/project level and amount against PDF
Department of Agriculture,Farm-to-Market Roads,"","","Construction of Sitio Capasigan, Brgy. Alimono FMR, Brgy. Alimono, Passi City, Iloilo",15000000,2 - HB 10858 VOL IB.pdf,706,"Construction of Sitio Capasigan, Brgy. Alimono FMR, Brgy. Alimono, Passi City, Iloilo | 15,000,000","30,000,000 | Construction of Sitio Capasigan, Brgy. Alimono FMR, Brgy. Alimono, Passi City, Iloilo | 15,000,000",[],[],candidate; verify PAP/project level and amount against PDF
Department of Agriculture,Farm-to-Market Roads,"","","Construction of Sitio Agcararao, Brgy. Jaguimitan FMR, Brgy. Jaguimitan,",15000000,2 - HB 10858 VOL IB.pdf,708,"Construction of Sitio Agcararao, Brgy. Jaguimitan FMR, Brgy. Jaguimitan, | 15,000,000","NAME OR PROJECTS | NAME OF PROJECTSPESOS PESOS | NUMBER “1”  | PESOS | Construction of Sitio Agcararao, Brgy. Jaguimitan FMR, Brgy. Jaguimitan, | Passi City, Iloilo | 15,000,000",[],[],candidate; verify PAP/project level and amount against PDF
Department of Agriculture,Farm-to-Market Roads,"","","Construction of Spanish Road Brgy. Linglingay FMR, Alicia, Isabela",15000000,2 - HB 10858 VOL IB.pdf,674,"Construction of Spanish Road Brgy. Linglingay FMR, Alicia, Isabela | 15,000,000","Construction of Spanish Road Brgy. Linglingay FMR, Alicia, Isabela | 15,000,000",[],[],candidate; verify PAP/project level and amount against PDF
Department of Agriculture,Farm-to-Market Roads,"","","Construction of Brgy. Gayong FMR, Cordon, Isabela",15000000,2 - HB 10858 VOL IB.pdf,674,"Construction of Brgy. Gayong FMR, Cordon, Isabela | 15,000,000","Construction of Brgy. Gayong FMR, Cordon, Isabela | 15,000,000",[],[],candidate; verify PAP/project level and amount against PDF
Department of Agriculture,Farm-to-Market Roads,"","","Construction of Quirat Road-Lachica Street, Rizal FMR, Santiago City, Isabela",15000000,2 - HB 10858 VOL IB.pdf,674,"Construction of Quirat Road-Lachica Street, Rizal FMR, Santiago City, Isabela | 15,000,000","Construction of Quirat Road-Lachica Street, Rizal FMR, Santiago City, Isabela | 15,000,000",[],[],candidate; verify PAP/project level and amount against PDF
Department of Agriculture,Farm-to-Market Roads,"","","Construction of P-6 Brgy. San Francisco FMR, Brgy. San Francisco, Mainit, Surigao del Norte",15000000,2 - HB 10858 VOL IB.pdf,724,"Construction of P-6 Brgy. San Francisco FMR, Brgy. San Francisco, Mainit, Surigao del Norte | 15,000,000","15,000,000 | Construction of P-6 Brgy. San Francisco FMR, Brgy. San Francisco, Mainit, Surigao del Norte",[],[],candidate; verify PAP/project level and amount against PDF
Department of Agriculture,Farm-to-Market Roads,"","","Construction of Brgy. Macañao to Brgy. Luyao FMR Phase II, Luna, Isabela",15000000,2 - HB 10858 VOL IB.pdf,674,"Construction of Brgy. Macañao to Brgy. Luyao FMR Phase II, Luna, Isabela | 15,000,000","Construction of Brgy. Macañao to Brgy. Luyao FMR Phase II, Luna, Isabela | 15,000,000",[],[],candidate; verify PAP/project level and amount against PDF
Department of Agriculture,Farm-to-Market Roads,"","","Construction of Brgy. Mabini to Pelaez FMR, Brgy. Mabini, Sta. Monica, Surigao del Norte",15000000,2 - HB 10858 VOL IB.pdf,722,"Construction of Brgy. Mabini to Pelaez FMR, Brgy. Mabini, Sta. Monica, Surigao del Norte | 15,000,000","30,000,000 | Construction of Brgy. Mabini to Pelaez FMR, Brgy. Mabini, Sta. Monica, Surigao del Norte | 15,000,000",[],[],candidate; verify PAP/project level and amount against PDF
Department of Agriculture,Farm-to-Market Roads,"","","Construction of Brgy. Ramos West FMR, San Isidro, Isabela",15000000,2 - HB 10858 VOL IB.pdf,676,"Construction of Brgy. Ramos West FMR, San Isidro, Isabela | 15,000,000","NAME OR PROJECTS | NAME OF PROJECTSPESOS PESOS | PESOS | Construction of Brgy. Ramos West FMR, San Isidro, Isabela | 40,000,000 | 15,000,000",[],[],candidate; verify PAP/project level and amount against PDF
Department of Agriculture,Farm-to-Market Roads,"","","Construction of Brgy. Buyon FMR, Brgy. Buyon, Cauayan City, Isabela",15000000,2 - HB 10858 VOL IB.pdf,676,"Construction of Brgy. Buyon FMR, Brgy. Buyon, Cauayan City, Isabela | 15,000,000","30,000,000 | Construction of Brgy. Buyon FMR, Brgy. Buyon, Cauayan City, Isabela | 15,000,000 | 25,000,000",[],[],candidate; verify PAP/project level and amount against PDF
Department of Agriculture,Farm-to-Market Roads,"","","Construction of P3 Luna to Sitio Bunga, Brgy. Luna FMR Phase 2, Brgy. San Jose, Dinagat Islands",15000000,2 - HB 10858 VOL IB.pdf,724,"Construction of P3 Luna to Sitio Bunga, Brgy. Luna FMR Phase 2, Brgy. San Jose, Dinagat Islands | 15,000,000","Construction of P3 Luna to Sitio Bunga, Brgy. Luna FMR Phase 2, | Brgy. San Jose, Dinagat Islands | 15,000,000",[],[],candidate; verify PAP/project level and amount against PDF
Department of Agriculture,Farm-to-Market Roads,"","","Construction of Brgy. San Francisco to Dabburab FMR, Brgy. San Francisco - Brgy. Dabburab,",15000000,2 - HB 10858 VOL IB.pdf,676,"Construction of Brgy. San Francisco to Dabburab FMR, Brgy. San Francisco - Brgy. Dabburab, | 15,000,000","20,000,000 | Construction of Brgy. San Francisco to Dabburab FMR, Brgy. San Francisco - Brgy. Dabburab, | Cauayan City, Isabela | 15,000,000",[],[],candidate; verify PAP/project level and amount against PDF
Department of Agriculture,Farm-to-Market Roads,"","","Construction of Siguiran FMR, Brgy. Siguiran, Abulug, Cagayan",15000000,2 - HB 10858 VOL IB.pdf,676,"Construction of Siguiran FMR, Brgy. Siguiran, Abulug, Cagayan | 15,000,000","Construction of Siguiran FMR, Brgy. Siguiran, Abulug, Cagayan | 15,000,000",[],[],candidate; verify PAP/project level and amount against PDF
Department of Agriculture,Farm-to-Market Roads,"","","Concreting of Brgy. Camia FMR, Brgy. Camia, San Joaquin, Iloilo",15000000,2 - HB 10858 VOL IB.pdf,708,"Concreting of Brgy. Camia FMR, Brgy. Camia, San Joaquin, Iloilo | 15,000,000","Concreting of Brgy. Camia FMR, Brgy. Camia, San Joaquin, Iloilo | 15,000,000",[],[],candidate; verify PAP/project level and amount against PDF
Department of Agriculture,Farm-to-Market Roads,"","","Construction of Sitio Gandia, Alinunu FMR, Brgy. Alinunu, Abulug, Cagayan",15000000,2 - HB 10858 VOL IB.pdf,676,"Construction of Sitio Gandia, Alinunu FMR, Brgy. Alinunu, Abulug, Cagayan | 15,000,000","Construction of Sitio Gandia, Alinunu FMR, Brgy. Alinunu, Abulug, Cagayan | 15,000,000",[],[],candidate; verify PAP/project level and amount against PDF
Department of Agriculture,Farm-to-Market Roads,"","","Concreting of Sitio Bayuco, Brgy. Taytay - Sitio Langhad, Brgy. Alameda FMR, Brgy. Taytay and Brgy. Alameda, Igbaras, Iloilo",15000000,2 - HB 10858 VOL IB.pdf,708,"Concreting of Sitio Bayuco, Brgy. Taytay - Sitio Langhad, Brgy. Alameda FMR, Brgy. Taytay and Brgy. Alameda, Igbaras, Iloilo | 15,000,000","Concreting of Sitio Bayuco, Brgy. Taytay - Sitio Langhad, Brgy. Alameda FMR, | Brgy. Taytay and Brgy. Alameda, Igbaras, Iloilo | 15,000,000",[],[],candidate; verify PAP/project level and amount against PDF
Department of Agriculture,Farm-to-Market Roads,"","","Construction of Brgy. Nantawakan FMR, Brgy. Nantawakan, Kasibu, Nueva Vizcaya",15000000,2 - HB 10858 VOL IB.pdf,676,"Construction of Brgy. Nantawakan FMR, Brgy. Nantawakan, Kasibu, Nueva Vizcaya | 15,000,000","Construction of Brgy. Nantawakan FMR, Brgy. Nantawakan, Kasibu, Nueva Vizcaya | 15,000,000",[],[],candidate; verify PAP/project level and amount against PDF
Department of Agriculture,Farm-to-Market Roads,"","","Construction of South Low Nia-Boundary, Villa Gonzaga FMR, Brgy. Villa Gonzaga,",15000000,2 - HB 10858 VOL IB.pdf,676,"Construction of South Low Nia-Boundary, Villa Gonzaga FMR, Brgy. Villa Gonzaga, | 15,000,000","Construction of South Low Nia-Boundary, Villa Gonzaga FMR, Brgy. Villa Gonzaga, | Santiago City, Isabela | 15,000,000",[],[],candidate; verify PAP/project level and amount against PDF
Department of Agriculture,Farm-to-Market Roads,"","","Construction of Brgy. Aroman FMR, Brgy. Aroman, Carmen, Cotabato",15000000,2 - HB 10858 VOL IB.pdf,722,"Construction of Brgy. Aroman FMR, Brgy. Aroman, Carmen, Cotabato | 15,000,000","Construction of Brgy. Aroman FMR, Brgy. Aroman, Carmen, Cotabato | 15,000,000",[],[],candidate; verify PAP/project level and amount against PDF
Department of Agriculture,Farm-to-Market Roads,"","","Concreting of Brgy. Bool-West FMR (Phase II), Brgy. Bool-West, Culaba, Biliran",15000000,2 - HB 10858 VOL IB.pdf,714,"Concreting of Brgy. Bool-West FMR (Phase II), Brgy. Bool-West, Culaba, Biliran | 15,000,000","15,000,000 | Concreting of Brgy. Bool-West FMR (Phase II), Brgy. Bool-West, Culaba, Biliran",[],[],candidate; verify PAP/project level and amount against PDF
Department of Agriculture,Farm-to-Market Roads,"","","Construction of Brgy. Aringay FMR, Brgy. Aringay, San Guillermo, Isabela",15000000,2 - HB 10858 VOL IB.pdf,676,"Construction of Brgy. Aringay FMR, Brgy. Aringay, San Guillermo, Isabela | 15,000,000","Construction of Brgy. Aringay FMR, Brgy. Aringay, San Guillermo, Isabela | 15,000,000",[],[],candidate; verify PAP/project level and amount against PDF
Department of Agriculture,Farm-to-Market Roads,"","","Concreting of Brgy. New Guia FMR, Brgy. New Guia, Maayon, Capiz",15000000,2 - HB 10858 VOL IB.pdf,708,"Concreting of Brgy. New Guia FMR, Brgy. New Guia, Maayon, Capiz | 15,000,000","Concreting of Brgy. New Guia FMR, Brgy. New Guia, Maayon, Capiz | 15,000,000",[],[],candidate; verify PAP/project level and amount against PDF
Department of Agriculture,Farm-to-Market Roads,"","","Concreting of Brgy. Lumbang - Brgy. Makiri FMR Phse III, Brgy. Lumbang, Isabela City, Basilan",15000000,2 - HB 10858 VOL IB.pdf,718,"Concreting of Brgy. Lumbang - Brgy. Makiri FMR Phse III, Brgy. Lumbang, Isabela City, Basilan | 15,000,000","Concreting of Brgy. Lumbang - Brgy. Makiri FMR Phse III, Brgy. Lumbang, Isabela City, Basilan | 15,000,000",[],[],candidate; verify PAP/project level and amount against PDF
Department of Agriculture,Farm-to-Market Roads,"","","Construction of Brgy. Gappal FMR 3, Brgy. Gappal, Cauayan City, Isabela",15000000,2 - HB 10858 VOL IB.pdf,676,"Construction of Brgy. Gappal FMR 3, Brgy. Gappal, Cauayan City, Isabela | 15,000,000","17,550,000 | Construction of Brgy. Gappal FMR 3, Brgy. Gappal, Cauayan City, Isabela | (2) 16.839367, 121.818317 | 15,000,000",[],[],candidate; verify PAP/project level and amount against PDF
Department of Agriculture,Farm-to-Market Roads,"","","Construction of Brgy. Quezon FMR, San Isidro, Isabela",15000000,2 - HB 10858 VOL IB.pdf,676,"Construction of Brgy. Quezon FMR, San Isidro, Isabela | 15,000,000","Construction of Brgy. Quezon FMR, San Isidro, Isabela | 15,000,000",[],[],candidate; verify PAP/project level and amount against PDF
Department of Agriculture,Farm-to-Market Roads,"","","Construction of Brgy. Cabangahan FMR, Brgy. Cabangahan, Cantilan, Surigao del Sur",15000000,2 - HB 10858 VOL IB.pdf,722,"Construction of Brgy. Cabangahan FMR, Brgy. Cabangahan, Cantilan, Surigao del Sur | 15,000,000","10,000,000 | Construction of Brgy. Cabangahan FMR, Brgy. Cabangahan, Cantilan, Surigao del Sur | 15,000,000",[],[],candidate; verify PAP/project level and amount against PDF
Department of Agriculture,Farm-to-Market Roads,"","","Construction of Brgy. Gueteb FMR, Brgy. Gueteb, Urbiztondo, Pangasinan",15000000,2 - HB 10858 VOL IB.pdf,666,"Construction of Brgy. Gueteb FMR, Brgy. Gueteb, Urbiztondo, Pangasinan | 15,000,000","Construction of Brgy. Gueteb FMR, Brgy. Gueteb, Urbiztondo, Pangasinan | 15,000,000",[],[],candidate; verify PAP/project level and amount against PDF
Department of Agriculture,Farm-to-Market Roads,"","","Construction of Brgy. Buenlag FMR, Brgy. Buenlag, Mangatarem, Pangasinan",15000000,2 - HB 10858 VOL IB.pdf,666,"Construction of Brgy. Buenlag FMR, Brgy. Buenlag, Mangatarem, Pangasinan | 15,000,000","Construction of Brgy. Buenlag FMR, Brgy. Buenlag, Mangatarem, Pangasinan | 15,000,000",[],[],candidate; verify PAP/project level and amount against PDF
Department of Agriculture,Farm-to-Market Roads,"","","Construction of Brgy. Ramos East FMR, San Isidro, Isabela",15000000,2 - HB 10858 VOL IB.pdf,676,"Construction of Brgy. Ramos East FMR, San Isidro, Isabela | 15,000,000","Construction of Brgy. Ramos East FMR, San Isidro, Isabela | 15,000,000",[],[],candidate; verify PAP/project level and amount against PDF
Department of Agriculture,Farm-to-Market Roads,"","","Concreting of Sitio Abang, Brgy. Buga FMR, Brgy. Buga, Igbaras, Iloilo",15000000,2 - HB 10858 VOL IB.pdf,708,"Concreting of Sitio Abang, Brgy. Buga FMR, Brgy. Buga, Igbaras, Iloilo | 15,000,000","Concreting of Sitio Abang, Brgy. Buga FMR, Brgy. Buga, Igbaras, Iloilo | 15,000,000",[],[],candidate; verify PAP/project level and amount against PDF
Department of Agriculture,Farm-to-Market Roads,"","","Construction of Brgy. Bug-ang FMR, Brgy. Bug-ang, Toboso, Negros Occidental",15000000,2 - HB 10858 VOL IB.pdf,708,"Construction of Brgy. Bug-ang FMR, Brgy. Bug-ang, Toboso, Negros Occidental | 15,000,000","Construction of Brgy. Bug-ang FMR, Brgy. Bug-ang, Toboso, Negros Occidental | 15,000,000",[],[],candidate; verify PAP/project level and amount against PDF
Department of Agriculture,Farm-to-Market Roads,"","","Construction of Brgy. Codcod FMR, Brgy. Codcod, San Carlos City, Negros Occidental",15000000,2 - HB 10858 VOL IB.pdf,710,"Construction of Brgy. Codcod FMR, Brgy. Codcod, San Carlos City, Negros Occidental | 15,000,000","NAME OR PROJECTS | NAME OF PROJECTSPESOS PESOS | NUMBER “1”  | PESOS | Construction of Brgy. Codcod FMR, Brgy. Codcod, San Carlos City, Negros Occidental | 15,000,000",[],[],candidate; verify PAP/project level and amount against PDF
Department of Agriculture,Farm-to-Market Roads,"","","Construction of Sitio Maray-as, Brgy. Bonawon FMR, Brgy. Bonawon, Siaton, Negros Oriental",15000000,2 - HB 10858 VOL IB.pdf,710,"Construction of Sitio Maray-as, Brgy. Bonawon FMR, Brgy. Bonawon, Siaton, Negros Oriental | 15,000,000","NAME OR PROJECTS | NAME OF PROJECTSPESOS PESOS | PESOS | Construction of Sitio Maray-as, Brgy. Bonawon FMR, Brgy. Bonawon, | 15,000,000 | Siaton, Negros Oriental",[],[],candidate; verify PAP/project level and amount against PDF
Department of Agriculture,Farm-to-Market Roads,"","","Construction of Brgy. Bato FMR, Brgy. Bato, Mabinay, Negros Oriental",15000000,2 - HB 10858 VOL IB.pdf,710,"Construction of Brgy. Bato FMR, Brgy. Bato, Mabinay, Negros Oriental | 15,000,000","Construction of Brgy. Bato FMR, Brgy. Bato, Mabinay, Negros Oriental | 15,000,000",[],[],candidate; verify PAP/project level and amount against PDF
Department of Agriculture,Farm-to-Market Roads,"","","Construction of Brgy. Caipilan FMR, Brgy. Caipilan, Siquijor, Siquijor",15000000,2 - HB 10858 VOL IB.pdf,710,"Construction of Brgy. Caipilan FMR, Brgy. Caipilan, Siquijor, Siquijor | 15,000,000","15,000,000 | Construction of Brgy. Caipilan FMR, Brgy. Caipilan, Siquijor, Siquijor",[],[],candidate; verify PAP/project level and amount against PDF
Department of Agriculture,Farm-to-Market Roads,"","","Construction of Brgy. Purisima FMR, Brgy. Purisima, Manapla, Negros Occidental",15000000,2 - HB 10858 VOL IB.pdf,710,"Construction of Brgy. Purisima FMR, Brgy. Purisima, Manapla, Negros Occidental | 15,000,000","Construction of Brgy. Purisima FMR, Brgy. Purisima, Manapla, Negros Occidental | 15,000,000",[],[],candidate; verify PAP/project level and amount against PDF
Department of Agriculture,Farm-to-Market Roads,"","","Construction of Brgy. Logucan FMR, Brgy. Logucan, Maria, Siquijor",15000000,2 - HB 10858 VOL IB.pdf,710,"Construction of Brgy. Logucan FMR, Brgy. Logucan, Maria, Siquijor | 15,000,000","15,000,000 | Construction of Brgy. Logucan FMR, Brgy. Logucan, Maria, Siquijor",[],[],candidate; verify PAP/project level and amount against PDF
Department of Agriculture,Farm-to-Market Roads,"","","Construction of Brgy. Sta. Rosa FMR, Brgy. Sta. Rosa, Murcia, Negros Occidental",15000000,2 - HB 10858 VOL IB.pdf,710,"Construction of Brgy. Sta. Rosa FMR, Brgy. Sta. Rosa, Murcia, Negros Occidental | 15,000,000","Construction of Brgy. Sta. Rosa FMR, Brgy. Sta. Rosa, Murcia, Negros Occidental | 15,000,000",[],[],candidate; verify PAP/project level and amount against PDF
Department of Agriculture,Farm-to-Market Roads,"","","Construction of Brgy. Manaoag FMR 1, Brgy. Manaoag, Cauayan City, Isabela",15000000,2 - HB 10858 VOL IB.pdf,676,"Construction of Brgy. Manaoag FMR 1, Brgy. Manaoag, Cauayan City, Isabela | 15,000,000","Construction of Brgy. Manaoag FMR 1, Brgy. Manaoag, Cauayan City, Isabela | 15,000,000",[],[],candidate; verify PAP/project level and amount against PDF
Department of Agriculture,Farm-to-Market Roads,"","","Construction of Brgy. Canlandog FMR, Brgy. Canlandog, Murcia, Negros Occidental",15000000,2 - HB 10858 VOL IB.pdf,710,"Construction of Brgy. Canlandog FMR, Brgy. Canlandog, Murcia, Negros Occidental | 15,000,000","Construction of Brgy. Canlandog FMR, Brgy. Canlandog, Murcia, Negros Occidental | 15,000,000",[],[],candidate; verify PAP/project level and amount against PDF
Department of Agriculture,Farm-to-Market Roads,"","","Construction of Brgy. Nabago FMR Phase 2, Brgy. Nabago, Surigao City, Surigao del Norte",15000000,2 - HB 10858 VOL IB.pdf,722,"Construction of Brgy. Nabago FMR Phase 2, Brgy. Nabago, Surigao City, Surigao del Norte | 15,000,000","10,000,000 | Construction of Brgy. Nabago FMR Phase 2, Brgy. Nabago, Surigao City, Surigao del Norte | 15,000,000",[],[],candidate; verify PAP/project level and amount against PDF
Department of Agriculture,Farm-to-Market Roads,"","","Construction of Purok Paghidaet, Brgy. Sagasa FMR, Brgy. Sagasa, Bago City, Negros Occidental",15000000,2 - HB 10858 VOL IB.pdf,710,"Construction of Purok Paghidaet, Brgy. Sagasa FMR, Brgy. Sagasa, Bago City, Negros Occidental | 15,000,000","Construction of Purok Paghidaet, Brgy. Sagasa FMR, Brgy. Sagasa, | Bago City, Negros Occidental | 15,000,000",[],[],candidate; verify PAP/project level and amount against PDF
Department of Agriculture,Farm-to-Market Roads,"","","Construction of Huwit-Huwit - Lianutan FMR Phase II, Brgy. Huwit-Huwit, Omar, Sulu STA. 0+00 Lat: 5.948460, Long: 121.353418",15000000,2 - HB 10858 VOL IB.pdf,718,"Construction of Huwit-Huwit - Lianutan FMR Phase II, Brgy. Huwit-Huwit, Omar, Sulu STA. 0+00 Lat: 5.948460, Long: 121.353418 | 15,000,000","Sta. 0+650 Lat: 5.986219, Long: 121.245419 | Construction of Huwit-Huwit - Lianutan FMR Phase II, Brgy. Huwit-Huwit, Omar, Sulu | STA. 0+00 Lat: 5.948460, Long: 121.353418 | 15,000,000 | STA. 0+1050 Lat: 5.948704, Long: 121.344079",[],[],candidate; verify PAP/project level and amount against PDF
Department of Agriculture,Farm-to-Market Roads,"","","Construction of Brgy. San Miguel FMR, Brgy. San Miguel, La Carlota City, Negros Occidental",15000000,2 - HB 10858 VOL IB.pdf,710,"Construction of Brgy. San Miguel FMR, Brgy. San Miguel, La Carlota City, Negros Occidental | 15,000,000","Construction of Brgy. San Miguel FMR, Brgy. San Miguel, La Carlota City, Negros Occidental | 15,000,000",[],[],candidate; verify PAP/project level and amount against PDF
Department of Agriculture,Farm-to-Market Roads,"","","Construction of Sitio Kalubihan, Brgy. Talaptap FMR, Brgy. Talaptap, La Castellana,",15000000,2 - HB 10858 VOL IB.pdf,710,"Construction of Sitio Kalubihan, Brgy. Talaptap FMR, Brgy. Talaptap, La Castellana, | 15,000,000","Construction of Sitio Kalubihan, Brgy. Talaptap FMR, Brgy. Talaptap, La Castellana, | Negros Occidental | 15,000,000",[],[],candidate; verify PAP/project level and amount against PDF
Department of Agriculture,Farm-to-Market Roads,"","","Construction of Brgy. Timamana FMR, Brgy. Timamana, Tubod, Surigao del Norte",15000000,2 - HB 10858 VOL IB.pdf,722,"Construction of Brgy. Timamana FMR, Brgy. Timamana, Tubod, Surigao del Norte | 15,000,000","10,000,000 | Construction of Brgy. Timamana FMR, Brgy. Timamana, Tubod, Surigao del Norte | 15,000,000",[],[],candidate; verify PAP/project level and amount against PDF
Department of Agriculture,Farm-to-Market Roads,"","","Construction of Sitio Pidpid to Sitio Kaburihan, Brgy. San Agustin FMR, Brgy. San Agustin,",15000000,2 - HB 10858 VOL IB.pdf,710,"Construction of Sitio Pidpid to Sitio Kaburihan, Brgy. San Agustin FMR, Brgy. San Agustin, | 15,000,000","Construction of Sitio Pidpid to Sitio Kaburihan, Brgy. San Agustin FMR, Brgy. San Agustin, | Negros Occidental | 15,000,000",[],[],candidate; verify PAP/project level and amount against PDF
Department of Agriculture,Farm-to-Market Roads,"","","Construction of Brgy. Tablon (Sitio Manila) FMR, Cagayan de Oro City",15000000,2 - HB 10858 VOL IB.pdf,718,"Construction of Brgy. Tablon (Sitio Manila) FMR, Cagayan de Oro City | 15,000,000","30,000,000 | Construction of Brgy. Tablon (Sitio Manila) FMR, Cagayan de Oro City | 15,000,000",[],[],candidate; verify PAP/project level and amount against PDF
Department of Agriculture,Farm-to-Market Roads,"","","Construction of Brgy. Bulata FMR, Brgy. Bulata, Cauayan, Negros Occidental",15000000,2 - HB 10858 VOL IB.pdf,710,"Construction of Brgy. Bulata FMR, Brgy. Bulata, Cauayan, Negros Occidental | 15,000,000","Construction of Brgy. Bulata FMR, Brgy. Bulata, Cauayan, Negros Occidental | 15,000,000",[],[],candidate; verify PAP/project level and amount against PDF
Department of Agriculture,Farm-to-Market Roads,"","","Construction of Brgy. Manlucahoc FMR, Brgy. Manlucahoc, Sipalay City, Negros Occidental",15000000,2 - HB 10858 VOL IB.pdf,710,"Construction of Brgy. Manlucahoc FMR, Brgy. Manlucahoc, Sipalay City, Negros Occidental | 15,000,000","Construction of Brgy. Manlucahoc FMR, Brgy. Manlucahoc, Sipalay City, Negros Occidental | 15,000,000",[],[],candidate; verify PAP/project level and amount against PDF
Department of Agriculture,Farm-to-Market Roads,"","","Construction of Brgy. Asia FMR, Brgy. Asia, Hinoba-an, Negros Occidental",15000000,2 - HB 10858 VOL IB.pdf,710,"Construction of Brgy. Asia FMR, Brgy. Asia, Hinoba-an, Negros Occidental | 15,000,000","Construction of Brgy. Asia FMR, Brgy. Asia, Hinoba-an, Negros Occidental | 15,000,000",[],[],candidate; verify PAP/project level and amount against PDF
Department of Agriculture,Farm-to-Market Roads,"","","Construction of Sitio Baslay, Brgy. Talacdan FMR, Brgy. Talacdan, Cauayan, Negros Occidental",15000000,2 - HB 10858 VOL IB.pdf,710,"Construction of Sitio Baslay, Brgy. Talacdan FMR, Brgy. Talacdan, Cauayan, Negros Occidental | 15,000,000","Construction of Sitio Baslay, Brgy. Talacdan FMR, Brgy. Talacdan, Cauayan, | 15,000,000 | Negros Occidental",[],[],candidate; verify PAP/project level and amount against PDF
Department of Agriculture,Farm-to-Market Roads,"","","Construction of Brgy. Panubigan FMR, Brgy. Panubigan, Canlaon City, Negros Oriental",15000000,2 - HB 10858 VOL IB.pdf,710,"Construction of Brgy. Panubigan FMR, Brgy. Panubigan, Canlaon City, Negros Oriental | 15,000,000","Construction of Brgy. Panubigan FMR, Brgy. Panubigan, Canlaon City, Negros Oriental | 15,000,000",[],[],candidate; verify PAP/project level and amount against PDF
Department of Agriculture,Farm-to-Market Roads,"","","Construction of Brgy. Nabulao FMR, Brgy. Nabulao, Sipalay City, Negros Occidental",15000000,2 - HB 10858 VOL IB.pdf,710,"Construction of Brgy. Nabulao FMR, Brgy. Nabulao, Sipalay City, Negros Occidental | 15,000,000","15,000,000 | Construction of Brgy. Nabulao FMR, Brgy. Nabulao, Sipalay City, Negros Occidental",[],[],candidate; verify PAP/project level and amount against PDF
Department of Agriculture,Farm-to-Market Roads,"","","Construction of Brgy. Talaon to Brgy. Pitogo FMR, Brgy. Talaon and Brgy. Pitogo,",15000000,2 - HB 10858 VOL IB.pdf,710,"Construction of Brgy. Talaon to Brgy. Pitogo FMR, Brgy. Talaon and Brgy. Pitogo, | 15,000,000","Construction of Brgy. Talaon to Brgy. Pitogo FMR, Brgy. Talaon and Brgy. Pitogo, | La Libertad, Negros Oriental | 15,000,000",[],[],candidate; verify PAP/project level and amount against PDF
Department of Agriculture,Farm-to-Market Roads,"","","Construction of Purok 5, Brgy. Balubal FMR, Cagayan de Oro City",15000000,2 - HB 10858 VOL IB.pdf,718,"Construction of Purok 5, Brgy. Balubal FMR, Cagayan de Oro City | 15,000,000","20,000,000 | Construction of Purok 5, Brgy. Balubal FMR, Cagayan de Oro City | 15,000,000",[],[],candidate; verify PAP/project level and amount against PDF
Department of Agriculture,Farm-to-Market Roads,"","","Construction of Brgy. Azagra to Brgy. San Miguel FMR, Brgy. Azagra and Brgy. San Miguel,",15000000,2 - HB 10858 VOL IB.pdf,710,"Construction of Brgy. Azagra to Brgy. San Miguel FMR, Brgy. Azagra and Brgy. San Miguel, | 15,000,000","Construction of Brgy. Azagra to Brgy. San Miguel FMR, Brgy. Azagra and Brgy. San Miguel, | Tanjay City, Negros Oriental | 15,000,000",[],[],candidate; verify PAP/project level and amount against PDF
Department of Agriculture,Farm-to-Market Roads,"","","Construction of Brgy. Tabugon FMR, Brgy. Tabugon, Kabankalan City, Negros Occidental",15000000,2 - HB 10858 VOL IB.pdf,710,"Construction of Brgy. Tabugon FMR, Brgy. Tabugon, Kabankalan City, Negros Occidental | 15,000,000","Construction of Brgy. Tabugon FMR, Brgy. Tabugon, Kabankalan City, Negros Occidental | 15,000,000",[],[],candidate; verify PAP/project level and amount against PDF
Department of Agriculture,Farm-to-Market Roads,"","","Concreting of Brgy. Camangcamang FMR, Brgy. Camangcamang, Isabela, Negros Occidental",15000000,2 - HB 10858 VOL IB.pdf,710,"Concreting of Brgy. Camangcamang FMR, Brgy. Camangcamang, Isabela, Negros Occidental | 15,000,000","15,000,000 | Concreting of Brgy. Camangcamang FMR, Brgy. Camangcamang, Isabela, Negros Occidental",[],[],candidate; verify PAP/project level and amount against PDF
Department of Agriculture,Farm-to-Market Roads,"","","Construction of Brgy. Jantianon FMR Phase II, Brgy. Jantianon, Amlan, Negros Oriental",15000000,2 - HB 10858 VOL IB.pdf,710,"Construction of Brgy. Jantianon FMR Phase II, Brgy. Jantianon, Amlan, Negros Oriental | 15,000,000","Construction of Brgy. Jantianon FMR Phase II, Brgy. Jantianon, Amlan, Negros Oriental | 15,000,000",[],[],candidate; verify PAP/project level and amount against PDF
Department of Agriculture,Farm-to-Market Roads,"","","Construction of Zone 1, Brgy. Balubal FMR, Cagayan de Oro City",15000000,2 - HB 10858 VOL IB.pdf,718,"Construction of Zone 1, Brgy. Balubal FMR, Cagayan de Oro City | 15,000,000","50,000,000 | Construction of Zone 1, Brgy. Balubal FMR, Cagayan de Oro City | 15,000,000",[],[],candidate; verify PAP/project level and amount against PDF
Department of Agriculture,Farm-to-Market Roads,"","","Construction of Sitio Kabiyabsan, Brgy. Mayabon FMR, Brgy. Mayabon, Zamboanguita, Negros Oriental",15000000,2 - HB 10858 VOL IB.pdf,710,"Construction of Sitio Kabiyabsan, Brgy. Mayabon FMR, Brgy. Mayabon, Zamboanguita, Negros Oriental | 15,000,000","Construction of Sitio Kabiyabsan, Brgy. Mayabon FMR, Brgy. Mayabon, | Zamboanguita, Negros Oriental | 15,000,000",[],[],candidate; verify PAP/project level and amount against PDF
Department of Agriculture,Farm-to-Market Roads,"","","Construction of Brgy. Alangilan FMR, Brgy. Alangilan, Bacolod City",15000000,2 - HB 10858 VOL IB.pdf,710,"Construction of Brgy. Alangilan FMR, Brgy. Alangilan, Bacolod City | 15,000,000","15,000,000 | Construction of Brgy. Alangilan FMR, Brgy. Alangilan, Bacolod City",[],[],candidate; verify PAP/project level and amount against PDF
Department of Agriculture,Farm-to-Market Roads,"","","Construction of Brgy. Besigan FMR, Brgy. Besigan, Cagayan de Oro City",15000000,2 - HB 10858 VOL IB.pdf,718,"Construction of Brgy. Besigan FMR, Brgy. Besigan, Cagayan de Oro City | 15,000,000","683,400,000 | Construction of Brgy. Besigan FMR, Brgy. Besigan, Cagayan de Oro City | 15,000,000",[],[],candidate; verify PAP/project level and amount against PDF
Department of Agriculture,Farm-to-Market Roads,"","","Construction of Brgy. Mantacida FMR, Brgy. Mantacida, Catigbian, Bohol",15000000,2 - HB 10858 VOL IB.pdf,712,"Construction of Brgy. Mantacida FMR, Brgy. Mantacida, Catigbian, Bohol | 15,000,000","REGION VII - CENTRAL VISAYAS | 315,000,000 | Construction of Brgy. Mantacida FMR, Brgy. Mantacida, Catigbian, Bohol | 15,000,000",[],[],candidate; verify PAP/project level and amount against PDF
Department of Agriculture,Farm-to-Market Roads,"","","Construction of Sitio Cusapit, Brgy. Dicamay 1 FMR, Brgy. Dicamay 1, Jones, Isabela",15000000,2 - HB 10858 VOL IB.pdf,678,"Construction of Sitio Cusapit, Brgy. Dicamay 1 FMR, Brgy. Dicamay 1, Jones, Isabela | 15,000,000","Construction of Sitio Cusapit, Brgy. Dicamay 1 FMR, Brgy. Dicamay 1, Jones, Isabela | 15,000,000",[],[],candidate; verify PAP/project level and amount against PDF
Department of Agriculture,Farm-to-Market Roads,"","","Construction of Brgy. Bahaybahay to Brgy. Poblacion II FMR, Brgy. Bahaybahay and Brgy. Poblacion II, Sikatuna, Bohol",15000000,2 - HB 10858 VOL IB.pdf,712,"Construction of Brgy. Bahaybahay to Brgy. Poblacion II FMR, Brgy. Bahaybahay and Brgy. Poblacion II, Sikatuna, Bohol | 15,000,000","Construction of Brgy. Bahaybahay to Brgy. Poblacion II FMR, Brgy. Bahaybahay and | Brgy. Poblacion II, Sikatuna, Bohol | 15,000,000",[],[],candidate; verify PAP/project level and amount against PDF
Department of Agriculture,Farm-to-Market Roads,"","","Concreting of Brgy. Libaong - Brgy. Lourdes FMR, Panglao, Bohol",15000000,2 - HB 10858 VOL IB.pdf,712,"Concreting of Brgy. Libaong - Brgy. Lourdes FMR, Panglao, Bohol | 15,000,000","15,000,000 | Concreting of Brgy. Libaong - Brgy. Lourdes FMR, Panglao, Bohol",[],[],candidate; verify PAP/project level and amount against PDF
Department of Agriculture,Farm-to-Market Roads,"","","Construction of Buenavista to Sitio Kalubihan FMR, Brgy. Buenavista, Carcar City, Cebu",15000000,2 - HB 10858 VOL IB.pdf,712,"Construction of Buenavista to Sitio Kalubihan FMR, Brgy. Buenavista, Carcar City, Cebu | 15,000,000","Construction of Buenavista to Sitio Kalubihan FMR, Brgy. Buenavista, Carcar City, Cebu | 15,000,000",[],[],candidate; verify PAP/project level and amount against PDF
Department of Agriculture,Farm-to-Market Roads,"","","Construction of Brgy. Sudlon I FMR, Brgy. Sudlon I, Cebu City, Cebu",15000000,2 - HB 10858 VOL IB.pdf,712,"Construction of Brgy. Sudlon I FMR, Brgy. Sudlon I, Cebu City, Cebu | 15,000,000","15,000,000 | Construction of Brgy. Sudlon I FMR, Brgy. Sudlon I, Cebu City, Cebu",[],[],candidate; verify PAP/project level and amount against PDF
Department of Agriculture,Farm-to-Market Roads,"","","Construction of Brgy. Tubod to Brgy. Magsico FMR, Brgy. Tubod and Brgy. Magsico, San Fernando, Cebu",15000000,2 - HB 10858 VOL IB.pdf,712,"Construction of Brgy. Tubod to Brgy. Magsico FMR, Brgy. Tubod and Brgy. Magsico, San Fernando, Cebu | 15,000,000","Construction of Brgy. Tubod to Brgy. Magsico FMR, Brgy. Tubod and Brgy. Magsico, | San Fernando, Cebu | 15,000,000",[],[],candidate; verify PAP/project level and amount against PDF
Department of Agriculture,Farm-to-Market Roads,"","","Construction of Brgy. Nagaasan to Sitio Camaoy FMR, Brgy. Nagaasan, Babatngon, Leyte",15000000,2 - HB 10858 VOL IB.pdf,712,"Construction of Brgy. Nagaasan to Sitio Camaoy FMR, Brgy. Nagaasan, Babatngon, Leyte | 15,000,000","15,000,000 | REGION VIII - EASTERN VISAYAS | 996,800,000 | Construction of Brgy. Nagaasan to Sitio Camaoy FMR, Brgy. Nagaasan, Babatngon, Leyte",[],[],candidate; verify PAP/project level and amount against PDF
Department of Agriculture,Farm-to-Market Roads,"","","Construction of Brgy. Mompeller to Brgy. Apo FMR, Brgy. Mompeller and Brgy. Apo, Argao, Cebu",15000000,2 - HB 10858 VOL IB.pdf,712,"Construction of Brgy. Mompeller to Brgy. Apo FMR, Brgy. Mompeller and Brgy. Apo, Argao, Cebu | 15,000,000","Construction of Brgy. Mompeller to Brgy. Apo FMR, Brgy. Mompeller and Brgy. Apo, | Argao, Cebu | 15,000,000",[],[],candidate; verify PAP/project level and amount against PDF
Department of Agriculture,Farm-to-Market Roads,"","","Construction of Brgy. Taguite FMR, Brgy. Taguite, Babatngon, Leyte",15000000,2 - HB 10858 VOL IB.pdf,712,"Construction of Brgy. Taguite FMR, Brgy. Taguite, Babatngon, Leyte | 15,000,000","15,000,000 | Construction of Brgy. Taguite FMR, Brgy. Taguite, Babatngon, Leyte",[],[],candidate; verify PAP/project level and amount against PDF
Department of Agriculture,Farm-to-Market Roads,"","","Construction of Brgy. Mantalongon FMR, Brgy. Mantalongon, Dalaguete, Cebu",15000000,2 - HB 10858 VOL IB.pdf,712,"Construction of Brgy. Mantalongon FMR, Brgy. Mantalongon, Dalaguete, Cebu | 15,000,000","Construction of Brgy. Mantalongon FMR, Brgy. Mantalongon, Dalaguete, Cebu | 15,000,000",[],[],candidate; verify PAP/project level and amount against PDF
Department of Agriculture,Farm-to-Market Roads,"","","Construction of Brgy. Tutug-an to Sitio Nasunogan, Brgy. Tutug-an FMR, Brgy. Tutug-an, Barugo, Leyte",15000000,2 - HB 10858 VOL IB.pdf,712,"Construction of Brgy. Tutug-an to Sitio Nasunogan, Brgy. Tutug-an FMR, Brgy. Tutug-an, Barugo, Leyte | 15,000,000","15,000,000 | Construction of Brgy. Tutug-an to Sitio Nasunogan, Brgy. Tutug-an FMR, Brgy. Tutug-an, | Barugo, Leyte",[],[],candidate; verify PAP/project level and amount against PDF
Department of Agriculture,Farm-to-Market Roads,"","","Construction of Brgy. Union FMR, Brgy. Union, San Francisco, Cebu",15000000,2 - HB 10858 VOL IB.pdf,712,"Construction of Brgy. Union FMR, Brgy. Union, San Francisco, Cebu | 15,000,000","15,000,000 | Construction of Brgy. Union FMR, Brgy. Union, San Francisco, Cebu",[],[],candidate; verify PAP/project level and amount against PDF
Department of Agriculture,Farm-to-Market Roads,"","","Construction of Brgy. Ibag to Brgy. Sta. Rosa FMR, Brgy. Ibag and Brgy. Sta. Rosa,",15000000,2 - HB 10858 VOL IB.pdf,712,"Construction of Brgy. Ibag to Brgy. Sta. Rosa FMR, Brgy. Ibag and Brgy. Sta. Rosa, | 15,000,000","15,000,000 | Construction of Brgy. Ibag to Brgy. Sta. Rosa FMR, Brgy. Ibag and Brgy. Sta. Rosa, | Barugo, Leyte",[],[],candidate; verify PAP/project level and amount against PDF
Department of Agriculture,Farm-to-Market Roads,"","","Construction of Brgy. Liboron to Boundary Lanipga FMR, Brgy. Liboron, Carmen, Cebu",15000000,2 - HB 10858 VOL IB.pdf,712,"Construction of Brgy. Liboron to Boundary Lanipga FMR, Brgy. Liboron, Carmen, Cebu | 15,000,000","Construction of Brgy. Liboron to Boundary Lanipga FMR, Brgy. Liboron, Carmen, Cebu | 15,000,000",[],[],candidate; verify PAP/project level and amount against PDF
Department of Agriculture,Farm-to-Market Roads,"","","Concreting of Brgy. Turod Sur FMR, Brgy. Turod Sur, Cordon, Isabela",15000000,2 - HB 10858 VOL IB.pdf,678,"Concreting of Brgy. Turod Sur FMR, Brgy. Turod Sur, Cordon, Isabela | 15,000,000","15,000,000 | Concreting of Brgy. Turod Sur FMR, Brgy. Turod Sur, Cordon, Isabela",[],[],candidate; verify PAP/project level and amount against PDF
Department of Agriculture,Farm-to-Market Roads,"","","Construction of Sitio Busay, Brgy. Apale FMR, Brgy. Apale, Isabel, Leyte",15000000,2 - HB 10858 VOL IB.pdf,712,"Construction of Sitio Busay, Brgy. Apale FMR, Brgy. Apale, Isabel, Leyte | 15,000,000","Construction of Sitio Busay, Brgy. Apale FMR, Brgy. Apale, Isabel, Leyte | 30,000,000 | 15,000,000",[],[],candidate; verify PAP/project level and amount against PDF
Department of Agriculture,Farm-to-Market Roads,"","","Construction of Brgy. Manga to Brgy. Bayabas FMR, Brgy. Manga and Brgy. Bayabas,",15000000,2 - HB 10858 VOL IB.pdf,712,"Construction of Brgy. Manga to Brgy. Bayabas FMR, Brgy. Manga and Brgy. Bayabas, | 15,000,000","Construction of Brgy. Manga to Brgy. Bayabas FMR, Brgy. Manga and Brgy. Bayabas, | Alcantara, Cebu | 15,000,000",[],[],candidate; verify PAP/project level and amount against PDF
Department of Agriculture,Farm-to-Market Roads,"","","Construction of Sitio Kabaringan, Brgy. Apale FMR, Brgy. Apale, Isabel, Leyte",15000000,2 - HB 10858 VOL IB.pdf,712,"Construction of Sitio Kabaringan, Brgy. Apale FMR, Brgy. Apale, Isabel, Leyte | 15,000,000","Construction of Sitio Kabaringan, Brgy. Apale FMR, Brgy. Apale, Isabel, Leyte | 15,000,000",[],[],candidate; verify PAP/project level and amount against PDF
Department of Agriculture,Farm-to-Market Roads,"","","Construction of Brgy. Capilian to Brgy. Burubud-an FMR, Brgy. Capilian and",15000000,2 - HB 10858 VOL IB.pdf,712,"Construction of Brgy. Capilian to Brgy. Burubud-an FMR, Brgy. Capilian and | 15,000,000","15,000,000 | Construction of Brgy. Capilian to Brgy. Burubud-an FMR, Brgy. Capilian and | Brgy. Burubud-an, Abuyog, Leyte",[],[],candidate; verify PAP/project level and amount against PDF
Department of Agriculture,Farm-to-Market Roads,"","","Construction of Sitio Samborio, Brgy. Buot FMR, Brgy. Buot, Cebu City, Cebu",15000000,2 - HB 10858 VOL IB.pdf,712,"Construction of Sitio Samborio, Brgy. Buot FMR, Brgy. Buot, Cebu City, Cebu | 15,000,000","Construction of Sitio Samborio, Brgy. Buot FMR, Brgy. Buot, Cebu City, Cebu | 15,000,000",[],[],candidate; verify PAP/project level and amount against PDF
Department of Agriculture,Farm-to-Market Roads,"","","Construction of Sitio Upper to Sitio Tay-ong, Brgy. Buot FMR, Brgy. Buot, Cebu City, Cebu",15000000,2 - HB 10858 VOL IB.pdf,712,"Construction of Sitio Upper to Sitio Tay-ong, Brgy. Buot FMR, Brgy. Buot, Cebu City, Cebu | 15,000,000","Construction of Sitio Upper to Sitio Tay-ong, Brgy. Buot FMR, Brgy. Buot, Cebu City, Cebu | 15,000,000",[],[],candidate; verify PAP/project level and amount against PDF
Department of Agriculture,Farm-to-Market Roads,"","","Construction of Sitio Kage, Brgy. Agbanga to Sitio San Antonio, Brgy. Itum FMR, Brgy. Agbanga and Brgy. Itum, Matalom, Leyte",15000000,2 - HB 10858 VOL IB.pdf,712,"Construction of Sitio Kage, Brgy. Agbanga to Sitio San Antonio, Brgy. Itum FMR, Brgy. Agbanga and Brgy. Itum, Matalom, Leyte | 15,000,000","Construction of Sitio Kage, Brgy. Agbanga to Sitio San Antonio, Brgy. Itum FMR, | 15,000,000 | Brgy. Agbanga and Brgy. Itum, Matalom, Leyte",[],[],candidate; verify PAP/project level and amount against PDF
Department of Agriculture,Farm-to-Market Roads,"","","Construction of Brgy. Delabayan West FMR, Brgy. Delabayan West, Bacolod, Lanao del Norte",15000000,2 - HB 10858 VOL IB.pdf,718,"Construction of Brgy. Delabayan West FMR, Brgy. Delabayan West, Bacolod, Lanao del Norte | 15,000,000","30,000,000 | Construction of Brgy. Delabayan West FMR, Brgy. Delabayan West, Bacolod, Lanao del Norte | 15,000,000",[],[],candidate; verify PAP/project level and amount against PDF
Department of Agriculture,Farm-to-Market Roads,"","","Construction of Brgy. Imelda to Brgy. Lico FMR, Brgy. Imelda and Brgy. Lico, Naval, Biliran",15000000,2 - HB 10858 VOL IB.pdf,712,"Construction of Brgy. Imelda to Brgy. Lico FMR, Brgy. Imelda and Brgy. Lico, Naval, Biliran | 15,000,000","10,000,000 | Construction of Brgy. Imelda to Brgy. Lico FMR, Brgy. Imelda and Brgy. Lico, Naval, Biliran | 15,000,000",[],[],candidate; verify PAP/project level and amount against PDF
Department of Agriculture,Farm-to-Market Roads,"","","Construction of Purok 1, Brgy. Purakan FMR, Brgy. Purakan, Linamon, Lanao del Norte",15000000,2 - HB 10858 VOL IB.pdf,718,"Construction of Purok 1, Brgy. Purakan FMR, Brgy. Purakan, Linamon, Lanao del Norte | 15,000,000","30,000,000 | Construction of Purok 1, Brgy. Purakan FMR, Brgy. Purakan, Linamon, Lanao del Norte | 15,000,000",[],[],candidate; verify PAP/project level and amount against PDF
Department of Agriculture,Farm-to-Market Roads,"","","Construction of Brgy. Habuhab FMR, Brgy. Habuhab, Culaba, Biliran",15000000,2 - HB 10858 VOL IB.pdf,712,"Construction of Brgy. Habuhab FMR, Brgy. Habuhab, Culaba, Biliran | 15,000,000","10,000,000 | Construction of Brgy. Habuhab FMR, Brgy. Habuhab, Culaba, Biliran | 15,000,000",[],[],candidate; verify PAP/project level and amount against PDF
Department of Agriculture,Farm-to-Market Roads,"","","Concreting of Brgy. Patul- Brgy. Villa Gonzaga FMR Phase II, Brgy. Patul and Brgy. Villa Gonzaga, Santiago City, Isabela",15000000,2 - HB 10858 VOL IB.pdf,678,"Concreting of Brgy. Patul- Brgy. Villa Gonzaga FMR Phase II, Brgy. Patul and Brgy. Villa Gonzaga, Santiago City, Isabela | 15,000,000","30,000,000 | Concreting of Brgy. Patul- Brgy. Villa Gonzaga FMR Phase II, Brgy. Patul and | Brgy. Villa Gonzaga, Santiago City, Isabela | 15,000,000",[],[],candidate; verify PAP/project level and amount against PDF
Department of Agriculture,Farm-to-Market Roads,"","","Concreting of Zone 5 - Immaculate Conception Shrine, Brgy. Sambulawan FMR, Brgy. Sambulawan, Laguindingan, Misamis Oriental",15000000,2 - HB 10858 VOL IB.pdf,718,"Concreting of Zone 5 - Immaculate Conception Shrine, Brgy. Sambulawan FMR, Brgy. Sambulawan, Laguindingan, Misamis Oriental | 15,000,000","Concreting of Zone 5 - Immaculate Conception Shrine, Brgy. Sambulawan FMR, Brgy. Sambulawan, | 20,000,000 | Laguindingan, Misamis Oriental | 15,000,000",[],[],candidate; verify PAP/project level and amount against PDF
Department of Agriculture,Farm-to-Market Roads,"","","Construction of Brgy. Talolora to Sitio Canamucan FMR, Brgy. Talolora, Mondragon,",15000000,2 - HB 10858 VOL IB.pdf,714,"Construction of Brgy. Talolora to Sitio Canamucan FMR, Brgy. Talolora, Mondragon, | 15,000,000","NAME OR PROJECTS | NAME OF PROJECTSPESOS PESOS | NUMBER “1”  | PESOS | Construction of Brgy. Talolora to Sitio Canamucan FMR, Brgy. Talolora, Mondragon, | Northern Samar | 15,000,000",[],[],candidate; verify PAP/project level and amount against PDF
Department of Agriculture,Farm-to-Market Roads,"","","Construction of Purok 1 - 6, Brgy. Balnate FMR, Brgy. Balnate, Magsaysay, Davao del Sur",15000000,2 - HB 10858 VOL IB.pdf,720,"Construction of Purok 1 - 6, Brgy. Balnate FMR, Brgy. Balnate, Magsaysay, Davao del Sur | 15,000,000","Construction of Purok 1 - 6, Brgy. Balnate FMR, Brgy. Balnate, Magsaysay, Davao del Sur | 15,000,000",[],[],candidate; verify PAP/project level and amount against PDF
Department of Agriculture,Farm-to-Market Roads,"","","Construction of Brgy. Santa Catalina to Brgy. La Trinidad FMR, Brgy. Santa Catalina and",15000000,2 - HB 10858 VOL IB.pdf,714,"Construction of Brgy. Santa Catalina to Brgy. La Trinidad FMR, Brgy. Santa Catalina and | 15,000,000","Construction of Brgy. Santa Catalina to Brgy. La Trinidad FMR, Brgy. Santa Catalina and | Brgy. La Trinidad, Mondragon, Northern Samar | 15,000,000",[],[],candidate; verify PAP/project level and amount against PDF
Department of Health,Health Facilities Enhancement Program,"","",Jose C. Payumo Jr. Memorial Hospital,14600000,2 - HB 10858 VOL IB.pdf,882,"Jose C. Payumo Jr. Memorial Hospital | Total: 14,600,000","13,000,000 | Morong District Hospital | 49,000,000 | 19,365,000 | Jose C. Payumo Jr. Memorial Hospital | 14,600,000 | 15,000,000",[],"['verify facility row, hierarchy, and printed Total column against the HFEP schedule']",candidate; verify against PDF
Department of Health,Health Facilities Enhancement Program,"","",Concepcion District Hospital,14500000,2 - HB 10858 VOL IB.pdf,884,"Concepcion District Hospital | Total: 14,500,000","Capas Medical Complex | 5,400,000 | Concepcion District Hospital | 14,500,000 | Congressman Enrique ""Henry"" M. Cojuangco Memorial | 20,000,000",[],"['verify facility row, hierarchy, and printed Total column against the HFEP schedule']",candidate; verify against PDF
Department of Health,Health Facilities Enhancement Program,"","","Alfredo E. Maranon, Sr. Memorial District Hospital",14000000,2 - HB 10858 VOL IB.pdf,884,"Alfredo E. Maranon, Sr. Memorial District Hospital | Total: 14,000,000","11,500,000 | Negros Occidental | 142,904,000 | 134,300,000 | 277,204,000 | 9,000,000 | Alfredo E. Maranon, Sr. Memorial District Hospital | 14,000,000 | 2,500,000 | Bago City Hospital | 50,000,000",[],"['verify facility row, hierarchy, and printed Total column against the HFEP schedule']",candidate; verify against PDF
Department of Agriculture,Farm-to-Market Roads,"","","Concreting of Brgy. Anislagan to Brgy. Agas FMR, Brgy. Anislagan and Brgy. Agas, Calubian, Leyte",14000000,2 - HB 10858 VOL IB.pdf,714,"Concreting of Brgy. Anislagan to Brgy. Agas FMR, Brgy. Anislagan and Brgy. Agas, Calubian, Leyte | 14,000,000","Concreting of Brgy. Anislagan to Brgy. Agas FMR, Brgy. Anislagan and Brgy. Agas, | 15,000,000 | Calubian, Leyte | 14,000,000",[],[],candidate; verify PAP/project level and amount against PDF
Department of Health,Health Facilities Enhancement Program,"","",Don Salvador Benedicto Memorial District Hospital,13500000,2 - HB 10858 VOL IB.pdf,884,"Don Salvador Benedicto Memorial District Hospital | Total: 13,500,000","10,000,000 | Hospital) | 24,200,000 | 20,000,000 | 44,200,000 | Don Salvador Benedicto Memorial District Hospital | 13,500,000 | Gov. Valeriano M. Gatuslao Memorial District Hospital | 17,500,000 | 14,000,000 | 31,500,000",[],"['verify facility row, hierarchy, and printed Total column against the HFEP schedule']",candidate; verify against PDF
Department of Health,Health Facilities Enhancement Program,"","",Nueva Vizcaya Provincial Hospital,13500000,2 - HB 10858 VOL IB.pdf,882,"Nueva Vizcaya Provincial Hospital | Total: 13,500,000","Kasibu Municipal Hospital | 10,000,000 | 2,873,976,000 | 2,684,570,000 | 5,558,546,000 | Nueva Vizcaya Provincial Hospital | 13,500,000",[],"['verify facility row, hierarchy, and printed Total column against the HFEP schedule']",candidate; verify against PDF
Department of Health,Health Facilities Enhancement Program,"","",Bindoy District Hospital,13500000,2 - HB 10858 VOL IB.pdf,884,"Bindoy District Hospital | Total: 13,500,000","25,000,000 | Bayawan District Hospital | 13,000,000 | 13,500,000 | 26,500,000 | 4,500,000 | Bindoy District Hospital | 30,000,000 | 20,000,000 | 50,000,000 | Canlaon City District Hospital | 18,000,000 | 7,000,000",[],"['verify facility row, hierarchy, and printed Total column against the HFEP schedule']",candidate; verify against PDF
Department of Health,Health Facilities Enhancement Program,"","",Lasam District Hospital,13500000,2 - HB 10858 VOL IB.pdf,882,"Lasam District Hospital | Total: 13,500,000","1,750,000 | 2,000,000 | 3,750,000 | 2,900,000 | Dr. Tomas Nolasco Sr. Memorial Hospital | 5,400,000 | Lasam District Hospital | 13,500,000 | Nuestra Seniora de Piat District Hospital | 9,500,000",[],"['verify facility row, hierarchy, and printed Total column against the HFEP schedule']",candidate; verify against PDF
Department of Agriculture,Farm-to-Market Roads,"","","Construction of Brgy. San Lorenzo-Nagbalagan-Malasin-Lanao FMR, Bangui, Ilocos Norte",13500000,2 - HB 10858 VOL IB.pdf,668,"Construction of Brgy. San Lorenzo-Nagbalagan-Malasin-Lanao FMR, Bangui, Ilocos Norte | 13,500,000","10,000,000 | Construction of Brgy. San Lorenzo-Nagbalagan-Malasin-Lanao FMR, Bangui, Ilocos Norte | 13,500,000",[],[],candidate; verify PAP/project level and amount against PDF
Department of Agriculture,Farm-to-Market Roads,"","","Concreting of Brgy. Luna - Brgy. Nipa FMR, Brgy. Luna and Brgy. Nipa, Tagapul-an, Samar",13200000,2 - HB 10858 VOL IB.pdf,714,"Concreting of Brgy. Luna - Brgy. Nipa FMR, Brgy. Luna and Brgy. Nipa, Tagapul-an, Samar | 13,200,000","Concreting of Brgy. Luna - Brgy. Nipa FMR, Brgy. Luna and Brgy. Nipa, Tagapul-an, Samar | 30,000,000 | 13,200,000",[],[],candidate; verify PAP/project level and amount against PDF
Department of Agriculture,Farm-to-Market Roads,"","","Concreting of Brgy. Libertad - Brgy. Roxas FMR, Brgy. Libertad and Brgy. Roxas 1,",13200000,2 - HB 10858 VOL IB.pdf,714,"Concreting of Brgy. Libertad - Brgy. Roxas FMR, Brgy. Libertad and Brgy. Roxas 1, | 13,200,000","30,000,000 | Concreting of Brgy. Libertad - Brgy. Roxas FMR, Brgy. Libertad and Brgy. Roxas 1, | Calbayog City, Samar | 15,000,000 | 13,200,000",[],[],candidate; verify PAP/project level and amount against PDF
Department of Agriculture,Farm-to-Market Roads,"","","Concreting of Brgy. Majacob - Brgy. Bonga FMR, Brgy. Majacob and Brgy. Bonga, Tarangnan, Samar",13200000,2 - HB 10858 VOL IB.pdf,716,"Concreting of Brgy. Majacob - Brgy. Bonga FMR, Brgy. Majacob and Brgy. Bonga, Tarangnan, Samar | 13,200,000","NAME OR PROJECTS | NAME OF PROJECTSPESOS | NUMBER “1”  | PESOS | Concreting of Brgy. Majacob - Brgy. Bonga FMR, Brgy. Majacob and Brgy. Bonga, | Tarangnan, Samar | 13,200,000",[],[],candidate; verify PAP/project level and amount against PDF
Department of Agriculture,Farm-to-Market Roads,"","","Concreting of Brgy. Masaya Norte FMR, Brgy. Masaya Norte, San Agustin, Isabela",13200000,2 - HB 10858 VOL IB.pdf,678,"Concreting of Brgy. Masaya Norte FMR, Brgy. Masaya Norte, San Agustin, Isabela | 13,200,000","29,200,000 | Concreting of Brgy. Masaya Norte FMR, Brgy. Masaya Norte, San Agustin, Isabela | 13,200,000",[],[],candidate; verify PAP/project level and amount against PDF
Department of Agriculture,Farm-to-Market Roads,"","","Construction of Brgy. Ogob - Brgy. Diaro FMR, Brgy. Ogob and Brgy. Diaro, Malinao, Albay",13200000,2 - HB 10858 VOL IB.pdf,706,"Construction of Brgy. Ogob - Brgy. Diaro FMR, Brgy. Ogob and Brgy. Diaro, Malinao, Albay | 13,200,000","Construction of Brgy. Ogob - Brgy. Diaro FMR, Brgy. Ogob and Brgy. Diaro, Malinao, Albay | 13,200,000",[],[],candidate; verify PAP/project level and amount against PDF
Department of Agriculture,Farm-to-Market Roads,"","","Concreting of Brgy. Montag Phase II FMR, Brgy. Montag, Basilisa, Dinagat Islands",13200000,2 - HB 10858 VOL IB.pdf,726,"Concreting of Brgy. Montag Phase II FMR, Brgy. Montag, Basilisa, Dinagat Islands | 13,200,000","Concreting of Brgy. Montag Phase II FMR, Brgy. Montag, Basilisa, Dinagat Islands | 13,200,000",[],[],candidate; verify PAP/project level and amount against PDF
Department of Health,Health Facilities Enhancement Program,"","",Oriental Mindoro Southern District Hospital,13000000,2 - HB 10858 VOL IB.pdf,884,"Oriental Mindoro Southern District Hospital | Total: 13,000,000","Oriental Mindoro Provincial Hospital | 16,000,000 | Oriental Mindoro Southern District Hospital | 13,000,000",[],"['verify facility row, hierarchy, and printed Total column against the HFEP schedule']",candidate; verify against PDF
Department of Health,Health Facilities Enhancement Program,"","",DOH DATRC - Dagupan,13000000,2 - HB 10858 VOL IB.pdf,890,"DOH DATRC - Dagupan | Total: 13,000,000","Pangasinan | 13,000,000 | DOH DATRC - Dagupan",[],"['verify facility row, hierarchy, and printed Total column against the HFEP schedule']",candidate; verify against PDF
Department of Health,Health Facilities Enhancement Program,"","",Alicia District Hospital,13000000,2 - HB 10858 VOL IB.pdf,886,"Alicia District Hospital | Total: 13,000,000","Zamboanga Sibugay | 35,500,000 | Alicia District Hospital | 13,000,000 | Dr. George Tocao Hofer Medical Center | 10,000,000",[],"['verify facility row, hierarchy, and printed Total column against the HFEP schedule']",candidate; verify against PDF
Department of Health,Health Facilities Enhancement Program,"","",Baggao District Hospital,13000000,2 - HB 10858 VOL IB.pdf,882,"Baggao District Hospital | Total: 13,000,000","7,670,000 | 2,000,000 | 9,670,000 | Cagayan | 45,200,000 | 5,400,000 | 50,600,000 | 120,000 | Baggao District Hospital | 13,000,000 | 1,750,000 | 3,750,000 | Calayan Infirmary Hospital | 9,200,000",[],"['verify facility row, hierarchy, and printed Total column against the HFEP schedule']",candidate; verify against PDF
Department of Health,Health Facilities Enhancement Program,"","",Maguindanao Provincial Hospital,13000000,2 - HB 10858 VOL IB.pdf,888,"Maguindanao Provincial Hospital | Total: 13,000,000","Buluan District Hospital - Buluan | 6,000,000 | Maguindanao Provincial Hospital | 13,000,000",[],"['verify facility row, hierarchy, and printed Total column against the HFEP schedule']",candidate; verify against PDF
Department of Health,Health Facilities Enhancement Program,"","",Novaliches District Hospital,13000000,2 - HB 10858 VOL IB.pdf,882,"Novaliches District Hospital | Total: 13,000,000","Navotas City Hospital | 8,400,000 | Novaliches District Hospital | 13,000,000 | Ospital ng Malabon | 19,365,000",[],"['verify facility row, hierarchy, and printed Total column against the HFEP schedule']",candidate; verify against PDF
Department of Health,Health Facilities Enhancement Program,"","",Olutanga Municipal Hospital,12500000,2 - HB 10858 VOL IB.pdf,886,"Olutanga Municipal Hospital | Total: 12,500,000","Dr. George Tocao Hofer Medical Center | 10,000,000 | Olutanga Municipal Hospital | 12,500,000",[],"['verify facility row, hierarchy, and printed Total column against the HFEP schedule']",candidate; verify against PDF
Department of Health,Health Facilities Enhancement Program,"","",Balindong District Hospital,12000000,2 - HB 10858 VOL IB.pdf,888,"Balindong District Hospital | Total: 12,000,000","Lanao del Sur | 21,000,000 | Balindong District Hospital | 12,000,000 | Wao District Hospital | 9,000,000",[],"['verify facility row, hierarchy, and printed Total column against the HFEP schedule']",candidate; verify against PDF
Department of Health,Health Facilities Enhancement Program,"","",DOH DATRC - Agusan del Sur,12000000,2 - HB 10858 VOL IB.pdf,890,"DOH DATRC - Agusan del Sur | Total: 12,000,000","13,000,000 | Agusan del Sur | 12,000,000 | DOH DATRC - Agusan del Sur | 4,000,000",[],"['verify facility row, hierarchy, and printed Total column against the HFEP schedule']",candidate; verify against PDF
Department of Agriculture,Farm-to-Market Roads,"","","Construction of Brgy. Bani FMR, Brgy. Bani, Bacarra, Ilocos Norte",12000000,2 - HB 10858 VOL IB.pdf,668,"Construction of Brgy. Bani FMR, Brgy. Bani, Bacarra, Ilocos Norte | 12,000,000","10,000,000 | Construction of Brgy. Bani FMR, Brgy. Bani, Bacarra, Ilocos Norte | 12,000,000",[],[],candidate; verify PAP/project level and amount against PDF
Department of Agriculture,Farm-to-Market Roads,"","","Construction of Purok 6 to Aurelio Street, Brgy. Dontogan FMR, Brgy. Dontogan, Baguio City",12000000,2 - HB 10858 VOL IB.pdf,672,"Construction of Purok 6 to Aurelio Street, Brgy. Dontogan FMR, Brgy. Dontogan, Baguio City | 12,000,000","10,000,000 | Construction of Purok 6 to Aurelio Street, Brgy. Dontogan FMR, Brgy. Dontogan, Baguio City | 12,000,000 | 5,000,000",[],[],candidate; verify PAP/project level and amount against PDF
Department of Health,Health Facilities Enhancement Program,"","",Moncada District Hospital,11700000,2 - HB 10858 VOL IB.pdf,884,"Moncada District Hospital | Total: 11,700,000","La Paz Medicare and Community Hospital | 20,000,000 | Moncada District Hospital | 11,700,000 | Paniqui General Hospital",[],"['verify facility row, hierarchy, and printed Total column against the HFEP schedule']",candidate; verify against PDF
Department of Health,Health Facilities Enhancement Program,"","",Romblon Provincial Hospital,11500000,2 - HB 10858 VOL IB.pdf,884,"Romblon Provincial Hospital | Total: 11,500,000","Romblon District Hospital | 10,000,000 | Romblon Provincial Hospital | 11,500,000 | Sibuyan District Hospital",[],"['verify facility row, hierarchy, and printed Total column against the HFEP schedule']",candidate; verify against PDF
Department of Health,Health Facilities Enhancement Program,"","",Besao District Hospital,11500000,2 - HB 10858 VOL IB.pdf,882,"Besao District Hospital | Total: 11,500,000","13,780,000 | 5,570,000 | 19,350,000 | Barlig District Hospital | 9,200,000 | Besao District Hospital | 11,500,000 | 1,000,000 | Paracelis District Hospital",[],"['verify facility row, hierarchy, and printed Total column against the HFEP schedule']",candidate; verify against PDF
Department of Health,Health Facilities Enhancement Program,"","",Paracelis District Hospital,11500000,2 - HB 10858 VOL IB.pdf,882,"Paracelis District Hospital | Total: 11,500,000","Besao District Hospital | 11,500,000 | 1,000,000 | Paracelis District Hospital",[],"['verify facility row, hierarchy, and printed Total column against the HFEP schedule']",candidate; verify against PDF
Department of Agriculture,Farm-to-Market Roads,"","","Construction of Gabol Road 1, Purok 9-A, Brgy. Irisan FMR, Brgy. Irisan, Baguio City",11000000,2 - HB 10858 VOL IB.pdf,672,"Construction of Gabol Road 1, Purok 9-A, Brgy. Irisan FMR, Brgy. Irisan, Baguio City | 11,000,000","5,000,000 | Construction of Gabol Road 1, Purok 9-A, Brgy. Irisan FMR, Brgy. Irisan, Baguio City | 11,000,000",[],[],candidate; verify PAP/project level and amount against PDF
Department of Agriculture,Farm-to-Market Roads,"","","Construction of Camangaan - Brgy. 29 FMR, Laoag City, Ilocos Norte",11000000,2 - HB 10858 VOL IB.pdf,668,"Construction of Camangaan - Brgy. 29 FMR, Laoag City, Ilocos Norte | 11,000,000","Construction of Camangaan - Brgy. 29 FMR, Laoag City, Ilocos Norte | 5,000,000 | 11,000,000",[],[],candidate; verify PAP/project level and amount against PDF
Department of Agriculture,Farm-to-Market Roads,"","","Construction of Purok 7, Brgy. Nueva Era FMR, San Manuel, Isabela",10900000,2 - HB 10858 VOL IB.pdf,678,"Construction of Purok 7, Brgy. Nueva Era FMR, San Manuel, Isabela | 10,900,000","18,000,000 | Construction of Purok 7, Brgy. Nueva Era FMR, San Manuel, Isabela | 10,900,000",[],[],candidate; verify PAP/project level and amount against PDF
Department of Health,Health Facilities Enhancement Program,"","",Dona Josefa Edralin Marcos District Hospital,10682000,2 - HB 10858 VOL IB.pdf,882,"Dona Josefa Edralin Marcos District Hospital | Total: 10,682,000","2,500,000 | Bangui District Hospital | 175,000,000 | Dona Josefa Edralin Marcos District Hospital | 10,682,000 | Governor Roque B. Ablan Sr. Memorial Hospital | 50,000,000",[],"['verify facility row, hierarchy, and printed Total column against the HFEP schedule']",candidate; verify against PDF
Department of Health,Health Facilities Enhancement Program,"","",Tarangnan Community Hospital,10347000,2 - HB 10858 VOL IB.pdf,886,"Tarangnan Community Hospital | Total: 10,347,000","Western Samar | 10,347,000 | Tarangnan Community Hospital",[],"['verify facility row, hierarchy, and printed Total column against the HFEP schedule']",candidate; verify against PDF
Department of Health,Health Facilities Enhancement Program,"","",Catarman District Hospital,10000000,2 - HB 10858 VOL IB.pdf,886,"Catarman District Hospital | Total: 10,000,000","Camiguin | 10,000,000 | Catarman District Hospital",[],"['verify facility row, hierarchy, and printed Total column against the HFEP schedule']",candidate; verify against PDF
Department of Health,Health Facilities Enhancement Program,"","",Lubang District Hospital,10000000,2 - HB 10858 VOL IB.pdf,884,"Lubang District Hospital | Total: 10,000,000","Occidental Mindoro | 30,000,000 | Lubang District Hospital | 10,000,000 | Occidental Mindoro Provincial Hospital",[],"['verify facility row, hierarchy, and printed Total column against the HFEP schedule']",candidate; verify against PDF
Department of Health,Health Facilities Enhancement Program,"","",Sultan Kudarat Provincial Hospital,10000000,2 - HB 10858 VOL IB.pdf,886,"Sultan Kudarat Provincial Hospital | Total: 10,000,000","10,000,000 | Bagumbayan Infirmary | Sultan Kudarat Provincial Hospital",[],"['verify facility row, hierarchy, and printed Total column against the HFEP schedule']",candidate; verify against PDF
Department of Health,Health Facilities Enhancement Program,"","",Damilag Barangay Health Station,10000000,2 - HB 10858 VOL IB.pdf,876,"Damilag Barangay Health Station | Total: 10,000,000","Bukidnon | 10,000,000 | Damilag Barangay Health Station",[],"['verify facility row, hierarchy, and printed Total column against the HFEP schedule']",candidate; verify against PDF
Department of Health,Health Facilities Enhancement Program,"","",Occidental Mindoro Provincial Hospital,10000000,2 - HB 10858 VOL IB.pdf,884,"Occidental Mindoro Provincial Hospital | Total: 10,000,000","Lubang District Hospital | 10,000,000 | Occidental Mindoro Provincial Hospital | San Jose District Hospital",[],"['verify facility row, hierarchy, and printed Total column against the HFEP schedule']",candidate; verify against PDF
Department of Health,Health Facilities Enhancement Program,"","",Kasibu Municipal Hospital,10000000,2 - HB 10858 VOL IB.pdf,882,"Kasibu Municipal Hospital | Total: 10,000,000","2,873,976,000 | 2,684,570,000 | 5,558,546,000 | Dupax District Hospital | 8,000,000 | Kasibu Municipal Hospital | 10,000,000 | Nueva Vizcaya Provincial Hospital | 13,500,000",[],"['verify facility row, hierarchy, and printed Total column against the HFEP schedule']",candidate; verify against PDF
Department of Health,Health Facilities Enhancement Program,"","",Regional Public Health Laboratory (Non-Infectious),10000000,2 - HB 10858 VOL IB.pdf,892,"Regional Public Health Laboratory (Non-Infectious) | Total: 10,000,000","City of Cagayan De Oro | 10,000,000 | Regional Public Health Laboratory (Non-Infectious)",[],"['verify facility row, hierarchy, and printed Total column against the HFEP schedule']",candidate; verify against PDF
Department of Health,Health Facilities Enhancement Program,"","","DOH DATRC - Ilagan, Isabela",10000000,2 - HB 10858 VOL IB.pdf,890,"DOH DATRC - Ilagan, Isabela | Total: 10,000,000","Isabela | 10,000,000 | DOH DATRC - Ilagan, Isabela",[],"['verify facility row, hierarchy, and printed Total column against the HFEP schedule']",candidate; verify against PDF
Department of Health,Health Facilities Enhancement Program,"","",Bagumbayan Infirmary,10000000,2 - HB 10858 VOL IB.pdf,886,"Bagumbayan Infirmary | Total: 10,000,000","Sultan Kudarat | 10,000,000 | 20,000,000 | Bagumbayan Infirmary | Sultan Kudarat Provincial Hospital",[],"['verify facility row, hierarchy, and printed Total column against the HFEP schedule']",candidate; verify against PDF
Department of Health,Health Facilities Enhancement Program,"","","Poblacion Sur, Licab Super Health Center",10000000,2 - HB 10858 VOL IB.pdf,880,"Poblacion Sur, Licab Super Health Center | Total: 10,000,000","Barangay II, Quezon Super Health Center | 10,000,000 | Poblacion Sur, Licab Super Health Center",[],"['verify facility row, hierarchy, and printed Total column against the HFEP schedule']",candidate; verify against PDF
Department of Health,Health Facilities Enhancement Program,"","",Sibutad District Hospital,10000000,2 - HB 10858 VOL IB.pdf,886,"Sibutad District Hospital | Total: 10,000,000","Zamboanga del Norte | 10,000,000 | Sibutad District Hospital",[],"['verify facility row, hierarchy, and printed Total column against the HFEP schedule']",candidate; verify against PDF
Department of Health,Health Facilities Enhancement Program,"","",San Marcelino District Hospital,10000000,2 - HB 10858 VOL IB.pdf,884,"San Marcelino District Hospital | Total: 10,000,000","Zambales | 40,000,000 | San Marcelino District Hospital | 10,000,000 | Subic General Hospital | 30,000,000",[],"['verify facility row, hierarchy, and printed Total column against the HFEP schedule']",candidate; verify against PDF
Department of Health,Health Facilities Enhancement Program,"","","Barangay II, Quezon Super Health Center",10000000,2 - HB 10858 VOL IB.pdf,880,"Barangay II, Quezon Super Health Center | Total: 10,000,000","Nueva Ecija | 20,000,000 | Barangay II, Quezon Super Health Center | 10,000,000 | Poblacion Sur, Licab Super Health Center",[],"['verify facility row, hierarchy, and printed Total column against the HFEP schedule']",candidate; verify against PDF
Department of Health,Health Facilities Enhancement Program,"","",San Jose District Hospital,10000000,2 - HB 10858 VOL IB.pdf,884,"San Jose District Hospital | Total: 10,000,000","Occidental Mindoro Provincial Hospital | 10,000,000 | San Jose District Hospital",[],"['verify facility row, hierarchy, and printed Total column against the HFEP schedule']",candidate; verify against PDF
Department of Health,Health Facilities Enhancement Program,"","",Dr. George Tocao Hofer Medical Center,10000000,2 - HB 10858 VOL IB.pdf,886,"Dr. George Tocao Hofer Medical Center | Total: 10,000,000","Alicia District Hospital | 13,000,000 | Dr. George Tocao Hofer Medical Center | 10,000,000 | Olutanga Municipal Hospital | 12,500,000",[],"['verify facility row, hierarchy, and printed Total column against the HFEP schedule']",candidate; verify against PDF
Department of Health,Health Facilities Enhancement Program,"","",Sibuyan District Hospital,10000000,2 - HB 10858 VOL IB.pdf,884,"Sibuyan District Hospital | Total: 10,000,000","Romblon Provincial Hospital | 11,500,000 | Sibuyan District Hospital | 10,000,000",[],"['verify facility row, hierarchy, and printed Total column against the HFEP schedule']",candidate; verify against PDF
Department of Health,Health Facilities Enhancement Program,"","",Tarlac City General Hospital,10000000,2 - HB 10858 VOL IB.pdf,884,"Tarlac City General Hospital | Total: 10,000,000","Paniqui General Hospital | 20,000,000 | Tarlac City General Hospital | 10,000,000 | Tarlac Provincial Hospital",[],"['verify facility row, hierarchy, and printed Total column against the HFEP schedule']",candidate; verify against PDF
Department of Health,Health Facilities Enhancement Program,"","",Miagao Super Health Center,10000000,2 - HB 10858 VOL IB.pdf,880,"Miagao Super Health Center | Total: 10,000,000","Batad, Iloilo Super Health Center | 2,700,000 | 540,000 | 3,240,000 | Miagao Super Health Center | 10,000,000 | Mina Primary Care Facility | 2,100,000",[],"['verify facility row, hierarchy, and printed Total column against the HFEP schedule']",candidate; verify against PDF
Department of Health,Health Facilities Enhancement Program,"","",Davao del Sur Provincial Hospital,10000000,2 - HB 10858 VOL IB.pdf,886,"Davao del Sur Provincial Hospital | Total: 10,000,000","450,000 | Davao del Sur | 25,000,000 | 4,000,000 | Davao del Sur Provincial Hospital | 10,000,000 | 1,300,000 | Gregorio Matas District Hospital | 15,000,000",[],"['verify facility row, hierarchy, and printed Total column against the HFEP schedule']",candidate; verify against PDF
Department of Health,Health Facilities Enhancement Program,"","",DOH DATRC - Bukidnon,10000000,2 - HB 10858 VOL IB.pdf,890,"DOH DATRC - Bukidnon | Total: 10,000,000","3,400,000 | Bukidnon | 10,000,000 | 1,700,000 | DOH DATRC - Bukidnon",[],"['verify facility row, hierarchy, and printed Total column against the HFEP schedule']",candidate; verify against PDF
Department of Health,Health Facilities Enhancement Program,"","",Ramon Maza Sr. Memorial District Hospital,10000000,2 - HB 10858 VOL IB.pdf,884,"Ramon Maza Sr. Memorial District Hospital | Total: 10,000,000","40,000,000 | Patnongon Community Hospital | 20,000,000 | 10,000,000 | Ramon Maza Sr. Memorial District Hospital | 30,000,000",[],"['verify facility row, hierarchy, and printed Total column against the HFEP schedule']",candidate; verify against PDF
Department of Health,Health Facilities Enhancement Program,"","",Zamboanga del Sur Medical Center,10000000,2 - HB 10858 VOL IB.pdf,886,"Zamboanga del Sur Medical Center | Total: 10,000,000","Zamboanga del Sur | 10,000,000 | Zamboanga del Sur Medical Center",[],"['verify facility row, hierarchy, and printed Total column against the HFEP schedule']",candidate; verify against PDF
Department of Health,Health Facilities Enhancement Program,"","",Biliran Provincial Hospital,10000000,2 - HB 10858 VOL IB.pdf,886,"Biliran Provincial Hospital | Total: 10,000,000","Biliran | 10,000,000 | Biliran Provincial Hospital",[],"['verify facility row, hierarchy, and printed Total column against the HFEP schedule']",candidate; verify against PDF
Department of Health,Health Facilities Enhancement Program,"","",Conner District Hospital Dialysis Center,10000000,2 - HB 10858 VOL IB.pdf,888,"Conner District Hospital Dialysis Center | Total: 10,000,000","Apayao | 10,000,000 | Conner District Hospital Dialysis Center",[],"['verify facility row, hierarchy, and printed Total column against the HFEP schedule']",candidate; verify against PDF
Department of Health,Health Facilities Enhancement Program,"","",Batanes General Hospital,10000000,2 - HB 10858 VOL IB.pdf,888,"Batanes General Hospital | Total: 10,000,000","Batanes | 10,000,000 | Batanes General Hospital",[],"['verify facility row, hierarchy, and printed Total column against the HFEP schedule']",candidate; verify against PDF
Department of Health,Health Facilities Enhancement Program,"","",Oriental Mindoro Central District Hospital,10000000,2 - HB 10858 VOL IB.pdf,884,"Oriental Mindoro Central District Hospital | Total: 10,000,000","Oriental Mindoro | 39,000,000 | Oriental Mindoro Central District Hospital | 10,000,000 | Oriental Mindoro Provincial Hospital | 16,000,000",[],"['verify facility row, hierarchy, and printed Total column against the HFEP schedule']",candidate; verify against PDF
Department of Health,Health Facilities Enhancement Program,"","",Joni Villanueva General Hospital,10000000,2 - HB 10858 VOL IB.pdf,888,"Joni Villanueva General Hospital | Total: 10,000,000","5,000,000 | Bulacan | 10,000,000 | 1,000,000 | Joni Villanueva General Hospital | 3,000,000",[],"['verify facility row, hierarchy, and printed Total column against the HFEP schedule']",candidate; verify against PDF
Department of Health,Health Facilities Enhancement Program,"","",Talavera General Hospital,10000000,2 - HB 10858 VOL IB.pdf,888,"Talavera General Hospital | Total: 10,000,000","76,200,000 | 25,000,000 | 101,200,000 | Dr. Paulino J. Garcia Memorial Research and Medical Center | 50,000,000 | Talavera General Hospital | 10,000,000 | 8,700,000",[],"['verify facility row, hierarchy, and printed Total column against the HFEP schedule']",candidate; verify against PDF
Department of Health,Health Facilities Enhancement Program,"","",Romblon District Hospital,10000000,2 - HB 10858 VOL IB.pdf,884,"Romblon District Hospital | Total: 10,000,000","Romblon | 31,500,000 | Romblon District Hospital | 10,000,000 | Romblon Provincial Hospital | 11,500,000",[],"['verify facility row, hierarchy, and printed Total column against the HFEP schedule']",candidate; verify against PDF
Department of Agriculture,Farm-to-Market Roads,"","","Construction of Cadaanan West FMR, Brgy. Pancian, Pagudpud, Ilocos Norte",10000000,2 - HB 10858 VOL IB.pdf,670,"Construction of Cadaanan West FMR, Brgy. Pancian, Pagudpud, Ilocos Norte | 10,000,000","10,000,000 | Construction of Cadaanan West FMR, Brgy. Pancian, Pagudpud, Ilocos Norte",[],[],candidate; verify PAP/project level and amount against PDF
Department of Agriculture,Farm-to-Market Roads,"","","Construction of Brgy. Maramara to Purok 3, Brgy. Maramara FMR, Brgy. Maramara, Don Victoriano, Misamis Occidental",10000000,2 - HB 10858 VOL IB.pdf,718,"Construction of Brgy. Maramara to Purok 3, Brgy. Maramara FMR, Brgy. Maramara, Don Victoriano, Misamis Occidental | 10,000,000","15,000,000 | Construction of Brgy. Maramara to Purok 3, Brgy. Maramara FMR, Brgy. Maramara, | Don Victoriano, Misamis Occidental | 10,000,000",[],[],candidate; verify PAP/project level and amount against PDF
Department of Agriculture,Farm-to-Market Roads,"","","Construction of Brgy. 41 Balacad FMR, Laoag City, Ilocos Norte",10000000,2 - HB 10858 VOL IB.pdf,670,"Construction of Brgy. 41 Balacad FMR, Laoag City, Ilocos Norte | 10,000,000","Construction of Brgy. 41 Balacad FMR, Laoag City, Ilocos Norte | 10,000,000",[],[],candidate; verify PAP/project level and amount against PDF
Department of Agriculture,Farm-to-Market Roads,"","","Concreting of Brgy. Bugtong - Brgy. Bayo FMR, Brgy. Bugtong and Brgy. Bayo, Calbayog City, Samar",10000000,2 - HB 10858 VOL IB.pdf,714,"Concreting of Brgy. Bugtong - Brgy. Bayo FMR, Brgy. Bugtong and Brgy. Bayo, Calbayog City, Samar | 10,000,000","Concreting of Brgy. Bugtong - Brgy. Bayo FMR, Brgy. Bugtong and Brgy. Bayo, | 15,000,000 | Calbayog City, Samar | 10,000,000",[],[],candidate; verify PAP/project level and amount against PDF
Department of Agriculture,Farm-to-Market Roads,"","","Construction of Caparispisan FMR, Brgy. Caparispisan, Pagudpud, Ilocos Norte",10000000,2 - HB 10858 VOL IB.pdf,670,"Construction of Caparispisan FMR, Brgy. Caparispisan, Pagudpud, Ilocos Norte | 10,000,000","10,000,000 | Construction of Caparispisan FMR, Brgy. Caparispisan, Pagudpud, Ilocos Norte",[],[],candidate; verify PAP/project level and amount against PDF
Department of Agriculture,Farm-to-Market Roads,"","","Concreting of Brgy. Bobongon FMR, Brgy. Bobongon, Santo Tomas, Davao del Norte",10000000,2 - HB 10858 VOL IB.pdf,720,"Concreting of Brgy. Bobongon FMR, Brgy. Bobongon, Santo Tomas, Davao del Norte | 10,000,000","30,000,000 | Concreting of Brgy. Bobongon FMR, Brgy. Bobongon, Santo Tomas, Davao del Norte | 10,000,000",[],[],candidate; verify PAP/project level and amount against PDF
Department of Agriculture,Farm-to-Market Roads,"","","Construction of Brgy. Trapiche FMR, Tanauan, Batangas",10000000,2 - HB 10858 VOL IB.pdf,692,"Construction of Brgy. Trapiche FMR, Tanauan, Batangas | 10,000,000","15,000,000 | Construction of Brgy. Trapiche FMR, Tanauan, Batangas | 10,000,000",[],[],candidate; verify PAP/project level and amount against PDF
Department of Agriculture,Farm-to-Market Roads,"","","Concreting of Brgy. Dalisay FMR, Brgy. Dalisay, Panabo City, Davao del Norte",10000000,2 - HB 10858 VOL IB.pdf,720,"Concreting of Brgy. Dalisay FMR, Brgy. Dalisay, Panabo City, Davao del Norte | 10,000,000","15,000,000 | Concreting of Brgy. Dalisay FMR, Brgy. Dalisay, Panabo City, Davao del Norte | 10,000,000",[],[],candidate; verify PAP/project level and amount against PDF
Department of Agriculture,Farm-to-Market Roads,"","","Concreting of Brgy. Sebasi to Brgy. Bernad Old Road FMR, Clarin, Misamis Occidental",10000000,2 - HB 10858 VOL IB.pdf,720,"Concreting of Brgy. Sebasi to Brgy. Bernad Old Road FMR, Clarin, Misamis Occidental | 10,000,000","Concreting of Brgy. Sebasi to Brgy. Bernad Old Road FMR, Clarin, Misamis Occidental | 10,000,000",[],[],candidate; verify PAP/project level and amount against PDF
Department of Agriculture,Farm-to-Market Roads,"","","Concreting of Brgy. Kimamon FMR, Brgy. Kimamon, Santo Tomas, Davao del Norte",10000000,2 - HB 10858 VOL IB.pdf,720,"Concreting of Brgy. Kimamon FMR, Brgy. Kimamon, Santo Tomas, Davao del Norte | 10,000,000","10,000,000 | Concreting of Brgy. Kimamon FMR, Brgy. Kimamon, Santo Tomas, Davao del Norte",[],[],candidate; verify PAP/project level and amount against PDF
Department of Agriculture,Farm-to-Market Roads,"","","Construction of Brgy. 1 San Lorenzo FMR, Laoag City, Ilocos Norte",10000000,2 - HB 10858 VOL IB.pdf,668,"Construction of Brgy. 1 San Lorenzo FMR, Laoag City, Ilocos Norte | 10,000,000","Construction of Brgy. 1 San Lorenzo FMR, Laoag City, Ilocos Norte | 5,000,000 | 10,000,000",[],[],candidate; verify PAP/project level and amount against PDF
Department of Agriculture,Farm-to-Market Roads,"","","Concreting of Sitio Malambago, Brgy. Maluko FMR, Brgy. Maluko, Manolo Fortich, Bukidnon",10000000,2 - HB 10858 VOL IB.pdf,720,"Concreting of Sitio Malambago, Brgy. Maluko FMR, Brgy. Maluko, Manolo Fortich, Bukidnon | 10,000,000","Concreting of Sitio Malambago, Brgy. Maluko FMR, Brgy. Maluko, Manolo Fortich, Bukidnon | 10,000,000",[],[],candidate; verify PAP/project level and amount against PDF
Department of Agriculture,Farm-to-Market Roads,"","","Concreting of Brgy. Sindaton FMR, Brgy. Sindaton, Panabo City, Davao del Norte",10000000,2 - HB 10858 VOL IB.pdf,720,"Concreting of Brgy. Sindaton FMR, Brgy. Sindaton, Panabo City, Davao del Norte | 10,000,000","10,000,000 | Concreting of Brgy. Sindaton FMR, Brgy. Sindaton, Panabo City, Davao del Norte",[],[],candidate; verify PAP/project level and amount against PDF
Department of Agriculture,Farm-to-Market Roads,"","","Construction of Sitio Kapoc to Tabunan, Brgy. Cadunan FMR, Mabini, Davao de Oro",10000000,2 - HB 10858 VOL IB.pdf,720,"Construction of Sitio Kapoc to Tabunan, Brgy. Cadunan FMR, Mabini, Davao de Oro | 10,000,000","Construction of Sitio Kapoc to Tabunan, Brgy. Cadunan FMR, Mabini, Davao de Oro | 30,000,000 | 10,000,000",[],[],candidate; verify PAP/project level and amount against PDF
Department of Agriculture,Farm-to-Market Roads,"","","Construction of Sitio Cagat to Sitio Turod, Brgy. Tangaoan FMR, Brgy. Tangaoan, Piddig, Ilocos Norte",10000000,2 - HB 10858 VOL IB.pdf,670,"Construction of Sitio Cagat to Sitio Turod, Brgy. Tangaoan FMR, Brgy. Tangaoan, Piddig, Ilocos Norte | 10,000,000","5,000,000 | Construction of Sitio Cagat to Sitio Turod, Brgy. Tangaoan FMR, Brgy. Tangaoan, | Piddig, Ilocos Norte | 10,000,000",[],[],candidate; verify PAP/project level and amount against PDF
Department of Agriculture,Farm-to-Market Roads,"","","Construction of Brgy. Silop FMR, Brgy. Silop, Mainit, Surigao del Norte",10000000,2 - HB 10858 VOL IB.pdf,724,"Construction of Brgy. Silop FMR, Brgy. Silop, Mainit, Surigao del Norte | 10,000,000","NAME OR PROJECTS | NAME OF PROJECTSPESOS PESOS | PESOS | Construction of Brgy. Silop FMR, Brgy. Silop, Mainit, Surigao del Norte | 15,000,000 | 10,000,000",[],[],candidate; verify PAP/project level and amount against PDF
Department of Agriculture,Farm-to-Market Roads,"","","Construction of Bacsay, Mapulalupa FMR, Brgy. Mapulalupa, Claveria, Cagayan",10000000,2 - HB 10858 VOL IB.pdf,678,"Construction of Bacsay, Mapulalupa FMR, Brgy. Mapulalupa, Claveria, Cagayan | 10,000,000","15,000,000 | Construction of Bacsay, Mapulalupa FMR, Brgy. Mapulalupa, Claveria, Cagayan | 10,000,000",[],[],candidate; verify PAP/project level and amount against PDF
Department of Agriculture,Farm-to-Market Roads,"","","Concreting of Brgy. Tapae - Brgy. Alibaba FMR, Brgy. Tapae and Brgy. Alibaba, Calbayog City, Samar",10000000,2 - HB 10858 VOL IB.pdf,716,"Concreting of Brgy. Tapae - Brgy. Alibaba FMR, Brgy. Tapae and Brgy. Alibaba, Calbayog City, Samar | 10,000,000","Concreting of Brgy. Tapae - Brgy. Alibaba FMR, Brgy. Tapae and Brgy. Alibaba, | Calbayog City, Samar | 10,000,000",[],[],candidate; verify PAP/project level and amount against PDF
Department of Agriculture,Farm-to-Market Roads,"","","Construction of Brgy. Ilayang Palale FMR, Brgy. Ilayang Palale, Tayabas City, Quezon",10000000,2 - HB 10858 VOL IB.pdf,690,"Construction of Brgy. Ilayang Palale FMR, Brgy. Ilayang Palale, Tayabas City, Quezon | 10,000,000","Construction of Brgy. Ilayang Palale FMR, Brgy. Ilayang Palale, Tayabas City, Quezon | 2,403,400,000 | 10,000,000",[],[],candidate; verify PAP/project level and amount against PDF
Department of Agriculture,Farm-to-Market Roads,"","","Construction of Brgy. Cumba FMR, Brgy. Cumba, Batangas City, Batangas",10000000,2 - HB 10858 VOL IB.pdf,694,"Construction of Brgy. Cumba FMR, Brgy. Cumba, Batangas City, Batangas | 10,000,000","Construction of Brgy. Cumba FMR, Brgy. Cumba, Batangas City, Batangas | 15,000,000 | 10,000,000",[],[],candidate; verify PAP/project level and amount against PDF
Department of Agriculture,Farm-to-Market Roads,"","","Concreting of Brgy. Sulsugin FMR, Brgy. Sulsugin, Nagcarlan, Laguna",10000000,2 - HB 10858 VOL IB.pdf,694,"Concreting of Brgy. Sulsugin FMR, Brgy. Sulsugin, Nagcarlan, Laguna | 10,000,000","Concreting of Brgy. Sulsugin FMR, Brgy. Sulsugin, Nagcarlan, Laguna | 15,000,000 | 10,000,000",[],[],candidate; verify PAP/project level and amount against PDF
Department of Agriculture,Farm-to-Market Roads,"","","Concreting of Brgy. Rawis to Brgy. Cantaguic FMR, Brgy. Rawis and Brgy. Cantaguic, San Jorge, Samar",10000000,2 - HB 10858 VOL IB.pdf,716,"Concreting of Brgy. Rawis to Brgy. Cantaguic FMR, Brgy. Rawis and Brgy. Cantaguic, San Jorge, Samar | 10,000,000","Concreting of Brgy. Rawis to Brgy. Cantaguic FMR, Brgy. Rawis and Brgy. Cantaguic, | San Jorge, Samar | 10,000,000",[],[],candidate; verify PAP/project level and amount against PDF
Department of Agriculture,Farm-to-Market Roads,"","","Concreting of Sitio Culduroy, Brgy. Dibuluan FMR with Slope Protection, Brgy. Dibuluan, San Mariano, Isabela",10000000,2 - HB 10858 VOL IB.pdf,678,"Concreting of Sitio Culduroy, Brgy. Dibuluan FMR with Slope Protection, Brgy. Dibuluan, San Mariano, Isabela | 10,000,000","15,000,000 | Concreting of Sitio Culduroy, Brgy. Dibuluan FMR with Slope Protection, Brgy. Dibuluan, | San Mariano, Isabela | 10,000,000",[],[],candidate; verify PAP/project level and amount against PDF
Department of Agriculture,Farm-to-Market Roads,"","","Concreting of Brgy. Malidong - Brgy. Luneta - Brgy. Henogawe FMR, Gamay, Northern Samar",10000000,2 - HB 10858 VOL IB.pdf,716,"Concreting of Brgy. Malidong - Brgy. Luneta - Brgy. Henogawe FMR, Gamay, Northern Samar | 10,000,000","Concreting of Brgy. Malidong - Brgy. Luneta - Brgy. Henogawe FMR, | Gamay, Northern Samar | 10,000,000",[],[],candidate; verify PAP/project level and amount against PDF
Department of Agriculture,Farm-to-Market Roads,"","","Construction of Brgy. Luna Weste - Brgy. Concepcion FMR, Brgy. Luna Weste and",10000000,2 - HB 10858 VOL IB.pdf,668,"Construction of Brgy. Luna Weste - Brgy. Concepcion FMR, Brgy. Luna Weste and | 10,000,000","Construction of Brgy. Luna Weste - Brgy. Concepcion FMR, Brgy. Luna Weste and | Brgy. Concepcion, Umingan, Pangasinan | 10,000,000",[],[],candidate; verify PAP/project level and amount against PDF
Department of Agriculture,Farm-to-Market Roads,"","","Construction of Brgy. Namoroc FMR, Brgy. Namoroc, Vintar, Ilocos Norte",10000000,2 - HB 10858 VOL IB.pdf,672,"Construction of Brgy. Namoroc FMR, Brgy. Namoroc, Vintar, Ilocos Norte | 10,000,000","Construction of Brgy. Namoroc FMR, Brgy. Namoroc, Vintar, Ilocos Norte | 10,000,000",[],[],candidate; verify PAP/project level and amount against PDF
Department of Agriculture,Farm-to-Market Roads,"","","Construction of Brgy. 40 Balatong FMR, Laoag City, Ilocos Norte",10000000,2 - HB 10858 VOL IB.pdf,670,"Construction of Brgy. 40 Balatong FMR, Laoag City, Ilocos Norte | 10,000,000","Section 2: 120.609355, 18.194385 | Construction of Brgy. 40 Balatong FMR, Laoag City, Ilocos Norte | 10,000,000",[],[],candidate; verify PAP/project level and amount against PDF
Department of Agriculture,Farm-to-Market Roads,"","","Concreting of Brgy. Balagtasin FMR, Brgy. Balagtasin, San Luis, Batangas",10000000,2 - HB 10858 VOL IB.pdf,696,"Concreting of Brgy. Balagtasin FMR, Brgy. Balagtasin, San Luis, Batangas | 10,000,000","Concreting of Brgy. Balagtasin FMR, Brgy. Balagtasin, San Luis, Batangas | 10,000,000",[],[],candidate; verify PAP/project level and amount against PDF
Department of Agriculture,Farm-to-Market Roads,"","","Concreting of Brgy. Boboy FMR, Brgy. Boboy, San Luis, Batangas",10000000,2 - HB 10858 VOL IB.pdf,696,"Concreting of Brgy. Boboy FMR, Brgy. Boboy, San Luis, Batangas | 10,000,000","S2-13.843681, 120.950128 | 5,000,000 | Concreting of Brgy. Boboy FMR, Brgy. Boboy, San Luis, Batangas | 10,000,000",[],[],candidate; verify PAP/project level and amount against PDF
Department of Agriculture,Farm-to-Market Roads,"","","Construction of Purok 3/Purok 5 Boundary Road, Brgy. Dalipe FMR, Brgy. Dalipe, M'lang, Cotabato",10000000,2 - HB 10858 VOL IB.pdf,722,"Construction of Purok 3/Purok 5 Boundary Road, Brgy. Dalipe FMR, Brgy. Dalipe, M'lang, Cotabato | 10,000,000","NAME OR PROJECTS | NAME OF PROJECTSPESOS PESOS | PESOS | Construction of Purok 3/Purok 5 Boundary Road, Brgy. Dalipe FMR, Brgy. Dalipe, | 15,000,000 | M'lang, Cotabato | 10,000,000",[],[],candidate; verify PAP/project level and amount against PDF
Department of Agriculture,Farm-to-Market Roads,"","","Concreting of Sitio Panumban, Brgy. Kaypaaba FMR, Brgy. Kaypaaba, General Emilio Aguinaldo, Cavite",10000000,2 - HB 10858 VOL IB.pdf,698,"Concreting of Sitio Panumban, Brgy. Kaypaaba FMR, Brgy. Kaypaaba, General Emilio Aguinaldo, Cavite | 10,000,000","NAME OR PROJECTS | NAME OF PROJECTSPESOS PESOS | PESOS | Concreting of Sitio Panumban, Brgy. Kaypaaba FMR, Brgy. Kaypaaba, | 5,000,000 | General Emilio Aguinaldo, Cavite | 10,000,000",[],[],candidate; verify PAP/project level and amount against PDF
Department of Agriculture,Farm-to-Market Roads,"","","Concreting of Brgy. Sawang FMR, Brgy. Sawang, Lobo, Batangas",10000000,2 - HB 10858 VOL IB.pdf,698,"Concreting of Brgy. Sawang FMR, Brgy. Sawang, Lobo, Batangas | 10,000,000","Concreting of Brgy. Sawang FMR, Brgy. Sawang, Lobo, Batangas | 10,000,000",[],[],candidate; verify PAP/project level and amount against PDF
Department of Agriculture,Farm-to-Market Roads,"","","Concreting of Sitio Takutan, Brgy. Dalusag FMR, Brgy. Dalusag, General Emilio Aguinaldo, Cavite",10000000,2 - HB 10858 VOL IB.pdf,698,"Concreting of Sitio Takutan, Brgy. Dalusag FMR, Brgy. Dalusag, General Emilio Aguinaldo, Cavite | 10,000,000","10,000,000 | Concreting of Sitio Takutan, Brgy. Dalusag FMR, Brgy. Dalusag, | General Emilio Aguinaldo, Cavite",[],[],candidate; verify PAP/project level and amount against PDF
Department of Agriculture,Farm-to-Market Roads,"","","Construction of Brgy. Maliwanag FMR, Baroy, Lanao del Norte",10000000,2 - HB 10858 VOL IB.pdf,718,"Construction of Brgy. Maliwanag FMR, Baroy, Lanao del Norte | 10,000,000","Construction of Brgy. Maliwanag FMR, Baroy, Lanao del Norte | 10,000,000",[],[],candidate; verify PAP/project level and amount against PDF
Department of Agriculture,Farm-to-Market Roads,"","","Construction of Purok Modelo - Purok Malipayon, Brgy. Bangbang FMR, Brgy. Bangbang, Matalam, Cotabato",10000000,2 - HB 10858 VOL IB.pdf,722,"Construction of Purok Modelo - Purok Malipayon, Brgy. Bangbang FMR, Brgy. Bangbang, Matalam, Cotabato | 10,000,000","Construction of Purok Modelo - Purok Malipayon, Brgy. Bangbang FMR, Brgy. Bangbang, | 15,000,000 | Matalam, Cotabato | 10,000,000",[],[],candidate; verify PAP/project level and amount against PDF
Department of Agriculture,Farm-to-Market Roads,"","","Concreting of Brgy. San Nicolas FMR, Brgy. San Nicolas, Lobo, Batangas",10000000,2 - HB 10858 VOL IB.pdf,698,"Concreting of Brgy. San Nicolas FMR, Brgy. San Nicolas, Lobo, Batangas | 10,000,000","Concreting of Brgy. San Nicolas FMR, Brgy. San Nicolas, Lobo, Batangas | 10,000,000",[],[],candidate; verify PAP/project level and amount against PDF
Department of Agriculture,Farm-to-Market Roads,"","","Concreting of Brgy. Soloc FMR, Brgy. Soloc, Lobo, Batangas",10000000,2 - HB 10858 VOL IB.pdf,698,"Concreting of Brgy. Soloc FMR, Brgy. Soloc, Lobo, Batangas | 10,000,000","Concreting of Brgy. Soloc FMR, Brgy. Soloc, Lobo, Batangas | 10,000,000",[],[],candidate; verify PAP/project level and amount against PDF
Department of Agriculture,Farm-to-Market Roads,"","","Construction of Brgy. Kilada - Brgy. Lower Malamote FMR, Brgy. Kilada, Matalam, Cotabato",10000000,2 - HB 10858 VOL IB.pdf,722,"Construction of Brgy. Kilada - Brgy. Lower Malamote FMR, Brgy. Kilada, Matalam, Cotabato | 10,000,000","Construction of Brgy. Kilada - Brgy. Lower Malamote FMR, Brgy. Kilada, Matalam, Cotabato | 15,000,000 | 10,000,000",[],[],candidate; verify PAP/project level and amount against PDF
Department of Agriculture,Farm-to-Market Roads,"","","Construction of Purok Maabi-abihon - Purok Mabinuligon Brgy. Bagontapay FMR, Brgy. Bagontapay,",10000000,2 - HB 10858 VOL IB.pdf,722,"Construction of Purok Maabi-abihon - Purok Mabinuligon Brgy. Bagontapay FMR, Brgy. Bagontapay, | 10,000,000","15,000,000 | Construction of Purok Maabi-abihon - Purok Mabinuligon Brgy. Bagontapay FMR, Brgy. Bagontapay, | M'lang, Cotabato | 10,000,000",[],[],candidate; verify PAP/project level and amount against PDF
Department of Agriculture,Farm-to-Market Roads,"","","Concreting of Brgy. Tumbaga 2 - Brgy. Canda FMR, Brgy. Tumbaga 2 and Brgy. Canda,",10000000,2 - HB 10858 VOL IB.pdf,698,"Concreting of Brgy. Tumbaga 2 - Brgy. Canda FMR, Brgy. Tumbaga 2 and Brgy. Canda, | 10,000,000","Concreting of Brgy. Tumbaga 2 - Brgy. Canda FMR, Brgy. Tumbaga 2 and Brgy. Canda, | Sariaya, Quezon | 10,000,000",[],[],candidate; verify PAP/project level and amount against PDF
Department of Agriculture,Farm-to-Market Roads,"","","Concreting of Brgy. Guis-Guis Talon FMR, Brgy. Guis-Guis Talon, Sariaya, Quezon",10000000,2 - HB 10858 VOL IB.pdf,698,"Concreting of Brgy. Guis-Guis Talon FMR, Brgy. Guis-Guis Talon, Sariaya, Quezon | 10,000,000","Concreting of Brgy. Guis-Guis Talon FMR, Brgy. Guis-Guis Talon, Sariaya, Quezon | 10,000,000",[],[],candidate; verify PAP/project level and amount against PDF
Department of Agriculture,Farm-to-Market Roads,"","","Concreting of Brgy. San Jose FMR, Brgy. San Jose, Tiaong, Quezon",10000000,2 - HB 10858 VOL IB.pdf,698,"Concreting of Brgy. San Jose FMR, Brgy. San Jose, Tiaong, Quezon | 10,000,000","Concreting of Brgy. San Jose FMR, Brgy. San Jose, Tiaong, Quezon | 10,000,000",[],[],candidate; verify PAP/project level and amount against PDF
Department of Agriculture,Farm-to-Market Roads,"","","Concreting of Sitio Kulipay, Brgy. Kaymisas FMR, Brgy. Kaymisas,",10000000,2 - HB 10858 VOL IB.pdf,698,"Concreting of Sitio Kulipay, Brgy. Kaymisas FMR, Brgy. Kaymisas, | 10,000,000","Concreting of Sitio Kulipay, Brgy. Kaymisas FMR, Brgy. Kaymisas, | General Emilio Aguinaldo, Cavite | 10,000,000",[],[],candidate; verify PAP/project level and amount against PDF
Department of Agriculture,Farm-to-Market Roads,"","","Construction of Brgy. Macalong FMR, Brgy. Macalong, Asingan, Pangasinan",10000000,2 - HB 10858 VOL IB.pdf,668,"Construction of Brgy. Macalong FMR, Brgy. Macalong, Asingan, Pangasinan | 10,000,000","Construction of Brgy. Macalong FMR, Brgy. Macalong, Asingan, Pangasinan | 10,000,000",[],[],candidate; verify PAP/project level and amount against PDF
Department of Agriculture,Farm-to-Market Roads,"","","Construction of Brgy. Flores-Brgy. Esperanza FMR, Brgy. Flores and Brgy. Esperanza, Umingan, Pangasinan",10000000,2 - HB 10858 VOL IB.pdf,668,"Construction of Brgy. Flores-Brgy. Esperanza FMR, Brgy. Flores and Brgy. Esperanza, Umingan, Pangasinan | 10,000,000","Construction of Brgy. Flores-Brgy. Esperanza FMR, Brgy. Flores and Brgy. Esperanza, | Umingan, Pangasinan | 10,000,000",[],[],candidate; verify PAP/project level and amount against PDF
Department of Agriculture,Farm-to-Market Roads,"","","Construction of Brgy. Kamuning FMR, Brgy. Kamuning, Puerto Princesa, Palawan",10000000,2 - HB 10858 VOL IB.pdf,700,"Construction of Brgy. Kamuning FMR, Brgy. Kamuning, Puerto Princesa, Palawan | 10,000,000","Construction of Brgy. Kamuning FMR, Brgy. Kamuning, Puerto Princesa, Palawan | 25,000,000 | 10,000,000",[],[],candidate; verify PAP/project level and amount against PDF
Department of Agriculture,Farm-to-Market Roads,"","","Construction of Brgy. Talitay FMR, Brgy. Talitay, Buluan, Maguindanao del Sur",10000000,2 - HB 10858 VOL IB.pdf,722,"Construction of Brgy. Talitay FMR, Brgy. Talitay, Buluan, Maguindanao del Sur | 10,000,000","15,000,000 | Construction of Brgy. Talitay FMR, Brgy. Talitay, Buluan, Maguindanao del Sur | 10,000,000",[],[],candidate; verify PAP/project level and amount against PDF
Department of Agriculture,Farm-to-Market Roads,"","","Construction of Brgy. Tampog FMR, Brgy. Tampog, Bayambang, Pangasinan",10000000,2 - HB 10858 VOL IB.pdf,672,"Construction of Brgy. Tampog FMR, Brgy. Tampog, Bayambang, Pangasinan | 10,000,000","Construction of Brgy. Tampog FMR, Brgy. Tampog, Bayambang, Pangasinan | 10,000,000",[],[],candidate; verify PAP/project level and amount against PDF
Department of Agriculture,Farm-to-Market Roads,"","","Construction of Brgy. Lacag FMR, Brgy. Lacag, Daraga, Albay",10000000,2 - HB 10858 VOL IB.pdf,704,"Construction of Brgy. Lacag FMR, Brgy. Lacag, Daraga, Albay | 10,000,000","Construction of Brgy. Lacag FMR, Brgy. Lacag, Daraga, Albay | STAR:13.160074, 123.674393 | 10,000,000",[],[],candidate; verify PAP/project level and amount against PDF
Department of Agriculture,Farm-to-Market Roads,"","","Construction of San Jose Oras-Villaflorida FMR, Brgy. San Jose Oras, Ocampo, Camarines Sur",10000000,2 - HB 10858 VOL IB.pdf,704,"Construction of San Jose Oras-Villaflorida FMR, Brgy. San Jose Oras, Ocampo, Camarines Sur | 10,000,000","40,000,000 | Construction of San Jose Oras-Villaflorida FMR, Brgy. San Jose Oras, | Ocampo, Camarines Sur | 10,000,000",[],[],candidate; verify PAP/project level and amount against PDF
Department of Agriculture,Farm-to-Market Roads,"","","Concreting of Brgy. Unidos - Brgy. Agunod to Brgy. Quirino FMR, Plaridel, Misamis Occidental",10000000,2 - HB 10858 VOL IB.pdf,718,"Concreting of Brgy. Unidos - Brgy. Agunod to Brgy. Quirino FMR, Plaridel, Misamis Occidental | 10,000,000","20,000,000 | Concreting of Brgy. Unidos - Brgy. Agunod to Brgy. Quirino FMR, Plaridel, Misamis Occidental | 10,000,000",[],[],candidate; verify PAP/project level and amount against PDF
Department of Agriculture,Farm-to-Market Roads,"","","Construction of Brgy. Taguranao FMR, Brgy. Taguranao, Matalam, Cotabato",10000000,2 - HB 10858 VOL IB.pdf,722,"Construction of Brgy. Taguranao FMR, Brgy. Taguranao, Matalam, Cotabato | 10,000,000","Construction of Brgy. Taguranao FMR, Brgy. Taguranao, Matalam, Cotabato | 10,000,000",[],[],candidate; verify PAP/project level and amount against PDF
Department of Agriculture,Farm-to-Market Roads,"","","Construction of Pamalian FMR, Brgy. Pila, Laoag City, Ilocos Norte",10000000,2 - HB 10858 VOL IB.pdf,668,"Construction of Pamalian FMR, Brgy. Pila, Laoag City, Ilocos Norte | 10,000,000","Construction of Pamalian FMR, Brgy. Pila, Laoag City, Ilocos Norte | 5,000,000 | 10,000,000",[],[],candidate; verify PAP/project level and amount against PDF
Department of Agriculture,Farm-to-Market Roads,"","","Construction of Brgy. 29 FMR, Laoag City, Ilocos Norte",10000000,2 - HB 10858 VOL IB.pdf,668,"Construction of Brgy. 29 FMR, Laoag City, Ilocos Norte | 10,000,000","Construction of Brgy. 29 FMR, Laoag City, Ilocos Norte | 5,000,000 | 10,000,000",[],[],candidate; verify PAP/project level and amount against PDF
Department of Agriculture,Farm-to-Market Roads,"","","Concreting of Sitio Pole Dyutay, Brgy. La Paz FMR, Brgy. La Paz, Zamboanga City",10000000,2 - HB 10858 VOL IB.pdf,718,"Concreting of Sitio Pole Dyutay, Brgy. La Paz FMR, Brgy. La Paz, Zamboanga City | 10,000,000","Concreting of Sitio Pole Dyutay, Brgy. La Paz FMR, Brgy. La Paz, Zamboanga City | 10,000,000",[],[],candidate; verify PAP/project level and amount against PDF
Department of Agriculture,Farm-to-Market Roads,"","","Construction of Brgy. Manupal FMR, Brgy. Manupal, Matalam, Cotabato",10000000,2 - HB 10858 VOL IB.pdf,722,"Construction of Brgy. Manupal FMR, Brgy. Manupal, Matalam, Cotabato | 10,000,000","Construction of Brgy. Manupal FMR, Brgy. Manupal, Matalam, Cotabato | 10,000,000",[],[],candidate; verify PAP/project level and amount against PDF
Department of Agriculture,Farm-to-Market Roads,"","","Construction of Sitio Pantay-Kawasan FMR, Brgy. Kawasan, Panamao, Sulu Sta: 0+00 Lat: 5.989279, Long: 121.240667",10000000,2 - HB 10858 VOL IB.pdf,718,"Construction of Sitio Pantay-Kawasan FMR, Brgy. Kawasan, Panamao, Sulu Sta: 0+00 Lat: 5.989279, Long: 121.240667 | 10,000,000","Construction of Sitio Pantay-Kawasan FMR, Brgy. Kawasan, Panamao, Sulu | Sta: 0+00 Lat: 5.989279, Long: 121.240667 | 10,000,000 | Sta. 0+650 Lat: 5.986219, Long: 121.245419",[],[],candidate; verify PAP/project level and amount against PDF
Department of Agriculture,Farm-to-Market Roads,"","","Concreting of Hacienda Amanda, Brgy. VIII FMR, Brgy. VIII, Victorias City, Negros Occidental",10000000,2 - HB 10858 VOL IB.pdf,710,"Concreting of Hacienda Amanda, Brgy. VIII FMR, Brgy. VIII, Victorias City, Negros Occidental | 10,000,000","Concreting of Hacienda Amanda, Brgy. VIII FMR, Brgy. VIII, | 15,000,000 | Victorias City, Negros Occidental | 10,000,000",[],[],candidate; verify PAP/project level and amount against PDF
Department of Agriculture,Farm-to-Market Roads,"","","Concreting of Brgy. Sto. Domingo - Brgy. Salvacion FMR, Alicia, Isabela",10000000,2 - HB 10858 VOL IB.pdf,678,"Concreting of Brgy. Sto. Domingo - Brgy. Salvacion FMR, Alicia, Isabela | 10,000,000","Concreting of Brgy. Sto. Domingo - Brgy. Salvacion FMR, Alicia, Isabela | 10,000,000",[],[],candidate; verify PAP/project level and amount against PDF
Department of Agriculture,Farm-to-Market Roads,"","","Concreting of Purok Ubbog, Brgy. Paraiso - Purok 2, Brgy. Magdalena FMR, Cabatuan, Isabela",10000000,2 - HB 10858 VOL IB.pdf,678,"Concreting of Purok Ubbog, Brgy. Paraiso - Purok 2, Brgy. Magdalena FMR, Cabatuan, Isabela | 10,000,000","22,500,000 | Concreting of Purok Ubbog, Brgy. Paraiso - Purok 2, Brgy. Magdalena FMR, | Cabatuan, Isabela | 10,000,000",[],[],candidate; verify PAP/project level and amount against PDF
Department of Agriculture,Farm-to-Market Roads,"","","Construction of Brgy. Pulang-lupa FMR, Brgy. Pulang-lupa, M'lang, Cotabato",10000000,2 - HB 10858 VOL IB.pdf,722,"Construction of Brgy. Pulang-lupa FMR, Brgy. Pulang-lupa, M'lang, Cotabato | 10,000,000","Construction of Brgy. Pulang-lupa FMR, Brgy. Pulang-lupa, M'lang, Cotabato | 10,000,000",[],[],candidate; verify PAP/project level and amount against PDF
Department of Agriculture,Farm-to-Market Roads,"","","Concreting of Brgy. San Antonio FMR, Brgy. San Antonio, Ramon, Isabela",10000000,2 - HB 10858 VOL IB.pdf,678,"Concreting of Brgy. San Antonio FMR, Brgy. San Antonio, Ramon, Isabela | 10,000,000","30,000,000 | Concreting of Brgy. San Antonio FMR, Brgy. San Antonio, Ramon, Isabela | 10,000,000",[],[],candidate; verify PAP/project level and amount against PDF
Department of Agriculture,Farm-to-Market Roads,"","","Construction of Brgy. 27 FMR, Laoag City, Ilocos Norte",10000000,2 - HB 10858 VOL IB.pdf,670,"Construction of Brgy. 27 FMR, Laoag City, Ilocos Norte | 10,000,000","NAME OR PROJECTS | NAME OF PROJECTSPESOS PESOS | NUMBER “1”  | PESOS | Construction of Brgy. 27 FMR, Laoag City, Ilocos Norte | Section 2: 120.607603, 18.195734 | 10,000,000",[],[],candidate; verify PAP/project level and amount against PDF
Department of Agriculture,Farm-to-Market Roads,"","","Concreting of Brgy. Batadbatad - Brgy. Buguil FMR, Moalboal, Cebu Section 1 START: 9.94391, 123.441809 Section 2 START: 9.941201, 123.445775",10000000,2 - HB 10858 VOL IB.pdf,712,"Concreting of Brgy. Batadbatad - Brgy. Buguil FMR, Moalboal, Cebu Section 1 START: 9.94391, 123.441809 Section 2 START: 9.941201, 123.445775 | 10,000,000","NAME OR PROJECTS | NAME OF PROJECTSPESOS PESOS | PESOS | Concreting of Brgy. Batadbatad - Brgy. Buguil FMR, Moalboal, Cebu | 15,000,000 | Section 1 START: 9.94391, 123.441809 | 10,000,000",[],[],candidate; verify PAP/project level and amount against PDF
Department of Agriculture,Farm-to-Market Roads,"","","Construction of Brgy. Tagjaguimit FMR, Brgy. Tagjaguimit, Naga City, Cebu",10000000,2 - HB 10858 VOL IB.pdf,712,"Construction of Brgy. Tagjaguimit FMR, Brgy. Tagjaguimit, Naga City, Cebu | 10,000,000","Construction of Brgy. Tagjaguimit FMR, Brgy. Tagjaguimit, Naga City, Cebu | 10,000,000",[],[],candidate; verify PAP/project level and amount against PDF
Department of Agriculture,Farm-to-Market Roads,"","","Construction of Brgy. Rang-Ay FMR, Brgy. Rang-Ay, San Agustin, Isabela",10000000,2 - HB 10858 VOL IB.pdf,680,"Construction of Brgy. Rang-Ay FMR, Brgy. Rang-Ay, San Agustin, Isabela | 10,000,000","Construction of Brgy. Rang-Ay FMR, Brgy. Rang-Ay, San Agustin, Isabela | 10,000,000",[],[],candidate; verify PAP/project level and amount against PDF
Department of Agriculture,Farm-to-Market Roads,"","","Construction of Brgy. Balud FMR, Brgy. Balud, San Fernando, Cebu",10000000,2 - HB 10858 VOL IB.pdf,712,"Construction of Brgy. Balud FMR, Brgy. Balud, San Fernando, Cebu | 10,000,000","Construction of Brgy. Balud FMR, Brgy. Balud, San Fernando, Cebu | 10,000,000",[],[],candidate; verify PAP/project level and amount against PDF
Department of Agriculture,Farm-to-Market Roads,"","","Construction of Brgy. Nemmatan FMR, Brgy. Nemmatan, San Agustin, Isabela",10000000,2 - HB 10858 VOL IB.pdf,680,"Construction of Brgy. Nemmatan FMR, Brgy. Nemmatan, San Agustin, Isabela | 10,000,000","Construction of Brgy. Nemmatan FMR, Brgy. Nemmatan, San Agustin, Isabela | 10,000,000",[],[],candidate; verify PAP/project level and amount against PDF
Department of Agriculture,Farm-to-Market Roads,"","","Concreting of Villaflores - Tactac FMR, Brgy.Villaflores, Sta. Fe, Nueva Vizcaya",10000000,2 - HB 10858 VOL IB.pdf,678,"Concreting of Villaflores - Tactac FMR, Brgy.Villaflores, Sta. Fe, Nueva Vizcaya | 10,000,000","20,000,000 | Concreting of Villaflores - Tactac FMR, Brgy.Villaflores, Sta. Fe, Nueva Vizcaya | 10,000,000",[],[],candidate; verify PAP/project level and amount against PDF
Department of Agriculture,Farm-to-Market Roads,"","","Construction of Brgy. 25 Santa Cayetana FMR, Laoag City, Ilocos Norte",10000000,2 - HB 10858 VOL IB.pdf,668,"Construction of Brgy. 25 Santa Cayetana FMR, Laoag City, Ilocos Norte | 10,000,000","Construction of Brgy. 25 Santa Cayetana FMR, Laoag City, Ilocos Norte | 5,000,000 | 10,000,000",[],[],candidate; verify PAP/project level and amount against PDF
Department of Health,Health Facilities Enhancement Program,"","",Nuestra Seniora de Piat District Hospital,9500000,2 - HB 10858 VOL IB.pdf,882,"Nuestra Seniora de Piat District Hospital | Total: 9,500,000","2,900,000 | Lasam District Hospital | 13,500,000 | Nuestra Seniora de Piat District Hospital | 9,500,000 | 3,570,000 | 6,470,000",[],"['verify facility row, hierarchy, and printed Total column against the HFEP schedule']",candidate; verify against PDF
Department of Agriculture,Farm-to-Market Roads,"","","Concreting of Purok 1 Brgy. Buenavista FMR, Brgy. Buenavista, Mexico, Pampanga",9450000,2 - HB 10858 VOL IB.pdf,686,"Concreting of Purok 1 Brgy. Buenavista FMR, Brgy. Buenavista, Mexico, Pampanga | 9, 450,000","Concreting of Purok 1 Brgy. Buenavista FMR, Brgy. Buenavista, Mexico, Pampanga | 70, | 000,000 | 9, 450,000",[],[],candidate; verify PAP/project level and amount against PDF
Department of Health,Health Facilities Enhancement Program,"","",La Carlota City Super Health Center,9300000,2 - HB 10858 VOL IB.pdf,880,"La Carlota City Super Health Center | Total: 9,300,000","Ilog Rural Health Unit | 5,800,000 | La Carlota City Super Health Center | 3,500,000 | 9,300,000 | Pulupandan Rural Health Unit | 2,900,000",[],"['verify facility row, hierarchy, and printed Total column against the HFEP schedule']",candidate; verify against PDF
Department of Health,Health Facilities Enhancement Program,"","",Tanudan Municipal Hospital,9300000,2 - HB 10858 VOL IB.pdf,882,"Tanudan Municipal Hospital | Total: 9,300,000","5,000,000 | Pinukpuk District Hospital | 450,000 | Tanudan Municipal Hospital | 6,900,000 | 2,400,000 | 9,300,000 | 1,470,000 | Western Kalinga District Hospital | 2,500,000",[],"['verify facility row, hierarchy, and printed Total column against the HFEP schedule']",candidate; verify against PDF
Department of Health,Health Facilities Enhancement Program,"","",Calayan Infirmary Hospital,9200000,2 - HB 10858 VOL IB.pdf,882,"Calayan Infirmary Hospital | Total: 9,200,000","7,670,000 | 2,000,000 | 9,670,000 | 120,000 | Baggao District Hospital | 13,000,000 | 1,750,000 | 3,750,000 | Calayan Infirmary Hospital | 9,200,000 | 2,900,000 | Dr. Tomas Nolasco Sr. Memorial Hospital | 5,400,000",[],"['verify facility row, hierarchy, and printed Total column against the HFEP schedule']",candidate; verify against PDF
Department of Health,Health Facilities Enhancement Program,"","",Barlig District Hospital,9200000,2 - HB 10858 VOL IB.pdf,882,"Barlig District Hospital | Total: 9,200,000","Mountain Province | 32,200,000 | 13,780,000 | 5,570,000 | 19,350,000 | Barlig District Hospital | 9,200,000 | Besao District Hospital | 11,500,000",[],"['verify facility row, hierarchy, and printed Total column against the HFEP schedule']",candidate; verify against PDF
Department of Health,Health Facilities Enhancement Program,"","",Valladolid District Hospital,9000000,2 - HB 10858 VOL IB.pdf,884,"Valladolid District Hospital | Total: 9,000,000","10,000,000 | Teresita L. Jalandoni Provincial Hospital | 50,000,000 | 16,000,000 | Valladolid District Hospital | 9,000,000 | 13,000,000",[],"['verify facility row, hierarchy, and printed Total column against the HFEP schedule']",candidate; verify against PDF
Department of Health,Health Facilities Enhancement Program,"","",Wao District Hospital,9000000,2 - HB 10858 VOL IB.pdf,888,"Wao District Hospital | Total: 9,000,000","Balindong District Hospital | 12,000,000 | Wao District Hospital | 9,000,000",[],"['verify facility row, hierarchy, and printed Total column against the HFEP schedule']",candidate; verify against PDF
Department of Health,Health Facilities Enhancement Program,"","",Marinduque Provincial Hospital,9000000,2 - HB 10858 VOL IB.pdf,884,"Marinduque Provincial Hospital | Total: 9,000,000","Marinduque | 11,500,000 | Marinduque Provincial Hospital | 9,000,000 | Torrijos Municipal Hospital | 2,500,000",[],"['verify facility row, hierarchy, and printed Total column against the HFEP schedule']",candidate; verify against PDF
Department of Health,Health Facilities Enhancement Program,"","","City of Navotas, Kaunlaran Super Health Center",8800000,2 - HB 10858 VOL IB.pdf,878,"City of Navotas, Kaunlaran Super Health Center | Total: 8,800,000","500,000 | City of Navotas, Bagumbayan Super Health Center | 5,000,000 | City of Navotas, Kaunlaran Super Health Center | 8,800,000 | City of Navotas, Tangos North Super Health Center",[],"['verify facility row, hierarchy, and printed Total column against the HFEP schedule']",candidate; verify against PDF
Department of Health,Health Facilities Enhancement Program,"","","City of Navotas, Tanza Pabahay Health Center",8800000,2 - HB 10858 VOL IB.pdf,878,"City of Navotas, Tanza Pabahay Health Center | Total: 8,800,000","500,000 | City of Navotas, Tangos North Super Health Center | 5,000,000 | City of Navotas, Tanza Pabahay Health Center | 8,800,000 | City of Valenzuela, Canumay East Health Center | 140,000",[],"['verify facility row, hierarchy, and printed Total column against the HFEP schedule']",candidate; verify against PDF
Department of Health,Health Facilities Enhancement Program,"","",Amlan Rural Health Unit,8800000,2 - HB 10858 VOL IB.pdf,880,"Amlan Rural Health Unit | Total: 8,800,000","Negros Oriental | 22,100,000 | 8,800,000 | 30,900,000 | Amlan Rural Health Unit | Bindoy Rural Health Unit | 4,000,000",[],"['verify facility row, hierarchy, and printed Total column against the HFEP schedule']",candidate; verify against PDF
Department of Health,Health Facilities Enhancement Program,"","",Mabinay Rural Health Unit,8800000,2 - HB 10858 VOL IB.pdf,880,"Mabinay Rural Health Unit | Total: 8,800,000","1,000,000 | Guihulngan Rural Health Unit | 2,900,000 | 920,000 | Mabinay Rural Health Unit | 8,800,000 | Tanjay City Rural Health Unit",[],"['verify facility row, hierarchy, and printed Total column against the HFEP schedule']",candidate; verify against PDF
Department of Agriculture,Farm-to-Market Roads,"","","Construction of Brgy. Triala FMR, Brgy. Triala, Guimba, Nueva Ecija",8700000,2 - HB 10858 VOL IB.pdf,686,"Construction of Brgy. Triala FMR, Brgy. Triala, Guimba, Nueva Ecija | 8, 700,000","Construction of Brgy. Triala FMR, Brgy. Triala, Guimba, Nueva Ecija | 8, 700,000",[],[],candidate; verify PAP/project level and amount against PDF
Department of Agriculture,Farm-to-Market Roads,"","","Construction of Brgy. Buttong FMR, Brgy. Buttong, Laoag City, Ilocos Norte",8500000,2 - HB 10858 VOL IB.pdf,668,"Construction of Brgy. Buttong FMR, Brgy. Buttong, Laoag City, Ilocos Norte | 8,500,000","5,000,000 | Construction of Brgy. Buttong FMR, Brgy. Buttong, Laoag City, Ilocos Norte | 8,500,000",[],[],candidate; verify PAP/project level and amount against PDF
Department of Agriculture,Farm-to-Market Roads,"","","Construction of Brgy. Rizal FMR, Brgy. Rizal, Pilar, Bataan",8500000,2 - HB 10858 VOL IB.pdf,688,"Construction of Brgy. Rizal FMR, Brgy. Rizal, Pilar, Bataan | 8,500,000","Construction of Brgy. Rizal FMR, Brgy. Rizal, Pilar, Bataan | 8,500,000",[],[],candidate; verify PAP/project level and amount against PDF
Department of Health,Health Facilities Enhancement Program,"","",Navotas City Hospital,8400000,2 - HB 10858 VOL IB.pdf,882,"Navotas City Hospital | Total: 8,400,000","Mandaluyong City Medical Center | 20,000,000 | Navotas City Hospital | 8,400,000 | Novaliches District Hospital | 13,000,000",[],"['verify facility row, hierarchy, and printed Total column against the HFEP schedule']",candidate; verify against PDF
Department of Agriculture,Farm-to-Market Roads,"","","Construction of Labiano St., Brgy. Bagumbayan FMR, Brgy. Bagumbayan, Llanera, Nueva Ecija",8400000,2 - HB 10858 VOL IB.pdf,690,"Construction of Labiano St., Brgy. Bagumbayan FMR, Brgy. Bagumbayan, Llanera, Nueva Ecija | 8, 400,000","Construction of Labiano St., Brgy. Bagumbayan FMR, Brgy. Bagumbayan, | Llanera, Nueva Ecija | 8, 400,000",[],[],candidate; verify PAP/project level and amount against PDF
Department of Agriculture,Farm-to-Market Roads,"","","Construction of Brgy. San Diego Bukid FMR, Brgy. San Diego Bukid, Gumaca, Quezon",8400000,2 - HB 10858 VOL IB.pdf,696,"Construction of Brgy. San Diego Bukid FMR, Brgy. San Diego Bukid, Gumaca, Quezon | 8,400,000","Construction of Brgy. San Diego Bukid FMR, Brgy. San Diego Bukid, Gumaca, Quezon | 8,400,000",[],[],candidate; verify PAP/project level and amount against PDF
Department of Agriculture,Farm-to-Market Roads,"","","Construction of San Miguel to Sta. Rita FMR, Brgy. San Miguel to Brgy. Sta. Rita,",8250000,2 - HB 10858 VOL IB.pdf,688,"Construction of San Miguel to Sta. Rita FMR, Brgy. San Miguel to Brgy. Sta. Rita, | 8, 250,000","Construction of San Miguel to Sta. Rita FMR, Brgy. San Miguel to Brgy. Sta. Rita, | Quezon, Nueva Ecija | 8, 250,000",[],[],candidate; verify PAP/project level and amount against PDF
Department of Agriculture,Farm-to-Market Roads,"","","Concreting of Brgy. Bambanaba FMR, Brgy. Bambanaba, Cuyapo, Nueva Ecija",8100000,2 - HB 10858 VOL IB.pdf,688,"Concreting of Brgy. Bambanaba FMR, Brgy. Bambanaba, Cuyapo, Nueva Ecija | 8, 100,000","Concreting of Brgy. Bambanaba FMR, Brgy. Bambanaba, Cuyapo, Nueva Ecija | 18, | 000,000 | 8, 100,000",[],[],candidate; verify PAP/project level and amount against PDF
Department of Health,Health Facilities Enhancement Program,"","",Dr. Gregorio B. Tan Memorial Hospital,8065000,2 - HB 10858 VOL IB.pdf,886,"Dr. Gregorio B. Tan Memorial Hospital | Total: 8,065,000","Allen District Hospital | 16,835,000 | Dr. Gregorio B. Tan Memorial Hospital | 8,065,000 | North Samar Provincial Hospital | 50,000,000",[],"['verify facility row, hierarchy, and printed Total column against the HFEP schedule']",candidate; verify against PDF
Department of Health,Health Facilities Enhancement Program,"","",Dupax District Hospital,8000000,2 - HB 10858 VOL IB.pdf,882,"Dupax District Hospital | Total: 8,000,000","Nueva Vizcaya | 31,500,000 | 2,873,976,000 | 2,684,570,000 | 5,558,546,000 | Dupax District Hospital | 8,000,000 | Kasibu Municipal Hospital | 10,000,000",[],"['verify facility row, hierarchy, and printed Total column against the HFEP schedule']",candidate; verify against PDF
Department of Health,Health Facilities Enhancement Program,"","",Alegria Rural Health Unit,8000000,2 - HB 10858 VOL IB.pdf,880,"Alegria Rural Health Unit | Total: 8,000,000","20,000,000 | Cebu | 10,900,000 | 5,520,000 | 16,420,000 | 10,000,000 | Alegria Rural Health Unit | 8,000,000 | Borbon Rural Health Unit II | 2,200,000",[],"['verify facility row, hierarchy, and printed Total column against the HFEP schedule']",candidate; verify against PDF
Department of Agriculture,Farm-to-Market Roads,"","","Concreting of Brgy. Bonliw FMR, Brgy. Bonliw, San Luis, Batangas",8000000,2 - HB 10858 VOL IB.pdf,698,"Concreting of Brgy. Bonliw FMR, Brgy. Bonliw, San Luis, Batangas | 8,000,000","Concreting of Brgy. Bonliw FMR, Brgy. Bonliw, San Luis, Batangas | 8,000,000",[],[],candidate; verify PAP/project level and amount against PDF
Department of Health,Health Facilities Enhancement Program,"","",Navotas Medical and Wellness Center,7500000,2 - HB 10858 VOL IB.pdf,878,"Navotas Medical and Wellness Center | Total: 7,500,000","500,000 | City of Valenzuela, Ugong 3S Health Center | 440,000 | Navotas Medical and Wellness Center | 7,500,000",[],"['verify facility row, hierarchy, and printed Total column against the HFEP schedule']",candidate; verify against PDF
Department of Agriculture,Farm-to-Market Roads,"","","Construction of Brgy. Catimon FMR, Brgy. Catimon, Guimba, Nueva Ecija",7500000,2 - HB 10858 VOL IB.pdf,686,"Construction of Brgy. Catimon FMR, Brgy. Catimon, Guimba, Nueva Ecija | 7, 500,000","Construction of Brgy. Catimon FMR, Brgy. Catimon, Guimba, Nueva Ecija | 7, 500,000",[],[],candidate; verify PAP/project level and amount against PDF
Department of Agriculture,Farm-to-Market Roads,"","","Concreting of Brgy. Sta. Ana FMR. Brgy. Sta. Ana, Guimba, Nueva Ecija",7500000,2 - HB 10858 VOL IB.pdf,688,"Concreting of Brgy. Sta. Ana FMR. Brgy. Sta. Ana, Guimba, Nueva Ecija | 7, 500,000","8,500,000 | Concreting of Brgy. Sta. Ana FMR. Brgy. Sta. Ana, Guimba, Nueva Ecija | 7, 500,000",[],[],candidate; verify PAP/project level and amount against PDF
Department of Health,Health Facilities Enhancement Program,"","",Sta. Ana Hospital,7000000,2 - HB 10858 VOL IB.pdf,882,"Sta. Ana Hospital | Total: 7,000,000","San Juan Medical Center | 20,000,000 | 17,500,000 | Sta. Ana Hospital | 7,000,000 | 2,500,000 | Valenzuela Health Medical Center (ValHealth) | 80,000,000",[],"['verify facility row, hierarchy, and printed Total column against the HFEP schedule']",candidate; verify against PDF
Department of Agriculture,Farm-to-Market Roads,"","","Construction of Zamboanga - Cavit FMR, Brgy. Zamboanga and Brgy. Cavit, Laoag City, Ilocos Norte",7000000,2 - HB 10858 VOL IB.pdf,670,"Construction of Zamboanga - Cavit FMR, Brgy. Zamboanga and Brgy. Cavit, Laoag City, Ilocos Norte | 7,000,000","Construction of Zamboanga - Cavit FMR, Brgy. Zamboanga and Brgy. Cavit, | Laoag City, Ilocos Norte | 7,000,000",[],[],candidate; verify PAP/project level and amount against PDF
Department of Agriculture,Farm-to-Market Roads,"","","Construction of Lower Balacbac, Brgy. Sto. Tomas Proper FMR Phase II, Brgy. Sto. Tomas Proper, Baguio City",7000000,2 - HB 10858 VOL IB.pdf,672,"Construction of Lower Balacbac, Brgy. Sto. Tomas Proper FMR Phase II, Brgy. Sto. Tomas Proper, Baguio City | 7,000,000","5,000,000 | Construction of Lower Balacbac, Brgy. Sto. Tomas Proper FMR Phase II, | Brgy. Sto. Tomas Proper, Baguio City | 7,000,000",[],[],candidate; verify PAP/project level and amount against PDF
Department of Health,Health Facilities Enhancement Program,"","",Tinoc District Hospital,6900000,2 - HB 10858 VOL IB.pdf,882,"Tinoc District Hospital | Total: 6,900,000","2,500,000 | Ifugao | 6,900,000 | Tinoc District Hospital | 6,470,000",[],"['verify facility row, hierarchy, and printed Total column against the HFEP schedule']",candidate; verify against PDF
Department of Agriculture,Farm-to-Market Roads,"","","Construction of Brgy. Paludpod FMR, Brgy. Paludpod, Talavera, Nueva Ecija",6600000,2 - HB 10858 VOL IB.pdf,686,"Construction of Brgy. Paludpod FMR, Brgy. Paludpod, Talavera, Nueva Ecija | 6, 600,000","30, | 000,000 | Construction of Brgy. Paludpod FMR, Brgy. Paludpod, Talavera, Nueva Ecija | 6, 600,000",[],[],candidate; verify PAP/project level and amount against PDF
Department of Health,Health Facilities Enhancement Program,"","",Kalinga Provincial Hospital,6500000,2 - HB 10858 VOL IB.pdf,882,"Kalinga Provincial Hospital | Total: 6,500,000","6,470,000 | Kalinga | 9,400,000 | 9,350,000 | 18,750,000 | 5,000,000 | Kalinga Provincial Hospital | 6,500,000 | Pinukpuk District Hospital | 450,000",[],"['verify facility row, hierarchy, and printed Total column against the HFEP schedule']",candidate; verify against PDF
Department of Agriculture,Farm-to-Market Roads,"","","Construction og Salagusog FMR, Brgy. Salagusog, Cuyapo, Nueva Ecija",6092500,2 - HB 10858 VOL IB.pdf,686,"Construction og Salagusog FMR, Brgy. Salagusog, Cuyapo, Nueva Ecija | 6, 092,500","15, | 000,000 | Construction og Salagusog FMR, Brgy. Salagusog, Cuyapo, Nueva Ecija | 6, 092,500",[],[],candidate; verify PAP/project level and amount against PDF
Department of Health,Health Facilities Enhancement Program,"","",Solana Renal & Diagnostic Center,6000000,2 - HB 10858 VOL IB.pdf,892,"Solana Renal & Diagnostic Center | Total: 6,000,000","Cagayan | 6,000,000 | Solana Renal & Diagnostic Center",[],"['verify facility row, hierarchy, and printed Total column against the HFEP schedule']",candidate; verify against PDF
Department of Health,Health Facilities Enhancement Program,"","",Datu Blah Sinsuat District Hospital - Upi,6000000,2 - HB 10858 VOL IB.pdf,888,"Datu Blah Sinsuat District Hospital - Upi | Total: 6,000,000","Maguindanao del Norte | 36,500,000 | 6,500,000 | 43,000,000 | Datu Blah Sinsuat District Hospital - Upi | 6,000,000 | Datu Odin Sinsuat District Hospital",[],"['verify facility row, hierarchy, and printed Total column against the HFEP schedule']",candidate; verify against PDF
Department of Health,Health Facilities Enhancement Program,"","",Felipe Abrigo Memorial Hospital,6000000,2 - HB 10858 VOL IB.pdf,886,"Felipe Abrigo Memorial Hospital | Total: 6,000,000","Eastern Samar Provincial Hospital | 50,000,000 | Felipe Abrigo Memorial Hospital | 6,000,000 | Oras District Hospital | 3,200,000",[],"['verify facility row, hierarchy, and printed Total column against the HFEP schedule']",candidate; verify against PDF
Department of Health,Health Facilities Enhancement Program,"","",Datu Odin Sinsuat District Hospital,6000000,2 - HB 10858 VOL IB.pdf,888,"Datu Odin Sinsuat District Hospital | Total: 6,000,000","Datu Blah Sinsuat District Hospital - Upi | 6,000,000 | Datu Odin Sinsuat District Hospital | Iranon Provincial Hospital | 20,000,000 | 6,500,000 | 26,500,000",[],"['verify facility row, hierarchy, and printed Total column against the HFEP schedule']",candidate; verify against PDF
Department of Health,Health Facilities Enhancement Program,"","","Tigbauan, Iloilo Dialysis Center",6000000,2 - HB 10858 VOL IB.pdf,892,"Tigbauan, Iloilo Dialysis Center | Total: 6,000,000","Name of Projects and Facilities | Infrastructure | Motor Vehicle | Total | Equipment | 110,000 | Tigbauan, Iloilo Dialysis Center | 6,000,000 | Guimbal Iloilo Dialysis Center | 25,000,000",[],"['verify facility row, hierarchy, and printed Total column against the HFEP schedule']",candidate; verify against PDF
Department of Health,Health Facilities Enhancement Program,"","",Buluan District Hospital - Buluan,6000000,2 - HB 10858 VOL IB.pdf,888,"Buluan District Hospital - Buluan | Total: 6,000,000","Maguindanao del Sur | 6,000,000 | 13,000,000 | 19,000,000 | Buluan District Hospital - Buluan | Maguindanao Provincial Hospital",[],"['verify facility row, hierarchy, and printed Total column against the HFEP schedule']",candidate; verify against PDF
Department of Health,Health Facilities Enhancement Program,"","",Pikit 1 Cluser Rural Health Unit,6000000,2 - HB 10858 VOL IB.pdf,882,"Pikit 1 Cluser Rural Health Unit | Total: 6,000,000","Special Geographic Area | 18,000,000 | Pikit 1 Cluser Rural Health Unit | 6,000,000 | Pikit 2 Cluser Rural Health Unit",[],"['verify facility row, hierarchy, and printed Total column against the HFEP schedule']",candidate; verify against PDF
Department of Health,Health Facilities Enhancement Program,"","",Pikit 2 Cluser Rural Health Unit,6000000,2 - HB 10858 VOL IB.pdf,882,"Pikit 2 Cluser Rural Health Unit | Total: 6,000,000","Pikit 1 Cluser Rural Health Unit | 6,000,000 | Pikit 2 Cluser Rural Health Unit | Pikit 3 Cluser Rural Health Unit",[],"['verify facility row, hierarchy, and printed Total column against the HFEP schedule']",candidate; verify against PDF
Department of Health,Health Facilities Enhancement Program,"","",Pikit 3 Cluser Rural Health Unit,6000000,2 - HB 10858 VOL IB.pdf,882,"Pikit 3 Cluser Rural Health Unit | Total: 6,000,000","Pikit 2 Cluser Rural Health Unit | 6,000,000 | Pikit 3 Cluser Rural Health Unit",[],"['verify facility row, hierarchy, and printed Total column against the HFEP schedule']",candidate; verify against PDF
Department of Agriculture,Farm-to-Market Roads,"","","Construction of Brgy. Nagbaya FMR, Brgy. Nagbaya, Castillejos, Zambales",6000000,2 - HB 10858 VOL IB.pdf,688,"Construction of Brgy. Nagbaya FMR, Brgy. Nagbaya, Castillejos, Zambales | 6, 000,000","15, | 000,000 | Construction of Brgy. Nagbaya FMR, Brgy. Nagbaya, Castillejos, Zambales | 6, 000,000",[],[],candidate; verify PAP/project level and amount against PDF
Department of Health,Health Facilities Enhancement Program,"","",Ilog Rural Health Unit,5800000,2 - HB 10858 VOL IB.pdf,880,"Ilog Rural Health Unit | Total: 5,800,000","Hinoba-an Rural Health Unit | 2,900,000 | Ilog Rural Health Unit | 5,800,000 | La Carlota City Super Health Center | 3,500,000 | 9,300,000",[],"['verify facility row, hierarchy, and printed Total column against the HFEP schedule']",candidate; verify against PDF
Department of Health,Health Facilities Enhancement Program,"","",Bago City Rural Health Unit,5800000,2 - HB 10858 VOL IB.pdf,880,"Bago City Rural Health Unit | Total: 5,800,000","Negros Occidental | 38,500,000 | 60,900,000 | 99,400,000 | Bago City Rural Health Unit | 5,800,000 | Cauayan Rural Health Unit | 2,900,000",[],"['verify facility row, hierarchy, and printed Total column against the HFEP schedule']",candidate; verify against PDF
Department of Health,Health Facilities Enhancement Program,"","",Tarangan Community Hospital,5800000,2 - HB 10858 VOL IB.pdf,886,"Tarangan Community Hospital | Total: 5,800,000","Samar | 5,800,000 | Tarangan Community Hospital",[],"['verify facility row, hierarchy, and printed Total column against the HFEP schedule']",candidate; verify against PDF
Department of Health,Health Facilities Enhancement Program,"","",La Castellana Hospital,5500000,2 - HB 10858 VOL IB.pdf,884,"La Castellana Hospital | Total: 5,500,000","10,000,000 | Gov. Valeriano M. Gatuslao Memorial District Hospital | 17,500,000 | 14,000,000 | 31,500,000 | La Castellana Hospital | 5,500,000 | 39,000,000 | San Carlos City Hospital | 8,800,000 | 26,300,000",[],"['verify facility row, hierarchy, and printed Total column against the HFEP schedule']",candidate; verify against PDF
Department of Health,Health Facilities Enhancement Program,"","",Datu Halun Sakilan Memorial Hospital - Boggao,5500000,2 - HB 10858 VOL IB.pdf,888,"Datu Halun Sakilan Memorial Hospital - Boggao | Total: 5,500,000","Tawi-Tawi | 4,000,000 | 5,500,000 | 9,500,000 | Datu Halun Sakilan Memorial Hospital - Boggao | Languyan District Hospital",[],"['verify facility row, hierarchy, and printed Total column against the HFEP schedule']",candidate; verify against PDF
Department of Agriculture,Farm-to-Market Roads,"","","Construction of Brgy. Villa Tañada FMR, Brgy. Villa Tañada, Gumaca, Quezon",5500000,2 - HB 10858 VOL IB.pdf,694,"Construction of Brgy. Villa Tañada FMR, Brgy. Villa Tañada, Gumaca, Quezon | 5,500,000","NAME OR PROJECTS | NAME OF PROJECTSPESOS PESOS | PESOS | Construction of Brgy. Villa Tañada FMR, Brgy. Villa Tañada, Gumaca, Quezon | 15,000,000 | 5,500,000",[],[],candidate; verify PAP/project level and amount against PDF
Department of Health,Health Facilities Enhancement Program,"","",Capas Medical Complex,5400000,2 - HB 10858 VOL IB.pdf,884,"Capas Medical Complex | Total: 5,400,000","Camiling District Hospital | 20,000,000 | Capas Medical Complex | 5,400,000 | Concepcion District Hospital | 14,500,000",[],"['verify facility row, hierarchy, and printed Total column against the HFEP schedule']",candidate; verify against PDF
Department of Health,Health Facilities Enhancement Program,"","",Dr. Tomas Nolasco Sr. Memorial Hospital,5400000,2 - HB 10858 VOL IB.pdf,882,"Dr. Tomas Nolasco Sr. Memorial Hospital | Total: 5,400,000","120,000 | 1,750,000 | 2,000,000 | 3,750,000 | Calayan Infirmary Hospital | 9,200,000 | 2,900,000 | Dr. Tomas Nolasco Sr. Memorial Hospital | 5,400,000 | Lasam District Hospital | 13,500,000",[],"['verify facility row, hierarchy, and printed Total column against the HFEP schedule']",candidate; verify against PDF
Department of Health,Health Facilities Enhancement Program,"","",Masantol Community Hospital in Pampanga,5400000,2 - HB 10858 VOL IB.pdf,884,"Masantol Community Hospital in Pampanga | Total: 5,400,000","Masantol | 5,400,000 | Masantol Community Hospital in Pampanga",[],"['verify facility row, hierarchy, and printed Total column against the HFEP schedule']",candidate; verify against PDF
Department of Health,Health Facilities Enhancement Program,"","",Municipality of Conner Malama Brgy. Health Station (BHS) with Birthing Home,5000000,2 - HB 10858 VOL IB.pdf,876,"Municipality of Conner Malama Brgy. Health Station (BHS) with Birthing Home | Total: 5,000,000","Apayao | 10,000,000 | Municipality of Conner Malama Brgy. Health Station (BHS) | with Birthing Home | 5,000,000",[],"['verify facility row, hierarchy, and printed Total column against the HFEP schedule']",candidate; verify against PDF
Department of Health,Health Facilities Enhancement Program,"","","City of Navotas, Bagumbayan Super Health Center",5000000,2 - HB 10858 VOL IB.pdf,878,"City of Navotas, Bagumbayan Super Health Center | Total: 5,000,000","500,000 | City of Caloocan, Grace Park Health Center | 140,000 | City of Navotas, Bagumbayan Super Health Center | 5,000,000 | City of Navotas, Kaunlaran Super Health Center | 8,800,000",[],"['verify facility row, hierarchy, and printed Total column against the HFEP schedule']",candidate; verify against PDF
Department of Health,Health Facilities Enhancement Program,"","","Sta. Filomena Brgy. Health Center (BHS), Municipality of Calanasan",5000000,2 - HB 10858 VOL IB.pdf,876,"Sta. Filomena Brgy. Health Center (BHS), Municipality of Calanasan | Total: 5,000,000","with Birthing Home | 5,000,000 | Sta. Filomena Brgy. Health Center (BHS), Municipality of | Calanasan",[],"['verify facility row, hierarchy, and printed Total column against the HFEP schedule']",candidate; verify against PDF
Department of Health,Health Facilities Enhancement Program,"","",Salao Community Health Center,5000000,2 - HB 10858 VOL IB.pdf,878,"Salao Community Health Center | Total: 5,000,000","Batangas | 5,000,000 | 500,000 | Salao Community Health Center",[],"['verify facility row, hierarchy, and printed Total column against the HFEP schedule']",candidate; verify against PDF
Department of Health,Health Facilities Enhancement Program,"","",Midsayap Rural Health Unit,5000000,2 - HB 10858 VOL IB.pdf,882,"Midsayap Rural Health Unit | Total: 5,000,000","Cotabato | 5,000,000 | Midsayap Rural Health Unit",[],"['verify facility row, hierarchy, and printed Total column against the HFEP schedule']",candidate; verify against PDF
Department of Health,Health Facilities Enhancement Program,"","",Lingig Community Hospital,5000000,2 - HB 10858 VOL IB.pdf,888,"Lingig Community Hospital | Total: 5,000,000","Lianga District Hospital | 2,300,000 | Lingig Community Hospital | 5,000,000 | Marihatag District Hospital | 1,000,000",[],"['verify facility row, hierarchy, and printed Total column against the HFEP schedule']",candidate; verify against PDF
Department of Health,Health Facilities Enhancement Program,"","","City of Navotas, Tangos North Super Health Center",5000000,2 - HB 10858 VOL IB.pdf,878,"City of Navotas, Tangos North Super Health Center | Total: 5,000,000","City of Navotas, Kaunlaran Super Health Center | 8,800,000 | 500,000 | City of Navotas, Tangos North Super Health Center | 5,000,000 | City of Navotas, Tanza Pabahay Health Center",[],"['verify facility row, hierarchy, and printed Total column against the HFEP schedule']",candidate; verify against PDF
Department of Health,Health Facilities Enhancement Program,"","",Labo District Hospital,5000000,2 - HB 10858 VOL IB.pdf,884,"Labo District Hospital | Total: 5,000,000","5,400,000 | Camarines Norte | 5,000,000 | Labo District Hospital",[],"['verify facility row, hierarchy, and printed Total column against the HFEP schedule']",candidate; verify against PDF
Department of Health,Health Facilities Enhancement Program,"","",Tinambac Municipal Hospital,5000000,2 - HB 10858 VOL IB.pdf,884,"Tinambac Municipal Hospital | Total: 5,000,000","80,000,000 | 100,095,000 | 180,095,000 | Camarines Sur | 5,000,000 | 50,000,000 | 100,000,000 | Tinambac Municipal Hospital | 95,000",[],"['verify facility row, hierarchy, and printed Total column against the HFEP schedule']",candidate; verify against PDF
Department of Health,Health Facilities Enhancement Program,"","",Itbayat Disctrict Hospital,5000000,2 - HB 10858 VOL IB.pdf,882,"Itbayat Disctrict Hospital | Total: 5,000,000","1,000,000 | Batanes | 5,000,000 | 210,000 | Itbayat Disctrict Hospital",[],"['verify facility row, hierarchy, and printed Total column against the HFEP schedule']",candidate; verify against PDF
Department of Health,Health Facilities Enhancement Program,"","",Cawayan Municipal Hospital,5000000,2 - HB 10858 VOL IB.pdf,884,"Cawayan Municipal Hospital | Total: 5,000,000","75,000,000 | Masbate | 5,000,000 | Cawayan Municipal Hospital | 71,600,000 | 90,000,000 | 161,600,000",[],"['verify facility row, hierarchy, and printed Total column against the HFEP schedule']",candidate; verify against PDF
Department of Health,Health Facilities Enhancement Program,"","",DOH DATRC - Zamboanga,5000000,2 - HB 10858 VOL IB.pdf,890,"DOH DATRC - Zamboanga | Total: 5,000,000","Zamboanga del Sur | 5,000,000 | 4,400,000 | DOH DATRC - Zamboanga",[],"['verify facility row, hierarchy, and printed Total column against the HFEP schedule']",candidate; verify against PDF
Department of Agriculture,Farm-to-Market Roads,"","","Construction of Brgy. Osmeña FMR, Brgy. Osmeña, Basista, Pangasinan",5000000,2 - HB 10858 VOL IB.pdf,668,"Construction of Brgy. Osmeña FMR, Brgy. Osmeña, Basista, Pangasinan | 5,000,000","Construction of Brgy. Osmeña FMR, Brgy. Osmeña, Basista, Pangasinan | 5,000,000",[],[],candidate; verify PAP/project level and amount against PDF
Department of Agriculture,Farm-to-Market Roads,"","","Construction of Brgy. Cabungaan A FMR, Laoag City, Ilocos Norte",5000000,2 - HB 10858 VOL IB.pdf,668,"Construction of Brgy. Cabungaan A FMR, Laoag City, Ilocos Norte | 5,000,000","20,000,000 | Construction of Brgy. Cabungaan A FMR, Laoag City, Ilocos Norte | 5,000,000",[],[],candidate; verify PAP/project level and amount against PDF
Department of Agriculture,Farm-to-Market Roads,"","","Construction of Sitio Malapia, Brgy. Samil FMR, Lucban, Quezon",5000000,2 - HB 10858 VOL IB.pdf,692,"Construction of Sitio Malapia, Brgy. Samil FMR, Lucban, Quezon | 5,000,000","15,000,000 | Construction of Sitio Malapia, Brgy. Samil FMR, Lucban, Quezon | 5,000,000",[],[],candidate; verify PAP/project level and amount against PDF
Department of Agriculture,Farm-to-Market Roads,"","","Construction of Brgy. 36 Araniw FMR, Laoag City, Ilocos Norte",5000000,2 - HB 10858 VOL IB.pdf,670,"Construction of Brgy. 36 Araniw FMR, Laoag City, Ilocos Norte | 5,000,000","Construction of Brgy. 36 Araniw FMR, Laoag City, Ilocos Norte | 5,000,000",[],[],candidate; verify PAP/project level and amount against PDF
Department of Agriculture,Farm-to-Market Roads,"","","Construction of Brgy. 51-A Nangalisan East FMR, Laoag City, Ilocos Norte",5000000,2 - HB 10858 VOL IB.pdf,670,"Construction of Brgy. 51-A Nangalisan East FMR, Laoag City, Ilocos Norte | 5,000,000","Construction of Brgy. 51-A Nangalisan East FMR, Laoag City, Ilocos Norte | 5,000,000",[],[],candidate; verify PAP/project level and amount against PDF
Department of Agriculture,Farm-to-Market Roads,"","","Construction of Brgy. Sta. Matilde FMR (Bareng, Yanos, Agagamang Section), Brgy. Sta. Matilde, Pasuquin, Ilocos Norte",5000000,2 - HB 10858 VOL IB.pdf,670,"Construction of Brgy. Sta. Matilde FMR (Bareng, Yanos, Agagamang Section), Brgy. Sta. Matilde, Pasuquin, Ilocos Norte | 5,000,000","Construction of Brgy. Sta. Matilde FMR (Bareng, Yanos, Agagamang Section), | 5,000,000 | Brgy. Sta. Matilde, Pasuquin, Ilocos Norte",[],[],candidate; verify PAP/project level and amount against PDF
Department of Agriculture,Farm-to-Market Roads,"","","Construction of Brgy. Tampac FMR, Brgy. Tampac, Aguilar, Pangasinan",5000000,2 - HB 10858 VOL IB.pdf,668,"Construction of Brgy. Tampac FMR, Brgy. Tampac, Aguilar, Pangasinan | 5,000,000","Construction of Brgy. Tampac FMR, Brgy. Tampac, Aguilar, Pangasinan | 5,000,000",[],[],candidate; verify PAP/project level and amount against PDF
Department of Agriculture,Farm-to-Market Roads,"","","Construction of Brgy. Estanza FMR Phase III, Brgy. Estanza, Lingayen, Pangasinan",5000000,2 - HB 10858 VOL IB.pdf,668,"Construction of Brgy. Estanza FMR Phase III, Brgy. Estanza, Lingayen, Pangasinan | 5,000,000","NAME OR PROJECTS | NAME OF PROJECTSPESOS PESOS | PESOS | Construction of Brgy. Estanza FMR Phase III, Brgy. Estanza, Lingayen, Pangasinan | 15,000,000 | 5,000,000",[],[],candidate; verify PAP/project level and amount against PDF
Department of Agriculture,Farm-to-Market Roads,"","","Construction of Brgy. 56-A Bacsil North FMR, Laoag City, Ilocos Norte",5000000,2 - HB 10858 VOL IB.pdf,670,"Construction of Brgy. 56-A Bacsil North FMR, Laoag City, Ilocos Norte | 5,000,000","Construction of Brgy. 56-A Bacsil North FMR, Laoag City, Ilocos Norte | 5,000,000",[],[],candidate; verify PAP/project level and amount against PDF
Department of Agriculture,Farm-to-Market Roads,"","","Construction of Brgy. 60-A Caaoacan FMR, Laoag City, Ilocos Norte",5000000,2 - HB 10858 VOL IB.pdf,670,"Construction of Brgy. 60-A Caaoacan FMR, Laoag City, Ilocos Norte | 5,000,000","Construction of Brgy. 60-A Caaoacan FMR, Laoag City, Ilocos Norte | 5,000,000",[],[],candidate; verify PAP/project level and amount against PDF
Department of Agriculture,Farm-to-Market Roads,"","","Construction of Brgy. 62-B Navotas South FMR, Laoag City, Ilocos Norte",5000000,2 - HB 10858 VOL IB.pdf,670,"Construction of Brgy. 62-B Navotas South FMR, Laoag City, Ilocos Norte | 5,000,000","Construction of Brgy. 62-B Navotas South FMR, Laoag City, Ilocos Norte | 5,000,000",[],[],candidate; verify PAP/project level and amount against PDF
Department of Agriculture,Farm-to-Market Roads,"","","Construction of Brgy. 49-B Raraburan FMR, Laoag City, Ilocos Norte",5000000,2 - HB 10858 VOL IB.pdf,670,"Construction of Brgy. 49-B Raraburan FMR, Laoag City, Ilocos Norte | 5,000,000","Construction of Brgy. 49-B Raraburan FMR, Laoag City, Ilocos Norte | 5,000,000",[],[],candidate; verify PAP/project level and amount against PDF
Department of Agriculture,Farm-to-Market Roads,"","","Construction of Brgy. Baduang FMR, Brgy. Baduang, Pagudpud, Ilocos Norte",5000000,2 - HB 10858 VOL IB.pdf,670,"Construction of Brgy. Baduang FMR, Brgy. Baduang, Pagudpud, Ilocos Norte | 5,000,000","Construction of Brgy. Baduang FMR, Brgy. Baduang, Pagudpud, Ilocos Norte | 5,000,000",[],[],candidate; verify PAP/project level and amount against PDF
Department of Agriculture,Farm-to-Market Roads,"","","Construction of Brgy. San Juan FMR (Eda and Mauemel Section), San Juan,",5000000,2 - HB 10858 VOL IB.pdf,670,"Construction of Brgy. San Juan FMR (Eda and Mauemel Section), San Juan, | 5,000,000","20,000,000 | Construction of Brgy. San Juan FMR (Eda and Mauemel Section), San Juan, | Pasuquin, Ilocos Norte | 5,000,000",[],[],candidate; verify PAP/project level and amount against PDF
Department of Agriculture,Farm-to-Market Roads,"","","Concreting of Brgy. Calumpit FMR, Brgy. Calumpit, Lobo, Batangas",5000000,2 - HB 10858 VOL IB.pdf,696,"Concreting of Brgy. Calumpit FMR, Brgy. Calumpit, Lobo, Batangas | 5,000,000","NAME OR PROJECTS | NAME OF PROJECTSPESOS PESOS | PESOS | Concreting of Brgy. Calumpit FMR, Brgy. Calumpit, Lobo, Batangas | 15,000,000 | 5,000,000",[],[],candidate; verify PAP/project level and amount against PDF
Department of Agriculture,Farm-to-Market Roads,"","","Concreting of Brgy. Ilat North FMR, Brgy. Ilat North, San Pascual, Batangas",5000000,2 - HB 10858 VOL IB.pdf,696,"Concreting of Brgy. Ilat North FMR, Brgy. Ilat North, San Pascual, Batangas | 5,000,000","Concreting of Brgy. Ilat North FMR, Brgy. Ilat North, San Pascual, Batangas | 15,000,000 | 5,000,000",[],[],candidate; verify PAP/project level and amount against PDF
Department of Agriculture,Farm-to-Market Roads,"","","Concreting of Sitio Naambon, Brgy. Nag-iba FMR, Brgy. Nag-iba, Mabini, Batangas",5000000,2 - HB 10858 VOL IB.pdf,696,"Concreting of Sitio Naambon, Brgy. Nag-iba FMR, Brgy. Nag-iba, Mabini, Batangas | 5,000,000","Concreting of Sitio Naambon, Brgy. Nag-iba FMR, Brgy. Nag-iba, Mabini, Batangas | 5,000,000",[],[],candidate; verify PAP/project level and amount against PDF
Department of Agriculture,Farm-to-Market Roads,"","","Concreting of Brgy. Pook ni Banal FMR, Brgy. Pook ni Banal, San Pascual, Batangas",5000000,2 - HB 10858 VOL IB.pdf,696,"Concreting of Brgy. Pook ni Banal FMR, Brgy. Pook ni Banal, San Pascual, Batangas | 5,000,000","Concreting of Brgy. Pook ni Banal FMR, Brgy. Pook ni Banal, San Pascual, Batangas | 5,000,000",[],[],candidate; verify PAP/project level and amount against PDF
Department of Agriculture,Farm-to-Market Roads,"","","Concreting of Brgy. San Pablo FMR, Brgy. San Pablo, Bauan, Batangas",5000000,2 - HB 10858 VOL IB.pdf,696,"Concreting of Brgy. San Pablo FMR, Brgy. San Pablo, Bauan, Batangas | 5,000,000","Concreting of Brgy. San Pablo FMR, Brgy. San Pablo, Bauan, Batangas | 5,000,000",[],[],candidate; verify PAP/project level and amount against PDF
Department of Agriculture,Farm-to-Market Roads,"","","Concreting of Brgy. Bulacan FMR, Brgy. Bulacan, Mabini Batangas",5000000,2 - HB 10858 VOL IB.pdf,696,"Concreting of Brgy. Bulacan FMR, Brgy. Bulacan, Mabini Batangas | 5,000,000","Concreting of Brgy. Bulacan FMR, Brgy. Bulacan, Mabini Batangas | 5,000,000",[],[],candidate; verify PAP/project level and amount against PDF
Department of Agriculture,Farm-to-Market Roads,"","","Concreting of Brgy. San Martin FMR, Brgy. San Martin, San Luis, Batangas",5000000,2 - HB 10858 VOL IB.pdf,696,"Concreting of Brgy. San Martin FMR, Brgy. San Martin, San Luis, Batangas | 5,000,000","5,000,000 | Concreting of Brgy. San Martin FMR, Brgy. San Martin, San Luis, Batangas | 10,000,000 | S2-13.843125, 120.950735",[],[],candidate; verify PAP/project level and amount against PDF
Department of Agriculture,Farm-to-Market Roads,"","","Concreting of Brgy. Sta Ana FMR, Brgy. Sta Ana, Mabini, Batangas",5000000,2 - HB 10858 VOL IB.pdf,696,"Concreting of Brgy. Sta Ana FMR, Brgy. Sta Ana, Mabini, Batangas | 5,000,000","Concreting of Brgy. Sta Ana FMR, Brgy. Sta Ana, Mabini, Batangas | 5,000,000",[],[],candidate; verify PAP/project level and amount against PDF
Department of Agriculture,Farm-to-Market Roads,"","","Concreting of Sitio 7, Brgy. Balite FMR, Sitio 7, Brgy. Balite, San Luis, Batangas",5000000,2 - HB 10858 VOL IB.pdf,696,"Concreting of Sitio 7, Brgy. Balite FMR, Sitio 7, Brgy. Balite, San Luis, Batangas | 5,000,000","Concreting of Sitio 7, Brgy. Balite FMR, Sitio 7, Brgy. Balite, San Luis, Batangas | 5,000,000",[],[],candidate; verify PAP/project level and amount against PDF
Department of Agriculture,Farm-to-Market Roads,"","","Concreting of Sitio Malitlit, Brgy. Jaybanga FMR, Brgy. Jaybanga, Lobo, Batangas",5000000,2 - HB 10858 VOL IB.pdf,698,"Concreting of Sitio Malitlit, Brgy. Jaybanga FMR, Brgy. Jaybanga, Lobo, Batangas | 5,000,000","NAME OR PROJECTS | NAME OF PROJECTSPESOS PESOS | NUMBER “1”  | PESOS | Concreting of Sitio Malitlit, Brgy. Jaybanga FMR, Brgy. Jaybanga, Lobo, Batangas | 5,000,000",[],[],candidate; verify PAP/project level and amount against PDF
Department of Agriculture,Farm-to-Market Roads,"","","Construction of Brgy. Santol FMR, Brgy. Santol, Mauban, Quezon",5000000,2 - HB 10858 VOL IB.pdf,698,"Construction of Brgy. Santol FMR, Brgy. Santol, Mauban, Quezon | 5,000,000","15,000,000 | Construction of Brgy. Santol FMR, Brgy. Santol, Mauban, Quezon | 5,000,000",[],[],candidate; verify PAP/project level and amount against PDF
Department of Agriculture,Farm-to-Market Roads,"","","Concreting of Brgy. Balibago FMR, Brgy. Balibago, Lobo, Batangas",5000000,2 - HB 10858 VOL IB.pdf,698,"Concreting of Brgy. Balibago FMR, Brgy. Balibago, Lobo, Batangas | 5,000,000","Concreting of Brgy. Balibago FMR, Brgy. Balibago, Lobo, Batangas | 5,000,000",[],[],candidate; verify PAP/project level and amount against PDF
Department of Agriculture,Farm-to-Market Roads,"","","Concreting of Brgy. Olo-olo FMR, Brgy. Olo-olo, Lobo, Batangas",5000000,2 - HB 10858 VOL IB.pdf,698,"Concreting of Brgy. Olo-olo FMR, Brgy. Olo-olo, Lobo, Batangas | 5,000,000","Concreting of Brgy. Olo-olo FMR, Brgy. Olo-olo, Lobo, Batangas | 5,000,000",[],[],candidate; verify PAP/project level and amount against PDF
Department of Agriculture,Farm-to-Market Roads,"","","Concreting of Brgy. Tayuman FMR, Brgy. Tayuman, Lobo, Batangas Section 1: START: 13.661663, 121.217115",5000000,2 - HB 10858 VOL IB.pdf,698,"Concreting of Brgy. Tayuman FMR, Brgy. Tayuman, Lobo, Batangas Section 1: START: 13.661663, 121.217115 | 5,000,000","Concreting of Brgy. Tayuman FMR, Brgy. Tayuman, Lobo, Batangas | Section 1: START: 13.661663, 121.217115 | 5,000,000",[],[],candidate; verify PAP/project level and amount against PDF
Department of Agriculture,Farm-to-Market Roads,"","","Concreting of Sitio Bitin, Brgy. Kaypaaba FMR, Brgy. Kaypaaba,",5000000,2 - HB 10858 VOL IB.pdf,698,"Concreting of Sitio Bitin, Brgy. Kaypaaba FMR, Brgy. Kaypaaba, | 5,000,000","Concreting of Sitio Bitin, Brgy. Kaypaaba FMR, Brgy. Kaypaaba, | General Emilio Aguinaldo, Cavite | 5,000,000",[],[],candidate; verify PAP/project level and amount against PDF
Department of Agriculture,Farm-to-Market Roads,"","","Construction of Brgy. Bannawag (Sito Dulay) FMR, Brgy. Bannawag, Diffun, Quirino",5000000,2 - HB 10858 VOL IB.pdf,678,"Construction of Brgy. Bannawag (Sito Dulay) FMR, Brgy. Bannawag, Diffun, Quirino | 5,000,000","Construction of Brgy. Bannawag (Sito Dulay) FMR, Brgy. Bannawag, Diffun, Quirino | 5,000,000",[],[],candidate; verify PAP/project level and amount against PDF
Department of Agriculture,Farm-to-Market Roads,"","","Construction of Brgy. Bocacliw FMR, Brgy. Bocacliw, Aguilar, Pangasinan",5000000,2 - HB 10858 VOL IB.pdf,668,"Construction of Brgy. Bocacliw FMR, Brgy. Bocacliw, Aguilar, Pangasinan | 5,000,000","Construction of Brgy. Bocacliw FMR, Brgy. Bocacliw, Aguilar, Pangasinan | 5,000,000",[],[],candidate; verify PAP/project level and amount against PDF
Department of Agriculture,Farm-to-Market Roads,"","","Concreting of Amontoc FMR (Palpalidan Section), Brgy. Amontoc, San Gabriel, La Union",5000000,2 - HB 10858 VOL IB.pdf,672,"Concreting of Amontoc FMR (Palpalidan Section), Brgy. Amontoc, San Gabriel, La Union | 5,000,000","Concreting of Amontoc FMR (Palpalidan Section), Brgy. Amontoc, San Gabriel, La Union | 5,000,000",[],[],candidate; verify PAP/project level and amount against PDF
Department of Agriculture,Farm-to-Market Roads,"","","Construction of Brgy. Balaybuaya FMR, Brgy. Balaybuaya, Bayambang, Pangasinan",5000000,2 - HB 10858 VOL IB.pdf,672,"Construction of Brgy. Balaybuaya FMR, Brgy. Balaybuaya, Bayambang, Pangasinan | 5,000,000","Construction of Brgy. Balaybuaya FMR, Brgy. Balaybuaya, Bayambang, Pangasinan | 5,000,000",[],[],candidate; verify PAP/project level and amount against PDF
Department of Agriculture,Farm-to-Market Roads,"","","Construction of Brgy. Tambac FMR, Brgy. Tambac, Bayambang, Pangasinan",5000000,2 - HB 10858 VOL IB.pdf,672,"Construction of Brgy. Tambac FMR, Brgy. Tambac, Bayambang, Pangasinan | 5,000,000","Construction of Brgy. Tambac FMR, Brgy. Tambac, Bayambang, Pangasinan | 5,000,000",[],[],candidate; verify PAP/project level and amount against PDF
Department of Agriculture,Farm-to-Market Roads,"","","Construction of Brgy. Bacnono FMR, Brgy. Bacnono, Bayambang, Pangasinan",5000000,2 - HB 10858 VOL IB.pdf,672,"Construction of Brgy. Bacnono FMR, Brgy. Bacnono, Bayambang, Pangasinan | 5,000,000","Construction of Brgy. Bacnono FMR, Brgy. Bacnono, Bayambang, Pangasinan | 5,000,000",[],[],candidate; verify PAP/project level and amount against PDF
Department of Agriculture,Farm-to-Market Roads,"","","Construction of Brgy. Manambong Sur FMR, Brgy. Manambong Sur, Bayambang, Pangasinan",5000000,2 - HB 10858 VOL IB.pdf,672,"Construction of Brgy. Manambong Sur FMR, Brgy. Manambong Sur, Bayambang, Pangasinan | 5,000,000","Construction of Brgy. Manambong Sur FMR, Brgy. Manambong Sur, Bayambang, Pangasinan | 5,000,000",[],[],candidate; verify PAP/project level and amount against PDF
Department of Agriculture,Farm-to-Market Roads,"","","Construction of Brgy. Liwayway FMR, Brgy. Liwayway, Diffun, Quirino",5000000,2 - HB 10858 VOL IB.pdf,680,"Construction of Brgy. Liwayway FMR, Brgy. Liwayway, Diffun, Quirino | 5,000,000","NAME OR PROJECTS | NAME OF PROJECTSPESOS PESOS | NUMBER “1”  | PESOS | Construction of Brgy. Liwayway FMR, Brgy. Liwayway, Diffun, Quirino | 5,000,000",[],[],candidate; verify PAP/project level and amount against PDF
Department of Agriculture,Farm-to-Market Roads,"","","Construction of Brgy. Dagupan FMR, Brgy. Dagupan, Aglipay, Quirino",5000000,2 - HB 10858 VOL IB.pdf,680,"Construction of Brgy. Dagupan FMR, Brgy. Dagupan, Aglipay, Quirino | 5,000,000","Construction of Brgy. Dagupan FMR, Brgy. Dagupan, Aglipay, Quirino | 5,000,000",[],[],candidate; verify PAP/project level and amount against PDF
Department of Agriculture,Farm-to-Market Roads,"","","Construction of Brgy. Gueteb to Brgy. Balangay FMR, Brgy. Gueteb, Urbiztondo, Pangasinan",5000000,2 - HB 10858 VOL IB.pdf,668,"Construction of Brgy. Gueteb to Brgy. Balangay FMR, Brgy. Gueteb, Urbiztondo, Pangasinan | 5,000,000","Construction of Brgy. Gueteb to Brgy. Balangay FMR, Brgy. Gueteb, Urbiztondo, Pangasinan | 5,000,000",[],[],candidate; verify PAP/project level and amount against PDF
Department of Agriculture,Farm-to-Market Roads,"","","Construction of Brgy. Cabungaan B FMR, Laoag City, Ilocos Norte",5000000,2 - HB 10858 VOL IB.pdf,668,"Construction of Brgy. Cabungaan B FMR, Laoag City, Ilocos Norte | 5,000,000","5,000,000 | Construction of Brgy. Cabungaan B FMR, Laoag City, Ilocos Norte",[],[],candidate; verify PAP/project level and amount against PDF
Department of Agriculture,Farm-to-Market Roads,"","","Construction of Brgy. Baug FMR, Brgy. Baug, Urbiztondo, Pangasinan",5000000,2 - HB 10858 VOL IB.pdf,668,"Construction of Brgy. Baug FMR, Brgy. Baug, Urbiztondo, Pangasinan | 5,000,000","Construction of Brgy. Baug FMR, Brgy. Baug, Urbiztondo, Pangasinan | 5,000,000",[],[],candidate; verify PAP/project level and amount against PDF
Department of Agriculture,Farm-to-Market Roads,"","","Construction of Brgy. Dorongan Linmasangan FMR, Brgy. Dorongan Linmasangan,",5000000,2 - HB 10858 VOL IB.pdf,668,"Construction of Brgy. Dorongan Linmasangan FMR, Brgy. Dorongan Linmasangan, | 5,000,000","Construction of Brgy. Dorongan Linmasangan FMR, Brgy. Dorongan Linmasangan, | Mangatarem, Pangasinan | 5,000,000",[],[],candidate; verify PAP/project level and amount against PDF
Department of Agriculture,Farm-to-Market Roads,"","","Construction of Brgy. Malabobo FMR, Brgy. Malabobo, Mangatarem, Pangasinan",5000000,2 - HB 10858 VOL IB.pdf,668,"Construction of Brgy. Malabobo FMR, Brgy. Malabobo, Mangatarem, Pangasinan | 5,000,000","Construction of Brgy. Malabobo FMR, Brgy. Malabobo, Mangatarem, Pangasinan | 5,000,000",[],[],candidate; verify PAP/project level and amount against PDF
Department of Agriculture,Farm-to-Market Roads,"","","Construction of Brgy. Villamore FMR, Brgy. Villamore, Cabarroguis, Quirino",5000000,2 - HB 10858 VOL IB.pdf,680,"Construction of Brgy. Villamore FMR, Brgy. Villamore, Cabarroguis, Quirino | 5,000,000","Construction of Brgy. Villamore FMR, Brgy. Villamore, Cabarroguis, Quirino | 5,000,000",[],[],candidate; verify PAP/project level and amount against PDF
Department of Agriculture,Farm-to-Market Roads,"","","Construction of Brgy. Nagpalanga FMR, Brgy. Nagpalanga, Binmaley, Pangasinan",5000000,2 - HB 10858 VOL IB.pdf,668,"Construction of Brgy. Nagpalanga FMR, Brgy. Nagpalanga, Binmaley, Pangasinan | 5,000,000","Construction of Brgy. Nagpalanga FMR, Brgy. Nagpalanga, Binmaley, Pangasinan | 5,000,000",[],[],candidate; verify PAP/project level and amount against PDF
Department of Agriculture,Farm-to-Market Roads,"","","Construction of Brgy. Banuar FMR, Brgy. Banuar, Cabarroguis, Quirino",5000000,2 - HB 10858 VOL IB.pdf,680,"Construction of Brgy. Banuar FMR, Brgy. Banuar, Cabarroguis, Quirino | 5,000,000","Construction of Brgy. Banuar FMR, Brgy. Banuar, Cabarroguis, Quirino | 5,000,000",[],[],candidate; verify PAP/project level and amount against PDF
Department of Agriculture,Farm-to-Market Roads,"","","Construction of Brgy. Macarang FMR, Brgy. Macarang, Mangatarem, Pangasinan",5000000,2 - HB 10858 VOL IB.pdf,668,"Construction of Brgy. Macarang FMR, Brgy. Macarang, Mangatarem, Pangasinan | 5,000,000","Construction of Brgy. Macarang FMR, Brgy. Macarang, Mangatarem, Pangasinan | 5,000,000",[],[],candidate; verify PAP/project level and amount against PDF
Department of Agriculture,Farm-to-Market Roads,"","","Construction of Brgy. Villa Cardenas - Brgy. Balagbag FMR, Saguday & Diffun FMR, Quirino",5000000,2 - HB 10858 VOL IB.pdf,680,"Construction of Brgy. Villa Cardenas - Brgy. Balagbag FMR, Saguday & Diffun FMR, Quirino | 5,000,000","Construction of Brgy. Villa Cardenas - Brgy. Balagbag FMR, Saguday & Diffun FMR, Quirino | 5,000,000",[],[],candidate; verify PAP/project level and amount against PDF
Department of Agriculture,Farm-to-Market Roads,"","","Concreting of Brgy. Osmeña - Brgy. Bangon FMR, Palapag, Northern Samar",5000000,2 - HB 10858 VOL IB.pdf,716,"Concreting of Brgy. Osmeña - Brgy. Bangon FMR, Palapag, Northern Samar | 5,000,000","Concreting of Brgy. Osmeña - Brgy. Bangon FMR, Palapag, Northern Samar | 5,000,000",[],[],candidate; verify PAP/project level and amount against PDF
Department of Health,Health Facilities Enhancement Program,"","",Sumisip District Hospital,4700000,2 - HB 10858 VOL IB.pdf,888,"Sumisip District Hospital | Total: 4,700,000","Lamitan District Hospital - Lamitan City | 4,000,000 | Sumisip District Hospital | 4,700,000",[],"['verify facility row, hierarchy, and printed Total column against the HFEP schedule']",candidate; verify against PDF
Department of Health,Health Facilities Enhancement Program,"","",Araceli Dumaran District Hospital,4500000,2 - HB 10858 VOL IB.pdf,884,"Araceli Dumaran District Hospital | Total: 4,500,000","Aborlan Medicare Hospital | 25,000,000 | Araceli Dumaran District Hospital | 4,500,000 | Coron District Hospital | 30,000,000 | 20,000,000 | 50,000,000",[],"['verify facility row, hierarchy, and printed Total column against the HFEP schedule']",candidate; verify against PDF
Department of Health,Health Facilities Enhancement Program,"","",El Nido Community Hospital,4500000,2 - HB 10858 VOL IB.pdf,884,"El Nido Community Hospital | Total: 4,500,000","Coron District Hospital | 30,000,000 | 20,000,000 | 50,000,000 | El Nido Community Hospital | 4,500,000",[],"['verify facility row, hierarchy, and printed Total column against the HFEP schedule']",candidate; verify against PDF
Department of Health,Health Facilities Enhancement Program,"","",Sibuto District Hospital,4500000,2 - HB 10858 VOL IB.pdf,888,"Sibuto District Hospital | Total: 4,500,000","Iranon Provincial Hospital | 20,000,000 | 6,500,000 | 26,500,000 | Sibuto District Hospital | 4,500,000",[],"['verify facility row, hierarchy, and printed Total column against the HFEP schedule']",candidate; verify against PDF
Department of Health,Health Facilities Enhancement Program,"","",Carigara District Hospital,4000000,2 - HB 10858 VOL IB.pdf,886,"Carigara District Hospital | Total: 4,000,000","Barugo Municipal Hospital | 2,300,000 | Carigara District Hospital | 4,000,000 | Leyte Provincial Hospital | 20,000,000",[],"['verify facility row, hierarchy, and printed Total column against the HFEP schedule']",candidate; verify against PDF
Department of Health,Health Facilities Enhancement Program,"","",Loreto District Hospital,4000000,2 - HB 10858 VOL IB.pdf,886,"Loreto District Hospital | Total: 4,000,000","138,750,000 | 156,750,000 | 295,500,000 | Dinagat Islands | 4,000,000 | Loreto District Hospital | 1,750,000",[],"['verify facility row, hierarchy, and printed Total column against the HFEP schedule']",candidate; verify against PDF
Department of Health,Health Facilities Enhancement Program,"","","DOH DATRC - Bauko, Mountain Province",4000000,2 - HB 10858 VOL IB.pdf,890,"DOH DATRC - Bauko, Mountain Province | Total: 4,000,000","4,000,000 | Mountain Province | DOH DATRC - Bauko, Mountain Province",[],"['verify facility row, hierarchy, and printed Total column against the HFEP schedule']",candidate; verify against PDF
Department of Health,Health Facilities Enhancement Program,"","",Northwestern Leyte District Hospital,4000000,2 - HB 10858 VOL IB.pdf,886,"Northwestern Leyte District Hospital | Total: 4,000,000","Matalom Community Hospital | 450,000 | Northwestern Leyte District Hospital | 4,000,000 | Ormoc City Hospital | 1,300,000",[],"['verify facility row, hierarchy, and printed Total column against the HFEP schedule']",candidate; verify against PDF
Department of Health,Health Facilities Enhancement Program,"","","Municipality of Tumauini, Antagan 1st Barangay Health Station",4000000,2 - HB 10858 VOL IB.pdf,876,"Municipality of Tumauini, Antagan 1st Barangay Health Station | Total: 4,000,000","Isabela | 4,000,000 | Municipality of Tumauini, Antagan 1st Barangay Health Station 4,000,000",[],"['verify facility row, hierarchy, and printed Total column against the HFEP schedule']",candidate; verify against PDF
Department of Health,Health Facilities Enhancement Program,"","",Lamitan District Hospital - Lamitan City,4000000,2 - HB 10858 VOL IB.pdf,888,"Lamitan District Hospital - Lamitan City | Total: 4,000,000","Basilan | 8,700,000 | Lamitan District Hospital - Lamitan City | 4,000,000 | Sumisip District Hospital | 4,700,000",[],"['verify facility row, hierarchy, and printed Total column against the HFEP schedule']",candidate; verify against PDF
Department of Health,Health Facilities Enhancement Program,"","",Bindoy Rural Health Unit,4000000,2 - HB 10858 VOL IB.pdf,880,"Bindoy Rural Health Unit | Total: 4,000,000","Amlan Rural Health Unit | 8,800,000 | Bindoy Rural Health Unit | 4,000,000",[],"['verify facility row, hierarchy, and printed Total column against the HFEP schedule']",candidate; verify against PDF
Department of Health,Health Facilities Enhancement Program,"","",Languyan District Hospital,4000000,2 - HB 10858 VOL IB.pdf,888,"Languyan District Hospital | Total: 4,000,000","Datu Halun Sakilan Memorial Hospital - Boggao | 5,500,000 | Languyan District Hospital | 4,000,000",[],"['verify facility row, hierarchy, and printed Total column against the HFEP schedule']",candidate; verify against PDF
Department of Health,Health Facilities Enhancement Program,"","",Cagniyog Super Health Center,3750000,2 - HB 10858 VOL IB.pdf,882,"Cagniyog Super Health Center | Total: 3,750,000","Cabawa Birthing Facility | 120,000 | Cagniyog Super Health Center | 1,750,000 | 2,000,000 | 3,750,000 | General Luna Super Health Center | 2,900,000",[],"['verify facility row, hierarchy, and printed Total column against the HFEP schedule']",candidate; verify against PDF
Department of Health,Health Facilities Enhancement Program,"","",Pacita Calizo-Cortes Health Center,3500000,2 - HB 10858 VOL IB.pdf,880,"Pacita Calizo-Cortes Health Center | Total: 3,500,000","Aklan | 3,500,000 | Pacita Calizo-Cortes Health Center",[],"['verify facility row, hierarchy, and printed Total column against the HFEP schedule']",candidate; verify against PDF
Department of Health,Health Facilities Enhancement Program,"","","Municipality of Bakun, Poblacion Barangay Health Station",3500000,2 - HB 10858 VOL IB.pdf,876,"Municipality of Bakun, Poblacion Barangay Health Station | Total: 3,500,000","Benguet | 3,500,000 | Municipality of Bakun, Poblacion Barangay Health Station",[],"['verify facility row, hierarchy, and printed Total column against the HFEP schedule']",candidate; verify against PDF
Department of Agriculture,Farm-to-Market Roads,"","","Construction of Brgy. Talusan FMR, Brgy. Talusan, Dumangas, Iloilo",3500000,2 - HB 10858 VOL IB.pdf,708,"Construction of Brgy. Talusan FMR, Brgy. Talusan, Dumangas, Iloilo | 3,500,000","Construction of Brgy. Talusan FMR, Brgy. Talusan, Dumangas, Iloilo | 3,500,000",[],[],candidate; verify PAP/project level and amount against PDF
Department of Health,Health Facilities Enhancement Program,"","",Tapul Rural Health Unit,3440000,2 - HB 10858 VOL IB.pdf,880,"Tapul Rural Health Unit | Total: 3,440,000","10,200,000 | 11,080,000 | 21,280,000 | Parang Rural Health Unit | 2,400,000 | 2,700,000 | 540,000 | 3,240,000 | Tapul Rural Health Unit | 2,900,000 | 3,440,000 | 10,000,000",[],"['verify facility row, hierarchy, and printed Total column against the HFEP schedule']",candidate; verify against PDF
Department of Health,Health Facilities Enhancement Program,"","",Zarraga Super Health Center,3240000,2 - HB 10858 VOL IB.pdf,880,"Zarraga Super Health Center | Total: 3,240,000","San Dionisio Primary Care Facility | 2,700,000 | Zarraga Super Health Center | 540,000 | 3,240,000",[],"['verify facility row, hierarchy, and printed Total column against the HFEP schedule']",candidate; verify against PDF
Department of Health,Health Facilities Enhancement Program,"","","Poblacion Barangay Health Center, Sugbongcogon",3240000,2 - HB 10858 VOL IB.pdf,876,"Poblacion Barangay Health Center, Sugbongcogon | Total: 3,240,000","Misamis Oriental | 3,000,000 | 240,000 | 3,240,000 | Poblacion Barangay Health Center, Sugbongcogon",[],"['verify facility row, hierarchy, and printed Total column against the HFEP schedule']",candidate; verify against PDF
Department of Health,Health Facilities Enhancement Program,"","","Batad, Iloilo Super Health Center",3240000,2 - HB 10858 VOL IB.pdf,880,"Batad, Iloilo Super Health Center | Total: 3,240,000","Iloilo | 10,200,000 | 11,080,000 | 21,280,000 | Batad, Iloilo Super Health Center | 2,700,000 | 540,000 | 3,240,000 | Miagao Super Health Center | 10,000,000",[],"['verify facility row, hierarchy, and printed Total column against the HFEP schedule']",candidate; verify against PDF
Department of Health,Health Facilities Enhancement Program,"","","Laurel, Batangas Super Health Center",3240000,2 - HB 10858 VOL IB.pdf,880,"Laurel, Batangas Super Health Center | Total: 3,240,000","Batangas | 2,700,000 | 540,000 | 3,240,000 | Laurel, Batangas Super Health Center",[],"['verify facility row, hierarchy, and printed Total column against the HFEP schedule']",candidate; verify against PDF
Department of Health,Health Facilities Enhancement Program,"","","Coron, Palawan Super Health Center",3240000,2 - HB 10858 VOL IB.pdf,880,"Coron, Palawan Super Health Center | Total: 3,240,000","Palawan | 2,700,000 | 540,000 | 3,240,000 | Coron, Palawan Super Health Center",[],"['verify facility row, hierarchy, and printed Total column against the HFEP schedule']",candidate; verify against PDF
Department of Health,Health Facilities Enhancement Program,"","",Palapag Super Health Center,3240000,2 - HB 10858 VOL IB.pdf,880,"Palapag Super Health Center | Total: 3,240,000","1,000,000 | Capul Super Health Center | 2,500,000 | Palapag Super Health Center | 2,700,000 | 540,000 | 3,240,000 | 13,700,000 | 25,580,000 | 39,280,000 | San Roque Super Health Center | 220,000",[],"['verify facility row, hierarchy, and printed Total column against the HFEP schedule']",candidate; verify against PDF
Department of Health,Health Facilities Enhancement Program,"","","Malilipon, Albay Super Health Center",3240000,2 - HB 10858 VOL IB.pdf,880,"Malilipon, Albay Super Health Center | Total: 3,240,000","Albay | 2,700,000 | 540,000 | 3,240,000 | Malilipon, Albay Super Health Center",[],"['verify facility row, hierarchy, and printed Total column against the HFEP schedule']",candidate; verify against PDF
Department of Health,Health Facilities Enhancement Program,"","",Oras District Hospital,3200000,2 - HB 10858 VOL IB.pdf,886,"Oras District Hospital | Total: 3,200,000","Felipe Abrigo Memorial Hospital | 6,000,000 | Oras District Hospital | 3,200,000 | Taft District Hospital | 3,000,000",[],"['verify facility row, hierarchy, and printed Total column against the HFEP schedule']",candidate; verify against PDF
Department of Health,Health Facilities Enhancement Program,"","",Ronda Rural Health Unit,3160000,2 - HB 10858 VOL IB.pdf,880,"Ronda Rural Health Unit | Total: 3,160,000","Cordova Primary Care Facility | 2,900,000 | 2,700,000 | 540,000 | 3,240,000 | Ronda Rural Health Unit | 3,160,000 | Tudela Rural Health Unit | 160,000",[],"['verify facility row, hierarchy, and printed Total column against the HFEP schedule']",candidate; verify against PDF
Department of Health,Health Facilities Enhancement Program,"","",Claver Infirmary,3000000,2 - HB 10858 VOL IB.pdf,886,"Claver Infirmary | Total: 3,000,000","1,750,000 | Surigao del Norte | 6,710,000 | Claver Infirmary | 3,000,000 | 10,000,000 | Del Carmen District Hospital | 650,000",[],"['verify facility row, hierarchy, and printed Total column against the HFEP schedule']",candidate; verify against PDF
Department of Health,Health Facilities Enhancement Program,"","",San Miguel Community Hospital,3000000,2 - HB 10858 VOL IB.pdf,888,"San Miguel Community Hospital | Total: 3,000,000","Marihatag District Hospital | 1,000,000 | San Miguel Community Hospital | 3,000,000",[],"['verify facility row, hierarchy, and printed Total column against the HFEP schedule']",candidate; verify against PDF
Department of Health,Health Facilities Enhancement Program,"","",Taft District Hospital,3000000,2 - HB 10858 VOL IB.pdf,886,"Taft District Hospital | Total: 3,000,000","Oras District Hospital | 3,200,000 | Taft District Hospital | 3,000,000",[],"['verify facility row, hierarchy, and printed Total column against the HFEP schedule']",candidate; verify against PDF
Department of Health,Health Facilities Enhancement Program,"","",Hinoba-an Rural Health Unit,2900000,2 - HB 10858 VOL IB.pdf,880,"Hinoba-an Rural Health Unit | Total: 2,900,000","Condoni Rural Health Unit | 2,900,000 | Hinoba-an Rural Health Unit | Ilog Rural Health Unit | 5,800,000",[],"['verify facility row, hierarchy, and printed Total column against the HFEP schedule']",candidate; verify against PDF
Department of Health,Health Facilities Enhancement Program,"","",Malita Womens and Child Hospital - Malita,2900000,2 - HB 10858 VOL IB.pdf,886,"Malita Womens and Child Hospital - Malita | Total: 2,900,000","Davao Occidental | 2,900,000 | 50,000,000 | 74,900,000 | 124,900,000 | Malita Womens and Child Hospital - Malita | 16,835,000",[],"['verify facility row, hierarchy, and printed Total column against the HFEP schedule']",candidate; verify against PDF
Department of Health,Health Facilities Enhancement Program,"","",Roxas City Super Health Center,2900000,2 - HB 10858 VOL IB.pdf,880,"Roxas City Super Health Center | Total: 2,900,000","President Roxas Primary Care Facility | 2,900,000 | Roxas City Super Health Center | Sigma Super Health Center",[],"['verify facility row, hierarchy, and printed Total column against the HFEP schedule']",candidate; verify against PDF
Department of Health,Health Facilities Enhancement Program,"","",Catbalogan City Health Office,2900000,2 - HB 10858 VOL IB.pdf,880,"Catbalogan City Health Office | Total: 2,900,000","3,500,000 | Samar | 3,300,000 | Catbalogan City Health Office | 2,900,000 | Pagsanghan Rural Health Unit | 400,000",[],"['verify facility row, hierarchy, and printed Total column against the HFEP schedule']",candidate; verify against PDF
Department of Health,Health Facilities Enhancement Program,"","",Pulupandan Rural Health Unit,2900000,2 - HB 10858 VOL IB.pdf,880,"Pulupandan Rural Health Unit | Total: 2,900,000","La Carlota City Super Health Center | 3,500,000 | 5,800,000 | 9,300,000 | Pulupandan Rural Health Unit | 2,900,000 | Sipalay Rural Health Unit",[],"['verify facility row, hierarchy, and printed Total column against the HFEP schedule']",candidate; verify against PDF
Department of Health,Health Facilities Enhancement Program,"","",Sipalay Rural Health Unit,2900000,2 - HB 10858 VOL IB.pdf,880,"Sipalay Rural Health Unit | Total: 2,900,000","Pulupandan Rural Health Unit | 2,900,000 | Sipalay Rural Health Unit | Talisay City Rural Health Unit | 17,500,000",[],"['verify facility row, hierarchy, and printed Total column against the HFEP schedule']",candidate; verify against PDF
Department of Health,Health Facilities Enhancement Program,"","",Davao del Norte Hospital - Kapalong,2900000,2 - HB 10858 VOL IB.pdf,886,"Davao del Norte Hospital - Kapalong | Total: 2,900,000","3,000,000 | Davao del Norte | 25,800,000 | 50,000,000 | 75,800,000 | Davao del Norte Hospital - Kapalong | 2,900,000 | 33,750,000 | Davao del Norte Hospital- Carmen Zone | 30,000,000",[],"['verify facility row, hierarchy, and printed Total column against the HFEP schedule']",candidate; verify against PDF
Department of Health,Health Facilities Enhancement Program,"","",Condoni Rural Health Unit,2900000,2 - HB 10858 VOL IB.pdf,880,"Condoni Rural Health Unit | Total: 2,900,000","Cauayan Rural Health Unit | 2,900,000 | Condoni Rural Health Unit | Hinoba-an Rural Health Unit",[],"['verify facility row, hierarchy, and printed Total column against the HFEP schedule']",candidate; verify against PDF
Department of Health,Health Facilities Enhancement Program,"","",Davao Prison and Penal Farm Hospital,2900000,2 - HB 10858 VOL IB.pdf,886,"Davao Prison and Penal Farm Hospital | Total: 2,900,000","2,300,000 | Davao del Norte Hospital- Kapalong Zone | 20,000,000 | 40,000,000 | 4,000,000 | Davao Prison and Penal Farm Hospital | 2,900,000",[],"['verify facility row, hierarchy, and printed Total column against the HFEP schedule']",candidate; verify against PDF
Department of Health,Health Facilities Enhancement Program,"","",General Luna Super Health Center,2900000,2 - HB 10858 VOL IB.pdf,882,"General Luna Super Health Center | Total: 2,900,000","Cagniyog Super Health Center | 1,750,000 | 2,000,000 | 3,750,000 | General Luna Super Health Center | 2,900,000 | Luna Super Health Center - Surigao City",[],"['verify facility row, hierarchy, and printed Total column against the HFEP schedule']",candidate; verify against PDF
Department of Health,Health Facilities Enhancement Program,"","",Sigma Super Health Center,2900000,2 - HB 10858 VOL IB.pdf,880,"Sigma Super Health Center | Total: 2,900,000","Roxas City Super Health Center | 2,900,000 | Sigma Super Health Center",[],"['verify facility row, hierarchy, and printed Total column against the HFEP schedule']",candidate; verify against PDF
Department of Health,Health Facilities Enhancement Program,"","",Guihulngan Rural Health Unit,2900000,2 - HB 10858 VOL IB.pdf,880,"Guihulngan Rural Health Unit | Total: 2,900,000","920,000 | Dumaguete Rural Health Unit III | 600,000 | 1,000,000 | Guihulngan Rural Health Unit | 2,900,000 | Mabinay Rural Health Unit | 8,800,000",[],"['verify facility row, hierarchy, and printed Total column against the HFEP schedule']",candidate; verify against PDF
Department of Health,Health Facilities Enhancement Program,"","",Luna Super Health Center - Surigao City,2900000,2 - HB 10858 VOL IB.pdf,882,"Luna Super Health Center - Surigao City | Total: 2,900,000","General Luna Super Health Center | 2,900,000 | Luna Super Health Center - Surigao City",[],"['verify facility row, hierarchy, and printed Total column against the HFEP schedule']",candidate; verify against PDF
Department of Health,Health Facilities Enhancement Program,"","",Pontevedra Primary Care Facility,2900000,2 - HB 10858 VOL IB.pdf,880,"Pontevedra Primary Care Facility | Total: 2,900,000","Panitan Super Health Center | 2,900,000 | Pontevedra Primary Care Facility | President Roxas Primary Care Facility",[],"['verify facility row, hierarchy, and printed Total column against the HFEP schedule']",candidate; verify against PDF
Department of Health,Health Facilities Enhancement Program,"","",Tanjay City Rural Health Unit,2900000,2 - HB 10858 VOL IB.pdf,880,"Tanjay City Rural Health Unit | Total: 2,900,000","920,000 | Mabinay Rural Health Unit | 8,800,000 | Tanjay City Rural Health Unit | 2,900,000 | Vallehermoso Rural Health Unit",[],"['verify facility row, hierarchy, and printed Total column against the HFEP schedule']",candidate; verify against PDF
Department of Health,Health Facilities Enhancement Program,"","",President Roxas Primary Care Facility,2900000,2 - HB 10858 VOL IB.pdf,880,"President Roxas Primary Care Facility | Total: 2,900,000","Pontevedra Primary Care Facility | 2,900,000 | President Roxas Primary Care Facility | Roxas City Super Health Center",[],"['verify facility row, hierarchy, and printed Total column against the HFEP schedule']",candidate; verify against PDF
Department of Health,Health Facilities Enhancement Program,"","",Panitan Super Health Center,2900000,2 - HB 10858 VOL IB.pdf,880,"Panitan Super Health Center | Total: 2,900,000","Capiz | 14,500,000 | Panitan Super Health Center | 2,900,000 | Pontevedra Primary Care Facility",[],"['verify facility row, hierarchy, and printed Total column against the HFEP schedule']",candidate; verify against PDF
Department of Health,Health Facilities Enhancement Program,"","",Vallehermoso Rural Health Unit,2900000,2 - HB 10858 VOL IB.pdf,880,"Vallehermoso Rural Health Unit | Total: 2,900,000","920,000 | Tanjay City Rural Health Unit | 2,900,000 | Vallehermoso Rural Health Unit",[],"['verify facility row, hierarchy, and printed Total column against the HFEP schedule']",candidate; verify against PDF
Department of Health,Health Facilities Enhancement Program,"","",Cauayan Rural Health Unit,2900000,2 - HB 10858 VOL IB.pdf,880,"Cauayan Rural Health Unit | Total: 2,900,000","Bago City Rural Health Unit | 5,800,000 | Cauayan Rural Health Unit | 2,900,000 | Condoni Rural Health Unit",[],"['verify facility row, hierarchy, and printed Total column against the HFEP schedule']",candidate; verify against PDF
Department of Health,Health Facilities Enhancement Program,"","",Maripipi Rural Health Unit,2900000,2 - HB 10858 VOL IB.pdf,880,"Maripipi Rural Health Unit | Total: 2,900,000","2,700,000 | 540,000 | 3,240,000 | Biliran | 2,900,000 | Maripipi Rural Health Unit",[],"['verify facility row, hierarchy, and printed Total column against the HFEP schedule']",candidate; verify against PDF
Department of Health,Health Facilities Enhancement Program,"","",Tago Rural Health Unit,2900000,2 - HB 10858 VOL IB.pdf,882,"Tago Rural Health Unit | Total: 2,900,000","Lianga Rural Health Unit | 140,000 | Tago Rural Health Unit | 2,900,000 | Tandag Super Health Center",[],"['verify facility row, hierarchy, and printed Total column against the HFEP schedule']",candidate; verify against PDF
Department of Health,Health Facilities Enhancement Program,"","",Cordova Primary Care Facility,2900000,2 - HB 10858 VOL IB.pdf,880,"Cordova Primary Care Facility | Total: 2,900,000","10,000,000 | Borbon Rural Health Unit II | 2,200,000 | Cordova Primary Care Facility | 2,900,000 | 2,700,000 | 540,000 | 3,240,000 | Ronda Rural Health Unit | 3,160,000",[],"['verify facility row, hierarchy, and printed Total column against the HFEP schedule']",candidate; verify against PDF
Department of Health,Health Facilities Enhancement Program,"","",Tandag Super Health Center,2900000,2 - HB 10858 VOL IB.pdf,882,"Tandag Super Health Center | Total: 2,900,000","Tago Rural Health Unit | 2,900,000 | Tandag Super Health Center",[],"['verify facility row, hierarchy, and printed Total column against the HFEP schedule']",candidate; verify against PDF
Department of Health,Health Facilities Enhancement Program,"","",Ormoc City Health Office,2900000,2 - HB 10858 VOL IB.pdf,880,"Ormoc City Health Office | Total: 2,900,000","3,700,000 | 540,000 | 4,240,000 | Leyte Super Health Center | 2,500,000 | Ormoc City Health Office | 2,900,000 | 2,700,000 | 3,240,000",[],"['verify facility row, hierarchy, and printed Total column against the HFEP schedule']",candidate; verify against PDF
Department of Health,Health Facilities Enhancement Program,"","",Obando Super Health Center,2900000,2 - HB 10858 VOL IB.pdf,880,"Obando Super Health Center | Total: 2,900,000","Bulacan | 2,900,000 | Obando Super Health Center",[],"['verify facility row, hierarchy, and printed Total column against the HFEP schedule']",candidate; verify against PDF
Department of Health,Health Facilities Enhancement Program,"","",Albino Duran Memorial Hospital,2800000,2 - HB 10858 VOL IB.pdf,886,"Albino Duran Memorial Hospital | Total: 2,800,000","Eastern Samar | 65,000,000 | Albino Duran Memorial Hospital | 2,800,000 | Eastern Samar Provincial Hospital | 50,000,000",[],"['verify facility row, hierarchy, and printed Total column against the HFEP schedule']",candidate; verify against PDF
Department of Health,Health Facilities Enhancement Program,"","",San Dionisio Primary Care Facility,2700000,2 - HB 10858 VOL IB.pdf,880,"San Dionisio Primary Care Facility | Total: 2,700,000","Mina Primary Care Facility | 2,100,000 | San Dionisio Primary Care Facility | 2,700,000 | Zarraga Super Health Center | 540,000 | 3,240,000",[],"['verify facility row, hierarchy, and printed Total column against the HFEP schedule']",candidate; verify against PDF
Department of Health,Health Facilities Enhancement Program,"","","Tabuk City, Kalinga Rural Health Unit",2700000,2 - HB 10858 VOL IB.pdf,878,"Tabuk City, Kalinga Rural Health Unit | Total: 2,700,000","1,000,000 | Tabuk City Health Office | 920,000 | Tabuk City, Kalinga Rural Health Unit | 2,700,000 | Tabuk Rural Health Unit I",[],"['verify facility row, hierarchy, and printed Total column against the HFEP schedule']",candidate; verify against PDF
Department of Health,Health Facilities Enhancement Program,"","","Municipality of Sagada, Nacangan Barangay Health Station",2700000,2 - HB 10858 VOL IB.pdf,876,"Municipality of Sagada, Nacangan Barangay Health Station | Total: 2,700,000","Sagada | 5,400,000 | Municipality of Sagada, Nacangan Barangay Health Station | 2,700,000 | Municipality of Sagada, Taccong Barangay Health Station",[],"['verify facility row, hierarchy, and printed Total column against the HFEP schedule']",candidate; verify against PDF
Department of Health,Health Facilities Enhancement Program,"","","Municipality of Sagada, Taccong Barangay Health Station",2700000,2 - HB 10858 VOL IB.pdf,876,"Municipality of Sagada, Taccong Barangay Health Station | Total: 2,700,000","Municipality of Sagada, Nacangan Barangay Health Station | 2,700,000 | Municipality of Sagada, Taccong Barangay Health Station",[],"['verify facility row, hierarchy, and printed Total column against the HFEP schedule']",candidate; verify against PDF
Department of Health,Health Facilities Enhancement Program,"","",Mawab Municipal Health Office,2500000,2 - HB 10858 VOL IB.pdf,882,"Mawab Municipal Health Office | Total: 2,500,000","Maragusan Rural Health Unit | 2,500,000 | Mawab Municipal Health Office | Monkayo Rural Health Unit",[],"['verify facility row, hierarchy, and printed Total column against the HFEP schedule']",candidate; verify against PDF
Department of Health,Health Facilities Enhancement Program,"","",Monkayo Rural Health Unit,2500000,2 - HB 10858 VOL IB.pdf,882,"Monkayo Rural Health Unit | Total: 2,500,000","Mawab Municipal Health Office | 2,500,000 | Monkayo Rural Health Unit | Montevista Rural Health Unit",[],"['verify facility row, hierarchy, and printed Total column against the HFEP schedule']",candidate; verify against PDF
Department of Health,Health Facilities Enhancement Program,"","",Western Kalinga District Hospital,2500000,2 - HB 10858 VOL IB.pdf,882,"Western Kalinga District Hospital | Total: 2,500,000","Tanudan Municipal Hospital | 6,900,000 | 2,400,000 | 9,300,000 | 1,470,000 | Western Kalinga District Hospital | 2,500,000",[],"['verify facility row, hierarchy, and printed Total column against the HFEP schedule']",candidate; verify against PDF
Department of Health,Health Facilities Enhancement Program,"","",Montevista Rural Health Unit,2500000,2 - HB 10858 VOL IB.pdf,882,"Montevista Rural Health Unit | Total: 2,500,000","Monkayo Rural Health Unit | 2,500,000 | Montevista Rural Health Unit | New Bataan Rural Heath Unit",[],"['verify facility row, hierarchy, and printed Total column against the HFEP schedule']",candidate; verify against PDF
Department of Health,Health Facilities Enhancement Program,"","",New Bataan Rural Heath Unit,2500000,2 - HB 10858 VOL IB.pdf,882,"New Bataan Rural Heath Unit | Total: 2,500,000","Montevista Rural Health Unit | 2,500,000 | New Bataan Rural Heath Unit | Pantukan Municipal Health Office",[],"['verify facility row, hierarchy, and printed Total column against the HFEP schedule']",candidate; verify against PDF
Department of Health,Health Facilities Enhancement Program,"","",Pantukan Municipal Health Office,2500000,2 - HB 10858 VOL IB.pdf,882,"Pantukan Municipal Health Office | Total: 2,500,000","New Bataan Rural Heath Unit | 2,500,000 | Pantukan Municipal Health Office",[],"['verify facility row, hierarchy, and printed Total column against the HFEP schedule']",candidate; verify against PDF
Department of Health,Health Facilities Enhancement Program,"","",Carmen Super Health Center,2500000,2 - HB 10858 VOL IB.pdf,882,"Carmen Super Health Center | Total: 2,500,000","Davao del Norte | 2,500,000 | Carmen Super Health Center",[],"['verify facility row, hierarchy, and printed Total column against the HFEP schedule']",candidate; verify against PDF
Department of Health,Health Facilities Enhancement Program,"","",Balasiao Super Health Center,2500000,2 - HB 10858 VOL IB.pdf,882,"Balasiao Super Health Center | Total: 2,500,000","Davao del Sur | 5,000,000 | Balasiao Super Health Center | 2,500,000 | Davao del Sur Super Health Center",[],"['verify facility row, hierarchy, and printed Total column against the HFEP schedule']",candidate; verify against PDF
Department of Health,Health Facilities Enhancement Program,"","",Leyte Super Health Center,2500000,2 - HB 10858 VOL IB.pdf,880,"Leyte Super Health Center | Total: 2,500,000","Jaro Super Health Center | 2,500,000 | 3,700,000 | 540,000 | 4,240,000 | Leyte Super Health Center | Ormoc City Health Office | 2,900,000 | 2,700,000 | 3,240,000",[],"['verify facility row, hierarchy, and printed Total column against the HFEP schedule']",candidate; verify against PDF
Department of Health,Health Facilities Enhancement Program,"","",Bobon Bagong Pilipinas Health Center,2500000,2 - HB 10858 VOL IB.pdf,880,"Bobon Bagong Pilipinas Health Center | Total: 2,500,000","Allen Rural Health Unit | 300,000 | 1,000,000 | Bobon Bagong Pilipinas Health Center | 2,500,000 | Capul Super Health Center",[],"['verify facility row, hierarchy, and printed Total column against the HFEP schedule']",candidate; verify against PDF
Department of Health,Health Facilities Enhancement Program,"","",Davao del Sur Super Health Center,2500000,2 - HB 10858 VOL IB.pdf,882,"Davao del Sur Super Health Center | Total: 2,500,000","Balasiao Super Health Center | 2,500,000 | Davao del Sur Super Health Center",[],"['verify facility row, hierarchy, and printed Total column against the HFEP schedule']",candidate; verify against PDF
Department of Health,Health Facilities Enhancement Program,"","",Jaro Super Health Center,2500000,2 - HB 10858 VOL IB.pdf,880,"Jaro Super Health Center | Total: 2,500,000","2,700,000 | 540,000 | 3,240,000 | Leyte | 5,000,000 | 2,900,000 | 7,900,000 | Jaro Super Health Center | 2,500,000 | 3,700,000 | 4,240,000 | Leyte Super Health Center",[],"['verify facility row, hierarchy, and printed Total column against the HFEP schedule']",candidate; verify against PDF
Department of Health,Health Facilities Enhancement Program,"","",Capul Super Health Center,2500000,2 - HB 10858 VOL IB.pdf,880,"Capul Super Health Center | Total: 2,500,000","1,000,000 | Bobon Bagong Pilipinas Health Center | 2,500,000 | Capul Super Health Center | Palapag Super Health Center | 2,700,000 | 540,000 | 3,240,000",[],"['verify facility row, hierarchy, and printed Total column against the HFEP schedule']",candidate; verify against PDF
Department of Health,Health Facilities Enhancement Program,"","",Mahayag Super Health Center,2500000,2 - HB 10858 VOL IB.pdf,880,"Mahayag Super Health Center | Total: 2,500,000","Zamboanga del Sur | 2,500,000 | 60,600,000 | 69,700,000 | 130,300,000 | Mahayag Super Health Center",[],"['verify facility row, hierarchy, and printed Total column against the HFEP schedule']",candidate; verify against PDF
Department of Health,Health Facilities Enhancement Program,"","",Gingoog Super Health Center,2500000,2 - HB 10858 VOL IB.pdf,880,"Gingoog Super Health Center | Total: 2,500,000","22,100,000 | 8,800,000 | 30,900,000 | Misamis Oriental | 2,500,000 | Gingoog Super Health Center | 4,000,000",[],"['verify facility row, hierarchy, and printed Total column against the HFEP schedule']",candidate; verify against PDF
Department of Health,Health Facilities Enhancement Program,"","",Sta. Rita Super Health Center,2500000,2 - HB 10858 VOL IB.pdf,880,"Sta. Rita Super Health Center | Total: 2,500,000","2,900,000 | Western Samar | 2,500,000 | Sta. Rita Super Health Center",[],"['verify facility row, hierarchy, and printed Total column against the HFEP schedule']",candidate; verify against PDF
Department of Health,Health Facilities Enhancement Program,"","",Compostela Rural Health Unit,2500000,2 - HB 10858 VOL IB.pdf,882,"Compostela Rural Health Unit | Total: 2,500,000","Davao de Oro | 17,500,000 | Compostela Rural Health Unit | 2,500,000 | Maragusan Rural Health Unit",[],"['verify facility row, hierarchy, and printed Total column against the HFEP schedule']",candidate; verify against PDF
Department of Health,Health Facilities Enhancement Program,"","",Dipolog City Health Office,2500000,2 - HB 10858 VOL IB.pdf,880,"Dipolog City Health Office | Total: 2,500,000","2,100,000 | Zamboanga del Norte | 2,500,000 | 2,700,000 | Dipolog City Health Office | 540,000 | 3,240,000",[],"['verify facility row, hierarchy, and printed Total column against the HFEP schedule']",candidate; verify against PDF
Department of Health,Health Facilities Enhancement Program,"","",Maragusan Rural Health Unit,2500000,2 - HB 10858 VOL IB.pdf,882,"Maragusan Rural Health Unit | Total: 2,500,000","Compostela Rural Health Unit | 2,500,000 | Maragusan Rural Health Unit | Mawab Municipal Health Office",[],"['verify facility row, hierarchy, and printed Total column against the HFEP schedule']",candidate; verify against PDF
Department of Health,Health Facilities Enhancement Program,"","",Torrijos Municipal Hospital,2500000,2 - HB 10858 VOL IB.pdf,884,"Torrijos Municipal Hospital | Total: 2,500,000","Marinduque Provincial Hospital | 9,000,000 | Torrijos Municipal Hospital | 2,500,000",[],"['verify facility row, hierarchy, and printed Total column against the HFEP schedule']",candidate; verify against PDF
Department of Health,Health Facilities Enhancement Program,"","",Parang Rural Health Unit,2400000,2 - HB 10858 VOL IB.pdf,880,"Parang Rural Health Unit | Total: 2,400,000","Sulu | 2,900,000 | 2,940,000 | 5,840,000 | 10,200,000 | 11,080,000 | 21,280,000 | Parang Rural Health Unit | 2,400,000 | 2,700,000 | 540,000 | 3,240,000 | Tapul Rural Health Unit | 3,440,000",[],"['verify facility row, hierarchy, and printed Total column against the HFEP schedule']",candidate; verify against PDF
Department of Health,Health Facilities Enhancement Program,"","",Lianga District Hospital,2300000,2 - HB 10858 VOL IB.pdf,888,"Lianga District Hospital | Total: 2,300,000","Cortes Municipal Hospital | 20,000,000 | Lianga District Hospital | 2,300,000 | Lingig Community Hospital | 5,000,000",[],"['verify facility row, hierarchy, and printed Total column against the HFEP schedule']",candidate; verify against PDF
Department of Health,Health Facilities Enhancement Program,"","",Barugo Municipal Hospital,2300000,2 - HB 10858 VOL IB.pdf,886,"Barugo Municipal Hospital | Total: 2,300,000","Leyte | 33,750,000 | Barugo Municipal Hospital | 2,300,000 | Carigara District Hospital | 4,000,000",[],"['verify facility row, hierarchy, and printed Total column against the HFEP schedule']",candidate; verify against PDF
Department of Health,Health Facilities Enhancement Program,"","",Borbon Rural Health Unit II,2200000,2 - HB 10858 VOL IB.pdf,880,"Borbon Rural Health Unit II | Total: 2,200,000","10,000,000 | Alegria Rural Health Unit | 8,000,000 | Borbon Rural Health Unit II | 2,200,000 | Cordova Primary Care Facility | 2,900,000",[],"['verify facility row, hierarchy, and printed Total column against the HFEP schedule']",candidate; verify against PDF
Department of Health,Health Facilities Enhancement Program,"","",Mina Primary Care Facility,2100000,2 - HB 10858 VOL IB.pdf,880,"Mina Primary Care Facility | Total: 2,100,000","Miagao Super Health Center | 10,000,000 | Mina Primary Care Facility | 2,100,000 | San Dionisio Primary Care Facility | 2,700,000",[],"['verify facility row, hierarchy, and printed Total column against the HFEP schedule']",candidate; verify against PDF
Department of Health,Health Facilities Enhancement Program,"","","Municipality of Tubo, Tiempo Barangay Health Station",2000000,2 - HB 10858 VOL IB.pdf,876,"Municipality of Tubo, Tiempo Barangay Health Station | Total: 2,000,000","Municipality of Malibcong, Pacgued Barangay Health Station | 135,000 | Municipality of Tubo, Tiempo Barangay Health Station | 2,000,000",[],"['verify facility row, hierarchy, and printed Total column against the HFEP schedule']",candidate; verify against PDF
Department of Health,Health Facilities Enhancement Program,"","",DOH DATRC - SOCCSKSARGEN,2000000,2 - HB 10858 VOL IB.pdf,890,"DOH DATRC - SOCCSKSARGEN | Total: 2,000,000","13,000,000 | 25,000,000 | 38,000,000 | Sarangani | 2,000,000 | DOH DATRC - SOCCSKSARGEN",[],"['verify facility row, hierarchy, and printed Total column against the HFEP schedule']",candidate; verify against PDF
Department of Health,Health Facilities Enhancement Program,"","",Philippine General Hospital,2000000,2 - HB 10858 VOL IB.pdf,892,"Philippine General Hospital | Total: 2,000,000","Metro Manila | 2,000,000 | 110,000 | Philippine General Hospital",[],"['verify facility row, hierarchy, and printed Total column against the HFEP schedule']",candidate; verify against PDF
Department of Health,Health Facilities Enhancement Program,"","",Tandu Barangay Health Station,2000000,2 - HB 10858 VOL IB.pdf,878,"Tandu Barangay Health Station | Total: 2,000,000","2,000,000 | 500,000 | Sulu | Tandu Barangay Health Station",[],"['verify facility row, hierarchy, and printed Total column against the HFEP schedule']",candidate; verify against PDF
Department of Health,Health Facilities Enhancement Program,"","",Kapatagan Provincial Hospital,1750000,2 - HB 10858 VOL IB.pdf,886,"Kapatagan Provincial Hospital | Total: 1,750,000","50,000,000 | 85,000,000 | 135,000,000 | Lanao del Norte | 1,750,000 | 3,500,000 | 35,000,000 | Kapatagan Provincial Hospital | 100,000,000 | Lanao del Norte Provincial Hospital - Baroy",[],"['verify facility row, hierarchy, and printed Total column against the HFEP schedule']",candidate; verify against PDF
Department of Health,Health Facilities Enhancement Program,"","",Lanao del Norte Provincial Hospital - Baroy,1750000,2 - HB 10858 VOL IB.pdf,886,"Lanao del Norte Provincial Hospital - Baroy | Total: 1,750,000","35,000,000 | Kapatagan Provincial Hospital | 1,750,000 | 50,000,000 | 100,000,000 | Lanao del Norte Provincial Hospital - Baroy",[],"['verify facility row, hierarchy, and printed Total column against the HFEP schedule']",candidate; verify against PDF
Department of Health,Health Facilities Enhancement Program,"","",Dona Marida D. Tan Memorial Hospital,1750000,2 - HB 10858 VOL IB.pdf,886,"Dona Marida D. Tan Memorial Hospital | Total: 1,750,000","ASENSO Misamis Occidental Medical Center | 120,000,000 | 15,003,000 | Dona Marida D. Tan Memorial Hospital | 1,750,000 | SM Lao Memorial City General Hospital",[],"['verify facility row, hierarchy, and printed Total column against the HFEP schedule']",candidate; verify against PDF
Department of Health,Health Facilities Enhancement Program,"","",SM Lao Memorial City General Hospital,1750000,2 - HB 10858 VOL IB.pdf,886,"SM Lao Memorial City General Hospital | Total: 1,750,000","15,003,000 | Dona Marida D. Tan Memorial Hospital | 1,750,000 | SM Lao Memorial City General Hospital",[],"['verify facility row, hierarchy, and printed Total column against the HFEP schedule']",candidate; verify against PDF
Department of Health,Health Facilities Enhancement Program,"","",El Salvador Infirmary,1750000,2 - HB 10858 VOL IB.pdf,886,"El Salvador Infirmary | Total: 1,750,000","50,000,000 | Misamis Oriental | 81,750,000 | 25,000,000 | 106,750,000 | El Salvador Infirmary | 1,750,000 | Misamis Oriental Provincial Hospital - Balingasag",[],"['verify facility row, hierarchy, and printed Total column against the HFEP schedule']",candidate; verify against PDF
Department of Health,Health Facilities Enhancement Program,"","",Bukidnon Provincial Hospital - Maramag,1750000,2 - HB 10858 VOL IB.pdf,886,"Bukidnon Provincial Hospital - Maramag | Total: 1,750,000","Bukidnon | 1,750,000 | Bukidnon Provincial Hospital - Maramag",[],"['verify facility row, hierarchy, and printed Total column against the HFEP schedule']",candidate; verify against PDF
Department of Health,Health Facilities Enhancement Program,"","",Dauis Super Health Center,1750000,2 - HB 10858 VOL IB.pdf,880,"Dauis Super Health Center | Total: 1,750,000","22,900,000 | Corella Rural Health Unit | 1,200,000 | Dauis Super Health Center | 1,750,000 | 2,900,000 | Tagbilaran City Super Mega Health Center | 35,000,000",[],"['verify facility row, hierarchy, and printed Total column against the HFEP schedule']",candidate; verify against PDF
Department of Health,Health Facilities Enhancement Program,"","",Guinsiliban BUCAS Center,1700000,2 - HB 10858 VOL IB.pdf,890,"Guinsiliban BUCAS Center | Total: 1,700,000","Camiguin | 3,400,000 | Guinsiliban BUCAS Center | 1,700,000 | Mahinog BUCAS Center",[],"['verify facility row, hierarchy, and printed Total column against the HFEP schedule']",candidate; verify against PDF
Department of Health,Health Facilities Enhancement Program,"","",Mahinog BUCAS Center,1700000,2 - HB 10858 VOL IB.pdf,890,"Mahinog BUCAS Center | Total: 1,700,000","Guinsiliban BUCAS Center | 1,700,000 | Mahinog BUCAS Center",[],"['verify facility row, hierarchy, and printed Total column against the HFEP schedule']",candidate; verify against PDF
Department of Health,Health Facilities Enhancement Program,"","",Tacloban City Hospital,1700000,2 - HB 10858 VOL IB.pdf,886,"Tacloban City Hospital | Total: 1,700,000","Ormoc City Hospital | 1,300,000 | Tacloban City Hospital | 1,700,000",[],"['verify facility row, hierarchy, and printed Total column against the HFEP schedule']",candidate; verify against PDF
Department of Health,Health Facilities Enhancement Program,"","",Tubigon Rural Health Unit II,1500000,2 - HB 10858 VOL IB.pdf,880,"Tubigon Rural Health Unit II | Total: 1,500,000","2,900,000 | Tagbilaran City Super Mega Health Center | 35,000,000 | Tubigon Rural Health Unit II | 1,500,000",[],"['verify facility row, hierarchy, and printed Total column against the HFEP schedule']",candidate; verify against PDF
Department of Health,Health Facilities Enhancement Program,"","","Burabod Barangay Health Station, Malinao",1500000,2 - HB 10858 VOL IB.pdf,878,"Burabod Barangay Health Station, Malinao | Total: 1,500,000","Albay | 1,500,000 | Burabod Barangay Health Station, Malinao",[],"['verify facility row, hierarchy, and printed Total column against the HFEP schedule']",candidate; verify against PDF
Department of Health,Health Facilities Enhancement Program,"","",Masiag Rural Health Unit Annex,1470000,2 - HB 10858 VOL IB.pdf,882,"Masiag Rural Health Unit Annex | Total: 1,470,000","Sultan Kudarat | 1,470,000 | Masiag Rural Health Unit Annex",[],"['verify facility row, hierarchy, and printed Total column against the HFEP schedule']",candidate; verify against PDF
Department of Health,Health Facilities Enhancement Program,"","",Siay Rural Health Unit,1400000,2 - HB 10858 VOL IB.pdf,880,"Siay Rural Health Unit | Total: 1,400,000","38,500,000 | 60,900,000 | 99,400,000 | Zamboanga Sibugay | 1,400,000 | 5,800,000 | Siay Rural Health Unit | 2,900,000",[],"['verify facility row, hierarchy, and printed Total column against the HFEP schedule']",candidate; verify against PDF
Department of Health,Health Facilities Enhancement Program,"","",Ormoc City Hospital,1300000,2 - HB 10858 VOL IB.pdf,886,"Ormoc City Hospital | Total: 1,300,000","Northwestern Leyte District Hospital | 4,000,000 | Ormoc City Hospital | 1,300,000 | Tacloban City Hospital | 1,700,000",[],"['verify facility row, hierarchy, and printed Total column against the HFEP schedule']",candidate; verify against PDF
Department of Health,Health Facilities Enhancement Program,"","",Corella Rural Health Unit,1200000,2 - HB 10858 VOL IB.pdf,880,"Corella Rural Health Unit | Total: 1,200,000","Bohol | 1,750,000 | 37,700,000 | 39,450,000 | 22,900,000 | Corella Rural Health Unit | 1,200,000 | Dauis Super Health Center | 2,900,000",[],"['verify facility row, hierarchy, and printed Total column against the HFEP schedule']",candidate; verify against PDF
Department of Health,Health Facilities Enhancement Program,"","","Municipality of Caibiran, Asug Barangay Health Station",1180000,2 - HB 10858 VOL IB.pdf,878,"Municipality of Caibiran, Asug Barangay Health Station | Total: 1,180,000","Biliran | 1,180,000 | Municipality of Caibiran, Asug Barangay Health Station",[],"['verify facility row, hierarchy, and printed Total column against the HFEP schedule']",candidate; verify against PDF
Department of Health,Health Facilities Enhancement Program,"","",Munai Super Health Center,1100000,2 - HB 10858 VOL IB.pdf,880,"Munai Super Health Center | Total: 1,100,000","5,800,000 | Lanao del Norte | 1,100,000 | 3,500,000 | 9,300,000 | Munai Super Health Center | 2,900,000",[],"['verify facility row, hierarchy, and printed Total column against the HFEP schedule']",candidate; verify against PDF
Department of Health,Health Facilities Enhancement Program,"","",San Pascual Birthing Facility II,1000000,2 - HB 10858 VOL IB.pdf,880,"San Pascual Birthing Facility II | Total: 1,000,000","Masbate | 1,000,000 | San Pascual Birthing Facility II",[],"['verify facility row, hierarchy, and printed Total column against the HFEP schedule']",candidate; verify against PDF
Department of Health,Health Facilities Enhancement Program,"","",Pinukpuk Rural Health Unit I,1000000,2 - HB 10858 VOL IB.pdf,878,"Pinukpuk Rural Health Unit I | Total: 1,000,000","590,000 | Pasil Rural Health Unit | 920,000 | Pinukpuk Rural Health Unit I | 1,000,000 | Pinukpuk Rural Health Unit II",[],"['verify facility row, hierarchy, and printed Total column against the HFEP schedule']",candidate; verify against PDF
Department of Health,Health Facilities Enhancement Program,"","",Plaridel BUCAS Center,1000000,2 - HB 10858 VOL IB.pdf,890,"Plaridel BUCAS Center | Total: 1,000,000","Misamis Occidental | 1,000,000 | Plaridel BUCAS Center",[],"['verify facility row, hierarchy, and printed Total column against the HFEP schedule']",candidate; verify against PDF
Department of Health,Health Facilities Enhancement Program,"","",Surigao del Norte Provincial Hospital,1000000,2 - HB 10858 VOL IB.pdf,888,"Surigao del Norte Provincial Hospital | Total: 1,000,000","Sta. Monica District Hospital | 500,000 | Surigao del Norte Provincial Hospital | 1,000,000",[],"['verify facility row, hierarchy, and printed Total column against the HFEP schedule']",candidate; verify against PDF
Department of Health,Health Facilities Enhancement Program,"","",Libertad Main Health Center,1000000,2 - HB 10858 VOL IB.pdf,882,"Libertad Main Health Center | Total: 1,000,000","City of Butuan | 1,000,000 | Libertad Main Health Center",[],"['verify facility row, hierarchy, and printed Total column against the HFEP schedule']",candidate; verify against PDF
Department of Health,Health Facilities Enhancement Program,"","",Dinagat Rural Health Unit,1000000,2 - HB 10858 VOL IB.pdf,882,"Dinagat Rural Health Unit | Total: 1,000,000","Dinagat Islands | 2,210,000 | Dinagat Rural Health Unit | 1,000,000 | Libjo Rural Health Unit | 210,000",[],"['verify facility row, hierarchy, and printed Total column against the HFEP schedule']",candidate; verify against PDF
Department of Health,Health Facilities Enhancement Program,"","",Marihatag District Hospital,1000000,2 - HB 10858 VOL IB.pdf,888,"Marihatag District Hospital | Total: 1,000,000","Lingig Community Hospital | 5,000,000 | Marihatag District Hospital | 1,000,000 | San Miguel Community Hospital | 3,000,000",[],"['verify facility row, hierarchy, and printed Total column against the HFEP schedule']",candidate; verify against PDF
Department of Health,Health Facilities Enhancement Program,"","",Loreto Municipal Health Office (Rural Health Unit),1000000,2 - HB 10858 VOL IB.pdf,882,"Loreto Municipal Health Office (Rural Health Unit) | Total: 1,000,000","Libjo Rural Health Unit | 210,000 | Loreto Municipal Health Office (Rural Health Unit) | 1,000,000",[],"['verify facility row, hierarchy, and printed Total column against the HFEP schedule']",candidate; verify against PDF
Department of Health,Health Facilities Enhancement Program,"","",Tabuk Rural Health Unit I,1000000,2 - HB 10858 VOL IB.pdf,878,"Tabuk Rural Health Unit I | Total: 1,000,000","1,000,000 | Tabuk City, Kalinga Rural Health Unit | 2,700,000 | Tabuk Rural Health Unit I",[],"['verify facility row, hierarchy, and printed Total column against the HFEP schedule']",candidate; verify against PDF
Department of Health,Health Facilities Enhancement Program,"","",Tabuk Rural Health Unit III,1000000,2 - HB 10858 VOL IB.pdf,880,"Tabuk Rural Health Unit III | Total: 1,000,000","Tabuk Rural Health Unit II | 920,000 | Tabuk Rural Health Unit III | 1,000,000 | Tabuk Rural Health Unit IV",[],"['verify facility row, hierarchy, and printed Total column against the HFEP schedule']",candidate; verify against PDF
Department of Health,Health Facilities Enhancement Program,"","","City of Catbalogan, Bagongon Barangay Health Station",1000000,2 - HB 10858 VOL IB.pdf,878,"City of Catbalogan, Bagongon Barangay Health Station | Total: 1,000,000","Western Samar | 1,000,000 | City of Catbalogan, Bagongon Barangay Health Station",[],"['verify facility row, hierarchy, and printed Total column against the HFEP schedule']",candidate; verify against PDF
Department of Health,Health Facilities Enhancement Program,"","",Pasil Rural Health Unit,920000,2 - HB 10858 VOL IB.pdf,878,"Pasil Rural Health Unit | Total: 920,000","1,180,000 | Kalinga | 2,700,000 | 10,360,000 | 13,060,000 | 590,000 | Pasil Rural Health Unit | 920,000 | Pinukpuk Rural Health Unit I | 1,000,000",[],"['verify facility row, hierarchy, and printed Total column against the HFEP schedule']",candidate; verify against PDF
Department of Health,Health Facilities Enhancement Program,"","",Tanudan Rural Health Unit,920000,2 - HB 10858 VOL IB.pdf,880,"Tanudan Rural Health Unit | Total: 920,000","Tabuk Rural Health Unit IV | 920,000 | Tanudan Rural Health Unit | Tinglayan Rural Health Unit",[],"['verify facility row, hierarchy, and printed Total column against the HFEP schedule']",candidate; verify against PDF
Department of Health,Health Facilities Enhancement Program,"","",Pinukpuk Rural Health Unit II,920000,2 - HB 10858 VOL IB.pdf,878,"Pinukpuk Rural Health Unit II | Total: 920,000","590,000 | Pinukpuk Rural Health Unit I | 1,000,000 | Pinukpuk Rural Health Unit II | 920,000 | Rizal Rural Health Unit",[],"['verify facility row, hierarchy, and printed Total column against the HFEP schedule']",candidate; verify against PDF
Department of Health,Health Facilities Enhancement Program,"","",Rizal Rural Health Unit,920000,2 - HB 10858 VOL IB.pdf,878,"Rizal Rural Health Unit | Total: 920,000","590,000 | Pinukpuk Rural Health Unit II | 920,000 | Rizal Rural Health Unit | 1,000,000 | Tabuk City Health Office",[],"['verify facility row, hierarchy, and printed Total column against the HFEP schedule']",candidate; verify against PDF
Department of Health,Health Facilities Enhancement Program,"","",Tinglayan Rural Health Unit,920000,2 - HB 10858 VOL IB.pdf,880,"Tinglayan Rural Health Unit | Total: 920,000","Tanudan Rural Health Unit | 920,000 | Tinglayan Rural Health Unit",[],"['verify facility row, hierarchy, and printed Total column against the HFEP schedule']",candidate; verify against PDF
Department of Health,Health Facilities Enhancement Program,"","",Tabuk City Health Office,920000,2 - HB 10858 VOL IB.pdf,878,"Tabuk City Health Office | Total: 920,000","Rizal Rural Health Unit | 920,000 | 1,000,000 | Tabuk City Health Office | Tabuk City, Kalinga Rural Health Unit | 2,700,000",[],"['verify facility row, hierarchy, and printed Total column against the HFEP schedule']",candidate; verify against PDF
Department of Health,Health Facilities Enhancement Program,"","",Tudela Rural Health Station,920000,2 - HB 10858 VOL IB.pdf,880,"Tudela Rural Health Station | Total: 920,000","17,500,000 | Plaridel Rural Health Unit | 650,000 | 35,000,000 | 11,500,000 | 46,500,000 | Tudela Rural Health Station | 920,000",[],"['verify facility row, hierarchy, and printed Total column against the HFEP schedule']",candidate; verify against PDF
Department of Health,Health Facilities Enhancement Program,"","",Tabuk Rural Health Unit II,920000,2 - HB 10858 VOL IB.pdf,880,"Tabuk Rural Health Unit II | Total: 920,000","NUMBER “1”  | Name of Projects and Facilities | Infrastructure | Motor Vehicle | Total | Equipment | Tabuk Rural Health Unit II | 920,000 | Tabuk Rural Health Unit III | 1,000,000",[],"['verify facility row, hierarchy, and printed Total column against the HFEP schedule']",candidate; verify against PDF
Department of Health,Health Facilities Enhancement Program,"","",Tabuk Rural Health Unit IV,920000,2 - HB 10858 VOL IB.pdf,880,"Tabuk Rural Health Unit IV | Total: 920,000","Tabuk Rural Health Unit III | 1,000,000 | Tabuk Rural Health Unit IV | 920,000 | Tanudan Rural Health Unit",[],"['verify facility row, hierarchy, and printed Total column against the HFEP schedule']",candidate; verify against PDF
Department of Health,Health Facilities Enhancement Program,"","",Manabo Rural Health Unit,920000,2 - HB 10858 VOL IB.pdf,878,"Manabo Rural Health Unit | Total: 920,000","1,500,000 | Abra | 920,000 | 400,000 | Manabo Rural Health Unit",[],"['verify facility row, hierarchy, and printed Total column against the HFEP schedule']",candidate; verify against PDF
Department of Agriculture,Farm-to-Market Roads,"","","Concreting of Purok 5 - Purok 2, Brgy. Tangle FMR, Brgy. Tangle, Mexico, Pampanga",900000,2 - HB 10858 VOL IB.pdf,686,"Concreting of Purok 5 - Purok 2, Brgy. Tangle FMR, Brgy. Tangle, Mexico, Pampanga | 900,000","Concreting of Purok 5 - Purok 2, Brgy. Tangle FMR, Brgy. Tangle, Mexico, Pampanga | 8, 700,000 | 24, | 900,000",[amount below ₱1M; verify the printed amount cell],[],candidate; verify PAP/project level and amount against PDF
Department of Agriculture,Farm-to-Market Roads,"","","Construction of Sto. Rosario FMR, Brgy. Sto. Rosario, Aliaga, Nueva Ecija",900000,2 - HB 10858 VOL IB.pdf,686,"Construction of Sto. Rosario FMR, Brgy. Sto. Rosario, Aliaga, Nueva Ecija | 900,000","Construction of Sto. Rosario FMR, Brgy. Sto. Rosario, Aliaga, Nueva Ecija | 15, | 000,000 | 18, | 900,000",[amount below ₱1M; verify the printed amount cell],[],candidate; verify PAP/project level and amount against PDF
Department of Agriculture,Farm-to-Market Roads,"","","Construction of Brgy. Manacsac FMR, Brgy. Manacsac, Guimba, Nueva Ecija",900000,2 - HB 10858 VOL IB.pdf,686,"Construction of Brgy. Manacsac FMR, Brgy. Manacsac, Guimba, Nueva Ecija | 900,000","Construction of Brgy. Manacsac FMR, Brgy. Manacsac, Guimba, Nueva Ecija | 28, | 900,000",[amount below ₱1M; verify the printed amount cell],[],candidate; verify PAP/project level and amount against PDF
Department of Agriculture,Farm-to-Market Roads,"","","Construction of Brgy. Naglabrahan FMR, Brgy. Naglabrahan, Guimba, Nueva Ecija",900000,2 - HB 10858 VOL IB.pdf,686,"Construction of Brgy. Naglabrahan FMR, Brgy. Naglabrahan, Guimba, Nueva Ecija | 900,000","Construction of Brgy. Naglabrahan FMR, Brgy. Naglabrahan, Guimba, Nueva Ecija | 13, | 900,000",[amount below ₱1M; verify the printed amount cell],[],candidate; verify PAP/project level and amount against PDF
Department of Agriculture,Farm-to-Market Roads,"","","Concreting of Hacienda, Brgy. Pandacaqui FMR, Brgy. Pandacaqui, Mexico, Pampanga",900000,2 - HB 10858 VOL IB.pdf,686,"Concreting of Hacienda, Brgy. Pandacaqui FMR, Brgy. Pandacaqui, Mexico, Pampanga | 900,000","Concreting of Hacienda, Brgy. Pandacaqui FMR, Brgy. Pandacaqui, Mexico, Pampanga | 65, | 000,000 | 24, | 900,000",[amount below ₱1M; verify the printed amount cell],[],candidate; verify PAP/project level and amount against PDF
Department of Agriculture,Farm-to-Market Roads,"","","Construction of Brgy. Magsaysay FMR, Brgy. Magsaysay, Aliaga, Nueva Ecija",800000,2 - HB 10858 VOL IB.pdf,686,"Construction of Brgy. Magsaysay FMR, Brgy. Magsaysay, Aliaga, Nueva Ecija | 800,000","Construction of Brgy. Magsaysay FMR, Brgy. Magsaysay, Aliaga, Nueva Ecija | 7, 500,000 | 13, | 800,000",[amount below ₱1M; verify the printed amount cell],[],candidate; verify PAP/project level and amount against PDF
Department of Agriculture,Farm-to-Market Roads,"","","Construction of Tabing Ilog FMR, Brgy. Tabing Ilog, Licab, Nueva Ecija",800000,2 - HB 10858 VOL IB.pdf,688,"Construction of Tabing Ilog FMR, Brgy. Tabing Ilog, Licab, Nueva Ecija | 800,000","35, | 550,000 | Construction of Tabing Ilog FMR, Brgy. Tabing Ilog, Licab, Nueva Ecija | 16, | 800,000",[amount below ₱1M; verify the printed amount cell],[],candidate; verify PAP/project level and amount against PDF
Department of Agriculture,Farm-to-Market Roads,"","","Construction of Brgy. Narvacan I FMR, Brgy. Narvacan I, Guimba, Nueva Ecija",757500,2 - HB 10858 VOL IB.pdf,684,"Construction of Brgy. Narvacan I FMR, Brgy. Narvacan I, Guimba, Nueva Ecija | 757,500","Construction of Brgy. Narvacan I FMR, Brgy. Narvacan I, Guimba, Nueva Ecija | 15, | 757,500",[amount below ₱1M; verify the printed amount cell],[],candidate; verify PAP/project level and amount against PDF
Department of Agriculture,Farm-to-Market Roads,"","","Construction of Brgy. Sta. Cruz FMR, Brgy. Sta. Cruz, Guimba, Nueva Ecija",750000,2 - HB 10858 VOL IB.pdf,684,"Construction of Brgy. Sta. Cruz FMR, Brgy. Sta. Cruz, Guimba, Nueva Ecija | 750,000","30, | 000,000 | Construction of Brgy. Sta. Cruz FMR, Brgy. Sta. Cruz, Guimba, Nueva Ecija | 24, | 750,000",[amount below ₱1M; verify the printed amount cell],[],candidate; verify PAP/project level and amount against PDF
Department of Agriculture,Farm-to-Market Roads,"","","Construction of Brgy. Sto. Rosario Young FMR, Brgy. Sto. Rosario Young, Zaragoza, Nueva Ecija",750000,2 - HB 10858 VOL IB.pdf,684,"Construction of Brgy. Sto. Rosario Young FMR, Brgy. Sto. Rosario Young, Zaragoza, Nueva Ecija | 750,000","NAME OR PROJECTS | NAME OF PROJECTSPESOS PESOS | PESOS | Construction of Brgy. Sto. Rosario Young FMR, Brgy. Sto. Rosario Young, | 35, | 000,000 | Zaragoza, Nueva Ecija | 13, | 750,000",[amount below ₱1M; verify the printed amount cell],[],candidate; verify PAP/project level and amount against PDF
Department of Agriculture,Farm-to-Market Roads,"","","Concreting of Brgy. Malasin FMR, Brgy. Malasin, Santo Domingo, Nueva Ecija",712500,2 - HB 10858 VOL IB.pdf,690,"Concreting of Brgy. Malasin FMR, Brgy. Malasin, Santo Domingo, Nueva Ecija | 712,500","Concreting of Brgy. Malasin FMR, Brgy. Malasin, Santo Domingo, Nueva Ecija | 17, | 712,500",[amount below ₱1M; verify the printed amount cell],[],candidate; verify PAP/project level and amount against PDF
Department of Health,Health Facilities Enhancement Program,"","",Del Carmen District Hospital,650000,2 - HB 10858 VOL IB.pdf,886,"Del Carmen District Hospital | Total: 650,000","Claver Infirmary | 3,000,000 | 10,000,000 | Del Carmen District Hospital | 650,000 | Gigaquit District Hospital | 550,000",[],"['verify facility row, hierarchy, and printed Total column against the HFEP schedule']",candidate; verify against PDF
Department of Health,Health Facilities Enhancement Program,"","",Plaridel Rural Health Unit,650000,2 - HB 10858 VOL IB.pdf,880,"Plaridel Rural Health Unit | Total: 650,000","2,900,000 | Misamis Occidental | 1,570,000 | 17,500,000 | Plaridel Rural Health Unit | 650,000 | 35,000,000 | 11,500,000 | 46,500,000 | Tudela Rural Health Station | 920,000",[],"['verify facility row, hierarchy, and printed Total column against the HFEP schedule']",candidate; verify against PDF
Department of Health,Health Facilities Enhancement Program,"","",Dumaguete Rural Health Unit III,600000,2 - HB 10858 VOL IB.pdf,880,"Dumaguete Rural Health Unit III | Total: 600,000","Infrastructure | Motor Vehicle | Total | Name of Projects and Facilities | Equipment | 920,000 | Dumaguete Rural Health Unit III | 600,000 | 1,000,000 | Guihulngan Rural Health Unit | 2,900,000",[],"['verify facility row, hierarchy, and printed Total column against the HFEP schedule']",candidate; verify against PDF
Department of Agriculture,Farm-to-Market Roads,"","","Construction of Brgy. Sta. Clara FMR, Brgy. Sta. Clara, Cuyapo, Nueva Ecija",600000,2 - HB 10858 VOL IB.pdf,688,"Construction of Brgy. Sta. Clara FMR, Brgy. Sta. Clara, Cuyapo, Nueva Ecija | 600,000","Construction of Brgy. Sta. Clara FMR, Brgy. Sta. Clara, Cuyapo, Nueva Ecija | 15, | 000,000 | 32, | 600,000",[amount below ₱1M; verify the printed amount cell],[],candidate; verify PAP/project level and amount against PDF
Department of Agriculture,Farm-to-Market Roads,"","","Concreting of Brgy. Pacac FMR, Brgy. Pacac, Guimba, Nueva Ecija",600000,2 - HB 10858 VOL IB.pdf,686,"Concreting of Brgy. Pacac FMR, Brgy. Pacac, Guimba, Nueva Ecija | 600,000","15, | 000,000 | Concreting of Brgy. Pacac FMR, Brgy. Pacac, Guimba, Nueva Ecija | 19, | 600,000",[amount below ₱1M; verify the printed amount cell],[],candidate; verify PAP/project level and amount against PDF
Department of Health,Health Facilities Enhancement Program,"","","Municipality of Balangkayan, Balogo Barangay Health Station",590000,2 - HB 10858 VOL IB.pdf,878,"Municipality of Balangkayan, Balogo Barangay Health Station | Total: 590,000","590,000 | Eastern Samar | Municipality of Balangkayan, Balogo Barangay Health Station",[],"['verify facility row, hierarchy, and printed Total column against the HFEP schedule']",candidate; verify against PDF
Department of Health,Health Facilities Enhancement Program,"","",Gigaquit District Hospital,550000,2 - HB 10858 VOL IB.pdf,886,"Gigaquit District Hospital | Total: 550,000","10,000,000 | Del Carmen District Hospital | 650,000 | Gigaquit District Hospital | 550,000 | Mainit District Hospital | 150,000",[],"['verify facility row, hierarchy, and printed Total column against the HFEP schedule']",candidate; verify against PDF
Department of Health,Health Facilities Enhancement Program,"","",Socorro District Hospital,550000,2 - HB 10858 VOL IB.pdf,886,"Socorro District Hospital | Total: 550,000","50,000,000 | Pilar District Hospital | 180,000 | Socorro District Hospital | 550,000",[],"['verify facility row, hierarchy, and printed Total column against the HFEP schedule']",candidate; verify against PDF
Department of Agriculture,Farm-to-Market Roads,"","","Concreting of Camino Dos, Brgy. Sto. Rosario FMR, Brgy. Sto. Rosario, Mexico, Pampanga",550000,2 - HB 10858 VOL IB.pdf,686,"Concreting of Camino Dos, Brgy. Sto. Rosario FMR, Brgy. Sto. Rosario, Mexico, Pampanga | 550,000","Concreting of Camino Dos, Brgy. Sto. Rosario FMR, Brgy. Sto. Rosario, Mexico, Pampanga | 30, | 000,000 | 10, | 550,000",[amount below ₱1M; verify the printed amount cell],[],candidate; verify PAP/project level and amount against PDF
Department of Agriculture,Farm-to-Market Roads,"","","Construction of Bacayao to Cavite FMR, Brgy. Bacayao to Brgy. Cavite, Guimba, Nueva Ecija",550000,2 - HB 10858 VOL IB.pdf,688,"Construction of Bacayao to Cavite FMR, Brgy. Bacayao to Brgy. Cavite, Guimba, Nueva Ecija | 550,000","Construction of Bacayao to Cavite FMR, Brgy. Bacayao to Brgy. Cavite, | Guimba, Nueva Ecija | 35, | 550,000",[amount below ₱1M; verify the printed amount cell],[],candidate; verify PAP/project level and amount against PDF
Department of Health,Health Facilities Enhancement Program,"","",Mambarao Barangay Health Station,500000,2 - HB 10858 VOL IB.pdf,878,"Mambarao Barangay Health Station | Total: 500,000","Maeling Barangay Health Station | 500,000 | Mambarao Barangay Health Station | Manacsac Barangay Health Station",[],"['verify facility row, hierarchy, and printed Total column against the HFEP schedule']",candidate; verify against PDF
Department of Health,Health Facilities Enhancement Program,"","",Bertese Barangay Health Station,500000,2 - HB 10858 VOL IB.pdf,878,"Bertese Barangay Health Station | Total: 500,000","Batitang Barangay Health Station | 500,000 | Bertese Barangay Health Station | Betes Barangay Health Station",[],"['verify facility row, hierarchy, and printed Total column against the HFEP schedule']",candidate; verify against PDF
Department of Health,Health Facilities Enhancement Program,"","",Pantoc Bulac Barangay Health Station,500000,2 - HB 10858 VOL IB.pdf,878,"Pantoc Bulac Barangay Health Station | Total: 500,000","Station | 500,000 | Pantoc Bulac Barangay Health Station | Pinagpanaan Barangay Health Station",[],"['verify facility row, hierarchy, and printed Total column against the HFEP schedule']",candidate; verify against PDF
Department of Health,Health Facilities Enhancement Program,"","",Bakal II Barangay Health Station,500000,2 - HB 10858 VOL IB.pdf,878,"Bakal II Barangay Health Station | Total: 500,000","NUMBER “1”  | Name of Projects and Facilities | Infrastructure | Motor Vehicle | Total | Equipment | Bakal II Barangay Health Station | 500,000 | Bakal III Barangay Health Station",[],"['verify facility row, hierarchy, and printed Total column against the HFEP schedule']",candidate; verify against PDF
Department of Health,Health Facilities Enhancement Program,"","",Medico Barangay Health Station,500000,2 - HB 10858 VOL IB.pdf,878,"Medico Barangay Health Station | Total: 500,000","Mayantoc Barangay Health Station | 500,000 | Medico Barangay Health Station | Minabuyoc Barangay Health Station",[],"['verify facility row, hierarchy, and printed Total column against the HFEP schedule']",candidate; verify against PDF
Department of Health,Health Facilities Enhancement Program,"","",Campos Barangay Health Station,500000,2 - HB 10858 VOL IB.pdf,878,"Campos Barangay Health Station | Total: 500,000","Calipahan Barangay Health Station | 500,000 | Campos Barangay Health Station | Casulucan Este Barangay Health Station",[],"['verify facility row, hierarchy, and printed Total column against the HFEP schedule']",candidate; verify against PDF
Department of Health,Health Facilities Enhancement Program,"","",Sto. Tomas Feria Barangay Health Station,500000,2 - HB 10858 VOL IB.pdf,878,"Sto. Tomas Feria Barangay Health Station | Total: 500,000","Sto. Tomas Barangay Health Station | 500,000 | Sto. Tomas Feria Barangay Health Station | Subol Barangay Health Station",[],"['verify facility row, hierarchy, and printed Total column against the HFEP schedule']",candidate; verify against PDF
Department of Health,Health Facilities Enhancement Program,"","",Pulong Buli Barangay Health Station,500000,2 - HB 10858 VOL IB.pdf,878,"Pulong Buli Barangay Health Station | Total: 500,000","Pulong Bahay Barangay Health Station | 500,000 | Pulong Buli Barangay Health Station | Pulong San Miguel Barangay Health Station",[],"['verify facility row, hierarchy, and printed Total column against the HFEP schedule']",candidate; verify against PDF
Department of Health,Health Facilities Enhancement Program,"","","Municipality of Guimba, San Agustin Barangay Health Center",500000,2 - HB 10858 VOL IB.pdf,878,"Municipality of Guimba, San Agustin Barangay Health Center | Total: 500,000","Monic Barangay Health Station | 500,000 | Municipality of Guimba, San Agustin Barangay Health Center | Municipality of Sto. Domingo, San Agustin Barangay Health",[],"['verify facility row, hierarchy, and printed Total column against the HFEP schedule']",candidate; verify against PDF
Department of Health,Health Facilities Enhancement Program,"","",Southwest Poblacion Barangay Health Station,500000,2 - HB 10858 VOL IB.pdf,878,"Southwest Poblacion Barangay Health Station | Total: 500,000","San Miguel Barangay Health Station | 500,000 | Southwest Poblacion Barangay Health Station | Sto. Rosario Barangay Health Station",[],"['verify facility row, hierarchy, and printed Total column against the HFEP schedule']",candidate; verify against PDF
Department of Health,Health Facilities Enhancement Program,"","",Manaul Barangay Health Station,500000,2 - HB 10858 VOL IB.pdf,878,"Manaul Barangay Health Station | Total: 500,000","Manacsac Barangay Health Station | 500,000 | Manaul Barangay Health Station | Matingkis Barangay Health Station",[],"['verify facility row, hierarchy, and printed Total column against the HFEP schedule']",candidate; verify against PDF
Department of Health,Health Facilities Enhancement Program,"","",Gulod Barangay Health Station,500000,2 - HB 10858 VOL IB.pdf,878,"Gulod Barangay Health Station | Total: 500,000","Esguerra Barangay Health Station | 500,000 | Gulod Barangay Health Station | Ilong Baliwag Barangay Health Station",[],"['verify facility row, hierarchy, and printed Total column against the HFEP schedule']",candidate; verify against PDF
Department of Health,Health Facilities Enhancement Program,"","",Sta. Monica District Hospital,500000,2 - HB 10858 VOL IB.pdf,888,"Sta. Monica District Hospital | Total: 500,000","NUMBER “1”  | Name of Projects and Facilities | Infrastructure | Motor Vehicle | Total | Equipment | Sta. Monica District Hospital | 500,000 | Surigao del Norte Provincial Hospital | 1,000,000",[],"['verify facility row, hierarchy, and printed Total column against the HFEP schedule']",candidate; verify against PDF
Department of Health,Health Facilities Enhancement Program,"","",Manacsac Barangay Health Station,500000,2 - HB 10858 VOL IB.pdf,878,"Manacsac Barangay Health Station | Total: 500,000","Mambarao Barangay Health Station | 500,000 | Manacsac Barangay Health Station | Manaul Barangay Health Station",[],"['verify facility row, hierarchy, and printed Total column against the HFEP schedule']",candidate; verify against PDF
Department of Health,Health Facilities Enhancement Program,"","",Sto. Tomas Barangay Health Station,500000,2 - HB 10858 VOL IB.pdf,878,"Sto. Tomas Barangay Health Station | Total: 500,000","Sto. Rosario Barangay Health Station | 500,000 | Sto. Tomas Barangay Health Station | Sto. Tomas Feria Barangay Health Station",[],"['verify facility row, hierarchy, and printed Total column against the HFEP schedule']",candidate; verify against PDF
Department of Health,Health Facilities Enhancement Program,"","",Mayantoc Barangay Health Station,500000,2 - HB 10858 VOL IB.pdf,878,"Mayantoc Barangay Health Station | Total: 500,000","Matingkis Barangay Health Station | 500,000 | Mayantoc Barangay Health Station | Medico Barangay Health Station",[],"['verify facility row, hierarchy, and printed Total column against the HFEP schedule']",candidate; verify against PDF
Department of Health,Health Facilities Enhancement Program,"","",Doña Lucia Barangay Health Station,500000,2 - HB 10858 VOL IB.pdf,878,"Doña Lucia Barangay Health Station | Total: 500,000","Concepcion Barangay Health Station | 500,000 | Doña Lucia Barangay Health Station | Esguerra Barangay Health Station",[],"['verify facility row, hierarchy, and printed Total column against the HFEP schedule']",candidate; verify against PDF
Department of Health,Health Facilities Enhancement Program,"","",Bakal III Barangay Health Station,500000,2 - HB 10858 VOL IB.pdf,878,"Bakal III Barangay Health Station | Total: 500,000","Bakal II Barangay Health Station | 500,000 | Bakal III Barangay Health Station | Baluga Barangay Health Station",[],"['verify facility row, hierarchy, and printed Total column against the HFEP schedule']",candidate; verify against PDF
Department of Health,Health Facilities Enhancement Program,"","",Pinagpanaan Barangay Health Station,500000,2 - HB 10858 VOL IB.pdf,878,"Pinagpanaan Barangay Health Station | Total: 500,000","Pantoc Bulac Barangay Health Station | 500,000 | Pinagpanaan Barangay Health Station | Pulong Bahay Barangay Health Station",[],"['verify facility row, hierarchy, and printed Total column against the HFEP schedule']",candidate; verify against PDF
Department of Health,Health Facilities Enhancement Program,"","",Betes Barangay Health Station,500000,2 - HB 10858 VOL IB.pdf,878,"Betes Barangay Health Station | Total: 500,000","Bertese Barangay Health Station | 500,000 | Betes Barangay Health Station | Bibiclat Barangay Health Station",[],"['verify facility row, hierarchy, and printed Total column against the HFEP schedule']",candidate; verify against PDF
Department of Health,Health Facilities Enhancement Program,"","",Minabuyoc Barangay Health Station,500000,2 - HB 10858 VOL IB.pdf,878,"Minabuyoc Barangay Health Station | Total: 500,000","Medico Barangay Health Station | 500,000 | Minabuyoc Barangay Health Station | Monic Barangay Health Station",[],"['verify facility row, hierarchy, and printed Total column against the HFEP schedule']",candidate; verify against PDF
Department of Health,Health Facilities Enhancement Program,"","",Pulong Bahay Barangay Health Station,500000,2 - HB 10858 VOL IB.pdf,878,"Pulong Bahay Barangay Health Station | Total: 500,000","Pinagpanaan Barangay Health Station | 500,000 | Pulong Bahay Barangay Health Station | Pulong Buli Barangay Health Station",[],"['verify facility row, hierarchy, and printed Total column against the HFEP schedule']",candidate; verify against PDF
Department of Health,Health Facilities Enhancement Program,"","",Bucot Barangay Health Station,500000,2 - HB 10858 VOL IB.pdf,878,"Bucot Barangay Health Station | Total: 500,000","Bibiclat Barangay Health Station | 500,000 | Bucot Barangay Health Station | Cabubulaunan Barangay Health Station",[],"['verify facility row, hierarchy, and printed Total column against the HFEP schedule']",candidate; verify against PDF
Department of Health,Health Facilities Enhancement Program,"","",Esguerra Barangay Health Station,500000,2 - HB 10858 VOL IB.pdf,878,"Esguerra Barangay Health Station | Total: 500,000","Doña Lucia Barangay Health Station | 500,000 | Esguerra Barangay Health Station | Gulod Barangay Health Station",[],"['verify facility row, hierarchy, and printed Total column against the HFEP schedule']",candidate; verify against PDF
Department of Health,Health Facilities Enhancement Program,"","",Bakal I Barangay Health Station,500000,2 - HB 10858 VOL IB.pdf,876,"Bakal I Barangay Health Station | Total: 500,000","Andal Alinio Barangay Health Station | 500,000 | Bakal I Barangay Health Station",[],"['verify facility row, hierarchy, and printed Total column against the HFEP schedule']",candidate; verify against PDF
Department of Health,Health Facilities Enhancement Program,"","",Baluga Barangay Health Station,500000,2 - HB 10858 VOL IB.pdf,878,"Baluga Barangay Health Station | Total: 500,000","Bakal III Barangay Health Station | 500,000 | Baluga Barangay Health Station | Basang Hamog Barangay Health Station",[],"['verify facility row, hierarchy, and printed Total column against the HFEP schedule']",candidate; verify against PDF
Department of Health,Health Facilities Enhancement Program,"","",Concepcion Barangay Health Station,500000,2 - HB 10858 VOL IB.pdf,878,"Concepcion Barangay Health Station | Total: 500,000","Casulucan Este Barangay Health Station | 500,000 | Concepcion Barangay Health Station | Doña Lucia Barangay Health Station",[],"['verify facility row, hierarchy, and printed Total column against the HFEP schedule']",candidate; verify against PDF
Department of Health,Health Facilities Enhancement Program,"","",Subol Barangay Health Station,500000,2 - HB 10858 VOL IB.pdf,878,"Subol Barangay Health Station | Total: 500,000","Sto. Tomas Feria Barangay Health Station | 500,000 | Subol Barangay Health Station | Tabacao Barangay Health Station",[],"['verify facility row, hierarchy, and printed Total column against the HFEP schedule']",candidate; verify against PDF
Department of Health,Health Facilities Enhancement Program,"","",Monic Barangay Health Station,500000,2 - HB 10858 VOL IB.pdf,878,"Monic Barangay Health Station | Total: 500,000","Minabuyoc Barangay Health Station | 500,000 | Monic Barangay Health Station | Municipality of Guimba, San Agustin Barangay Health Center",[],"['verify facility row, hierarchy, and printed Total column against the HFEP schedule']",candidate; verify against PDF
Department of Health,Health Facilities Enhancement Program,"","",Casulucan Este Barangay Health Station,500000,2 - HB 10858 VOL IB.pdf,878,"Casulucan Este Barangay Health Station | Total: 500,000","Campos Barangay Health Station | 500,000 | Casulucan Este Barangay Health Station | Concepcion Barangay Health Station",[],"['verify facility row, hierarchy, and printed Total column against the HFEP schedule']",candidate; verify against PDF
Department of Health,Health Facilities Enhancement Program,"","",Bibiclat Barangay Health Station,500000,2 - HB 10858 VOL IB.pdf,878,"Bibiclat Barangay Health Station | Total: 500,000","Betes Barangay Health Station | 500,000 | Bibiclat Barangay Health Station | Bucot Barangay Health Station",[],"['verify facility row, hierarchy, and printed Total column against the HFEP schedule']",candidate; verify against PDF
Department of Health,Health Facilities Enhancement Program,"","",Calipahan Barangay Health Station,500000,2 - HB 10858 VOL IB.pdf,878,"Calipahan Barangay Health Station | Total: 500,000","Caingin Tabing Ilog Barangay Health Station | 500,000 | Calipahan Barangay Health Station | Campos Barangay Health Station",[],"['verify facility row, hierarchy, and printed Total column against the HFEP schedule']",candidate; verify against PDF
Department of Health,Health Facilities Enhancement Program,"","",Andal Alinio Barangay Health Station,500000,2 - HB 10858 VOL IB.pdf,876,"Andal Alinio Barangay Health Station | Total: 500,000","Nueva Ecija | 24,000,000 | Andal Alinio Barangay Health Station | 500,000 | Bakal I Barangay Health Station",[],"['verify facility row, hierarchy, and printed Total column against the HFEP schedule']",candidate; verify against PDF
Department of Health,Health Facilities Enhancement Program,"","",Ilong Baliwag Barangay Health Station,500000,2 - HB 10858 VOL IB.pdf,878,"Ilong Baliwag Barangay Health Station | Total: 500,000","Gulod Barangay Health Station | 500,000 | Ilong Baliwag Barangay Health Station | Maeling Barangay Health Station",[],"['verify facility row, hierarchy, and printed Total column against the HFEP schedule']",candidate; verify against PDF
Department of Health,Health Facilities Enhancement Program,"","",Basang Hamog Barangay Health Station,500000,2 - HB 10858 VOL IB.pdf,878,"Basang Hamog Barangay Health Station | Total: 500,000","Baluga Barangay Health Station | 500,000 | Basang Hamog Barangay Health Station | Batitang Barangay Health Station",[],"['verify facility row, hierarchy, and printed Total column against the HFEP schedule']",candidate; verify against PDF
Department of Health,Health Facilities Enhancement Program,"","",Pulong San Miguel Barangay Health Station,500000,2 - HB 10858 VOL IB.pdf,878,"Pulong San Miguel Barangay Health Station | Total: 500,000","Pulong Buli Barangay Health Station | 500,000 | Pulong San Miguel Barangay Health Station | San Alejandro Barangay Health Station",[],"['verify facility row, hierarchy, and printed Total column against the HFEP schedule']",candidate; verify against PDF
Department of Health,Health Facilities Enhancement Program,"","",Tabacao Barangay Health Station,500000,2 - HB 10858 VOL IB.pdf,878,"Tabacao Barangay Health Station | Total: 500,000","Subol Barangay Health Station | 500,000 | Tabacao Barangay Health Station",[],"['verify facility row, hierarchy, and printed Total column against the HFEP schedule']",candidate; verify against PDF
Department of Health,Health Facilities Enhancement Program,"","",San Alejandro Barangay Health Station,500000,2 - HB 10858 VOL IB.pdf,878,"San Alejandro Barangay Health Station | Total: 500,000","Pulong San Miguel Barangay Health Station | 500,000 | San Alejandro Barangay Health Station | San Andres 1 Barangay Health Station",[],"['verify facility row, hierarchy, and printed Total column against the HFEP schedule']",candidate; verify against PDF
Department of Health,Health Facilities Enhancement Program,"","",Matingkis Barangay Health Station,500000,2 - HB 10858 VOL IB.pdf,878,"Matingkis Barangay Health Station | Total: 500,000","Manaul Barangay Health Station | 500,000 | Matingkis Barangay Health Station | Mayantoc Barangay Health Station",[],"['verify facility row, hierarchy, and printed Total column against the HFEP schedule']",candidate; verify against PDF
Department of Health,Health Facilities Enhancement Program,"","",Sto. Rosario Barangay Health Station,500000,2 - HB 10858 VOL IB.pdf,878,"Sto. Rosario Barangay Health Station | Total: 500,000","Southwest Poblacion Barangay Health Station | 500,000 | Sto. Rosario Barangay Health Station | Sto. Tomas Barangay Health Station",[],"['verify facility row, hierarchy, and printed Total column against the HFEP schedule']",candidate; verify against PDF
Department of Health,Health Facilities Enhancement Program,"","",Batitang Barangay Health Station,500000,2 - HB 10858 VOL IB.pdf,878,"Batitang Barangay Health Station | Total: 500,000","Basang Hamog Barangay Health Station | 500,000 | Batitang Barangay Health Station | Bertese Barangay Health Station",[],"['verify facility row, hierarchy, and printed Total column against the HFEP schedule']",candidate; verify against PDF
Department of Health,Health Facilities Enhancement Program,"","",San Andres 1 Barangay Health Station,500000,2 - HB 10858 VOL IB.pdf,878,"San Andres 1 Barangay Health Station | Total: 500,000","San Alejandro Barangay Health Station | 500,000 | San Andres 1 Barangay Health Station | San Eustacio Barangay Health Station",[],"['verify facility row, hierarchy, and printed Total column against the HFEP schedule']",candidate; verify against PDF
Department of Health,Health Facilities Enhancement Program,"","",San Eustacio Barangay Health Station,500000,2 - HB 10858 VOL IB.pdf,878,"San Eustacio Barangay Health Station | Total: 500,000","San Andres 1 Barangay Health Station | 500,000 | San Eustacio Barangay Health Station | San Manuel Barangay Health Station",[],"['verify facility row, hierarchy, and printed Total column against the HFEP schedule']",candidate; verify against PDF
Department of Health,Health Facilities Enhancement Program,"","",San Manuel Barangay Health Station,500000,2 - HB 10858 VOL IB.pdf,878,"San Manuel Barangay Health Station | Total: 500,000","San Eustacio Barangay Health Station | 500,000 | San Manuel Barangay Health Station | San Miguel Barangay Health Station",[],"['verify facility row, hierarchy, and printed Total column against the HFEP schedule']",candidate; verify against PDF
Department of Health,Health Facilities Enhancement Program,"","","Municipality of Sto. Domingo, San Agustin Barangay Health Station",500000,2 - HB 10858 VOL IB.pdf,878,"Municipality of Sto. Domingo, San Agustin Barangay Health Station | Total: 500,000","Municipality of Guimba, San Agustin Barangay Health Center | 500,000 | Municipality of Sto. Domingo, San Agustin Barangay Health | Station",[],"['verify facility row, hierarchy, and printed Total column against the HFEP schedule']",candidate; verify against PDF
Department of Health,Health Facilities Enhancement Program,"","",San Miguel Barangay Health Station,500000,2 - HB 10858 VOL IB.pdf,878,"San Miguel Barangay Health Station | Total: 500,000","San Manuel Barangay Health Station | 500,000 | San Miguel Barangay Health Station | Southwest Poblacion Barangay Health Station",[],"['verify facility row, hierarchy, and printed Total column against the HFEP schedule']",candidate; verify against PDF
Department of Health,Health Facilities Enhancement Program,"","",Cabubulaunan Barangay Health Station,500000,2 - HB 10858 VOL IB.pdf,878,"Cabubulaunan Barangay Health Station | Total: 500,000","Bucot Barangay Health Station | 500,000 | Cabubulaunan Barangay Health Station | Caingin Tabing Ilog Barangay Health Station",[],"['verify facility row, hierarchy, and printed Total column against the HFEP schedule']",candidate; verify against PDF
Department of Health,Health Facilities Enhancement Program,"","",Maeling Barangay Health Station,500000,2 - HB 10858 VOL IB.pdf,878,"Maeling Barangay Health Station | Total: 500,000","Ilong Baliwag Barangay Health Station | 500,000 | Maeling Barangay Health Station | Mambarao Barangay Health Station",[],"['verify facility row, hierarchy, and printed Total column against the HFEP schedule']",candidate; verify against PDF
Department of Health,Health Facilities Enhancement Program,"","",Caingin Tabing Ilog Barangay Health Station,500000,2 - HB 10858 VOL IB.pdf,878,"Caingin Tabing Ilog Barangay Health Station | Total: 500,000","Cabubulaunan Barangay Health Station | 500,000 | Caingin Tabing Ilog Barangay Health Station | Calipahan Barangay Health Station",[],"['verify facility row, hierarchy, and printed Total column against the HFEP schedule']",candidate; verify against PDF
Department of Agriculture,Farm-to-Market Roads,"","","Construction of Bantug to Macatcatuit FMR, Brgy. Bantug to Brgy. Macatcatuit,",500000,2 - HB 10858 VOL IB.pdf,688,"Construction of Bantug to Macatcatuit FMR, Brgy. Bantug to Brgy. Macatcatuit, | 500,000","Construction of Bantug to Macatcatuit FMR, Brgy. Bantug to Brgy. Macatcatuit, | Guimba, Nueva Ecija | 22, | 500,000",[amount below ₱1M; verify the printed amount cell],[],candidate; verify PAP/project level and amount against PDF
Department of Agriculture,Farm-to-Market Roads,"","","Construction of Paitan Sur FMR, Brgy. Paitan Sur, Cuyapo, Nueva Ecija",500000,2 - HB 10858 VOL IB.pdf,690,"Construction of Paitan Sur FMR, Brgy. Paitan Sur, Cuyapo, Nueva Ecija | 500,000","Construction of Paitan Sur FMR, Brgy. Paitan Sur, Cuyapo, Nueva Ecija | 12, | 500,000",[amount below ₱1M; verify the printed amount cell],[],candidate; verify PAP/project level and amount against PDF
Department of Agriculture,Farm-to-Market Roads,"","","Concreting of Brgy. Alemania to Brgy. Mayantoc FMR, Brgy. Alemania and Brgy. Mayantoc,",500000,2 - HB 10858 VOL IB.pdf,690,"Concreting of Brgy. Alemania to Brgy. Mayantoc FMR, Brgy. Alemania and Brgy. Mayantoc, | 500,000","Concreting of Brgy. Alemania to Brgy. Mayantoc FMR, Brgy. Alemania and Brgy. Mayantoc, | Nampicuan, Nueva Ecija | 12, | 500,000",[amount below ₱1M; verify the printed amount cell],[],candidate; verify PAP/project level and amount against PDF
Department of Agriculture,Farm-to-Market Roads,"","","Construction of Brgy. Edy FMR, Brgy. Edy, Nampicuan, Nueva Ecija",500000,2 - HB 10858 VOL IB.pdf,684,"Construction of Brgy. Edy FMR, Brgy. Edy, Nampicuan, Nueva Ecija | 500,000","Construction of Brgy. Edy FMR, Brgy. Edy, Nampicuan, Nueva Ecija | 16, | 500,000",[amount below ₱1M; verify the printed amount cell],[],candidate; verify PAP/project level and amount against PDF
Department of Agriculture,Farm-to-Market Roads,"","","Construction of Brgy. Caballero FMR, Brgy. Caballero , Guimba, Nueva Ecija",500000,2 - HB 10858 VOL IB.pdf,686,"Construction of Brgy. Caballero FMR, Brgy. Caballero , Guimba, Nueva Ecija | 500,000","NAME OR PROJECTS | NAME OF PROJECTSPESOS PESOS | NUMBER “1”  | PESOS | Construction of Brgy. Caballero FMR, Brgy. Caballero , Guimba, Nueva Ecija | 18, | 500,000",[amount below ₱1M; verify the printed amount cell],[],candidate; verify PAP/project level and amount against PDF
Department of Agriculture,Farm-to-Market Roads,"","","Concreting of Brgy. La Torre FMR, Brgy. La Torre, Talavera, Nueva Ecija",500000,2 - HB 10858 VOL IB.pdf,688,"Concreting of Brgy. La Torre FMR, Brgy. La Torre, Talavera, Nueva Ecija | 500,000","18, | 000,000 | Concreting of Brgy. La Torre FMR, Brgy. La Torre, Talavera, Nueva Ecija | 13, | 500,000",[amount below ₱1M; verify the printed amount cell],[],candidate; verify PAP/project level and amount against PDF
Department of Agriculture,Farm-to-Market Roads,"","","Construction of Brgy. General Luna FMR, Brgy. General Luna, Sto. Domingo, Nueva Ecija",500000,2 - HB 10858 VOL IB.pdf,684,"Construction of Brgy. General Luna FMR, Brgy. General Luna, Sto. Domingo, Nueva Ecija | 500,000","25, | 000,000 | Construction of Brgy. General Luna FMR, Brgy. General Luna, Sto. Domingo, Nueva Ecija | 27, | 500,000",[amount below ₱1M; verify the printed amount cell],[],candidate; verify PAP/project level and amount against PDF
Department of Agriculture,Farm-to-Market Roads,"","","Construction of J Gonzales-Bangan Bubon Chocolate Brgy. Amungan FMR,",500000,2 - HB 10858 VOL IB.pdf,682,"Construction of J Gonzales-Bangan Bubon Chocolate Brgy. Amungan FMR, | 500,000","15, | 000,000 | Construction of J Gonzales-Bangan Bubon Chocolate Brgy. Amungan FMR, | Brgy. Amungan, Iba, Zambales | 22, | 500,000",[amount below ₱1M; verify the printed amount cell],[],candidate; verify PAP/project level and amount against PDF
Department of Agriculture,Farm-to-Market Roads,"","","Construction of Maymayan Buri, Brgy. Inhobol FMR, Brgy. Inhobol, Masinloc, Zambales",500000,2 - HB 10858 VOL IB.pdf,682,"Construction of Maymayan Buri, Brgy. Inhobol FMR, Brgy. Inhobol, Masinloc, Zambales | 500,000","Construction of Maymayan Buri, Brgy. Inhobol FMR, Brgy. Inhobol, Masinloc, Zambales | 15, | 000,000 | 32, | 500,000",[amount below ₱1M; verify the printed amount cell],[],candidate; verify PAP/project level and amount against PDF
Department of Agriculture,Farm-to-Market Roads,"","","Construction of Sitio Ogpoy - Sitio Ariada, Brgy. Alangan FMR, Brgy. Alangan, Limay, Bataan",500000,2 - HB 10858 VOL IB.pdf,688,"Construction of Sitio Ogpoy - Sitio Ariada, Brgy. Alangan FMR, Brgy. Alangan, Limay, Bataan | 500,000","NAME OR PROJECTS | NAME OF PROJECTSPESOS PESOS | PESOS | Construction of Sitio Ogpoy - Sitio Ariada, Brgy. Alangan FMR, Brgy. Alangan, Limay, Bataan | 25, | 000,000 | 22, | 500,000",[amount below ₱1M; verify the printed amount cell],[],candidate; verify PAP/project level and amount against PDF
Department of Health,Health Facilities Enhancement Program,"","",Matalom Community Hospital,450000,2 - HB 10858 VOL IB.pdf,886,"Matalom Community Hospital | Total: 450,000","Leyte Provincial Hospital | 20,000,000 | Matalom Community Hospital | 450,000 | Northwestern Leyte District Hospital | 4,000,000",[],"['verify facility row, hierarchy, and printed Total column against the HFEP schedule']",candidate; verify against PDF
Department of Health,Health Facilities Enhancement Program,"","",Pinukpuk District Hospital,450000,2 - HB 10858 VOL IB.pdf,882,"Pinukpuk District Hospital | Total: 450,000","5,000,000 | Kalinga Provincial Hospital | 6,500,000 | Pinukpuk District Hospital | 450,000 | Tanudan Municipal Hospital | 6,900,000 | 2,400,000 | 9,300,000",[],"['verify facility row, hierarchy, and printed Total column against the HFEP schedule']",candidate; verify against PDF
Department of Health,Health Facilities Enhancement Program,"","","City of Valenzuela, Polo Health Center",440000,2 - HB 10858 VOL IB.pdf,878,"City of Valenzuela, Polo Health Center | Total: 440,000","500,000 | City of Valenzuela, Pinalagad Health Center | 190,000 | City of Valenzuela, Polo Health Center | 440,000 | City of Valenzuela, Rincon Health Center | 170,000",[],"['verify facility row, hierarchy, and printed Total column against the HFEP schedule']",candidate; verify against PDF
Department of Health,Health Facilities Enhancement Program,"","","City of Valenzuela, Ugong 3S Health Center",440000,2 - HB 10858 VOL IB.pdf,878,"City of Valenzuela, Ugong 3S Health Center | Total: 440,000","500,000 | City of Valenzuela, Tagalag Health Center | 220,000 | City of Valenzuela, Ugong 3S Health Center | 440,000 | Navotas Medical and Wellness Center | 7,500,000",[],"['verify facility row, hierarchy, and printed Total column against the HFEP schedule']",candidate; verify against PDF
Department of Health,Health Facilities Enhancement Program,"","",Mina Barangay Health Station,400000,2 - HB 10858 VOL IB.pdf,878,"Mina Barangay Health Station | Total: 400,000","Aklan | 400,000 | Mina Barangay Health Station",[],"['verify facility row, hierarchy, and printed Total column against the HFEP schedule']",candidate; verify against PDF
Department of Health,Health Facilities Enhancement Program,"","",Pagsanghan Rural Health Unit,400000,2 - HB 10858 VOL IB.pdf,880,"Pagsanghan Rural Health Unit | Total: 400,000","3,500,000 | Catbalogan City Health Office | 2,900,000 | Pagsanghan Rural Health Unit | 400,000 | 14,500,000",[],"['verify facility row, hierarchy, and printed Total column against the HFEP schedule']",candidate; verify against PDF
Department of Agriculture,Farm-to-Market Roads,"","","Construction of Brgy. Bunol FMR, Brgy. Bunol, Guimba, Nueva Ecija",400000,2 - HB 10858 VOL IB.pdf,684,"Construction of Brgy. Bunol FMR, Brgy. Bunol, Guimba, Nueva Ecija | 400,000","Construction of Brgy. Bunol FMR, Brgy. Bunol, Guimba, Nueva Ecija | 16, | 500,000 | 10, | 400,000",[amount below ₱1M; verify the printed amount cell],[],candidate; verify PAP/project level and amount against PDF
Department of Agriculture,Farm-to-Market Roads,"","","Construction of Gen. Luna to Carmen FMR, Brgy. Gen. Luna to Brgy. Carmen,",400000,2 - HB 10858 VOL IB.pdf,688,"Construction of Gen. Luna to Carmen FMR, Brgy. Gen. Luna to Brgy. Carmen, | 400,000","Construction of Gen. Luna to Carmen FMR, Brgy. Gen. Luna to Brgy. Carmen, | Zaragoza, Nueva Ecija | 11, | 400,000",[amount below ₱1M; verify the printed amount cell],[],candidate; verify PAP/project level and amount against PDF
Department of Agriculture,Farm-to-Market Roads,"","","Construction of Brgy. Tampac I FMR, Brgy. Tampac I, Guimba, Nueva Ecija",375000,2 - HB 10858 VOL IB.pdf,684,"Construction of Brgy. Tampac I FMR, Brgy. Tampac I, Guimba, Nueva Ecija | 375,000","Construction of Brgy. Tampac I FMR, Brgy. Tampac I, Guimba, Nueva Ecija | 25, | 000,000 | 23, | 375,000",[amount below ₱1M; verify the printed amount cell],[],candidate; verify PAP/project level and amount against PDF
Department of Health,Health Facilities Enhancement Program,"","",Bayabas Municipal Health and Sanitation Office,360000,2 - HB 10858 VOL IB.pdf,882,"Bayabas Municipal Health and Sanitation Office | Total: 360,000","Surigao del Sur | 2,900,000 | 3,570,000 | 6,470,000 | Bayabas Municipal Health and Sanitation Office | 360,000 | Cortes Rural Health Unit | 170,000",[],"['verify facility row, hierarchy, and printed Total column against the HFEP schedule']",candidate; verify against PDF
Department of Health,Health Facilities Enhancement Program,"","",Allen Rural Health Unit,300000,2 - HB 10858 VOL IB.pdf,880,"Allen Rural Health Unit | Total: 300,000","2,700,000 | 540,000 | 3,240,000 | Northern Samar | 7,700,000 | 1,060,000 | 8,760,000 | Allen Rural Health Unit | 300,000 | 1,000,000 | Bobon Bagong Pilipinas Health Center | 2,500,000",[],"['verify facility row, hierarchy, and printed Total column against the HFEP schedule']",candidate; verify against PDF
Department of Agriculture,Farm-to-Market Roads,"","","Construction of Brgy. Casongsong FMR, Brgy. Casongsong, Guimba, Nueva Ecija",300000,2 - HB 10858 VOL IB.pdf,686,"Construction of Brgy. Casongsong FMR, Brgy. Casongsong, Guimba, Nueva Ecija | 300,000","Construction of Brgy. Casongsong FMR, Brgy. Casongsong, Guimba, Nueva Ecija | 17, | 300,000",[amount below ₱1M; verify the printed amount cell],[],candidate; verify PAP/project level and amount against PDF
Department of Agriculture,Farm-to-Market Roads,"","","Construction of Brgy. San Rafael FMR, Brgy. San Rafael, Guimba, Nueva Ecija",300000,2 - HB 10858 VOL IB.pdf,686,"Construction of Brgy. San Rafael FMR, Brgy. San Rafael, Guimba, Nueva Ecija | 300,000","Construction of Brgy. San Rafael FMR, Brgy. San Rafael, Guimba, Nueva Ecija | 21, | 300,000",[amount below ₱1M; verify the printed amount cell],[],candidate; verify PAP/project level and amount against PDF
Department of Agriculture,Farm-to-Market Roads,"","","Construction of Brgy. San Agustin FMR, Brgy. San Agustin, Sto. Domingo, Nueva Ecija",287500,2 - HB 10858 VOL IB.pdf,684,"Construction of Brgy. San Agustin FMR, Brgy. San Agustin, Sto. Domingo, Nueva Ecija | 287,500","25, | 000,000 | Construction of Brgy. San Agustin FMR, Brgy. San Agustin, Sto. Domingo, Nueva Ecija | 18, | 287,500",[amount below ₱1M; verify the printed amount cell],[],candidate; verify PAP/project level and amount against PDF
Department of Health,Health Facilities Enhancement Program,"","","City of Valenzuela, Gen. T. de Leon (GTDL) Lying-in Clinic",285000,2 - HB 10858 VOL IB.pdf,878,"City of Valenzuela, Gen. T. de Leon (GTDL) Lying-in Clinic | Total: 285,000","500,000 | City of Valenzuela, Don Pedro Health Center | 220,000 | City of Valenzuela, Gen. T. de Leon (GTDL) Lying-in Clinic | 285,000 | City of Valenzuela, Mabolo Health Center | 55,000",[],"['verify facility row, hierarchy, and printed Total column against the HFEP schedule']",candidate; verify against PDF
Department of Agriculture,Farm-to-Market Roads,"","","Construction of Brgy. Gulod FMR, Brgy. Gulod, Talavera, Nueva Ecija",250000,2 - HB 10858 VOL IB.pdf,684,"Construction of Brgy. Gulod FMR, Brgy. Gulod, Talavera, Nueva Ecija | 250,000","Construction of Brgy. Gulod FMR, Brgy. Gulod, Talavera, Nueva Ecija | 30, | 250,000",[amount below ₱1M; verify the printed amount cell],[],candidate; verify PAP/project level and amount against PDF
Department of Health,Health Facilities Enhancement Program,"","","Municipality of Bontoc, Alab Oriente Barangay Health Station",230000,2 - HB 10858 VOL IB.pdf,876,"Municipality of Bontoc, Alab Oriente Barangay Health Station | Total: 230,000","Municipality of Bauko, Letang Satellite Barangay Health Station | 135,000 | Municipality of Bontoc, Alab Oriente Barangay Health Station | 230,000 | Municipality of Bontoc, Bayyo Barangay Health Station",[],"['verify facility row, hierarchy, and printed Total column against the HFEP schedule']",candidate; verify against PDF
Department of Health,Health Facilities Enhancement Program,"","",San Roque Super Health Center,220000,2 - HB 10858 VOL IB.pdf,880,"San Roque Super Health Center | Total: 220,000","Palapag Super Health Center | 2,700,000 | 540,000 | 3,240,000 | 13,700,000 | 25,580,000 | 39,280,000 | San Roque Super Health Center | 220,000",[],"['verify facility row, hierarchy, and printed Total column against the HFEP schedule']",candidate; verify against PDF
Department of Health,Health Facilities Enhancement Program,"","","City of Valenzuela, Don Pedro Health Center",220000,2 - HB 10858 VOL IB.pdf,878,"City of Valenzuela, Don Pedro Health Center | Total: 220,000","500,000 | City of Valenzuela, Canumay East Health Center | 140,000 | City of Valenzuela, Don Pedro Health Center | 220,000 | City of Valenzuela, Gen. T. de Leon (GTDL) Lying-in Clinic | 285,000",[],"['verify facility row, hierarchy, and printed Total column against the HFEP schedule']",candidate; verify against PDF
Department of Health,Health Facilities Enhancement Program,"","","City of Valenzuela, Sitio Kabatuhan Health Center, City of Valenzuela",220000,2 - HB 10858 VOL IB.pdf,878,"City of Valenzuela, Sitio Kabatuhan Health Center, City of Valenzuela | Total: 220,000","500,000 | City of Valenzuela, Rincon Health Center | 170,000 | City of Valenzuela, Sitio Kabatuhan Health Center, City of | Valenzuela | 220,000",[],"['verify facility row, hierarchy, and printed Total column against the HFEP schedule']",candidate; verify against PDF
Department of Health,Health Facilities Enhancement Program,"","","City of Valenzuela, Tagalag Health Center",220000,2 - HB 10858 VOL IB.pdf,878,"City of Valenzuela, Tagalag Health Center | Total: 220,000","500,000 | Valenzuela | 220,000 | City of Valenzuela, Tagalag Health Center | City of Valenzuela, Ugong 3S Health Center | 440,000",[],"['verify facility row, hierarchy, and printed Total column against the HFEP schedule']",candidate; verify against PDF
Department of Health,Health Facilities Enhancement Program,"","","City of Valenzuela, Northville I Health Center",220000,2 - HB 10858 VOL IB.pdf,878,"City of Valenzuela, Northville I Health Center | Total: 220,000","500,000 | City of Valenzuela, Malanday 3S Health Center | 190,000 | City of Valenzuela, Northville I Health Center | 220,000 | City of Valenzuela, Pinalagad Health Center",[],"['verify facility row, hierarchy, and printed Total column against the HFEP schedule']",candidate; verify against PDF
Department of Health,Health Facilities Enhancement Program,"","",Bureau of Quarantine - Manila Station,220000,2 - HB 10858 VOL IB.pdf,890,"Bureau of Quarantine - Manila Station | Total: 220,000","65,000,000 | Metro Manila | 220,000 | Bureau of Quarantine - Manila Station | 50,000,000",[],"['verify facility row, hierarchy, and printed Total column against the HFEP schedule']",candidate; verify against PDF
Department of Health,Health Facilities Enhancement Program,"","",Libjo Rural Health Unit,210000,2 - HB 10858 VOL IB.pdf,882,"Libjo Rural Health Unit | Total: 210,000","Dinagat Rural Health Unit | 1,000,000 | Libjo Rural Health Unit | 210,000 | Loreto Municipal Health Office (Rural Health Unit)",[],"['verify facility row, hierarchy, and printed Total column against the HFEP schedule']",candidate; verify against PDF
Department of Agriculture,Farm-to-Market Roads,"","","Concreting of Purok 5, Brgy. Dangcol FMR, Brgy. Dangcol, Balanga City, Bataan",200000,2 - HB 10858 VOL IB.pdf,688,"Concreting of Purok 5, Brgy. Dangcol FMR, Brgy. Dangcol, Balanga City, Bataan | 200,000","11, | 400,000 | Concreting of Purok 5, Brgy. Dangcol FMR, Brgy. Dangcol, Balanga City, Bataan | 13, | 200,000",[amount below ₱1M; verify the printed amount cell],[],candidate; verify PAP/project level and amount against PDF
Department of Agriculture,Farm-to-Market Roads,"","","Construction of Purok Agojo, Brgy. Buenlag FMR, Brgy. Buenlag, Gerona, Tarlac",200000,2 - HB 10858 VOL IB.pdf,690,"Construction of Purok Agojo, Brgy. Buenlag FMR, Brgy. Buenlag, Gerona, Tarlac | 200,000","Construction of Purok Agojo, Brgy. Buenlag FMR, Brgy. Buenlag, Gerona, Tarlac | 13, | 200,000",[amount below ₱1M; verify the printed amount cell],[],candidate; verify PAP/project level and amount against PDF
Department of Health,Health Facilities Enhancement Program,"","","City of Valenzuela, Malanday 3S Health Center",190000,2 - HB 10858 VOL IB.pdf,878,"City of Valenzuela, Malanday 3S Health Center | Total: 190,000","500,000 | City of Valenzuela, Mabolo Health Center | 55,000 | City of Valenzuela, Malanday 3S Health Center | 190,000 | City of Valenzuela, Northville I Health Center | 220,000",[],"['verify facility row, hierarchy, and printed Total column against the HFEP schedule']",candidate; verify against PDF
Department of Health,Health Facilities Enhancement Program,"","","City of Valenzuela, Pinalagad Health Center",190000,2 - HB 10858 VOL IB.pdf,878,"City of Valenzuela, Pinalagad Health Center | Total: 190,000","500,000 | City of Valenzuela, Northville I Health Center | 220,000 | City of Valenzuela, Pinalagad Health Center | 190,000 | City of Valenzuela, Polo Health Center | 440,000",[],"['verify facility row, hierarchy, and printed Total column against the HFEP schedule']",candidate; verify against PDF
Department of Health,Health Facilities Enhancement Program,"","","City of Caloocan, Barangay 180 Health Center",185000,2 - HB 10858 VOL IB.pdf,878,"City of Caloocan, Barangay 180 Health Center | Total: 185,000","500,000 | City of Caloocan, Bagumbong Main Health Center | 140,000 | City of Caloocan, Barangay 180 Health Center | 185,000 | City of Caloocan, Camarin 175 Health Center",[],"['verify facility row, hierarchy, and printed Total column against the HFEP schedule']",candidate; verify against PDF
Department of Health,Health Facilities Enhancement Program,"","",Bureau of Quarantine - Davao Station,180000,2 - HB 10858 VOL IB.pdf,892,"Bureau of Quarantine - Davao Station | Total: 180,000","Davao del Sur | 180,000 | Bureau of Quarantine - Davao Station",[],"['verify facility row, hierarchy, and printed Total column against the HFEP schedule']",candidate; verify against PDF
Department of Health,Health Facilities Enhancement Program,"","",Pilar District Hospital,180000,2 - HB 10858 VOL IB.pdf,886,"Pilar District Hospital | Total: 180,000","50,000,000 | Malimono District Hospital | 130,000 | Pilar District Hospital | 180,000 | Socorro District Hospital | 550,000",[],"['verify facility row, hierarchy, and printed Total column against the HFEP schedule']",candidate; verify against PDF
Department of Health,Health Facilities Enhancement Program,"","",Bureau of Quarantine - Clark Station,180000,2 - HB 10858 VOL IB.pdf,890,"Bureau of Quarantine - Clark Station | Total: 180,000","15,000,000 | Pampanga | 180,000 | Bureau of Quarantine - Clark Station",[],"['verify facility row, hierarchy, and printed Total column against the HFEP schedule']",candidate; verify against PDF
Department of Health,Health Facilities Enhancement Program,"","","City of Valenzuela, Rincon Health Center",170000,2 - HB 10858 VOL IB.pdf,878,"City of Valenzuela, Rincon Health Center | Total: 170,000","500,000 | City of Valenzuela, Polo Health Center | 440,000 | City of Valenzuela, Rincon Health Center | 170,000 | City of Valenzuela, Sitio Kabatuhan Health Center, City of",[],"['verify facility row, hierarchy, and printed Total column against the HFEP schedule']",candidate; verify against PDF
Department of Health,Health Facilities Enhancement Program,"","",Cortes Rural Health Unit,170000,2 - HB 10858 VOL IB.pdf,882,"Cortes Rural Health Unit | Total: 170,000","Bayabas Municipal Health and Sanitation Office | 360,000 | Cortes Rural Health Unit | 170,000 | Lianga Rural Health Unit | 140,000",[],"['verify facility row, hierarchy, and printed Total column against the HFEP schedule']",candidate; verify against PDF
Department of Health,Health Facilities Enhancement Program,"","",Tudela Rural Health Unit,160000,2 - HB 10858 VOL IB.pdf,880,"Tudela Rural Health Unit | Total: 160,000","2,700,000 | 540,000 | 3,240,000 | Ronda Rural Health Unit | 3,160,000 | Tudela Rural Health Unit | 160,000",[],"['verify facility row, hierarchy, and printed Total column against the HFEP schedule']",candidate; verify against PDF
Department of Health,Health Facilities Enhancement Program,"","","Municipality of Natonin, Batnong Barangay Health Station",160000,2 - HB 10858 VOL IB.pdf,876,"Municipality of Natonin, Batnong Barangay Health Station | Total: 160,000","Municipality of Leto, Mina Barangay Health Station | 115,000 | Municipality of Natonin, Batnong Barangay Health Station | 160,000 | Municipality of Natonin, Tappo Barangay Health Station",[],"['verify facility row, hierarchy, and printed Total column against the HFEP schedule']",candidate; verify against PDF
Department of Health,Health Facilities Enhancement Program,"","",Bureau of Quarantine - Cebu Station,160000,2 - HB 10858 VOL IB.pdf,892,"Bureau of Quarantine - Cebu Station | Total: 160,000","Cebu | 160,000 | Bureau of Quarantine - Cebu Station",[],"['verify facility row, hierarchy, and printed Total column against the HFEP schedule']",candidate; verify against PDF
Department of Health,Health Facilities Enhancement Program,"","",Bureau of Quarantine - Iloilo Station,160000,2 - HB 10858 VOL IB.pdf,892,"Bureau of Quarantine - Iloilo Station | Total: 160,000","Iloilo | 160,000 | Bureau of Quarantine - Iloilo Station",[],"['verify facility row, hierarchy, and printed Total column against the HFEP schedule']",candidate; verify against PDF
Department of Health,Health Facilities Enhancement Program,"","",Mainit District Hospital,150000,2 - HB 10858 VOL IB.pdf,886,"Mainit District Hospital | Total: 150,000","10,000,000 | Gigaquit District Hospital | 550,000 | Mainit District Hospital | 150,000 | 50,000,000 | Malimono District Hospital | 130,000",[],"['verify facility row, hierarchy, and printed Total column against the HFEP schedule']",candidate; verify against PDF
Department of Agriculture,Farm-to-Market Roads,"","","Concreting of Purok 1 Delta Brgy. Mangga Cacutud FMR, Brgy. Mangga Cacutud,",150000,2 - HB 10858 VOL IB.pdf,686,"Concreting of Purok 1 Delta Brgy. Mangga Cacutud FMR, Brgy. Mangga Cacutud, | 150,000","70, | 000,000 | Concreting of Purok 1 Delta Brgy. Mangga Cacutud FMR, Brgy. Mangga Cacutud, | Arayat, Pampanga | 15, | 150,000 | 21, | 300,000",[amount below ₱1M; verify the printed amount cell],[],candidate; verify PAP/project level and amount against PDF
Department of Health,Health Facilities Enhancement Program,"","","City of Caloocan, Grace Park Health Center",140000,2 - HB 10858 VOL IB.pdf,878,"City of Caloocan, Grace Park Health Center | Total: 140,000","500,000 | City of Caloocan, Camarin 175 Health Center | 140,000 | City of Caloocan, Grace Park Health Center | City of Navotas, Bagumbayan Super Health Center | 5,000,000",[],"['verify facility row, hierarchy, and printed Total column against the HFEP schedule']",candidate; verify against PDF
Department of Health,Health Facilities Enhancement Program,"","","City of Caloocan, Bagong Silang Phase 10 Health Center",140000,2 - HB 10858 VOL IB.pdf,878,"City of Caloocan, Bagong Silang Phase 10 Health Center | Total: 140,000","500,000 | Metro Manila | 10,000,000 | 28,775,000 | 38,775,000 | City of Caloocan, Bagong Silang Phase 10 Health Center | 140,000 | City of Caloocan, Bagong Silang Phase 2 Health Center",[],"['verify facility row, hierarchy, and printed Total column against the HFEP schedule']",candidate; verify against PDF
Department of Health,Health Facilities Enhancement Program,"","","City of Navotas, Tangos Health Center",140000,2 - HB 10858 VOL IB.pdf,878,"City of Navotas, Tangos Health Center | Total: 140,000","Navotas City | 140,000 | 1,500,000 | City of Navotas, Tangos Health Center",[],"['verify facility row, hierarchy, and printed Total column against the HFEP schedule']",candidate; verify against PDF
Department of Health,Health Facilities Enhancement Program,"","","City of Valenzuela, Canumay East Health Center",140000,2 - HB 10858 VOL IB.pdf,878,"City of Valenzuela, Canumay East Health Center | Total: 140,000","500,000 | City of Navotas, Tanza Pabahay Health Center | 8,800,000 | City of Valenzuela, Canumay East Health Center | 140,000 | City of Valenzuela, Don Pedro Health Center | 220,000",[],"['verify facility row, hierarchy, and printed Total column against the HFEP schedule']",candidate; verify against PDF
Department of Health,Health Facilities Enhancement Program,"","","City of Caloocan, Camarin 175 Health Center",140000,2 - HB 10858 VOL IB.pdf,878,"City of Caloocan, Camarin 175 Health Center | Total: 140,000","500,000 | City of Caloocan, Barangay 180 Health Center | 185,000 | City of Caloocan, Camarin 175 Health Center | 140,000 | City of Caloocan, Grace Park Health Center",[],"['verify facility row, hierarchy, and printed Total column against the HFEP schedule']",candidate; verify against PDF
Department of Health,Health Facilities Enhancement Program,"","","City of Caloocan, Bagong Silang Phase 2 Health Center",140000,2 - HB 10858 VOL IB.pdf,878,"City of Caloocan, Bagong Silang Phase 2 Health Center | Total: 140,000","500,000 | City of Caloocan, Bagong Silang Phase 10 Health Center | 140,000 | City of Caloocan, Bagong Silang Phase 2 Health Center | City of Caloocan, Bagumbong Main Health Center",[],"['verify facility row, hierarchy, and printed Total column against the HFEP schedule']",candidate; verify against PDF
Department of Health,Health Facilities Enhancement Program,"","",Lianga Rural Health Unit,140000,2 - HB 10858 VOL IB.pdf,882,"Lianga Rural Health Unit | Total: 140,000","Cortes Rural Health Unit | 170,000 | Lianga Rural Health Unit | 140,000 | Tago Rural Health Unit | 2,900,000",[],"['verify facility row, hierarchy, and printed Total column against the HFEP schedule']",candidate; verify against PDF
Department of Health,Health Facilities Enhancement Program,"","","City of Caloocan, Bagumbong Main Health Center",140000,2 - HB 10858 VOL IB.pdf,878,"City of Caloocan, Bagumbong Main Health Center | Total: 140,000","500,000 | City of Caloocan, Bagong Silang Phase 2 Health Center | 140,000 | City of Caloocan, Bagumbong Main Health Center | City of Caloocan, Barangay 180 Health Center | 185,000",[],"['verify facility row, hierarchy, and printed Total column against the HFEP schedule']",candidate; verify against PDF
Department of Health,Health Facilities Enhancement Program,"","",Bontoc Rural Health Unit,135000,2 - HB 10858 VOL IB.pdf,880,"Bontoc Rural Health Unit | Total: 135,000","Mountain Province | 135,000 | Bontoc Rural Health Unit",[],"['verify facility row, hierarchy, and printed Total column against the HFEP schedule']",candidate; verify against PDF
Department of Health,Health Facilities Enhancement Program,"","","Municipality of Sadanga, Bekigan Barangay Health Station",135000,2 - HB 10858 VOL IB.pdf,876,"Municipality of Sadanga, Bekigan Barangay Health Station | Total: 135,000","Municipality of Paracelis, Butigue Barangay Health Station | 115,000 | Municipality of Sadanga, Bekigan Barangay Health Station | 135,000 | Municipality of Sadanga, Betwagan Barangay Health Station | 125,000",[],"['verify facility row, hierarchy, and printed Total column against the HFEP schedule']",candidate; verify against PDF
Department of Health,Health Facilities Enhancement Program,"","","Municipality of Sadanga, Samoki Barangay Health Station",135000,2 - HB 10858 VOL IB.pdf,876,"Municipality of Sadanga, Samoki Barangay Health Station | Total: 135,000","Municipality of Sadanga, Betwagan Barangay Health Station | 125,000 | Municipality of Sadanga, Samoki Barangay Health Station | 135,000 | Saclit Barangay Health Station | 115,000",[],"['verify facility row, hierarchy, and printed Total column against the HFEP schedule']",candidate; verify against PDF
Department of Health,Health Facilities Enhancement Program,"","",Hingyon Rural Health Unit,135000,2 - HB 10858 VOL IB.pdf,878,"Hingyon Rural Health Unit | Total: 135,000","2,770,000 | Ifugao | 270,000 | Hingyon Rural Health Unit | 135,000 | 1,180,000 | Mayoyao Rural Health Unit",[],"['verify facility row, hierarchy, and printed Total column against the HFEP schedule']",candidate; verify against PDF
Department of Health,Health Facilities Enhancement Program,"","","Municipality of Bontoc, Poblacion Bontoc Barangay Health Station",135000,2 - HB 10858 VOL IB.pdf,876,"Municipality of Bontoc, Poblacion Bontoc Barangay Health Station | Total: 135,000","Municipality of Bontoc, Gonogon Barangay Health Station | 135,000 | Municipality of Bontoc, Poblacion Bontoc Barangay Health Station | Municipality of Leto, Mina Barangay Health Station | 115,000",[],"['verify facility row, hierarchy, and printed Total column against the HFEP schedule']",candidate; verify against PDF
Department of Health,Health Facilities Enhancement Program,"","","Municipality of Malibcong, Pacgued Barangay Health Station",135000,2 - HB 10858 VOL IB.pdf,876,"Municipality of Malibcong, Pacgued Barangay Health Station | Total: 135,000","Municipality of Malibcong, Buanao Barangay Health Station | 135,000 | Municipality of Malibcong, Pacgued Barangay Health Station | Municipality of Tubo, Tiempo Barangay Health Station | 2,000,000",[],"['verify facility row, hierarchy, and printed Total column against the HFEP schedule']",candidate; verify against PDF
Department of Health,Health Facilities Enhancement Program,"","","Municipality of Bauko, Letang Satellite Barangay Health Station",135000,2 - HB 10858 VOL IB.pdf,876,"Municipality of Bauko, Letang Satellite Barangay Health Station | Total: 135,000","Municipality of Barlig, Fiangtin Barangay Health Station | 115,000 | Municipality of Bauko, Letang Satellite Barangay Health Station | 135,000 | Municipality of Bontoc, Alab Oriente Barangay Health Station | 230,000",[],"['verify facility row, hierarchy, and printed Total column against the HFEP schedule']",candidate; verify against PDF
Department of Health,Health Facilities Enhancement Program,"","","Municipality of Malibcong, Buanao Barangay Health Station",135000,2 - HB 10858 VOL IB.pdf,876,"Municipality of Malibcong, Buanao Barangay Health Station | Total: 135,000","Abra | 2,000,000 | 270,000 | 2,270,000 | Municipality of Malibcong, Buanao Barangay Health Station | 135,000 | Municipality of Malibcong, Pacgued Barangay Health Station",[],"['verify facility row, hierarchy, and printed Total column against the HFEP schedule']",candidate; verify against PDF
Department of Health,Health Facilities Enhancement Program,"","",Conner Rural Health Unit,135000,2 - HB 10858 VOL IB.pdf,878,"Conner Rural Health Unit | Total: 135,000","400,000 | Apayao | 135,000 | Conner Rural Health Unit",[],"['verify facility row, hierarchy, and printed Total column against the HFEP schedule']",candidate; verify against PDF
Department of Health,Health Facilities Enhancement Program,"","","Municipality of Bontoc, Gonogon Barangay Health Station",135000,2 - HB 10858 VOL IB.pdf,876,"Municipality of Bontoc, Gonogon Barangay Health Station | Total: 135,000","Municipality of Bontoc, Bayyo Barangay Health Station | 135,000 | Municipality of Bontoc, Gonogon Barangay Health Station | Municipality of Bontoc, Poblacion Bontoc Barangay Health Station",[],"['verify facility row, hierarchy, and printed Total column against the HFEP schedule']",candidate; verify against PDF
Department of Health,Health Facilities Enhancement Program,"","",Mayoyao Rural Health Unit,135000,2 - HB 10858 VOL IB.pdf,878,"Mayoyao Rural Health Unit | Total: 135,000","2,770,000 | Hingyon Rural Health Unit | 135,000 | 1,180,000 | Mayoyao Rural Health Unit",[],"['verify facility row, hierarchy, and printed Total column against the HFEP schedule']",candidate; verify against PDF
Department of Health,Health Facilities Enhancement Program,"","","Municipality of Bontoc, Bayyo Barangay Health Station",135000,2 - HB 10858 VOL IB.pdf,876,"Municipality of Bontoc, Bayyo Barangay Health Station | Total: 135,000","Municipality of Bontoc, Alab Oriente Barangay Health Station | 230,000 | Municipality of Bontoc, Bayyo Barangay Health Station | 135,000 | Municipality of Bontoc, Gonogon Barangay Health Station",[],"['verify facility row, hierarchy, and printed Total column against the HFEP schedule']",candidate; verify against PDF
Department of Health,Health Facilities Enhancement Program,"","",Malimono District Hospital,130000,2 - HB 10858 VOL IB.pdf,886,"Malimono District Hospital | Total: 130,000","Mainit District Hospital | 150,000 | 50,000,000 | Malimono District Hospital | 130,000 | Pilar District Hospital | 180,000",[],"['verify facility row, hierarchy, and printed Total column against the HFEP schedule']",candidate; verify against PDF
Department of Health,Health Facilities Enhancement Program,"","","Municipality of Sadanga, Betwagan Barangay Health Station",125000,2 - HB 10858 VOL IB.pdf,876,"Municipality of Sadanga, Betwagan Barangay Health Station | Total: 125,000","Municipality of Sadanga, Bekigan Barangay Health Station | 135,000 | Municipality of Sadanga, Betwagan Barangay Health Station | 125,000 | Municipality of Sadanga, Samoki Barangay Health Station",[],"['verify facility row, hierarchy, and printed Total column against the HFEP schedule']",candidate; verify against PDF
Department of Agriculture,Farm-to-Market Roads,"","","Construction of Brgy. Burgos FMR, Brgy. Burgos, Cuyapo, Nueva Ecija",125000,2 - HB 10858 VOL IB.pdf,684,"Construction of Brgy. Burgos FMR, Brgy. Burgos, Cuyapo, Nueva Ecija | 125,000","45, | 000,000 | Construction of Brgy. Burgos FMR, Brgy. Burgos, Cuyapo, Nueva Ecija | 15, | 125,000",[amount below ₱1M; verify the printed amount cell],[],candidate; verify PAP/project level and amount against PDF
Department of Health,Health Facilities Enhancement Program,"","",Cabawa Birthing Facility,120000,2 - HB 10858 VOL IB.pdf,882,"Cabawa Birthing Facility | Total: 120,000","Surigao del Norte | 7,670,000 | 2,000,000 | 9,670,000 | Cabawa Birthing Facility | 120,000 | Cagniyog Super Health Center | 1,750,000 | 3,750,000",[],"['verify facility row, hierarchy, and printed Total column against the HFEP schedule']",candidate; verify against PDF
Department of Health,Health Facilities Enhancement Program,"","","Municipality of Paracelis, Butigue Barangay Health Station",115000,2 - HB 10858 VOL IB.pdf,876,"Municipality of Paracelis, Butigue Barangay Health Station | Total: 115,000","Municipality of Natonin, Tonglayan Barangay Health Station | 115,000 | Municipality of Paracelis, Butigue Barangay Health Station | Municipality of Sadanga, Bekigan Barangay Health Station | 135,000",[],"['verify facility row, hierarchy, and printed Total column against the HFEP schedule']",candidate; verify against PDF
Department of Health,Health Facilities Enhancement Program,"","","Municipality of Natonin, Tonglayan Barangay Health Station",115000,2 - HB 10858 VOL IB.pdf,876,"Municipality of Natonin, Tonglayan Barangay Health Station | Total: 115,000","Municipality of Natonin, Tappo Barangay Health Station | 115,000 | Municipality of Natonin, Tonglayan Barangay Health Station | Municipality of Paracelis, Butigue Barangay Health Station",[],"['verify facility row, hierarchy, and printed Total column against the HFEP schedule']",candidate; verify against PDF
Department of Health,Health Facilities Enhancement Program,"","","Municipality of Natonin, Tappo Barangay Health Station",115000,2 - HB 10858 VOL IB.pdf,876,"Municipality of Natonin, Tappo Barangay Health Station | Total: 115,000","Municipality of Natonin, Batnong Barangay Health Station | 160,000 | Municipality of Natonin, Tappo Barangay Health Station | 115,000 | Municipality of Natonin, Tonglayan Barangay Health Station",[],"['verify facility row, hierarchy, and printed Total column against the HFEP schedule']",candidate; verify against PDF
Department of Health,Health Facilities Enhancement Program,"","",Saclit Barangay Health Station,115000,2 - HB 10858 VOL IB.pdf,876,"Saclit Barangay Health Station | Total: 115,000","Municipality of Sadanga, Samoki Barangay Health Station | 135,000 | Saclit Barangay Health Station | 115,000",[],"['verify facility row, hierarchy, and printed Total column against the HFEP schedule']",candidate; verify against PDF
Department of Health,Health Facilities Enhancement Program,"","","Municipality of Leto, Mina Barangay Health Station",115000,2 - HB 10858 VOL IB.pdf,876,"Municipality of Leto, Mina Barangay Health Station | Total: 115,000","Municipality of Bontoc, Poblacion Bontoc Barangay Health Station | 135,000 | Municipality of Leto, Mina Barangay Health Station | 115,000 | Municipality of Natonin, Batnong Barangay Health Station | 160,000",[],"['verify facility row, hierarchy, and printed Total column against the HFEP schedule']",candidate; verify against PDF
Department of Health,Health Facilities Enhancement Program,"","","Municipality of Barlig, Fiangtin Barangay Health Station",115000,2 - HB 10858 VOL IB.pdf,876,"Municipality of Barlig, Fiangtin Barangay Health Station | Total: 115,000","Mountain Province | 2,015,000 | Municipality of Barlig, Fiangtin Barangay Health Station | 115,000 | Municipality of Bauko, Letang Satellite Barangay Health Station | 135,000",[],"['verify facility row, hierarchy, and printed Total column against the HFEP schedule']",candidate; verify against PDF
Department of Health,Health Facilities Enhancement Program,"","",Bureau of Quarantine - Tabaco Station,110000,2 - HB 10858 VOL IB.pdf,892,"Bureau of Quarantine - Tabaco Station | Total: 110,000","110,000 | Albay | Bureau of Quarantine - Tabaco Station",[],"['verify facility row, hierarchy, and printed Total column against the HFEP schedule']",candidate; verify against PDF
Department of Health,Health Facilities Enhancement Program,"","",Bureau of Quarantine - Zamboanga Station,110000,2 - HB 10858 VOL IB.pdf,892,"Bureau of Quarantine - Zamboanga Station | Total: 110,000","Zamboanga del Sur | 110,000 | Bureau of Quarantine - Zamboanga Station",[],"['verify facility row, hierarchy, and printed Total column against the HFEP schedule']",candidate; verify against PDF
Department of Agriculture,Farm-to-Market Roads,"","","Concreting of Brgy. Sta. Cruz FMR, Brgy. Sta. Cruz, Cuyapo, Nueva Ecija",100000,2 - HB 10858 VOL IB.pdf,688,"Concreting of Brgy. Sta. Cruz FMR, Brgy. Sta. Cruz, Cuyapo, Nueva Ecija | 100,000","15, | 000,000 | LAT: 15.713972`N LONG: 120.396365`E | Concreting of Brgy. Sta. Cruz FMR, Brgy. Sta. Cruz, Cuyapo, Nueva Ecija | 10, | 100,000",[amount below ₱1M; verify the printed amount cell],[],candidate; verify PAP/project level and amount against PDF
Department of Agriculture,Farm-to-Market Roads,"","","Construction of Brgy. San Antonio FMR, Brgy. San Antonio, Cuyapo, Nueva Ecija",100000,2 - HB 10858 VOL IB.pdf,688,"Construction of Brgy. San Antonio FMR, Brgy. San Antonio, Cuyapo, Nueva Ecija | 100,000","15, | 000,000 | Construction of Brgy. San Antonio FMR, Brgy. San Antonio, Cuyapo, Nueva Ecija | 23, | 100,000",[amount below ₱1M; verify the printed amount cell],[],candidate; verify PAP/project level and amount against PDF
Department of Agriculture,Farm-to-Market Roads,"","","Construction of Concepcion to Pantoc FMR, Brgy. Concepcion to Brgy. Pantoc, Zaragoza, Nueva Ecija",100000,2 - HB 10858 VOL IB.pdf,688,"Construction of Concepcion to Pantoc FMR, Brgy. Concepcion to Brgy. Pantoc, Zaragoza, Nueva Ecija | 100,000","Construction of Concepcion to Pantoc FMR, Brgy. Concepcion to Brgy. Pantoc, | Zaragoza, Nueva Ecija | 26, | 100,000",[amount below ₱1M; verify the printed amount cell],[],candidate; verify PAP/project level and amount against PDF
Department of Health,Health Facilities Enhancement Program,"","",San Antonio District Hospital,95000,2 - HB 10858 VOL IB.pdf,884,"San Antonio District Hospital | Total: 95,000","Guimba District Hospital | 50,000,000 | 100,000,000 | San Antonio District Hospital | 95,000 | Sto. Domingo District Hospital | 30,000,000 | 80,000,000",[],"['verify facility row, hierarchy, and printed Total column against the HFEP schedule']",candidate; verify against PDF
Department of Health,Health Facilities Enhancement Program,"","","City of Valenzuela, Mabolo Health Center",55000,2 - HB 10858 VOL IB.pdf,878,"City of Valenzuela, Mabolo Health Center | Total: 55,000","500,000 | City of Valenzuela, Gen. T. de Leon (GTDL) Lying-in Clinic | 285,000 | City of Valenzuela, Mabolo Health Center | 55,000 | City of Valenzuela, Malanday 3S Health Center | 190,000",[],"['verify facility row, hierarchy, and printed Total column against the HFEP schedule']",candidate; verify against PDF
Department of Agriculture,Farm-to-Market Roads,"","","Concreting of Brgy. Parian FMR, Brgy. Parian, Mexico, Pampanga",50000,2 - HB 10858 VOL IB.pdf,686,"Concreting of Brgy. Parian FMR, Brgy. Parian, Mexico, Pampanga | 050,000","Concreting of Brgy. Parian FMR, Brgy. Parian, Mexico, Pampanga | 25, | 000,000 | 10, | 050,000",[amount below ₱1M; verify the printed amount cell],[],candidate; verify PAP/project level and amount against PDF
