projectName,amountPesos,amountInfrastructurePesos,amountMedicalEquipmentPesos,amountMotorVehiclePesos,sourceVolume,sourcePage,sourceText,sourceContext,reviewNotes,reviewStatus
Dr. Jose N. Rodriguez Memorial Hospital and Sanitarium,610000000,610000000,,,2 - HB 10858 VOL IB.pdf,888,"Dr. Jose N. Rodriguez Memorial Hospital and Sanitarium | Total: 610,000,000","Metro Manila | 740,000,000 | Dr. Jose N. Rodriguez Memorial Hospital and Sanitarium | 610,000,000 | Las Piñas General Hospital and Satellite Trauma Center | 15,000,000","['verify facility row, hierarchy, and printed Total column against the HFEP schedule']",candidate; verify against PDF
Cauayan City Medical Center,360000000,360000000,,,2 - HB 10858 VOL IB.pdf,882,"Cauayan City Medical Center | Total: 360,000,000","360,000 | Angadanan Integrated Community Hospital | 30,000,000 | 20,000,000 | 50,000,000 | 170,000 | Cauayan City Medical Center | 360,000,000 | 140,000 | Cauayan District Hospital | 75,000,000 | 125,000,000 | 2,900,000","['verify facility row, hierarchy, and printed Total column against the HFEP schedule']",candidate; verify against PDF
Central Luzon Center for Health Development (Clark Multi- Specialty Medical Center),350000000,150000000,200000000,,2 - HB 10858 VOL IB.pdf,888,"Central Luzon Center for Health Development (Clark Multi- Specialty Medical Center) | Total: 350,000,000","4,000,000 | Pampanga | 150,000,000 | 200,000,000 | 350,000,000 | 4,700,000 | Central Luzon Center for Health Development (Clark Multi- | Specialty Medical Center)","['verify facility row, hierarchy, and printed Total column against the HFEP schedule']",candidate; verify against PDF
Liloy General Hospital,350000000,350000000,,,2 - HB 10858 VOL IB.pdf,888,"Liloy General Hospital | Total: 350,000,000","50,000,000 | Zamboanga del Norte | 350,000,000 | Liloy General Hospital","['verify facility row, hierarchy, and printed Total column against the HFEP schedule']",candidate; verify against PDF
Laoag City General Hospital,275000000,75000000,200000000,,2 - HB 10858 VOL IB.pdf,882,"Laoag City General Hospital | Total: 275,000,000","2,500,000 | Governor Roque B. Ablan Sr. Memorial Hospital | 50,000,000 | Laoag City General Hospital | 75,000,000 | 200,000,000 | 275,000,000","['verify facility row, hierarchy, and printed Total column against the HFEP schedule']",candidate; verify against PDF
West Visayas State University Medical Center,200000000,200000000,,,2 - HB 10858 VOL IB.pdf,892,"West Visayas State University Medical Center | Total: 200,000,000","City of Iloilo | 200,000,000 | 180,000 | West Visayas State University Medical Center","['verify facility row, hierarchy, and printed Total column against the HFEP schedule']",candidate; verify against PDF
Bangui District Hospital,175000000,175000000,,,2 - HB 10858 VOL IB.pdf,882,"Bangui District Hospital | Total: 175,000,000","2,500,000 | Ilocos Norte | 310,682,000 | 200,000,000 | 510,682,000 | Bangui District Hospital | 175,000,000 | Dona Josefa Edralin Marcos District Hospital | 10,682,000","['verify facility row, hierarchy, and printed Total column against the HFEP schedule']",candidate; verify against PDF
Rep. Pedro G. Trono Memorial Hospital,155000000,155000000,,,2 - HB 10858 VOL IB.pdf,884,"Rep. Pedro G. Trono Memorial Hospital | Total: 155,000,000","50,000,000 | 30,000,000 | 80,000,000 | Passi City Hospital | 15,000,000 | 25,000,000 | Rep. Pedro G. Trono Memorial Hospital | 155,000,000 | San Joaquin Mother & Child Hospital | 15,240,000","['verify facility row, hierarchy, and printed Total column against the HFEP schedule']",candidate; verify against PDF
Camiguin General Hospital,149703000,90000000,59703000,,2 - HB 10858 VOL IB.pdf,888,"Camiguin General Hospital | Total: 149,703,000","Camiguin | 90,000,000 | 59,703,000 | 149,703,000 | 50,000,000 | Camiguin General Hospital","['verify facility row, hierarchy, and printed Total column against the HFEP schedule']",candidate; verify against PDF
DOH Central Office,130700000,,,130700000,2 - HB 10858 VOL IB.pdf,892,"DOH Central Office | Total: 130,700,000","160,000 | Metro Manila | 130,700,000 | DOH Central Office","['verify facility row, hierarchy, and printed Total column against the HFEP schedule']",candidate; verify against PDF
SOCCSKSARGEN General Hospital,130000000,130000000,,,2 - HB 10858 VOL IB.pdf,890,"SOCCSKSARGEN General Hospital | Total: 130,000,000","South Cotabato | 130,000,000 | SOCCSKSARGEN General Hospital","['verify facility row, hierarchy, and printed Total column against the HFEP schedule']",candidate; verify against PDF
Cauayan District Hospital,125000000,50000000,75000000,,2 - HB 10858 VOL IB.pdf,882,"Cauayan District Hospital | Total: 125,000,000","170,000 | Cauayan City Medical Center | 360,000,000 | 140,000 | Cauayan District Hospital | 50,000,000 | 75,000,000 | 125,000,000 | 2,900,000 | Echague District Hospital | 20,000,000 | 40,000,000","['verify facility row, hierarchy, and printed Total column against the HFEP schedule']",candidate; verify against PDF
ASENSO Misamis Occidental Medical Center,120000000,,120000000,,2 - HB 10858 VOL IB.pdf,886,"ASENSO Misamis Occidental Medical Center | Total: 120,000,000","50,000,000 | 15,003,000 | 65,003,000 | Misamis Occidental | 3,500,000 | 120,000,000 | 123,500,000 | ASENSO Misamis Occidental Medical Center | Dona Marida D. Tan Memorial Hospital | 1,750,000","['verify facility row, hierarchy, and printed Total column against the HFEP schedule']",candidate; verify against PDF
Guimba District Hospital,100000000,50000000,50000000,,2 - HB 10858 VOL IB.pdf,884,"Guimba District Hospital | Total: 100,000,000","Nueva Ecija | 80,000,000 | 100,095,000 | 180,095,000 | Guimba District Hospital | 50,000,000 | 100,000,000 | San Antonio District Hospital | 95,000","['verify facility row, hierarchy, and printed Total column against the HFEP schedule']",candidate; verify against PDF
Siquijor Provincial Hospital,100000000,50000000,50000000,,2 - HB 10858 VOL IB.pdf,886,"Siquijor Provincial Hospital | Total: 100,000,000","Lazi Medicare Community Hospital | 35,000,000 | Siquijor Provincial Hospital | 50,000,000 | 100,000,000","['verify facility row, hierarchy, and printed Total column against the HFEP schedule']",candidate; verify against PDF
South Cotabato Provincial Hospital,100000000,100000000,,,2 - HB 10858 VOL IB.pdf,886,"South Cotabato Provincial Hospital | Total: 100,000,000","South Cotabato | 100,000,000 | 10,000,000 | South Cotabato Provincial Hospital","['verify facility row, hierarchy, and printed Total column against the HFEP schedule']",candidate; verify against PDF
Valenzuela Medical Center,100000000,100000000,,,2 - HB 10858 VOL IB.pdf,888,"Valenzuela Medical Center | Total: 100,000,000","National Center for Mental Health | 15,000,000 | Valenzuela Medical Center | 100,000,000","['verify facility row, hierarchy, and printed Total column against the HFEP schedule']",candidate; verify against PDF
Mayor Hilarion A. Ramiro Sr. Medical Center,100000000,100000000,,,2 - HB 10858 VOL IB.pdf,888,"Mayor Hilarion A. Ramiro Sr. Medical Center | Total: 100,000,000","10,000,000 | Misamis Occidental | 100,000,000 | Mayor Hilarion A. Ramiro Sr. Medical Center","['verify facility row, hierarchy, and printed Total column against the HFEP schedule']",candidate; verify against PDF
North Eastern Misamis General Hospital,100000000,100000000,,,2 - HB 10858 VOL IB.pdf,888,"North Eastern Misamis General Hospital | Total: 100,000,000","First Misamis Oriental General Hospital | 60,000,000 | 20,000,000 | 80,000,000 | 10,000,000 | North Eastern Misamis General Hospital | 100,000,000","['verify facility row, hierarchy, and printed Total column against the HFEP schedule']",candidate; verify against PDF
Samar Island Medical Center,90000000,80000000,10000000,,2 - HB 10858 VOL IB.pdf,888,"Samar Island Medical Center | Total: 90,000,000","15,000,000 | Samar | 80,000,000 | 10,000,000 | 90,000,000 | 100,000,000 | Samar Island Medical Center","['verify facility row, hierarchy, and printed Total column against the HFEP schedule']",candidate; verify against PDF
Valenzuela Health Medical Center (ValHealth),80000000,80000000,,,2 - HB 10858 VOL IB.pdf,882,"Valenzuela Health Medical Center (ValHealth) | Total: 80,000,000","17,500,000 | Sta. Ana Hospital | 7,000,000 | 2,500,000 | Valenzuela Health Medical Center (ValHealth) | 80,000,000","['verify facility row, hierarchy, and printed Total column against the HFEP schedule']",candidate; verify against PDF
Ospital ng Lungsod San Jose del Monte,80000000,,80000000,,2 - HB 10858 VOL IB.pdf,884,"Ospital ng Lungsod San Jose del Monte | Total: 80,000,000","NUMBER “1”  | Name of Projects and Facilities | Infrastructure | Motor Vehicle | Total | Equipment | Ospital ng Lungsod San Jose del Monte | 80,000,000 | St. Bernadette Children and Maternity Hospital | 50,000,000","['verify facility row, hierarchy, and printed Total column against the HFEP schedule']",candidate; verify against PDF
Sto. Domingo District Hospital,80000000,30000000,50000000,,2 - HB 10858 VOL IB.pdf,884,"Sto. Domingo District Hospital | Total: 80,000,000","San Antonio District Hospital | 95,000 | Sto. Domingo District Hospital | 30,000,000 | 50,000,000 | 80,000,000","['verify facility row, hierarchy, and printed Total column against the HFEP schedule']",candidate; verify against PDF
Batangas Provincial Medical Center,80000000,,80000000,,2 - HB 10858 VOL IB.pdf,884,"Batangas Provincial Medical Center | Total: 80,000,000","Batangas | 80,000,000 | Batangas Provincial Medical Center","['verify facility row, hierarchy, and printed Total column against the HFEP schedule']",candidate; verify against PDF
St. Paul Hospital,80000000,80000000,,,2 - HB 10858 VOL IB.pdf,886,"St. Paul Hospital | Total: 80,000,000","Misamis Oriental Provincial Hospital - Balingasag | 25,000,000 | 50,000,000 | 199,797,000 | 249,797,000 | St. Paul Hospital | 80,000,000","['verify facility row, hierarchy, and printed Total column against the HFEP schedule']",candidate; verify against PDF
First Misamis Oriental General Hospital,80000000,60000000,20000000,,2 - HB 10858 VOL IB.pdf,888,"First Misamis Oriental General Hospital | Total: 80,000,000","65,000,000 | 60,000,000 | 125,000,000 | Misamis Oriental | 160,000,000 | 20,000,000 | 180,000,000 | First Misamis Oriental General Hospital | 80,000,000 | 10,000,000 | North Eastern Misamis General Hospital | 100,000,000","['verify facility row, hierarchy, and printed Total column against the HFEP schedule']",candidate; verify against PDF
Candaba Municipal Infirmary,75000000,,75000000,,2 - HB 10858 VOL IB.pdf,884,"Candaba Municipal Infirmary | Total: 75,000,000","Pampanga | 75,000,000 | Candaba Municipal Infirmary","['verify facility row, hierarchy, and printed Total column against the HFEP schedule']",candidate; verify against PDF
Capiz General Hospital,75000000,25000000,50000000,,2 - HB 10858 VOL IB.pdf,884,"Capiz General Hospital | Total: 75,000,000","Capiz | 25,000,000 | 50,000,000 | 75,000,000 | 145,000,000 | 195,000,000 | Capiz General Hospital","['verify facility row, hierarchy, and printed Total column against the HFEP schedule']",candidate; verify against PDF
Butuan Medical Center,75000000,,75000000,,2 - HB 10858 VOL IB.pdf,886,"Butuan Medical Center | Total: 75,000,000","10,000,000 | City of Butuan | 75,000,000 | 12,500,000 | Butuan Medical Center","['verify facility row, hierarchy, and printed Total column against the HFEP schedule']",candidate; verify against PDF
Davao Occidental General Hospital,75000000,50000000,25000000,,2 - HB 10858 VOL IB.pdf,890,"Davao Occidental General Hospital | Total: 75,000,000","Davao Occidental | 50,000,000 | 25,000,000 | 75,000,000 | Davao Occidental General Hospital","['verify facility row, hierarchy, and printed Total column against the HFEP schedule']",candidate; verify against PDF
Manuel A. Roxas District Hospital,70000000,30000000,40000000,,2 - HB 10858 VOL IB.pdf,882,"Manuel A. Roxas District Hospital | Total: 70,000,000","18,000,000 | Mallig District Hospital | 20,000,000 | 40,000,000 | Manuel A. Roxas District Hospital | 30,000,000 | 70,000,000 | Quezon Community Hospital","['verify facility row, hierarchy, and printed Total column against the HFEP schedule']",candidate; verify against PDF
Cagayan Valley Medical Center,65000000,15000000,50000000,,2 - HB 10858 VOL IB.pdf,888,"Cagayan Valley Medical Center | Total: 65,000,000","Cagayan | 65,000,000 | 50,000,000 | 115,000,000 | Cagayan Valley Medical Center | 15,000,000 | Northwestern Cagayan General Hospital","['verify facility row, hierarchy, and printed Total column against the HFEP schedule']",candidate; verify against PDF
Dr. Catalino Gallego Nava Provincial Hospital,62000000,30000000,32000000,,2 - HB 10858 VOL IB.pdf,884,"Dr. Catalino Gallego Nava Provincial Hospital | Total: 62,000,000","80,000,000 | Buenavista Emergency Hospital | 50,000,000 | Dr. Catalino Gallego Nava Provincial Hospital | 30,000,000 | 32,000,000 | 62,000,000 | 35,000,000 | Nueva Valencia District Hospital | 25,000,000","['verify facility row, hierarchy, and printed Total column against the HFEP schedule']",candidate; verify against PDF
Southern Tagalog Regional Hospital,60000000,60000000,,,2 - HB 10858 VOL IB.pdf,888,"Southern Tagalog Regional Hospital | Total: 60,000,000","Cavite | 60,000,000 | 36,500,000 | 6,500,000 | 43,000,000 | Southern Tagalog Regional Hospital | 6,000,000","['verify facility row, hierarchy, and printed Total column against the HFEP schedule']",candidate; verify against PDF
"DOH DATRC - Pilar, Bataan",50000000,50000000,,,2 - HB 10858 VOL IB.pdf,890,"DOH DATRC - Pilar, Bataan | Total: 50,000,000","Bataan | 50,000,000 | DOH DATRC - Pilar, Bataan","['verify facility row, hierarchy, and printed Total column against the HFEP schedule']",candidate; verify against PDF
Kidapawan City Hospital,50000000,,50000000,,2 - HB 10858 VOL IB.pdf,886,"Kidapawan City Hospital | Total: 50,000,000","10,347,000 | Kidapawan City General Hospital | 35,000,000 | Kidapawan City Hospital | 50,000,000 | 55,500,000","['verify facility row, hierarchy, and printed Total column against the HFEP schedule']",candidate; verify against PDF
Pasay City General Hospital,50000000,25000000,25000000,,2 - HB 10858 VOL IB.pdf,882,"Pasay City General Hospital | Total: 50,000,000","Infrastructure | Motor Vehicle | Total | Name of Projects and Facilities | Equipment | 7,500,000 | 17,500,000 | 25,000,000 | Pasay City General Hospital | 50,000,000 | San Juan Medical Center | 20,000,000","['verify facility row, hierarchy, and printed Total column against the HFEP schedule']",candidate; verify against PDF
Governor Roque B. Ablan Sr. Memorial Hospital,50000000,50000000,,,2 - HB 10858 VOL IB.pdf,882,"Governor Roque B. Ablan Sr. Memorial Hospital | Total: 50,000,000","2,500,000 | Dona Josefa Edralin Marcos District Hospital | 10,682,000 | Governor Roque B. Ablan Sr. Memorial Hospital | 50,000,000 | Laoag City General Hospital | 75,000,000 | 200,000,000 | 275,000,000","['verify facility row, hierarchy, and printed Total column against the HFEP schedule']",candidate; verify against PDF
Angadanan Integrated Community Hospital,50000000,30000000,20000000,,2 - HB 10858 VOL IB.pdf,882,"Angadanan Integrated Community Hospital | Total: 50,000,000","2,900,000 | 3,570,000 | 6,470,000 | Isabela | 560,000,000 | 240,000,000 | 800,000,000 | 360,000 | Angadanan Integrated Community Hospital | 30,000,000 | 20,000,000 | 50,000,000 | 170,000 | Cauayan City Medical Center | 360,000,000 | 140,000","['verify facility row, hierarchy, and printed Total column against the HFEP schedule']",candidate; verify against PDF
Dr. Paulino J. Garcia Memorial Research and Medical Center,50000000,,50000000,,2 - HB 10858 VOL IB.pdf,888,"Dr. Paulino J. Garcia Memorial Research and Medical Center | Total: 50,000,000","Nueva Ecija | 60,000,000 | 76,200,000 | 25,000,000 | 101,200,000 | Dr. Paulino J. Garcia Memorial Research and Medical Center | 50,000,000 | Talavera General Hospital | 10,000,000","['verify facility row, hierarchy, and printed Total column against the HFEP schedule']",candidate; verify against PDF
Governor Faustino N. Dy Sr. Memorial Hospital,50000000,50000000,,,2 - HB 10858 VOL IB.pdf,882,"Governor Faustino N. Dy Sr. Memorial Hospital | Total: 50,000,000","Echague District Hospital | 20,000,000 | 40,000,000 | 2,900,000 | Governor Faustino N. Dy Sr. Memorial Hospital | 50,000,000 | 18,000,000 | Mallig District Hospital","['verify facility row, hierarchy, and printed Total column against the HFEP schedule']",candidate; verify against PDF
Caraga Regional Hospital,50000000,,50000000,,2 - HB 10858 VOL IB.pdf,890,"Caraga Regional Hospital | Total: 50,000,000","Surigao del Norte | 50,000,000 | Caraga Regional Hospital","['verify facility row, hierarchy, and printed Total column against the HFEP schedule']",candidate; verify against PDF
Amai Pakpak Medical Center,50000000,,50000000,,2 - HB 10858 VOL IB.pdf,888,"Amai Pakpak Medical Center | Total: 50,000,000","Lanao del Sur | 50,000,000 | 10,000,000 | Amai Pakpak Medical Center","['verify facility row, hierarchy, and printed Total column against the HFEP schedule']",candidate; verify against PDF
Cebu South Medical Center,50000000,,50000000,,2 - HB 10858 VOL IB.pdf,888,"Cebu South Medical Center | Total: 50,000,000","Cebu | 25,000,000 | 50,000,000 | 75,000,000 | 740,000,000 | Cebu South Medical Center | Eversley Child Sanitarium and General Hospital","['verify facility row, hierarchy, and printed Total column against the HFEP schedule']",candidate; verify against PDF
St. Bernadette Children and Maternity Hospital,50000000,,50000000,,2 - HB 10858 VOL IB.pdf,884,"St. Bernadette Children and Maternity Hospital | Total: 50,000,000","Ospital ng Lungsod San Jose del Monte | 80,000,000 | St. Bernadette Children and Maternity Hospital | 50,000,000","['verify facility row, hierarchy, and printed Total column against the HFEP schedule']",candidate; verify against PDF
Bataan General Hospital and Medical Center,50000000,50000000,,,2 - HB 10858 VOL IB.pdf,888,"Bataan General Hospital and Medical Center | Total: 50,000,000","Bataan | 90,000,000 | 28,000,000 | 3,300,000 | 31,300,000 | Bataan General Hospital and Medical Center | 50,000,000 | 20,000,000 | Mariveles Mental Wellness and General Hospital | 40,000,000","['verify facility row, hierarchy, and printed Total column against the HFEP schedule']",candidate; verify against PDF
Buenavista Emergency Hospital,50000000,,50000000,,2 - HB 10858 VOL IB.pdf,884,"Buenavista Emergency Hospital | Total: 50,000,000","80,000,000 | Guimaras | 55,000,000 | 82,000,000 | 137,000,000 | Buenavista Emergency Hospital | 50,000,000 | Dr. Catalino Gallego Nava Provincial Hospital | 30,000,000 | 32,000,000 | 62,000,000","['verify facility row, hierarchy, and printed Total column against the HFEP schedule']",candidate; verify against PDF
Iloilo Provincial Hospital,50000000,,50000000,,2 - HB 10858 VOL IB.pdf,884,"Iloilo Provincial Hospital | Total: 50,000,000","20,000,000 | Iloilo | 190,240,000 | 65,000,000 | 255,240,000 | Iloilo Provincial Hospital | 50,000,000 | 30,000,000 | 80,000,000 | Passi City Hospital | 15,000,000","['verify facility row, hierarchy, and printed Total column against the HFEP schedule']",candidate; verify against PDF
Bago City Hospital,50000000,50000000,,,2 - HB 10858 VOL IB.pdf,884,"Bago City Hospital | Total: 50,000,000","9,000,000 | Alfredo E. Maranon, Sr. Memorial District Hospital | 14,000,000 | 2,500,000 | Bago City Hospital | 50,000,000 | Cadiz City District Hospital | 19,704,000 | 13,500,000 | 33,204,000","['verify facility row, hierarchy, and printed Total column against the HFEP schedule']",candidate; verify against PDF
Northwestern Cagayan General Hospital,50000000,50000000,,,2 - HB 10858 VOL IB.pdf,888,"Northwestern Cagayan General Hospital | Total: 50,000,000","Cagayan Valley Medical Center | 15,000,000 | 50,000,000 | 65,000,000 | Northwestern Cagayan General Hospital","['verify facility row, hierarchy, and printed Total column against the HFEP schedule']",candidate; verify against PDF
Teresita L. Jalandoni Provincial Hospital,50000000,,50000000,,2 - HB 10858 VOL IB.pdf,884,"Teresita L. Jalandoni Provincial Hospital | Total: 50,000,000","39,000,000 | San Carlos City Hospital | 17,500,000 | 8,800,000 | 26,300,000 | 10,000,000 | Teresita L. Jalandoni Provincial Hospital | 50,000,000 | 16,000,000 | Valladolid District Hospital | 9,000,000","['verify facility row, hierarchy, and printed Total column against the HFEP schedule']",candidate; verify against PDF
Region I Medical Center,50000000,,50000000,,2 - HB 10858 VOL IB.pdf,888,"Region I Medical Center | Total: 50,000,000","Pangasinan | 50,000,000 | Region I Medical Center","['verify facility row, hierarchy, and printed Total column against the HFEP schedule']",candidate; verify against PDF
Mandaue City Hospital,50000000,50000000,,,2 - HB 10858 VOL IB.pdf,886,"Mandaue City Hospital | Total: 50,000,000","Cebu | 50,000,000 | Mandaue City Hospital","['verify facility row, hierarchy, and printed Total column against the HFEP schedule']",candidate; verify against PDF
Eastern Samar Provincial Hospital,50000000,,50000000,,2 - HB 10858 VOL IB.pdf,886,"Eastern Samar Provincial Hospital | Total: 50,000,000","Albino Duran Memorial Hospital | 2,800,000 | Eastern Samar Provincial Hospital | 50,000,000 | Felipe Abrigo Memorial Hospital | 6,000,000","['verify facility row, hierarchy, and printed Total column against the HFEP schedule']",candidate; verify against PDF
North Samar Provincial Hospital,50000000,,50000000,,2 - HB 10858 VOL IB.pdf,886,"North Samar Provincial Hospital | Total: 50,000,000","Dr. Gregorio B. Tan Memorial Hospital | 8,065,000 | North Samar Provincial Hospital | 50,000,000 | San Antonio District Hospital","['verify facility row, hierarchy, and printed Total column against the HFEP schedule']",candidate; verify against PDF
San Antonio District Hospital,50000000,50000000,,,2 - HB 10858 VOL IB.pdf,886,"San Antonio District Hospital | Total: 50,000,000","North Samar Provincial Hospital | 50,000,000 | San Antonio District Hospital","['verify facility row, hierarchy, and printed Total column against the HFEP schedule']",candidate; verify against PDF
JR Borja General Hospital,50000000,50000000,,,2 - HB 10858 VOL IB.pdf,886,"JR Borja General Hospital | Total: 50,000,000","City of Cagayan De Oro | 50,000,000 | JR Borja General Hospital","['verify facility row, hierarchy, and printed Total column against the HFEP schedule']",candidate; verify against PDF
Davao de Oro Provincial Hospital - Laak,50000000,50000000,,,2 - HB 10858 VOL IB.pdf,886,"Davao de Oro Provincial Hospital - Laak | Total: 50,000,000","Davao de Oro | 80,000,000 | 50,000,000 | 130,000,000 | 65,000,000 | Davao de Oro Provincial Hospital - Laak | 2,800,000 | Davao de Oro Provincial Hospital - Maragusan","['verify facility row, hierarchy, and printed Total column against the HFEP schedule']",candidate; verify against PDF
Davao de Oro Provincial Hospital - Maragusan,50000000,,50000000,,2 - HB 10858 VOL IB.pdf,886,"Davao de Oro Provincial Hospital - Maragusan | Total: 50,000,000","65,000,000 | Davao de Oro Provincial Hospital - Laak | 50,000,000 | 2,800,000 | Davao de Oro Provincial Hospital - Maragusan | Davao de Oro Provincial Hospital - Pantukan | 15,000,000","['verify facility row, hierarchy, and printed Total column against the HFEP schedule']",candidate; verify against PDF
Mariano Marcos Memorial Hospital and Medical Center,50000000,,50000000,,2 - HB 10858 VOL IB.pdf,888,"Mariano Marcos Memorial Hospital and Medical Center | Total: 50,000,000","Ilocos Norte | 50,000,000 | Mariano Marcos Memorial Hospital and Medical Center","['verify facility row, hierarchy, and printed Total column against the HFEP schedule']",candidate; verify against PDF
Coron District Hospital,50000000,30000000,20000000,,2 - HB 10858 VOL IB.pdf,884,"Coron District Hospital | Total: 50,000,000","Araceli Dumaran District Hospital | 4,500,000 | Coron District Hospital | 30,000,000 | 20,000,000 | 50,000,000 | El Nido Community Hospital","['verify facility row, hierarchy, and printed Total column against the HFEP schedule']",candidate; verify against PDF
Morong District Hospital,49000000,,49000000,,2 - HB 10858 VOL IB.pdf,882,"Morong District Hospital | Total: 49,000,000","8,400,000 | Bataan | 63,600,000 | 13,000,000 | Morong District Hospital | 49,000,000 | 19,365,000 | Jose C. Payumo Jr. Memorial Hospital | 14,600,000","['verify facility row, hierarchy, and printed Total column against the HFEP schedule']",candidate; verify against PDF
Victorias City Rural Health Unit,46500000,35000000,11500000,,2 - HB 10858 VOL IB.pdf,880,"Victorias City Rural Health Unit | Total: 46,500,000","Talisay City Rural Health Unit | 17,500,000 | Victorias City Rural Health Unit | 35,000,000 | 11,500,000 | 46,500,000","['verify facility row, hierarchy, and printed Total column against the HFEP schedule']",candidate; verify against PDF
Cadiz City Hospital (Different Facility from Cadiz DISTRICT Hospital),44200000,24200000,20000000,,2 - HB 10858 VOL IB.pdf,884,"Cadiz City Hospital (Different Facility from Cadiz DISTRICT Hospital) | Total: 44,200,000","Cadiz City District Hospital | 19,704,000 | 13,500,000 | 33,204,000 | 30,000,000 | Cadiz City Hospital (Different Facility from Cadiz DISTRICT | 10,000,000 | Hospital) | 24,200,000 | 20,000,000 | 44,200,000","['verify facility row, hierarchy, and printed Total column against the HFEP schedule']",candidate; verify against PDF
Davao del Norte Hospital- Kapalong Zone,40000000,20000000,20000000,,2 - HB 10858 VOL IB.pdf,886,"Davao del Norte Hospital- Kapalong Zone | Total: 40,000,000","33,750,000 | Davao del Norte Hospital- Carmen Zone | 30,000,000 | 2,300,000 | Davao del Norte Hospital- Kapalong Zone | 20,000,000 | 40,000,000 | 4,000,000 | Davao Prison and Penal Farm Hospital | 2,900,000","['verify facility row, hierarchy, and printed Total column against the HFEP schedule']",candidate; verify against PDF
Mariveles Mental Wellness and General Hospital,40000000,40000000,,,2 - HB 10858 VOL IB.pdf,888,"Mariveles Mental Wellness and General Hospital | Total: 40,000,000","28,000,000 | 3,300,000 | 31,300,000 | Bataan General Hospital and Medical Center | 50,000,000 | 20,000,000 | Mariveles Mental Wellness and General Hospital | 40,000,000 | 2,300,000","['verify facility row, hierarchy, and printed Total column against the HFEP schedule']",candidate; verify against PDF
Laguna Regional Hospital,40000000,40000000,,,2 - HB 10858 VOL IB.pdf,888,"Laguna Regional Hospital | Total: 40,000,000","6,000,000 | Laguna | 40,000,000 | 20,000,000 | 6,500,000 | 26,500,000 | Laguna Regional Hospital | 4,500,000","['verify facility row, hierarchy, and printed Total column against the HFEP schedule']",candidate; verify against PDF
Southern Luzon Multi-Specialty Medical Center,40000000,40000000,,,2 - HB 10858 VOL IB.pdf,888,"Southern Luzon Multi-Specialty Medical Center | Total: 40,000,000","6,000,000 | 13,000,000 | 19,000,000 | Lucena City Hospital | 20,000,000 | Southern Luzon Multi-Specialty Medical Center | 40,000,000","['verify facility row, hierarchy, and printed Total column against the HFEP schedule']",candidate; verify against PDF
Aurora Memorial Hospital,40000000,10000000,30000000,,2 - HB 10858 VOL IB.pdf,882,"Aurora Memorial Hospital | Total: 40,000,000","120,000,000 | 207,765,000 | 327,765,000 | Aurora | 10,000,000 | 30,000,000 | 40,000,000 | 25,000,000 | Aurora Memorial Hospital | 20,000,000","['verify facility row, hierarchy, and printed Total column against the HFEP schedule']",candidate; verify against PDF
Mallig District Hospital,40000000,20000000,20000000,,2 - HB 10858 VOL IB.pdf,882,"Mallig District Hospital | Total: 40,000,000","Governor Faustino N. Dy Sr. Memorial Hospital | 50,000,000 | 18,000,000 | Mallig District Hospital | 20,000,000 | 40,000,000 | Manuel A. Roxas District Hospital | 30,000,000 | 70,000,000","['verify facility row, hierarchy, and printed Total column against the HFEP schedule']",candidate; verify against PDF
Echague District Hospital,40000000,20000000,20000000,,2 - HB 10858 VOL IB.pdf,882,"Echague District Hospital | Total: 40,000,000","140,000 | Cauayan District Hospital | 50,000,000 | 75,000,000 | 125,000,000 | 2,900,000 | Echague District Hospital | 20,000,000 | 40,000,000 | Governor Faustino N. Dy Sr. Memorial Hospital","['verify facility row, hierarchy, and printed Total column against the HFEP schedule']",candidate; verify against PDF
Adela Serra Ty Memorial Medical Center,37000000,,37000000,,2 - HB 10858 VOL IB.pdf,890,"Adela Serra Ty Memorial Medical Center | Total: 37,000,000","Surigao del Sur | 37,000,000 | Adela Serra Ty Memorial Medical Center","['verify facility row, hierarchy, and printed Total column against the HFEP schedule']",candidate; verify against PDF
Kidapawan City General Hospital,35000000,,35000000,,2 - HB 10858 VOL IB.pdf,886,"Kidapawan City General Hospital | Total: 35,000,000","10,347,000 | Cotabato Provincial Hospital | 17,500,000 | Kidapawan City General Hospital | 35,000,000 | Kidapawan City Hospital | 50,000,000","['verify facility row, hierarchy, and printed Total column against the HFEP schedule']",candidate; verify against PDF
Lazi Medicare Community Hospital,35000000,,35000000,,2 - HB 10858 VOL IB.pdf,886,"Lazi Medicare Community Hospital | Total: 35,000,000","Siquijor | 50,000,000 | 85,000,000 | 135,000,000 | Lazi Medicare Community Hospital | 35,000,000 | Siquijor Provincial Hospital | 100,000,000","['verify facility row, hierarchy, and printed Total column against the HFEP schedule']",candidate; verify against PDF
Tagbilaran City Super Mega Health Center,35000000,,35000000,,2 - HB 10858 VOL IB.pdf,880,"Tagbilaran City Super Mega Health Center | Total: 35,000,000","Dauis Super Health Center | 1,750,000 | 2,900,000 | Tagbilaran City Super Mega Health Center | 35,000,000 | Tubigon Rural Health Unit II | 1,500,000","['verify facility row, hierarchy, and printed Total column against the HFEP schedule']",candidate; verify against PDF
Cotabato Sanitarium and General Hospital,35000000,,35000000,,2 - HB 10858 VOL IB.pdf,890,"Cotabato Sanitarium and General Hospital | Total: 35,000,000","Cotabato Regional and Medical Center | 20,000,000 | Cotabato Sanitarium and General Hospital | 35,000,000","['verify facility row, hierarchy, and printed Total column against the HFEP schedule']",candidate; verify against PDF
Basilan Medical Center,35000000,15000000,20000000,,2 - HB 10858 VOL IB.pdf,890,"Basilan Medical Center | Total: 35,000,000","Basilan | 15,000,000 | 20,000,000 | 35,000,000 | Basilan Medical Center","['verify facility row, hierarchy, and printed Total column against the HFEP schedule']",candidate; verify against PDF
Cadiz City District Hospital,33204000,19704000,13500000,,2 - HB 10858 VOL IB.pdf,884,"Cadiz City District Hospital | Total: 33,204,000","2,500,000 | Bago City Hospital | 50,000,000 | Cadiz City District Hospital | 19,704,000 | 13,500,000 | 33,204,000 | 30,000,000 | Cadiz City Hospital (Different Facility from Cadiz DISTRICT","['verify facility row, hierarchy, and printed Total column against the HFEP schedule']",candidate; verify against PDF
Gov. Valeriano M. Gatuslao Memorial District Hospital,31500000,17500000,14000000,,2 - HB 10858 VOL IB.pdf,884,"Gov. Valeriano M. Gatuslao Memorial District Hospital | Total: 31,500,000","10,000,000 | Don Salvador Benedicto Memorial District Hospital | 13,500,000 | Gov. Valeriano M. Gatuslao Memorial District Hospital | 17,500,000 | 14,000,000 | 31,500,000 | La Castellana Hospital | 5,500,000","['verify facility row, hierarchy, and printed Total column against the HFEP schedule']",candidate; verify against PDF
Subic General Hospital,30000000,,30000000,,2 - HB 10858 VOL IB.pdf,884,"Subic General Hospital | Total: 30,000,000","San Marcelino District Hospital | 10,000,000 | Subic General Hospital | 30,000,000","['verify facility row, hierarchy, and printed Total column against the HFEP schedule']",candidate; verify against PDF
Western Visayas Sanitarium and General Hospital,30000000,10000000,20000000,,2 - HB 10858 VOL IB.pdf,888,"Western Visayas Sanitarium and General Hospital | Total: 30,000,000","4,000,000 | Western Visayas Medical Center | 30,000,000 | Western Visayas Sanitarium and General Hospital | 10,000,000 | 20,000,000 | 2,275,000,000 | 856,703,000 | 3,131,703,000","['verify facility row, hierarchy, and printed Total column against the HFEP schedule']",candidate; verify against PDF
Western Visayas Medical Center,30000000,30000000,,,2 - HB 10858 VOL IB.pdf,888,"Western Visayas Medical Center | Total: 30,000,000","5,500,000 | Iloilo | 40,000,000 | 20,000,000 | 60,000,000 | 4,000,000 | Western Visayas Medical Center | 30,000,000 | Western Visayas Sanitarium and General Hospital | 10,000,000","['verify facility row, hierarchy, and printed Total column against the HFEP schedule']",candidate; verify against PDF
Ilocos Training and Regional Medical Center,30000000,,30000000,,2 - HB 10858 VOL IB.pdf,888,"Ilocos Training and Regional Medical Center | Total: 30,000,000","La Union | 30,000,000 | Ilocos Training and Regional Medical Center","['verify facility row, hierarchy, and printed Total column against the HFEP schedule']",candidate; verify against PDF
Davao del Norte Hospital- Carmen Zone,30000000,,30000000,,2 - HB 10858 VOL IB.pdf,886,"Davao del Norte Hospital- Carmen Zone | Total: 30,000,000","Davao del Norte Hospital - Kapalong | 2,900,000 | 33,750,000 | Davao del Norte Hospital- Carmen Zone | 30,000,000 | 2,300,000 | Davao del Norte Hospital- Kapalong Zone | 20,000,000 | 40,000,000","['verify facility row, hierarchy, and printed Total column against the HFEP schedule']",candidate; verify against PDF
Ospital Ng Paranaque II,30000000,,30000000,,2 - HB 10858 VOL IB.pdf,882,"Ospital Ng Paranaque II | Total: 30,000,000","Ospital Ng Paranaque I | 25,000,000 | Ospital Ng Paranaque II | 30,000,000 | Ospital ng Sampaloc | 15,000,000","['verify facility row, hierarchy, and printed Total column against the HFEP schedule']",candidate; verify against PDF
Angel Salazar Memorial General Hospital,30000000,20000000,10000000,,2 - HB 10858 VOL IB.pdf,884,"Angel Salazar Memorial General Hospital | Total: 30,000,000","20,000,000 | Antique | 50,000,000 | 10,000,000 | 60,000,000 | Angel Salazar Memorial General Hospital | 30,000,000 | 40,000,000 | Patnongon Community Hospital","['verify facility row, hierarchy, and printed Total column against the HFEP schedule']",candidate; verify against PDF
Sta. Rosa City Community Hospital,30000000,,30000000,,2 - HB 10858 VOL IB.pdf,884,"Sta. Rosa City Community Hospital | Total: 30,000,000","San Pablo City District Hospital | 25,000,000 | Sta. Rosa City Community Hospital | 30,000,000","['verify facility row, hierarchy, and printed Total column against the HFEP schedule']",candidate; verify against PDF
Negros Oriental Provincial Hospital,28500000,11500000,17000000,,2 - HB 10858 VOL IB.pdf,884,"Negros Oriental Provincial Hospital | Total: 28,500,000","31,500,000 | Luz-Sikatuna Community Primary Hospital | 9,500,000 | 19,000,000 | 28,500,000 | 10,000,000 | Negros Oriental Provincial Hospital | 11,500,000 | 17,000,000 | Tanjay City General Hospital | 22,000,000","['verify facility row, hierarchy, and printed Total column against the HFEP schedule']",candidate; verify against PDF
Luz-Sikatuna Community Primary Hospital,28500000,9500000,19000000,,2 - HB 10858 VOL IB.pdf,884,"Luz-Sikatuna Community Primary Hospital | Total: 28,500,000","Gov. William Villegas Memorial Hospital | 20,000,000 | 8,000,000 | 28,000,000 | 31,500,000 | Luz-Sikatuna Community Primary Hospital | 9,500,000 | 19,000,000 | 28,500,000 | 10,000,000 | Negros Oriental Provincial Hospital | 11,500,000 | 17,000,000","['verify facility row, hierarchy, and printed Total column against the HFEP schedule']",candidate; verify against PDF
Gov. William Villegas Memorial Hospital,28000000,20000000,8000000,,2 - HB 10858 VOL IB.pdf,884,"Gov. William Villegas Memorial Hospital | Total: 28,000,000","4,500,000 | Cong. Lamberto L. Macias Memorial Hospital | 11,500,000 | 23,000,000 | Gov. William Villegas Memorial Hospital | 20,000,000 | 8,000,000 | 28,000,000 | 31,500,000 | Luz-Sikatuna Community Primary Hospital | 9,500,000 | 19,000,000 | 28,500,000","['verify facility row, hierarchy, and printed Total column against the HFEP schedule']",candidate; verify against PDF
Iranon Provincial Hospital,26500000,20000000,6500000,,2 - HB 10858 VOL IB.pdf,888,"Iranon Provincial Hospital | Total: 26,500,000","Datu Odin Sinsuat District Hospital | 6,000,000 | Iranon Provincial Hospital | 20,000,000 | 6,500,000 | 26,500,000 | Sibuto District Hospital | 4,500,000","['verify facility row, hierarchy, and printed Total column against the HFEP schedule']",candidate; verify against PDF
Bayawan District Hospital,26500000,13000000,13500000,,2 - HB 10858 VOL IB.pdf,884,"Bayawan District Hospital | Total: 26,500,000","55,000,000 | 29,000,000 | 84,000,000 | Bais City District Hospital | 8,800,000 | 13,500,000 | 22,300,000 | 25,000,000 | Bayawan District Hospital | 13,000,000 | 26,500,000 | 4,500,000 | Bindoy District Hospital","['verify facility row, hierarchy, and printed Total column against the HFEP schedule']",candidate; verify against PDF
Ibajay District Hospital,26500000,15000000,11500000,,2 - HB 10858 VOL IB.pdf,884,"Ibajay District Hospital | Total: 26,500,000","11,700,000 | Dr. Ramon B. Legaspi Sr. Memorial Hospital | 25,000,000 | 20,000,000 | Ibajay District Hospital | 15,000,000 | 11,500,000 | 26,500,000 | 10,000,000","['verify facility row, hierarchy, and printed Total column against the HFEP schedule']",candidate; verify against PDF
San Carlos City Hospital,26300000,17500000,8800000,,2 - HB 10858 VOL IB.pdf,884,"San Carlos City Hospital | Total: 26,300,000","La Castellana Hospital | 5,500,000 | 39,000,000 | San Carlos City Hospital | 17,500,000 | 8,800,000 | 26,300,000 | 10,000,000 | Teresita L. Jalandoni Provincial Hospital | 50,000,000","['verify facility row, hierarchy, and printed Total column against the HFEP schedule']",candidate; verify against PDF
Guimbal Iloilo Dialysis Center,25000000,,25000000,,2 - HB 10858 VOL IB.pdf,892,"Guimbal Iloilo Dialysis Center | Total: 25,000,000","110,000 | Tigbauan, Iloilo Dialysis Center | 6,000,000 | Guimbal Iloilo Dialysis Center | 25,000,000","['verify facility row, hierarchy, and printed Total column against the HFEP schedule']",candidate; verify against PDF
"DOH DATRC - San Fernando, La Union",25000000,,25000000,,2 - HB 10858 VOL IB.pdf,890,"DOH DATRC - San Fernando, La Union | Total: 25,000,000","25,000,000 | La Union | DOH DATRC - San Fernando, La Union","['verify facility row, hierarchy, and printed Total column against the HFEP schedule']",candidate; verify against PDF
Ospital ng Biñan,25000000,25000000,,,2 - HB 10858 VOL IB.pdf,884,"Ospital ng Biñan | Total: 25,000,000","Laguna | 50,000,000 | 30,000,000 | 80,000,000 | Ospital ng Biñan | 25,000,000 | San Pablo City District Hospital","['verify facility row, hierarchy, and printed Total column against the HFEP schedule']",candidate; verify against PDF
San Pablo City District Hospital,25000000,25000000,,,2 - HB 10858 VOL IB.pdf,884,"San Pablo City District Hospital | Total: 25,000,000","Ospital ng Biñan | 25,000,000 | San Pablo City District Hospital | Sta. Rosa City Community Hospital | 30,000,000","['verify facility row, hierarchy, and printed Total column against the HFEP schedule']",candidate; verify against PDF
Aborlan Medicare Hospital,25000000,25000000,,,2 - HB 10858 VOL IB.pdf,884,"Aborlan Medicare Hospital | Total: 25,000,000","Palawan | 55,000,000 | 29,000,000 | 84,000,000 | Aborlan Medicare Hospital | 25,000,000 | Araceli Dumaran District Hospital | 4,500,000","['verify facility row, hierarchy, and printed Total column against the HFEP schedule']",candidate; verify against PDF
Eastern Bicol Medical Center,25000000,,25000000,,2 - HB 10858 VOL IB.pdf,884,"Eastern Bicol Medical Center | Total: 25,000,000","30,000,000 | 50,000,000 | 80,000,000 | Catanduanes | 25,000,000 | Eastern Bicol Medical Center | 75,000,000","['verify facility row, hierarchy, and printed Total column against the HFEP schedule']",candidate; verify against PDF
Eversley Child Sanitarium and General Hospital,25000000,25000000,,,2 - HB 10858 VOL IB.pdf,888,"Eversley Child Sanitarium and General Hospital | Total: 25,000,000","740,000,000 | Cebu South Medical Center | 50,000,000 | Eversley Child Sanitarium and General Hospital | 25,000,000","['verify facility row, hierarchy, and printed Total column against the HFEP schedule']",candidate; verify against PDF
Justice Jose Abad Santos General Hospital,25000000,,25000000,,2 - HB 10858 VOL IB.pdf,882,"Justice Jose Abad Santos General Hospital | Total: 25,000,000","Metro Manila | 120,000,000 | 207,765,000 | 327,765,000 | Justice Jose Abad Santos General Hospital | 25,000,000 | Mandaluyong City Medical Center | 20,000,000","['verify facility row, hierarchy, and printed Total column against the HFEP schedule']",candidate; verify against PDF
Dr. Ramon B. Legaspi Sr. Memorial Hospital,25000000,25000000,,,2 - HB 10858 VOL IB.pdf,884,"Dr. Ramon B. Legaspi Sr. Memorial Hospital | Total: 25,000,000","20,000,000 | Aklan | 40,000,000 | 11,500,000 | 51,500,000 | 11,700,000 | Dr. Ramon B. Legaspi Sr. Memorial Hospital | 25,000,000 | Ibajay District Hospital | 15,000,000 | 26,500,000","['verify facility row, hierarchy, and printed Total column against the HFEP schedule']",candidate; verify against PDF
Saint Francis II Super Health Center,25000000,25000000,,,2 - HB 10858 VOL IB.pdf,878,"Saint Francis II Super Health Center | Total: 25,000,000","25,000,000 | 500,000 | Bataan | Saint Francis II Super Health Center","['verify facility row, hierarchy, and printed Total column against the HFEP schedule']",candidate; verify against PDF
Ospital Ng Paranaque I,25000000,,25000000,,2 - HB 10858 VOL IB.pdf,882,"Ospital Ng Paranaque I | Total: 25,000,000","Ospital ng Muntinlupa | 15,000,000 | Ospital Ng Paranaque I | 25,000,000 | Ospital Ng Paranaque II | 30,000,000","['verify facility row, hierarchy, and printed Total column against the HFEP schedule']",candidate; verify against PDF
Misamis Oriental Provincial Hospital - Balingasag,25000000,,25000000,,2 - HB 10858 VOL IB.pdf,886,"Misamis Oriental Provincial Hospital - Balingasag | Total: 25,000,000","50,000,000 | El Salvador Infirmary | 1,750,000 | Misamis Oriental Provincial Hospital - Balingasag | 25,000,000 | 199,797,000 | 249,797,000 | St. Paul Hospital | 80,000,000","['verify facility row, hierarchy, and printed Total column against the HFEP schedule']",candidate; verify against PDF
Nueva Valencia District Hospital,25000000,25000000,,,2 - HB 10858 VOL IB.pdf,884,"Nueva Valencia District Hospital | Total: 25,000,000","Dr. Catalino Gallego Nava Provincial Hospital | 30,000,000 | 32,000,000 | 62,000,000 | 35,000,000 | Nueva Valencia District Hospital | 25,000,000 | 15,000,000","['verify facility row, hierarchy, and printed Total column against the HFEP schedule']",candidate; verify against PDF
Roxas Community Hospital,25000000,,25000000,,2 - HB 10858 VOL IB.pdf,882,"Roxas Community Hospital | Total: 25,000,000","18,000,000 | Quezon Community Hospital | 20,000,000 | 6,000,000 | Roxas Community Hospital | 25,000,000 | San Mateo Community Hospital","['verify facility row, hierarchy, and printed Total column against the HFEP schedule']",candidate; verify against PDF
Canlaon City District Hospital,25000000,18000000,7000000,,2 - HB 10858 VOL IB.pdf,884,"Canlaon City District Hospital | Total: 25,000,000","4,500,000 | Bindoy District Hospital | 13,500,000 | 30,000,000 | 20,000,000 | 50,000,000 | Canlaon City District Hospital | 18,000,000 | 7,000,000 | 25,000,000 | Cong. Lamberto L. Macias Memorial Hospital | 11,500,000 | 23,000,000","['verify facility row, hierarchy, and printed Total column against the HFEP schedule']",candidate; verify against PDF
Cong. Lamberto L. Macias Memorial Hospital,23000000,11500000,11500000,,2 - HB 10858 VOL IB.pdf,884,"Cong. Lamberto L. Macias Memorial Hospital | Total: 23,000,000","30,000,000 | 20,000,000 | 50,000,000 | Canlaon City District Hospital | 18,000,000 | 7,000,000 | 25,000,000 | 4,500,000 | Cong. Lamberto L. Macias Memorial Hospital | 11,500,000 | 23,000,000 | Gov. William Villegas Memorial Hospital | 8,000,000 | 28,000,000","['verify facility row, hierarchy, and printed Total column against the HFEP schedule']",candidate; verify against PDF
Bais City District Hospital,22300000,8800000,13500000,,2 - HB 10858 VOL IB.pdf,884,"Bais City District Hospital | Total: 22,300,000","Negros Oriental | 127,800,000 | 89,500,000 | 217,300,000 | 55,000,000 | 29,000,000 | 84,000,000 | Bais City District Hospital | 8,800,000 | 13,500,000 | 22,300,000 | 25,000,000 | Bayawan District Hospital | 13,000,000 | 26,500,000","['verify facility row, hierarchy, and printed Total column against the HFEP schedule']",candidate; verify against PDF
Tanjay City General Hospital,22000000,22000000,,,2 - HB 10858 VOL IB.pdf,884,"Tanjay City General Hospital | Total: 22,000,000","10,000,000 | Negros Oriental Provincial Hospital | 11,500,000 | 17,000,000 | 28,500,000 | Tanjay City General Hospital | 22,000,000","['verify facility row, hierarchy, and printed Total column against the HFEP schedule']",candidate; verify against PDF
Tarlac Provincial Hospital,20000000,,20000000,,2 - HB 10858 VOL IB.pdf,884,"Tarlac Provincial Hospital | Total: 20,000,000","Tarlac City General Hospital | 10,000,000 | Tarlac Provincial Hospital | 20,000,000","['verify facility row, hierarchy, and printed Total column against the HFEP schedule']",candidate; verify against PDF
Region II Sub National Reference Laboratory,20000000,20000000,,,2 - HB 10858 VOL IB.pdf,892,"Region II Sub National Reference Laboratory | Total: 20,000,000","Isabela | 20,000,000 | Region II Sub National Reference Laboratory","['verify facility row, hierarchy, and printed Total column against the HFEP schedule']",candidate; verify against PDF
Camiling District Hospital,20000000,,20000000,,2 - HB 10858 VOL IB.pdf,884,"Camiling District Hospital | Total: 20,000,000","Tarlac | 71,600,000 | 90,000,000 | 161,600,000 | Camiling District Hospital | 20,000,000 | Capas Medical Complex | 5,400,000","['verify facility row, hierarchy, and printed Total column against the HFEP schedule']",candidate; verify against PDF
Bulan Medicare Hospital,20000000,20000000,,,2 - HB 10858 VOL IB.pdf,884,"Bulan Medicare Hospital | Total: 20,000,000","20,000,000 | Sorsogon | 40,000,000 | 5,400,000 | Bulan Medicare Hospital | 14,500,000 | Gubat District Hospital","['verify facility row, hierarchy, and printed Total column against the HFEP schedule']",candidate; verify against PDF
San Mateo Community Hospital,20000000,,20000000,,2 - HB 10858 VOL IB.pdf,882,"San Mateo Community Hospital | Total: 20,000,000","6,000,000 | Roxas Community Hospital | 25,000,000 | San Mateo Community Hospital | 20,000,000","['verify facility row, hierarchy, and printed Total column against the HFEP schedule']",candidate; verify against PDF
Gilberto O. Teodoro Memorial Hospital,20000000,10000000,10000000,,2 - HB 10858 VOL IB.pdf,884,"Gilberto O. Teodoro Memorial Hospital | Total: 20,000,000","20,000,000 | District Hospital | Gilberto O. Teodoro Memorial Hospital | 10,000,000 | La Paz Medicare and Community Hospital","['verify facility row, hierarchy, and printed Total column against the HFEP schedule']",candidate; verify against PDF
Quezon Community Hospital,20000000,,20000000,,2 - HB 10858 VOL IB.pdf,882,"Quezon Community Hospital | Total: 20,000,000","Manuel A. Roxas District Hospital | 30,000,000 | 40,000,000 | 70,000,000 | 18,000,000 | Quezon Community Hospital | 20,000,000 | 6,000,000 | Roxas Community Hospital | 25,000,000","['verify facility row, hierarchy, and printed Total column against the HFEP schedule']",candidate; verify against PDF
La Paz Medicare and Community Hospital,20000000,20000000,,,2 - HB 10858 VOL IB.pdf,884,"La Paz Medicare and Community Hospital | Total: 20,000,000","Gilberto O. Teodoro Memorial Hospital | 10,000,000 | 20,000,000 | La Paz Medicare and Community Hospital | Moncada District Hospital | 11,700,000","['verify facility row, hierarchy, and printed Total column against the HFEP schedule']",candidate; verify against PDF
Leyte Provincial Hospital,20000000,,20000000,,2 - HB 10858 VOL IB.pdf,886,"Leyte Provincial Hospital | Total: 20,000,000","Carigara District Hospital | 4,000,000 | Leyte Provincial Hospital | 20,000,000 | Matalom Community Hospital | 450,000","['verify facility row, hierarchy, and printed Total column against the HFEP schedule']",candidate; verify against PDF
"Sara, Iloilo Dialysis Center",20000000,20000000,,,2 - HB 10858 VOL IB.pdf,892,"Sara, Iloilo Dialysis Center | Total: 20,000,000","Iloilo | 26,000,000 | 25,000,000 | 51,000,000 | Sara, Iloilo Dialysis Center | 20,000,000","['verify facility row, hierarchy, and printed Total column against the HFEP schedule']",candidate; verify against PDF
Sara District Hospital,20000000,20000000,,,2 - HB 10858 VOL IB.pdf,884,"Sara District Hospital | Total: 20,000,000","25,000,000 | San Joaquin Mother & Child Hospital | 15,240,000 | 30,000,000 | Sara District Hospital | 20,000,000","['verify facility row, hierarchy, and printed Total column against the HFEP schedule']",candidate; verify against PDF
San Juan Medical Center,20000000,,20000000,,2 - HB 10858 VOL IB.pdf,882,"San Juan Medical Center | Total: 20,000,000","7,500,000 | 17,500,000 | 25,000,000 | Pasay City General Hospital | 50,000,000 | San Juan Medical Center | 20,000,000 | Sta. Ana Hospital | 7,000,000","['verify facility row, hierarchy, and printed Total column against the HFEP schedule']",candidate; verify against PDF
Sub National Reference Laboratory,20000000,20000000,,,2 - HB 10858 VOL IB.pdf,892,"Sub National Reference Laboratory | Total: 20,000,000","SOCCSKSARGEN Sub National Reference Laboratory | 20,000,000 | Sub National Reference Laboratory","['verify facility row, hierarchy, and printed Total column against the HFEP schedule']",candidate; verify against PDF
Cortes Municipal Hospital,20000000,20000000,,,2 - HB 10858 VOL IB.pdf,888,"Cortes Municipal Hospital | Total: 20,000,000","Surigao del Sur | 28,000,000 | 3,300,000 | 31,300,000 | Cortes Municipal Hospital | 20,000,000 | Lianga District Hospital | 2,300,000","['verify facility row, hierarchy, and printed Total column against the HFEP schedule']",candidate; verify against PDF
Patnongon Community Hospital,20000000,20000000,,,2 - HB 10858 VOL IB.pdf,884,"Patnongon Community Hospital | Total: 20,000,000","Angel Salazar Memorial General Hospital | 20,000,000 | 10,000,000 | 30,000,000 | 40,000,000 | Patnongon Community Hospital | Ramon Maza Sr. Memorial District Hospital","['verify facility row, hierarchy, and printed Total column against the HFEP schedule']",candidate; verify against PDF
Paniqui General Hospital,20000000,,20000000,,2 - HB 10858 VOL IB.pdf,884,"Paniqui General Hospital | Total: 20,000,000","Moncada District Hospital | 11,700,000 | Paniqui General Hospital | 20,000,000 | Tarlac City General Hospital | 10,000,000","['verify facility row, hierarchy, and printed Total column against the HFEP schedule']",candidate; verify against PDF
Lucena City Hospital,20000000,20000000,,,2 - HB 10858 VOL IB.pdf,888,"Lucena City Hospital | Total: 20,000,000","Quezon | 60,000,000 | 6,000,000 | 13,000,000 | 19,000,000 | Lucena City Hospital | 20,000,000 | Southern Luzon Multi-Specialty Medical Center | 40,000,000","['verify facility row, hierarchy, and printed Total column against the HFEP schedule']",candidate; verify against PDF
SOCCSKSARGEN Sub National Reference Laboratory,20000000,20000000,,,2 - HB 10858 VOL IB.pdf,892,"SOCCSKSARGEN Sub National Reference Laboratory | Total: 20,000,000","South Cotabato | 40,000,000 | SOCCSKSARGEN Sub National Reference Laboratory | 20,000,000 | Sub National Reference Laboratory","['verify facility row, hierarchy, and printed Total column against the HFEP schedule']",candidate; verify against PDF
Mandaluyong City Medical Center,20000000,,20000000,,2 - HB 10858 VOL IB.pdf,882,"Mandaluyong City Medical Center | Total: 20,000,000","Justice Jose Abad Santos General Hospital | 25,000,000 | Mandaluyong City Medical Center | 20,000,000 | Navotas City Hospital | 8,400,000","['verify facility row, hierarchy, and printed Total column against the HFEP schedule']",candidate; verify against PDF
Gubat District Hospital,20000000,20000000,,,2 - HB 10858 VOL IB.pdf,884,"Gubat District Hospital | Total: 20,000,000","5,400,000 | Bulan Medicare Hospital | 20,000,000 | 14,500,000 | Gubat District Hospital","['verify facility row, hierarchy, and printed Total column against the HFEP schedule']",candidate; verify against PDF
Davao Regional Medical Center,20000000,20000000,,,2 - HB 10858 VOL IB.pdf,888,"Davao Regional Medical Center | Total: 20,000,000","15,000,000 | 50,000,000 | 65,000,000 | Davao del Norte | 20,000,000 | Davao Regional Medical Center","['verify facility row, hierarchy, and printed Total column against the HFEP schedule']",candidate; verify against PDF
Cotabato Regional and Medical Center,20000000,,20000000,,2 - HB 10858 VOL IB.pdf,890,"Cotabato Regional and Medical Center | Total: 20,000,000","Maguindanao del Norte | 55,000,000 | Cotabato Regional and Medical Center | 20,000,000 | Cotabato Sanitarium and General Hospital | 35,000,000","['verify facility row, hierarchy, and printed Total column against the HFEP schedule']",candidate; verify against PDF
Ospital ng Tagaytay,20000000,,20000000,,2 - HB 10858 VOL IB.pdf,884,"Ospital ng Tagaytay | Total: 20,000,000","General Emilio Aguinaldo Memorial Hospital | 15,000,000 | Ospital ng Tagaytay | 20,000,000","['verify facility row, hierarchy, and printed Total column against the HFEP schedule']",candidate; verify against PDF
DOH DATRC - CALABARZON,20000000,20000000,,,2 - HB 10858 VOL IB.pdf,890,"DOH DATRC - CALABARZON | Total: 20,000,000","40,000,000 | Cavite | 130,000,000 | 55,000,000 | 185,000,000 | DOH DATRC - CALABARZON | 20,000,000 | DOH DATRC - Tagaytay","['verify facility row, hierarchy, and printed Total column against the HFEP schedule']",candidate; verify against PDF
DOH DATRC - Tagaytay,20000000,20000000,,,2 - HB 10858 VOL IB.pdf,890,"DOH DATRC - Tagaytay | Total: 20,000,000","130,000,000 | 55,000,000 | 185,000,000 | DOH DATRC - CALABARZON | 20,000,000 | DOH DATRC - Tagaytay","['verify facility row, hierarchy, and printed Total column against the HFEP schedule']",candidate; verify against PDF
DOH DATRC - Malinao,20000000,15000000,5000000,,2 - HB 10858 VOL IB.pdf,890,"DOH DATRC - Malinao | Total: 20,000,000","15,000,000 | 5,000,000 | 20,000,000 | Albay | 130,000,000 | DOH DATRC - Malinao","['verify facility row, hierarchy, and printed Total column against the HFEP schedule']",candidate; verify against PDF
"Congressman Enrique ""Henry"" M. Cojuangco Memorial District Hospital",20000000,,20000000,,2 - HB 10858 VOL IB.pdf,884,"Congressman Enrique ""Henry"" M. Cojuangco Memorial District Hospital | Total: 20,000,000","Concepcion District Hospital | 14,500,000 | Congressman Enrique ""Henry"" M. Cojuangco Memorial | 20,000,000 | District Hospital","['verify facility row, hierarchy, and printed Total column against the HFEP schedule']",candidate; verify against PDF
Ospital ng Malabon,19365000,,19365000,,2 - HB 10858 VOL IB.pdf,882,"Ospital ng Malabon | Total: 19,365,000","Novaliches District Hospital | 13,000,000 | Ospital ng Malabon | 19,365,000 | Ospital ng Muntinlupa | 15,000,000","['verify facility row, hierarchy, and printed Total column against the HFEP schedule']",candidate; verify against PDF
Cotabato Provincial Hospital,17500000,,17500000,,2 - HB 10858 VOL IB.pdf,886,"Cotabato Provincial Hospital | Total: 17,500,000","Cotabato | 102,500,000 | 10,347,000 | Cotabato Provincial Hospital | 17,500,000 | Kidapawan City General Hospital | 35,000,000","['verify facility row, hierarchy, and printed Total column against the HFEP schedule']",candidate; verify against PDF
Talisay City Rural Health Unit,17500000,,17500000,,2 - HB 10858 VOL IB.pdf,880,"Talisay City Rural Health Unit | Total: 17,500,000","Sipalay Rural Health Unit | 2,900,000 | Talisay City Rural Health Unit | 17,500,000 | Victorias City Rural Health Unit | 35,000,000 | 11,500,000 | 46,500,000","['verify facility row, hierarchy, and printed Total column against the HFEP schedule']",candidate; verify against PDF
Allen District Hospital,16835000,,16835000,,2 - HB 10858 VOL IB.pdf,886,"Allen District Hospital | Total: 16,835,000","Northern Samar | 50,000,000 | 74,900,000 | 124,900,000 | Allen District Hospital | 16,835,000 | Dr. Gregorio B. Tan Memorial Hospital | 8,065,000","['verify facility row, hierarchy, and printed Total column against the HFEP schedule']",candidate; verify against PDF
Oriental Mindoro Provincial Hospital,16000000,16000000,,,2 - HB 10858 VOL IB.pdf,884,"Oriental Mindoro Provincial Hospital | Total: 16,000,000","Oriental Mindoro Central District Hospital | 10,000,000 | Oriental Mindoro Provincial Hospital | 16,000,000 | Oriental Mindoro Southern District Hospital | 13,000,000","['verify facility row, hierarchy, and printed Total column against the HFEP schedule']",candidate; verify against PDF
San Joaquin Mother & Child Hospital,15240000,15240000,,,2 - HB 10858 VOL IB.pdf,884,"San Joaquin Mother & Child Hospital | Total: 15,240,000","25,000,000 | Rep. Pedro G. Trono Memorial Hospital | 155,000,000 | San Joaquin Mother & Child Hospital | 15,240,000 | 30,000,000 | Sara District Hospital | 20,000,000","['verify facility row, hierarchy, and printed Total column against the HFEP schedule']",candidate; verify against PDF
Francisco Dagohoy Memorial Hospital,15003000,,15003000,,2 - HB 10858 VOL IB.pdf,886,"Francisco Dagohoy Memorial Hospital | Total: 15,003,000","Bohol | 15,003,000 | Francisco Dagohoy Memorial Hospital","['verify facility row, hierarchy, and printed Total column against the HFEP schedule']",candidate; verify against PDF
Davao Oriental Provincial Medical Center - Cateel,15000000,15000000,,,2 - HB 10858 VOL IB.pdf,886,"Davao Oriental Provincial Medical Center - Cateel | Total: 15,000,000","8,065,000 | Davao Oriental | 30,000,000 | 50,000,000 | Davao Oriental Provincial Medical Center - Cateel | 15,000,000 | Davao Oriental Provincial Medical Center - Manay","['verify facility row, hierarchy, and printed Total column against the HFEP schedule']",candidate; verify against PDF
Ospital ng Sampaloc,15000000,15000000,,,2 - HB 10858 VOL IB.pdf,882,"Ospital ng Sampaloc | Total: 15,000,000","Ospital Ng Paranaque II | 30,000,000 | Ospital ng Sampaloc | 15,000,000","['verify facility row, hierarchy, and printed Total column against the HFEP schedule']",candidate; verify against PDF
Monkayo Community Infirmary,15000000,15000000,,,2 - HB 10858 VOL IB.pdf,886,"Monkayo Community Infirmary | Total: 15,000,000","50,000,000 | Davao de Oro Provincial Hospital - Pantukan | 15,000,000 | 6,000,000 | Monkayo Community Infirmary | 3,200,000","['verify facility row, hierarchy, and printed Total column against the HFEP schedule']",candidate; verify against PDF
Ospital ng Muntinlupa,15000000,,15000000,,2 - HB 10858 VOL IB.pdf,882,"Ospital ng Muntinlupa | Total: 15,000,000","Ospital ng Malabon | 19,365,000 | Ospital ng Muntinlupa | 15,000,000 | Ospital Ng Paranaque I | 25,000,000","['verify facility row, hierarchy, and printed Total column against the HFEP schedule']",candidate; verify against PDF
Davao Oriental Provincial Medical Center - Manay,15000000,15000000,,,2 - HB 10858 VOL IB.pdf,886,"Davao Oriental Provincial Medical Center - Manay | Total: 15,000,000","50,000,000 | Davao Oriental Provincial Medical Center - Cateel | 15,000,000 | Davao Oriental Provincial Medical Center - Manay","['verify facility row, hierarchy, and printed Total column against the HFEP schedule']",candidate; verify against PDF
DOH Mega Drug Abuse Treatment and Rehabilitation Center,15000000,15000000,,,2 - HB 10858 VOL IB.pdf,890,"DOH Mega Drug Abuse Treatment and Rehabilitation Center | Total: 15,000,000","Nueva Ecija | 15,000,000 | DOH Mega Drug Abuse Treatment and Rehabilitation Center","['verify facility row, hierarchy, and printed Total column against the HFEP schedule']",candidate; verify against PDF
Bulacan Medical Center,15000000,15000000,,,2 - HB 10858 VOL IB.pdf,882,"Bulacan Medical Center | Total: 15,000,000","25,000,000 | Bulacan | 15,000,000 | 145,000,000 | 160,000,000 | 30,000,000 | Bulacan Medical Center | Bustos Community Hospital","['verify facility row, hierarchy, and printed Total column against the HFEP schedule']",candidate; verify against PDF
General Emilio Aguinaldo Memorial Hospital,15000000,,15000000,,2 - HB 10858 VOL IB.pdf,884,"General Emilio Aguinaldo Memorial Hospital | Total: 15,000,000","Cavite | 35,000,000 | General Emilio Aguinaldo Memorial Hospital | 15,000,000 | Ospital ng Tagaytay | 20,000,000","['verify facility row, hierarchy, and printed Total column against the HFEP schedule']",candidate; verify against PDF
Bustos Community Hospital,15000000,,15000000,,2 - HB 10858 VOL IB.pdf,882,"Bustos Community Hospital | Total: 15,000,000","30,000,000 | Bulacan Medical Center | 15,000,000 | Bustos Community Hospital","['verify facility row, hierarchy, and printed Total column against the HFEP schedule']",candidate; verify against PDF
"DOH DATRC - San Fernando, Camarines Sur",15000000,15000000,,,2 - HB 10858 VOL IB.pdf,890,"DOH DATRC - San Fernando, Camarines Sur | Total: 15,000,000","15,000,000 | Camarines Sur | 87,000,000 | DOH DATRC - San Fernando, Camarines Sur","['verify facility row, hierarchy, and printed Total column against the HFEP schedule']",candidate; verify against PDF
"DOH DATRC - Pototan, Iloilo",15000000,15000000,,,2 - HB 10858 VOL IB.pdf,890,"DOH DATRC - Pototan, Iloilo | Total: 15,000,000","15,000,000 | Iloilo | 37,000,000 | DOH DATRC - Pototan, Iloilo","['verify facility row, hierarchy, and printed Total column against the HFEP schedule']",candidate; verify against PDF
Davao de Oro Provincial Hospital - Pantukan,15000000,15000000,,,2 - HB 10858 VOL IB.pdf,886,"Davao de Oro Provincial Hospital - Pantukan | Total: 15,000,000","2,800,000 | Davao de Oro Provincial Hospital - Maragusan | 50,000,000 | Davao de Oro Provincial Hospital - Pantukan | 15,000,000 | 6,000,000 | Monkayo Community Infirmary","['verify facility row, hierarchy, and printed Total column against the HFEP schedule']",candidate; verify against PDF
"DOH DATRC - Dulag, Leyte",15000000,15000000,,,2 - HB 10858 VOL IB.pdf,890,"DOH DATRC - Dulag, Leyte | Total: 15,000,000","Leyte | 15,000,000 | 20,000,000 | 35,000,000 | DOH DATRC - Dulag, Leyte","['verify facility row, hierarchy, and printed Total column against the HFEP schedule']",candidate; verify against PDF
Gregorio Matas District Hospital,15000000,15000000,,,2 - HB 10858 VOL IB.pdf,886,"Gregorio Matas District Hospital | Total: 15,000,000","4,000,000 | Davao del Sur Provincial Hospital | 10,000,000 | 1,300,000 | Gregorio Matas District Hospital | 15,000,000 | 1,700,000","['verify facility row, hierarchy, and printed Total column against the HFEP schedule']",candidate; verify against PDF
DOH DATRC - Cagayan de Oro,15000000,15000000,,,2 - HB 10858 VOL IB.pdf,890,"DOH DATRC - Cagayan de Oro | Total: 15,000,000","15,000,000 | Misamis Oriental | 1,000,000 | DOH DATRC - Cagayan de Oro","['verify facility row, hierarchy, and printed Total column against the HFEP schedule']",candidate; verify against PDF
"DOH DATRC - Malagos, Davao",15000000,15000000,,,2 - HB 10858 VOL IB.pdf,890,"DOH DATRC - Malagos, Davao | Total: 15,000,000","15,000,000 | Davao del Sur | DOH DATRC - Malagos, Davao | 259,000,000 | 37,000,000 | 296,000,000","['verify facility row, hierarchy, and printed Total column against the HFEP schedule']",candidate; verify against PDF
Las Piñas General Hospital and Satellite Trauma Center,15000000,15000000,,,2 - HB 10858 VOL IB.pdf,888,"Las Piñas General Hospital and Satellite Trauma Center | Total: 15,000,000","Dr. Jose N. Rodriguez Memorial Hospital and Sanitarium | 610,000,000 | Las Piñas General Hospital and Satellite Trauma Center | 15,000,000 | National Center for Mental Health","['verify facility row, hierarchy, and printed Total column against the HFEP schedule']",candidate; verify against PDF
National Center for Mental Health,15000000,15000000,,,2 - HB 10858 VOL IB.pdf,888,"National Center for Mental Health | Total: 15,000,000","Las Piñas General Hospital and Satellite Trauma Center | 15,000,000 | National Center for Mental Health | Valenzuela Medical Center | 100,000,000","['verify facility row, hierarchy, and printed Total column against the HFEP schedule']",candidate; verify against PDF
Passi City Hospital,15000000,,15000000,,2 - HB 10858 VOL IB.pdf,884,"Passi City Hospital | Total: 15,000,000","Iloilo Provincial Hospital | 50,000,000 | 30,000,000 | 80,000,000 | Passi City Hospital | 15,000,000 | 25,000,000 | Rep. Pedro G. Trono Memorial Hospital | 155,000,000","['verify facility row, hierarchy, and printed Total column against the HFEP schedule']",candidate; verify against PDF
DOH DATRC - Caraga,15000000,15000000,,,2 - HB 10858 VOL IB.pdf,890,"DOH DATRC - Caraga | Total: 15,000,000","4,000,000 | Surigao del Norte | 15,000,000 | DOH DATRC - Caraga","['verify facility row, hierarchy, and printed Total column against the HFEP schedule']",candidate; verify against PDF
Central Visayas Sub National Blood Center,15000000,15000000,,,2 - HB 10858 VOL IB.pdf,892,"Central Visayas Sub National Blood Center | Total: 15,000,000","City of Cebu | 15,000,000 | Central Visayas Sub National Blood Center","['verify facility row, hierarchy, and printed Total column against the HFEP schedule']",candidate; verify against PDF
Regional Blood Center,15000000,15000000,,,2 - HB 10858 VOL IB.pdf,892,"Regional Blood Center | Total: 15,000,000","Maguindanao del Norte | 15,000,000 | Regional Blood Center","['verify facility row, hierarchy, and printed Total column against the HFEP schedule']",candidate; verify against PDF
SOCCSKSARGEN Regional Blood Center,15000000,15000000,,,2 - HB 10858 VOL IB.pdf,892,"SOCCSKSARGEN Regional Blood Center | Total: 15,000,000","South Cotabato | 15,000,000 | SOCCSKSARGEN Regional Blood Center","['verify facility row, hierarchy, and printed Total column against the HFEP schedule']",candidate; verify against PDF
Jose C. Payumo Jr. Memorial Hospital,14600000,,14600000,,2 - HB 10858 VOL IB.pdf,882,"Jose C. Payumo Jr. Memorial Hospital | Total: 14,600,000","13,000,000 | Morong District Hospital | 49,000,000 | 19,365,000 | Jose C. Payumo Jr. Memorial Hospital | 14,600,000 | 15,000,000","['verify facility row, hierarchy, and printed Total column against the HFEP schedule']",candidate; verify against PDF
Concepcion District Hospital,14500000,14500000,,,2 - HB 10858 VOL IB.pdf,884,"Concepcion District Hospital | Total: 14,500,000","Capas Medical Complex | 5,400,000 | Concepcion District Hospital | 14,500,000 | Congressman Enrique ""Henry"" M. Cojuangco Memorial | 20,000,000","['verify facility row, hierarchy, and printed Total column against the HFEP schedule']",candidate; verify against PDF
"Alfredo E. Maranon, Sr. Memorial District Hospital",14000000,14000000,,,2 - HB 10858 VOL IB.pdf,884,"Alfredo E. Maranon, Sr. Memorial District Hospital | Total: 14,000,000","11,500,000 | Negros Occidental | 142,904,000 | 134,300,000 | 277,204,000 | 9,000,000 | Alfredo E. Maranon, Sr. Memorial District Hospital | 14,000,000 | 2,500,000 | Bago City Hospital | 50,000,000","['verify facility row, hierarchy, and printed Total column against the HFEP schedule']",candidate; verify against PDF
Don Salvador Benedicto Memorial District Hospital,13500000,,13500000,,2 - HB 10858 VOL IB.pdf,884,"Don Salvador Benedicto Memorial District Hospital | Total: 13,500,000","10,000,000 | Hospital) | 24,200,000 | 20,000,000 | 44,200,000 | Don Salvador Benedicto Memorial District Hospital | 13,500,000 | Gov. Valeriano M. Gatuslao Memorial District Hospital | 17,500,000 | 14,000,000 | 31,500,000","['verify facility row, hierarchy, and printed Total column against the HFEP schedule']",candidate; verify against PDF
Nueva Vizcaya Provincial Hospital,13500000,13500000,,,2 - HB 10858 VOL IB.pdf,882,"Nueva Vizcaya Provincial Hospital | Total: 13,500,000","Kasibu Municipal Hospital | 10,000,000 | 2,873,976,000 | 2,684,570,000 | 5,558,546,000 | Nueva Vizcaya Provincial Hospital | 13,500,000","['verify facility row, hierarchy, and printed Total column against the HFEP schedule']",candidate; verify against PDF
Bindoy District Hospital,13500000,13500000,,,2 - HB 10858 VOL IB.pdf,884,"Bindoy District Hospital | Total: 13,500,000","25,000,000 | Bayawan District Hospital | 13,000,000 | 13,500,000 | 26,500,000 | 4,500,000 | Bindoy District Hospital | 30,000,000 | 20,000,000 | 50,000,000 | Canlaon City District Hospital | 18,000,000 | 7,000,000","['verify facility row, hierarchy, and printed Total column against the HFEP schedule']",candidate; verify against PDF
Lasam District Hospital,13500000,13500000,,,2 - HB 10858 VOL IB.pdf,882,"Lasam District Hospital | Total: 13,500,000","1,750,000 | 2,000,000 | 3,750,000 | 2,900,000 | Dr. Tomas Nolasco Sr. Memorial Hospital | 5,400,000 | Lasam District Hospital | 13,500,000 | Nuestra Seniora de Piat District Hospital | 9,500,000","['verify facility row, hierarchy, and printed Total column against the HFEP schedule']",candidate; verify against PDF
Oriental Mindoro Southern District Hospital,13000000,13000000,,,2 - HB 10858 VOL IB.pdf,884,"Oriental Mindoro Southern District Hospital | Total: 13,000,000","Oriental Mindoro Provincial Hospital | 16,000,000 | Oriental Mindoro Southern District Hospital | 13,000,000","['verify facility row, hierarchy, and printed Total column against the HFEP schedule']",candidate; verify against PDF
DOH DATRC - Dagupan,13000000,13000000,,,2 - HB 10858 VOL IB.pdf,890,"DOH DATRC - Dagupan | Total: 13,000,000","Pangasinan | 13,000,000 | DOH DATRC - Dagupan","['verify facility row, hierarchy, and printed Total column against the HFEP schedule']",candidate; verify against PDF
Alicia District Hospital,13000000,13000000,,,2 - HB 10858 VOL IB.pdf,886,"Alicia District Hospital | Total: 13,000,000","Zamboanga Sibugay | 35,500,000 | Alicia District Hospital | 13,000,000 | Dr. George Tocao Hofer Medical Center | 10,000,000","['verify facility row, hierarchy, and printed Total column against the HFEP schedule']",candidate; verify against PDF
Baggao District Hospital,13000000,13000000,,,2 - HB 10858 VOL IB.pdf,882,"Baggao District Hospital | Total: 13,000,000","7,670,000 | 2,000,000 | 9,670,000 | Cagayan | 45,200,000 | 5,400,000 | 50,600,000 | 120,000 | Baggao District Hospital | 13,000,000 | 1,750,000 | 3,750,000 | Calayan Infirmary Hospital | 9,200,000","['verify facility row, hierarchy, and printed Total column against the HFEP schedule']",candidate; verify against PDF
Maguindanao Provincial Hospital,13000000,,13000000,,2 - HB 10858 VOL IB.pdf,888,"Maguindanao Provincial Hospital | Total: 13,000,000","Buluan District Hospital - Buluan | 6,000,000 | Maguindanao Provincial Hospital | 13,000,000","['verify facility row, hierarchy, and printed Total column against the HFEP schedule']",candidate; verify against PDF
Novaliches District Hospital,13000000,,13000000,,2 - HB 10858 VOL IB.pdf,882,"Novaliches District Hospital | Total: 13,000,000","Navotas City Hospital | 8,400,000 | Novaliches District Hospital | 13,000,000 | Ospital ng Malabon | 19,365,000","['verify facility row, hierarchy, and printed Total column against the HFEP schedule']",candidate; verify against PDF
Olutanga Municipal Hospital,12500000,12500000,,,2 - HB 10858 VOL IB.pdf,886,"Olutanga Municipal Hospital | Total: 12,500,000","Dr. George Tocao Hofer Medical Center | 10,000,000 | Olutanga Municipal Hospital | 12,500,000","['verify facility row, hierarchy, and printed Total column against the HFEP schedule']",candidate; verify against PDF
Balindong District Hospital,12000000,12000000,,,2 - HB 10858 VOL IB.pdf,888,"Balindong District Hospital | Total: 12,000,000","Lanao del Sur | 21,000,000 | Balindong District Hospital | 12,000,000 | Wao District Hospital | 9,000,000","['verify facility row, hierarchy, and printed Total column against the HFEP schedule']",candidate; verify against PDF
DOH DATRC - Agusan del Sur,12000000,12000000,,,2 - HB 10858 VOL IB.pdf,890,"DOH DATRC - Agusan del Sur | Total: 12,000,000","13,000,000 | Agusan del Sur | 12,000,000 | DOH DATRC - Agusan del Sur | 4,000,000","['verify facility row, hierarchy, and printed Total column against the HFEP schedule']",candidate; verify against PDF
Moncada District Hospital,11700000,11700000,,,2 - HB 10858 VOL IB.pdf,884,"Moncada District Hospital | Total: 11,700,000","La Paz Medicare and Community Hospital | 20,000,000 | Moncada District Hospital | 11,700,000 | Paniqui General Hospital","['verify facility row, hierarchy, and printed Total column against the HFEP schedule']",candidate; verify against PDF
Romblon Provincial Hospital,11500000,,11500000,,2 - HB 10858 VOL IB.pdf,884,"Romblon Provincial Hospital | Total: 11,500,000","Romblon District Hospital | 10,000,000 | Romblon Provincial Hospital | 11,500,000 | Sibuyan District Hospital","['verify facility row, hierarchy, and printed Total column against the HFEP schedule']",candidate; verify against PDF
Besao District Hospital,11500000,11500000,,,2 - HB 10858 VOL IB.pdf,882,"Besao District Hospital | Total: 11,500,000","13,780,000 | 5,570,000 | 19,350,000 | Barlig District Hospital | 9,200,000 | Besao District Hospital | 11,500,000 | 1,000,000 | Paracelis District Hospital","['verify facility row, hierarchy, and printed Total column against the HFEP schedule']",candidate; verify against PDF
Paracelis District Hospital,11500000,11500000,,,2 - HB 10858 VOL IB.pdf,882,"Paracelis District Hospital | Total: 11,500,000","Besao District Hospital | 11,500,000 | 1,000,000 | Paracelis District Hospital","['verify facility row, hierarchy, and printed Total column against the HFEP schedule']",candidate; verify against PDF
Dona Josefa Edralin Marcos District Hospital,10682000,10682000,,,2 - HB 10858 VOL IB.pdf,882,"Dona Josefa Edralin Marcos District Hospital | Total: 10,682,000","2,500,000 | Bangui District Hospital | 175,000,000 | Dona Josefa Edralin Marcos District Hospital | 10,682,000 | Governor Roque B. Ablan Sr. Memorial Hospital | 50,000,000","['verify facility row, hierarchy, and printed Total column against the HFEP schedule']",candidate; verify against PDF
Tarangnan Community Hospital,10347000,,10347000,,2 - HB 10858 VOL IB.pdf,886,"Tarangnan Community Hospital | Total: 10,347,000","Western Samar | 10,347,000 | Tarangnan Community Hospital","['verify facility row, hierarchy, and printed Total column against the HFEP schedule']",candidate; verify against PDF
Catarman District Hospital,10000000,,10000000,,2 - HB 10858 VOL IB.pdf,886,"Catarman District Hospital | Total: 10,000,000","Camiguin | 10,000,000 | Catarman District Hospital","['verify facility row, hierarchy, and printed Total column against the HFEP schedule']",candidate; verify against PDF
Lubang District Hospital,10000000,10000000,,,2 - HB 10858 VOL IB.pdf,884,"Lubang District Hospital | Total: 10,000,000","Occidental Mindoro | 30,000,000 | Lubang District Hospital | 10,000,000 | Occidental Mindoro Provincial Hospital","['verify facility row, hierarchy, and printed Total column against the HFEP schedule']",candidate; verify against PDF
Sultan Kudarat Provincial Hospital,10000000,,10000000,,2 - HB 10858 VOL IB.pdf,886,"Sultan Kudarat Provincial Hospital | Total: 10,000,000","10,000,000 | Bagumbayan Infirmary | Sultan Kudarat Provincial Hospital","['verify facility row, hierarchy, and printed Total column against the HFEP schedule']",candidate; verify against PDF
Damilag Barangay Health Station,10000000,10000000,,,2 - HB 10858 VOL IB.pdf,876,"Damilag Barangay Health Station | Total: 10,000,000","Bukidnon | 10,000,000 | Damilag Barangay Health Station","['verify facility row, hierarchy, and printed Total column against the HFEP schedule']",candidate; verify against PDF
Occidental Mindoro Provincial Hospital,10000000,10000000,,,2 - HB 10858 VOL IB.pdf,884,"Occidental Mindoro Provincial Hospital | Total: 10,000,000","Lubang District Hospital | 10,000,000 | Occidental Mindoro Provincial Hospital | San Jose District Hospital","['verify facility row, hierarchy, and printed Total column against the HFEP schedule']",candidate; verify against PDF
Kasibu Municipal Hospital,10000000,10000000,,,2 - HB 10858 VOL IB.pdf,882,"Kasibu Municipal Hospital | Total: 10,000,000","2,873,976,000 | 2,684,570,000 | 5,558,546,000 | Dupax District Hospital | 8,000,000 | Kasibu Municipal Hospital | 10,000,000 | Nueva Vizcaya Provincial Hospital | 13,500,000","['verify facility row, hierarchy, and printed Total column against the HFEP schedule']",candidate; verify against PDF
Regional Public Health Laboratory (Non-Infectious),10000000,10000000,,,2 - HB 10858 VOL IB.pdf,892,"Regional Public Health Laboratory (Non-Infectious) | Total: 10,000,000","City of Cagayan De Oro | 10,000,000 | Regional Public Health Laboratory (Non-Infectious)","['verify facility row, hierarchy, and printed Total column against the HFEP schedule']",candidate; verify against PDF
"DOH DATRC - Ilagan, Isabela",10000000,10000000,,,2 - HB 10858 VOL IB.pdf,890,"DOH DATRC - Ilagan, Isabela | Total: 10,000,000","Isabela | 10,000,000 | DOH DATRC - Ilagan, Isabela","['verify facility row, hierarchy, and printed Total column against the HFEP schedule']",candidate; verify against PDF
Bagumbayan Infirmary,10000000,10000000,,,2 - HB 10858 VOL IB.pdf,886,"Bagumbayan Infirmary | Total: 10,000,000","Sultan Kudarat | 10,000,000 | 20,000,000 | Bagumbayan Infirmary | Sultan Kudarat Provincial Hospital","['verify facility row, hierarchy, and printed Total column against the HFEP schedule']",candidate; verify against PDF
"Poblacion Sur, Licab Super Health Center",10000000,,10000000,,2 - HB 10858 VOL IB.pdf,880,"Poblacion Sur, Licab Super Health Center | Total: 10,000,000","Barangay II, Quezon Super Health Center | 10,000,000 | Poblacion Sur, Licab Super Health Center","['verify facility row, hierarchy, and printed Total column against the HFEP schedule']",candidate; verify against PDF
Sibutad District Hospital,10000000,10000000,,,2 - HB 10858 VOL IB.pdf,886,"Sibutad District Hospital | Total: 10,000,000","Zamboanga del Norte | 10,000,000 | Sibutad District Hospital","['verify facility row, hierarchy, and printed Total column against the HFEP schedule']",candidate; verify against PDF
San Marcelino District Hospital,10000000,,10000000,,2 - HB 10858 VOL IB.pdf,884,"San Marcelino District Hospital | Total: 10,000,000","Zambales | 40,000,000 | San Marcelino District Hospital | 10,000,000 | Subic General Hospital | 30,000,000","['verify facility row, hierarchy, and printed Total column against the HFEP schedule']",candidate; verify against PDF
"Barangay II, Quezon Super Health Center",10000000,,10000000,,2 - HB 10858 VOL IB.pdf,880,"Barangay II, Quezon Super Health Center | Total: 10,000,000","Nueva Ecija | 20,000,000 | Barangay II, Quezon Super Health Center | 10,000,000 | Poblacion Sur, Licab Super Health Center","['verify facility row, hierarchy, and printed Total column against the HFEP schedule']",candidate; verify against PDF
San Jose District Hospital,10000000,10000000,,,2 - HB 10858 VOL IB.pdf,884,"San Jose District Hospital | Total: 10,000,000","Occidental Mindoro Provincial Hospital | 10,000,000 | San Jose District Hospital","['verify facility row, hierarchy, and printed Total column against the HFEP schedule']",candidate; verify against PDF
Dr. George Tocao Hofer Medical Center,10000000,10000000,,,2 - HB 10858 VOL IB.pdf,886,"Dr. George Tocao Hofer Medical Center | Total: 10,000,000","Alicia District Hospital | 13,000,000 | Dr. George Tocao Hofer Medical Center | 10,000,000 | Olutanga Municipal Hospital | 12,500,000","['verify facility row, hierarchy, and printed Total column against the HFEP schedule']",candidate; verify against PDF
Sibuyan District Hospital,10000000,,10000000,,2 - HB 10858 VOL IB.pdf,884,"Sibuyan District Hospital | Total: 10,000,000","Romblon Provincial Hospital | 11,500,000 | Sibuyan District Hospital | 10,000,000","['verify facility row, hierarchy, and printed Total column against the HFEP schedule']",candidate; verify against PDF
Tarlac City General Hospital,10000000,10000000,,,2 - HB 10858 VOL IB.pdf,884,"Tarlac City General Hospital | Total: 10,000,000","Paniqui General Hospital | 20,000,000 | Tarlac City General Hospital | 10,000,000 | Tarlac Provincial Hospital","['verify facility row, hierarchy, and printed Total column against the HFEP schedule']",candidate; verify against PDF
Miagao Super Health Center,10000000,,10000000,,2 - HB 10858 VOL IB.pdf,880,"Miagao Super Health Center | Total: 10,000,000","Batad, Iloilo Super Health Center | 2,700,000 | 540,000 | 3,240,000 | Miagao Super Health Center | 10,000,000 | Mina Primary Care Facility | 2,100,000","['verify facility row, hierarchy, and printed Total column against the HFEP schedule']",candidate; verify against PDF
Davao del Sur Provincial Hospital,10000000,10000000,,,2 - HB 10858 VOL IB.pdf,886,"Davao del Sur Provincial Hospital | Total: 10,000,000","450,000 | Davao del Sur | 25,000,000 | 4,000,000 | Davao del Sur Provincial Hospital | 10,000,000 | 1,300,000 | Gregorio Matas District Hospital | 15,000,000","['verify facility row, hierarchy, and printed Total column against the HFEP schedule']",candidate; verify against PDF
DOH DATRC - Bukidnon,10000000,10000000,,,2 - HB 10858 VOL IB.pdf,890,"DOH DATRC - Bukidnon | Total: 10,000,000","3,400,000 | Bukidnon | 10,000,000 | 1,700,000 | DOH DATRC - Bukidnon","['verify facility row, hierarchy, and printed Total column against the HFEP schedule']",candidate; verify against PDF
Ramon Maza Sr. Memorial District Hospital,10000000,10000000,,,2 - HB 10858 VOL IB.pdf,884,"Ramon Maza Sr. Memorial District Hospital | Total: 10,000,000","40,000,000 | Patnongon Community Hospital | 20,000,000 | 10,000,000 | Ramon Maza Sr. Memorial District Hospital | 30,000,000","['verify facility row, hierarchy, and printed Total column against the HFEP schedule']",candidate; verify against PDF
Zamboanga del Sur Medical Center,10000000,10000000,,,2 - HB 10858 VOL IB.pdf,886,"Zamboanga del Sur Medical Center | Total: 10,000,000","Zamboanga del Sur | 10,000,000 | Zamboanga del Sur Medical Center","['verify facility row, hierarchy, and printed Total column against the HFEP schedule']",candidate; verify against PDF
Biliran Provincial Hospital,10000000,,10000000,,2 - HB 10858 VOL IB.pdf,886,"Biliran Provincial Hospital | Total: 10,000,000","Biliran | 10,000,000 | Biliran Provincial Hospital","['verify facility row, hierarchy, and printed Total column against the HFEP schedule']",candidate; verify against PDF
Conner District Hospital Dialysis Center,10000000,10000000,,,2 - HB 10858 VOL IB.pdf,888,"Conner District Hospital Dialysis Center | Total: 10,000,000","Apayao | 10,000,000 | Conner District Hospital Dialysis Center","['verify facility row, hierarchy, and printed Total column against the HFEP schedule']",candidate; verify against PDF
Batanes General Hospital,10000000,,10000000,,2 - HB 10858 VOL IB.pdf,888,"Batanes General Hospital | Total: 10,000,000","Batanes | 10,000,000 | Batanes General Hospital","['verify facility row, hierarchy, and printed Total column against the HFEP schedule']",candidate; verify against PDF
Oriental Mindoro Central District Hospital,10000000,10000000,,,2 - HB 10858 VOL IB.pdf,884,"Oriental Mindoro Central District Hospital | Total: 10,000,000","Oriental Mindoro | 39,000,000 | Oriental Mindoro Central District Hospital | 10,000,000 | Oriental Mindoro Provincial Hospital | 16,000,000","['verify facility row, hierarchy, and printed Total column against the HFEP schedule']",candidate; verify against PDF
Joni Villanueva General Hospital,10000000,,10000000,,2 - HB 10858 VOL IB.pdf,888,"Joni Villanueva General Hospital | Total: 10,000,000","5,000,000 | Bulacan | 10,000,000 | 1,000,000 | Joni Villanueva General Hospital | 3,000,000","['verify facility row, hierarchy, and printed Total column against the HFEP schedule']",candidate; verify against PDF
Talavera General Hospital,10000000,,10000000,,2 - HB 10858 VOL IB.pdf,888,"Talavera General Hospital | Total: 10,000,000","76,200,000 | 25,000,000 | 101,200,000 | Dr. Paulino J. Garcia Memorial Research and Medical Center | 50,000,000 | Talavera General Hospital | 10,000,000 | 8,700,000","['verify facility row, hierarchy, and printed Total column against the HFEP schedule']",candidate; verify against PDF
Romblon District Hospital,10000000,,10000000,,2 - HB 10858 VOL IB.pdf,884,"Romblon District Hospital | Total: 10,000,000","Romblon | 31,500,000 | Romblon District Hospital | 10,000,000 | Romblon Provincial Hospital | 11,500,000","['verify facility row, hierarchy, and printed Total column against the HFEP schedule']",candidate; verify against PDF
Nuestra Seniora de Piat District Hospital,9500000,9500000,,,2 - HB 10858 VOL IB.pdf,882,"Nuestra Seniora de Piat District Hospital | Total: 9,500,000","2,900,000 | Lasam District Hospital | 13,500,000 | Nuestra Seniora de Piat District Hospital | 9,500,000 | 3,570,000 | 6,470,000","['verify facility row, hierarchy, and printed Total column against the HFEP schedule']",candidate; verify against PDF
La Carlota City Super Health Center,9300000,3500000,5800000,,2 - HB 10858 VOL IB.pdf,880,"La Carlota City Super Health Center | Total: 9,300,000","Ilog Rural Health Unit | 5,800,000 | La Carlota City Super Health Center | 3,500,000 | 9,300,000 | Pulupandan Rural Health Unit | 2,900,000","['verify facility row, hierarchy, and printed Total column against the HFEP schedule']",candidate; verify against PDF
Tanudan Municipal Hospital,9300000,6900000,2400000,,2 - HB 10858 VOL IB.pdf,882,"Tanudan Municipal Hospital | Total: 9,300,000","5,000,000 | Pinukpuk District Hospital | 450,000 | Tanudan Municipal Hospital | 6,900,000 | 2,400,000 | 9,300,000 | 1,470,000 | Western Kalinga District Hospital | 2,500,000","['verify facility row, hierarchy, and printed Total column against the HFEP schedule']",candidate; verify against PDF
Calayan Infirmary Hospital,9200000,9200000,,,2 - HB 10858 VOL IB.pdf,882,"Calayan Infirmary Hospital | Total: 9,200,000","7,670,000 | 2,000,000 | 9,670,000 | 120,000 | Baggao District Hospital | 13,000,000 | 1,750,000 | 3,750,000 | Calayan Infirmary Hospital | 9,200,000 | 2,900,000 | Dr. Tomas Nolasco Sr. Memorial Hospital | 5,400,000","['verify facility row, hierarchy, and printed Total column against the HFEP schedule']",candidate; verify against PDF
Barlig District Hospital,9200000,9200000,,,2 - HB 10858 VOL IB.pdf,882,"Barlig District Hospital | Total: 9,200,000","Mountain Province | 32,200,000 | 13,780,000 | 5,570,000 | 19,350,000 | Barlig District Hospital | 9,200,000 | Besao District Hospital | 11,500,000","['verify facility row, hierarchy, and printed Total column against the HFEP schedule']",candidate; verify against PDF
Valladolid District Hospital,9000000,,9000000,,2 - HB 10858 VOL IB.pdf,884,"Valladolid District Hospital | Total: 9,000,000","10,000,000 | Teresita L. Jalandoni Provincial Hospital | 50,000,000 | 16,000,000 | Valladolid District Hospital | 9,000,000 | 13,000,000","['verify facility row, hierarchy, and printed Total column against the HFEP schedule']",candidate; verify against PDF
Wao District Hospital,9000000,9000000,,,2 - HB 10858 VOL IB.pdf,888,"Wao District Hospital | Total: 9,000,000","Balindong District Hospital | 12,000,000 | Wao District Hospital | 9,000,000","['verify facility row, hierarchy, and printed Total column against the HFEP schedule']",candidate; verify against PDF
Marinduque Provincial Hospital,9000000,,9000000,,2 - HB 10858 VOL IB.pdf,884,"Marinduque Provincial Hospital | Total: 9,000,000","Marinduque | 11,500,000 | Marinduque Provincial Hospital | 9,000,000 | Torrijos Municipal Hospital | 2,500,000","['verify facility row, hierarchy, and printed Total column against the HFEP schedule']",candidate; verify against PDF
"City of Navotas, Kaunlaran Super Health Center",8800000,,8800000,,2 - HB 10858 VOL IB.pdf,878,"City of Navotas, Kaunlaran Super Health Center | Total: 8,800,000","500,000 | City of Navotas, Bagumbayan Super Health Center | 5,000,000 | City of Navotas, Kaunlaran Super Health Center | 8,800,000 | City of Navotas, Tangos North Super Health Center","['verify facility row, hierarchy, and printed Total column against the HFEP schedule']",candidate; verify against PDF
"City of Navotas, Tanza Pabahay Health Center",8800000,,8800000,,2 - HB 10858 VOL IB.pdf,878,"City of Navotas, Tanza Pabahay Health Center | Total: 8,800,000","500,000 | City of Navotas, Tangos North Super Health Center | 5,000,000 | City of Navotas, Tanza Pabahay Health Center | 8,800,000 | City of Valenzuela, Canumay East Health Center | 140,000","['verify facility row, hierarchy, and printed Total column against the HFEP schedule']",candidate; verify against PDF
Amlan Rural Health Unit,8800000,8800000,,,2 - HB 10858 VOL IB.pdf,880,"Amlan Rural Health Unit | Total: 8,800,000","Negros Oriental | 22,100,000 | 8,800,000 | 30,900,000 | Amlan Rural Health Unit | Bindoy Rural Health Unit | 4,000,000","['verify facility row, hierarchy, and printed Total column against the HFEP schedule']",candidate; verify against PDF
Mabinay Rural Health Unit,8800000,,8800000,,2 - HB 10858 VOL IB.pdf,880,"Mabinay Rural Health Unit | Total: 8,800,000","1,000,000 | Guihulngan Rural Health Unit | 2,900,000 | 920,000 | Mabinay Rural Health Unit | 8,800,000 | Tanjay City Rural Health Unit","['verify facility row, hierarchy, and printed Total column against the HFEP schedule']",candidate; verify against PDF
Navotas City Hospital,8400000,,8400000,,2 - HB 10858 VOL IB.pdf,882,"Navotas City Hospital | Total: 8,400,000","Mandaluyong City Medical Center | 20,000,000 | Navotas City Hospital | 8,400,000 | Novaliches District Hospital | 13,000,000","['verify facility row, hierarchy, and printed Total column against the HFEP schedule']",candidate; verify against PDF
Dr. Gregorio B. Tan Memorial Hospital,8065000,,8065000,,2 - HB 10858 VOL IB.pdf,886,"Dr. Gregorio B. Tan Memorial Hospital | Total: 8,065,000","Allen District Hospital | 16,835,000 | Dr. Gregorio B. Tan Memorial Hospital | 8,065,000 | North Samar Provincial Hospital | 50,000,000","['verify facility row, hierarchy, and printed Total column against the HFEP schedule']",candidate; verify against PDF
Dupax District Hospital,8000000,8000000,,,2 - HB 10858 VOL IB.pdf,882,"Dupax District Hospital | Total: 8,000,000","Nueva Vizcaya | 31,500,000 | 2,873,976,000 | 2,684,570,000 | 5,558,546,000 | Dupax District Hospital | 8,000,000 | Kasibu Municipal Hospital | 10,000,000","['verify facility row, hierarchy, and printed Total column against the HFEP schedule']",candidate; verify against PDF
Alegria Rural Health Unit,8000000,8000000,,,2 - HB 10858 VOL IB.pdf,880,"Alegria Rural Health Unit | Total: 8,000,000","20,000,000 | Cebu | 10,900,000 | 5,520,000 | 16,420,000 | 10,000,000 | Alegria Rural Health Unit | 8,000,000 | Borbon Rural Health Unit II | 2,200,000","['verify facility row, hierarchy, and printed Total column against the HFEP schedule']",candidate; verify against PDF
Navotas Medical and Wellness Center,7500000,,7500000,,2 - HB 10858 VOL IB.pdf,878,"Navotas Medical and Wellness Center | Total: 7,500,000","500,000 | City of Valenzuela, Ugong 3S Health Center | 440,000 | Navotas Medical and Wellness Center | 7,500,000","['verify facility row, hierarchy, and printed Total column against the HFEP schedule']",candidate; verify against PDF
Sta. Ana Hospital,7000000,,7000000,,2 - HB 10858 VOL IB.pdf,882,"Sta. Ana Hospital | Total: 7,000,000","San Juan Medical Center | 20,000,000 | 17,500,000 | Sta. Ana Hospital | 7,000,000 | 2,500,000 | Valenzuela Health Medical Center (ValHealth) | 80,000,000","['verify facility row, hierarchy, and printed Total column against the HFEP schedule']",candidate; verify against PDF
Tinoc District Hospital,6900000,6900000,,,2 - HB 10858 VOL IB.pdf,882,"Tinoc District Hospital | Total: 6,900,000","2,500,000 | Ifugao | 6,900,000 | Tinoc District Hospital | 6,470,000","['verify facility row, hierarchy, and printed Total column against the HFEP schedule']",candidate; verify against PDF
Kalinga Provincial Hospital,6500000,,6500000,,2 - HB 10858 VOL IB.pdf,882,"Kalinga Provincial Hospital | Total: 6,500,000","6,470,000 | Kalinga | 9,400,000 | 9,350,000 | 18,750,000 | 5,000,000 | Kalinga Provincial Hospital | 6,500,000 | Pinukpuk District Hospital | 450,000","['verify facility row, hierarchy, and printed Total column against the HFEP schedule']",candidate; verify against PDF
Solana Renal & Diagnostic Center,6000000,,6000000,,2 - HB 10858 VOL IB.pdf,892,"Solana Renal & Diagnostic Center | Total: 6,000,000","Cagayan | 6,000,000 | Solana Renal & Diagnostic Center","['verify facility row, hierarchy, and printed Total column against the HFEP schedule']",candidate; verify against PDF
Datu Blah Sinsuat District Hospital - Upi,6000000,6000000,,,2 - HB 10858 VOL IB.pdf,888,"Datu Blah Sinsuat District Hospital - Upi | Total: 6,000,000","Maguindanao del Norte | 36,500,000 | 6,500,000 | 43,000,000 | Datu Blah Sinsuat District Hospital - Upi | 6,000,000 | Datu Odin Sinsuat District Hospital","['verify facility row, hierarchy, and printed Total column against the HFEP schedule']",candidate; verify against PDF
Felipe Abrigo Memorial Hospital,6000000,,6000000,,2 - HB 10858 VOL IB.pdf,886,"Felipe Abrigo Memorial Hospital | Total: 6,000,000","Eastern Samar Provincial Hospital | 50,000,000 | Felipe Abrigo Memorial Hospital | 6,000,000 | Oras District Hospital | 3,200,000","['verify facility row, hierarchy, and printed Total column against the HFEP schedule']",candidate; verify against PDF
Datu Odin Sinsuat District Hospital,6000000,6000000,,,2 - HB 10858 VOL IB.pdf,888,"Datu Odin Sinsuat District Hospital | Total: 6,000,000","Datu Blah Sinsuat District Hospital - Upi | 6,000,000 | Datu Odin Sinsuat District Hospital | Iranon Provincial Hospital | 20,000,000 | 6,500,000 | 26,500,000","['verify facility row, hierarchy, and printed Total column against the HFEP schedule']",candidate; verify against PDF
"Tigbauan, Iloilo Dialysis Center",6000000,6000000,,,2 - HB 10858 VOL IB.pdf,892,"Tigbauan, Iloilo Dialysis Center | Total: 6,000,000","Name of Projects and Facilities | Infrastructure | Motor Vehicle | Total | Equipment | 110,000 | Tigbauan, Iloilo Dialysis Center | 6,000,000 | Guimbal Iloilo Dialysis Center | 25,000,000","['verify facility row, hierarchy, and printed Total column against the HFEP schedule']",candidate; verify against PDF
Buluan District Hospital - Buluan,6000000,6000000,,,2 - HB 10858 VOL IB.pdf,888,"Buluan District Hospital - Buluan | Total: 6,000,000","Maguindanao del Sur | 6,000,000 | 13,000,000 | 19,000,000 | Buluan District Hospital - Buluan | Maguindanao Provincial Hospital","['verify facility row, hierarchy, and printed Total column against the HFEP schedule']",candidate; verify against PDF
Pikit 1 Cluser Rural Health Unit,6000000,,6000000,,2 - HB 10858 VOL IB.pdf,882,"Pikit 1 Cluser Rural Health Unit | Total: 6,000,000","Special Geographic Area | 18,000,000 | Pikit 1 Cluser Rural Health Unit | 6,000,000 | Pikit 2 Cluser Rural Health Unit","['verify facility row, hierarchy, and printed Total column against the HFEP schedule']",candidate; verify against PDF
Pikit 2 Cluser Rural Health Unit,6000000,,6000000,,2 - HB 10858 VOL IB.pdf,882,"Pikit 2 Cluser Rural Health Unit | Total: 6,000,000","Pikit 1 Cluser Rural Health Unit | 6,000,000 | Pikit 2 Cluser Rural Health Unit | Pikit 3 Cluser Rural Health Unit","['verify facility row, hierarchy, and printed Total column against the HFEP schedule']",candidate; verify against PDF
Pikit 3 Cluser Rural Health Unit,6000000,,6000000,,2 - HB 10858 VOL IB.pdf,882,"Pikit 3 Cluser Rural Health Unit | Total: 6,000,000","Pikit 2 Cluser Rural Health Unit | 6,000,000 | Pikit 3 Cluser Rural Health Unit","['verify facility row, hierarchy, and printed Total column against the HFEP schedule']",candidate; verify against PDF
Ilog Rural Health Unit,5800000,,5800000,,2 - HB 10858 VOL IB.pdf,880,"Ilog Rural Health Unit | Total: 5,800,000","Hinoba-an Rural Health Unit | 2,900,000 | Ilog Rural Health Unit | 5,800,000 | La Carlota City Super Health Center | 3,500,000 | 9,300,000","['verify facility row, hierarchy, and printed Total column against the HFEP schedule']",candidate; verify against PDF
Bago City Rural Health Unit,5800000,,5800000,,2 - HB 10858 VOL IB.pdf,880,"Bago City Rural Health Unit | Total: 5,800,000","Negros Occidental | 38,500,000 | 60,900,000 | 99,400,000 | Bago City Rural Health Unit | 5,800,000 | Cauayan Rural Health Unit | 2,900,000","['verify facility row, hierarchy, and printed Total column against the HFEP schedule']",candidate; verify against PDF
Tarangan Community Hospital,5800000,,5800000,,2 - HB 10858 VOL IB.pdf,886,"Tarangan Community Hospital | Total: 5,800,000","Samar | 5,800,000 | Tarangan Community Hospital","['verify facility row, hierarchy, and printed Total column against the HFEP schedule']",candidate; verify against PDF
La Castellana Hospital,5500000,,5500000,,2 - HB 10858 VOL IB.pdf,884,"La Castellana Hospital | Total: 5,500,000","10,000,000 | Gov. Valeriano M. Gatuslao Memorial District Hospital | 17,500,000 | 14,000,000 | 31,500,000 | La Castellana Hospital | 5,500,000 | 39,000,000 | San Carlos City Hospital | 8,800,000 | 26,300,000","['verify facility row, hierarchy, and printed Total column against the HFEP schedule']",candidate; verify against PDF
Datu Halun Sakilan Memorial Hospital - Boggao,5500000,,5500000,,2 - HB 10858 VOL IB.pdf,888,"Datu Halun Sakilan Memorial Hospital - Boggao | Total: 5,500,000","Tawi-Tawi | 4,000,000 | 5,500,000 | 9,500,000 | Datu Halun Sakilan Memorial Hospital - Boggao | Languyan District Hospital","['verify facility row, hierarchy, and printed Total column against the HFEP schedule']",candidate; verify against PDF
Capas Medical Complex,5400000,5400000,,,2 - HB 10858 VOL IB.pdf,884,"Capas Medical Complex | Total: 5,400,000","Camiling District Hospital | 20,000,000 | Capas Medical Complex | 5,400,000 | Concepcion District Hospital | 14,500,000","['verify facility row, hierarchy, and printed Total column against the HFEP schedule']",candidate; verify against PDF
Dr. Tomas Nolasco Sr. Memorial Hospital,5400000,,5400000,,2 - HB 10858 VOL IB.pdf,882,"Dr. Tomas Nolasco Sr. Memorial Hospital | Total: 5,400,000","120,000 | 1,750,000 | 2,000,000 | 3,750,000 | Calayan Infirmary Hospital | 9,200,000 | 2,900,000 | Dr. Tomas Nolasco Sr. Memorial Hospital | 5,400,000 | Lasam District Hospital | 13,500,000","['verify facility row, hierarchy, and printed Total column against the HFEP schedule']",candidate; verify against PDF
Masantol Community Hospital in Pampanga,5400000,5400000,,,2 - HB 10858 VOL IB.pdf,884,"Masantol Community Hospital in Pampanga | Total: 5,400,000","Masantol | 5,400,000 | Masantol Community Hospital in Pampanga","['verify facility row, hierarchy, and printed Total column against the HFEP schedule']",candidate; verify against PDF
Municipality of Conner Malama Brgy. Health Station (BHS) with Birthing Home,5000000,5000000,,,2 - HB 10858 VOL IB.pdf,876,"Municipality of Conner Malama Brgy. Health Station (BHS) with Birthing Home | Total: 5,000,000","Apayao | 10,000,000 | Municipality of Conner Malama Brgy. Health Station (BHS) | with Birthing Home | 5,000,000","['verify facility row, hierarchy, and printed Total column against the HFEP schedule']",candidate; verify against PDF
"City of Navotas, Bagumbayan Super Health Center",5000000,5000000,,,2 - HB 10858 VOL IB.pdf,878,"City of Navotas, Bagumbayan Super Health Center | Total: 5,000,000","500,000 | City of Caloocan, Grace Park Health Center | 140,000 | City of Navotas, Bagumbayan Super Health Center | 5,000,000 | City of Navotas, Kaunlaran Super Health Center | 8,800,000","['verify facility row, hierarchy, and printed Total column against the HFEP schedule']",candidate; verify against PDF
"Sta. Filomena Brgy. Health Center (BHS), Municipality of Calanasan",5000000,5000000,,,2 - HB 10858 VOL IB.pdf,876,"Sta. Filomena Brgy. Health Center (BHS), Municipality of Calanasan | Total: 5,000,000","with Birthing Home | 5,000,000 | Sta. Filomena Brgy. Health Center (BHS), Municipality of | Calanasan","['verify facility row, hierarchy, and printed Total column against the HFEP schedule']",candidate; verify against PDF
Salao Community Health Center,5000000,5000000,,,2 - HB 10858 VOL IB.pdf,878,"Salao Community Health Center | Total: 5,000,000","Batangas | 5,000,000 | 500,000 | Salao Community Health Center","['verify facility row, hierarchy, and printed Total column against the HFEP schedule']",candidate; verify against PDF
Midsayap Rural Health Unit,5000000,5000000,,,2 - HB 10858 VOL IB.pdf,882,"Midsayap Rural Health Unit | Total: 5,000,000","Cotabato | 5,000,000 | Midsayap Rural Health Unit","['verify facility row, hierarchy, and printed Total column against the HFEP schedule']",candidate; verify against PDF
Lingig Community Hospital,5000000,5000000,,,2 - HB 10858 VOL IB.pdf,888,"Lingig Community Hospital | Total: 5,000,000","Lianga District Hospital | 2,300,000 | Lingig Community Hospital | 5,000,000 | Marihatag District Hospital | 1,000,000","['verify facility row, hierarchy, and printed Total column against the HFEP schedule']",candidate; verify against PDF
"City of Navotas, Tangos North Super Health Center",5000000,5000000,,,2 - HB 10858 VOL IB.pdf,878,"City of Navotas, Tangos North Super Health Center | Total: 5,000,000","City of Navotas, Kaunlaran Super Health Center | 8,800,000 | 500,000 | City of Navotas, Tangos North Super Health Center | 5,000,000 | City of Navotas, Tanza Pabahay Health Center","['verify facility row, hierarchy, and printed Total column against the HFEP schedule']",candidate; verify against PDF
Labo District Hospital,5000000,5000000,,,2 - HB 10858 VOL IB.pdf,884,"Labo District Hospital | Total: 5,000,000","5,400,000 | Camarines Norte | 5,000,000 | Labo District Hospital","['verify facility row, hierarchy, and printed Total column against the HFEP schedule']",candidate; verify against PDF
Tinambac Municipal Hospital,5000000,,5000000,,2 - HB 10858 VOL IB.pdf,884,"Tinambac Municipal Hospital | Total: 5,000,000","80,000,000 | 100,095,000 | 180,095,000 | Camarines Sur | 5,000,000 | 50,000,000 | 100,000,000 | Tinambac Municipal Hospital | 95,000","['verify facility row, hierarchy, and printed Total column against the HFEP schedule']",candidate; verify against PDF
Itbayat Disctrict Hospital,5000000,,5000000,,2 - HB 10858 VOL IB.pdf,882,"Itbayat Disctrict Hospital | Total: 5,000,000","1,000,000 | Batanes | 5,000,000 | 210,000 | Itbayat Disctrict Hospital","['verify facility row, hierarchy, and printed Total column against the HFEP schedule']",candidate; verify against PDF
Cawayan Municipal Hospital,5000000,,5000000,,2 - HB 10858 VOL IB.pdf,884,"Cawayan Municipal Hospital | Total: 5,000,000","75,000,000 | Masbate | 5,000,000 | Cawayan Municipal Hospital | 71,600,000 | 90,000,000 | 161,600,000","['verify facility row, hierarchy, and printed Total column against the HFEP schedule']",candidate; verify against PDF
DOH DATRC - Zamboanga,5000000,,5000000,,2 - HB 10858 VOL IB.pdf,890,"DOH DATRC - Zamboanga | Total: 5,000,000","Zamboanga del Sur | 5,000,000 | 4,400,000 | DOH DATRC - Zamboanga","['verify facility row, hierarchy, and printed Total column against the HFEP schedule']",candidate; verify against PDF
Sumisip District Hospital,4700000,4700000,,,2 - HB 10858 VOL IB.pdf,888,"Sumisip District Hospital | Total: 4,700,000","Lamitan District Hospital - Lamitan City | 4,000,000 | Sumisip District Hospital | 4,700,000","['verify facility row, hierarchy, and printed Total column against the HFEP schedule']",candidate; verify against PDF
Araceli Dumaran District Hospital,4500000,,4500000,,2 - HB 10858 VOL IB.pdf,884,"Araceli Dumaran District Hospital | Total: 4,500,000","Aborlan Medicare Hospital | 25,000,000 | Araceli Dumaran District Hospital | 4,500,000 | Coron District Hospital | 30,000,000 | 20,000,000 | 50,000,000","['verify facility row, hierarchy, and printed Total column against the HFEP schedule']",candidate; verify against PDF
El Nido Community Hospital,4500000,,4500000,,2 - HB 10858 VOL IB.pdf,884,"El Nido Community Hospital | Total: 4,500,000","Coron District Hospital | 30,000,000 | 20,000,000 | 50,000,000 | El Nido Community Hospital | 4,500,000","['verify facility row, hierarchy, and printed Total column against the HFEP schedule']",candidate; verify against PDF
Sibuto District Hospital,4500000,4500000,,,2 - HB 10858 VOL IB.pdf,888,"Sibuto District Hospital | Total: 4,500,000","Iranon Provincial Hospital | 20,000,000 | 6,500,000 | 26,500,000 | Sibuto District Hospital | 4,500,000","['verify facility row, hierarchy, and printed Total column against the HFEP schedule']",candidate; verify against PDF
Carigara District Hospital,4000000,,4000000,,2 - HB 10858 VOL IB.pdf,886,"Carigara District Hospital | Total: 4,000,000","Barugo Municipal Hospital | 2,300,000 | Carigara District Hospital | 4,000,000 | Leyte Provincial Hospital | 20,000,000","['verify facility row, hierarchy, and printed Total column against the HFEP schedule']",candidate; verify against PDF
Loreto District Hospital,4000000,4000000,,,2 - HB 10858 VOL IB.pdf,886,"Loreto District Hospital | Total: 4,000,000","138,750,000 | 156,750,000 | 295,500,000 | Dinagat Islands | 4,000,000 | Loreto District Hospital | 1,750,000","['verify facility row, hierarchy, and printed Total column against the HFEP schedule']",candidate; verify against PDF
"DOH DATRC - Bauko, Mountain Province",4000000,4000000,,,2 - HB 10858 VOL IB.pdf,890,"DOH DATRC - Bauko, Mountain Province | Total: 4,000,000","4,000,000 | Mountain Province | DOH DATRC - Bauko, Mountain Province","['verify facility row, hierarchy, and printed Total column against the HFEP schedule']",candidate; verify against PDF
Northwestern Leyte District Hospital,4000000,,4000000,,2 - HB 10858 VOL IB.pdf,886,"Northwestern Leyte District Hospital | Total: 4,000,000","Matalom Community Hospital | 450,000 | Northwestern Leyte District Hospital | 4,000,000 | Ormoc City Hospital | 1,300,000","['verify facility row, hierarchy, and printed Total column against the HFEP schedule']",candidate; verify against PDF
"Municipality of Tumauini, Antagan 1st Barangay Health Station",4000000,4000000,,,2 - HB 10858 VOL IB.pdf,876,"Municipality of Tumauini, Antagan 1st Barangay Health Station | Total: 4,000,000","Isabela | 4,000,000 | Municipality of Tumauini, Antagan 1st Barangay Health Station 4,000,000","['verify facility row, hierarchy, and printed Total column against the HFEP schedule']",candidate; verify against PDF
Lamitan District Hospital - Lamitan City,4000000,4000000,,,2 - HB 10858 VOL IB.pdf,888,"Lamitan District Hospital - Lamitan City | Total: 4,000,000","Basilan | 8,700,000 | Lamitan District Hospital - Lamitan City | 4,000,000 | Sumisip District Hospital | 4,700,000","['verify facility row, hierarchy, and printed Total column against the HFEP schedule']",candidate; verify against PDF
Bindoy Rural Health Unit,4000000,4000000,,,2 - HB 10858 VOL IB.pdf,880,"Bindoy Rural Health Unit | Total: 4,000,000","Amlan Rural Health Unit | 8,800,000 | Bindoy Rural Health Unit | 4,000,000","['verify facility row, hierarchy, and printed Total column against the HFEP schedule']",candidate; verify against PDF
Languyan District Hospital,4000000,4000000,,,2 - HB 10858 VOL IB.pdf,888,"Languyan District Hospital | Total: 4,000,000","Datu Halun Sakilan Memorial Hospital - Boggao | 5,500,000 | Languyan District Hospital | 4,000,000","['verify facility row, hierarchy, and printed Total column against the HFEP schedule']",candidate; verify against PDF
Cagniyog Super Health Center,3750000,1750000,2000000,,2 - HB 10858 VOL IB.pdf,882,"Cagniyog Super Health Center | Total: 3,750,000","Cabawa Birthing Facility | 120,000 | Cagniyog Super Health Center | 1,750,000 | 2,000,000 | 3,750,000 | General Luna Super Health Center | 2,900,000","['verify facility row, hierarchy, and printed Total column against the HFEP schedule']",candidate; verify against PDF
Pacita Calizo-Cortes Health Center,3500000,3500000,,,2 - HB 10858 VOL IB.pdf,880,"Pacita Calizo-Cortes Health Center | Total: 3,500,000","Aklan | 3,500,000 | Pacita Calizo-Cortes Health Center","['verify facility row, hierarchy, and printed Total column against the HFEP schedule']",candidate; verify against PDF
"Municipality of Bakun, Poblacion Barangay Health Station",3500000,3500000,,,2 - HB 10858 VOL IB.pdf,876,"Municipality of Bakun, Poblacion Barangay Health Station | Total: 3,500,000","Benguet | 3,500,000 | Municipality of Bakun, Poblacion Barangay Health Station","['verify facility row, hierarchy, and printed Total column against the HFEP schedule']",candidate; verify against PDF
Tapul Rural Health Unit,3440000,2900000,540000,,2 - HB 10858 VOL IB.pdf,880,"Tapul Rural Health Unit | Total: 3,440,000","10,200,000 | 11,080,000 | 21,280,000 | Parang Rural Health Unit | 2,400,000 | 2,700,000 | 540,000 | 3,240,000 | Tapul Rural Health Unit | 2,900,000 | 3,440,000 | 10,000,000","['verify facility row, hierarchy, and printed Total column against the HFEP schedule']",candidate; verify against PDF
Zarraga Super Health Center,3240000,2700000,540000,,2 - HB 10858 VOL IB.pdf,880,"Zarraga Super Health Center | Total: 3,240,000","San Dionisio Primary Care Facility | 2,700,000 | Zarraga Super Health Center | 540,000 | 3,240,000","['verify facility row, hierarchy, and printed Total column against the HFEP schedule']",candidate; verify against PDF
"Poblacion Barangay Health Center, Sugbongcogon",3240000,3000000,240000,,2 - HB 10858 VOL IB.pdf,876,"Poblacion Barangay Health Center, Sugbongcogon | Total: 3,240,000","Misamis Oriental | 3,000,000 | 240,000 | 3,240,000 | Poblacion Barangay Health Center, Sugbongcogon","['verify facility row, hierarchy, and printed Total column against the HFEP schedule']",candidate; verify against PDF
"Batad, Iloilo Super Health Center",3240000,2700000,540000,,2 - HB 10858 VOL IB.pdf,880,"Batad, Iloilo Super Health Center | Total: 3,240,000","Iloilo | 10,200,000 | 11,080,000 | 21,280,000 | Batad, Iloilo Super Health Center | 2,700,000 | 540,000 | 3,240,000 | Miagao Super Health Center | 10,000,000","['verify facility row, hierarchy, and printed Total column against the HFEP schedule']",candidate; verify against PDF
"Laurel, Batangas Super Health Center",3240000,2700000,540000,,2 - HB 10858 VOL IB.pdf,880,"Laurel, Batangas Super Health Center | Total: 3,240,000","Batangas | 2,700,000 | 540,000 | 3,240,000 | Laurel, Batangas Super Health Center","['verify facility row, hierarchy, and printed Total column against the HFEP schedule']",candidate; verify against PDF
"Coron, Palawan Super Health Center",3240000,2700000,540000,,2 - HB 10858 VOL IB.pdf,880,"Coron, Palawan Super Health Center | Total: 3,240,000","Palawan | 2,700,000 | 540,000 | 3,240,000 | Coron, Palawan Super Health Center","['verify facility row, hierarchy, and printed Total column against the HFEP schedule']",candidate; verify against PDF
Palapag Super Health Center,3240000,2700000,540000,,2 - HB 10858 VOL IB.pdf,880,"Palapag Super Health Center | Total: 3,240,000","1,000,000 | Capul Super Health Center | 2,500,000 | Palapag Super Health Center | 2,700,000 | 540,000 | 3,240,000 | 13,700,000 | 25,580,000 | 39,280,000 | San Roque Super Health Center | 220,000","['verify facility row, hierarchy, and printed Total column against the HFEP schedule']",candidate; verify against PDF
"Malilipon, Albay Super Health Center",3240000,2700000,540000,,2 - HB 10858 VOL IB.pdf,880,"Malilipon, Albay Super Health Center | Total: 3,240,000","Albay | 2,700,000 | 540,000 | 3,240,000 | Malilipon, Albay Super Health Center","['verify facility row, hierarchy, and printed Total column against the HFEP schedule']",candidate; verify against PDF
Oras District Hospital,3200000,,3200000,,2 - HB 10858 VOL IB.pdf,886,"Oras District Hospital | Total: 3,200,000","Felipe Abrigo Memorial Hospital | 6,000,000 | Oras District Hospital | 3,200,000 | Taft District Hospital | 3,000,000","['verify facility row, hierarchy, and printed Total column against the HFEP schedule']",candidate; verify against PDF
Ronda Rural Health Unit,3160000,,3160000,,2 - HB 10858 VOL IB.pdf,880,"Ronda Rural Health Unit | Total: 3,160,000","Cordova Primary Care Facility | 2,900,000 | 2,700,000 | 540,000 | 3,240,000 | Ronda Rural Health Unit | 3,160,000 | Tudela Rural Health Unit | 160,000","['verify facility row, hierarchy, and printed Total column against the HFEP schedule']",candidate; verify against PDF
Claver Infirmary,3000000,,3000000,,2 - HB 10858 VOL IB.pdf,886,"Claver Infirmary | Total: 3,000,000","1,750,000 | Surigao del Norte | 6,710,000 | Claver Infirmary | 3,000,000 | 10,000,000 | Del Carmen District Hospital | 650,000","['verify facility row, hierarchy, and printed Total column against the HFEP schedule']",candidate; verify against PDF
San Miguel Community Hospital,3000000,3000000,,,2 - HB 10858 VOL IB.pdf,888,"San Miguel Community Hospital | Total: 3,000,000","Marihatag District Hospital | 1,000,000 | San Miguel Community Hospital | 3,000,000","['verify facility row, hierarchy, and printed Total column against the HFEP schedule']",candidate; verify against PDF
Taft District Hospital,3000000,,3000000,,2 - HB 10858 VOL IB.pdf,886,"Taft District Hospital | Total: 3,000,000","Oras District Hospital | 3,200,000 | Taft District Hospital | 3,000,000","['verify facility row, hierarchy, and printed Total column against the HFEP schedule']",candidate; verify against PDF
Hinoba-an Rural Health Unit,2900000,,2900000,,2 - HB 10858 VOL IB.pdf,880,"Hinoba-an Rural Health Unit | Total: 2,900,000","Condoni Rural Health Unit | 2,900,000 | Hinoba-an Rural Health Unit | Ilog Rural Health Unit | 5,800,000","['verify facility row, hierarchy, and printed Total column against the HFEP schedule']",candidate; verify against PDF
Malita Womens and Child Hospital - Malita,2900000,2900000,,,2 - HB 10858 VOL IB.pdf,886,"Malita Womens and Child Hospital - Malita | Total: 2,900,000","Davao Occidental | 2,900,000 | 50,000,000 | 74,900,000 | 124,900,000 | Malita Womens and Child Hospital - Malita | 16,835,000","['verify facility row, hierarchy, and printed Total column against the HFEP schedule']",candidate; verify against PDF
Roxas City Super Health Center,2900000,,2900000,,2 - HB 10858 VOL IB.pdf,880,"Roxas City Super Health Center | Total: 2,900,000","President Roxas Primary Care Facility | 2,900,000 | Roxas City Super Health Center | Sigma Super Health Center","['verify facility row, hierarchy, and printed Total column against the HFEP schedule']",candidate; verify against PDF
Catbalogan City Health Office,2900000,,2900000,,2 - HB 10858 VOL IB.pdf,880,"Catbalogan City Health Office | Total: 2,900,000","3,500,000 | Samar | 3,300,000 | Catbalogan City Health Office | 2,900,000 | Pagsanghan Rural Health Unit | 400,000","['verify facility row, hierarchy, and printed Total column against the HFEP schedule']",candidate; verify against PDF
Pulupandan Rural Health Unit,2900000,,2900000,,2 - HB 10858 VOL IB.pdf,880,"Pulupandan Rural Health Unit | Total: 2,900,000","La Carlota City Super Health Center | 3,500,000 | 5,800,000 | 9,300,000 | Pulupandan Rural Health Unit | 2,900,000 | Sipalay Rural Health Unit","['verify facility row, hierarchy, and printed Total column against the HFEP schedule']",candidate; verify against PDF
Sipalay Rural Health Unit,2900000,,2900000,,2 - HB 10858 VOL IB.pdf,880,"Sipalay Rural Health Unit | Total: 2,900,000","Pulupandan Rural Health Unit | 2,900,000 | Sipalay Rural Health Unit | Talisay City Rural Health Unit | 17,500,000","['verify facility row, hierarchy, and printed Total column against the HFEP schedule']",candidate; verify against PDF
Davao del Norte Hospital - Kapalong,2900000,2900000,,,2 - HB 10858 VOL IB.pdf,886,"Davao del Norte Hospital - Kapalong | Total: 2,900,000","3,000,000 | Davao del Norte | 25,800,000 | 50,000,000 | 75,800,000 | Davao del Norte Hospital - Kapalong | 2,900,000 | 33,750,000 | Davao del Norte Hospital- Carmen Zone | 30,000,000","['verify facility row, hierarchy, and printed Total column against the HFEP schedule']",candidate; verify against PDF
Condoni Rural Health Unit,2900000,,2900000,,2 - HB 10858 VOL IB.pdf,880,"Condoni Rural Health Unit | Total: 2,900,000","Cauayan Rural Health Unit | 2,900,000 | Condoni Rural Health Unit | Hinoba-an Rural Health Unit","['verify facility row, hierarchy, and printed Total column against the HFEP schedule']",candidate; verify against PDF
Davao Prison and Penal Farm Hospital,2900000,2900000,,,2 - HB 10858 VOL IB.pdf,886,"Davao Prison and Penal Farm Hospital | Total: 2,900,000","2,300,000 | Davao del Norte Hospital- Kapalong Zone | 20,000,000 | 40,000,000 | 4,000,000 | Davao Prison and Penal Farm Hospital | 2,900,000","['verify facility row, hierarchy, and printed Total column against the HFEP schedule']",candidate; verify against PDF
General Luna Super Health Center,2900000,2900000,,,2 - HB 10858 VOL IB.pdf,882,"General Luna Super Health Center | Total: 2,900,000","Cagniyog Super Health Center | 1,750,000 | 2,000,000 | 3,750,000 | General Luna Super Health Center | 2,900,000 | Luna Super Health Center - Surigao City","['verify facility row, hierarchy, and printed Total column against the HFEP schedule']",candidate; verify against PDF
Sigma Super Health Center,2900000,,2900000,,2 - HB 10858 VOL IB.pdf,880,"Sigma Super Health Center | Total: 2,900,000","Roxas City Super Health Center | 2,900,000 | Sigma Super Health Center","['verify facility row, hierarchy, and printed Total column against the HFEP schedule']",candidate; verify against PDF
Guihulngan Rural Health Unit,2900000,2900000,,,2 - HB 10858 VOL IB.pdf,880,"Guihulngan Rural Health Unit | Total: 2,900,000","920,000 | Dumaguete Rural Health Unit III | 600,000 | 1,000,000 | Guihulngan Rural Health Unit | 2,900,000 | Mabinay Rural Health Unit | 8,800,000","['verify facility row, hierarchy, and printed Total column against the HFEP schedule']",candidate; verify against PDF
Luna Super Health Center - Surigao City,2900000,2900000,,,2 - HB 10858 VOL IB.pdf,882,"Luna Super Health Center - Surigao City | Total: 2,900,000","General Luna Super Health Center | 2,900,000 | Luna Super Health Center - Surigao City","['verify facility row, hierarchy, and printed Total column against the HFEP schedule']",candidate; verify against PDF
Pontevedra Primary Care Facility,2900000,,2900000,,2 - HB 10858 VOL IB.pdf,880,"Pontevedra Primary Care Facility | Total: 2,900,000","Panitan Super Health Center | 2,900,000 | Pontevedra Primary Care Facility | President Roxas Primary Care Facility","['verify facility row, hierarchy, and printed Total column against the HFEP schedule']",candidate; verify against PDF
Tanjay City Rural Health Unit,2900000,2900000,,,2 - HB 10858 VOL IB.pdf,880,"Tanjay City Rural Health Unit | Total: 2,900,000","920,000 | Mabinay Rural Health Unit | 8,800,000 | Tanjay City Rural Health Unit | 2,900,000 | Vallehermoso Rural Health Unit","['verify facility row, hierarchy, and printed Total column against the HFEP schedule']",candidate; verify against PDF
President Roxas Primary Care Facility,2900000,,2900000,,2 - HB 10858 VOL IB.pdf,880,"President Roxas Primary Care Facility | Total: 2,900,000","Pontevedra Primary Care Facility | 2,900,000 | President Roxas Primary Care Facility | Roxas City Super Health Center","['verify facility row, hierarchy, and printed Total column against the HFEP schedule']",candidate; verify against PDF
Panitan Super Health Center,2900000,,2900000,,2 - HB 10858 VOL IB.pdf,880,"Panitan Super Health Center | Total: 2,900,000","Capiz | 14,500,000 | Panitan Super Health Center | 2,900,000 | Pontevedra Primary Care Facility","['verify facility row, hierarchy, and printed Total column against the HFEP schedule']",candidate; verify against PDF
Vallehermoso Rural Health Unit,2900000,2900000,,,2 - HB 10858 VOL IB.pdf,880,"Vallehermoso Rural Health Unit | Total: 2,900,000","920,000 | Tanjay City Rural Health Unit | 2,900,000 | Vallehermoso Rural Health Unit","['verify facility row, hierarchy, and printed Total column against the HFEP schedule']",candidate; verify against PDF
Cauayan Rural Health Unit,2900000,,2900000,,2 - HB 10858 VOL IB.pdf,880,"Cauayan Rural Health Unit | Total: 2,900,000","Bago City Rural Health Unit | 5,800,000 | Cauayan Rural Health Unit | 2,900,000 | Condoni Rural Health Unit","['verify facility row, hierarchy, and printed Total column against the HFEP schedule']",candidate; verify against PDF
Maripipi Rural Health Unit,2900000,,2900000,,2 - HB 10858 VOL IB.pdf,880,"Maripipi Rural Health Unit | Total: 2,900,000","2,700,000 | 540,000 | 3,240,000 | Biliran | 2,900,000 | Maripipi Rural Health Unit","['verify facility row, hierarchy, and printed Total column against the HFEP schedule']",candidate; verify against PDF
Tago Rural Health Unit,2900000,,2900000,,2 - HB 10858 VOL IB.pdf,882,"Tago Rural Health Unit | Total: 2,900,000","Lianga Rural Health Unit | 140,000 | Tago Rural Health Unit | 2,900,000 | Tandag Super Health Center","['verify facility row, hierarchy, and printed Total column against the HFEP schedule']",candidate; verify against PDF
Cordova Primary Care Facility,2900000,2900000,,,2 - HB 10858 VOL IB.pdf,880,"Cordova Primary Care Facility | Total: 2,900,000","10,000,000 | Borbon Rural Health Unit II | 2,200,000 | Cordova Primary Care Facility | 2,900,000 | 2,700,000 | 540,000 | 3,240,000 | Ronda Rural Health Unit | 3,160,000","['verify facility row, hierarchy, and printed Total column against the HFEP schedule']",candidate; verify against PDF
Tandag Super Health Center,2900000,2900000,,,2 - HB 10858 VOL IB.pdf,882,"Tandag Super Health Center | Total: 2,900,000","Tago Rural Health Unit | 2,900,000 | Tandag Super Health Center","['verify facility row, hierarchy, and printed Total column against the HFEP schedule']",candidate; verify against PDF
Ormoc City Health Office,2900000,,2900000,,2 - HB 10858 VOL IB.pdf,880,"Ormoc City Health Office | Total: 2,900,000","3,700,000 | 540,000 | 4,240,000 | Leyte Super Health Center | 2,500,000 | Ormoc City Health Office | 2,900,000 | 2,700,000 | 3,240,000","['verify facility row, hierarchy, and printed Total column against the HFEP schedule']",candidate; verify against PDF
Obando Super Health Center,2900000,,2900000,,2 - HB 10858 VOL IB.pdf,880,"Obando Super Health Center | Total: 2,900,000","Bulacan | 2,900,000 | Obando Super Health Center","['verify facility row, hierarchy, and printed Total column against the HFEP schedule']",candidate; verify against PDF
Albino Duran Memorial Hospital,2800000,,2800000,,2 - HB 10858 VOL IB.pdf,886,"Albino Duran Memorial Hospital | Total: 2,800,000","Eastern Samar | 65,000,000 | Albino Duran Memorial Hospital | 2,800,000 | Eastern Samar Provincial Hospital | 50,000,000","['verify facility row, hierarchy, and printed Total column against the HFEP schedule']",candidate; verify against PDF
San Dionisio Primary Care Facility,2700000,2700000,,,2 - HB 10858 VOL IB.pdf,880,"San Dionisio Primary Care Facility | Total: 2,700,000","Mina Primary Care Facility | 2,100,000 | San Dionisio Primary Care Facility | 2,700,000 | Zarraga Super Health Center | 540,000 | 3,240,000","['verify facility row, hierarchy, and printed Total column against the HFEP schedule']",candidate; verify against PDF
"Tabuk City, Kalinga Rural Health Unit",2700000,2700000,,,2 - HB 10858 VOL IB.pdf,878,"Tabuk City, Kalinga Rural Health Unit | Total: 2,700,000","1,000,000 | Tabuk City Health Office | 920,000 | Tabuk City, Kalinga Rural Health Unit | 2,700,000 | Tabuk Rural Health Unit I","['verify facility row, hierarchy, and printed Total column against the HFEP schedule']",candidate; verify against PDF
"Municipality of Sagada, Nacangan Barangay Health Station",2700000,2700000,,,2 - HB 10858 VOL IB.pdf,876,"Municipality of Sagada, Nacangan Barangay Health Station | Total: 2,700,000","Sagada | 5,400,000 | Municipality of Sagada, Nacangan Barangay Health Station | 2,700,000 | Municipality of Sagada, Taccong Barangay Health Station","['verify facility row, hierarchy, and printed Total column against the HFEP schedule']",candidate; verify against PDF
"Municipality of Sagada, Taccong Barangay Health Station",2700000,2700000,,,2 - HB 10858 VOL IB.pdf,876,"Municipality of Sagada, Taccong Barangay Health Station | Total: 2,700,000","Municipality of Sagada, Nacangan Barangay Health Station | 2,700,000 | Municipality of Sagada, Taccong Barangay Health Station","['verify facility row, hierarchy, and printed Total column against the HFEP schedule']",candidate; verify against PDF
Mawab Municipal Health Office,2500000,,2500000,,2 - HB 10858 VOL IB.pdf,882,"Mawab Municipal Health Office | Total: 2,500,000","Maragusan Rural Health Unit | 2,500,000 | Mawab Municipal Health Office | Monkayo Rural Health Unit","['verify facility row, hierarchy, and printed Total column against the HFEP schedule']",candidate; verify against PDF
Monkayo Rural Health Unit,2500000,,2500000,,2 - HB 10858 VOL IB.pdf,882,"Monkayo Rural Health Unit | Total: 2,500,000","Mawab Municipal Health Office | 2,500,000 | Monkayo Rural Health Unit | Montevista Rural Health Unit","['verify facility row, hierarchy, and printed Total column against the HFEP schedule']",candidate; verify against PDF
Western Kalinga District Hospital,2500000,2500000,,,2 - HB 10858 VOL IB.pdf,882,"Western Kalinga District Hospital | Total: 2,500,000","Tanudan Municipal Hospital | 6,900,000 | 2,400,000 | 9,300,000 | 1,470,000 | Western Kalinga District Hospital | 2,500,000","['verify facility row, hierarchy, and printed Total column against the HFEP schedule']",candidate; verify against PDF
Montevista Rural Health Unit,2500000,,2500000,,2 - HB 10858 VOL IB.pdf,882,"Montevista Rural Health Unit | Total: 2,500,000","Monkayo Rural Health Unit | 2,500,000 | Montevista Rural Health Unit | New Bataan Rural Heath Unit","['verify facility row, hierarchy, and printed Total column against the HFEP schedule']",candidate; verify against PDF
New Bataan Rural Heath Unit,2500000,,2500000,,2 - HB 10858 VOL IB.pdf,882,"New Bataan Rural Heath Unit | Total: 2,500,000","Montevista Rural Health Unit | 2,500,000 | New Bataan Rural Heath Unit | Pantukan Municipal Health Office","['verify facility row, hierarchy, and printed Total column against the HFEP schedule']",candidate; verify against PDF
Pantukan Municipal Health Office,2500000,,2500000,,2 - HB 10858 VOL IB.pdf,882,"Pantukan Municipal Health Office | Total: 2,500,000","New Bataan Rural Heath Unit | 2,500,000 | Pantukan Municipal Health Office","['verify facility row, hierarchy, and printed Total column against the HFEP schedule']",candidate; verify against PDF
Carmen Super Health Center,2500000,2500000,,,2 - HB 10858 VOL IB.pdf,882,"Carmen Super Health Center | Total: 2,500,000","Davao del Norte | 2,500,000 | Carmen Super Health Center","['verify facility row, hierarchy, and printed Total column against the HFEP schedule']",candidate; verify against PDF
Balasiao Super Health Center,2500000,2500000,,,2 - HB 10858 VOL IB.pdf,882,"Balasiao Super Health Center | Total: 2,500,000","Davao del Sur | 5,000,000 | Balasiao Super Health Center | 2,500,000 | Davao del Sur Super Health Center","['verify facility row, hierarchy, and printed Total column against the HFEP schedule']",candidate; verify against PDF
Leyte Super Health Center,2500000,2500000,,,2 - HB 10858 VOL IB.pdf,880,"Leyte Super Health Center | Total: 2,500,000","Jaro Super Health Center | 2,500,000 | 3,700,000 | 540,000 | 4,240,000 | Leyte Super Health Center | Ormoc City Health Office | 2,900,000 | 2,700,000 | 3,240,000","['verify facility row, hierarchy, and printed Total column against the HFEP schedule']",candidate; verify against PDF
Bobon Bagong Pilipinas Health Center,2500000,2500000,,,2 - HB 10858 VOL IB.pdf,880,"Bobon Bagong Pilipinas Health Center | Total: 2,500,000","Allen Rural Health Unit | 300,000 | 1,000,000 | Bobon Bagong Pilipinas Health Center | 2,500,000 | Capul Super Health Center","['verify facility row, hierarchy, and printed Total column against the HFEP schedule']",candidate; verify against PDF
Davao del Sur Super Health Center,2500000,2500000,,,2 - HB 10858 VOL IB.pdf,882,"Davao del Sur Super Health Center | Total: 2,500,000","Balasiao Super Health Center | 2,500,000 | Davao del Sur Super Health Center","['verify facility row, hierarchy, and printed Total column against the HFEP schedule']",candidate; verify against PDF
Jaro Super Health Center,2500000,2500000,,,2 - HB 10858 VOL IB.pdf,880,"Jaro Super Health Center | Total: 2,500,000","2,700,000 | 540,000 | 3,240,000 | Leyte | 5,000,000 | 2,900,000 | 7,900,000 | Jaro Super Health Center | 2,500,000 | 3,700,000 | 4,240,000 | Leyte Super Health Center","['verify facility row, hierarchy, and printed Total column against the HFEP schedule']",candidate; verify against PDF
Capul Super Health Center,2500000,2500000,,,2 - HB 10858 VOL IB.pdf,880,"Capul Super Health Center | Total: 2,500,000","1,000,000 | Bobon Bagong Pilipinas Health Center | 2,500,000 | Capul Super Health Center | Palapag Super Health Center | 2,700,000 | 540,000 | 3,240,000","['verify facility row, hierarchy, and printed Total column against the HFEP schedule']",candidate; verify against PDF
Mahayag Super Health Center,2500000,2500000,,,2 - HB 10858 VOL IB.pdf,880,"Mahayag Super Health Center | Total: 2,500,000","Zamboanga del Sur | 2,500,000 | 60,600,000 | 69,700,000 | 130,300,000 | Mahayag Super Health Center","['verify facility row, hierarchy, and printed Total column against the HFEP schedule']",candidate; verify against PDF
Gingoog Super Health Center,2500000,2500000,,,2 - HB 10858 VOL IB.pdf,880,"Gingoog Super Health Center | Total: 2,500,000","22,100,000 | 8,800,000 | 30,900,000 | Misamis Oriental | 2,500,000 | Gingoog Super Health Center | 4,000,000","['verify facility row, hierarchy, and printed Total column against the HFEP schedule']",candidate; verify against PDF
Sta. Rita Super Health Center,2500000,2500000,,,2 - HB 10858 VOL IB.pdf,880,"Sta. Rita Super Health Center | Total: 2,500,000","2,900,000 | Western Samar | 2,500,000 | Sta. Rita Super Health Center","['verify facility row, hierarchy, and printed Total column against the HFEP schedule']",candidate; verify against PDF
Compostela Rural Health Unit,2500000,,2500000,,2 - HB 10858 VOL IB.pdf,882,"Compostela Rural Health Unit | Total: 2,500,000","Davao de Oro | 17,500,000 | Compostela Rural Health Unit | 2,500,000 | Maragusan Rural Health Unit","['verify facility row, hierarchy, and printed Total column against the HFEP schedule']",candidate; verify against PDF
Dipolog City Health Office,2500000,2500000,,,2 - HB 10858 VOL IB.pdf,880,"Dipolog City Health Office | Total: 2,500,000","2,100,000 | Zamboanga del Norte | 2,500,000 | 2,700,000 | Dipolog City Health Office | 540,000 | 3,240,000","['verify facility row, hierarchy, and printed Total column against the HFEP schedule']",candidate; verify against PDF
Maragusan Rural Health Unit,2500000,,2500000,,2 - HB 10858 VOL IB.pdf,882,"Maragusan Rural Health Unit | Total: 2,500,000","Compostela Rural Health Unit | 2,500,000 | Maragusan Rural Health Unit | Mawab Municipal Health Office","['verify facility row, hierarchy, and printed Total column against the HFEP schedule']",candidate; verify against PDF
Torrijos Municipal Hospital,2500000,,2500000,,2 - HB 10858 VOL IB.pdf,884,"Torrijos Municipal Hospital | Total: 2,500,000","Marinduque Provincial Hospital | 9,000,000 | Torrijos Municipal Hospital | 2,500,000","['verify facility row, hierarchy, and printed Total column against the HFEP schedule']",candidate; verify against PDF
Parang Rural Health Unit,2400000,,2400000,,2 - HB 10858 VOL IB.pdf,880,"Parang Rural Health Unit | Total: 2,400,000","Sulu | 2,900,000 | 2,940,000 | 5,840,000 | 10,200,000 | 11,080,000 | 21,280,000 | Parang Rural Health Unit | 2,400,000 | 2,700,000 | 540,000 | 3,240,000 | Tapul Rural Health Unit | 3,440,000","['verify facility row, hierarchy, and printed Total column against the HFEP schedule']",candidate; verify against PDF
Lianga District Hospital,2300000,,2300000,,2 - HB 10858 VOL IB.pdf,888,"Lianga District Hospital | Total: 2,300,000","Cortes Municipal Hospital | 20,000,000 | Lianga District Hospital | 2,300,000 | Lingig Community Hospital | 5,000,000","['verify facility row, hierarchy, and printed Total column against the HFEP schedule']",candidate; verify against PDF
Barugo Municipal Hospital,2300000,,2300000,,2 - HB 10858 VOL IB.pdf,886,"Barugo Municipal Hospital | Total: 2,300,000","Leyte | 33,750,000 | Barugo Municipal Hospital | 2,300,000 | Carigara District Hospital | 4,000,000","['verify facility row, hierarchy, and printed Total column against the HFEP schedule']",candidate; verify against PDF
Borbon Rural Health Unit II,2200000,,2200000,,2 - HB 10858 VOL IB.pdf,880,"Borbon Rural Health Unit II | Total: 2,200,000","10,000,000 | Alegria Rural Health Unit | 8,000,000 | Borbon Rural Health Unit II | 2,200,000 | Cordova Primary Care Facility | 2,900,000","['verify facility row, hierarchy, and printed Total column against the HFEP schedule']",candidate; verify against PDF
Mina Primary Care Facility,2100000,2100000,,,2 - HB 10858 VOL IB.pdf,880,"Mina Primary Care Facility | Total: 2,100,000","Miagao Super Health Center | 10,000,000 | Mina Primary Care Facility | 2,100,000 | San Dionisio Primary Care Facility | 2,700,000","['verify facility row, hierarchy, and printed Total column against the HFEP schedule']",candidate; verify against PDF
"Municipality of Tubo, Tiempo Barangay Health Station",2000000,2000000,,,2 - HB 10858 VOL IB.pdf,876,"Municipality of Tubo, Tiempo Barangay Health Station | Total: 2,000,000","Municipality of Malibcong, Pacgued Barangay Health Station | 135,000 | Municipality of Tubo, Tiempo Barangay Health Station | 2,000,000","['verify facility row, hierarchy, and printed Total column against the HFEP schedule']",candidate; verify against PDF
DOH DATRC - SOCCSKSARGEN,2000000,,2000000,,2 - HB 10858 VOL IB.pdf,890,"DOH DATRC - SOCCSKSARGEN | Total: 2,000,000","13,000,000 | 25,000,000 | 38,000,000 | Sarangani | 2,000,000 | DOH DATRC - SOCCSKSARGEN","['verify facility row, hierarchy, and printed Total column against the HFEP schedule']",candidate; verify against PDF
Philippine General Hospital,2000000,,2000000,,2 - HB 10858 VOL IB.pdf,892,"Philippine General Hospital | Total: 2,000,000","Metro Manila | 2,000,000 | 110,000 | Philippine General Hospital","['verify facility row, hierarchy, and printed Total column against the HFEP schedule']",candidate; verify against PDF
Tandu Barangay Health Station,2000000,2000000,,,2 - HB 10858 VOL IB.pdf,878,"Tandu Barangay Health Station | Total: 2,000,000","2,000,000 | 500,000 | Sulu | Tandu Barangay Health Station","['verify facility row, hierarchy, and printed Total column against the HFEP schedule']",candidate; verify against PDF
Kapatagan Provincial Hospital,1750000,,1750000,,2 - HB 10858 VOL IB.pdf,886,"Kapatagan Provincial Hospital | Total: 1,750,000","50,000,000 | 85,000,000 | 135,000,000 | Lanao del Norte | 1,750,000 | 3,500,000 | 35,000,000 | Kapatagan Provincial Hospital | 100,000,000 | Lanao del Norte Provincial Hospital - Baroy","['verify facility row, hierarchy, and printed Total column against the HFEP schedule']",candidate; verify against PDF
Lanao del Norte Provincial Hospital - Baroy,1750000,1750000,,,2 - HB 10858 VOL IB.pdf,886,"Lanao del Norte Provincial Hospital - Baroy | Total: 1,750,000","35,000,000 | Kapatagan Provincial Hospital | 1,750,000 | 50,000,000 | 100,000,000 | Lanao del Norte Provincial Hospital - Baroy","['verify facility row, hierarchy, and printed Total column against the HFEP schedule']",candidate; verify against PDF
Dona Marida D. Tan Memorial Hospital,1750000,1750000,,,2 - HB 10858 VOL IB.pdf,886,"Dona Marida D. Tan Memorial Hospital | Total: 1,750,000","ASENSO Misamis Occidental Medical Center | 120,000,000 | 15,003,000 | Dona Marida D. Tan Memorial Hospital | 1,750,000 | SM Lao Memorial City General Hospital","['verify facility row, hierarchy, and printed Total column against the HFEP schedule']",candidate; verify against PDF
SM Lao Memorial City General Hospital,1750000,1750000,,,2 - HB 10858 VOL IB.pdf,886,"SM Lao Memorial City General Hospital | Total: 1,750,000","15,003,000 | Dona Marida D. Tan Memorial Hospital | 1,750,000 | SM Lao Memorial City General Hospital","['verify facility row, hierarchy, and printed Total column against the HFEP schedule']",candidate; verify against PDF
El Salvador Infirmary,1750000,1750000,,,2 - HB 10858 VOL IB.pdf,886,"El Salvador Infirmary | Total: 1,750,000","50,000,000 | Misamis Oriental | 81,750,000 | 25,000,000 | 106,750,000 | El Salvador Infirmary | 1,750,000 | Misamis Oriental Provincial Hospital - Balingasag","['verify facility row, hierarchy, and printed Total column against the HFEP schedule']",candidate; verify against PDF
Bukidnon Provincial Hospital - Maramag,1750000,1750000,,,2 - HB 10858 VOL IB.pdf,886,"Bukidnon Provincial Hospital - Maramag | Total: 1,750,000","Bukidnon | 1,750,000 | Bukidnon Provincial Hospital - Maramag","['verify facility row, hierarchy, and printed Total column against the HFEP schedule']",candidate; verify against PDF
Dauis Super Health Center,1750000,1750000,,,2 - HB 10858 VOL IB.pdf,880,"Dauis Super Health Center | Total: 1,750,000","22,900,000 | Corella Rural Health Unit | 1,200,000 | Dauis Super Health Center | 1,750,000 | 2,900,000 | Tagbilaran City Super Mega Health Center | 35,000,000","['verify facility row, hierarchy, and printed Total column against the HFEP schedule']",candidate; verify against PDF
Guinsiliban BUCAS Center,1700000,1700000,,,2 - HB 10858 VOL IB.pdf,890,"Guinsiliban BUCAS Center | Total: 1,700,000","Camiguin | 3,400,000 | Guinsiliban BUCAS Center | 1,700,000 | Mahinog BUCAS Center","['verify facility row, hierarchy, and printed Total column against the HFEP schedule']",candidate; verify against PDF
Mahinog BUCAS Center,1700000,1700000,,,2 - HB 10858 VOL IB.pdf,890,"Mahinog BUCAS Center | Total: 1,700,000","Guinsiliban BUCAS Center | 1,700,000 | Mahinog BUCAS Center","['verify facility row, hierarchy, and printed Total column against the HFEP schedule']",candidate; verify against PDF
Tacloban City Hospital,1700000,,1700000,,2 - HB 10858 VOL IB.pdf,886,"Tacloban City Hospital | Total: 1,700,000","Ormoc City Hospital | 1,300,000 | Tacloban City Hospital | 1,700,000","['verify facility row, hierarchy, and printed Total column against the HFEP schedule']",candidate; verify against PDF
Tubigon Rural Health Unit II,1500000,,1500000,,2 - HB 10858 VOL IB.pdf,880,"Tubigon Rural Health Unit II | Total: 1,500,000","2,900,000 | Tagbilaran City Super Mega Health Center | 35,000,000 | Tubigon Rural Health Unit II | 1,500,000","['verify facility row, hierarchy, and printed Total column against the HFEP schedule']",candidate; verify against PDF
"Burabod Barangay Health Station, Malinao",1500000,1500000,,,2 - HB 10858 VOL IB.pdf,878,"Burabod Barangay Health Station, Malinao | Total: 1,500,000","Albay | 1,500,000 | Burabod Barangay Health Station, Malinao","['verify facility row, hierarchy, and printed Total column against the HFEP schedule']",candidate; verify against PDF
Masiag Rural Health Unit Annex,1470000,1470000,,,2 - HB 10858 VOL IB.pdf,882,"Masiag Rural Health Unit Annex | Total: 1,470,000","Sultan Kudarat | 1,470,000 | Masiag Rural Health Unit Annex","['verify facility row, hierarchy, and printed Total column against the HFEP schedule']",candidate; verify against PDF
Siay Rural Health Unit,1400000,,1400000,,2 - HB 10858 VOL IB.pdf,880,"Siay Rural Health Unit | Total: 1,400,000","38,500,000 | 60,900,000 | 99,400,000 | Zamboanga Sibugay | 1,400,000 | 5,800,000 | Siay Rural Health Unit | 2,900,000","['verify facility row, hierarchy, and printed Total column against the HFEP schedule']",candidate; verify against PDF
Ormoc City Hospital,1300000,,1300000,,2 - HB 10858 VOL IB.pdf,886,"Ormoc City Hospital | Total: 1,300,000","Northwestern Leyte District Hospital | 4,000,000 | Ormoc City Hospital | 1,300,000 | Tacloban City Hospital | 1,700,000","['verify facility row, hierarchy, and printed Total column against the HFEP schedule']",candidate; verify against PDF
Corella Rural Health Unit,1200000,,1200000,,2 - HB 10858 VOL IB.pdf,880,"Corella Rural Health Unit | Total: 1,200,000","Bohol | 1,750,000 | 37,700,000 | 39,450,000 | 22,900,000 | Corella Rural Health Unit | 1,200,000 | Dauis Super Health Center | 2,900,000","['verify facility row, hierarchy, and printed Total column against the HFEP schedule']",candidate; verify against PDF
"Municipality of Caibiran, Asug Barangay Health Station",1180000,1180000,,,2 - HB 10858 VOL IB.pdf,878,"Municipality of Caibiran, Asug Barangay Health Station | Total: 1,180,000","Biliran | 1,180,000 | Municipality of Caibiran, Asug Barangay Health Station","['verify facility row, hierarchy, and printed Total column against the HFEP schedule']",candidate; verify against PDF
Munai Super Health Center,1100000,,1100000,,2 - HB 10858 VOL IB.pdf,880,"Munai Super Health Center | Total: 1,100,000","5,800,000 | Lanao del Norte | 1,100,000 | 3,500,000 | 9,300,000 | Munai Super Health Center | 2,900,000","['verify facility row, hierarchy, and printed Total column against the HFEP schedule']",candidate; verify against PDF
San Pascual Birthing Facility II,1000000,1000000,,,2 - HB 10858 VOL IB.pdf,880,"San Pascual Birthing Facility II | Total: 1,000,000","Masbate | 1,000,000 | San Pascual Birthing Facility II","['verify facility row, hierarchy, and printed Total column against the HFEP schedule']",candidate; verify against PDF
Pinukpuk Rural Health Unit I,1000000,,1000000,,2 - HB 10858 VOL IB.pdf,878,"Pinukpuk Rural Health Unit I | Total: 1,000,000","590,000 | Pasil Rural Health Unit | 920,000 | Pinukpuk Rural Health Unit I | 1,000,000 | Pinukpuk Rural Health Unit II","['verify facility row, hierarchy, and printed Total column against the HFEP schedule']",candidate; verify against PDF
Plaridel BUCAS Center,1000000,1000000,,,2 - HB 10858 VOL IB.pdf,890,"Plaridel BUCAS Center | Total: 1,000,000","Misamis Occidental | 1,000,000 | Plaridel BUCAS Center","['verify facility row, hierarchy, and printed Total column against the HFEP schedule']",candidate; verify against PDF
Surigao del Norte Provincial Hospital,1000000,,1000000,,2 - HB 10858 VOL IB.pdf,888,"Surigao del Norte Provincial Hospital | Total: 1,000,000","Sta. Monica District Hospital | 500,000 | Surigao del Norte Provincial Hospital | 1,000,000","['verify facility row, hierarchy, and printed Total column against the HFEP schedule']",candidate; verify against PDF
Libertad Main Health Center,1000000,1000000,,,2 - HB 10858 VOL IB.pdf,882,"Libertad Main Health Center | Total: 1,000,000","City of Butuan | 1,000,000 | Libertad Main Health Center","['verify facility row, hierarchy, and printed Total column against the HFEP schedule']",candidate; verify against PDF
Dinagat Rural Health Unit,1000000,1000000,,,2 - HB 10858 VOL IB.pdf,882,"Dinagat Rural Health Unit | Total: 1,000,000","Dinagat Islands | 2,210,000 | Dinagat Rural Health Unit | 1,000,000 | Libjo Rural Health Unit | 210,000","['verify facility row, hierarchy, and printed Total column against the HFEP schedule']",candidate; verify against PDF
Marihatag District Hospital,1000000,,1000000,,2 - HB 10858 VOL IB.pdf,888,"Marihatag District Hospital | Total: 1,000,000","Lingig Community Hospital | 5,000,000 | Marihatag District Hospital | 1,000,000 | San Miguel Community Hospital | 3,000,000","['verify facility row, hierarchy, and printed Total column against the HFEP schedule']",candidate; verify against PDF
Loreto Municipal Health Office (Rural Health Unit),1000000,1000000,,,2 - HB 10858 VOL IB.pdf,882,"Loreto Municipal Health Office (Rural Health Unit) | Total: 1,000,000","Libjo Rural Health Unit | 210,000 | Loreto Municipal Health Office (Rural Health Unit) | 1,000,000","['verify facility row, hierarchy, and printed Total column against the HFEP schedule']",candidate; verify against PDF
Tabuk Rural Health Unit I,1000000,,1000000,,2 - HB 10858 VOL IB.pdf,878,"Tabuk Rural Health Unit I | Total: 1,000,000","1,000,000 | Tabuk City, Kalinga Rural Health Unit | 2,700,000 | Tabuk Rural Health Unit I","['verify facility row, hierarchy, and printed Total column against the HFEP schedule']",candidate; verify against PDF
Tabuk Rural Health Unit III,1000000,,1000000,,2 - HB 10858 VOL IB.pdf,880,"Tabuk Rural Health Unit III | Total: 1,000,000","Tabuk Rural Health Unit II | 920,000 | Tabuk Rural Health Unit III | 1,000,000 | Tabuk Rural Health Unit IV","['verify facility row, hierarchy, and printed Total column against the HFEP schedule']",candidate; verify against PDF
"City of Catbalogan, Bagongon Barangay Health Station",1000000,1000000,,,2 - HB 10858 VOL IB.pdf,878,"City of Catbalogan, Bagongon Barangay Health Station | Total: 1,000,000","Western Samar | 1,000,000 | City of Catbalogan, Bagongon Barangay Health Station","['verify facility row, hierarchy, and printed Total column against the HFEP schedule']",candidate; verify against PDF
Pasil Rural Health Unit,920000,,920000,,2 - HB 10858 VOL IB.pdf,878,"Pasil Rural Health Unit | Total: 920,000","1,180,000 | Kalinga | 2,700,000 | 10,360,000 | 13,060,000 | 590,000 | Pasil Rural Health Unit | 920,000 | Pinukpuk Rural Health Unit I | 1,000,000","['verify facility row, hierarchy, and printed Total column against the HFEP schedule']",candidate; verify against PDF
Tanudan Rural Health Unit,920000,,920000,,2 - HB 10858 VOL IB.pdf,880,"Tanudan Rural Health Unit | Total: 920,000","Tabuk Rural Health Unit IV | 920,000 | Tanudan Rural Health Unit | Tinglayan Rural Health Unit","['verify facility row, hierarchy, and printed Total column against the HFEP schedule']",candidate; verify against PDF
Pinukpuk Rural Health Unit II,920000,,920000,,2 - HB 10858 VOL IB.pdf,878,"Pinukpuk Rural Health Unit II | Total: 920,000","590,000 | Pinukpuk Rural Health Unit I | 1,000,000 | Pinukpuk Rural Health Unit II | 920,000 | Rizal Rural Health Unit","['verify facility row, hierarchy, and printed Total column against the HFEP schedule']",candidate; verify against PDF
Rizal Rural Health Unit,920000,,920000,,2 - HB 10858 VOL IB.pdf,878,"Rizal Rural Health Unit | Total: 920,000","590,000 | Pinukpuk Rural Health Unit II | 920,000 | Rizal Rural Health Unit | 1,000,000 | Tabuk City Health Office","['verify facility row, hierarchy, and printed Total column against the HFEP schedule']",candidate; verify against PDF
Tinglayan Rural Health Unit,920000,,920000,,2 - HB 10858 VOL IB.pdf,880,"Tinglayan Rural Health Unit | Total: 920,000","Tanudan Rural Health Unit | 920,000 | Tinglayan Rural Health Unit","['verify facility row, hierarchy, and printed Total column against the HFEP schedule']",candidate; verify against PDF
Tabuk City Health Office,920000,,920000,,2 - HB 10858 VOL IB.pdf,878,"Tabuk City Health Office | Total: 920,000","Rizal Rural Health Unit | 920,000 | 1,000,000 | Tabuk City Health Office | Tabuk City, Kalinga Rural Health Unit | 2,700,000","['verify facility row, hierarchy, and printed Total column against the HFEP schedule']",candidate; verify against PDF
Tudela Rural Health Station,920000,,920000,,2 - HB 10858 VOL IB.pdf,880,"Tudela Rural Health Station | Total: 920,000","17,500,000 | Plaridel Rural Health Unit | 650,000 | 35,000,000 | 11,500,000 | 46,500,000 | Tudela Rural Health Station | 920,000","['verify facility row, hierarchy, and printed Total column against the HFEP schedule']",candidate; verify against PDF
Tabuk Rural Health Unit II,920000,,920000,,2 - HB 10858 VOL IB.pdf,880,"Tabuk Rural Health Unit II | Total: 920,000","NUMBER “1”  | Name of Projects and Facilities | Infrastructure | Motor Vehicle | Total | Equipment | Tabuk Rural Health Unit II | 920,000 | Tabuk Rural Health Unit III | 1,000,000","['verify facility row, hierarchy, and printed Total column against the HFEP schedule']",candidate; verify against PDF
Tabuk Rural Health Unit IV,920000,,920000,,2 - HB 10858 VOL IB.pdf,880,"Tabuk Rural Health Unit IV | Total: 920,000","Tabuk Rural Health Unit III | 1,000,000 | Tabuk Rural Health Unit IV | 920,000 | Tanudan Rural Health Unit","['verify facility row, hierarchy, and printed Total column against the HFEP schedule']",candidate; verify against PDF
Manabo Rural Health Unit,920000,,920000,,2 - HB 10858 VOL IB.pdf,878,"Manabo Rural Health Unit | Total: 920,000","1,500,000 | Abra | 920,000 | 400,000 | Manabo Rural Health Unit","['verify facility row, hierarchy, and printed Total column against the HFEP schedule']",candidate; verify against PDF
Del Carmen District Hospital,650000,,650000,,2 - HB 10858 VOL IB.pdf,886,"Del Carmen District Hospital | Total: 650,000","Claver Infirmary | 3,000,000 | 10,000,000 | Del Carmen District Hospital | 650,000 | Gigaquit District Hospital | 550,000","['verify facility row, hierarchy, and printed Total column against the HFEP schedule']",candidate; verify against PDF
Plaridel Rural Health Unit,650000,,650000,,2 - HB 10858 VOL IB.pdf,880,"Plaridel Rural Health Unit | Total: 650,000","2,900,000 | Misamis Occidental | 1,570,000 | 17,500,000 | Plaridel Rural Health Unit | 650,000 | 35,000,000 | 11,500,000 | 46,500,000 | Tudela Rural Health Station | 920,000","['verify facility row, hierarchy, and printed Total column against the HFEP schedule']",candidate; verify against PDF
Dumaguete Rural Health Unit III,600000,600000,,,2 - HB 10858 VOL IB.pdf,880,"Dumaguete Rural Health Unit III | Total: 600,000","Infrastructure | Motor Vehicle | Total | Name of Projects and Facilities | Equipment | 920,000 | Dumaguete Rural Health Unit III | 600,000 | 1,000,000 | Guihulngan Rural Health Unit | 2,900,000","['verify facility row, hierarchy, and printed Total column against the HFEP schedule']",candidate; verify against PDF
"Municipality of Balangkayan, Balogo Barangay Health Station",590000,590000,,,2 - HB 10858 VOL IB.pdf,878,"Municipality of Balangkayan, Balogo Barangay Health Station | Total: 590,000","590,000 | Eastern Samar | Municipality of Balangkayan, Balogo Barangay Health Station","['verify facility row, hierarchy, and printed Total column against the HFEP schedule']",candidate; verify against PDF
Gigaquit District Hospital,550000,,550000,,2 - HB 10858 VOL IB.pdf,886,"Gigaquit District Hospital | Total: 550,000","10,000,000 | Del Carmen District Hospital | 650,000 | Gigaquit District Hospital | 550,000 | Mainit District Hospital | 150,000","['verify facility row, hierarchy, and printed Total column against the HFEP schedule']",candidate; verify against PDF
Socorro District Hospital,550000,,550000,,2 - HB 10858 VOL IB.pdf,886,"Socorro District Hospital | Total: 550,000","50,000,000 | Pilar District Hospital | 180,000 | Socorro District Hospital | 550,000","['verify facility row, hierarchy, and printed Total column against the HFEP schedule']",candidate; verify against PDF
Mambarao Barangay Health Station,500000,,500000,,2 - HB 10858 VOL IB.pdf,878,"Mambarao Barangay Health Station | Total: 500,000","Maeling Barangay Health Station | 500,000 | Mambarao Barangay Health Station | Manacsac Barangay Health Station","['verify facility row, hierarchy, and printed Total column against the HFEP schedule']",candidate; verify against PDF
Bertese Barangay Health Station,500000,,500000,,2 - HB 10858 VOL IB.pdf,878,"Bertese Barangay Health Station | Total: 500,000","Batitang Barangay Health Station | 500,000 | Bertese Barangay Health Station | Betes Barangay Health Station","['verify facility row, hierarchy, and printed Total column against the HFEP schedule']",candidate; verify against PDF
Pantoc Bulac Barangay Health Station,500000,,500000,,2 - HB 10858 VOL IB.pdf,878,"Pantoc Bulac Barangay Health Station | Total: 500,000","Station | 500,000 | Pantoc Bulac Barangay Health Station | Pinagpanaan Barangay Health Station","['verify facility row, hierarchy, and printed Total column against the HFEP schedule']",candidate; verify against PDF
Bakal II Barangay Health Station,500000,,500000,,2 - HB 10858 VOL IB.pdf,878,"Bakal II Barangay Health Station | Total: 500,000","NUMBER “1”  | Name of Projects and Facilities | Infrastructure | Motor Vehicle | Total | Equipment | Bakal II Barangay Health Station | 500,000 | Bakal III Barangay Health Station","['verify facility row, hierarchy, and printed Total column against the HFEP schedule']",candidate; verify against PDF
Medico Barangay Health Station,500000,,500000,,2 - HB 10858 VOL IB.pdf,878,"Medico Barangay Health Station | Total: 500,000","Mayantoc Barangay Health Station | 500,000 | Medico Barangay Health Station | Minabuyoc Barangay Health Station","['verify facility row, hierarchy, and printed Total column against the HFEP schedule']",candidate; verify against PDF
Campos Barangay Health Station,500000,,500000,,2 - HB 10858 VOL IB.pdf,878,"Campos Barangay Health Station | Total: 500,000","Calipahan Barangay Health Station | 500,000 | Campos Barangay Health Station | Casulucan Este Barangay Health Station","['verify facility row, hierarchy, and printed Total column against the HFEP schedule']",candidate; verify against PDF
Sto. Tomas Feria Barangay Health Station,500000,,500000,,2 - HB 10858 VOL IB.pdf,878,"Sto. Tomas Feria Barangay Health Station | Total: 500,000","Sto. Tomas Barangay Health Station | 500,000 | Sto. Tomas Feria Barangay Health Station | Subol Barangay Health Station","['verify facility row, hierarchy, and printed Total column against the HFEP schedule']",candidate; verify against PDF
Pulong Buli Barangay Health Station,500000,,500000,,2 - HB 10858 VOL IB.pdf,878,"Pulong Buli Barangay Health Station | Total: 500,000","Pulong Bahay Barangay Health Station | 500,000 | Pulong Buli Barangay Health Station | Pulong San Miguel Barangay Health Station","['verify facility row, hierarchy, and printed Total column against the HFEP schedule']",candidate; verify against PDF
"Municipality of Guimba, San Agustin Barangay Health Center",500000,,500000,,2 - HB 10858 VOL IB.pdf,878,"Municipality of Guimba, San Agustin Barangay Health Center | Total: 500,000","Monic Barangay Health Station | 500,000 | Municipality of Guimba, San Agustin Barangay Health Center | Municipality of Sto. Domingo, San Agustin Barangay Health","['verify facility row, hierarchy, and printed Total column against the HFEP schedule']",candidate; verify against PDF
Southwest Poblacion Barangay Health Station,500000,,500000,,2 - HB 10858 VOL IB.pdf,878,"Southwest Poblacion Barangay Health Station | Total: 500,000","San Miguel Barangay Health Station | 500,000 | Southwest Poblacion Barangay Health Station | Sto. Rosario Barangay Health Station","['verify facility row, hierarchy, and printed Total column against the HFEP schedule']",candidate; verify against PDF
Manaul Barangay Health Station,500000,,500000,,2 - HB 10858 VOL IB.pdf,878,"Manaul Barangay Health Station | Total: 500,000","Manacsac Barangay Health Station | 500,000 | Manaul Barangay Health Station | Matingkis Barangay Health Station","['verify facility row, hierarchy, and printed Total column against the HFEP schedule']",candidate; verify against PDF
Gulod Barangay Health Station,500000,,500000,,2 - HB 10858 VOL IB.pdf,878,"Gulod Barangay Health Station | Total: 500,000","Esguerra Barangay Health Station | 500,000 | Gulod Barangay Health Station | Ilong Baliwag Barangay Health Station","['verify facility row, hierarchy, and printed Total column against the HFEP schedule']",candidate; verify against PDF
Sta. Monica District Hospital,500000,,500000,,2 - HB 10858 VOL IB.pdf,888,"Sta. Monica District Hospital | Total: 500,000","NUMBER “1”  | Name of Projects and Facilities | Infrastructure | Motor Vehicle | Total | Equipment | Sta. Monica District Hospital | 500,000 | Surigao del Norte Provincial Hospital | 1,000,000","['verify facility row, hierarchy, and printed Total column against the HFEP schedule']",candidate; verify against PDF
Manacsac Barangay Health Station,500000,,500000,,2 - HB 10858 VOL IB.pdf,878,"Manacsac Barangay Health Station | Total: 500,000","Mambarao Barangay Health Station | 500,000 | Manacsac Barangay Health Station | Manaul Barangay Health Station","['verify facility row, hierarchy, and printed Total column against the HFEP schedule']",candidate; verify against PDF
Sto. Tomas Barangay Health Station,500000,,500000,,2 - HB 10858 VOL IB.pdf,878,"Sto. Tomas Barangay Health Station | Total: 500,000","Sto. Rosario Barangay Health Station | 500,000 | Sto. Tomas Barangay Health Station | Sto. Tomas Feria Barangay Health Station","['verify facility row, hierarchy, and printed Total column against the HFEP schedule']",candidate; verify against PDF
Mayantoc Barangay Health Station,500000,,500000,,2 - HB 10858 VOL IB.pdf,878,"Mayantoc Barangay Health Station | Total: 500,000","Matingkis Barangay Health Station | 500,000 | Mayantoc Barangay Health Station | Medico Barangay Health Station","['verify facility row, hierarchy, and printed Total column against the HFEP schedule']",candidate; verify against PDF
Doña Lucia Barangay Health Station,500000,,500000,,2 - HB 10858 VOL IB.pdf,878,"Doña Lucia Barangay Health Station | Total: 500,000","Concepcion Barangay Health Station | 500,000 | Doña Lucia Barangay Health Station | Esguerra Barangay Health Station","['verify facility row, hierarchy, and printed Total column against the HFEP schedule']",candidate; verify against PDF
Bakal III Barangay Health Station,500000,,500000,,2 - HB 10858 VOL IB.pdf,878,"Bakal III Barangay Health Station | Total: 500,000","Bakal II Barangay Health Station | 500,000 | Bakal III Barangay Health Station | Baluga Barangay Health Station","['verify facility row, hierarchy, and printed Total column against the HFEP schedule']",candidate; verify against PDF
Pinagpanaan Barangay Health Station,500000,,500000,,2 - HB 10858 VOL IB.pdf,878,"Pinagpanaan Barangay Health Station | Total: 500,000","Pantoc Bulac Barangay Health Station | 500,000 | Pinagpanaan Barangay Health Station | Pulong Bahay Barangay Health Station","['verify facility row, hierarchy, and printed Total column against the HFEP schedule']",candidate; verify against PDF
Betes Barangay Health Station,500000,,500000,,2 - HB 10858 VOL IB.pdf,878,"Betes Barangay Health Station | Total: 500,000","Bertese Barangay Health Station | 500,000 | Betes Barangay Health Station | Bibiclat Barangay Health Station","['verify facility row, hierarchy, and printed Total column against the HFEP schedule']",candidate; verify against PDF
Minabuyoc Barangay Health Station,500000,,500000,,2 - HB 10858 VOL IB.pdf,878,"Minabuyoc Barangay Health Station | Total: 500,000","Medico Barangay Health Station | 500,000 | Minabuyoc Barangay Health Station | Monic Barangay Health Station","['verify facility row, hierarchy, and printed Total column against the HFEP schedule']",candidate; verify against PDF
Pulong Bahay Barangay Health Station,500000,,500000,,2 - HB 10858 VOL IB.pdf,878,"Pulong Bahay Barangay Health Station | Total: 500,000","Pinagpanaan Barangay Health Station | 500,000 | Pulong Bahay Barangay Health Station | Pulong Buli Barangay Health Station","['verify facility row, hierarchy, and printed Total column against the HFEP schedule']",candidate; verify against PDF
Bucot Barangay Health Station,500000,,500000,,2 - HB 10858 VOL IB.pdf,878,"Bucot Barangay Health Station | Total: 500,000","Bibiclat Barangay Health Station | 500,000 | Bucot Barangay Health Station | Cabubulaunan Barangay Health Station","['verify facility row, hierarchy, and printed Total column against the HFEP schedule']",candidate; verify against PDF
Esguerra Barangay Health Station,500000,,500000,,2 - HB 10858 VOL IB.pdf,878,"Esguerra Barangay Health Station | Total: 500,000","Doña Lucia Barangay Health Station | 500,000 | Esguerra Barangay Health Station | Gulod Barangay Health Station","['verify facility row, hierarchy, and printed Total column against the HFEP schedule']",candidate; verify against PDF
Bakal I Barangay Health Station,500000,,500000,,2 - HB 10858 VOL IB.pdf,876,"Bakal I Barangay Health Station | Total: 500,000","Andal Alinio Barangay Health Station | 500,000 | Bakal I Barangay Health Station","['verify facility row, hierarchy, and printed Total column against the HFEP schedule']",candidate; verify against PDF
Baluga Barangay Health Station,500000,,500000,,2 - HB 10858 VOL IB.pdf,878,"Baluga Barangay Health Station | Total: 500,000","Bakal III Barangay Health Station | 500,000 | Baluga Barangay Health Station | Basang Hamog Barangay Health Station","['verify facility row, hierarchy, and printed Total column against the HFEP schedule']",candidate; verify against PDF
Concepcion Barangay Health Station,500000,,500000,,2 - HB 10858 VOL IB.pdf,878,"Concepcion Barangay Health Station | Total: 500,000","Casulucan Este Barangay Health Station | 500,000 | Concepcion Barangay Health Station | Doña Lucia Barangay Health Station","['verify facility row, hierarchy, and printed Total column against the HFEP schedule']",candidate; verify against PDF
Subol Barangay Health Station,500000,,500000,,2 - HB 10858 VOL IB.pdf,878,"Subol Barangay Health Station | Total: 500,000","Sto. Tomas Feria Barangay Health Station | 500,000 | Subol Barangay Health Station | Tabacao Barangay Health Station","['verify facility row, hierarchy, and printed Total column against the HFEP schedule']",candidate; verify against PDF
Monic Barangay Health Station,500000,,500000,,2 - HB 10858 VOL IB.pdf,878,"Monic Barangay Health Station | Total: 500,000","Minabuyoc Barangay Health Station | 500,000 | Monic Barangay Health Station | Municipality of Guimba, San Agustin Barangay Health Center","['verify facility row, hierarchy, and printed Total column against the HFEP schedule']",candidate; verify against PDF
Casulucan Este Barangay Health Station,500000,,500000,,2 - HB 10858 VOL IB.pdf,878,"Casulucan Este Barangay Health Station | Total: 500,000","Campos Barangay Health Station | 500,000 | Casulucan Este Barangay Health Station | Concepcion Barangay Health Station","['verify facility row, hierarchy, and printed Total column against the HFEP schedule']",candidate; verify against PDF
Bibiclat Barangay Health Station,500000,,500000,,2 - HB 10858 VOL IB.pdf,878,"Bibiclat Barangay Health Station | Total: 500,000","Betes Barangay Health Station | 500,000 | Bibiclat Barangay Health Station | Bucot Barangay Health Station","['verify facility row, hierarchy, and printed Total column against the HFEP schedule']",candidate; verify against PDF
Calipahan Barangay Health Station,500000,,500000,,2 - HB 10858 VOL IB.pdf,878,"Calipahan Barangay Health Station | Total: 500,000","Caingin Tabing Ilog Barangay Health Station | 500,000 | Calipahan Barangay Health Station | Campos Barangay Health Station","['verify facility row, hierarchy, and printed Total column against the HFEP schedule']",candidate; verify against PDF
Andal Alinio Barangay Health Station,500000,,500000,,2 - HB 10858 VOL IB.pdf,876,"Andal Alinio Barangay Health Station | Total: 500,000","Nueva Ecija | 24,000,000 | Andal Alinio Barangay Health Station | 500,000 | Bakal I Barangay Health Station","['verify facility row, hierarchy, and printed Total column against the HFEP schedule']",candidate; verify against PDF
Ilong Baliwag Barangay Health Station,500000,,500000,,2 - HB 10858 VOL IB.pdf,878,"Ilong Baliwag Barangay Health Station | Total: 500,000","Gulod Barangay Health Station | 500,000 | Ilong Baliwag Barangay Health Station | Maeling Barangay Health Station","['verify facility row, hierarchy, and printed Total column against the HFEP schedule']",candidate; verify against PDF
Basang Hamog Barangay Health Station,500000,,500000,,2 - HB 10858 VOL IB.pdf,878,"Basang Hamog Barangay Health Station | Total: 500,000","Baluga Barangay Health Station | 500,000 | Basang Hamog Barangay Health Station | Batitang Barangay Health Station","['verify facility row, hierarchy, and printed Total column against the HFEP schedule']",candidate; verify against PDF
Pulong San Miguel Barangay Health Station,500000,,500000,,2 - HB 10858 VOL IB.pdf,878,"Pulong San Miguel Barangay Health Station | Total: 500,000","Pulong Buli Barangay Health Station | 500,000 | Pulong San Miguel Barangay Health Station | San Alejandro Barangay Health Station","['verify facility row, hierarchy, and printed Total column against the HFEP schedule']",candidate; verify against PDF
Tabacao Barangay Health Station,500000,,500000,,2 - HB 10858 VOL IB.pdf,878,"Tabacao Barangay Health Station | Total: 500,000","Subol Barangay Health Station | 500,000 | Tabacao Barangay Health Station","['verify facility row, hierarchy, and printed Total column against the HFEP schedule']",candidate; verify against PDF
San Alejandro Barangay Health Station,500000,,500000,,2 - HB 10858 VOL IB.pdf,878,"San Alejandro Barangay Health Station | Total: 500,000","Pulong San Miguel Barangay Health Station | 500,000 | San Alejandro Barangay Health Station | San Andres 1 Barangay Health Station","['verify facility row, hierarchy, and printed Total column against the HFEP schedule']",candidate; verify against PDF
Matingkis Barangay Health Station,500000,,500000,,2 - HB 10858 VOL IB.pdf,878,"Matingkis Barangay Health Station | Total: 500,000","Manaul Barangay Health Station | 500,000 | Matingkis Barangay Health Station | Mayantoc Barangay Health Station","['verify facility row, hierarchy, and printed Total column against the HFEP schedule']",candidate; verify against PDF
Sto. Rosario Barangay Health Station,500000,,500000,,2 - HB 10858 VOL IB.pdf,878,"Sto. Rosario Barangay Health Station | Total: 500,000","Southwest Poblacion Barangay Health Station | 500,000 | Sto. Rosario Barangay Health Station | Sto. Tomas Barangay Health Station","['verify facility row, hierarchy, and printed Total column against the HFEP schedule']",candidate; verify against PDF
Batitang Barangay Health Station,500000,,500000,,2 - HB 10858 VOL IB.pdf,878,"Batitang Barangay Health Station | Total: 500,000","Basang Hamog Barangay Health Station | 500,000 | Batitang Barangay Health Station | Bertese Barangay Health Station","['verify facility row, hierarchy, and printed Total column against the HFEP schedule']",candidate; verify against PDF
San Andres 1 Barangay Health Station,500000,,500000,,2 - HB 10858 VOL IB.pdf,878,"San Andres 1 Barangay Health Station | Total: 500,000","San Alejandro Barangay Health Station | 500,000 | San Andres 1 Barangay Health Station | San Eustacio Barangay Health Station","['verify facility row, hierarchy, and printed Total column against the HFEP schedule']",candidate; verify against PDF
San Eustacio Barangay Health Station,500000,,500000,,2 - HB 10858 VOL IB.pdf,878,"San Eustacio Barangay Health Station | Total: 500,000","San Andres 1 Barangay Health Station | 500,000 | San Eustacio Barangay Health Station | San Manuel Barangay Health Station","['verify facility row, hierarchy, and printed Total column against the HFEP schedule']",candidate; verify against PDF
San Manuel Barangay Health Station,500000,,500000,,2 - HB 10858 VOL IB.pdf,878,"San Manuel Barangay Health Station | Total: 500,000","San Eustacio Barangay Health Station | 500,000 | San Manuel Barangay Health Station | San Miguel Barangay Health Station","['verify facility row, hierarchy, and printed Total column against the HFEP schedule']",candidate; verify against PDF
"Municipality of Sto. Domingo, San Agustin Barangay Health Station",500000,,500000,,2 - HB 10858 VOL IB.pdf,878,"Municipality of Sto. Domingo, San Agustin Barangay Health Station | Total: 500,000","Municipality of Guimba, San Agustin Barangay Health Center | 500,000 | Municipality of Sto. Domingo, San Agustin Barangay Health | Station","['verify facility row, hierarchy, and printed Total column against the HFEP schedule']",candidate; verify against PDF
San Miguel Barangay Health Station,500000,,500000,,2 - HB 10858 VOL IB.pdf,878,"San Miguel Barangay Health Station | Total: 500,000","San Manuel Barangay Health Station | 500,000 | San Miguel Barangay Health Station | Southwest Poblacion Barangay Health Station","['verify facility row, hierarchy, and printed Total column against the HFEP schedule']",candidate; verify against PDF
Cabubulaunan Barangay Health Station,500000,,500000,,2 - HB 10858 VOL IB.pdf,878,"Cabubulaunan Barangay Health Station | Total: 500,000","Bucot Barangay Health Station | 500,000 | Cabubulaunan Barangay Health Station | Caingin Tabing Ilog Barangay Health Station","['verify facility row, hierarchy, and printed Total column against the HFEP schedule']",candidate; verify against PDF
Maeling Barangay Health Station,500000,,500000,,2 - HB 10858 VOL IB.pdf,878,"Maeling Barangay Health Station | Total: 500,000","Ilong Baliwag Barangay Health Station | 500,000 | Maeling Barangay Health Station | Mambarao Barangay Health Station","['verify facility row, hierarchy, and printed Total column against the HFEP schedule']",candidate; verify against PDF
Caingin Tabing Ilog Barangay Health Station,500000,,500000,,2 - HB 10858 VOL IB.pdf,878,"Caingin Tabing Ilog Barangay Health Station | Total: 500,000","Cabubulaunan Barangay Health Station | 500,000 | Caingin Tabing Ilog Barangay Health Station | Calipahan Barangay Health Station","['verify facility row, hierarchy, and printed Total column against the HFEP schedule']",candidate; verify against PDF
Matalom Community Hospital,450000,,450000,,2 - HB 10858 VOL IB.pdf,886,"Matalom Community Hospital | Total: 450,000","Leyte Provincial Hospital | 20,000,000 | Matalom Community Hospital | 450,000 | Northwestern Leyte District Hospital | 4,000,000","['verify facility row, hierarchy, and printed Total column against the HFEP schedule']",candidate; verify against PDF
Pinukpuk District Hospital,450000,,450000,,2 - HB 10858 VOL IB.pdf,882,"Pinukpuk District Hospital | Total: 450,000","5,000,000 | Kalinga Provincial Hospital | 6,500,000 | Pinukpuk District Hospital | 450,000 | Tanudan Municipal Hospital | 6,900,000 | 2,400,000 | 9,300,000","['verify facility row, hierarchy, and printed Total column against the HFEP schedule']",candidate; verify against PDF
"City of Valenzuela, Polo Health Center",440000,,440000,,2 - HB 10858 VOL IB.pdf,878,"City of Valenzuela, Polo Health Center | Total: 440,000","500,000 | City of Valenzuela, Pinalagad Health Center | 190,000 | City of Valenzuela, Polo Health Center | 440,000 | City of Valenzuela, Rincon Health Center | 170,000","['verify facility row, hierarchy, and printed Total column against the HFEP schedule']",candidate; verify against PDF
"City of Valenzuela, Ugong 3S Health Center",440000,,440000,,2 - HB 10858 VOL IB.pdf,878,"City of Valenzuela, Ugong 3S Health Center | Total: 440,000","500,000 | City of Valenzuela, Tagalag Health Center | 220,000 | City of Valenzuela, Ugong 3S Health Center | 440,000 | Navotas Medical and Wellness Center | 7,500,000","['verify facility row, hierarchy, and printed Total column against the HFEP schedule']",candidate; verify against PDF
Mina Barangay Health Station,400000,400000,,,2 - HB 10858 VOL IB.pdf,878,"Mina Barangay Health Station | Total: 400,000","Aklan | 400,000 | Mina Barangay Health Station","['verify facility row, hierarchy, and printed Total column against the HFEP schedule']",candidate; verify against PDF
Pagsanghan Rural Health Unit,400000,,400000,,2 - HB 10858 VOL IB.pdf,880,"Pagsanghan Rural Health Unit | Total: 400,000","3,500,000 | Catbalogan City Health Office | 2,900,000 | Pagsanghan Rural Health Unit | 400,000 | 14,500,000","['verify facility row, hierarchy, and printed Total column against the HFEP schedule']",candidate; verify against PDF
Bayabas Municipal Health and Sanitation Office,360000,,360000,,2 - HB 10858 VOL IB.pdf,882,"Bayabas Municipal Health and Sanitation Office | Total: 360,000","Surigao del Sur | 2,900,000 | 3,570,000 | 6,470,000 | Bayabas Municipal Health and Sanitation Office | 360,000 | Cortes Rural Health Unit | 170,000","['verify facility row, hierarchy, and printed Total column against the HFEP schedule']",candidate; verify against PDF
Allen Rural Health Unit,300000,,300000,,2 - HB 10858 VOL IB.pdf,880,"Allen Rural Health Unit | Total: 300,000","2,700,000 | 540,000 | 3,240,000 | Northern Samar | 7,700,000 | 1,060,000 | 8,760,000 | Allen Rural Health Unit | 300,000 | 1,000,000 | Bobon Bagong Pilipinas Health Center | 2,500,000","['verify facility row, hierarchy, and printed Total column against the HFEP schedule']",candidate; verify against PDF
"City of Valenzuela, Gen. T. de Leon (GTDL) Lying-in Clinic",285000,,285000,,2 - HB 10858 VOL IB.pdf,878,"City of Valenzuela, Gen. T. de Leon (GTDL) Lying-in Clinic | Total: 285,000","500,000 | City of Valenzuela, Don Pedro Health Center | 220,000 | City of Valenzuela, Gen. T. de Leon (GTDL) Lying-in Clinic | 285,000 | City of Valenzuela, Mabolo Health Center | 55,000","['verify facility row, hierarchy, and printed Total column against the HFEP schedule']",candidate; verify against PDF
"Municipality of Bontoc, Alab Oriente Barangay Health Station",230000,,230000,,2 - HB 10858 VOL IB.pdf,876,"Municipality of Bontoc, Alab Oriente Barangay Health Station | Total: 230,000","Municipality of Bauko, Letang Satellite Barangay Health Station | 135,000 | Municipality of Bontoc, Alab Oriente Barangay Health Station | 230,000 | Municipality of Bontoc, Bayyo Barangay Health Station","['verify facility row, hierarchy, and printed Total column against the HFEP schedule']",candidate; verify against PDF
San Roque Super Health Center,220000,,220000,,2 - HB 10858 VOL IB.pdf,880,"San Roque Super Health Center | Total: 220,000","Palapag Super Health Center | 2,700,000 | 540,000 | 3,240,000 | 13,700,000 | 25,580,000 | 39,280,000 | San Roque Super Health Center | 220,000","['verify facility row, hierarchy, and printed Total column against the HFEP schedule']",candidate; verify against PDF
"City of Valenzuela, Don Pedro Health Center",220000,,220000,,2 - HB 10858 VOL IB.pdf,878,"City of Valenzuela, Don Pedro Health Center | Total: 220,000","500,000 | City of Valenzuela, Canumay East Health Center | 140,000 | City of Valenzuela, Don Pedro Health Center | 220,000 | City of Valenzuela, Gen. T. de Leon (GTDL) Lying-in Clinic | 285,000","['verify facility row, hierarchy, and printed Total column against the HFEP schedule']",candidate; verify against PDF
"City of Valenzuela, Sitio Kabatuhan Health Center, City of Valenzuela",220000,,220000,,2 - HB 10858 VOL IB.pdf,878,"City of Valenzuela, Sitio Kabatuhan Health Center, City of Valenzuela | Total: 220,000","500,000 | City of Valenzuela, Rincon Health Center | 170,000 | City of Valenzuela, Sitio Kabatuhan Health Center, City of | Valenzuela | 220,000","['verify facility row, hierarchy, and printed Total column against the HFEP schedule']",candidate; verify against PDF
"City of Valenzuela, Tagalag Health Center",220000,,220000,,2 - HB 10858 VOL IB.pdf,878,"City of Valenzuela, Tagalag Health Center | Total: 220,000","500,000 | Valenzuela | 220,000 | City of Valenzuela, Tagalag Health Center | City of Valenzuela, Ugong 3S Health Center | 440,000","['verify facility row, hierarchy, and printed Total column against the HFEP schedule']",candidate; verify against PDF
"City of Valenzuela, Northville I Health Center",220000,,220000,,2 - HB 10858 VOL IB.pdf,878,"City of Valenzuela, Northville I Health Center | Total: 220,000","500,000 | City of Valenzuela, Malanday 3S Health Center | 190,000 | City of Valenzuela, Northville I Health Center | 220,000 | City of Valenzuela, Pinalagad Health Center","['verify facility row, hierarchy, and printed Total column against the HFEP schedule']",candidate; verify against PDF
Bureau of Quarantine - Manila Station,220000,,220000,,2 - HB 10858 VOL IB.pdf,890,"Bureau of Quarantine - Manila Station | Total: 220,000","65,000,000 | Metro Manila | 220,000 | Bureau of Quarantine - Manila Station | 50,000,000","['verify facility row, hierarchy, and printed Total column against the HFEP schedule']",candidate; verify against PDF
Libjo Rural Health Unit,210000,210000,,,2 - HB 10858 VOL IB.pdf,882,"Libjo Rural Health Unit | Total: 210,000","Dinagat Rural Health Unit | 1,000,000 | Libjo Rural Health Unit | 210,000 | Loreto Municipal Health Office (Rural Health Unit)","['verify facility row, hierarchy, and printed Total column against the HFEP schedule']",candidate; verify against PDF
"City of Valenzuela, Malanday 3S Health Center",190000,,190000,,2 - HB 10858 VOL IB.pdf,878,"City of Valenzuela, Malanday 3S Health Center | Total: 190,000","500,000 | City of Valenzuela, Mabolo Health Center | 55,000 | City of Valenzuela, Malanday 3S Health Center | 190,000 | City of Valenzuela, Northville I Health Center | 220,000","['verify facility row, hierarchy, and printed Total column against the HFEP schedule']",candidate; verify against PDF
"City of Valenzuela, Pinalagad Health Center",190000,,190000,,2 - HB 10858 VOL IB.pdf,878,"City of Valenzuela, Pinalagad Health Center | Total: 190,000","500,000 | City of Valenzuela, Northville I Health Center | 220,000 | City of Valenzuela, Pinalagad Health Center | 190,000 | City of Valenzuela, Polo Health Center | 440,000","['verify facility row, hierarchy, and printed Total column against the HFEP schedule']",candidate; verify against PDF
"City of Caloocan, Barangay 180 Health Center",185000,,185000,,2 - HB 10858 VOL IB.pdf,878,"City of Caloocan, Barangay 180 Health Center | Total: 185,000","500,000 | City of Caloocan, Bagumbong Main Health Center | 140,000 | City of Caloocan, Barangay 180 Health Center | 185,000 | City of Caloocan, Camarin 175 Health Center","['verify facility row, hierarchy, and printed Total column against the HFEP schedule']",candidate; verify against PDF
Bureau of Quarantine - Davao Station,180000,,180000,,2 - HB 10858 VOL IB.pdf,892,"Bureau of Quarantine - Davao Station | Total: 180,000","Davao del Sur | 180,000 | Bureau of Quarantine - Davao Station","['verify facility row, hierarchy, and printed Total column against the HFEP schedule']",candidate; verify against PDF
Pilar District Hospital,180000,,180000,,2 - HB 10858 VOL IB.pdf,886,"Pilar District Hospital | Total: 180,000","50,000,000 | Malimono District Hospital | 130,000 | Pilar District Hospital | 180,000 | Socorro District Hospital | 550,000","['verify facility row, hierarchy, and printed Total column against the HFEP schedule']",candidate; verify against PDF
Bureau of Quarantine - Clark Station,180000,,180000,,2 - HB 10858 VOL IB.pdf,890,"Bureau of Quarantine - Clark Station | Total: 180,000","15,000,000 | Pampanga | 180,000 | Bureau of Quarantine - Clark Station","['verify facility row, hierarchy, and printed Total column against the HFEP schedule']",candidate; verify against PDF
"City of Valenzuela, Rincon Health Center",170000,,170000,,2 - HB 10858 VOL IB.pdf,878,"City of Valenzuela, Rincon Health Center | Total: 170,000","500,000 | City of Valenzuela, Polo Health Center | 440,000 | City of Valenzuela, Rincon Health Center | 170,000 | City of Valenzuela, Sitio Kabatuhan Health Center, City of","['verify facility row, hierarchy, and printed Total column against the HFEP schedule']",candidate; verify against PDF
Cortes Rural Health Unit,170000,,170000,,2 - HB 10858 VOL IB.pdf,882,"Cortes Rural Health Unit | Total: 170,000","Bayabas Municipal Health and Sanitation Office | 360,000 | Cortes Rural Health Unit | 170,000 | Lianga Rural Health Unit | 140,000","['verify facility row, hierarchy, and printed Total column against the HFEP schedule']",candidate; verify against PDF
Tudela Rural Health Unit,160000,,160000,,2 - HB 10858 VOL IB.pdf,880,"Tudela Rural Health Unit | Total: 160,000","2,700,000 | 540,000 | 3,240,000 | Ronda Rural Health Unit | 3,160,000 | Tudela Rural Health Unit | 160,000","['verify facility row, hierarchy, and printed Total column against the HFEP schedule']",candidate; verify against PDF
"Municipality of Natonin, Batnong Barangay Health Station",160000,,160000,,2 - HB 10858 VOL IB.pdf,876,"Municipality of Natonin, Batnong Barangay Health Station | Total: 160,000","Municipality of Leto, Mina Barangay Health Station | 115,000 | Municipality of Natonin, Batnong Barangay Health Station | 160,000 | Municipality of Natonin, Tappo Barangay Health Station","['verify facility row, hierarchy, and printed Total column against the HFEP schedule']",candidate; verify against PDF
Bureau of Quarantine - Cebu Station,160000,,160000,,2 - HB 10858 VOL IB.pdf,892,"Bureau of Quarantine - Cebu Station | Total: 160,000","Cebu | 160,000 | Bureau of Quarantine - Cebu Station","['verify facility row, hierarchy, and printed Total column against the HFEP schedule']",candidate; verify against PDF
Bureau of Quarantine - Iloilo Station,160000,,160000,,2 - HB 10858 VOL IB.pdf,892,"Bureau of Quarantine - Iloilo Station | Total: 160,000","Iloilo | 160,000 | Bureau of Quarantine - Iloilo Station","['verify facility row, hierarchy, and printed Total column against the HFEP schedule']",candidate; verify against PDF
Mainit District Hospital,150000,,150000,,2 - HB 10858 VOL IB.pdf,886,"Mainit District Hospital | Total: 150,000","10,000,000 | Gigaquit District Hospital | 550,000 | Mainit District Hospital | 150,000 | 50,000,000 | Malimono District Hospital | 130,000","['verify facility row, hierarchy, and printed Total column against the HFEP schedule']",candidate; verify against PDF
"City of Caloocan, Grace Park Health Center",140000,,140000,,2 - HB 10858 VOL IB.pdf,878,"City of Caloocan, Grace Park Health Center | Total: 140,000","500,000 | City of Caloocan, Camarin 175 Health Center | 140,000 | City of Caloocan, Grace Park Health Center | City of Navotas, Bagumbayan Super Health Center | 5,000,000","['verify facility row, hierarchy, and printed Total column against the HFEP schedule']",candidate; verify against PDF
"City of Caloocan, Bagong Silang Phase 10 Health Center",140000,,140000,,2 - HB 10858 VOL IB.pdf,878,"City of Caloocan, Bagong Silang Phase 10 Health Center | Total: 140,000","500,000 | Metro Manila | 10,000,000 | 28,775,000 | 38,775,000 | City of Caloocan, Bagong Silang Phase 10 Health Center | 140,000 | City of Caloocan, Bagong Silang Phase 2 Health Center","['verify facility row, hierarchy, and printed Total column against the HFEP schedule']",candidate; verify against PDF
"City of Navotas, Tangos Health Center",140000,,140000,,2 - HB 10858 VOL IB.pdf,878,"City of Navotas, Tangos Health Center | Total: 140,000","Navotas City | 140,000 | 1,500,000 | City of Navotas, Tangos Health Center","['verify facility row, hierarchy, and printed Total column against the HFEP schedule']",candidate; verify against PDF
"City of Valenzuela, Canumay East Health Center",140000,,140000,,2 - HB 10858 VOL IB.pdf,878,"City of Valenzuela, Canumay East Health Center | Total: 140,000","500,000 | City of Navotas, Tanza Pabahay Health Center | 8,800,000 | City of Valenzuela, Canumay East Health Center | 140,000 | City of Valenzuela, Don Pedro Health Center | 220,000","['verify facility row, hierarchy, and printed Total column against the HFEP schedule']",candidate; verify against PDF
"City of Caloocan, Camarin 175 Health Center",140000,,140000,,2 - HB 10858 VOL IB.pdf,878,"City of Caloocan, Camarin 175 Health Center | Total: 140,000","500,000 | City of Caloocan, Barangay 180 Health Center | 185,000 | City of Caloocan, Camarin 175 Health Center | 140,000 | City of Caloocan, Grace Park Health Center","['verify facility row, hierarchy, and printed Total column against the HFEP schedule']",candidate; verify against PDF
"City of Caloocan, Bagong Silang Phase 2 Health Center",140000,,140000,,2 - HB 10858 VOL IB.pdf,878,"City of Caloocan, Bagong Silang Phase 2 Health Center | Total: 140,000","500,000 | City of Caloocan, Bagong Silang Phase 10 Health Center | 140,000 | City of Caloocan, Bagong Silang Phase 2 Health Center | City of Caloocan, Bagumbong Main Health Center","['verify facility row, hierarchy, and printed Total column against the HFEP schedule']",candidate; verify against PDF
Lianga Rural Health Unit,140000,,140000,,2 - HB 10858 VOL IB.pdf,882,"Lianga Rural Health Unit | Total: 140,000","Cortes Rural Health Unit | 170,000 | Lianga Rural Health Unit | 140,000 | Tago Rural Health Unit | 2,900,000","['verify facility row, hierarchy, and printed Total column against the HFEP schedule']",candidate; verify against PDF
"City of Caloocan, Bagumbong Main Health Center",140000,,140000,,2 - HB 10858 VOL IB.pdf,878,"City of Caloocan, Bagumbong Main Health Center | Total: 140,000","500,000 | City of Caloocan, Bagong Silang Phase 2 Health Center | 140,000 | City of Caloocan, Bagumbong Main Health Center | City of Caloocan, Barangay 180 Health Center | 185,000","['verify facility row, hierarchy, and printed Total column against the HFEP schedule']",candidate; verify against PDF
Bontoc Rural Health Unit,135000,,135000,,2 - HB 10858 VOL IB.pdf,880,"Bontoc Rural Health Unit | Total: 135,000","Mountain Province | 135,000 | Bontoc Rural Health Unit","['verify facility row, hierarchy, and printed Total column against the HFEP schedule']",candidate; verify against PDF
"Municipality of Sadanga, Bekigan Barangay Health Station",135000,,135000,,2 - HB 10858 VOL IB.pdf,876,"Municipality of Sadanga, Bekigan Barangay Health Station | Total: 135,000","Municipality of Paracelis, Butigue Barangay Health Station | 115,000 | Municipality of Sadanga, Bekigan Barangay Health Station | 135,000 | Municipality of Sadanga, Betwagan Barangay Health Station | 125,000","['verify facility row, hierarchy, and printed Total column against the HFEP schedule']",candidate; verify against PDF
"Municipality of Sadanga, Samoki Barangay Health Station",135000,,135000,,2 - HB 10858 VOL IB.pdf,876,"Municipality of Sadanga, Samoki Barangay Health Station | Total: 135,000","Municipality of Sadanga, Betwagan Barangay Health Station | 125,000 | Municipality of Sadanga, Samoki Barangay Health Station | 135,000 | Saclit Barangay Health Station | 115,000","['verify facility row, hierarchy, and printed Total column against the HFEP schedule']",candidate; verify against PDF
Hingyon Rural Health Unit,135000,,135000,,2 - HB 10858 VOL IB.pdf,878,"Hingyon Rural Health Unit | Total: 135,000","2,770,000 | Ifugao | 270,000 | Hingyon Rural Health Unit | 135,000 | 1,180,000 | Mayoyao Rural Health Unit","['verify facility row, hierarchy, and printed Total column against the HFEP schedule']",candidate; verify against PDF
"Municipality of Bontoc, Poblacion Bontoc Barangay Health Station",135000,,135000,,2 - HB 10858 VOL IB.pdf,876,"Municipality of Bontoc, Poblacion Bontoc Barangay Health Station | Total: 135,000","Municipality of Bontoc, Gonogon Barangay Health Station | 135,000 | Municipality of Bontoc, Poblacion Bontoc Barangay Health Station | Municipality of Leto, Mina Barangay Health Station | 115,000","['verify facility row, hierarchy, and printed Total column against the HFEP schedule']",candidate; verify against PDF
"Municipality of Malibcong, Pacgued Barangay Health Station",135000,,135000,,2 - HB 10858 VOL IB.pdf,876,"Municipality of Malibcong, Pacgued Barangay Health Station | Total: 135,000","Municipality of Malibcong, Buanao Barangay Health Station | 135,000 | Municipality of Malibcong, Pacgued Barangay Health Station | Municipality of Tubo, Tiempo Barangay Health Station | 2,000,000","['verify facility row, hierarchy, and printed Total column against the HFEP schedule']",candidate; verify against PDF
"Municipality of Bauko, Letang Satellite Barangay Health Station",135000,,135000,,2 - HB 10858 VOL IB.pdf,876,"Municipality of Bauko, Letang Satellite Barangay Health Station | Total: 135,000","Municipality of Barlig, Fiangtin Barangay Health Station | 115,000 | Municipality of Bauko, Letang Satellite Barangay Health Station | 135,000 | Municipality of Bontoc, Alab Oriente Barangay Health Station | 230,000","['verify facility row, hierarchy, and printed Total column against the HFEP schedule']",candidate; verify against PDF
"Municipality of Malibcong, Buanao Barangay Health Station",135000,,135000,,2 - HB 10858 VOL IB.pdf,876,"Municipality of Malibcong, Buanao Barangay Health Station | Total: 135,000","Abra | 2,000,000 | 270,000 | 2,270,000 | Municipality of Malibcong, Buanao Barangay Health Station | 135,000 | Municipality of Malibcong, Pacgued Barangay Health Station","['verify facility row, hierarchy, and printed Total column against the HFEP schedule']",candidate; verify against PDF
Conner Rural Health Unit,135000,,135000,,2 - HB 10858 VOL IB.pdf,878,"Conner Rural Health Unit | Total: 135,000","400,000 | Apayao | 135,000 | Conner Rural Health Unit","['verify facility row, hierarchy, and printed Total column against the HFEP schedule']",candidate; verify against PDF
"Municipality of Bontoc, Gonogon Barangay Health Station",135000,,135000,,2 - HB 10858 VOL IB.pdf,876,"Municipality of Bontoc, Gonogon Barangay Health Station | Total: 135,000","Municipality of Bontoc, Bayyo Barangay Health Station | 135,000 | Municipality of Bontoc, Gonogon Barangay Health Station | Municipality of Bontoc, Poblacion Bontoc Barangay Health Station","['verify facility row, hierarchy, and printed Total column against the HFEP schedule']",candidate; verify against PDF
Mayoyao Rural Health Unit,135000,,135000,,2 - HB 10858 VOL IB.pdf,878,"Mayoyao Rural Health Unit | Total: 135,000","2,770,000 | Hingyon Rural Health Unit | 135,000 | 1,180,000 | Mayoyao Rural Health Unit","['verify facility row, hierarchy, and printed Total column against the HFEP schedule']",candidate; verify against PDF
"Municipality of Bontoc, Bayyo Barangay Health Station",135000,,135000,,2 - HB 10858 VOL IB.pdf,876,"Municipality of Bontoc, Bayyo Barangay Health Station | Total: 135,000","Municipality of Bontoc, Alab Oriente Barangay Health Station | 230,000 | Municipality of Bontoc, Bayyo Barangay Health Station | 135,000 | Municipality of Bontoc, Gonogon Barangay Health Station","['verify facility row, hierarchy, and printed Total column against the HFEP schedule']",candidate; verify against PDF
Malimono District Hospital,130000,,130000,,2 - HB 10858 VOL IB.pdf,886,"Malimono District Hospital | Total: 130,000","Mainit District Hospital | 150,000 | 50,000,000 | Malimono District Hospital | 130,000 | Pilar District Hospital | 180,000","['verify facility row, hierarchy, and printed Total column against the HFEP schedule']",candidate; verify against PDF
"Municipality of Sadanga, Betwagan Barangay Health Station",125000,,125000,,2 - HB 10858 VOL IB.pdf,876,"Municipality of Sadanga, Betwagan Barangay Health Station | Total: 125,000","Municipality of Sadanga, Bekigan Barangay Health Station | 135,000 | Municipality of Sadanga, Betwagan Barangay Health Station | 125,000 | Municipality of Sadanga, Samoki Barangay Health Station","['verify facility row, hierarchy, and printed Total column against the HFEP schedule']",candidate; verify against PDF
Cabawa Birthing Facility,120000,120000,,,2 - HB 10858 VOL IB.pdf,882,"Cabawa Birthing Facility | Total: 120,000","Surigao del Norte | 7,670,000 | 2,000,000 | 9,670,000 | Cabawa Birthing Facility | 120,000 | Cagniyog Super Health Center | 1,750,000 | 3,750,000","['verify facility row, hierarchy, and printed Total column against the HFEP schedule']",candidate; verify against PDF
"Municipality of Paracelis, Butigue Barangay Health Station",115000,,115000,,2 - HB 10858 VOL IB.pdf,876,"Municipality of Paracelis, Butigue Barangay Health Station | Total: 115,000","Municipality of Natonin, Tonglayan Barangay Health Station | 115,000 | Municipality of Paracelis, Butigue Barangay Health Station | Municipality of Sadanga, Bekigan Barangay Health Station | 135,000","['verify facility row, hierarchy, and printed Total column against the HFEP schedule']",candidate; verify against PDF
"Municipality of Natonin, Tonglayan Barangay Health Station",115000,,115000,,2 - HB 10858 VOL IB.pdf,876,"Municipality of Natonin, Tonglayan Barangay Health Station | Total: 115,000","Municipality of Natonin, Tappo Barangay Health Station | 115,000 | Municipality of Natonin, Tonglayan Barangay Health Station | Municipality of Paracelis, Butigue Barangay Health Station","['verify facility row, hierarchy, and printed Total column against the HFEP schedule']",candidate; verify against PDF
"Municipality of Natonin, Tappo Barangay Health Station",115000,,115000,,2 - HB 10858 VOL IB.pdf,876,"Municipality of Natonin, Tappo Barangay Health Station | Total: 115,000","Municipality of Natonin, Batnong Barangay Health Station | 160,000 | Municipality of Natonin, Tappo Barangay Health Station | 115,000 | Municipality of Natonin, Tonglayan Barangay Health Station","['verify facility row, hierarchy, and printed Total column against the HFEP schedule']",candidate; verify against PDF
Saclit Barangay Health Station,115000,,115000,,2 - HB 10858 VOL IB.pdf,876,"Saclit Barangay Health Station | Total: 115,000","Municipality of Sadanga, Samoki Barangay Health Station | 135,000 | Saclit Barangay Health Station | 115,000","['verify facility row, hierarchy, and printed Total column against the HFEP schedule']",candidate; verify against PDF
"Municipality of Leto, Mina Barangay Health Station",115000,,115000,,2 - HB 10858 VOL IB.pdf,876,"Municipality of Leto, Mina Barangay Health Station | Total: 115,000","Municipality of Bontoc, Poblacion Bontoc Barangay Health Station | 135,000 | Municipality of Leto, Mina Barangay Health Station | 115,000 | Municipality of Natonin, Batnong Barangay Health Station | 160,000","['verify facility row, hierarchy, and printed Total column against the HFEP schedule']",candidate; verify against PDF
"Municipality of Barlig, Fiangtin Barangay Health Station",115000,,115000,,2 - HB 10858 VOL IB.pdf,876,"Municipality of Barlig, Fiangtin Barangay Health Station | Total: 115,000","Mountain Province | 2,015,000 | Municipality of Barlig, Fiangtin Barangay Health Station | 115,000 | Municipality of Bauko, Letang Satellite Barangay Health Station | 135,000","['verify facility row, hierarchy, and printed Total column against the HFEP schedule']",candidate; verify against PDF
Bureau of Quarantine - Tabaco Station,110000,,110000,,2 - HB 10858 VOL IB.pdf,892,"Bureau of Quarantine - Tabaco Station | Total: 110,000","110,000 | Albay | Bureau of Quarantine - Tabaco Station","['verify facility row, hierarchy, and printed Total column against the HFEP schedule']",candidate; verify against PDF
Bureau of Quarantine - Zamboanga Station,110000,,110000,,2 - HB 10858 VOL IB.pdf,892,"Bureau of Quarantine - Zamboanga Station | Total: 110,000","Zamboanga del Sur | 110,000 | Bureau of Quarantine - Zamboanga Station","['verify facility row, hierarchy, and printed Total column against the HFEP schedule']",candidate; verify against PDF
San Antonio District Hospital,95000,,95000,,2 - HB 10858 VOL IB.pdf,884,"San Antonio District Hospital | Total: 95,000","Guimba District Hospital | 50,000,000 | 100,000,000 | San Antonio District Hospital | 95,000 | Sto. Domingo District Hospital | 30,000,000 | 80,000,000","['verify facility row, hierarchy, and printed Total column against the HFEP schedule']",candidate; verify against PDF
"City of Valenzuela, Mabolo Health Center",55000,,55000,,2 - HB 10858 VOL IB.pdf,878,"City of Valenzuela, Mabolo Health Center | Total: 55,000","500,000 | City of Valenzuela, Gen. T. de Leon (GTDL) Lying-in Clinic | 285,000 | City of Valenzuela, Mabolo Health Center | 55,000 | City of Valenzuela, Malanday 3S Health Center | 190,000","['verify facility row, hierarchy, and printed Total column against the HFEP schedule']",candidate; verify against PDF
