fiscal_year,category,project_name,location,office,amount,category_records,median_amount,q1,q3,iqr,mad,robust_z
2027,BIP - Multi-Purpose Buildings/ Facilities to support Social Services,"Construction of Multi-Purpose Building (INSPIRE BUILDING), Laoag City, Ilocos Norte",Ilocos Norte 1st District Engineering Office,Ilocos Norte 1st District Engineering Office,835000000.0,2773,7000000.0,5000000.0,10000000.0,5000000.0,2000000.0,279.2391744233104
2027,BIP - Multi-Purpose Buildings/ Facilities to support Social Services,"Construction of Multi-Purpose Building, Barangay San Luis, Cauayan City, Isabela",Isabela 4th District Engineering Office,Isabela 4th District Engineering Office,535000000.0,2773,7000000.0,5000000.0,10000000.0,5000000.0,2000000.0,178.06556050182112
2027,BIP - Multi-Purpose Buildings/ Facilities to support Social Services,"Construction of Multi-Purpose Building (PSRG Barracks), Manila",South Manila District Engineering Office,South Manila District Engineering Office,452190000.0,2773,7000000.0,5000000.0,10000000.0,5000000.0,2000000.0,150.1382706056927
2027,BIP - Access Roads and/or Bridges from the National Roads leading to Major/ Strategic Public Buildings/ Facilities,"Construction of Daang Maharlika Alternate Route (Jct. BCIR-Baan Tiniwisan-NRJ Daang Maharlika, RTR), Butuan City",Butuan City District Engineering Office,Butuan City District Engineering Office,1200000000.0,3271,11000000.0,5000000.0,30000000.0,25000000.0,6000000.0,133.6615855029453
2027,Construction of New Bridges,"Pancian Viaduct along Manila North Road, Ilocos Norte",Ilocos Norte 1st District Engineering Office,Ilocos Norte 1st District Engineering Office,2088668000.0,22,30420000.0,22630000.0,129860000.0,107230000.0,10420000.0,133.23121465558378
2027,Water Supply System,"Construction of Water System, Municipality of Bubong to Municipality of Ditsaan-Ramain, Lanao del Sur",Regional Office X BARMM,Regional Office X BARMM,400000000.0,435,5000000.0,5000000.0,10000000.0,5000000.0,2000000.0,133.21192499662754
2027,BIP - Multi-Purpose Buildings/ Facilities to support Social Services,"Construction (Completion) of Multi-Purpose Building, Sentro Komuniudad de Santa Cruz, Manila City (14.61236745, 120.98225658)",North Manila District Engineering Office,North Manila District Engineering Office,400000000.0,2773,7000000.0,5000000.0,10000000.0,5000000.0,2000000.0,132.53743423715096
2027,BIP - Multi-Purpose Buildings/ Facilities to support Social Services,"Construction of Multi-Purpose Building, Butuan City 8.942260, 125.508396",Butuan City District Engineering Office,Butuan City District Engineering Office,400000000.0,2773,7000000.0,5000000.0,10000000.0,5000000.0,2000000.0,132.53743423715096
2027,Rehabilitation/ Reconstruction/ Upgrading of Damaged Paved Roads - Primary Roads,Rolando R. Andaya Highway - K0296 + 418 - K0311 + 638,Camarines Sur 1st District Engineering Office,Camarines Sur 1st District Engineering Office,2589421000.0,116,18577000.0,8739000.0,59687250.0,50948250.0,13469500.0,128.73607201869766
2027,BIP - Multi-Purpose Buildings/ Facilities to support Social Services,"Construction of Camarines Sur Iconic Capitol Building, CamSur Uptown Center, Pili, Camarines Sur",Camarines Sur 3rd District Engineering Office,Camarines Sur 3rd District Engineering Office,360000000.0,2773,7000000.0,5000000.0,10000000.0,5000000.0,2000000.0,119.04761904761905
2027,Rehabilitation/ Reconstruction/ Upgrading of Damaged Paved Roads - Primary Roads,Rolando R. Andaya Highway - K281+198 - K0296+418,Camarines Sur 1st District Engineering Office,Camarines Sur 1st District Engineering Office,2370485000.0,116,18577000.0,8739000.0,59687250.0,50948250.0,13469500.0,117.7727616570088
2027,BIP - Multi-Purpose Buildings/ Facilities to support Social Services,"Construction of Ecotourism Building, Mount Sicapo Reserve, Nueva Era, Ilocos Norte",Ilocos Norte 2nd District Engineering Office,Ilocos Norte 2nd District Engineering Office,350000000.0,2773,7000000.0,5000000.0,10000000.0,5000000.0,2000000.0,115.67516525023608
2027,Rehabilitation/ Reconstruction/ Upgrading of Damaged Paved Roads - Primary Roads,Quirino H-way - K0251 +(-511) - K0264 + 968,Quezon 4th District Engineering Office,Quezon 4th District Engineering Office,2195137000.0,116,18577000.0,8739000.0,59687250.0,50948250.0,13469500.0,108.99213834562367
2027,Water Supply System,"Construction of Butuan City Water System, Main Bypass Pipeline , (Barangay Villa Kanangga - Barangay Bancasi Section ), Butuan City",Butuan City District Engineering Office,Butuan City District Engineering Office,300000000.0,435,5000000.0,5000000.0,10000000.0,5000000.0,2000000.0,99.48738702279779
2027,Water Supply System,"Construction of Butuan City Water System, Main Bypass Pipeline , Relief Pipe (Baan to Macapagal Br. To Villa Kanangga ), Butuan City,",Butuan City District Engineering Office,Butuan City District Engineering Office,300000000.0,435,5000000.0,5000000.0,10000000.0,5000000.0,2000000.0,99.48738702279779
2027,BIP - Multi-Purpose Buildings/ Facilities to support Social Services,"Construction of Multi-Purpose Building (Museo de Bacoor) at Barangay Poblacion, formerly Tabing Dagat, Camposanto and Daaang Bukid, Bacoor City, Cavite",Cavite 3rd District Engineering Office,Cavite 3rd District Engineering Office,296500000.0,2773,7000000.0,5000000.0,10000000.0,5000000.0,2000000.0,97.63253743423715
2027,BIP - Access Roads and/or Bridges from the National Roads leading to Major/ Strategic Public Buildings/ Facilities,"Construction of Road Dike along Abacan River, San Jose Malino - Tangle, Mexico, Pampanga Sta. 0 + 000 - Sta. 4 + 552",Pampanga 1st District Engineering Office,Pampanga 1st District Engineering Office,750000000.0,3271,11000000.0,5000000.0,30000000.0,25000000.0,6000000.0,83.07477854220063
2027,Water Supply System,"Construction of Waterworks System, Valencia, Negros Oriental",Negros Oriental 3rd District Engineering Office,Negros Oriental 3rd District Engineering Office,250000000.0,435,5000000.0,5000000.0,10000000.0,5000000.0,2000000.0,82.6251180358829
2027,Water Supply System,"Construction of Butuan City Water System, Main Bypass Pipeline , (Barangay Mahay - Barangay Villa Kanangga Section ), Butuan City",Butuan City District Engineering Office,Butuan City District Engineering Office,250000000.0,435,5000000.0,5000000.0,10000000.0,5000000.0,2000000.0,82.6251180358829
2027,Water Supply System,"Construction of Water Supply, Subic, Zambales",Zambales 2nd District Engineering Office,Zambales 2nd District Engineering Office,250000000.0,435,5000000.0,5000000.0,10000000.0,5000000.0,2000000.0,82.6251180358829
2027,BIP - Access Roads and/or Bridges from the National Roads leading to Major/ Strategic Public Buildings/ Facilities,"Construction of Road Dike along Abacan River, San Juan-San Jose Malino, Mexico, Pampanga, Sta. 0+000 - Sta. 5+139",Pampanga 1st District Engineering Office,Pampanga 1st District Engineering Office,743746000.0,3271,11000000.0,5000000.0,30000000.0,25000000.0,6000000.0,82.37173434057287
2027,BIP - Multi-Purpose Buildings/ Facilities to support Social Services,"Construction of Multi-Purpose Building (Evacuation Center) at Barangay Santa Elena, Marikina City",Metro Manila 1st District Engineering Office,Metro Manila 1st District Engineering Office,250000000.0,2773,7000000.0,5000000.0,10000000.0,5000000.0,2000000.0,81.95062727640631
2027,Construction of New Bridges,"Lopez Viaduct (FB50957LZ) along Maharlika Highway, Brgy. Canda Ibaba - Brgy. Pandanan, Calauag, Quezon",Quezon 4th District Engineering Office,Quezon 4th District Engineering Office,1200000000.0,22,30420000.0,22630000.0,129860000.0,107230000.0,10420000.0,75.70738027530098
2027,BIP - Multi-Purpose Buildings/ Facilities to support Social Services,"Rehabilitation of Maharlika Likelihood Complex, Baguio City",Baguio City District Engineering Office,Baguio City District Engineering Office,225000000.0,2773,7000000.0,5000000.0,10000000.0,5000000.0,2000000.0,73.51949278294887
2027,Rehabilitation/ Reconstruction/ Upgrading of Damaged Paved Roads - Primary Roads,Quirino H-way - K0264 + 968 - K0281 +198,Quezon 4th District Engineering Office,Quezon 4th District Engineering Office,1392209000.0,116,18577000.0,8739000.0,59687250.0,50948250.0,13469500.0,68.7851880857756
2027,BIP - Access Roads and/or Bridges from the National Roads leading to Major/ Strategic Public Buildings/ Facilities,"Construction of NRJ Tagum - Panabo Circum Road, Barangay Datu Balang - Barangay Gupitan, Sta. 1505+440.000 - Sta. 1517+440.000, Kapalong Section, to Loreto (Agusan del Sur), Davao del Norte",Davao del Norte District Engineering Office,Davao del Norte District Engineering Office,600000000.0,3271,11000000.0,5000000.0,30000000.0,25000000.0,6000000.0,66.21250955528576
2027,BIP - Access Roads and/or Bridges from the National Roads leading to Major/ Strategic Public Buildings/ Facilities,"Construction of Lake Mainit Circumferential - Lipata Port By-Pass Road to Wind Power Generation, Brgy. Banbanon - Brgy. Oslao, San Francisco, Surigao del Norte",Surigao del Norte 2nd District Engineering Office,Surigao del Norte 2nd District Engineering Office,600000000.0,3271,11000000.0,5000000.0,30000000.0,25000000.0,6000000.0,66.21250955528576
2027,BIP - Multi-Purpose Buildings/ Facilities to support Social Services,"Construction of Multi-Storey Multi-Purpose Building, City of San Fernando, La Union",La Union 1st District Engineering Office,La Union 1st District Engineering Office,200000000.0,2773,7000000.0,5000000.0,10000000.0,5000000.0,2000000.0,65.08835828949144
2027,BIP - Multi-Purpose Buildings/ Facilities to support Social Services,"Construction (Completion) of National Bureau of Investigation (NBI) - Cordillera Administrative Region (NBI-CAR) Office Building, Upper Session Road, Baguio City",Baguio City District Engineering Office,Baguio City District Engineering Office,200000000.0,2773,7000000.0,5000000.0,10000000.0,5000000.0,2000000.0,65.08835828949144
2027,BIP - Multi-Purpose Buildings/ Facilities to support Social Services,"Construction of Multi-Purpose Building at Barangay Poblacion 5, Santa Cruz, Laguna (14.285327, 121412438)",Laguna 1st District Engineering Office,Laguna 1st District Engineering Office,200000000.0,2773,7000000.0,5000000.0,10000000.0,5000000.0,2000000.0,65.08835828949144
2027,BIP - Multi-Purpose Buildings/ Facilities to support Social Services,"Construction of Multi-Purpose Building within Zone 1 to 12, Barangay 1 to 146, 1st LD, Manila City",North Manila District Engineering Office,North Manila District Engineering Office,200000000.0,2773,7000000.0,5000000.0,10000000.0,5000000.0,2000000.0,65.08835828949144
2027,BIP - Multi-Purpose Buildings/ Facilities to support Social Services,"Construction (Completion) of Evacuation Center, Barangay Minanga, San Mariano, Isabela",Isabela 3rd District Engineering Office,Isabela 3rd District Engineering Office,200000000.0,2773,7000000.0,5000000.0,10000000.0,5000000.0,2000000.0,65.08835828949144
2027,BIP - Access Roads and/or Bridges from the National Roads leading to Major/ Strategic Public Buildings/ Facilities,"Improvement of Road and Drainage System along Taft Ave. (From UN Ave. to Ayala Blvd.), Manila City",South Manila District Engineering Office,South Manila District Engineering Office,575000000.0,3271,11000000.0,5000000.0,30000000.0,25000000.0,6000000.0,63.402131390799944
2027,BIP - Multi-Purpose Buildings/ Facilities to support Social Services,"Rehabilitation of Multi-Purpose Building (PGLU Executive Building), Barangay Sevilla, City of San Fernando, La Union",La Union 1st District Engineering Office,La Union 1st District Engineering Office,180000000.0,2773,7000000.0,5000000.0,10000000.0,5000000.0,2000000.0,58.34345069472548
2027,Rehabilitation/ Reconstruction/ Upgrading of Damaged Paved Roads - Primary Roads,Maharlika Highway (Sn Isidro-Sn Juanico Br) - K0816 + 000 - K0831 + 000,Samar 2nd District Engineering Office,Samar 2nd District Engineering Office,1000000000.0,116,18577000.0,8739000.0,59687250.0,50948250.0,13469500.0,49.14516089222306
2027,Rehabilitation/ Reconstruction/ Upgrading of Damaged Paved Roads - Primary Roads,Maharlika Highway (Sn Isidro-Sn Juanico Br) - K0831 + 000 - K0846 + 000,Samar 2nd District Engineering Office,Samar 2nd District Engineering Office,1000000000.0,116,18577000.0,8739000.0,59687250.0,50948250.0,13469500.0,49.14516089222306
2027,Rehabilitation/ Reconstruction/ Upgrading of Damaged Paved Roads - Primary Roads,Maharlika Highway (Sn Isidro-Sn Juanico Br) - K0846 + 000 - K0861 + 000,Samar 2nd District Engineering Office,Samar 2nd District Engineering Office,1000000000.0,116,18577000.0,8739000.0,59687250.0,50948250.0,13469500.0,49.14516089222306
2027,Rehabilitation/ Reconstruction/ Upgrading of Damaged Paved Roads - Primary Roads,Maharlika Highway (Sn Isidro-Sn Juanico Br) - K0861 + 000 - K0876 + 000,Samar 2nd District Engineering Office,Samar 2nd District Engineering Office,1000000000.0,116,18577000.0,8739000.0,59687250.0,50948250.0,13469500.0,49.14516089222306
2027,Rehabilitation/ Reconstruction/ Upgrading of Damaged Paved Roads - Primary Roads,Maharlika Highway (Sn Isidro-Sn Juanico Br) - K0876 + 000 - K0894 + 840,Samar 2nd District Engineering Office,Samar 2nd District Engineering Office,1000000000.0,116,18577000.0,8739000.0,59687250.0,50948250.0,13469500.0,49.14516089222306
2027,BIP - Multi-Purpose Buildings/ Facilities to support Social Services,"Construction of Multi-Purpose Building (Evacuation Center), Calumpang, Calumpit, Bulacan (120.773575, 14.888856)",Bulacan 1st District Engineering Office,Bulacan 1st District Engineering Office,150000000.0,2773,7000000.0,5000000.0,10000000.0,5000000.0,2000000.0,48.226089302576554
2027,BIP - Multi-Purpose Buildings/ Facilities to support Social Services,"Construction of National Building, Barangay Rosario, Pasig City",Metro Manila 1st District Engineering Office,Metro Manila 1st District Engineering Office,150000000.0,2773,7000000.0,5000000.0,10000000.0,5000000.0,2000000.0,48.226089302576554
2027,BIP - Multi-Purpose Buildings/ Facilities to support Social Services,"Construction of Multi-Purpose Building along Lion's Head, Kennon Road, Baguio City",Baguio City District Engineering Office,Baguio City District Engineering Office,150000000.0,2773,7000000.0,5000000.0,10000000.0,5000000.0,2000000.0,48.226089302576554
2027,BIP - Multi-Purpose Buildings/ Facilities to support Social Services,"Construction (Completion) of Multi-Purpose Building at Barangay Nappaccu Pequeño, Reina Mercedes, Isabela",Isabela 3rd District Engineering Office,Isabela 3rd District Engineering Office,150000000.0,2773,7000000.0,5000000.0,10000000.0,5000000.0,2000000.0,48.226089302576554
2027,BIP - Multi-Purpose Buildings/ Facilities to support Social Services,"Construction of Multi-Purpose Facility, Consolacion, Cebu (10.375407069015017, 123.96088157532101)",Cebu 6th District Engineering Office,Cebu 6th District Engineering Office,150000000.0,2773,7000000.0,5000000.0,10000000.0,5000000.0,2000000.0,48.226089302576554
2027,BIP - Multi-Purpose Buildings/ Facilities to support Social Services,"Construction (Completion) of Multi Purpose Building at Wangal, La Trinidad, Benguet",Benguet 1st District Engineering Office,Benguet 1st District Engineering Office,150000000.0,2773,7000000.0,5000000.0,10000000.0,5000000.0,2000000.0,48.226089302576554
2027,BIP - Multi-Purpose Buildings/ Facilities to support Social Services,"Construction of Multi-Purpose Building, Department of Education Region 4A, Barangay Talisay, Lipa City, Batangas",Batangas 4th District Engineering Office,Batangas 4th District Engineering Office,150000000.0,2773,7000000.0,5000000.0,10000000.0,5000000.0,2000000.0,48.226089302576554
2027,BIP - Multi-Purpose Buildings/ Facilities to support Social Services,"Construction of Multi-Purpose Building, Barangay San Antonio, San Pascual, Batangas",Batangas 2nd District Engineering Office,Batangas 2nd District Engineering Office,150000000.0,2773,7000000.0,5000000.0,10000000.0,5000000.0,2000000.0,48.226089302576554
2027,BIP - Multi-Purpose Buildings/ Facilities to support Social Services,"Construction of Multi-Purpose Building, Department of Education - Division of Lipa City, Barangay Talisay, Lipa City, Batangas",Batangas 4th District Engineering Office,Batangas 4th District Engineering Office,150000000.0,2773,7000000.0,5000000.0,10000000.0,5000000.0,2000000.0,48.226089302576554
2027,BIP - Multi-Purpose Buildings/ Facilities to support Social Services,"Construction of Multi-Purpose Building (Completion) at Sitio Pajo, Barangay Baesa, Quezon City, 14.66249, 121.01425",Quezon City 1st District Engineering Office,Quezon City 1st District Engineering Office,149000000.0,2773,7000000.0,5000000.0,10000000.0,5000000.0,2000000.0,47.888843922838255
2027,BIP - Access Roads and/or Bridges from the National Roads leading to Major/ Strategic Public Buildings/ Facilities,"Construction of Concrete Road, Sta. 0 + 000 - 16 + 667, Barangay Umiray, Dingalan, Aurora",Aurora District Engineering Office,Aurora District Engineering Office,400000000.0,3271,11000000.0,5000000.0,30000000.0,25000000.0,6000000.0,43.729484239399255
2027,BIP - Access Roads and/or Bridges from the National Roads leading to Major/ Strategic Public Buildings/ Facilities,"Construction of Lumbocan Br. (6-lanes) along Butuan City-Agusan del Norte Logistical Highway, Butuan City",Butuan City District Engineering Office,Butuan City District Engineering Office,400000000.0,3271,11000000.0,5000000.0,30000000.0,25000000.0,6000000.0,43.729484239399255
2027,BIP - Access Roads and/or Bridges from the National Roads leading to Major/ Strategic Public Buildings/ Facilities,"Butuan City - Agusan del Norte Logistical Highway, Sta. 14+780 - Sta. 15+934.3, Sta. Sta. 16+144.3 - Sta. 17+000, Masao Section, Butuan City",Butuan City District Engineering Office,Butuan City District Engineering Office,400000000.0,3271,11000000.0,5000000.0,30000000.0,25000000.0,6000000.0,43.729484239399255
2027,BIP - Access Roads and/or Bridges from the National Roads leading to Major/ Strategic Public Buildings/ Facilities,"Construction of Kibungsod, Magsaysay to Talisayan, Gingoog City Circumferential Road, Magsaysay, Misamis Oriental",Misamis Oriental 1st District Engineering Office,Misamis Oriental 1st District Engineering Office,400000000.0,3271,11000000.0,5000000.0,30000000.0,25000000.0,6000000.0,43.729484239399255
2027,BIP - Multi-Purpose Buildings/ Facilities to support Social Services,"Construction of Multi-Purpose Building, Barangay Bantud, Dumangas, Iloilo",Iloilo 2nd District Engineering Office,Iloilo 2nd District Engineering Office,135500000.0,2773,7000000.0,5000000.0,10000000.0,5000000.0,2000000.0,43.33603129637124
2027,BIP - Multi-Purpose Buildings/ Facilities to support Social Services,"Construction of Multi-Purpose Building, BSU Bustos Campus, Poblacion, Bustos, Bulacan",Bulacan 1st District Engineering Office,Bulacan 1st District Engineering Office,134658000.0,2773,7000000.0,5000000.0,10000000.0,5000000.0,2000000.0,43.052070686631595
2027,BIP - Access Roads and/or Bridges from the National Roads leading to Major/ Strategic Public Buildings/ Facilities,"Construction of Babag-Lumbocan Road leading to Proposed Butuan Logistical Seaport, Babag-Lumbocan Section, Butuan City",Butuan City District Engineering Office,Butuan City District Engineering Office,350000000.0,3271,11000000.0,5000000.0,30000000.0,25000000.0,6000000.0,38.108727910427625
2027,BIP - Access Roads and/or Bridges from the National Roads leading to Major/ Strategic Public Buildings/ Facilities,"Butuan City - Gingoog City Alternate Route, Sta. 0+000 - Sta. 1+714 , Butuan City",Butuan City District Engineering Office,Butuan City District Engineering Office,350000000.0,3271,11000000.0,5000000.0,30000000.0,25000000.0,6000000.0,38.108727910427625
2027,Retrofitting/ Strengthening of Permanent Bridges,Narciso Ramos Br. (B01626LZ) along Binalonan-Asingan-Santa Maria Rd,Pangasinan 3rd District Engineering Office,Pangasinan 3rd District Engineering Office,363115000.0,111,13524000.0,8454000.0,20000000.0,11546000.0,6324000.0,37.28587904746717
2027,BIP - Access Roads and/or Bridges from the National Roads leading to Major/ Strategic Public Buildings/ Facilities,"Construction & Concreting of Calbayog City, Samar to Bobon, Northern Samar Road (Sta. 0+000 - Sta. 5+040), Samar",Samar 1st District Engineering Office,Samar 1st District Engineering Office,320000000.0,3271,11000000.0,5000000.0,30000000.0,25000000.0,6000000.0,34.73627411304465
2027,Water Supply System,"Construction of Level III water Supply system of Municipality of Amai Manabilang, Lanao del Sur",Regional Office X BARMM,Regional Office X BARMM,105000000.0,435,5000000.0,5000000.0,10000000.0,5000000.0,2000000.0,33.72453797382976
2027,BIP - Access Roads and/or Bridges from the National Roads leading to Major/ Strategic Public Buildings/ Facilities,"Construction of Mawab-Maragusan-Caraga Road, Barangay Sobrecarey, Sta. 1676+785.00 - 1680+785.00, Caraga, Davao Oriental",Davao Oriental 1st District Engineering Office,Davao Oriental 1st District Engineering Office,310000000.0,3271,11000000.0,5000000.0,30000000.0,25000000.0,6000000.0,33.612122847250326
2027,BIP - Access Roads and/or Bridges from the National Roads leading to Major/ Strategic Public Buildings/ Facilities,"Construction of Road, Malaybalay Circumferential Road, Barangay Kalasungay - Barangay Sumpong, Sta. 2+083 - Sta. 4+250, City of Malaybalay, Bukidnon",Bukidnon 1st District Engineering Office,Bukidnon 1st District Engineering Office,300000000.0,3271,11000000.0,5000000.0,30000000.0,25000000.0,6000000.0,32.487971581456
2027,BIP - Access Roads and/or Bridges from the National Roads leading to Major/ Strategic Public Buildings/ Facilities,"Construction of Road, Malaybalay Circumferential Road, Barangay Imbayao-Barangay Capitan Angel, Sta. 36+500-Sta. 42+000 , City of Malaybalay, Bukidnon",Bukidnon 1st District Engineering Office,Bukidnon 1st District Engineering Office,300000000.0,3271,11000000.0,5000000.0,30000000.0,25000000.0,6000000.0,32.487971581456
2027,BIP - Access Roads and/or Bridges from the National Roads leading to Major/ Strategic Public Buildings/ Facilities,"Construction of Road, Malaybalay Circumferential Road, Barangay Dalwangan, Sta. 42+000-Sta.46+300, City of Malaybalay, Bukidnon",Bukidnon 1st District Engineering Office,Bukidnon 1st District Engineering Office,300000000.0,3271,11000000.0,5000000.0,30000000.0,25000000.0,6000000.0,32.487971581456
2027,BIP - Access Roads and/or Bridges from the National Roads leading to Major/ Strategic Public Buildings/ Facilities,"Construction of Road, Bukidnon-Paquibato District Alternate Road, Barangay Sinuda - Barangay Kipilas Section, Sta. 5+290 - Sta. 8+540, Kitaotao, Bukidnon",Bukidnon 2nd District Engineering Office,Bukidnon 2nd District Engineering Office,300000000.0,3271,11000000.0,5000000.0,30000000.0,25000000.0,6000000.0,32.487971581456
2027,BIP - Access Roads and/or Bridges from the National Roads leading to Major/ Strategic Public Buildings/ Facilities,"Manticao - Cabalantian - Mahayahay - Limunda to Misamis Oriental, West Diversion Road (Opol to Lugait), Misamis Oriental, Barangay Limunda, Sta. 24+324 - Sta. 29+724, Opol, Misamis Oriental",Misamis Oriental 2nd District Engineering Office,Misamis Oriental 2nd District Engineering Office,300000000.0,3271,11000000.0,5000000.0,30000000.0,25000000.0,6000000.0,32.487971581456
2027,BIP - Access Roads and/or Bridges from the National Roads leading to Major/ Strategic Public Buildings/ Facilities,"Construction of Laguindingan-Iligan City Alternate Road, Barangay Ayaaya Section, Sta. 44+000 - Sta. 46+000, Lugait, Misamis Orienta",Misamis Oriental 2nd District Engineering Office,Misamis Oriental 2nd District Engineering Office,300000000.0,3271,11000000.0,5000000.0,30000000.0,25000000.0,6000000.0,32.487971581456
2027,BIP - Access Roads and/or Bridges from the National Roads leading to Major/ Strategic Public Buildings/ Facilities,"Construction of Bridge connecting Barangay Pangapisan North and Barangay Capandanan, Lingayen, Pangasinan",Pangasinan 2nd District Engineering Office,Pangasinan 2nd District Engineering Office,300000000.0,3271,11000000.0,5000000.0,30000000.0,25000000.0,6000000.0,32.487971581456
2027,BIP - Access Roads and/or Bridges from the National Roads leading to Major/ Strategic Public Buildings/ Facilities,"Construction of Manila-Batangas-Bugtong na Pulo - STAR Tollway Interchange, Bugtong na Pulo, Lipa City, Batangas",Batangas 4th District Engineering Office,Batangas 4th District Engineering Office,300000000.0,3271,11000000.0,5000000.0,30000000.0,25000000.0,6000000.0,32.487971581456
2027,BIP - Access Roads and/or Bridges from the National Roads leading to Major/ Strategic Public Buildings/ Facilities,"Construction of New Bataan - Baganga Road, Barangay Binondo Section, Sta. 8+000.000 - Sta. 12+500.000 Baganga, Davao Oriental",Davao Oriental 1st District Engineering Office,Davao Oriental 1st District Engineering Office,300000000.0,3271,11000000.0,5000000.0,30000000.0,25000000.0,6000000.0,32.487971581456
2027,BIP - Access Roads and/or Bridges from the National Roads leading to Major/ Strategic Public Buildings/ Facilities,"Construction of Bukidnon-Davao (Jct. Sinuda-Kalagangan, San Fernando), Brgy. Kiulom Section, Sta. 20+052 - Sta. 22+052, Kitaotao, Bukidnon",Bukidnon 2nd District Engineering Office,Bukidnon 2nd District Engineering Office,300000000.0,3271,11000000.0,5000000.0,30000000.0,25000000.0,6000000.0,32.487971581456
2027,BIP - Access Roads and/or Bridges from the National Roads leading to Major/ Strategic Public Buildings/ Facilities,"Construction of CDOC - Iligan Hinterland Road, Jct. CDO - Camp Kibaritan / Dansolihon - Jct. BCIR / Laguindingan Airport Road Extension, Lourdes Bridge, Brgy. Lourdes, Sta. 48+800 - Sta. 48+900, Misamis Oriental",Misamis Oriental 2nd District Engineering Office,Misamis Oriental 2nd District Engineering Office,300000000.0,3271,11000000.0,5000000.0,30000000.0,25000000.0,6000000.0,32.487971581456
2027,BIP - Access Roads and/or Bridges from the National Roads leading to Major/ Strategic Public Buildings/ Facilities,"Construction of Gingoog City-Medina Alternate Road, Sta. 10+500 - Sta. 14+000, Barangay Bantaawan to Barangay Kibuging, Gingoog, Misamis Oriental",Misamis Oriental 1st District Engineering Office,Misamis Oriental 1st District Engineering Office,300000000.0,3271,11000000.0,5000000.0,30000000.0,25000000.0,6000000.0,32.487971581456
2027,BIP - Access Roads and/or Bridges from the National Roads leading to Major/ Strategic Public Buildings/ Facilities,"Estaka Road leading to Naga Valley (NAVA) Industrial Park, Cebu",Cebu 1st District Engineering Office,Cebu 1st District Engineering Office,300000000.0,3271,11000000.0,5000000.0,30000000.0,25000000.0,6000000.0,32.487971581456
2027,BIP - Access Roads and/or Bridges from the National Roads leading to Major/ Strategic Public Buildings/ Facilities,"Construction of Magatas-Calabnugan Bridge, Sibulan, Negros Oriental (9.342847, 123.270291)",Negros Oriental 2nd District Engineering Office,Negros Oriental 2nd District Engineering Office,300000000.0,3271,11000000.0,5000000.0,30000000.0,25000000.0,6000000.0,32.487971581456
2027,BIP - Access Roads and/or Bridges from the National Roads leading to Major/ Strategic Public Buildings/ Facilities,"Construction of NRJ BCIR – Jct Logistical Highways (Tiniwisan - Cabcabon - Bonbon - Banza - New Baan 3 Section), Butuan City",Butuan City District Engineering Office,Butuan City District Engineering Office,300000000.0,3271,11000000.0,5000000.0,30000000.0,25000000.0,6000000.0,32.487971581456
2027,Water Supply System,"Construction of Bucay Water Supply System, Bucay, Abra",Abra District Engineering Office,Abra District Engineering Office,100000000.0,435,5000000.0,5000000.0,10000000.0,5000000.0,2000000.0,32.03831107513827
2027,Water Supply System,"Construction of Water System - Level II/III, Brgy. Opao, Dapitan City to Dapitan City, Zamboanga del Norte",Zamboanga del Norte 1st District Engineering Office,Zamboanga del Norte 1st District Engineering Office,100000000.0,435,5000000.0,5000000.0,10000000.0,5000000.0,2000000.0,32.03831107513827
2027,Water Supply System,"Construction of La Paz Water Supply System, La Paz, Abra",Abra District Engineering Office,Abra District Engineering Office,100000000.0,435,5000000.0,5000000.0,10000000.0,5000000.0,2000000.0,32.03831107513827
2027,BIP - Access Roads and/or Bridges from the National Roads leading to Major/ Strategic Public Buildings/ Facilities,"Construction of Road from Barangay Batang-Batang towards Barangay Caguisan and Barangay Teresa connecting to the National Highway Circuit Loop, Narra, Palawan",Palawan 2nd District Engineering Office,Palawan 2nd District Engineering Office,295000000.0,3271,11000000.0,5000000.0,30000000.0,25000000.0,6000000.0,31.92589594855884
2027,BIP - Access Roads and/or Bridges from the National Roads leading to Major/ Strategic Public Buildings/ Facilities,"Construction of Road, Barangay Marcilla, Coron, Palawan",Palawan 1st District Engineering Office,Palawan 1st District Engineering Office,294000000.0,3271,11000000.0,5000000.0,30000000.0,25000000.0,6000000.0,31.813480821979404
2027,BIP - Access Roads and/or Bridges from the National Roads leading to Major/ Strategic Public Buildings/ Facilities,"Construction of Road, Barangay Pulot Interior, Sofronio Española, Palawan",Palawan 2nd District Engineering Office,Palawan 2nd District Engineering Office,290000000.0,3271,11000000.0,5000000.0,30000000.0,25000000.0,6000000.0,31.363820315661677
2027,BIP - Multi-Purpose Buildings/ Facilities to support Social Services,"Construction of Multi-Purpose Building, Department of Agriculture, Barangay Marawoy, Lipa City, Batangas (13.962243, 121.173008)",Batangas 4th District Engineering Office,Batangas 4th District Engineering Office,100000000.0,2773,7000000.0,5000000.0,10000000.0,5000000.0,2000000.0,31.363820315661677
2027,BIP - Multi-Purpose Buildings/ Facilities to support Social Services,"Construction of Multi-Purpose Facilities at Barangay Halang, Lipa City, Batangas",Batangas 4th District Engineering Office,Batangas 4th District Engineering Office,100000000.0,2773,7000000.0,5000000.0,10000000.0,5000000.0,2000000.0,31.363820315661677
2027,BIP - Multi-Purpose Buildings/ Facilities to support Social Services,"Construction of Multi-Purpose Building, Barangay Libertad, Abulug, Cagayan",Cagayan 2nd District Engineering Office,Cagayan 2nd District Engineering Office,100000000.0,2773,7000000.0,5000000.0,10000000.0,5000000.0,2000000.0,31.363820315661677
2027,BIP - Multi-Purpose Buildings/ Facilities to support Social Services,"Construction of Multi-Purpose Building, Barangay Pinili, Abulug, Cagayan",Cagayan 2nd District Engineering Office,Cagayan 2nd District Engineering Office,100000000.0,2773,7000000.0,5000000.0,10000000.0,5000000.0,2000000.0,31.363820315661677
2027,BIP - Multi-Purpose Buildings/ Facilities to support Social Services,"Construction of Multi-Purpose Building, Barangay Guiddam, Abulug, Cagayan",Cagayan 2nd District Engineering Office,Cagayan 2nd District Engineering Office,100000000.0,2773,7000000.0,5000000.0,10000000.0,5000000.0,2000000.0,31.363820315661677
2027,BIP - Multi-Purpose Buildings/ Facilities to support Social Services,"Construction of of Multi-Purpose Building, Barangay San Placido, Roxas, Isabela",Isabela 2nd District Engineering Office,Isabela 2nd District Engineering Office,100000000.0,2773,7000000.0,5000000.0,10000000.0,5000000.0,2000000.0,31.363820315661677
2027,BIP - Multi-Purpose Buildings/ Facilities to support Social Services,"Construction of Multi-Purpose Building, Barangay San Agustin, Abulug, Cagayan",Cagayan 2nd District Engineering Office,Cagayan 2nd District Engineering Office,100000000.0,2773,7000000.0,5000000.0,10000000.0,5000000.0,2000000.0,31.363820315661677
2027,BIP - Multi-Purpose Buildings/ Facilities to support Social Services,"Construction of Multi-Purpose Building, Baliwag, Bulacan",Bulacan 1st District Engineering Office,Bulacan 1st District Engineering Office,100000000.0,2773,7000000.0,5000000.0,10000000.0,5000000.0,2000000.0,31.363820315661677
2027,BIP - Multi-Purpose Buildings/ Facilities to support Social Services,"Construction of Multi-Purpose Building , Barangay Libungao, Kananga, Leyte (11.166444, 124.556908)",Leyte 4th District Engineering Office,Leyte 4th District Engineering Office,100000000.0,2773,7000000.0,5000000.0,10000000.0,5000000.0,2000000.0,31.363820315661677
2027,BIP - Multi-Purpose Buildings/ Facilities to support Social Services,"Construction of DOH Region 9 Office Building, Brgy. Calarian, Zamboanga City",Zamboanga City 1st District Engineering Office,Zamboanga City 1st District Engineering Office,100000000.0,2773,7000000.0,5000000.0,10000000.0,5000000.0,2000000.0,31.363820315661677
2027,BIP - Multi-Purpose Buildings/ Facilities to support Social Services,"Construction of Multi-Purpose Building, Makilala Institute of Science & Technology (MIST) Administration Building, Makilala, North Cotabato",Cotabato 2nd District Engineering Office,Cotabato 2nd District Engineering Office,100000000.0,2773,7000000.0,5000000.0,10000000.0,5000000.0,2000000.0,31.363820315661677
2027,BIP - Multi-Purpose Buildings/ Facilities to support Social Services,"Construction of Multipurpose Building, Barangayt Nangka, Balo-I, Lanao del Norte",Lanao del Norte 1st District Engineering Office,Lanao del Norte 1st District Engineering Office,100000000.0,2773,7000000.0,5000000.0,10000000.0,5000000.0,2000000.0,31.363820315661677
2027,BIP - Multi-Purpose Buildings/ Facilities to support Social Services,"Construction of Multi-Purpose Building (Command Center) Barangay Poblacion, Pandi, Bulacan",Bulacan 1st District Engineering Office,Bulacan 1st District Engineering Office,100000000.0,2773,7000000.0,5000000.0,10000000.0,5000000.0,2000000.0,31.363820315661677
2027,BIP - Multi-Purpose Buildings/ Facilities to support Social Services,"Construction of Multi-Purpose Building, Barangay Dela Paz, Biñan City, Laguna",Laguna 2nd District Engineering Office,Laguna 2nd District Engineering Office,100000000.0,2773,7000000.0,5000000.0,10000000.0,5000000.0,2000000.0,31.363820315661677
2027,BIP - Multi-Purpose Buildings/ Facilities to support Social Services,"Construction of Multi-Purpose Building (Covered court), Bunlo, Bocaue, Bulacan",Bulacan 1st District Engineering Office,Bulacan 1st District Engineering Office,100000000.0,2773,7000000.0,5000000.0,10000000.0,5000000.0,2000000.0,31.363820315661677
2027,BIP - Multi-Purpose Buildings/ Facilities to support Social Services,"Construction of Multi-Purpose Building, Barangay Saint Joseph, San Juan City (121.031677, 14.603405)",Metro Manila 1st District Engineering Office,Metro Manila 1st District Engineering Office,100000000.0,2773,7000000.0,5000000.0,10000000.0,5000000.0,2000000.0,31.363820315661677
2027,BIP - Multi-Purpose Buildings/ Facilities to support Social Services,"Construction (Completion) of Bucay Multi-Purpose Building, Bucay, Abra",Abra District Engineering Office,Abra District Engineering Office,100000000.0,2773,7000000.0,5000000.0,10000000.0,5000000.0,2000000.0,31.363820315661677
2027,BIP - Multi-Purpose Buildings/ Facilities to support Social Services,"Construction of Multi-Purpose Facilities at Barangay Talisay, Lipa City, Batangas",Batangas 4th District Engineering Office,Batangas 4th District Engineering Office,100000000.0,2773,7000000.0,5000000.0,10000000.0,5000000.0,2000000.0,31.363820315661677
2027,BIP - Multi-Purpose Buildings/ Facilities to support Social Services,"Construction of Multi-Purpose Building, Barangay 3, Calamba City, Laguna",Laguna 2nd District Engineering Office,Laguna 2nd District Engineering Office,100000000.0,2773,7000000.0,5000000.0,10000000.0,5000000.0,2000000.0,31.363820315661677
2027,BIP - Access Roads and/or Bridges from the National Roads leading to Major/ Strategic Public Buildings/ Facilities,"Construction of Road, Barangay Magara - Barangay Little Caramay, Roxas, Palawan",Palawan 1st District Engineering Office,Palawan 1st District Engineering Office,280000000.0,3271,11000000.0,5000000.0,30000000.0,25000000.0,6000000.0,30.23966904986735
2027,BIP - Access Roads and/or Bridges from the National Roads leading to Major/ Strategic Public Buildings/ Facilities,"Construction of Odiongan-Alcantara Access Road, leading to Tugdan Airport, Barangay Progreso Este - Barangay Tugdan, Alcantara, Romblon",Romblon District Engineering Office,Romblon District Engineering Office,278889000.0,3271,11000000.0,5000000.0,30000000.0,25000000.0,6000000.0,30.114775844237602
2027,BIP - Access Roads and/or Bridges from the National Roads leading to Major/ Strategic Public Buildings/ Facilities,"Construction of Access Road, Sitio Igang- Barangay Pamantolon, Taytay, Palawan",Palawan 1st District Engineering Office,Palawan 1st District Engineering Office,270000000.0,3271,11000000.0,5000000.0,30000000.0,25000000.0,6000000.0,29.115517784073024
2027,BIP - Access Roads and/or Bridges from the National Roads leading to Major/ Strategic Public Buildings/ Facilities,"Construction of Jct Cagayan de Oro City - Dominorog - Camp Kibaritan Road to Jct SH - Aglayan - Alanib -Ticalaan Road (Aglayan - Basak), Brgy. San Miguel Section, Sta. 22+900 - Sta. 29+800, Talakag, Bukidnon",Bukidnon 3rd District Engineering Office,Bukidnon 3rd District Engineering Office,260000000.0,3271,11000000.0,5000000.0,30000000.0,25000000.0,6000000.0,27.9913665182787
2027,BIP - Access Roads and/or Bridges from the National Roads leading to Major/ Strategic Public Buildings/ Facilities,"Manticao - Cabalantian - Mahayahay - Limunda to Misamis Oriental, West Diversion Road (Opol to Lugait), Misamis Oriental, Barangay Nangcaon, Sta. 29+824 - Sta. 32+404, Opol, Misamis Oriental",Misamis Oriental 2nd District Engineering Office,Misamis Oriental 2nd District Engineering Office,250000000.0,3271,11000000.0,5000000.0,30000000.0,25000000.0,6000000.0,26.867215252484375
2027,BIP - Access Roads and/or Bridges from the National Roads leading to Major/ Strategic Public Buildings/ Facilities,"Manticao - Cabalantian - Mahayahay - Limunda to Misamis Oriental, West Diversion Road (Opol to Lugait), Misamis Oriental, Barangay Nangcaon, Sta. 32+440 - Sta. 34+664, Opol, Misamis Oriental",Misamis Oriental 2nd District Engineering Office,Misamis Oriental 2nd District Engineering Office,250000000.0,3271,11000000.0,5000000.0,30000000.0,25000000.0,6000000.0,26.867215252484375
2027,BIP - Access Roads and/or Bridges from the National Roads leading to Major/ Strategic Public Buildings/ Facilities,"Construction of Laguindingan-Iligan City Alternate Road, Barangay Kamelon Section, Sta. 23+800 - Sta. 23+900, Initao, Misamis Oriental",Misamis Oriental 2nd District Engineering Office,Misamis Oriental 2nd District Engineering Office,250000000.0,3271,11000000.0,5000000.0,30000000.0,25000000.0,6000000.0,26.867215252484375
2027,BIP - Access Roads and/or Bridges from the National Roads leading to Major/ Strategic Public Buildings/ Facilities,"Construction of Laguindingan-Iligan City Alternate Road, Barangay Tawantawan-Barangay Aluna Section, Sta. 25+000 - Sta. 28+500, Initao, Misamis Oriental",Misamis Oriental 2nd District Engineering Office,Misamis Oriental 2nd District Engineering Office,250000000.0,3271,11000000.0,5000000.0,30000000.0,25000000.0,6000000.0,26.867215252484375
2027,BIP - Access Roads and/or Bridges from the National Roads leading to Major/ Strategic Public Buildings/ Facilities,"Construction of Laguindingan-Iligan City Alternate Road, Barangay Aya-aya Section, Sta. 40+900 - Sta. 41+000, Lugait, Misamis Oriental",Misamis Oriental 2nd District Engineering Office,Misamis Oriental 2nd District Engineering Office,250000000.0,3271,11000000.0,5000000.0,30000000.0,25000000.0,6000000.0,26.867215252484375
2027,BIP - Access Roads and/or Bridges from the National Roads leading to Major/ Strategic Public Buildings/ Facilities,"Construction of Pinagpanaan-Dinarayat, Talavera By-pass Road Sta. 0+000 - Sta. 2+300",Nueva Ecija 1st District Engineering Office,Nueva Ecija 1st District Engineering Office,250000000.0,3271,11000000.0,5000000.0,30000000.0,25000000.0,6000000.0,26.867215252484375
2027,BIP - Access Roads and/or Bridges from the National Roads leading to Major/ Strategic Public Buildings/ Facilities,"Construction of Bridge, Barangay 1 and Barangay Inolingan, Moises Padilla, Negros Occidental",Negros Occidental 2nd District Engineering Office,Negros Occidental 2nd District Engineering Office,250000000.0,3271,11000000.0,5000000.0,30000000.0,25000000.0,6000000.0,26.867215252484375
2027,BIP - Access Roads and/or Bridges from the National Roads leading to Major/ Strategic Public Buildings/ Facilities,"Construction of Dalisdis Overpass Bridge, Barangay Panipuan, Mexico, Pampanga",Pampanga 1st District Engineering Office,Pampanga 1st District Engineering Office,250000000.0,3271,11000000.0,5000000.0,30000000.0,25000000.0,6000000.0,26.867215252484375
2027,BIP - Access Roads and/or Bridges from the National Roads leading to Major/ Strategic Public Buildings/ Facilities,"Construction of Esperanza-Lebak Bypass Road, Sta. 19 + 584 - Sta. 26 + 191, Esperanza, Sultan Kudarat",Sultan Kudarat 2nd District Engineering Office,Sultan Kudarat 2nd District Engineering Office,250000000.0,3271,11000000.0,5000000.0,30000000.0,25000000.0,6000000.0,26.867215252484375
2027,BIP - Access Roads and/or Bridges from the National Roads leading to Major/ Strategic Public Buildings/ Facilities,"Construction of NRJ Daang Maharlika, Sibagat (Sitio Eureka, Tabon-Tabon) - Bugsukan - Antongalon Road, Brgy. Bugsukan - Brgy. Antongalon Section, Butuan City",Butuan City District Engineering Office,Butuan City District Engineering Office,250000000.0,3271,11000000.0,5000000.0,30000000.0,25000000.0,6000000.0,26.867215252484375
2027,BIP - Access Roads and/or Bridges from the National Roads leading to Major/ Strategic Public Buildings/ Facilities,"Construction of Impasug-ong - Malaybalay City Hinterland Road, Sta. 0+000 - Sta. 4+000, Impasug-ong, Bukidnon",Bukidnon 1st District Engineering Office,Bukidnon 1st District Engineering Office,250000000.0,3271,11000000.0,5000000.0,30000000.0,25000000.0,6000000.0,26.867215252484375
2027,BIP - Access Roads and/or Bridges from the National Roads leading to Major/ Strategic Public Buildings/ Facilities,"Construction of Impasug-ong - Malaybalay City Hinterland Road, Sta. 4+000 - Sta. 8+000, Impasug-ong, Bukidnon",Bukidnon 1st District Engineering Office,Bukidnon 1st District Engineering Office,250000000.0,3271,11000000.0,5000000.0,30000000.0,25000000.0,6000000.0,26.867215252484375
2027,BIP - Access Roads and/or Bridges from the National Roads leading to Major/ Strategic Public Buildings/ Facilities,"Construction of Impasug-ong - Malaybalay City Hinterland Road, Sta. 8+000 - Sta. 12+000, Impasug-ong, Bukidnon",Bukidnon 1st District Engineering Office,Bukidnon 1st District Engineering Office,250000000.0,3271,11000000.0,5000000.0,30000000.0,25000000.0,6000000.0,26.867215252484375
2027,BIP - Access Roads and/or Bridges from the National Roads leading to Major/ Strategic Public Buildings/ Facilities,"Construction of Impasug-ong - Malaybalay City Hinterland Road, Sta. 12+000 - Sta. 16+000, Malaybalay City, Bukidnon",Bukidnon 1st District Engineering Office,Bukidnon 1st District Engineering Office,250000000.0,3271,11000000.0,5000000.0,30000000.0,25000000.0,6000000.0,26.867215252484375
2027,BIP - Access Roads and/or Bridges from the National Roads leading to Major/ Strategic Public Buildings/ Facilities,"Construction of Jct. Kibawe-Arakan – Jct. Puntian-Arakan Alternate Road, Sta. 3+700 - Sta. 6+700, Barangay Liwayway to Barangay Cagawasan, Kibawe, Bukidnon",Bukidnon 2nd District Engineering Office,Bukidnon 2nd District Engineering Office,250000000.0,3271,11000000.0,5000000.0,30000000.0,25000000.0,6000000.0,26.867215252484375
2027,BIP - Access Roads and/or Bridges from the National Roads leading to Major/ Strategic Public Buildings/ Facilities,Construction of Bridge Jct. Iloilo Capiz New Route - Jct Passi San Enrique Road,Iloilo 2nd District Engineering Office,Iloilo 2nd District Engineering Office,250000000.0,3271,11000000.0,5000000.0,30000000.0,25000000.0,6000000.0,26.867215252484375
2027,BIP - Access Roads and/or Bridges from the National Roads leading to Major/ Strategic Public Buildings/ Facilities,"Construction of Jct. Kibawe-Arakan – Jct. Puntian-Arakan Alternate Road, Sta. 9+700 - Sta. 12+700, Barangay Magsaysay, Kibawe, Bukidnon",Bukidnon 2nd District Engineering Office,Bukidnon 2nd District Engineering Office,250000000.0,3271,11000000.0,5000000.0,30000000.0,25000000.0,6000000.0,26.867215252484375
2027,BIP - Access Roads and/or Bridges from the National Roads leading to Major/ Strategic Public Buildings/ Facilities,"Construction of Jct. Kibawe-Arakan – Jct. Puntian-Arakan Alternate Road, Sta. 6+700 - Sta. 9+700, Barangay Cagawasan, Kibawe, Bukidnon",Bukidnon 2nd District Engineering Office,Bukidnon 2nd District Engineering Office,250000000.0,3271,11000000.0,5000000.0,30000000.0,25000000.0,6000000.0,26.867215252484375
2027,BIP - Access Roads and/or Bridges from the National Roads leading to Major/ Strategic Public Buildings/ Facilities,"Construction of Jct. Kibawe-Arakan – Jct. Puntian-Arakan Alternate Road, Sta. 0+000 - Sta. 3+000, Barangay Migcawayan to Barangay Tumaras, Kibawe, Bukidnon",Bukidnon 2nd District Engineering Office,Bukidnon 2nd District Engineering Office,250000000.0,3271,11000000.0,5000000.0,30000000.0,25000000.0,6000000.0,26.867215252484375
2027,BIP - Access Roads and/or Bridges from the National Roads leading to Major/ Strategic Public Buildings/ Facilities,"Construction of Gingoog City-Medina Alternate Road, Sta. 14+000 - Sta. 17+500, Barangay San Vicente to Barangay San Jose, Medina, Misamis Oriental",Misamis Oriental 1st District Engineering Office,Misamis Oriental 1st District Engineering Office,250000000.0,3271,11000000.0,5000000.0,30000000.0,25000000.0,6000000.0,26.867215252484375
2027,BIP - Multi-Purpose Buildings/ Facilities to support Social Services,"Rehabilitation of Multi-Purpose Building (PGLU Main Building), Barangay Sevilla, City of San Fernando, La Union",La Union 1st District Engineering Office,La Union 1st District Engineering Office,85000000.0,2773,7000000.0,5000000.0,10000000.0,5000000.0,2000000.0,26.305139619587212
2027,BIP - Multi-Purpose Buildings/ Facilities to support Social Services,"Construction (Completion) of Multi-Purpose Building, M. de Vera St., Barangay Sipac-Almacen, Navotas City (14.657236, 120.948131)",Malabon Navotas District Engineering Office,Malabon Navotas District Engineering Office,84000000.0,2773,7000000.0,5000000.0,10000000.0,5000000.0,2000000.0,25.967894239848913
2027,Construction of By-Pass and Diversion Roads,"Davao City Bypass Construction Project, Package II",Davao City 2nd District Engineering Office,Davao City 2nd District Engineering Office,2000000000.0,370,100000000.0,50000000.0,152280750.0,102280750.0,50000000.0,25.630648860110618
2027,BIP - Access Roads and/or Bridges from the National Roads leading to Major/ Strategic Public Buildings/ Facilities,"Construction of Bridge connecting Lacuben-Gabut Sur, Badoc, Ilocos Norte",Ilocos Norte 2nd District Engineering Office,Ilocos Norte 2nd District Engineering Office,237000000.0,3271,11000000.0,5000000.0,30000000.0,25000000.0,6000000.0,25.40581860695175
2027,BIP - Access Roads and/or Bridges from the National Roads leading to Major/ Strategic Public Buildings/ Facilities,"Construction of Bridge at Barangay Florida Blanca, Llanera, Nueva Ecija",Nueva Ecija 1st District Engineering Office,Nueva Ecija 1st District Engineering Office,230000000.0,3271,11000000.0,5000000.0,30000000.0,25000000.0,6000000.0,24.618912720895725
2027,BIP - Access Roads and/or Bridges from the National Roads leading to Major/ Strategic Public Buildings/ Facilities,"Construction of Road, Barangay Candawaga, Rizal, Palawan",Palawan 2nd District Engineering Office,Palawan 2nd District Engineering Office,230000000.0,3271,11000000.0,5000000.0,30000000.0,25000000.0,6000000.0,24.618912720895725
2027,BIP - Access Roads and/or Bridges from the National Roads leading to Major/ Strategic Public Buildings/ Facilities,"Construction of NRJ Tagum - Panabo Circum Road, Barangay Datu Balong, Kapalong Section, to Loreto (Agusan del Sur), Davao del Norte",Davao del Norte District Engineering Office,Davao del Norte District Engineering Office,230000000.0,3271,11000000.0,5000000.0,30000000.0,25000000.0,6000000.0,24.618912720895725
2027,BIP - Multi-Purpose Buildings/ Facilities to support Social Services,"Construction of Multi-Pupose Building (BIR- Revenue District Office) at Barangay Tagaran, Cauayan City, Isabela, 16.966417, 121.772056",Isabela 4th District Engineering Office,Isabela 4th District Engineering Office,80000000.0,2773,7000000.0,5000000.0,10000000.0,5000000.0,2000000.0,24.618912720895725
2027,BIP - Multi-Purpose Buildings/ Facilities to support Social Services,"Construction of Multi-Purpose Building including Facilities at Barangay Balintawak, Lipa City, Batangas",Batangas 4th District Engineering Office,Batangas 4th District Engineering Office,80000000.0,2773,7000000.0,5000000.0,10000000.0,5000000.0,2000000.0,24.618912720895725
2027,BIP - Multi-Purpose Buildings/ Facilities to support Social Services,"Construction of Multi-Purpose Building, PNP Compound, Barangay Sipac-Almacen, Navotas City (14.657068, 120.948088)",Malabon Navotas District Engineering Office,Malabon Navotas District Engineering Office,80000000.0,2773,7000000.0,5000000.0,10000000.0,5000000.0,2000000.0,24.618912720895725
2027,BIP - Multi-Purpose Buildings/ Facilities to support Social Services,"Construction of Multi-Purpose Building, Provincial Government Compound, Pagadian City, Zamboanga del Sur",Zamboanga del Sur 1st District Engineering Office,Zamboanga del Sur 1st District Engineering Office,80000000.0,2773,7000000.0,5000000.0,10000000.0,5000000.0,2000000.0,24.618912720895725
2027,BIP - Multi-Purpose Buildings/ Facilities to support Social Services,"Construction of Multi-Purpose Building, Sto. Tomas, Biñan",Laguna 2nd District Engineering Office,Laguna 2nd District Engineering Office,80000000.0,2773,7000000.0,5000000.0,10000000.0,5000000.0,2000000.0,24.618912720895725
2027,BIP - Multi-Purpose Buildings/ Facilities to support Social Services,"Construction of Multi-Purpose Building, Barangay Kaybagal South, Tagaytay City, Cavite",Cavite 2nd District Engineering Office,Cavite 2nd District Engineering Office,80000000.0,2773,7000000.0,5000000.0,10000000.0,5000000.0,2000000.0,24.618912720895725
2027,BIP - Multi-Purpose Buildings/ Facilities to support Social Services,"Construction of Multi-Purpose Building at Barangay Pacita 1, San Pedro City Laguna",Laguna 2nd District Engineering Office,Laguna 2nd District Engineering Office,80000000.0,2773,7000000.0,5000000.0,10000000.0,5000000.0,2000000.0,24.618912720895725
2027,BIP - Multi-Purpose Buildings/ Facilities to support Social Services,"Construction of Multi-Purpose Building, Barangay West Marangas, Bataraza, Palawan",Palawan 2nd District Engineering Office,Palawan 2nd District Engineering Office,80000000.0,2773,7000000.0,5000000.0,10000000.0,5000000.0,2000000.0,24.618912720895725
2027,BIP - Access Roads and/or Bridges from the National Roads leading to Major/ Strategic Public Buildings/ Facilities,"Construction of Road, Barangay Kemdeng, San Vicente Airport, Palawan",Palawan 1st District Engineering Office,Palawan 1st District Engineering Office,228000000.0,3271,11000000.0,5000000.0,30000000.0,25000000.0,6000000.0,24.394082467736858
2027,Replacement of Permanent Weak Bridges,Tagoloan Br. (B01116MN) along Butuan City-Cagayan de Oro City-Iligan City Rd,Misamis Oriental 2nd District Engineering Office,Misamis Oriental 2nd District Engineering Office,712000000.0,185,39858000.0,25000000.0,75000000.0,50000000.0,18616000.0,24.352899014617407
2027,BIP - Access Roads and/or Bridges from the National Roads leading to Major/ Strategic Public Buildings/ Facilities,"Construction of Bukidnon-Davao (Jct. Sinuda-Kalagangan, San Fernando), Brgy. Panganan Section, Sta. 11+852 - Sta. 16+352, Kitaotao, Bukidnon",Bukidnon 2nd District Engineering Office,Bukidnon 2nd District Engineering Office,225000000.0,3271,11000000.0,5000000.0,30000000.0,25000000.0,6000000.0,24.05683708799856
2027,BIP - Access Roads and/or Bridges from the National Roads leading to Major/ Strategic Public Buildings/ Facilities,"Construction of Road, Barangay Plaridel to Magsaysay, Aborlan, Palawan",Palawan 3rd District Engineering Office,Palawan 3rd District Engineering Office,225000000.0,3271,11000000.0,5000000.0,30000000.0,25000000.0,6000000.0,24.05683708799856
2027,BIP - Access Roads and/or Bridges from the National Roads leading to Major/ Strategic Public Buildings/ Facilities,"Construction of Florida Blanca Bridge, Llanera, Nueva Ecija (15.678367, 120.993075)",Nueva Ecija 1st District Engineering Office,Nueva Ecija 1st District Engineering Office,220000000.0,3271,11000000.0,5000000.0,30000000.0,25000000.0,6000000.0,23.494761455101397
2027,BIP - Access Roads and/or Bridges from the National Roads leading to Major/ Strategic Public Buildings/ Facilities,"Construction of Bukidnon - Compostela Valley Road, Barangay Namnam, San Fernando, Bukidnon - Laak Compostela Valley, Barangay Dagohoy, Talaingod, Davao del Norte",Davao del Norte District Engineering Office,Davao del Norte District Engineering Office,220000000.0,3271,11000000.0,5000000.0,30000000.0,25000000.0,6000000.0,23.494761455101397
2027,BIP - Multi-Purpose Buildings/ Facilities to support Social Services,"Construction of Two-Storey Multi-Purpose Building, Cotabato 1st District Engineering Office, Villarica, Midsayap, Cotabato",Cotabato 1st District Engineering Office,Cotabato 1st District Engineering Office,75000000.0,2773,7000000.0,5000000.0,10000000.0,5000000.0,2000000.0,22.932685822204235
2027,BIP - Multi-Purpose Buildings/ Facilities to support Social Services,"Construction (Completion) of Multi-Purpose Building (Evacuation Center - Right Wing), Barangay San Isidro, Batangas City",Batangas 2nd District Engineering Office,Batangas 2nd District Engineering Office,75000000.0,2773,7000000.0,5000000.0,10000000.0,5000000.0,2000000.0,22.932685822204235
2027,BIP - Multi-Purpose Buildings/ Facilities to support Social Services,"Construction (Completion) of Multi-Purpose Building (Evacuation Center - Left Wing), Barangay San Isidro, Batangas City",Batangas 2nd District Engineering Office,Batangas 2nd District Engineering Office,75000000.0,2773,7000000.0,5000000.0,10000000.0,5000000.0,2000000.0,22.932685822204235
2027,BIP - Multi-Purpose Buildings/ Facilities to support Social Services,"Construction of Multi-Purpose Building, Capitol Complex, Barangay Cadlan, Pili, Camarines Sur",Camarines Sur 3rd District Engineering Office,Camarines Sur 3rd District Engineering Office,75000000.0,2773,7000000.0,5000000.0,10000000.0,5000000.0,2000000.0,22.932685822204235
2027,BIP - Multi-Purpose Buildings/ Facilities to support Social Services,"Construction (Completion) of Multi-Purpose Building, Tarlac City Convention Hall, Tarlac City, Tarlac",Tarlac District Engineering Office,Tarlac District Engineering Office,75000000.0,2773,7000000.0,5000000.0,10000000.0,5000000.0,2000000.0,22.932685822204235
2027,BIP - Multi-Purpose Buildings/ Facilities to support Social Services,"Construction (Completion) of Multi-Purpose Building, Barangay Baras-Baras, Tarlac City, Tarlac",Tarlac District Engineering Office,Tarlac District Engineering Office,75000000.0,2773,7000000.0,5000000.0,10000000.0,5000000.0,2000000.0,22.932685822204235
2027,BIP - Multi-Purpose Buildings/ Facilities to support Social Services,"Construction of Multi-Purpose Building, Barangay San Fabian, Echague, Isabela",Isabela 4th District Engineering Office,Isabela 4th District Engineering Office,75000000.0,2773,7000000.0,5000000.0,10000000.0,5000000.0,2000000.0,22.932685822204235
2027,BIP - Multi-Purpose Buildings/ Facilities to support Social Services,"Construction of Multi-Purpose Facilities at Barangay Bulacnin, Lipa City, Batangas",Batangas 4th District Engineering Office,Batangas 4th District Engineering Office,75000000.0,2773,7000000.0,5000000.0,10000000.0,5000000.0,2000000.0,22.932685822204235
2027,BIP - Multi-Purpose Buildings/ Facilities to support Social Services,"Construction of Multi-Purpose Building at Villa Orion, Barangay Fairview, Quezon City 14.696227, 121.063921",Quezon City 1st District Engineering Office,Quezon City 1st District Engineering Office,75000000.0,2773,7000000.0,5000000.0,10000000.0,5000000.0,2000000.0,22.932685822204235
2027,BIP - Multi-Purpose Buildings/ Facilities to support Social Services,"Construction of Multi-purpose Building at Tierra Verde II, Barangay Pasong Tamo, Quezon City, 14.67592,121.05331",Quezon City 1st District Engineering Office,Quezon City 1st District Engineering Office,74800000.0,2773,7000000.0,5000000.0,10000000.0,5000000.0,2000000.0,22.865236746256578
2027,BIP - Multi-Purpose Buildings/ Facilities to support Social Services,"Construction of Multi-purpose Building at Marcel, Barangay Pasong Tamo, Quezon City, 14.68136,121.0481803",Quezon City 1st District Engineering Office,Quezon City 1st District Engineering Office,74500000.0,2773,7000000.0,5000000.0,10000000.0,5000000.0,2000000.0,22.764063132335085
2027,BIP - Access Roads and/or Bridges from the National Roads leading to Major/ Strategic Public Buildings/ Facilities,"Construction of Kibawe - Arakan Road, Barangay Lagandang Section, Sta. 14+300 - Sta. 19+550, Damulog, Bukidnon",Bukidnon 2nd District Engineering Office,Bukidnon 2nd District Engineering Office,210000000.0,3271,11000000.0,5000000.0,30000000.0,25000000.0,6000000.0,22.370610189307072
2027,BIP - Access Roads and/or Bridges from the National Roads leading to Major/ Strategic Public Buildings/ Facilities,"Rehabilitation of Wawa Bridge, Pilar, Bataan, 0+000 - 0+045, (14.672155, 120.563000)",Bataan 2nd District Engineering Office,Bataan 2nd District Engineering Office,210000000.0,3271,11000000.0,5000000.0,30000000.0,25000000.0,6000000.0,22.370610189307072
2027,BIP - Access Roads and/or Bridges from the National Roads leading to Major/ Strategic Public Buildings/ Facilities,"Construction of Buenavista Bridge and Approach, Barangay Buenavista, Santiago City, Isabela",Isabela 4th District Engineering Office,Isabela 4th District Engineering Office,209000000.0,3271,11000000.0,5000000.0,30000000.0,25000000.0,6000000.0,22.25819506272764
2027,BIP - Multi-Purpose Buildings/ Facilities to support Social Services,"Construction of Multi-Purpose Building at Barangay Alicia, Quezon City",Quezon City 1st District Engineering Office,Quezon City 1st District Engineering Office,73000000.0,2773,7000000.0,5000000.0,10000000.0,5000000.0,2000000.0,22.25819506272764
2027,BIP - Access Roads and/or Bridges from the National Roads leading to Major/ Strategic Public Buildings/ Facilities,"Construction of Road, Barangay Isaub to Barangay San Juan, Aborlan, Palawan",Palawan 3rd District Engineering Office,Palawan 3rd District Engineering Office,208000000.0,3271,11000000.0,5000000.0,30000000.0,25000000.0,6000000.0,22.14577993614821
2027,BIP - Multi-Purpose Buildings/ Facilities to support Social Services,"Construction (Completion) of Multi-Purpose Building at Barangay Manresa, Quezon City",Quezon City 1st District Engineering Office,Quezon City 1st District Engineering Office,72000000.0,2773,7000000.0,5000000.0,10000000.0,5000000.0,2000000.0,21.92094968298934
2027,BIP - Multi-Purpose Buildings/ Facilities to support Social Services,"Construction of Multi-Purpose Building (Covered Court), Magalang, Pampanga (Cluster Barangays I) Ayala - 120.7034, 15.2275 Bucanan - 120.6737, 15.2340 Camias - 120.6513, 15.1918 Dolores - 120.6517, 15.2520 Escaler - 120.7329, 15.2728 La Paz - 120.6449, 15.2261 Navaling - 120.6583, 15.2735 San Agustin - 120.6905, 15.2233 San Antonio - 120.6626 15.2416",Pampanga 3rd District Engineering Office,Pampanga 3rd District Engineering Office,72000000.0,2773,7000000.0,5000000.0,10000000.0,5000000.0,2000000.0,21.92094968298934
2027,BIP - Multi-Purpose Buildings/ Facilities to support Social Services,"Construction of Multi-Purpose Building (Covered Court), Magalang, Pampanga (Cluster Barangays III) San Pedro Dos - 120.6533, 15.2109 San Roque - 120.6529, 15.2613 San Vicente - 120.6831, 15.2010 Santa Cruz (Poblacion) - 120.6650, 15.2062 Santa Lucia - 120.6316, 15.2145 Santa Maria - 120.6647 15.2556 Santo Niño - 120.7117, 15.2360 Santo Rosario - 120.6322, 15.2426 Turu - 120.7321, 15.2461",Pampanga 3rd District Engineering Office,Pampanga 3rd District Engineering Office,72000000.0,2773,7000000.0,5000000.0,10000000.0,5000000.0,2000000.0,21.92094968298934
2027,BIP - Multi-Purpose Buildings/ Facilities to support Social Services,"Construction of Multi-Purpose Building (Covered Court), Mabalacat City, Pampanga (Cluster Barangays III) Poblacion - 15.223456, 120.571309 San Francisco - 15.220637, 120.577331 San Joaquin - 15.229945, 120.570738 Santa Ines - 15.223154, 120.577796 Santa Maria - 15.222317, 120.597289 Santo Rosario - 15.215123, 120.577959 Sapang Balen - 15.251419, 120.600537 Sapang Biabas - 15.196476, 120.599915 Tabun - 15.250252, 120.564428",Pampanga 3rd District Engineering Office,Pampanga 3rd District Engineering Office,72000000.0,2773,7000000.0,5000000.0,10000000.0,5000000.0,2000000.0,21.92094968298934
2027,BIP - Multi-Purpose Buildings/ Facilities to support Social Services,"Construction of Multi-Purpose Building (Covered Court), Mabalacat City, Pampanga (Cluster Barangays II) Duquit - 15.177828, 120.600022 Lakandula - 15.171408, 120.585898 Mabiga - 15.201612, 120.582655 Macapagal Village - 15.211310, 120.537633 Mamatitang - 15.230139, 120.572480 Mangalit - 15.226850, 120.578272 Marcos Village - 15.208974, 120.528619 Mawaque - 15.209251464811349, 120.591645 Paralayunan - 15.232652, 120.613417",Pampanga 3rd District Engineering Office,Pampanga 3rd District Engineering Office,72000000.0,2773,7000000.0,5000000.0,10000000.0,5000000.0,2000000.0,21.92094968298934
2027,BIP - Multi-Purpose Buildings/ Facilities to support Social Services,"Construction of Multi-Purpose Building (Covered Court), Mabalacat City, Pampanga (Cluster Barangays I) Atlu-Bola - 15.235720, 120.582129 Bical - 15.195213, 120.619830 Bundagul - 15.228599, 120.607119 Cacutud - 15.237773, 120.570854 Calumpang - 15.220804, 120.531892 Camachiles - 15.195901, 120.592911 Dapdap - 15.228109, 120.612716 Dau - 15.174813, 120.585839 Dolores - 15.241257, 120.568965",Pampanga 3rd District Engineering Office,Pampanga 3rd District Engineering Office,72000000.0,2773,7000000.0,5000000.0,10000000.0,5000000.0,2000000.0,21.92094968298934
2027,BIP - Multi-Purpose Buildings/ Facilities to support Social Services,"Construction of Multi-Purpose Building (Covered Court), Magalang, Pampanga (Cluster Barangays II) San Francisco - 120.6488, 15.2074 San Ildefonso - 120.7133, 15.2603 San Isidro - 120.6321, 15.2265 San Jose - 120.6357, 15.1893 San Miguel - 120.6617, 15.2274 San Nicolas Uno (Poblacion) - 120.6616, 15.2181 San Nicolas Dos - 120.6674, 15.2156 San Pablo - 120.6769, 15.2182 San Pedro Uno (Poblacion) - 120.6572, 15.2140",Pampanga 3rd District Engineering Office,Pampanga 3rd District Engineering Office,72000000.0,2773,7000000.0,5000000.0,10000000.0,5000000.0,2000000.0,21.92094968298934
2027,BIP - Multi-Purpose Buildings/ Facilities to support Social Services,"Construction of Multi-Purpose Building (Covered Court), Angeles City, Pampanga (Cluster Barangays IV) SANTA TERESITA-15.150237628864838, 120.58564227731569 SANTA TRINIDAD-15.141908887866684, 120.58190951062831 SANTO CRISTO-15.14287556022731, 120.59865691146666 SANTO DOMINGO-15.127564863618888, 120.6006547144715 SANTO ROSARIO (POBLACION)-15.135444881250686, 120.59091682383456 SAPALIBUTAD-15.15821203643654, 120.63203366969245 SAPANGBATO-15.170960891445613, 120.51502452289961 TABUN-15.151865455188867, 120.61469837062619 VIRGEN DELOS REMEDIOS-15.14963967331331, 120.59269153445788",Pampanga 3rd District Engineering Office,Pampanga 3rd District Engineering Office,72000000.0,2773,7000000.0,5000000.0,10000000.0,5000000.0,2000000.0,21.92094968298934
2027,BIP - Multi-Purpose Buildings/ Facilities to support Social Services,"Structural Improvement of Public Buildings and Construction of Evacuation Centers at Boystown Complex, Parang, Marikina (14.664550, 121.118526)",Metro Manila 1st District Engineering Office,Metro Manila 1st District Engineering Office,72000000.0,2773,7000000.0,5000000.0,10000000.0,5000000.0,2000000.0,21.92094968298934
2027,Water Supply System,"Construction of Danglas Water Supply System, Barangay Caupasan, Barangay Cabaroan, Barangay Abaquid, Barangay Danglas, Barangay Nagaparan, Barangay Pangal, and Barangay Padangitan, Danglas, Abra",Abra District Engineering Office,Abra District Engineering Office,70000000.0,435,5000000.0,5000000.0,10000000.0,5000000.0,2000000.0,21.92094968298934
2027,BIP - Access Roads and/or Bridges from the National Roads leading to Major/ Strategic Public Buildings/ Facilities,"Construction of Road, Barangay San Cristobal, Victoria, Oriental Mindoro",Mindoro Oriental District Engineering Office,Mindoro Oriental District Engineering Office,205000000.0,3271,11000000.0,5000000.0,30000000.0,25000000.0,6000000.0,21.80853455640991
2027,BIP - Access Roads and/or Bridges from the National Roads leading to Major/ Strategic Public Buildings/ Facilities,"Replacement of Marcos Bridge (Tawiran Bridge), Meycauayan, Bulacan (120.910624, 14.746335)",Bulacan 2nd District Engineering Office,Bulacan 2nd District Engineering Office,203000000.0,3271,11000000.0,5000000.0,30000000.0,25000000.0,6000000.0,21.583704303251046
2027,BIP - Multi-Purpose Buildings/ Facilities to support Social Services,"Construction of Multi-Purpose Building (Disaster Operations Center) Del Nacia IV, Barangay Sauyo, Quezon City, 14.69012,121.04341",Quezon City 1st District Engineering Office,Quezon City 1st District Engineering Office,71000000.0,2773,7000000.0,5000000.0,10000000.0,5000000.0,2000000.0,21.583704303251046
2027,BIP - Access Roads and/or Bridges from the National Roads leading to Major/ Strategic Public Buildings/ Facilities,"Replacement of Bridge, Barangay Sta. Rita, Quezon to Barangay Santa Cruz, Guimba, Nueva Ecija Sta. 0+000 - Sta. 0+112",Nueva Ecija 1st District Engineering Office,Nueva Ecija 1st District Engineering Office,202400000.0,3271,11000000.0,5000000.0,30000000.0,25000000.0,6000000.0,21.516255227303386
2027,BIP - Access Roads and/or Bridges from the National Roads leading to Major/ Strategic Public Buildings/ Facilities,"Construction of Kibawe - Arakan Road, Barangay Tangkulan Section, Sta. 19+550 - Sta. 24+050, Damulog, Bukidnon",Bukidnon 2nd District Engineering Office,Bukidnon 2nd District Engineering Office,200000000.0,3271,11000000.0,5000000.0,30000000.0,25000000.0,6000000.0,21.246458923512748
2027,BIP - Access Roads and/or Bridges from the National Roads leading to Major/ Strategic Public Buildings/ Facilities,"Construction of Bantay-Mainit Bridge, Boac, Marinduque",Marinduque District Engineering Office,Marinduque District Engineering Office,200000000.0,3271,11000000.0,5000000.0,30000000.0,25000000.0,6000000.0,21.246458923512748
2027,BIP - Access Roads and/or Bridges from the National Roads leading to Major/ Strategic Public Buildings/ Facilities,"Construction of Road with Slope Protection, Libo St., Brgy. Tayud, Consolacion, Cebu",Cebu 6th District Engineering Office,Cebu 6th District Engineering Office,200000000.0,3271,11000000.0,5000000.0,30000000.0,25000000.0,6000000.0,21.246458923512748
2027,BIP - Access Roads and/or Bridges from the National Roads leading to Major/ Strategic Public Buildings/ Facilities,"Improvement of Makabaclay Road leading to Minalungao National Park, Gapan City, Nueva Ecija",Nueva Ecija 2nd District Engineering Office,Nueva Ecija 2nd District Engineering Office,200000000.0,3271,11000000.0,5000000.0,30000000.0,25000000.0,6000000.0,21.246458923512748
2027,BIP - Access Roads and/or Bridges from the National Roads leading to Major/ Strategic Public Buildings/ Facilities,Rehabilitation of Drainage along JA Santos Ave. (Lorenzo St. to Bambang St. - South Bound),North Manila District Engineering Office,North Manila District Engineering Office,200000000.0,3271,11000000.0,5000000.0,30000000.0,25000000.0,6000000.0,21.246458923512748
2027,BIP - Access Roads and/or Bridges from the National Roads leading to Major/ Strategic Public Buildings/ Facilities,"Construction of By-pass and Diversion Road-Laoac-Manaoag-San Jacinto-Mangaldan Road (Laoac Section), Pangasinan",Pangasinan 3rd District Engineering Office,Pangasinan 3rd District Engineering Office,200000000.0,3271,11000000.0,5000000.0,30000000.0,25000000.0,6000000.0,21.246458923512748
2027,BIP - Access Roads and/or Bridges from the National Roads leading to Major/ Strategic Public Buildings/ Facilities,"Construction of Highway Jct. Titulok-Sto Niño-Monteverde-Daluga Highway Jct. Ned Lake Sebu - Sta. 9 + 850 - Sta. 13 + 332, Bagumbayan, Sultan Kudarat",Sultan Kudarat 2nd District Engineering Office,Sultan Kudarat 2nd District Engineering Office,200000000.0,3271,11000000.0,5000000.0,30000000.0,25000000.0,6000000.0,21.246458923512748
2027,BIP - Access Roads and/or Bridges from the National Roads leading to Major/ Strategic Public Buildings/ Facilities,"Construction of Esperanza-Lebak Bypass Road, Sta. 12 + 978 - Sta. 19 + 584, Esperanza, Sultan Kudarat",Sultan Kudarat 2nd District Engineering Office,Sultan Kudarat 2nd District Engineering Office,200000000.0,3271,11000000.0,5000000.0,30000000.0,25000000.0,6000000.0,21.246458923512748
2027,BIP - Access Roads and/or Bridges from the National Roads leading to Major/ Strategic Public Buildings/ Facilities,"Construction of Bukidnon-Davao (Jct. Sinuda-Kalagangan, San Fernando), Brgy. Kiulom Section, Sta. 22+052 - Sta. 25+302, Kitaotao, Bukidnon",Bukidnon 2nd District Engineering Office,Bukidnon 2nd District Engineering Office,200000000.0,3271,11000000.0,5000000.0,30000000.0,25000000.0,6000000.0,21.246458923512748
2027,BIP - Access Roads and/or Bridges from the National Roads leading to Major/ Strategic Public Buildings/ Facilities,"Construction of Bukidnon-Davao (Jct. Sinuda-Kalagangan, San Fernando), Brgy. Kiulom Section, Sta. 25+302 - Sta. 28+552, Kitaotao, Bukidnon",Bukidnon 2nd District Engineering Office,Bukidnon 2nd District Engineering Office,200000000.0,3271,11000000.0,5000000.0,30000000.0,25000000.0,6000000.0,21.246458923512748
2027,BIP - Access Roads and/or Bridges from the National Roads leading to Major/ Strategic Public Buildings/ Facilities,"Construction of Bukidnon-Davao (Jct. Sinuda-Kalagangan, San Fernando), Brgy. Panganan Section, Sta. 16+352 - Sta. 20+052, Kitaotao, Bukidnon",Bukidnon 2nd District Engineering Office,Bukidnon 2nd District Engineering Office,200000000.0,3271,11000000.0,5000000.0,30000000.0,25000000.0,6000000.0,21.246458923512748
2027,BIP - Access Roads and/or Bridges from the National Roads leading to Major/ Strategic Public Buildings/ Facilities,"Construction of CDOC - Iligan Hinterland Road, Jct. CDO - Camp Kibaritan / Dansolihon - Jct. BCIR / Laguindingan Airport Road Extension, Brgy. Tugasnon-Brgy. Lourdes, Sta. 49+000 - Sta. 52+700, Misamis Oriental",Misamis Oriental 2nd District Engineering Office,Misamis Oriental 2nd District Engineering Office,200000000.0,3271,11000000.0,5000000.0,30000000.0,25000000.0,6000000.0,21.246458923512748
2027,BIP - Access Roads and/or Bridges from the National Roads leading to Major/ Strategic Public Buildings/ Facilities,"Construction of Sta. Irene - San Miguel Road, Barangay Bolhoon, Surigao del Sur",Surigao del Sur 1st District Engineering Office,Surigao del Sur 1st District Engineering Office,200000000.0,3271,11000000.0,5000000.0,30000000.0,25000000.0,6000000.0,21.246458923512748
2027,BIP - Access Roads and/or Bridges from the National Roads leading to Major/ Strategic Public Buildings/ Facilities,"Construction of Wao Road, Lanao del Sur",Regional Office X BARMM,Regional Office X BARMM,200000000.0,3271,11000000.0,5000000.0,30000000.0,25000000.0,6000000.0,21.246458923512748
2027,BIP - Access Roads and/or Bridges from the National Roads leading to Major/ Strategic Public Buildings/ Facilities,"Construction of Daquioag-Tabucbuc Bridge, Marcos, Ilocos Norte",Ilocos Norte 2nd District Engineering Office,Ilocos Norte 2nd District Engineering Office,200000000.0,3271,11000000.0,5000000.0,30000000.0,25000000.0,6000000.0,21.246458923512748
2027,BIP - Access Roads and/or Bridges from the National Roads leading to Major/ Strategic Public Buildings/ Facilities,"Construction of Northern Bukidnon Agri-Industrial Economic Zone Road, Brgy. Kalilangan Section, Sta. 3+375 - Sta. 7+075, Baungon, Bukidnon",Bukidnon 3rd District Engineering Office,Bukidnon 3rd District Engineering Office,200000000.0,3271,11000000.0,5000000.0,30000000.0,25000000.0,6000000.0,21.246458923512748
2027,BIP - Access Roads and/or Bridges from the National Roads leading to Major/ Strategic Public Buildings/ Facilities,Construction of Extension of Calawisa-Suba Basbas Diversion Road,Cebu 6th District Engineering Office,Cebu 6th District Engineering Office,200000000.0,3271,11000000.0,5000000.0,30000000.0,25000000.0,6000000.0,21.246458923512748
2027,BIP - Access Roads and/or Bridges from the National Roads leading to Major/ Strategic Public Buildings/ Facilities,"Construction of the Basak-Patong Road at Barangays Patong, Basak and Alawijao, Badian, Cebu",Cebu 7th District Engineering Office,Cebu 7th District Engineering Office,200000000.0,3271,11000000.0,5000000.0,30000000.0,25000000.0,6000000.0,21.246458923512748
2027,BIP - Access Roads and/or Bridges from the National Roads leading to Major/ Strategic Public Buildings/ Facilities,"Construction of Road Slope Protection, Barangay Coron Town Proper - Barangay Borac RoRo Port, Coron, Palawan",Palawan 1st District Engineering Office,Palawan 1st District Engineering Office,200000000.0,3271,11000000.0,5000000.0,30000000.0,25000000.0,6000000.0,21.246458923512748
2027,BIP - Access Roads and/or Bridges from the National Roads leading to Major/ Strategic Public Buildings/ Facilities,"Construction of Baliis Bridge, Barangay Baliis, Santa Cruz, Marinduque",Marinduque District Engineering Office,Marinduque District Engineering Office,200000000.0,3271,11000000.0,5000000.0,30000000.0,25000000.0,6000000.0,21.246458923512748
2027,BIP - Access Roads and/or Bridges from the National Roads leading to Major/ Strategic Public Buildings/ Facilities,"Rehabilitation of Concrete Road, Barangay Callao, Alicia, Isabela to Barangay San Sebastian, Ramon, Isabela",Isabela 3rd District Engineering Office,Isabela 3rd District Engineering Office,200000000.0,3271,11000000.0,5000000.0,30000000.0,25000000.0,6000000.0,21.246458923512748
2027,BIP - Multi-Purpose Buildings/ Facilities to support Social Services,"Construction of Multi-Purpose Building, Barangay Estrella, San Pedro City, Laguna",Laguna 2nd District Engineering Office,Laguna 2nd District Engineering Office,70000000.0,2773,7000000.0,5000000.0,10000000.0,5000000.0,2000000.0,21.246458923512748
2027,BIP - Multi-Purpose Buildings/ Facilities to support Social Services,"Construction of Pariancillo Villa Multi-Purpose Hall (Barangay Center), Barangay Pariancillo Villa, Valenzuela City, 14.707205, 120.944432",Metro Manila 3rd District Engineering Office,Metro Manila 3rd District Engineering Office,70000000.0,2773,7000000.0,5000000.0,10000000.0,5000000.0,2000000.0,21.246458923512748
2027,BIP - Multi-Purpose Buildings/ Facilities to support Social Services,"Construction of Evacuation Center at Barangay Tikay, City of Malolos, Bulacan",Bulacan 1st District Engineering Office,Bulacan 1st District Engineering Office,70000000.0,2773,7000000.0,5000000.0,10000000.0,5000000.0,2000000.0,21.246458923512748
2027,BIP - Multi-Purpose Buildings/ Facilities to support Social Services,"Construction (Completion) of Multi-Purpose Building, Barangay Manggahan, Pasig City 14.597582,121.102681",Metro Manila 1st District Engineering Office,Metro Manila 1st District Engineering Office,70000000.0,2773,7000000.0,5000000.0,10000000.0,5000000.0,2000000.0,21.246458923512748
2027,BIP - Multi-Purpose Buildings/ Facilities to support Social Services,"Construction of Multi-Purpose Building at Barangay Pacita 2, San Pedro City Laguna",Laguna 2nd District Engineering Office,Laguna 2nd District Engineering Office,70000000.0,2773,7000000.0,5000000.0,10000000.0,5000000.0,2000000.0,21.246458923512748
2027,BIP - Multi-Purpose Buildings/ Facilities to support Social Services,"Construction of Ginatilan Multi-Purpose Building, Ginatilan, Cebu",Cebu 7th District Engineering Office,Cebu 7th District Engineering Office,70000000.0,2773,7000000.0,5000000.0,10000000.0,5000000.0,2000000.0,21.246458923512748
2027,BIP - Multi-Purpose Buildings/ Facilities to support Social Services,"Construction of Multi-Purpose Building at Barangay 390 Zone 40 (Completion), Manila City (14.5984620, 120.9898245)",North Manila District Engineering Office,North Manila District Engineering Office,70000000.0,2773,7000000.0,5000000.0,10000000.0,5000000.0,2000000.0,21.246458923512748
2027,BIP - Multi-Purpose Buildings/ Facilities to support Social Services,"Construction (Completion) of Multi-Purpose Building, Barangay Labangon, Cebu City, Cebu",Cebu City District Engineering Office,Cebu City District Engineering Office,70000000.0,2773,7000000.0,5000000.0,10000000.0,5000000.0,2000000.0,21.246458923512748
2027,BIP - Multi-Purpose Buildings/ Facilities to support Social Services,"Construction of Multi-Purpose Building including Facilities at Barangay Banaybanay, Lipa City, Batangas",Batangas 4th District Engineering Office,Batangas 4th District Engineering Office,70000000.0,2773,7000000.0,5000000.0,10000000.0,5000000.0,2000000.0,21.246458923512748
2027,BIP - Multi-Purpose Buildings/ Facilities to support Social Services,"Construction of Evacuation Center at Barangay Mojon, City of Malolos Bulacan",Bulacan 1st District Engineering Office,Bulacan 1st District Engineering Office,70000000.0,2773,7000000.0,5000000.0,10000000.0,5000000.0,2000000.0,21.246458923512748
2027,BIP - Multi-Purpose Buildings/ Facilities to support Social Services,"Construction of Multi-Purpose Building at Barangay Damar, Quezon City",Quezon City 1st District Engineering Office,Quezon City 1st District Engineering Office,69500000.0,2773,7000000.0,5000000.0,10000000.0,5000000.0,2000000.0,21.0778362336436
2027,BIP - Access Roads and/or Bridges from the National Roads leading to Major/ Strategic Public Buildings/ Facilities,"Construction of Road, Sayab II, Barangay Puring to Barangay Tabud, Bataraza, Palawan",Palawan 2nd District Engineering Office,Palawan 2nd District Engineering Office,195000000.0,3271,11000000.0,5000000.0,30000000.0,25000000.0,6000000.0,20.684383290615585
2027,BIP - Access Roads and/or Bridges from the National Roads leading to Major/ Strategic Public Buildings/ Facilities,"Construction of Road, Barangay Barong-Barong, Brooke’s Point, Palawan",Palawan 2nd District Engineering Office,Palawan 2nd District Engineering Office,195000000.0,3271,11000000.0,5000000.0,30000000.0,25000000.0,6000000.0,20.684383290615585
2027,BIP - Multi-Purpose Buildings/ Facilities to support Social Services,"Construction of 3-Storey Evacuation Center Antipolo Valley Subdivision, Barangay Mambugan, Antipolo City",Rizal 1st District Engineering Office,Rizal 1st District Engineering Office,68000000.0,2773,7000000.0,5000000.0,10000000.0,5000000.0,2000000.0,20.571968164036154
2027,BIP - Access Roads and/or Bridges from the National Roads leading to Major/ Strategic Public Buildings/ Facilities,"Construction of Poblacion - Tagumpay Diversion Road leading to Coron Cruise Port, Coron, Palawan",Palawan 1st District Engineering Office,Palawan 1st District Engineering Office,190000000.0,3271,11000000.0,5000000.0,30000000.0,25000000.0,6000000.0,20.122307657718423
2027,BIP - Multi-Purpose Buildings/ Facilities to support Social Services,"Repair/Rehabilitation of Multi-Purpose Building (Barangay Hall), Angeles City, Pampanga AGAPITO DEL ROSARIO-15.144299318628299, 120.58950109064817 AMSIC -15.155914843123659, 120.57122824086312 ANUNAS-15.155685101922105, 120.55356457224914 BALIBAGO-15.166544209000083, 120.59093128319023 CAPAYA-15.145946770385812, 120.61682652428347 CLARO M. RECTO-15.147419264120625, 120.59265264363856 CUAYAN-15.147011356417766, 120.54851086852416 CUTCUT-15.137071685267435, 120.5826189704338 CUTUD-15.175510389013915, 120.62669571202673 LOURDES NORTH WEST-15.144727873557219, 120.5846101806296 LOURDES SUR (TALIMUNDOC)-15.142032406195453, 120.59083143817257 LOURDES SUR EAST-15.143389082943106, 120.59325615518941 MALABANIAS-15.151554036528923, 120.58984462318708 MARGOT -15.170629558274321, 120.53473759425107 MARISOL (NINOY AQUINO)-15.15105176902542, 120.59908185722679 MINING-15.14305624609857, 120.60459425764033 PAMPANG (SANTO NINO)-15.146485000128934, 120.575938380308 PANDAN-15.146713640754296, 120.60561952844266 PULUNG BULU-15.127212666450724, 120.61119233367015 PULUNG CACUTUD-15.16587998902933, 120.61672626969937 PULUNG MARAGUL-15.161944615580456, 120.60776671102509 SALAPUNGAN-15.146725587337029, 120.59733731512631 SAN JOSE-15.133482541730459, 120.59446235210609 SAN NICOLAS-15.221678633935248, 120.66017319283947 SANTA TERESITA-15.150237628864838, 120.58564227731569 SANTA TRINIDAD-15.141908887866684, 120.58190951062831 SANTO CRISTO-15.14287556022731, 120.59865691146666 SANTO DOMINGO-15.127564863618888, 120.6006547144715 SANTO ROSARIO (POBLACION)-15.135444881250686, 120.59091682383456 SAPALIBUTAD-15.15821203643654, 120.63203366969245 SAPANGBATO-15.170960891445613, 120.51502452289961 TABUN-15.151865455188867, 120.61469837062619 VIRGEN DELOS REMEDIOS-15.14963967331331, 120.59269153445788",Pampanga 3rd District Engineering Office,Pampanga 3rd District Engineering Office,66000000.0,2773,7000000.0,5000000.0,10000000.0,5000000.0,2000000.0,19.897477404559556
2027,Retrofitting/ Strengthening of Permanent Bridges,Biliran Br. (B00057BR) along Leyte-Biliran Rd,Biliran District Engineering Office,Biliran District Engineering Office,200000000.0,111,13524000.0,8454000.0,20000000.0,11546000.0,6324000.0,19.888731635698537
2027,BIP - Multi-Purpose Buildings/ Facilities to support Social Services,"Construction of Multi-Purpose Building, Barangay Burgos, San Leonardo, Nueva Ecija",Nueva Ecija 2nd District Engineering Office,Nueva Ecija 2nd District Engineering Office,65000000.0,2773,7000000.0,5000000.0,10000000.0,5000000.0,2000000.0,19.56023202482126
2027,BIP - Access Roads and/or Bridges from the National Roads leading to Major/ Strategic Public Buildings/ Facilities,"Construction of Road and Drainage, Dalampasigan, Barangay Malaban, Biñan City, Laguna",Laguna 2nd District Engineering Office,Laguna 2nd District Engineering Office,182000000.0,3271,11000000.0,5000000.0,30000000.0,25000000.0,6000000.0,19.222986645082962
2027,BIP - Access Roads and/or Bridges from the National Roads leading to Major/ Strategic Public Buildings/ Facilities,"Construction of Road and Drainage, Wawa, Barangay Malaban, Biñan City, Laguna",Laguna 2nd District Engineering Office,Laguna 2nd District Engineering Office,182000000.0,3271,11000000.0,5000000.0,30000000.0,25000000.0,6000000.0,19.222986645082962
2027,BIP - Multi-Purpose Buildings/ Facilities to support Social Services,"Construction of Multi-Purpose Building (Covered Court), Angeles City, Pampanga (Cluster Barangays I) AGAPITO DEL ROSARIO-15.144299318628299, 120.58950109064817 AMSIC -15.155914843123659, 120.57122824086312 ANUNAS-15.155685101922105, 120.55356457224914 BALIBAGO-15.166544209000083, 120.59093128319023 CAPAYA-15.145946770385812, 120.61682652428347 CLARO M. RECTO-15.147419264120625, 120.59265264363856 CUAYAN-15.147011356417766, 120.54851086852416 CUTCUT-15.137071685267435, 120.5826189704338",Pampanga 3rd District Engineering Office,Pampanga 3rd District Engineering Office,64000000.0,2773,7000000.0,5000000.0,10000000.0,5000000.0,2000000.0,19.222986645082962
2027,BIP - Multi-Purpose Buildings/ Facilities to support Social Services,"Construction of Multi-Purpose Building (Covered Court), Angeles City, Pampanga (Cluster Barangays II) CUTUD-15.175510389013915, 120.62669571202673 LOURDES NORTH WEST-15.144727873557219, 120.5846101806296 LOURDES SUR (TALIMUNDOC)-15.142032406195453, 120.59083143817257 LOURDES SUR EAST-15.143389082943106, 120.59325615518941 MALABANIAS-15.151554036528923, 120.58984462318708 MARGOT -15.170629558274321, 120.53473759425107 MARISOL (NINOY AQUINO)-15.15105176902542, 120.59908185722679 MINING-15.14305624609857, 120.60459425764033",Pampanga 3rd District Engineering Office,Pampanga 3rd District Engineering Office,64000000.0,2773,7000000.0,5000000.0,10000000.0,5000000.0,2000000.0,19.222986645082962
2027,BIP - Multi-Purpose Buildings/ Facilities to support Social Services,"Construction of Multi-Purpose Building (Covered Court), Angeles City, Pampanga (Cluster Barangays III) PAMPANG (SANTO NINO)-15.146485000128934, 120.575938380308 PANDAN-15.146713640754296, 120.60561952844266 PULUNG BULU-15.127212666450724, 120.61119233367015 PULUNG CACUTUD-15.16587998902933, 120.61672626969937 PULUNG MARAGUL-15.161944615580456, 120.60776671102509 SALAPUNGAN-15.146725587337029, 120.59733731512631 SAN JOSE-15.133482541730459, 120.59446235210609 SAN NICOLAS-15.221678633935248, 120.66017319283947",Pampanga 3rd District Engineering Office,Pampanga 3rd District Engineering Office,64000000.0,2773,7000000.0,5000000.0,10000000.0,5000000.0,2000000.0,19.222986645082962
2027,BIP - Access Roads and/or Bridges from the National Roads leading to Major/ Strategic Public Buildings/ Facilities,"Construction of Bridge, Barangay Kaliwanagan to Barangay Tayabo, San Jose City, Nueva Ecija",Nueva Ecija 1st District Engineering Office,Nueva Ecija 1st District Engineering Office,180000000.0,3271,11000000.0,5000000.0,30000000.0,25000000.0,6000000.0,18.9981563919241
2027,BIP - Multi-Purpose Buildings/ Facilities to support Social Services,"Construction of Multi-purpose Building with Roofdeck and Slope Protection at Barangay San Vicente, Baguio City",Baguio City District Engineering Office,Baguio City District Engineering Office,63250000.0,2773,7000000.0,5000000.0,10000000.0,5000000.0,2000000.0,18.97005261027924
2027,Widening of Permanent Bridges,Atugan Parallel Br. Along Sayre Highway,Bukidnon 1st District Engineering Office,Bukidnon 1st District Engineering Office,600000000.0,256,40000000.0,23150000.0,69000000.0,45850000.0,20000000.0,18.885741265344663
2027,BIP - Multi-Purpose Buildings/ Facilities to support Social Services,"Construction of Multi-Purpose Building, Barangay Hall at Holy Ghost Extension Barangay Baguio City",Baguio City District Engineering Office,Baguio City District Engineering Office,62400000.0,2773,7000000.0,5000000.0,10000000.0,5000000.0,2000000.0,18.683394037501685
2027,BIP - Multi-Purpose Buildings/ Facilities to support Social Services,"Construction (Completion) of Multi-Purpose Building, Barangay San Jose Ward, Pototan, Iloilo",Iloilo 6th District Engineering Office,Iloilo 6th District Engineering Office,62000000.0,2773,7000000.0,5000000.0,10000000.0,5000000.0,2000000.0,18.548495885606368
2027,Water Supply System,"Construction of Pidigan Water Supply System, Barangay Arab, Barangay Immuli, Barangay Garreta, Barangay Laskig, Barangay San Diego, and Barangay Sulvec, Pidigan Abra",Abra District Engineering Office,Abra District Engineering Office,60000000.0,435,5000000.0,5000000.0,10000000.0,5000000.0,2000000.0,18.548495885606368
2027,Water Supply System,"Construction of Dolores Water Supply System, Barangay Namit-ingan, Barangay Taping, Barangay Kimmalaba, Barangay Cabaroan, Barangay Cardona, Barangay Isit, Dolores, Abra",Abra District Engineering Office,Abra District Engineering Office,60000000.0,435,5000000.0,5000000.0,10000000.0,5000000.0,2000000.0,18.548495885606368
2027,Water Supply System,"Construction of Water Supply System, Aloran, Misamis occidental",Misamis Occidental 1st District Engineering Office,Misamis Occidental 1st District Engineering Office,60000000.0,435,5000000.0,5000000.0,10000000.0,5000000.0,2000000.0,18.548495885606368
2027,Water Supply System,"Construction of Sallapadan Water Supply System, Barangay Saccaang, Barangay Bilabila, Barangay Naguillian, Barangay Gangal, Barangay Subosob, and Barangay Maguyepyep, Sallapadan, Abra",Abra District Engineering Office,Abra District Engineering Office,60000000.0,435,5000000.0,5000000.0,10000000.0,5000000.0,2000000.0,18.548495885606368
2027,BIP - Access Roads and/or Bridges from the National Roads leading to Major/ Strategic Public Buildings/ Facilities,"Construction of San Vicente - Catmon Bridge, Sta. Maria, Bulacan (121.000200, 14.818020)",Bulacan 2nd District Engineering Office,Bulacan 2nd District Engineering Office,175000000.0,3271,11000000.0,5000000.0,30000000.0,25000000.0,6000000.0,18.436080759026936
2027,BIP - Access Roads and/or Bridges from the National Roads leading to Major/ Strategic Public Buildings/ Facilities,"Construction of Esperanza-Lebak Bypass Road (Lebak Section) - Sta. 51 + 350 - Sta. 59 + 930, Lebak, Sultan Kudarat",Sultan Kudarat 2nd District Engineering Office,Sultan Kudarat 2nd District Engineering Office,175000000.0,3271,11000000.0,5000000.0,30000000.0,25000000.0,6000000.0,18.436080759026936
2027,BIP - Access Roads and/or Bridges from the National Roads leading to Major/ Strategic Public Buildings/ Facilities,"Rehabilitation of Road and Drainage System at Don Manuel St. (Don Jose to Banawe St.), Barangay Sto. Domingo, Quezon City",Quezon City 1st District Engineering Office,Quezon City 1st District Engineering Office,173530000.0,3271,11000000.0,5000000.0,30000000.0,25000000.0,6000000.0,18.27083052295517
2027,BIP - Access Roads and/or Bridges from the National Roads leading to Major/ Strategic Public Buildings/ Facilities,"Construction of Naggasican Bridge and Approach, Barangay Naggasican, Santiago City, Isabela",Isabela 4th District Engineering Office,Isabela 4th District Engineering Office,170000000.0,3271,11000000.0,5000000.0,30000000.0,25000000.0,6000000.0,17.874005126129774
2027,BIP - Multi-Purpose Buildings/ Facilities to support Social Services,"Rehabilitation of Multi-Purpose Building, Pavillion, Barangay San Juan, Castillejos, Zambales (14.933128, 120.200506)",Zambales 2nd District Engineering Office,Zambales 2nd District Engineering Office,60000000.0,2773,7000000.0,5000000.0,10000000.0,5000000.0,2000000.0,17.874005126129774
2027,BIP - Multi-Purpose Buildings/ Facilities to support Social Services,"Construction of Multi-Purpose Building (Gymnasium), Tandu- Bato, Luuk, Sulu",Sulu 2nd District Engineering Office,Sulu 2nd District Engineering Office,60000000.0,2773,7000000.0,5000000.0,10000000.0,5000000.0,2000000.0,17.874005126129774
2027,BIP - Multi-Purpose Buildings/ Facilities to support Social Services,"Rehabilitation of Multi-Purpose Facility (Atty. Amador dela Merced Bldg.) Barangay Poblacion, Norzagaray, Bulacan",Bulacan 2nd District Engineering Office,Bulacan 2nd District Engineering Office,60000000.0,2773,7000000.0,5000000.0,10000000.0,5000000.0,2000000.0,17.874005126129774
2027,BIP - Multi-Purpose Buildings/ Facilities to support Social Services,"Completion of Multi-Purpose Building, Barangay Santulan, Malabon City (14.685711, 120.958868)",Malabon Navotas District Engineering Office,Malabon Navotas District Engineering Office,60000000.0,2773,7000000.0,5000000.0,10000000.0,5000000.0,2000000.0,17.874005126129774
2027,BIP - Multi-Purpose Buildings/ Facilities to support Social Services,"Construction of Multi-Purpose Buildng, Barangay Balibago, City of Santa Rosa, Laguna",Laguna 2nd District Engineering Office,Laguna 2nd District Engineering Office,60000000.0,2773,7000000.0,5000000.0,10000000.0,5000000.0,2000000.0,17.874005126129774
2027,BIP - Multi-Purpose Buildings/ Facilities to support Social Services,"Construction of Multi-purpose Building, Barangay Santiago Old, Nabua, Camarines Sur",Camarines Sur 5th District Engineering Office,Camarines Sur 5th District Engineering Office,60000000.0,2773,7000000.0,5000000.0,10000000.0,5000000.0,2000000.0,17.874005126129774
2027,BIP - Multi-Purpose Buildings/ Facilities to support Social Services,"Construction of Multi-Purpose Building (Evacuation Center), Barangay Batasan Bata, San Miguel, Bulacan",Bulacan 3rd District Engineering Office,Bulacan 3rd District Engineering Office,60000000.0,2773,7000000.0,5000000.0,10000000.0,5000000.0,2000000.0,17.874005126129774
2027,BIP - Multi-Purpose Buildings/ Facilities to support Social Services,"Construction of Multi-Purpose Building at Barangay West Tapinac, Olongapo City",Zambales 2nd District Engineering Office,Zambales 2nd District Engineering Office,60000000.0,2773,7000000.0,5000000.0,10000000.0,5000000.0,2000000.0,17.874005126129774
2027,BIP - Multi-Purpose Buildings/ Facilities to support Social Services,"Construction Multi-Purpose Facility (Malolos City Football Field), Barangay Bulihan, Malolos City, Bulacan",Bulacan 1st District Engineering Office,Bulacan 1st District Engineering Office,60000000.0,2773,7000000.0,5000000.0,10000000.0,5000000.0,2000000.0,17.874005126129774
2027,Construction of New Bridges,Viaduct along Daang Maharlika K0397 + (-192.28) - K0397 + 224.37,Camarines Sur 2nd District Engineering Office,Camarines Sur 2nd District Engineering Office,300000000.0,22,30420000.0,22630000.0,129860000.0,107230000.0,10420000.0,17.450021011487575
2027,BIP - Access Roads and/or Bridges from the National Roads leading to Major/ Strategic Public Buildings/ Facilities,"Construction of Vigo - San Antonio Bridge, Laoang, Northern Samar (Sta. 6+600 - Sta. 6+710)",Northern Samar 2nd District Engineering Office,Northern Samar 2nd District Engineering Office,165000000.0,3271,11000000.0,5000000.0,30000000.0,25000000.0,6000000.0,17.311929493232608
2027,Rehabilitation/ Major Repair of Permanent Bridges,Iyam Br. (B02935LZ) along Maharlika Highway (MSR Diversion Rd),Quezon 2nd District Engineering Office,Quezon 2nd District Engineering Office,130000000.0,269,7800000.0,4000000.0,15000000.0,11000000.0,4800000.0,17.171410585008317
2027,BIP - Access Roads and/or Bridges from the National Roads leading to Major/ Strategic Public Buildings/ Facilities,"Construction of Esperanza-Lebak Bypass Road, Sta. 46 + 230 - Sta. 51 + 350, Esperanza, Sultan Kudarat",Sultan Kudarat 2nd District Engineering Office,Sultan Kudarat 2nd District Engineering Office,163000000.0,3271,11000000.0,5000000.0,30000000.0,25000000.0,6000000.0,17.087099240073744
2027,BIP - Multi-Purpose Buildings/ Facilities to support Social Services,"Construction of Multi-Purpose Building, Barangay Lourdes, City of San Fernando, Pampanga",Pampanga 1st District Engineering Office,Pampanga 1st District Engineering Office,57000000.0,2773,7000000.0,5000000.0,10000000.0,5000000.0,2000000.0,16.86226898691488
2027,BIP - Access Roads and/or Bridges from the National Roads leading to Major/ Strategic Public Buildings/ Facilities,"Construction of Road, Bukidnon-Paquibato District Alternate Road, Barangay Kipilas Section, Sta. 9+000 - Sta. 12+450, Kitaotao, Bukidnon",Bukidnon 2nd District Engineering Office,Bukidnon 2nd District Engineering Office,160000000.0,3271,11000000.0,5000000.0,30000000.0,25000000.0,6000000.0,16.749853860335445
2027,BIP - Access Roads and/or Bridges from the National Roads leading to Major/ Strategic Public Buildings/ Facilities,"Construction of Bridge, Barangay Aplaya to Barangay Labasan, Bongabong, Oriental Mindoro",Southern Mindoro District Engineering Office,Southern Mindoro District Engineering Office,160000000.0,3271,11000000.0,5000000.0,30000000.0,25000000.0,6000000.0,16.749853860335445
2027,BIP - Access Roads and/or Bridges from the National Roads leading to Major/ Strategic Public Buildings/ Facilities,"Construction of Barangay Disakan, Manukan - Barangay Siparok, Jose Dalman, Zamboanga del Norte",Zamboanga del Norte 2nd District Engineering Office,Zamboanga del Norte 2nd District Engineering Office,160000000.0,3271,11000000.0,5000000.0,30000000.0,25000000.0,6000000.0,16.749853860335445
2027,BIP - Access Roads and/or Bridges from the National Roads leading to Major/ Strategic Public Buildings/ Facilities,"Construction of Libtuan - Buho - Upper, Sigange Road, Sigange, Bongabong, Oriental Mindoro",Southern Mindoro District Engineering Office,Southern Mindoro District Engineering Office,160000000.0,3271,11000000.0,5000000.0,30000000.0,25000000.0,6000000.0,16.749853860335445
2027,BIP - Access Roads and/or Bridges from the National Roads leading to Major/ Strategic Public Buildings/ Facilities,"Construction of Jct Cagayan de Oro Ciy - Dominorog - Camp Kibaritan Road to Jct SH- Aglayan - Alanib -Ticalaan Road (Aglayan - Basak), Cosina - Baylanan Section, Sta, 11+700 - Sta. 14+700, Talakag, Bukidnon",Bukidnon 3rd District Engineering Office,Bukidnon 3rd District Engineering Office,160000000.0,3271,11000000.0,5000000.0,30000000.0,25000000.0,6000000.0,16.749853860335445
2027,BIP - Access Roads and/or Bridges from the National Roads leading to Major/ Strategic Public Buildings/ Facilities,"Construction of Baler Bypass Road, Baler, Aurora, 0 + 000 - 13 + 250",Aurora District Engineering Office,Aurora District Engineering Office,159000000.0,3271,11000000.0,5000000.0,30000000.0,25000000.0,6000000.0,16.637438733756014
2027,BIP - Access Roads and/or Bridges from the National Roads leading to Major/ Strategic Public Buildings/ Facilities,"Construction of Road, Barangay Tinagong Dagat, Narra, Palawan",Palawan 2nd District Engineering Office,Palawan 2nd District Engineering Office,155000000.0,3271,11000000.0,5000000.0,30000000.0,25000000.0,6000000.0,16.187778227438283
2027,BIP - Multi-Purpose Buildings/ Facilities to support Social Services,"Construction of Multi-Purpose Building, Barangay Payompon, Mamburao, Occidental Mindoro",Mindoro Occidental District Engineering Office,Mindoro Occidental District Engineering Office,55000000.0,2773,7000000.0,5000000.0,10000000.0,5000000.0,2000000.0,16.187778227438283
2027,BIP - Multi-Purpose Buildings/ Facilities to support Social Services,"Construction of Multi-Purpose Building (Barangay Hall), Barangay Tagapo, City of Santa Rosa, Laguna",Laguna 2nd District Engineering Office,Laguna 2nd District Engineering Office,55000000.0,2773,7000000.0,5000000.0,10000000.0,5000000.0,2000000.0,16.187778227438283
2027,BIP - Multi-Purpose Buildings/ Facilities to support Social Services,"Completion of Multi-Purpose Building at Sta Teresita Village, Barangay Malanday, Marikina City, 14.64711272, 121.0990806",Metro Manila 1st District Engineering Office,Metro Manila 1st District Engineering Office,55000000.0,2773,7000000.0,5000000.0,10000000.0,5000000.0,2000000.0,16.187778227438283
2027,BIP - Multi-Purpose Buildings/ Facilities to support Social Services,"Repair/Rehabilitation of Multi-Purpose Building (Barangay Hall), Mabalacat City, Pampanga Atlu-Bola - 15.235720, 120.582129 Bical - 15.195213, 120.619830 Bundagul - 15.228599, 120.607119 Cacutud - 15.237773, 120.570854 Calumpang - 15.220804, 120.531892 Camachiles - 15.195901, 120.592911 Dapdap - 15.228109, 120.612716 Dau - 15.174813, 120.585839 Dolores - 15.241257, 120.568965 Duquit - 15.177828, 120.600022 Lakandula - 15.171408, 120.585898 Mabiga - 15.201612, 120.582655 Macapagal Village - 15.211310, 120.537633 Mamatitang - 15.230139, 120.572480 Mangalit - 15.226850, 120.578272 Marcos Village - 15.208974, 120.528619 Mawaque - 15.209251464811349, 120.591645 Paralayunan - 15.232652, 120.613417 Poblacion - 15.223456, 120.571309 San Francisco - 15.220637, 120.577331 San Joaquin - 15.229945, 120.570738 Santa Ines - 15.223154, 120.577796 Santa Maria - 15.222317, 120.597289 Santo Rosario - 15.215123, 120.577959 Sapang Balen - 15.251419, 120.600537 Sapang Biabas - 15.196476, 120.599915 Tabun - 15.250252, 120.564428",Pampanga 3rd District Engineering Office,Pampanga 3rd District Engineering Office,54000000.0,2773,7000000.0,5000000.0,10000000.0,5000000.0,2000000.0,15.850532847699986
2027,BIP - Multi-Purpose Buildings/ Facilities to support Social Services,"Construction of Multi-Purpose Building at Barangay Bagong Pag-asa, Quezon City",Quezon City 1st District Engineering Office,Quezon City 1st District Engineering Office,54000000.0,2773,7000000.0,5000000.0,10000000.0,5000000.0,2000000.0,15.850532847699986
2027,BIP - Multi-Purpose Buildings/ Facilities to support Social Services,"Repair/Rehabilitation of Multi-Purpose Building (Barangay Hall), Magalang, Pampanga Ayala - 120.7034, 15.2275 Bucanan - 120.6737, 15.2340 Camias - 120.6513, 15.1918 Dolores - 120.6517, 15.2520 Escaler - 120.7329, 15.2728 La Paz - 120.6449, 15.2261 Navaling - 120.6583, 15.2735 San Agustin - 120.6905, 15.2233 San Antonio - 120.6626 15.2416 San Francisco - 120.6488, 15.2074 San Ildefonso - 120.7133, 15.2603 San Isidro - 120.6321, 15.2265 San Jose - 120.6357, 15.1893 San Miguel - 120.6617, 15.2274 San Nicolas Uno (Poblacion) - 120.6616, 15.2181 San Nicolas Dos - 120.6674, 15.2156 San Pablo - 120.6769, 15.2182 San Pedro Uno (Poblacion) - 120.6572, 15.2140 San Pedro Dos - 120.6533, 15.2109 San Roque - 120.6529, 15.2613 San Vicente - 120.6831, 15.2010 Santa Cruz (Poblacion) - 120.6650, 15.2062 Santa Lucia - 120.6316, 15.2145 Santa Maria - 120.6647 15.2556 Santo Niño - 120.7117, 15.2360 Santo Rosario - 120.6322, 15.2426 Turu - 120.7321, 15.2461",Pampanga 3rd District Engineering Office,Pampanga 3rd District Engineering Office,54000000.0,2773,7000000.0,5000000.0,10000000.0,5000000.0,2000000.0,15.850532847699986
2027,BIP - Access Roads and/or Bridges from the National Roads leading to Major/ Strategic Public Buildings/ Facilities,"Construction of Road leading to Aglicay Beach, Barangay Madalag - Barangay Comod-om, Alcantara, Romblon",Romblon District Engineering Office,Romblon District Engineering Office,150259000.0,3271,11000000.0,5000000.0,30000000.0,25000000.0,6000000.0,15.654818112325195
2027,BIP - Access Roads and/or Bridges from the National Roads leading to Major/ Strategic Public Buildings/ Facilities,"Construction of Jct. CDO City-Dominorog-Camp Kibaritan Road to Jct SH-Aglayan-Alanib-Ticalaan Road (Aglayan-Basak), Barangay Baylanan Section, Sta. 17+700 - Sta. 20+700, Talakag, Bukidnon",Bukidnon 3rd District Engineering Office,Bukidnon 3rd District Engineering Office,150000000.0,3271,11000000.0,5000000.0,30000000.0,25000000.0,6000000.0,15.62570259454112
2027,BIP - Access Roads and/or Bridges from the National Roads leading to Major/ Strategic Public Buildings/ Facilities,"Construction of Abagong Bridge along Mongol - Nalbu - Alimit - Nattum - Dulao Road, Nattum, Mayoyao, Ifugao",Ifugao 2nd District Engineering Office,Ifugao 2nd District Engineering Office,150000000.0,3271,11000000.0,5000000.0,30000000.0,25000000.0,6000000.0,15.62570259454112
2027,BIP - Access Roads and/or Bridges from the National Roads leading to Major/ Strategic Public Buildings/ Facilities,"Construction of Road, Barangay Batino to Barangay Maidlang, Calapan City, Oriental Mindoro",Mindoro Oriental District Engineering Office,Mindoro Oriental District Engineering Office,150000000.0,3271,11000000.0,5000000.0,30000000.0,25000000.0,6000000.0,15.62570259454112
2027,BIP - Access Roads and/or Bridges from the National Roads leading to Major/ Strategic Public Buildings/ Facilities,"Construction of Mansalay By-Pass Road, Mansalay, Oriental Mindoro",Southern Mindoro District Engineering Office,Southern Mindoro District Engineering Office,150000000.0,3271,11000000.0,5000000.0,30000000.0,25000000.0,6000000.0,15.62570259454112
2027,BIP - Access Roads and/or Bridges from the National Roads leading to Major/ Strategic Public Buildings/ Facilities,"Construction of Kiangan-Asipulo-Ambaguio-Bayombong Road, Sta. 32+514 - Sta. 32+899, Barangay Camandag, Asipulo, Ifugao",Ifugao 1st District Engineering Office,Ifugao 1st District Engineering Office,150000000.0,3271,11000000.0,5000000.0,30000000.0,25000000.0,6000000.0,15.62570259454112
2027,BIP - Access Roads and/or Bridges from the National Roads leading to Major/ Strategic Public Buildings/ Facilities,"Construction of Manuel S. Agyao Boulevard-Ileb junc.-Dilag-San Julian-Balong-Tuao Circumferential Road, Tabuk City, Kalinga",Lower Kalinga District Engineering Office,Lower Kalinga District Engineering Office,150000000.0,3271,11000000.0,5000000.0,30000000.0,25000000.0,6000000.0,15.62570259454112
2027,BIP - Access Roads and/or Bridges from the National Roads leading to Major/ Strategic Public Buildings/ Facilities,"Construction of MNR - Lias - Camalig Road (North Alignment), Meycauayan City, Bulacan Sta. 00+000 - Sta. 01+255 (120.99013889, 14.76863056)",Bulacan 2nd District Engineering Office,Bulacan 2nd District Engineering Office,150000000.0,3271,11000000.0,5000000.0,30000000.0,25000000.0,6000000.0,15.62570259454112
2027,BIP - Access Roads and/or Bridges from the National Roads leading to Major/ Strategic Public Buildings/ Facilities,"Construction of MNR - Daungan - Libtong - Camalig Road (South Alignment), Meycauayan City, Bulacan Sta. 00+000 - Sta. 01+255 (120.98045000, 14.74881389)",Bulacan 2nd District Engineering Office,Bulacan 2nd District Engineering Office,150000000.0,3271,11000000.0,5000000.0,30000000.0,25000000.0,6000000.0,15.62570259454112
2027,BIP - Access Roads and/or Bridges from the National Roads leading to Major/ Strategic Public Buildings/ Facilities,"Construction of Alternate bridge Calvario - Poblacion Meycauayan Bulacan (120.957754, 14.737204)",Bulacan 2nd District Engineering Office,Bulacan 2nd District Engineering Office,150000000.0,3271,11000000.0,5000000.0,30000000.0,25000000.0,6000000.0,15.62570259454112
2027,BIP - Access Roads and/or Bridges from the National Roads leading to Major/ Strategic Public Buildings/ Facilities,"Construction of Mabuhay - Talusan Coastal Road (Mabuhay Boulevard), Mabuhay, Zamboanga Sibugay",Zamboanga Sibugay 1st District Engineering Office,Zamboanga Sibugay 1st District Engineering Office,150000000.0,3271,11000000.0,5000000.0,30000000.0,25000000.0,6000000.0,15.62570259454112
2027,BIP - Access Roads and/or Bridges from the National Roads leading to Major/ Strategic Public Buildings/ Facilities,"Construction of Paruayan Bridge I along Guiling-Bao-Malitubog-Paruayan-Nicaan Road, Alamada Cotabato",Cotabato 1st District Engineering Office,Cotabato 1st District Engineering Office,150000000.0,3271,11000000.0,5000000.0,30000000.0,25000000.0,6000000.0,15.62570259454112
2027,BIP - Access Roads and/or Bridges from the National Roads leading to Major/ Strategic Public Buildings/ Facilities,"Construction of Paruayan Bridge II along Guiling-Bao-Malitubog-Paruayan-Nicaan Road, Alamada Cotabato",Cotabato 1st District Engineering Office,Cotabato 1st District Engineering Office,150000000.0,3271,11000000.0,5000000.0,30000000.0,25000000.0,6000000.0,15.62570259454112
2027,BIP - Access Roads and/or Bridges from the National Roads leading to Major/ Strategic Public Buildings/ Facilities,"Construction of Access Road/Diversion Road, Daang Kalikasan to Sta. Cruz, Lucapon South - Tubo-tubo South, Sta. 10+400 - Sta. 12+000, Sta. Cruz, Zambales",Zambales 1st District Engineering Office,Zambales 1st District Engineering Office,150000000.0,3271,11000000.0,5000000.0,30000000.0,25000000.0,6000000.0,15.62570259454112
2027,BIP - Access Roads and/or Bridges from the National Roads leading to Major/ Strategic Public Buildings/ Facilities,"Construction of Access Road/Diversion Road, Daang Kalikasan to Sta. Cruz, Lucapon South - Tubo-tubo South, Sta. 9+400 - Sta. 14+400.00, Sta. Cruz, Zambales",Zambales 1st District Engineering Office,Zambales 1st District Engineering Office,150000000.0,3271,11000000.0,5000000.0,30000000.0,25000000.0,6000000.0,15.62570259454112
2027,BIP - Access Roads and/or Bridges from the National Roads leading to Major/ Strategic Public Buildings/ Facilities,"Construction of Road, Bangcol, Sta. Cruz, Zambales, Sta. 0+000.00 - Sta. 1+000.00",Zambales 1st District Engineering Office,Zambales 1st District Engineering Office,150000000.0,3271,11000000.0,5000000.0,30000000.0,25000000.0,6000000.0,15.62570259454112
2027,BIP - Access Roads and/or Bridges from the National Roads leading to Major/ Strategic Public Buildings/ Facilities,"Construction of Road, San Fernando, Sta Cruz, Zambales, Sta. 1+500.00 - Sta. 2+500.00",Zambales 1st District Engineering Office,Zambales 1st District Engineering Office,150000000.0,3271,11000000.0,5000000.0,30000000.0,25000000.0,6000000.0,15.62570259454112
2027,BIP - Access Roads and/or Bridges from the National Roads leading to Major/ Strategic Public Buildings/ Facilities,"Improvement of Road leading to Minalungao National Park, Macabaklay-Callos Road, Nueva Ecija",Nueva Ecija 2nd District Engineering Office,Nueva Ecija 2nd District Engineering Office,150000000.0,3271,11000000.0,5000000.0,30000000.0,25000000.0,6000000.0,15.62570259454112
2027,BIP - Access Roads and/or Bridges from the National Roads leading to Major/ Strategic Public Buildings/ Facilities,"Improvement of Access Road leading to Minalungao National Park, Bungo-Macabaklay Road, Gapan City, Nueva Ecija",Nueva Ecija 2nd District Engineering Office,Nueva Ecija 2nd District Engineering Office,150000000.0,3271,11000000.0,5000000.0,30000000.0,25000000.0,6000000.0,15.62570259454112
2027,BIP - Access Roads and/or Bridges from the National Roads leading to Major/ Strategic Public Buildings/ Facilities,"Construction of road balindong-piagapo-pantaoragat road, Brgy. Pindolonan, Sta. 0+000 - Sta. 7+000, Piagapo, Lanao del Sur",Regional Office X BARMM,Regional Office X BARMM,150000000.0,3271,11000000.0,5000000.0,30000000.0,25000000.0,6000000.0,15.62570259454112
2027,BIP - Access Roads and/or Bridges from the National Roads leading to Major/ Strategic Public Buildings/ Facilities,"Construction of Lumbang-Inosloban Bypass Road (Inosluban Section), Lipa City, Batangas",Batangas 4th District Engineering Office,Batangas 4th District Engineering Office,150000000.0,3271,11000000.0,5000000.0,30000000.0,25000000.0,6000000.0,15.62570259454112
2027,BIP - Access Roads and/or Bridges from the National Roads leading to Major/ Strategic Public Buildings/ Facilities,"Improvement of Road Manila-Batangas Bypass Road, Lipa City, Batangas",Batangas 4th District Engineering Office,Batangas 4th District Engineering Office,150000000.0,3271,11000000.0,5000000.0,30000000.0,25000000.0,6000000.0,15.62570259454112
2027,BIP - Access Roads and/or Bridges from the National Roads leading to Major/ Strategic Public Buildings/ Facilities,"Construction of Limbo Bridge, Barangay Limbo, Maco, Davao de Oro",Davao de Oro 1st District Engineering Office,Davao de Oro 1st District Engineering Office,150000000.0,3271,11000000.0,5000000.0,30000000.0,25000000.0,6000000.0,15.62570259454112
2027,BIP - Access Roads and/or Bridges from the National Roads leading to Major/ Strategic Public Buildings/ Facilities,"Rehabilitation of Malolos - Paombong - Hagonoy - Calumpit Road, Sta. 0+000 - Sta. 2+800, Calumpit, Bulacan",Bulacan 1st District Engineering Office,Bulacan 1st District Engineering Office,150000000.0,3271,11000000.0,5000000.0,30000000.0,25000000.0,6000000.0,15.62570259454112
2027,BIP - Access Roads and/or Bridges from the National Roads leading to Major/ Strategic Public Buildings/ Facilities,"Construction of Bucay-Peñarrubia Road, Bucay and Peñarrubia, Abra",Abra District Engineering Office,Abra District Engineering Office,150000000.0,3271,11000000.0,5000000.0,30000000.0,25000000.0,6000000.0,15.62570259454112
2027,BIP - Access Roads and/or Bridges from the National Roads leading to Major/ Strategic Public Buildings/ Facilities,"Construction of Buenos Aires Bridge, Bago City, Negros Occidental",Negros Occidental 4th District Engineering Office,Negros Occidental 4th District Engineering Office,150000000.0,3271,11000000.0,5000000.0,30000000.0,25000000.0,6000000.0,15.62570259454112
2027,BIP - Access Roads and/or Bridges from the National Roads leading to Major/ Strategic Public Buildings/ Facilities,"Improvement of Poblacion - Langnao (Calanasan) - Baliwanan (Kabugao) Road, Barangay Ferdinand-Langnao-Kabugao, Apayao",Apayao 2nd District Engineering Office,Apayao 2nd District Engineering Office,150000000.0,3271,11000000.0,5000000.0,30000000.0,25000000.0,6000000.0,15.62570259454112
2027,BIP - Access Roads and/or Bridges from the National Roads leading to Major/ Strategic Public Buildings/ Facilities,"Construction of Road (Core Urban Center), Barangay San Luis, Cauayan City, Isabela",Isabela 4th District Engineering Office,Isabela 4th District Engineering Office,150000000.0,3271,11000000.0,5000000.0,30000000.0,25000000.0,6000000.0,15.62570259454112
2027,BIP - Access Roads and/or Bridges from the National Roads leading to Major/ Strategic Public Buildings/ Facilities,"Rehabilitation of Burol Overpass, Sta. 1+120 - Sta. 1+145, Provincial Road, Borol 2nd, Balagtas, Bulacan",Bulacan 1st District Engineering Office,Bulacan 1st District Engineering Office,150000000.0,3271,11000000.0,5000000.0,30000000.0,25000000.0,6000000.0,15.62570259454112
2027,BIP - Access Roads and/or Bridges from the National Roads leading to Major/ Strategic Public Buildings/ Facilities,"Construction of Road, Poblacion - Can-omay - Bicahan - Bantolinao - Angilan, Antequera, Bohol",Bohol 1st District Engineering Office,Bohol 1st District Engineering Office,150000000.0,3271,11000000.0,5000000.0,30000000.0,25000000.0,6000000.0,15.62570259454112
2027,BIP - Access Roads and/or Bridges from the National Roads leading to Major/ Strategic Public Buildings/ Facilities,"Construction of Bridge, Barangay San Isidro, Carmen, Davao del Norte - Sta. 2+600 - Sta. 2+670",Davao del Norte 2nd District Engineering Office,Davao del Norte 2nd District Engineering Office,150000000.0,3271,11000000.0,5000000.0,30000000.0,25000000.0,6000000.0,15.62570259454112
2027,BIP - Access Roads and/or Bridges from the National Roads leading to Major/ Strategic Public Buildings/ Facilities,"Construction of Drainage along Dr. A. Santos Avenue, District 1, Parañaque City",Metro Manila 2nd District Engineering Office,Metro Manila 2nd District Engineering Office,150000000.0,3271,11000000.0,5000000.0,30000000.0,25000000.0,6000000.0,15.62570259454112
2027,BIP - Access Roads and/or Bridges from the National Roads leading to Major/ Strategic Public Buildings/ Facilities,"Construction of Dao Balbalan - Bullaguian Road, Sta. 1+650 - Sta. 4+650, Balbalan, Kalinga",Upper Kalinga District Engineering Office,Upper Kalinga District Engineering Office,150000000.0,3271,11000000.0,5000000.0,30000000.0,25000000.0,6000000.0,15.62570259454112
2027,BIP - Access Roads and/or Bridges from the National Roads leading to Major/ Strategic Public Buildings/ Facilities,"Construction of Road along San Luis - Bahay Pare Road, Candaba, Pampanga",Pampanga 1st District Engineering Office,Pampanga 1st District Engineering Office,149759000.0,3271,11000000.0,5000000.0,30000000.0,25000000.0,6000000.0,15.598610549035477
2027,BIP - Access Roads and/or Bridges from the National Roads leading to Major/ Strategic Public Buildings/ Facilities,"Construction of Road, Hidhid-Banogao, Matnog, Sorsogon- La Esperanza- San Antonio, Santa Magdalena, Sorsogon",Sorsogon 2nd District Engineering Office,Sorsogon 2nd District Engineering Office,149000000.0,3271,11000000.0,5000000.0,30000000.0,25000000.0,6000000.0,15.513287467961689
2027,BIP - Access Roads and/or Bridges from the National Roads leading to Major/ Strategic Public Buildings/ Facilities,"Construction of Road along Sto. Domingo - San Luis, Pampanga",Pampanga 1st District Engineering Office,Pampanga 1st District Engineering Office,148750000.0,3271,11000000.0,5000000.0,30000000.0,25000000.0,6000000.0,15.48518368631683
2027,BIP - Access Roads and/or Bridges from the National Roads leading to Major/ Strategic Public Buildings/ Facilities,"Construction of Road along Candaba -San Luis - San Simon - Apalit - Macabebe - Masantol Setback Levee (Candaba Section) Candaba, Pampanga",Pampanga 1st District Engineering Office,Pampanga 1st District Engineering Office,147985000.0,3271,11000000.0,5000000.0,30000000.0,25000000.0,6000000.0,15.399186114483564
2027,BIP - Access Roads and/or Bridges from the National Roads leading to Major/ Strategic Public Buildings/ Facilities,"Construction of Road, Barangay Tugas-Barangay Calpi, Matnog Sorsogon",Sorsogon 2nd District Engineering Office,Sorsogon 2nd District Engineering Office,146000000.0,3271,11000000.0,5000000.0,30000000.0,25000000.0,6000000.0,15.176042088223392
2027,Water Supply System,"Construction of Water System, Inabanga, Bohol",Bohol 2nd District Engineering Office,Bohol 2nd District Engineering Office,50000000.0,435,5000000.0,5000000.0,10000000.0,5000000.0,2000000.0,15.176042088223392
2027,Water Supply System,Improvement/Rehabilitation of Baclayon Waterworks System,Bohol 1st District Engineering Office,Bohol 1st District Engineering Office,50000000.0,435,5000000.0,5000000.0,10000000.0,5000000.0,2000000.0,15.176042088223392
2027,Water Supply System,"Construction of Malinao Water System, Malinao, Albay",Albay 1st District Engineering Office,Albay 1st District Engineering Office,50000000.0,435,5000000.0,5000000.0,10000000.0,5000000.0,2000000.0,15.176042088223392
2027,Water Supply System,"Construction of Water System, Polangui, Albay",Albay 3rd District Engineering Office,Albay 3rd District Engineering Office,50000000.0,435,5000000.0,5000000.0,10000000.0,5000000.0,2000000.0,15.176042088223392
2027,Water Supply System,"Construction of Water Supply System at Poblacion , Barangay Marangas, Bataraza Palawan",Palawan 2nd District Engineering Office,Palawan 2nd District Engineering Office,50000000.0,435,5000000.0,5000000.0,10000000.0,5000000.0,2000000.0,15.176042088223392
2027,Water Supply System,"Rehabilitation of Water Supply System, Barangay Poblacion 1, Santa Maria, Isabela, 17.469815, 121.751574",Isabela 1st District Engineering Office,Isabela 1st District Engineering Office,50000000.0,435,5000000.0,5000000.0,10000000.0,5000000.0,2000000.0,15.176042088223392
2027,Water Supply System,"Construction of Water System, Oas, Albay",Albay 3rd District Engineering Office,Albay 3rd District Engineering Office,50000000.0,435,5000000.0,5000000.0,10000000.0,5000000.0,2000000.0,15.176042088223392
2027,Water Supply System,"Construction of Bangued Water Supply System, Barangay Sappaac, Barangay Maoay, Barangay Calot, Barangay San Antonio, and Barangay Sagap, Bangued, Abra",Abra District Engineering Office,Abra District Engineering Office,50000000.0,435,5000000.0,5000000.0,10000000.0,5000000.0,2000000.0,15.176042088223392
2027,BIP - Access Roads and/or Bridges from the National Roads leading to Major/ Strategic Public Buildings/ Facilities,"Construction of Tingloy Circumferential Road, Tingloy, Batangas – Sta. 4+523 – Sta. 4+900",Batangas 2nd District Engineering Office,Batangas 2nd District Engineering Office,145000000.0,3271,11000000.0,5000000.0,30000000.0,25000000.0,6000000.0,15.063626961643958
2027,BIP - Access Roads and/or Bridges from the National Roads leading to Major/ Strategic Public Buildings/ Facilities,"Construction of Apao, Tineg - Lan-ag Road, Sta. 0+000 - Sta. 5+000, Lacub, Abra",Abra District Engineering Office,Abra District Engineering Office,144039000.0,3271,11000000.0,5000000.0,30000000.0,25000000.0,6000000.0,14.955596025001125
2027,BIP - Access Roads and/or Bridges from the National Roads leading to Major/ Strategic Public Buildings/ Facilities,"Construction of Road, Lapid-Lapid to Masantong, Bongao, Tawi-Tawi",Regional Office IX BARMM,Regional Office IX BARMM,144000000.0,3271,11000000.0,5000000.0,30000000.0,25000000.0,6000000.0,14.951211835064527
2027,BIP - Access Roads and/or Bridges from the National Roads leading to Major/ Strategic Public Buildings/ Facilities,"Construction of Bacag - Lan-ag Road, Sta. 0+000 - Sta. 5+000, Lacub Abra",Abra District Engineering Office,Abra District Engineering Office,142837000.0,3271,11000000.0,5000000.0,30000000.0,25000000.0,6000000.0,14.820473042852646
2027,BIP - Access Roads and/or Bridges from the National Roads leading to Major/ Strategic Public Buildings/ Facilities,"Construction of Tamac, Villaviciosa - Dalit, Pilar Road, Sta. 0+000 - Sta. 4+000, Villaviciosa and Pilar, Abra",Abra District Engineering Office,Abra District Engineering Office,142256000.0,3271,11000000.0,5000000.0,30000000.0,25000000.0,6000000.0,14.755159854309996
2027,BIP - Access Roads and/or Bridges from the National Roads leading to Major/ Strategic Public Buildings/ Facilities,"Construction of Bridge along Alah River connecting Barangay Dajay and Barangay Moloy, Surallah, South Cotabato",South Cotabato 2nd District Engineering Office,South Cotabato 2nd District Engineering Office,142230000.0,3271,11000000.0,5000000.0,30000000.0,25000000.0,6000000.0,14.752237061018931
2027,BIP - Access Roads and/or Bridges from the National Roads leading to Major/ Strategic Public Buildings/ Facilities,"Construction of Tanagan-Napao Road, Bacacay, Albay",Albay 1st District Engineering Office,Albay 1st District Engineering Office,140580000.0,3271,11000000.0,5000000.0,30000000.0,25000000.0,6000000.0,14.566752102162868
2027,BIP - Access Roads and/or Bridges from the National Roads leading to Major/ Strategic Public Buildings/ Facilities,"Construction of Comagaycay-Alibuag Coastal Road, Barangay Comagaycay and Barangay Alibuag, San Andres, Catanduanes",Catanduanes District Engineering Office,Catanduanes District Engineering Office,140000000.0,3271,11000000.0,5000000.0,30000000.0,25000000.0,6000000.0,14.501551328746796
2027,BIP - Multi-Purpose Buildings/ Facilities to support Social Services,"Construction of Multi-Purpose Building including Facilities, Land Transportation Regional Office, Region 4A, Barangay Marawoy, Lipa City, Batangas (13.959513, 121.173809)",Batangas 4th District Engineering Office,Batangas 4th District Engineering Office,50000000.0,2773,7000000.0,5000000.0,10000000.0,5000000.0,2000000.0,14.501551328746796
2027,BIP - Multi-Purpose Buildings/ Facilities to support Social Services,"Construction of 3-Storey Multi-Purpose Building, Barangay Nanhaya, Victoria, Laguna (14.226847, 121.327885)",Laguna 3rd District Engineering Office,Laguna 3rd District Engineering Office,50000000.0,2773,7000000.0,5000000.0,10000000.0,5000000.0,2000000.0,14.501551328746796
2027,BIP - Multi-Purpose Buildings/ Facilities to support Social Services,"Construction of Multi-Purpose Building at Luis Francisco Subd., Barangay Veinte Reales, Valenzuela City, 14.721666, 120.968738",Metro Manila 3rd District Engineering Office,Metro Manila 3rd District Engineering Office,50000000.0,2773,7000000.0,5000000.0,10000000.0,5000000.0,2000000.0,14.501551328746796
2027,BIP - Multi-Purpose Buildings/ Facilities to support Social Services,"Construction of 2-Storey Multi-Purpose Building at Barangay Sta. Lucia, Quezon City 14.70714, 121.05333",Quezon City 1st District Engineering Office,Quezon City 1st District Engineering Office,50000000.0,2773,7000000.0,5000000.0,10000000.0,5000000.0,2000000.0,14.501551328746796
2027,BIP - Multi-Purpose Buildings/ Facilities to support Social Services,"Construction of Multi-Purpose Building, Bubong, Lanao del Sur",Regional Office X BARMM,Regional Office X BARMM,50000000.0,2773,7000000.0,5000000.0,10000000.0,5000000.0,2000000.0,14.501551328746796
2027,BIP - Multi-Purpose Buildings/ Facilities to support Social Services,"Construction of Malabuyoc Multipurpose Building at Brgy. Poblacion Dos, Malabuyoc, Cebu",Cebu 7th District Engineering Office,Cebu 7th District Engineering Office,50000000.0,2773,7000000.0,5000000.0,10000000.0,5000000.0,2000000.0,14.501551328746796
2027,BIP - Multi-Purpose Buildings/ Facilities to support Social Services,"Construction of Multi-Purpose Building, Barangay Sta. Monica, Floridablanca, Pampanga",Pampanga 2nd District Engineering Office,Pampanga 2nd District Engineering Office,50000000.0,2773,7000000.0,5000000.0,10000000.0,5000000.0,2000000.0,14.501551328746796
2027,BIP - Multi-Purpose Buildings/ Facilities to support Social Services,"Construction of Multi-Purpose Building, Barangay San Isidro, Floridablanca, Pampanga",Pampanga 2nd District Engineering Office,Pampanga 2nd District Engineering Office,50000000.0,2773,7000000.0,5000000.0,10000000.0,5000000.0,2000000.0,14.501551328746796
2027,BIP - Multi-Purpose Buildings/ Facilities to support Social Services,"Construction of Multi-Purpose Building at Barangay Lalakhan, Santa Maria, Bulacan",Bulacan 2nd District Engineering Office,Bulacan 2nd District Engineering Office,50000000.0,2773,7000000.0,5000000.0,10000000.0,5000000.0,2000000.0,14.501551328746796
2027,BIP - Multi-Purpose Buildings/ Facilities to support Social Services,"Construction (Completion) of Evacuation Center, Barangay Saog, Marilao, Bulacan",Bulacan 2nd District Engineering Office,Bulacan 2nd District Engineering Office,50000000.0,2773,7000000.0,5000000.0,10000000.0,5000000.0,2000000.0,14.501551328746796
2027,BIP - Multi-Purpose Buildings/ Facilities to support Social Services,"Construction (Completion) of Evacuation Center Pulong Sampaloc, DRT, Bulacan",Bulacan 3rd District Engineering Office,Bulacan 3rd District Engineering Office,50000000.0,2773,7000000.0,5000000.0,10000000.0,5000000.0,2000000.0,14.501551328746796
2027,BIP - Multi-Purpose Buildings/ Facilities to support Social Services,"Construction (Completion) of Multi-Purpose Building, Tourism Hub, Barangay Poblacion, Bocaue, Bulacan",Bulacan 1st District Engineering Office,Bulacan 1st District Engineering Office,50000000.0,2773,7000000.0,5000000.0,10000000.0,5000000.0,2000000.0,14.501551328746796
2027,BIP - Multi-Purpose Buildings/ Facilities to support Social Services,"Construction (Completion) of Multi-Purpose Building (BJMP), Barangay Batia, Bocaue, Bulacan",Bulacan 1st District Engineering Office,Bulacan 1st District Engineering Office,50000000.0,2773,7000000.0,5000000.0,10000000.0,5000000.0,2000000.0,14.501551328746796
2027,BIP - Multi-Purpose Buildings/ Facilities to support Social Services,"Construction (Completion) of Multi-Purpose Building, Barangay Sta. Lucia, Angat, Bulacan",Bulacan 2nd District Engineering Office,Bulacan 2nd District Engineering Office,50000000.0,2773,7000000.0,5000000.0,10000000.0,5000000.0,2000000.0,14.501551328746796
2027,BIP - Multi-Purpose Buildings/ Facilities to support Social Services,"Construction (Completion) of Carmen Multi-Purpose Building, Barangay Ising, Carmen, Davao del Norte",Davao del Norte 2nd District Engineering Office,Davao del Norte 2nd District Engineering Office,50000000.0,2773,7000000.0,5000000.0,10000000.0,5000000.0,2000000.0,14.501551328746796
2027,BIP - Multi-Purpose Buildings/ Facilities to support Social Services,"Construction (Completion) of Municipal Gymnasium Barangay Anyatam, San Ildefonso, Bulacan",Bulacan 3rd District Engineering Office,Bulacan 3rd District Engineering Office,50000000.0,2773,7000000.0,5000000.0,10000000.0,5000000.0,2000000.0,14.501551328746796
2027,BIP - Multi-Purpose Buildings/ Facilities to support Social Services,"Construction of Multi-Purpose Building at Barangay 628, Manila City (14.59981143, 121.00912677)",North Manila District Engineering Office,North Manila District Engineering Office,50000000.0,2773,7000000.0,5000000.0,10000000.0,5000000.0,2000000.0,14.501551328746796
2027,BIP - Multi-Purpose Buildings/ Facilities to support Social Services,"Construction of Bangued Multi-Purpose Building, Calaba, Bangued, Abra",Abra District Engineering Office,Abra District Engineering Office,50000000.0,2773,7000000.0,5000000.0,10000000.0,5000000.0,2000000.0,14.501551328746796
2027,BIP - Multi-Purpose Buildings/ Facilities to support Social Services,"Construction of Pidigan Multi-Purpose Building, Pidigan, Abra",Abra District Engineering Office,Abra District Engineering Office,50000000.0,2773,7000000.0,5000000.0,10000000.0,5000000.0,2000000.0,14.501551328746796
2027,BIP - Multi-Purpose Buildings/ Facilities to support Social Services,"Construction of Dep-Ed's Division Office, Barangay Military Cut-Off, Baguio City",Baguio City District Engineering Office,Baguio City District Engineering Office,50000000.0,2773,7000000.0,5000000.0,10000000.0,5000000.0,2000000.0,14.501551328746796
2027,BIP - Multi-Purpose Buildings/ Facilities to support Social Services,"Construction of Multi-Purpose Building, Barangay Digumased, Dinapigue, Isabela",Isabela 4th District Engineering Office,Isabela 4th District Engineering Office,50000000.0,2773,7000000.0,5000000.0,10000000.0,5000000.0,2000000.0,14.501551328746796
2027,BIP - Multi-Purpose Buildings/ Facilities to support Social Services,"Construction of Multi-Purpose Building, Barangay Cullalabo Del Sur, Burgos, Isabela",Isabela 2nd District Engineering Office,Isabela 2nd District Engineering Office,50000000.0,2773,7000000.0,5000000.0,10000000.0,5000000.0,2000000.0,14.501551328746796
2027,BIP - Multi-Purpose Buildings/ Facilities to support Social Services,"Construction of Multi-Purpose Building, Barangay Luna, Quirino, Isabela",Isabela 2nd District Engineering Office,Isabela 2nd District Engineering Office,50000000.0,2773,7000000.0,5000000.0,10000000.0,5000000.0,2000000.0,14.501551328746796
2027,BIP - Multi-Purpose Buildings/ Facilities to support Social Services,"Construction of Multi-Purpose Building, Naval Station Leovigildo Gantioqui (NSLG) (Multi-Purpose Hall), San Miguel, San Antonio, Zambales 14.959169, 120.069629",Zambales 1st District Engineering Office,Zambales 1st District Engineering Office,50000000.0,2773,7000000.0,5000000.0,10000000.0,5000000.0,2000000.0,14.501551328746796
2027,BIP - Multi-Purpose Buildings/ Facilities to support Social Services,"Construction of Multi-Purpose Building, Timbao, Biñan",Laguna 2nd District Engineering Office,Laguna 2nd District Engineering Office,50000000.0,2773,7000000.0,5000000.0,10000000.0,5000000.0,2000000.0,14.501551328746796
2027,BIP - Multi-Purpose Buildings/ Facilities to support Social Services,"Construction of Multi-Purpose Building, Barangay Market Area, City of Santa Rosa, Laguna",Laguna 2nd District Engineering Office,Laguna 2nd District Engineering Office,50000000.0,2773,7000000.0,5000000.0,10000000.0,5000000.0,2000000.0,14.501551328746796
2027,BIP - Multi-Purpose Buildings/ Facilities to support Social Services,"Construction of Multi-Purpose Building, Barangay Kanluran, City of Santa Rosa, Laguna",Laguna 2nd District Engineering Office,Laguna 2nd District Engineering Office,50000000.0,2773,7000000.0,5000000.0,10000000.0,5000000.0,2000000.0,14.501551328746796
2027,BIP - Multi-Purpose Buildings/ Facilities to support Social Services,"Construction of Multi-Purpose Building (PUP-Santa Rosa) Barangay Tagapo, City of Santa Rosa, Laguna",Laguna 2nd District Engineering Office,Laguna 2nd District Engineering Office,50000000.0,2773,7000000.0,5000000.0,10000000.0,5000000.0,2000000.0,14.501551328746796
2027,BIP - Multi-Purpose Buildings/ Facilities to support Social Services,"Construction of Malabuyoc Multi-Purpose Building, Malabuyoc, Cebu",Cebu 7th District Engineering Office,Cebu 7th District Engineering Office,50000000.0,2773,7000000.0,5000000.0,10000000.0,5000000.0,2000000.0,14.501551328746796
2027,BIP - Multi-Purpose Buildings/ Facilities to support Social Services,"Construction of Multi-Purpose Building, Barangay Poblacion, Oslob, Cebu",Cebu 2nd District Engineering Office,Cebu 2nd District Engineering Office,50000000.0,2773,7000000.0,5000000.0,10000000.0,5000000.0,2000000.0,14.501551328746796
2027,BIP - Multi-Purpose Buildings/ Facilities to support Social Services,"Construction of Multi- Purpose Building, Barangay Guadalupe, Cebu City, Cebu",Cebu City District Engineering Office,Cebu City District Engineering Office,50000000.0,2773,7000000.0,5000000.0,10000000.0,5000000.0,2000000.0,14.501551328746796
2027,BIP - Multi-Purpose Buildings/ Facilities to support Social Services,"Construction of Multi- Purpose Building, Barangay Cogon Pardo, Cebu City, Cebu",Cebu City District Engineering Office,Cebu City District Engineering Office,50000000.0,2773,7000000.0,5000000.0,10000000.0,5000000.0,2000000.0,14.501551328746796
2027,BIP - Multi-Purpose Buildings/ Facilities to support Social Services,"Construction of Multi-Purpose Building - Provincial Capitol, Barangay Calumpang, Naval, Biliran (124.409201°, 11.566649°)",Biliran District Engineering Office,Biliran District Engineering Office,50000000.0,2773,7000000.0,5000000.0,10000000.0,5000000.0,2000000.0,14.501551328746796
2027,BIP - Multi-Purpose Buildings/ Facilities to support Social Services,"Construction of Concrete Road, Sta. 0+130 - Sta. 1+630, Barangay Liberty, Ormoc City, Leyte",Leyte 4th District Engineering Office,Leyte 4th District Engineering Office,50000000.0,2773,7000000.0,5000000.0,10000000.0,5000000.0,2000000.0,14.501551328746796
2027,BIP - Multi-Purpose Buildings/ Facilities to support Social Services,"Construction of Multi-Purpose Building & facilities, Sitio Pungkay, Barangay Patag, Ormoc City, Leyte (11.042047, 124.654852)",Leyte 4th District Engineering Office,Leyte 4th District Engineering Office,50000000.0,2773,7000000.0,5000000.0,10000000.0,5000000.0,2000000.0,14.501551328746796
2027,BIP - Multi-Purpose Buildings/ Facilities to support Social Services,"Construction of Multi-Purpose Building (ZPPSU) in Barangay Mabini, Malangas, Zamboanga Sibugay",Zamboanga Sibugay 1st District Engineering Office,Zamboanga Sibugay 1st District Engineering Office,50000000.0,2773,7000000.0,5000000.0,10000000.0,5000000.0,2000000.0,14.501551328746796
2027,BIP - Multi-Purpose Buildings/ Facilities to support Social Services,"Construction of Multi-Purpose Building in Pandilusan Island, Payao, Zamboanga Sibugay",Zamboanga Sibugay 1st District Engineering Office,Zamboanga Sibugay 1st District Engineering Office,50000000.0,2773,7000000.0,5000000.0,10000000.0,5000000.0,2000000.0,14.501551328746796
2027,BIP - Multi-Purpose Buildings/ Facilities to support Social Services,"Construction of Multi-Purpose Building (Gymnasium), Brgy. Poblacion, Ipil, Zamboanga Sibugay",Zamboanga Sibugay 2nd District Engineering Office,Zamboanga Sibugay 2nd District Engineering Office,50000000.0,2773,7000000.0,5000000.0,10000000.0,5000000.0,2000000.0,14.501551328746796
2027,BIP - Multi-Purpose Buildings/ Facilities to support Social Services,"Construction of Multi-Purpose Building (Barangay Hall), Barangay Nagbayan, Castillejos, Zambales (14.935136, 120.159188)",Zambales 2nd District Engineering Office,Zambales 2nd District Engineering Office,50000000.0,2773,7000000.0,5000000.0,10000000.0,5000000.0,2000000.0,14.501551328746796
2027,BIP - Multi-Purpose Buildings/ Facilities to support Social Services,"Construction of Multi-Purpose Building in Brgy. Lapirawan, Alicia, Zamboanga Sibugay",Zamboanga Sibugay 1st District Engineering Office,Zamboanga Sibugay 1st District Engineering Office,50000000.0,2773,7000000.0,5000000.0,10000000.0,5000000.0,2000000.0,14.501551328746796
2027,BIP - Multi-Purpose Buildings/ Facilities to support Social Services,"Construction (Completion) of Multi-Purpose Building, Barangay Poblacion, Monkayo, Davao de Oro",Davao de Oro 2nd District Engineering Office,Davao de Oro 2nd District Engineering Office,50000000.0,2773,7000000.0,5000000.0,10000000.0,5000000.0,2000000.0,14.501551328746796
2027,BIP - Multi-Purpose Buildings/ Facilities to support Social Services,"Construction (Completion) of Multi-Purpose Building, Purok 18, Ising, Carmen, Davao del Norte",Davao del Norte 2nd District Engineering Office,Davao del Norte 2nd District Engineering Office,50000000.0,2773,7000000.0,5000000.0,10000000.0,5000000.0,2000000.0,14.501551328746796
2027,BIP - Multi-Purpose Buildings/ Facilities to support Social Services,"Construction of Moalboal Multi-Purpose Building, Moalboal, Cebu",Cebu 7th District Engineering Office,Cebu 7th District Engineering Office,50000000.0,2773,7000000.0,5000000.0,10000000.0,5000000.0,2000000.0,14.501551328746796
2027,BIP - Multi-Purpose Buildings/ Facilities to support Social Services,"Construction (Completion) of Multi-Purpose Building, Barangay Germinal, Bolinao, Pangasinan",Pangasinan 1st District Engineering Office,Pangasinan 1st District Engineering Office,50000000.0,2773,7000000.0,5000000.0,10000000.0,5000000.0,2000000.0,14.501551328746796
2027,BIP - Multi-Purpose Buildings/ Facilities to support Social Services,"Construction (Completion) of Multi-Purpose Building at Barangay San Gabriel, San Pablo City, Laguna",Laguna 3rd District Engineering Office,Laguna 3rd District Engineering Office,50000000.0,2773,7000000.0,5000000.0,10000000.0,5000000.0,2000000.0,14.501551328746796
2027,BIP - Multi-Purpose Buildings/ Facilities to support Social Services,"Construction of Multi-Purpose Building (Senior Citizens Center), Barangay Darasa, Tanauan, Batangas",Batangas 3rd District Engineering Office,Batangas 3rd District Engineering Office,50000000.0,2773,7000000.0,5000000.0,10000000.0,5000000.0,2000000.0,14.501551328746796
2027,BIP - Multi-Purpose Buildings/ Facilities to support Social Services,"Construction of Multi-Purpose Building (City Hall), Lopez, Quezon",Quezon 4th District Engineering Office,Quezon 4th District Engineering Office,50000000.0,2773,7000000.0,5000000.0,10000000.0,5000000.0,2000000.0,14.501551328746796
2027,BIP - Multi-Purpose Buildings/ Facilities to support Social Services,"Construction (Completion) of Multi-Purpose Building, Bliss Site, Cawayan, New Washington, Aklan",Aklan District Engineering Office,Aklan District Engineering Office,50000000.0,2773,7000000.0,5000000.0,10000000.0,5000000.0,2000000.0,14.501551328746796
2027,BIP - Multi-Purpose Buildings/ Facilities to support Social Services,"Construction of Multi-Purpose Building in the Municipality of Virac, Catanduanes",Catanduanes District Engineering Office,Catanduanes District Engineering Office,50000000.0,2773,7000000.0,5000000.0,10000000.0,5000000.0,2000000.0,14.501551328746796
2027,BIP - Multi-Purpose Buildings/ Facilities to support Social Services,"Construction of Multi-Purpose Building, Barangay Tumbao, Mangudadatu, Maguindanao del Sur",Regional Office XII BARMM,Regional Office XII BARMM,50000000.0,2773,7000000.0,5000000.0,10000000.0,5000000.0,2000000.0,14.501551328746796
2027,BIP - Multi-Purpose Buildings/ Facilities to support Social Services,"Construction of Multi-Purpose Building, Calabanga, Camarines Sur",Camarines Sur 3rd District Engineering Office,Camarines Sur 3rd District Engineering Office,50000000.0,2773,7000000.0,5000000.0,10000000.0,5000000.0,2000000.0,14.501551328746796
2027,BIP - Multi-Purpose Buildings/ Facilities to support Social Services,"Construction of Multi-Purpose Building, San Juan, La Union",La Union 1st District Engineering Office,La Union 1st District Engineering Office,50000000.0,2773,7000000.0,5000000.0,10000000.0,5000000.0,2000000.0,14.501551328746796
2027,BIP - Multi-Purpose Buildings/ Facilities to support Social Services,"Construction (Completion) of Multi-Purpose Building, NISU, Barangay Anoring, Sara, Iloilo",Iloilo 3rd District Engineering Office,Iloilo 3rd District Engineering Office,50000000.0,2773,7000000.0,5000000.0,10000000.0,5000000.0,2000000.0,14.501551328746796
2027,BIP - Multi-Purpose Buildings/ Facilities to support Social Services,"Rehabilitation of Multi-Purpose Building, Barangay Gomez, Lopez, Quezon",Quezon 4th District Engineering Office,Quezon 4th District Engineering Office,50000000.0,2773,7000000.0,5000000.0,10000000.0,5000000.0,2000000.0,14.501551328746796
2027,BIP - Multi-Purpose Buildings/ Facilities to support Social Services,"Construction of Multi-Purpose Building, Barangay Caingin, City of Santa Rosa. Laguna",Laguna 2nd District Engineering Office,Laguna 2nd District Engineering Office,50000000.0,2773,7000000.0,5000000.0,10000000.0,5000000.0,2000000.0,14.501551328746796
2027,BIP - Multi-Purpose Buildings/ Facilities to support Social Services,"Construction of Multi-Purpose Building at Barangay Lewin, Lumban, Laguna",Laguna 1st District Engineering Office,Laguna 1st District Engineering Office,50000000.0,2773,7000000.0,5000000.0,10000000.0,5000000.0,2000000.0,14.501551328746796
2027,BIP - Multi-Purpose Buildings/ Facilities to support Social Services,"Construction of Multi-Purpose Building (Sorting Facility), Barangay Naugsol, Zambales ( 14.9156718, 120.2806113)",Zambales 2nd District Engineering Office,Zambales 2nd District Engineering Office,50000000.0,2773,7000000.0,5000000.0,10000000.0,5000000.0,2000000.0,14.501551328746796
2027,BIP - Multi-Purpose Buildings/ Facilities to support Social Services,"Construction (Completion) of Multi-Purpose Building (BPO Building), Barangay Poblacion, Buluan, Maguindanao del Sur",Regional Office XII BARMM,Regional Office XII BARMM,50000000.0,2773,7000000.0,5000000.0,10000000.0,5000000.0,2000000.0,14.501551328746796
2027,BIP - Multi-Purpose Buildings/ Facilities to support Social Services,"Construction of Multi-Purpose Building (Senior Citizens Center), Aliaga, Nueva Ecija",Nueva Ecija 1st District Engineering Office,Nueva Ecija 1st District Engineering Office,50000000.0,2773,7000000.0,5000000.0,10000000.0,5000000.0,2000000.0,14.501551328746796
2027,BIP - Multi-Purpose Buildings/ Facilities to support Social Services,"Construction of Multi-Purpose Building (Office Building), Barangay San Nicolas, Castillejos, Zambales (14.915088, 120.201298)",Zambales 2nd District Engineering Office,Zambales 2nd District Engineering Office,50000000.0,2773,7000000.0,5000000.0,10000000.0,5000000.0,2000000.0,14.501551328746796
2027,BIP - Multi-Purpose Buildings/ Facilities to support Social Services,"Construction of Multi-purpose Building, Barangay San Roque, Iriga City, Camarines Sur",Camarines Sur 5th District Engineering Office,Camarines Sur 5th District Engineering Office,50000000.0,2773,7000000.0,5000000.0,10000000.0,5000000.0,2000000.0,14.501551328746796
2027,BIP - Multi-Purpose Buildings/ Facilities to support Social Services,"Construction of Multi-Purpose Building, Old Barangay Hall, Barangay Sto. Niño, Marikina City",Metro Manila 1st District Engineering Office,Metro Manila 1st District Engineering Office,50000000.0,2773,7000000.0,5000000.0,10000000.0,5000000.0,2000000.0,14.501551328746796
2027,Retrofitting/ Strengthening of Permanent Bridges,Lilo-an Steel Br. (B00617LT) along Maharlika Highway (LT),Southern Leyte 2nd District Engineering Office,Southern Leyte 2nd District Engineering Office,147000000.0,111,13524000.0,8454000.0,20000000.0,11546000.0,6324000.0,14.235978591381723
2027,BIP - Access Roads and/or Bridges from the National Roads leading to Major/ Strategic Public Buildings/ Facilities,"Construction of Monkayo, Compostela Valley - Veruela Road, Barangay Awao, Monkayo - Barangay Kidawa, Laak Section, Davao de Oro",Davao de Oro 2nd District Engineering Office,Davao de Oro 2nd District Engineering Office,136000000.0,3271,11000000.0,5000000.0,30000000.0,25000000.0,6000000.0,14.051890822429066
2027,BIP - Access Roads and/or Bridges from the National Roads leading to Major/ Strategic Public Buildings/ Facilities,"Construction of San Fernando Road, San Fernando, Sta Cruz, Zambales Sta. 0+000.00 - Sta. 1+500.00",Zambales 1st District Engineering Office,Zambales 1st District Engineering Office,135000000.0,3271,11000000.0,5000000.0,30000000.0,25000000.0,6000000.0,13.939475695849634
2027,BIP - Access Roads and/or Bridges from the National Roads leading to Major/ Strategic Public Buildings/ Facilities,"Upgrading of Road & Drainage along A. Francisco St. from Tejeron St. to Peralta Creek, Manila City",South Manila District Engineering Office,South Manila District Engineering Office,135000000.0,3271,11000000.0,5000000.0,30000000.0,25000000.0,6000000.0,13.939475695849634
2027,Buildings And Other Structures,"Construction of 10-Storey Department of Migrant Workers (DMW) Building, Agham Building Project, Quezon City",Quezon City 1st District Engineering Office,Quezon City 1st District Engineering Office,500000000.0,199,25000000.0,5000000.0,95000000.0,90000000.0,23000000.0,13.929700467451422
2027,BIP - Multi-Purpose Buildings/ Facilities to support Social Services,"Construction of Junji Multi-Purpose Building with Elevated Basketball Court at Barangay Kaligayahan, Quezon City 14.731650, 121.049834",Quezon City 1st District Engineering Office,Quezon City 1st District Engineering Office,48000000.0,2773,7000000.0,5000000.0,10000000.0,5000000.0,2000000.0,13.8270605692702
2027,BIP - Multi-Purpose Buildings/ Facilities to support Social Services,"Construction of Multi-Purpose Building (Disaster Operations Center) Del Nacia Village 1, Barangay Tandang Sora, Quezon City, 14.67966, 121.03367",Quezon City 1st District Engineering Office,Quezon City 1st District Engineering Office,48000000.0,2773,7000000.0,5000000.0,10000000.0,5000000.0,2000000.0,13.8270605692702
2027,BIP - Multi-Purpose Buildings/ Facilities to support Social Services,"Construction of Multi-Purpose Building at La Mesa Heights, Quezon City 14.727520, 121.070721",Quezon City 1st District Engineering Office,Quezon City 1st District Engineering Office,48000000.0,2773,7000000.0,5000000.0,10000000.0,5000000.0,2000000.0,13.8270605692702
2027,BIP - Multi-Purpose Buildings/ Facilities to support Social Services,"Construction of Multi-Purpose Building (EOD Barracks), Manila",South Manila District Engineering Office,South Manila District Engineering Office,47810000.0,2773,7000000.0,5000000.0,10000000.0,5000000.0,2000000.0,13.762983947119924
2027,BIP - Multi-Purpose Buildings/ Facilities to support Social Services,"Construction of Multi-Purpose Building in Padre Garcia, Batangas",Batangas 4th District Engineering Office,Batangas 4th District Engineering Office,47520000.0,2773,7000000.0,5000000.0,10000000.0,5000000.0,2000000.0,13.665182786995818
2027,BIP - Access Roads and/or Bridges from the National Roads leading to Major/ Strategic Public Buildings/ Facilities,"Construction of Esperanza - Lebak Bypass Road, Sta. 26 + 191 -Sta. 29 + 841, Esperanza, Sultan Kudarat",Sultan Kudarat 2nd District Engineering Office,Sultan Kudarat 2nd District Engineering Office,131400000.0,3271,11000000.0,5000000.0,30000000.0,25000000.0,6000000.0,13.534781240163676
2027,Construction/ Maintenance of Flood Mitigation Structures and Drainage Systems,Construction of Drainage along Taft Ave S02958LZ K0004 + (-330) - K0003 + 875,South Manila District Engineering Office,South Manila District Engineering Office,575000000.0,1071,32500000.0,10000000.0,93000000.0,83000000.0,27064000.0,13.52022010848555
2027,Water Supply System,"Improvement of Danao Waterworks System, Barangay Concepcion, Danao, Bohol",Bohol 2nd District Engineering Office,Bohol 2nd District Engineering Office,45000000.0,435,5000000.0,5000000.0,10000000.0,5000000.0,2000000.0,13.489815189531903
2027,BIP - Access Roads and/or Bridges from the National Roads leading to Major/ Strategic Public Buildings/ Facilities,"Construction of Ambalatungan Bridge and Approach, Barangay Ambalatungan, Santiago City",Isabela 4th District Engineering Office,Isabela 4th District Engineering Office,130000000.0,3271,11000000.0,5000000.0,30000000.0,25000000.0,6000000.0,13.377400062952471
2027,BIP - Access Roads and/or Bridges from the National Roads leading to Major/ Strategic Public Buildings/ Facilities,"Construction of Poloy-Poloy to Keytodac Road, Sta. 3 + 800 - Sta. 6 + 740, Barangay Keytodac, Lebak, Sultan Kudarat",Sultan Kudarat 2nd District Engineering Office,Sultan Kudarat 2nd District Engineering Office,130000000.0,3271,11000000.0,5000000.0,30000000.0,25000000.0,6000000.0,13.377400062952471
2027,BIP - Access Roads and/or Bridges from the National Roads leading to Major/ Strategic Public Buildings/ Facilities,"Construction of Road, Barangay Fatima, San Pedro City, Laguna",Laguna 2nd District Engineering Office,Laguna 2nd District Engineering Office,130000000.0,3271,11000000.0,5000000.0,30000000.0,25000000.0,6000000.0,13.377400062952471
2027,BIP - Access Roads and/or Bridges from the National Roads leading to Major/ Strategic Public Buildings/ Facilities,"Construction of Concrete Road from Barangay Darumawang Ilaya - Barangay Matampay Ilaya, Sta. 0+000 - Sta. 3+800, Lala, Lanao del Norte",Lanao del Norte 2nd District Engineering Office,Lanao del Norte 2nd District Engineering Office,129248000.0,3271,11000000.0,5000000.0,30000000.0,25000000.0,6000000.0,13.292863887764737
2027,BIP - Access Roads and/or Bridges from the National Roads leading to Major/ Strategic Public Buildings/ Facilities,"Construction of San Miguel Island Circumferential Road, Tabaco City, Albay",Albay 1st District Engineering Office,Albay 1st District Engineering Office,128920000.0,3271,11000000.0,5000000.0,30000000.0,25000000.0,6000000.0,13.255991726246684
2027,BIP - Access Roads and/or Bridges from the National Roads leading to Major/ Strategic Public Buildings/ Facilities,Construction of Caranan Coastal Road - 427+230 - 432+275,Camarines Sur 2nd District Engineering Office,Camarines Sur 2nd District Engineering Office,128208000.0,3271,11000000.0,5000000.0,30000000.0,25000000.0,6000000.0,13.175952156122127
2027,BIP - Multi-Purpose Buildings/ Facilities to support Social Services,"Construction (Completion) of Evacuation Center at Barangay City Camp Proper, Baguio City",Baguio City District Engineering Office,Baguio City District Engineering Office,46000000.0,2773,7000000.0,5000000.0,10000000.0,5000000.0,2000000.0,13.152569809793606
2027,Construction/ Maintenance of Flood Mitigation Structures and Drainage Systems,Construction of Drainage along Taft Ave S02953LZ K0002 + (-597) - K0003 + 505,South Manila District Engineering Office,South Manila District Engineering Office,553200000.0,1071,32500000.0,10000000.0,93000000.0,83000000.0,27064000.0,12.976919097674516
2027,Rehabilitation/ Major Repair of Permanent Bridges,Carmen Br. (B00322MN) along Bukidnon-Cotabato Rd,Cotabato 3rd District Engineering Office,Cotabato 3rd District Engineering Office,100000000.0,269,7800000.0,4000000.0,15000000.0,11000000.0,4800000.0,12.9558433382796
2027,BIP - Access Roads and/or Bridges from the National Roads leading to Major/ Strategic Public Buildings/ Facilities,"Construction of Road, Naburacan - Santa Isabel Road, Matnog, Sorsogon",Sorsogon 2nd District Engineering Office,Sorsogon 2nd District Engineering Office,126000000.0,3271,11000000.0,5000000.0,30000000.0,25000000.0,6000000.0,12.92773955663474
2027,BIP - Access Roads and/or Bridges from the National Roads leading to Major/ Strategic Public Buildings/ Facilities,"Construction of Road, Barangay Manipis - Junction Linao - Cantabaco, Talisay City, Cebu",Cebu 1st District Engineering Office,Cebu 1st District Engineering Office,125000000.0,3271,11000000.0,5000000.0,30000000.0,25000000.0,6000000.0,12.815324430055309
2027,BIP - Access Roads and/or Bridges from the National Roads leading to Major/ Strategic Public Buildings/ Facilities,"Improvement of Road Lipa City-Padre Garcia Diversion Road (Talisay-Sto. Niño Section), Lipa City, Batangas",Batangas 4th District Engineering Office,Batangas 4th District Engineering Office,125000000.0,3271,11000000.0,5000000.0,30000000.0,25000000.0,6000000.0,12.815324430055309
2027,BIP - Access Roads and/or Bridges from the National Roads leading to Major/ Strategic Public Buildings/ Facilities,"Improvement of Road Lipa City-Padre Garcia Diversion Road (Sto. Niño-Malitlit Section), Lipa City, Batangas",Batangas 4th District Engineering Office,Batangas 4th District Engineering Office,125000000.0,3271,11000000.0,5000000.0,30000000.0,25000000.0,6000000.0,12.815324430055309
2027,BIP - Access Roads and/or Bridges from the National Roads leading to Major/ Strategic Public Buildings/ Facilities,"Improvement of Road Lipa City-Padre Garcia Diversion Road (Malitlit-San Celestino Section), Lipa City, Batangas",Batangas 4th District Engineering Office,Batangas 4th District Engineering Office,125000000.0,3271,11000000.0,5000000.0,30000000.0,25000000.0,6000000.0,12.815324430055309
2027,BIP - Access Roads and/or Bridges from the National Roads leading to Major/ Strategic Public Buildings/ Facilities,"Improvement of Road Lipa City-Padre Garcia Diversion Road (San Celestino-San Francisco-Pansol Section), Batangas",Batangas 4th District Engineering Office,Batangas 4th District Engineering Office,125000000.0,3271,11000000.0,5000000.0,30000000.0,25000000.0,6000000.0,12.815324430055309
2027,BIP - Multi-Purpose Buildings/ Facilities to support Social Services,"Construction of Multi-Purpose Facility, White Island Entry Point, Barangay Yumbing, Mambajao, Camiguin (9.242991, 124.6611771)",Camiguin District Engineering Office,Camiguin District Engineering Office,45000000.0,2773,7000000.0,5000000.0,10000000.0,5000000.0,2000000.0,12.815324430055309
2027,BIP - Multi-Purpose Buildings/ Facilities to support Social Services,"Construction of Multi-Purpose Building, Barangay Poblacion, Santa Fe, Romblon",Romblon District Engineering Office,Romblon District Engineering Office,45000000.0,2773,7000000.0,5000000.0,10000000.0,5000000.0,2000000.0,12.815324430055309
2027,BIP - Multi-Purpose Buildings/ Facilities to support Social Services,"Completion of Multi-Purpose Building at Midtown Subdivision, Barangay San Roque, Marikina City, 14.6218670450185, 121.101166443051",Metro Manila 1st District Engineering Office,Metro Manila 1st District Engineering Office,45000000.0,2773,7000000.0,5000000.0,10000000.0,5000000.0,2000000.0,12.815324430055309
2027,BIP - Multi-Purpose Buildings/ Facilities to support Social Services,"Construction (Completion) of Paombong Gymnasium San Roque, Paombong, Bulacan",Bulacan 1st District Engineering Office,Bulacan 1st District Engineering Office,45000000.0,2773,7000000.0,5000000.0,10000000.0,5000000.0,2000000.0,12.815324430055309
2027,BIP - Multi-Purpose Buildings/ Facilities to support Social Services,"Construction of Multi-Purpose Building (Event Hall Complex) Barangay Sun Valley, Parañaque City",Metro Manila 2nd District Engineering Office,Metro Manila 2nd District Engineering Office,45000000.0,2773,7000000.0,5000000.0,10000000.0,5000000.0,2000000.0,12.815324430055309
2027,BIP - Multi-Purpose Buildings/ Facilities to support Social Services,"Construction of Multi-Purpose Building at Palmera Homes, Barangay Sta. Monica, Quezon City, 14.710784, 121.047262",Quezon City 1st District Engineering Office,Quezon City 1st District Engineering Office,45000000.0,2773,7000000.0,5000000.0,10000000.0,5000000.0,2000000.0,12.815324430055309
2027,Replacement of Permanent Weak Bridges,Samal Br. (B00055LZ) along Roman Expressway,Bataan 1st District Engineering Office,Bataan 1st District Engineering Office,393450000.0,185,39858000.0,25000000.0,75000000.0,50000000.0,18616000.0,12.81126647103826
2027,BIP - Access Roads and/or Bridges from the National Roads leading to Major/ Strategic Public Buildings/ Facilities,"Construction of Langaton-San Pablo-Pongco-Bonga Road, Bacacay, Albay",Albay 1st District Engineering Office,Albay 1st District Engineering Office,124960000.0,3271,11000000.0,5000000.0,30000000.0,25000000.0,6000000.0,12.810827824992131
2027,BIP - Access Roads and/or Bridges from the National Roads leading to Major/ Strategic Public Buildings/ Facilities,"Improvement of Calabigan-Cagandungan Road, Barangay Calabigan and Cagandungan, Luna, Apayao",Apayao 2nd District Engineering Office,Apayao 2nd District Engineering Office,123000000.0,3271,11000000.0,5000000.0,30000000.0,25000000.0,6000000.0,12.590494176896444
2027,BIP - Multi-Purpose Buildings/ Facilities to support Social Services,"Construction of Multi-Purpose Building (Disaster Operations Center) Villa Lourdes, Barangay Culiat, Quezon City, 14.66839, 121.04608",Quezon City 1st District Engineering Office,Quezon City 1st District Engineering Office,44000000.0,2773,7000000.0,5000000.0,10000000.0,5000000.0,2000000.0,12.47807905031701
2027,BIP - Access Roads and/or Bridges from the National Roads leading to Major/ Strategic Public Buildings/ Facilities,"Construction of Road and Drainage, Barangay San Vicente, Biñan City, Laguna",Laguna 2nd District Engineering Office,Laguna 2nd District Engineering Office,121000000.0,3271,11000000.0,5000000.0,30000000.0,25000000.0,6000000.0,12.365663923737579
2027,BIP - Access Roads and/or Bridges from the National Roads leading to Major/ Strategic Public Buildings/ Facilities,"Construction of Road, Barangay Carriedo - Barangay San Ignacio, Gubat, Sorsogon",Sorsogon 2nd District Engineering Office,Sorsogon 2nd District Engineering Office,121000000.0,3271,11000000.0,5000000.0,30000000.0,25000000.0,6000000.0,12.365663923737579
2027,Rehabilitation/ Reconstruction/ Upgrading of Damaged Paved Roads - Primary Roads,Quirino H-way - K0248 + 738 - K0251 +(-511),Camarines Norte District Engineering Office,Camarines Norte District Engineering Office,265466000.0,116,18577000.0,8739000.0,59687250.0,50948250.0,13469500.0,12.363068348225035
2027,BIP - Access Roads and/or Bridges from the National Roads leading to Major/ Strategic Public Buildings/ Facilities,"Construction of Bacawan-Buhay na Tubig-Calima Road, Pola, Oriental Mindoro",Mindoro Oriental District Engineering Office,Mindoro Oriental District Engineering Office,120000000.0,3271,11000000.0,5000000.0,30000000.0,25000000.0,6000000.0,12.253248797158145
2027,BIP - Access Roads and/or Bridges from the National Roads leading to Major/ Strategic Public Buildings/ Facilities,"Construction of Punta - Open Canal Diversion Road, Pasong Kawayan I, Gen. Trias, Cavite",Cavite 1st District Engineering Office,Cavite 1st District Engineering Office,120000000.0,3271,11000000.0,5000000.0,30000000.0,25000000.0,6000000.0,12.253248797158145
2027,BIP - Access Roads and/or Bridges from the National Roads leading to Major/ Strategic Public Buildings/ Facilities,"Construction of Punta - Open Canal Diversion Road, Bridge 2, Gen. Trias, Cavite",Cavite 1st District Engineering Office,Cavite 1st District Engineering Office,120000000.0,3271,11000000.0,5000000.0,30000000.0,25000000.0,6000000.0,12.253248797158145
2027,BIP - Access Roads and/or Bridges from the National Roads leading to Major/ Strategic Public Buildings/ Facilities,"Construction of Punta - Open Canal Diversion Road, Tapia Section, General Trias City, Cavite",Cavite 1st District Engineering Office,Cavite 1st District Engineering Office,120000000.0,3271,11000000.0,5000000.0,30000000.0,25000000.0,6000000.0,12.253248797158145
2027,BIP - Access Roads and/or Bridges from the National Roads leading to Major/ Strategic Public Buildings/ Facilities,"Construction of Road Barangay Almacen-Saba, Hermosa, Bataan",Bataan 1st District Engineering Office,Bataan 1st District Engineering Office,120000000.0,3271,11000000.0,5000000.0,30000000.0,25000000.0,6000000.0,12.253248797158145
2027,BIP - Access Roads and/or Bridges from the National Roads leading to Major/ Strategic Public Buildings/ Facilities,"Construction of Desin Bridge, Brgy. Desin, Piñan, Zamboanga del Norte",Zamboanga del Norte 1st District Engineering Office,Zamboanga del Norte 1st District Engineering Office,120000000.0,3271,11000000.0,5000000.0,30000000.0,25000000.0,6000000.0,12.253248797158145
2027,BIP - Access Roads and/or Bridges from the National Roads leading to Major/ Strategic Public Buildings/ Facilities,"Construction of Tabuay Bridge, Barangay Banban, Mabinay, Negros Oriental (9.732931, 122.888303)",Negros Oriental 2nd District Engineering Office,Negros Oriental 2nd District Engineering Office,120000000.0,3271,11000000.0,5000000.0,30000000.0,25000000.0,6000000.0,12.253248797158145
2027,BIP - Access Roads and/or Bridges from the National Roads leading to Major/ Strategic Public Buildings/ Facilities,"Construction of Ilog Bridge, Barangay Arebasore, Mabinay, Negros Oriental (9.72945833, 122.87403611)",Negros Oriental 2nd District Engineering Office,Negros Oriental 2nd District Engineering Office,120000000.0,3271,11000000.0,5000000.0,30000000.0,25000000.0,6000000.0,12.253248797158145
2027,Widening of Permanent Bridges,Baliacao Parallel Br. along Maharlika Highway (LT),Leyte 5th District Engineering Office,Leyte 5th District Engineering Office,400000000.0,256,40000000.0,23150000.0,69000000.0,45850000.0,20000000.0,12.140833670578713
2027,BIP - Access Roads and/or Bridges from the National Roads leading to Major/ Strategic Public Buildings/ Facilities,"Construction of Road, Barangay Tigkiw, Gubat, Sorsogon - Barangay Santa Lourdes, Barcelona, Sorsogon",Sorsogon 2nd District Engineering Office,Sorsogon 2nd District Engineering Office,119000000.0,3271,11000000.0,5000000.0,30000000.0,25000000.0,6000000.0,12.140833670578713
2027,BIP - Access Roads and/or Bridges from the National Roads leading to Major/ Strategic Public Buildings/ Facilities,"Construction of Road, Barangay Guruyan, Juban, Sorsogon - Barangay Dolos, Bulan, Sorsogon",Sorsogon 2nd District Engineering Office,Sorsogon 2nd District Engineering Office,118000000.0,3271,11000000.0,5000000.0,30000000.0,25000000.0,6000000.0,12.02841854399928
2027,BIP - Multi-Purpose Buildings/ Facilities to support Social Services,"Construction of Multi-Purpose Building at Barangay Longos, Kalayaan, Laguna",Laguna 1st District Engineering Office,Laguna 1st District Engineering Office,42500000.0,2773,7000000.0,5000000.0,10000000.0,5000000.0,2000000.0,11.972210980709564
2027,BIP - Access Roads and/or Bridges from the National Roads leading to Major/ Strategic Public Buildings/ Facilities,"Construction of Road along Barangay Poloy-Poloy - Barangay Keytodac, Sta. 20 + 096 - Sta. 20 + 627, Sta. 20 + 762 - Sta. 23 + 881, Lebak, Sultan Kudarat",Sultan Kudarat 2nd District Engineering Office,Sultan Kudarat 2nd District Engineering Office,116800000.0,3271,11000000.0,5000000.0,30000000.0,25000000.0,6000000.0,11.893520392103962
2027,BIP - Access Roads and/or Bridges from the National Roads leading to Major/ Strategic Public Buildings/ Facilities,Construction of Minalabac-Cwc Road - K437 + 962 – K442 + 535,Camarines Sur 2nd District Engineering Office,Camarines Sur 2nd District Engineering Office,116264000.0,3271,11000000.0,5000000.0,30000000.0,25000000.0,6000000.0,11.833265884257386
2027,BIP - Access Roads and/or Bridges from the National Roads leading to Major/ Strategic Public Buildings/ Facilities,"Construction of Road, Barangay Bulawan, Irosin, Sorsogon - Barangay Bical, Bulan Sorsogon",Sorsogon 2nd District Engineering Office,Sorsogon 2nd District Engineering Office,116000000.0,3271,11000000.0,5000000.0,30000000.0,25000000.0,6000000.0,11.803588290840416
2027,Water Supply System,"Construction of Water Supply, Barangay Batiawan, Subic Zambales (14.931408, 120.411770)",Zambales 2nd District Engineering Office,Zambales 2nd District Engineering Office,40000000.0,435,5000000.0,5000000.0,10000000.0,5000000.0,2000000.0,11.803588290840416
2027,Water Supply System,"Construction of Licuan-Baay Water Supply System, Barangay Mapisla, Barangay Bulbulala, Barangay Nalbuan, and Barangay Subagan, Licuan-Baay, Abra",Abra District Engineering Office,Abra District Engineering Office,40000000.0,435,5000000.0,5000000.0,10000000.0,5000000.0,2000000.0,11.803588290840416
2027,Water Supply System,"Construction of Villaviciosa Water System, Laplapog, Poblacion, Lumaba, Ap-apaya, Villaviciosa Abra",Abra District Engineering Office,Abra District Engineering Office,40000000.0,435,5000000.0,5000000.0,10000000.0,5000000.0,2000000.0,11.803588290840416
2027,BIP - Access Roads and/or Bridges from the National Roads leading to Major/ Strategic Public Buildings/ Facilities,"Construction of Upper Lapu-Lapu Road, Barangay Poblacion, Narra, Palawan",Palawan 2nd District Engineering Office,Palawan 2nd District Engineering Office,115000000.0,3271,11000000.0,5000000.0,30000000.0,25000000.0,6000000.0,11.691173164260983
2027,BIP - Access Roads and/or Bridges from the National Roads leading to Major/ Strategic Public Buildings/ Facilities,"Rehabilitation of Roads within Zone 41 to 57 (P. Campa St., Fajardo Ext., Sobriedad St., Dimasalang St., Fajardo St., Maceda St., Dapitan St., Ma. Clara St., Conception St., Asturias St. and Navarra St.) Manila City",North Manila District Engineering Office,North Manila District Engineering Office,115000000.0,3271,11000000.0,5000000.0,30000000.0,25000000.0,6000000.0,11.691173164260983
2027,BIP - Multi-Purpose Buildings/ Facilities to support Social Services,"Construction of Multi-Purpose Building, Barangay District 3, San Manuel, Isabela",Isabela 2nd District Engineering Office,Isabela 2nd District Engineering Office,41500000.0,2773,7000000.0,5000000.0,10000000.0,5000000.0,2000000.0,11.634965600971267
2027,Rehabilitation/ Major Repair of Permanent Bridges,Colongolo Br. (B01040MN) along Surallah-Lake Sebu-Maitum Rd,South Cotabato 2nd District Engineering Office,South Cotabato 2nd District Engineering Office,90240000.0,269,7800000.0,4000000.0,15000000.0,11000000.0,4800000.0,11.584378794010522
2027,BIP - Access Roads and/or Bridges from the National Roads leading to Major/ Strategic Public Buildings/ Facilities,"Construction of Road, Sta. 0 + 000 - Sta. 5 + 700, Barangay Macatunao - Barangay Tambaliza, Concepcion, Iloilo",Iloilo 3rd District Engineering Office,Iloilo 3rd District Engineering Office,114000000.0,3271,11000000.0,5000000.0,30000000.0,25000000.0,6000000.0,11.57875803768155
2027,BIP - Access Roads and/or Bridges from the National Roads leading to Major/ Strategic Public Buildings/ Facilities,"Construction of Road Barangay Nagerong, Lazi, Siquijor (Segment 1: 0 + 000 - 1 + 700 Segment 2: 1 + 280 - 3 + 080)",Siquijor District Engineering Office,Siquijor District Engineering Office,114000000.0,3271,11000000.0,5000000.0,30000000.0,25000000.0,6000000.0,11.57875803768155
2027,Replacement of Permanent Weak Bridges,Carlos P. Romulo Br. (B00885LZ) along Camiling-Wawa-Bayambang-Malasiqui-Sta Barbara Rd,Pangasinan 4th District Engineering Office,Pangasinan 4th District Engineering Office,356047000.0,185,39858000.0,25000000.0,75000000.0,50000000.0,18616000.0,11.456089318228683
2027,BIP - Access Roads and/or Bridges from the National Roads leading to Major/ Strategic Public Buildings/ Facilities,"Rehabilitation of Matiway Road to Ateneo High School, Naga City, Camarines Sur",Camarines Sur 3rd District Engineering Office,Camarines Sur 3rd District Engineering Office,112500000.0,3271,11000000.0,5000000.0,30000000.0,25000000.0,6000000.0,11.410135347812401
2027,BIP - Access Roads and/or Bridges from the National Roads leading to Major/ Strategic Public Buildings/ Facilities,"Construction of Bridge, Barangay Imbiao, Roxas, Isabela",Isabela 2nd District Engineering Office,Isabela 2nd District Engineering Office,110000000.0,3271,11000000.0,5000000.0,30000000.0,25000000.0,6000000.0,11.12909753136382
2027,BIP - Multi-Purpose Buildings/ Facilities to support Social Services,"Construction of DICT Camiguin Provincial Office, Mambajao, Camiguin (124.725395, 9.244785)",Camiguin District Engineering Office,Camiguin District Engineering Office,40000000.0,2773,7000000.0,5000000.0,10000000.0,5000000.0,2000000.0,11.12909753136382
2027,BIP - Multi-Purpose Buildings/ Facilities to support Social Services,"Construction of Multi-Purpose Building (Barangay Hall) at Barangay Mabayuan, Olongapo City (14.843161128584889, 120.28195270004062)",Zambales 2nd District Engineering Office,Zambales 2nd District Engineering Office,40000000.0,2773,7000000.0,5000000.0,10000000.0,5000000.0,2000000.0,11.12909753136382
2027,BIP - Multi-Purpose Buildings/ Facilities to support Social Services,"Rehabilitation of Multi-Purpose Building (PGLU Motor Pool), Barangay Sevilla, San Juan, La Union",La Union 1st District Engineering Office,La Union 1st District Engineering Office,40000000.0,2773,7000000.0,5000000.0,10000000.0,5000000.0,2000000.0,11.12909753136382
2027,BIP - Multi-Purpose Buildings/ Facilities to support Social Services,"Construction (Completion) Multi-Purpose Building, Five Storey, beside the Mandaluyong City Medical Center Hall located at Martinez St., Barangay Addition Hills, Mandaluyong City",Metro Manila 1st District Engineering Office,Metro Manila 1st District Engineering Office,40000000.0,2773,7000000.0,5000000.0,10000000.0,5000000.0,2000000.0,11.12909753136382
2027,BIP - Multi-Purpose Buildings/ Facilities to support Social Services,"Construction of Multi-Purpose Building (Evacuation Center), Barangay Poblacion, Kapatagan, Lanao del Norte (123.77607°, 7.90121°)",Lanao del Norte 2nd District Engineering Office,Lanao del Norte 2nd District Engineering Office,40000000.0,2773,7000000.0,5000000.0,10000000.0,5000000.0,2000000.0,11.12909753136382
2027,BIP - Multi-Purpose Buildings/ Facilities to support Social Services,"Construction of Multi-Purpose Building-Lyceum Bldg., Barangay Sto.Rosario, Capas, Tarlac",Tarlac 2nd District Engineering Office,Tarlac 2nd District Engineering Office,40000000.0,2773,7000000.0,5000000.0,10000000.0,5000000.0,2000000.0,11.12909753136382
2027,BIP - Multi-Purpose Buildings/ Facilities to support Social Services,"Construction (Completion) of Multi-Purpose Building (Ancillary Faciliites), Barangay Paudpod, Botolan, Zambales (15, 2813, 120.0397)",Zambales 1st District Engineering Office,Zambales 1st District Engineering Office,40000000.0,2773,7000000.0,5000000.0,10000000.0,5000000.0,2000000.0,11.12909753136382
2027,BIP - Multi-Purpose Buildings/ Facilities to support Social Services,"Construction of Multi-Purpose Building in Barangay Kigay, Malangas, Zamboanga Sibugay",Zamboanga Sibugay 1st District Engineering Office,Zamboanga Sibugay 1st District Engineering Office,40000000.0,2773,7000000.0,5000000.0,10000000.0,5000000.0,2000000.0,11.12909753136382
2027,BIP - Multi-Purpose Buildings/ Facilities to support Social Services,"Construction of Multi-Purpose Building for Senior Citizens at Barangay Matangtubig, Baliwag, Bulacan",Bulacan 1st District Engineering Office,Bulacan 1st District Engineering Office,40000000.0,2773,7000000.0,5000000.0,10000000.0,5000000.0,2000000.0,11.12909753136382
2027,BIP - Multi-Purpose Buildings/ Facilities to support Social Services,"Construction of Multi-Purpose Building, Bataan Convention Center, Provincial Capitol Compound, Barangay San Jose, Balanga City, Bataan (14.674898, 120.529098)",Bataan 2nd District Engineering Office,Bataan 2nd District Engineering Office,40000000.0,2773,7000000.0,5000000.0,10000000.0,5000000.0,2000000.0,11.12909753136382
2027,BIP - Multi-Purpose Buildings/ Facilities to support Social Services,"Construction of Multi-Purpose Building, Barangay Masiit, Calauan, Laguna",Laguna 3rd District Engineering Office,Laguna 3rd District Engineering Office,40000000.0,2773,7000000.0,5000000.0,10000000.0,5000000.0,2000000.0,11.12909753136382
2027,BIP - Multi-Purpose Buildings/ Facilities to support Social Services,"Construction of Multi-Purpose Building, Barangay Elises, Gen. Mariano Alvarez, Cavite",Cavite 3rd District Engineering Office,Cavite 3rd District Engineering Office,40000000.0,2773,7000000.0,5000000.0,10000000.0,5000000.0,2000000.0,11.12909753136382
2027,BIP - Multi-Purpose Buildings/ Facilities to support Social Services,"Constuction of Multi-Purpose Building (Covered Court), Barangay San Agustin, Alaminos, Laguna",Laguna 3rd District Engineering Office,Laguna 3rd District Engineering Office,40000000.0,2773,7000000.0,5000000.0,10000000.0,5000000.0,2000000.0,11.12909753136382
2027,BIP - Multi-Purpose Buildings/ Facilities to support Social Services,"Construction of Multi-Purpose Building/ Evacuation Center, Barangay San Juan Molo, Iloilo City, Iloilo",Iloilo City District Engineering Office,Iloilo City District Engineering Office,40000000.0,2773,7000000.0,5000000.0,10000000.0,5000000.0,2000000.0,11.12909753136382
2027,BIP - Multi-Purpose Buildings/ Facilities to support Social Services,"Construction of Multi-Purpose Building/ Evacuation Center, Barangay Mcarthur, lapaz, Iloilo City, Iloilo",Iloilo City District Engineering Office,Iloilo City District Engineering Office,40000000.0,2773,7000000.0,5000000.0,10000000.0,5000000.0,2000000.0,11.12909753136382
2027,BIP - Multi-Purpose Buildings/ Facilities to support Social Services,"Construction of Siloy Man-made Lake Multi-Purpose Building, Calamba, Misamis Occidental",Misamis Occidental 1st District Engineering Office,Misamis Occidental 1st District Engineering Office,40000000.0,2773,7000000.0,5000000.0,10000000.0,5000000.0,2000000.0,11.12909753136382
2027,BIP - Multi-Purpose Buildings/ Facilities to support Social Services,"Construction of Multi-Purpose Building, Barangay Centro, Cabagan, Isabela, 17.427314, 121.765396",Isabela 1st District Engineering Office,Isabela 1st District Engineering Office,40000000.0,2773,7000000.0,5000000.0,10000000.0,5000000.0,2000000.0,11.12909753136382
2027,BIP - Multi-Purpose Buildings/ Facilities to support Social Services,"Construction of Multi-Purpose Building/ Evacuation Center, Barangay West Timawa, City Proper, Iloilo City, Iloilo",Iloilo City District Engineering Office,Iloilo City District Engineering Office,40000000.0,2773,7000000.0,5000000.0,10000000.0,5000000.0,2000000.0,11.12909753136382
2027,BIP - Multi-Purpose Buildings/ Facilities to support Social Services,"Construction of Multi-Purpose Building, Saniboy St., Barangay Hulo, Mandaluyong City",Metro Manila 1st District Engineering Office,Metro Manila 1st District Engineering Office,40000000.0,2773,7000000.0,5000000.0,10000000.0,5000000.0,2000000.0,11.12909753136382
2027,BIP - Multi-Purpose Buildings/ Facilities to support Social Services,"Construction Multi-Purpose Building, Nangka Barangay Hall Extension, Barangay Nangka, Marikina City",Metro Manila 1st District Engineering Office,Metro Manila 1st District Engineering Office,40000000.0,2773,7000000.0,5000000.0,10000000.0,5000000.0,2000000.0,11.12909753136382
2027,BIP - Multi-Purpose Buildings/ Facilities to support Social Services,"Construction of Multi-Purpose Building at Municipality of Gerona, Tarlac",Tarlac District Engineering Office,Tarlac District Engineering Office,40000000.0,2773,7000000.0,5000000.0,10000000.0,5000000.0,2000000.0,11.12909753136382
2027,BIP - Multi-Purpose Buildings/ Facilities to support Social Services,"Construction of Multi-Purpose Building/ Evacuation Center, Barangay Bo Obrero, Lapuz, Iloilo City, Iloilo, Iloilo",Iloilo City District Engineering Office,Iloilo City District Engineering Office,40000000.0,2773,7000000.0,5000000.0,10000000.0,5000000.0,2000000.0,11.12909753136382
2027,Buildings And Other Structures,"Construction of DPWH Negros Island Region (NIR) Regional Office Building, Amlan, Negros Oriental (9.47117, 123.193393)",Negros Oriental 2nd District Engineering Office,Negros Oriental 2nd District Engineering Office,400000000.0,199,25000000.0,5000000.0,95000000.0,90000000.0,23000000.0,10.997131947987965
2027,Buildings And Other Structures,"Construction of University of the Philippines (UP) Diliman College of Arts and Letters (CAL) Building, Diliman, Quezon City (14.652723, 121.066217)",Quezon City 2nd District Engineering Office,Quezon City 2nd District Engineering Office,400000000.0,199,25000000.0,5000000.0,95000000.0,90000000.0,23000000.0,10.997131947987965
2027,Buildings And Other Structures,"Construction of National Tobacco Administrative Building, Quezon City (14.635833, 121.026111)",Quezon City 2nd District Engineering Office,Quezon City 2nd District Engineering Office,400000000.0,199,25000000.0,5000000.0,95000000.0,90000000.0,23000000.0,10.997131947987965
2027,Buildings And Other Structures,"Construction of the Professional Regulation Commission (PRC) Building, located at Super Block A, Central Business Park 1, Island A, Bay City, Pasay City (14.534012, 120.990826)",South Manila District Engineering Office,South Manila District Engineering Office,400000000.0,199,25000000.0,5000000.0,95000000.0,90000000.0,23000000.0,10.997131947987965
2027,BIP - Access Roads and/or Bridges from the National Roads leading to Major/ Strategic Public Buildings/ Facilities,"Construction of Concrete Road from Barangay Mahayahay - Barangay Sitio Slide, Sta. 0+000 - Sta. 3+190, Kapatagan, Lanao del Norte",Lanao del Norte 2nd District Engineering Office,Lanao del Norte 2nd District Engineering Office,108500000.0,3271,11000000.0,5000000.0,30000000.0,25000000.0,6000000.0,10.96047484149467
2027,BIP - Multi-Purpose Buildings/ Facilities to support Social Services,"Construction of Multi-Purpose Building at Barangay San Rafael, Tarlac City, Tarlac",Tarlac District Engineering Office,Tarlac District Engineering Office,39500000.0,2773,7000000.0,5000000.0,10000000.0,5000000.0,2000000.0,10.96047484149467
2027,Widening of Permanent Bridges,Don Teofilo Sison Br. (B00722LZ) along Manila North Rd,Pangasinan 3rd District Engineering Office,Pangasinan 3rd District Engineering Office,363400000.0,256,40000000.0,23150000.0,69000000.0,45850000.0,20000000.0,10.906515580736544
2027,Rehabilitation/ Major Repair of Permanent Bridges,Calbiga Br. (B00387SM) along Maharlika Highway (Sn Isidro-Sn Juanico Br),Samar 2nd District Engineering Office,Samar 2nd District Engineering Office,85000000.0,269,7800000.0,4000000.0,15000000.0,11000000.0,4800000.0,10.84805971491524
2027,BIP - Multi-Purpose Buildings/ Facilities to support Social Services,"Construction of Multi-Purpose Building at Pakpakan, Barangay Basak, Lapu-Lapu City, Cebu",Cebu 6th District Engineering Office,Cebu 6th District Engineering Office,39000000.0,2773,7000000.0,5000000.0,10000000.0,5000000.0,2000000.0,10.791852151625523
2027,BIP - Multi-Purpose Buildings/ Facilities to support Social Services,"Construction of Multi-Purpose Building, Bugallon, Pangasinan",Pangasinan 2nd District Engineering Office,Pangasinan 2nd District Engineering Office,39000000.0,2773,7000000.0,5000000.0,10000000.0,5000000.0,2000000.0,10.791852151625523
2027,BIP - Access Roads and/or Bridges from the National Roads leading to Major/ Strategic Public Buildings/ Facilities,"Construction of Road, Barangay Budiong to Barangay Canduyong, Sta. 0+000 - Sta. 2+400, Odiongan, Romblon",Romblon District Engineering Office,Romblon District Engineering Office,105600000.0,3271,11000000.0,5000000.0,30000000.0,25000000.0,6000000.0,10.634470974414317
2027,BIP - Access Roads and/or Bridges from the National Roads leading to Major/ Strategic Public Buildings/ Facilities,"Construction of Belado Avenue, Centro 1 - Centro 6, Claveria, Cagayan",Cagayan 2nd District Engineering Office,Cagayan 2nd District Engineering Office,105000000.0,3271,11000000.0,5000000.0,30000000.0,25000000.0,6000000.0,10.567021898466658
2027,BIP - Access Roads and/or Bridges from the National Roads leading to Major/ Strategic Public Buildings/ Facilities,"Construction of Road, Claveria (Cagayan) - Union - Bacsay Cataraoan Sur Nagsabaran - Sta. Filomena (Apayao) Road, Claveria, Cagayan",Cagayan 2nd District Engineering Office,Cagayan 2nd District Engineering Office,105000000.0,3271,11000000.0,5000000.0,30000000.0,25000000.0,6000000.0,10.567021898466658
2027,BIP - Access Roads and/or Bridges from the National Roads leading to Major/ Strategic Public Buildings/ Facilities,"Rehabilitation of Oson - Pinagbobong Road, Tabaco City, Albay",Albay 1st District Engineering Office,Albay 1st District Engineering Office,105000000.0,3271,11000000.0,5000000.0,30000000.0,25000000.0,6000000.0,10.567021898466658
2027,BIP - Access Roads and/or Bridges from the National Roads leading to Major/ Strategic Public Buildings/ Facilities,"Construction of Baylanan - San Miguel Bridge along Jct. Cagayan de Oro City - Dominorog • Camp Kibaritan Road to Jct SH-Aglayan-Alanib-Ticlaan Road (Aglayan - Basak), Bgy. Cosina, Sta, 21+750 - Sta. 21+800, Talakag, Bukldnon",Bukidnon 3rd District Engineering Office,Bukidnon 3rd District Engineering Office,105000000.0,3271,11000000.0,5000000.0,30000000.0,25000000.0,6000000.0,10.567021898466658
2027,BIP - Access Roads and/or Bridges from the National Roads leading to Major/ Strategic Public Buildings/ Facilities,"Construction of Road, Barangay Cagang, Barcelona Sorsogon",Sorsogon 2nd District Engineering Office,Sorsogon 2nd District Engineering Office,105000000.0,3271,11000000.0,5000000.0,30000000.0,25000000.0,6000000.0,10.567021898466658
2027,BIP - Access Roads and/or Bridges from the National Roads leading to Major/ Strategic Public Buildings/ Facilities,"Construction of Cabulay Bridge and Approach, Barangay Cabulay, Santiago City, Isabela",Isabela 4th District Engineering Office,Isabela 4th District Engineering Office,105000000.0,3271,11000000.0,5000000.0,30000000.0,25000000.0,6000000.0,10.567021898466658
2027,BIP - Access Roads and/or Bridges from the National Roads leading to Major/ Strategic Public Buildings/ Facilities,"Construction of Sitio Deseket - Sitio Demamis Road, Barangay Laconon, T'boli, South Cotabato",South Cotabato 2nd District Engineering Office,South Cotabato 2nd District Engineering Office,104387000.0,3271,11000000.0,5000000.0,30000000.0,25000000.0,6000000.0,10.498111425873466
2027,BIP - Multi-Purpose Buildings/ Facilities to support Social Services,"Construction of Multi-Purpose Building (Museo de Bacoor) in Barangay Tabing-Dagat, Bacoor City, Cavite",Cavite 3rd District Engineering Office,Cavite 3rd District Engineering Office,38000000.0,2773,7000000.0,5000000.0,10000000.0,5000000.0,2000000.0,10.454606771887224
2027,BIP - Multi-Purpose Buildings/ Facilities to support Social Services,"Construction of Multi-Purpose Building, Spring Country, Barangay Bagong Silangan, Quezon City, Metro Manila",Quezon City 1st District Engineering Office,Quezon City 1st District Engineering Office,38000000.0,2773,7000000.0,5000000.0,10000000.0,5000000.0,2000000.0,10.454606771887224
2027,Rehabilitation/ Major Repair of Permanent Bridges,Inayawan Br. (B00080CB) along Cebu South Coastal Rd,Cebu City District Engineering Office,Cebu City District Engineering Office,82000000.0,269,7800000.0,4000000.0,15000000.0,11000000.0,4800000.0,10.426502990242367
2027,Construction/ Maintenance of Flood Mitigation Structures and Drainage Systems,"Construction of Revetment along Zapote River, Barangay Molino III, Bacoor City, Cavite",Cavite 3rd District Engineering Office,Cavite 3rd District Engineering Office,450000000.0,1071,32500000.0,10000000.0,93000000.0,83000000.0,27064000.0,10.40496201897275
2027,Construction/ Maintenance of Flood Mitigation Structures and Drainage Systems,"Construction of Revetment along Carmona River, Barangay Cabilang Baybay, Carmona City, Cavite",Cavite 3rd District Engineering Office,Cavite 3rd District Engineering Office,450000000.0,1071,32500000.0,10000000.0,93000000.0,83000000.0,27064000.0,10.40496201897275
2027,Construction/ Upgrading/ Rehabilitation of Drainage along National Roads - Secondary Roads,G Araneta Ave - K0009 + (-1514) - K0009 + (-897),Quezon City 2nd District Engineering Office,Quezon City 2nd District Engineering Office,177000000.0,39,20000000.0,9635500.0,30000000.0,20364500.0,10300000.0,10.28107274153645
2027,BIP - Access Roads and/or Bridges from the National Roads leading to Major/ Strategic Public Buildings/ Facilities,"Construction of Road and Drainage, Barangay Dela Paz, Biñan City, Laguna",Laguna 2nd District Engineering Office,Laguna 2nd District Engineering Office,102000000.0,3271,11000000.0,5000000.0,30000000.0,25000000.0,6000000.0,10.229776518728361
2027,BIP - Access Roads and/or Bridges from the National Roads leading to Major/ Strategic Public Buildings/ Facilities,"Improvement of Road along Poblacion-San Mateo-Bayanan Road, San Pascual, Batangas",Batangas 2nd District Engineering Office,Batangas 2nd District Engineering Office,100000000.0,3271,11000000.0,5000000.0,30000000.0,25000000.0,6000000.0,10.004946265569496
2027,BIP - Access Roads and/or Bridges from the National Roads leading to Major/ Strategic Public Buildings/ Facilities,"Construction of Gamut - Unidad - Sua, Unidad Road Section, Sta. 2+980 - Sta. 6+140, Barobo, Surigao del Sur",Surigao del Sur 2nd District Engineering Office,Surigao del Sur 2nd District Engineering Office,100000000.0,3271,11000000.0,5000000.0,30000000.0,25000000.0,6000000.0,10.004946265569496
2027,BIP - Access Roads and/or Bridges from the National Roads leading to Major/ Strategic Public Buildings/ Facilities,"Construction of Access Road/Diversion Road, Daang Kalikasan to Sta. Cruz, Lucapon South, Sta. Cruz, Zambales, Sta.0+000.00 - Sta. 3+120.00",Zambales 1st District Engineering Office,Zambales 1st District Engineering Office,100000000.0,3271,11000000.0,5000000.0,30000000.0,25000000.0,6000000.0,10.004946265569496
2027,BIP - Access Roads and/or Bridges from the National Roads leading to Major/ Strategic Public Buildings/ Facilities,"Construction of New Bridge - Barangay San Juan, Agno, Pangasinan (16.100800, 119.838638)",Pangasinan 1st District Engineering Office,Pangasinan 1st District Engineering Office,100000000.0,3271,11000000.0,5000000.0,30000000.0,25000000.0,6000000.0,10.004946265569496
2027,BIP - Access Roads and/or Bridges from the National Roads leading to Major/ Strategic Public Buildings/ Facilities,"Construction of Jct. Cabadbaran - Puting Bato - Lanuza Road to Barangay Pakwan (Sta. 2+046.5 -Sta. 6+146.5), Lanuza, Surigao del Sur",Surigao del Sur 1st District Engineering Office,Surigao del Sur 1st District Engineering Office,100000000.0,3271,11000000.0,5000000.0,30000000.0,25000000.0,6000000.0,10.004946265569496
2027,BIP - Access Roads and/or Bridges from the National Roads leading to Major/ Strategic Public Buildings/ Facilities,"Construction of Bridge, Barangay Imulnod, Brooke’s Point, Palawan",Palawan 2nd District Engineering Office,Palawan 2nd District Engineering Office,100000000.0,3271,11000000.0,5000000.0,30000000.0,25000000.0,6000000.0,10.004946265569496
2027,BIP - Access Roads and/or Bridges from the National Roads leading to Major/ Strategic Public Buildings/ Facilities,"Construction of the Kanghalo-Kabatbatan Road at Barangays Kanghalo and Kabatbatan, Dumanjug, Cebu",Cebu 7th District Engineering Office,Cebu 7th District Engineering Office,100000000.0,3271,11000000.0,5000000.0,30000000.0,25000000.0,6000000.0,10.004946265569496
2027,BIP - Access Roads and/or Bridges from the National Roads leading to Major/ Strategic Public Buildings/ Facilities,"Construction of Panubtuban-Jolowon Road, Sta. 16+000 - Sta. 19+000, Lamut, Ifugao",Ifugao 1st District Engineering Office,Ifugao 1st District Engineering Office,100000000.0,3271,11000000.0,5000000.0,30000000.0,25000000.0,6000000.0,10.004946265569496
2027,BIP - Access Roads and/or Bridges from the National Roads leading to Major/ Strategic Public Buildings/ Facilities,"Construction of O-ong-Dalligan Road, Sta. 2+250 - Sta. 5+250, Kiangan, Ifugao",Ifugao 1st District Engineering Office,Ifugao 1st District Engineering Office,100000000.0,3271,11000000.0,5000000.0,30000000.0,25000000.0,6000000.0,10.004946265569496
2027,BIP - Access Roads and/or Bridges from the National Roads leading to Major/ Strategic Public Buildings/ Facilities,"Construction of Buenavista Bypass Road, General Trias City, Cavite",Cavite 1st District Engineering Office,Cavite 1st District Engineering Office,100000000.0,3271,11000000.0,5000000.0,30000000.0,25000000.0,6000000.0,10.004946265569496
2027,BIP - Access Roads and/or Bridges from the National Roads leading to Major/ Strategic Public Buildings/ Facilities,"Construction of Poblacion Bypass Road, General Trias City, Cavite",Cavite 1st District Engineering Office,Cavite 1st District Engineering Office,100000000.0,3271,11000000.0,5000000.0,30000000.0,25000000.0,6000000.0,10.004946265569496
2027,BIP - Access Roads and/or Bridges from the National Roads leading to Major/ Strategic Public Buildings/ Facilities,"Construction of Pag-asa - Alapan - Tinabunan Road, Sta. 00 + 805 - Sta. 01 + 610, Barangay Pag-asa - Barangay Alapan, Imus, Cavite",Cavite 1st District Engineering Office,Cavite 1st District Engineering Office,100000000.0,3271,11000000.0,5000000.0,30000000.0,25000000.0,6000000.0,10.004946265569496
2027,BIP - Access Roads and/or Bridges from the National Roads leading to Major/ Strategic Public Buildings/ Facilities,"Construction of Don Placido Campos Ave., Sta. 05 + 654 - Sta. 06 + 459, Barangay Bucandala, Imus, Cavite",Cavite 1st District Engineering Office,Cavite 1st District Engineering Office,100000000.0,3271,11000000.0,5000000.0,30000000.0,25000000.0,6000000.0,10.004946265569496
2027,BIP - Access Roads and/or Bridges from the National Roads leading to Major/ Strategic Public Buildings/ Facilities,"Construction of Road, Carsadang Bago R1 By-Pass, Sta. 0 + 259 - Sta. 0 + 871, Kawit, Cavite",Cavite 1st District Engineering Office,Cavite 1st District Engineering Office,100000000.0,3271,11000000.0,5000000.0,30000000.0,25000000.0,6000000.0,10.004946265569496
2027,BIP - Access Roads and/or Bridges from the National Roads leading to Major/ Strategic Public Buildings/ Facilities,"Construction of Anabu Bypass Road, Sta. 00 + 000 - Sta. 00 + 854, Imus, Cavite",Cavite 1st District Engineering Office,Cavite 1st District Engineering Office,100000000.0,3271,11000000.0,5000000.0,30000000.0,25000000.0,6000000.0,10.004946265569496
2027,BIP - Access Roads and/or Bridges from the National Roads leading to Major/ Strategic Public Buildings/ Facilities,"Construction of Bridge along Cabuco - Indang Diversion Road, Trece Martires City Section, Trece Martires City, Cavite",Cavite 1st District Engineering Office,Cavite 1st District Engineering Office,100000000.0,3271,11000000.0,5000000.0,30000000.0,25000000.0,6000000.0,10.004946265569496
2027,BIP - Access Roads and/or Bridges from the National Roads leading to Major/ Strategic Public Buildings/ Facilities,"Construction of Bridge connecting Barangay Del Remedio and Barangay San Lucas I, San Pablo City, Laguna",Laguna 3rd District Engineering Office,Laguna 3rd District Engineering Office,100000000.0,3271,11000000.0,5000000.0,30000000.0,25000000.0,6000000.0,10.004946265569496
2027,BIP - Access Roads and/or Bridges from the National Roads leading to Major/ Strategic Public Buildings/ Facilities,"Construction of Road with Approach of Kaibayo Bridge, Barangay 1 - Barangay 5, Catanauan, Quezon",Quezon 3rd District Engineering Office,Quezon 3rd District Engineering Office,100000000.0,3271,11000000.0,5000000.0,30000000.0,25000000.0,6000000.0,10.004946265569496
2027,BIP - Access Roads and/or Bridges from the National Roads leading to Major/ Strategic Public Buildings/ Facilities,"Construction of Road with Bridge, Barangay Sumag Weste - Sumag Este, Pitogo, Quezon",Quezon 3rd District Engineering Office,Quezon 3rd District Engineering Office,100000000.0,3271,11000000.0,5000000.0,30000000.0,25000000.0,6000000.0,10.004946265569496
2027,BIP - Access Roads and/or Bridges from the National Roads leading to Major/ Strategic Public Buildings/ Facilities,"Construction of Road with Bridge, Barangay San Ignacio Ilaya - Barangay Sumilang, General Luna, Quezon",Quezon 3rd District Engineering Office,Quezon 3rd District Engineering Office,100000000.0,3271,11000000.0,5000000.0,30000000.0,25000000.0,6000000.0,10.004946265569496
2027,BIP - Access Roads and/or Bridges from the National Roads leading to Major/ Strategic Public Buildings/ Facilities,"Construction of Road, Barangay Bolo - Barangay Cutcutan - Barangay Gatasan - Barangay Macpac - Barangay Tuhian, Catanauan, Quezon",Quezon 3rd District Engineering Office,Quezon 3rd District Engineering Office,100000000.0,3271,11000000.0,5000000.0,30000000.0,25000000.0,6000000.0,10.004946265569496
2027,BIP - Access Roads and/or Bridges from the National Roads leading to Major/ Strategic Public Buildings/ Facilities,"Construction of Road with Bridge leading to Baybay Beach, Macalelon, Quezon",Quezon 3rd District Engineering Office,Quezon 3rd District Engineering Office,100000000.0,3271,11000000.0,5000000.0,30000000.0,25000000.0,6000000.0,10.004946265569496
2027,BIP - Access Roads and/or Bridges from the National Roads leading to Major/ Strategic Public Buildings/ Facilities,"Construction of Road, Barangay Casasahan Ibaba - Barangay Ilayang Piña - Ibabang Piña, Pitogo, Quezon",Quezon 3rd District Engineering Office,Quezon 3rd District Engineering Office,100000000.0,3271,11000000.0,5000000.0,30000000.0,25000000.0,6000000.0,10.004946265569496
2027,BIP - Access Roads and/or Bridges from the National Roads leading to Major/ Strategic Public Buildings/ Facilities,"Construction of Road with Drainage, Productivity Area, Barangay Sapang Palay Proper, City of San Jose del Monte, Bulacan, Sta. 00+000 - Sta. 02+400 (121.045715, 14.839749)",Bulacan 2nd District Engineering Office,Bulacan 2nd District Engineering Office,100000000.0,3271,11000000.0,5000000.0,30000000.0,25000000.0,6000000.0,10.004946265569496
2027,BIP - Access Roads and/or Bridges from the National Roads leading to Major/ Strategic Public Buildings/ Facilities,"Construction of Road with Drainage, CSJDM Hall of Justice Compound, Barangay Poblacion, City of San Jose del Monte, Bulacan (121.043850, 14.812862)",Bulacan 2nd District Engineering Office,Bulacan 2nd District Engineering Office,100000000.0,3271,11000000.0,5000000.0,30000000.0,25000000.0,6000000.0,10.004946265569496
2027,BIP - Access Roads and/or Bridges from the National Roads leading to Major/ Strategic Public Buildings/ Facilities,"Construction of Road, Barangays Tungkong Mangga and Sto. Cristo, City of San Jose del Monte, Bulacan (121.08040, 14.809015)",Bulacan 2nd District Engineering Office,Bulacan 2nd District Engineering Office,100000000.0,3271,11000000.0,5000000.0,30000000.0,25000000.0,6000000.0,10.004946265569496
2027,BIP - Access Roads and/or Bridges from the National Roads leading to Major/ Strategic Public Buildings/ Facilities,"Construction of Road, Barangays Bagong Buhay, San Pedro, Citrus and Kaypian, City of San Jose del Monte, Bulacan, Sta. 00+000 - Sta. 03+675",Bulacan 2nd District Engineering Office,Bulacan 2nd District Engineering Office,100000000.0,3271,11000000.0,5000000.0,30000000.0,25000000.0,6000000.0,10.004946265569496
2027,BIP - Access Roads and/or Bridges from the National Roads leading to Major/ Strategic Public Buildings/ Facilities,"Construction of Access Road/Diversion Road, Daang Kalikasan to Candelaria, Yamot-Lauis, Candelaria, Zambales, Sta.1+200.00 - Sta. 2+400.00",Zambales 1st District Engineering Office,Zambales 1st District Engineering Office,100000000.0,3271,11000000.0,5000000.0,30000000.0,25000000.0,6000000.0,10.004946265569496
2027,BIP - Access Roads and/or Bridges from the National Roads leading to Major/ Strategic Public Buildings/ Facilities,"Construction of Manila North Road to SCTEX Luisita (SCTEX Luisita Access Road ), Lourdes - Balete/Central Sta. 2 + 531.60 - Sta. 2 + 992.00",Tarlac District Engineering Office,Tarlac District Engineering Office,100000000.0,3271,11000000.0,5000000.0,30000000.0,25000000.0,6000000.0,10.004946265569496
2027,BIP - Access Roads and/or Bridges from the National Roads leading to Major/ Strategic Public Buildings/ Facilities,"Construction of Manila North Road to SCTEX Luisita (SCTEX Luisita Access Road ), Balete/Central Sta. 2 + 992.00 - Sta. 3 + 452.00",Tarlac District Engineering Office,Tarlac District Engineering Office,100000000.0,3271,11000000.0,5000000.0,30000000.0,25000000.0,6000000.0,10.004946265569496
2027,BIP - Access Roads and/or Bridges from the National Roads leading to Major/ Strategic Public Buildings/ Facilities,"Construction of Manila North Road to SCTEX Luisita (SCTEX Luisita Access Road ), Lourdes - Balete/Central - Capehan/Maligaya Sta. 3 + 452.00 - Sta. 3 + 912.00",Tarlac District Engineering Office,Tarlac District Engineering Office,100000000.0,3271,11000000.0,5000000.0,30000000.0,25000000.0,6000000.0,10.004946265569496
2027,BIP - Access Roads and/or Bridges from the National Roads leading to Major/ Strategic Public Buildings/ Facilities,"Construction of Manila North Road to SCTEX Luisita (SCTEX Luisita Access Road ), Maligaya/Capehan Sta. 3 + 912.00 - Sta. 4 + 372.00",Tarlac District Engineering Office,Tarlac District Engineering Office,100000000.0,3271,11000000.0,5000000.0,30000000.0,25000000.0,6000000.0,10.004946265569496
2027,BIP - Access Roads and/or Bridges from the National Roads leading to Major/ Strategic Public Buildings/ Facilities,"New Clark City-Tarlac City Diversion Road Barangay San Pablo, Sta. 8 + 508.00 - Sta. 8 + 967.90",Tarlac District Engineering Office,Tarlac District Engineering Office,100000000.0,3271,11000000.0,5000000.0,30000000.0,25000000.0,6000000.0,10.004946265569496
2027,BIP - Access Roads and/or Bridges from the National Roads leading to Major/ Strategic Public Buildings/ Facilities,"Construction of Road and Drainage along Barangays San Nicolas 2-Bucanan- San Agustin, Magalang, Pampanga",Pampanga 3rd District Engineering Office,Pampanga 3rd District Engineering Office,100000000.0,3271,11000000.0,5000000.0,30000000.0,25000000.0,6000000.0,10.004946265569496
2027,BIP - Access Roads and/or Bridges from the National Roads leading to Major/ Strategic Public Buildings/ Facilities,"Construction of Nansiakan Br., Barangay Labang, Ambaguio, Nueva Vizcaya",Nueva Vizcaya District Engineering Office,Nueva Vizcaya District Engineering Office,100000000.0,3271,11000000.0,5000000.0,30000000.0,25000000.0,6000000.0,10.004946265569496
2027,BIP - Access Roads and/or Bridges from the National Roads leading to Major/ Strategic Public Buildings/ Facilities,"Construction of Road, Sitio Macayas, Barangay Mandhi, Sindangan to Sitio Suminugod, Barangay Guibo, Siayan, Zamboanga del Norte",Zamboanga del Norte 2nd District Engineering Office,Zamboanga del Norte 2nd District Engineering Office,100000000.0,3271,11000000.0,5000000.0,30000000.0,25000000.0,6000000.0,10.004946265569496
2027,BIP - Access Roads and/or Bridges from the National Roads leading to Major/ Strategic Public Buildings/ Facilities,"Construction of Tingloy Circumferential Road, Tingloy, Batangas – Sta. 15+940 – Sta. 16+200",Batangas 2nd District Engineering Office,Batangas 2nd District Engineering Office,100000000.0,3271,11000000.0,5000000.0,30000000.0,25000000.0,6000000.0,10.004946265569496
2027,BIP - Access Roads and/or Bridges from the National Roads leading to Major/ Strategic Public Buildings/ Facilities,"Rehabilitation of Provincial Road, Ditsaan Ramain, Lanao del Sur",Regional Office X BARMM,Regional Office X BARMM,100000000.0,3271,11000000.0,5000000.0,30000000.0,25000000.0,6000000.0,10.004946265569496
2027,BIP - Access Roads and/or Bridges from the National Roads leading to Major/ Strategic Public Buildings/ Facilities,"Construction of Barangay Ranao-ranao to Barangay Banga Pantar Road, Marantao, Lanao del Sur",Regional Office X BARMM,Regional Office X BARMM,100000000.0,3271,11000000.0,5000000.0,30000000.0,25000000.0,6000000.0,10.004946265569496
2027,BIP - Access Roads and/or Bridges from the National Roads leading to Major/ Strategic Public Buildings/ Facilities,"Construction of Road Network at Bicol Medical Center Compound, Barangay Cadlan, Pili, Camarines Sur (Sta. 0 + 800 - Sta. 2 + 400)",Camarines Sur 3rd District Engineering Office,Camarines Sur 3rd District Engineering Office,100000000.0,3271,11000000.0,5000000.0,30000000.0,25000000.0,6000000.0,10.004946265569496
2027,BIP - Access Roads and/or Bridges from the National Roads leading to Major/ Strategic Public Buildings/ Facilities,"Construction of Road along Panamitan River, Kawit, Cavite",Cavite 1st District Engineering Office,Cavite 1st District Engineering Office,100000000.0,3271,11000000.0,5000000.0,30000000.0,25000000.0,6000000.0,10.004946265569496
2027,BIP - Access Roads and/or Bridges from the National Roads leading to Major/ Strategic Public Buildings/ Facilities,"Construction of Quezon to Magsaysay Road (Sta. 1+200 - Sta. 3+450), Mapanas, Northern Samar",Northern Samar 2nd District Engineering Office,Northern Samar 2nd District Engineering Office,100000000.0,3271,11000000.0,5000000.0,30000000.0,25000000.0,6000000.0,10.004946265569496
2027,BIP - Access Roads and/or Bridges from the National Roads leading to Major/ Strategic Public Buildings/ Facilities,"Construction of Bridge, Barangay Biao, Binalbagan, Negros Occidental",Negros Occidental 2nd District Engineering Office,Negros Occidental 2nd District Engineering Office,100000000.0,3271,11000000.0,5000000.0,30000000.0,25000000.0,6000000.0,10.004946265569496
2027,BIP - Access Roads and/or Bridges from the National Roads leading to Major/ Strategic Public Buildings/ Facilities,Improvement of Road including Drainage Structure along Paz Mendoza Guazon St. Manila City,South Manila District Engineering Office,South Manila District Engineering Office,100000000.0,3271,11000000.0,5000000.0,30000000.0,25000000.0,6000000.0,10.004946265569496
2027,BIP - Access Roads and/or Bridges from the National Roads leading to Major/ Strategic Public Buildings/ Facilities,"Construction of Road from Roman Expressway (Mabatang) leading to Colegio de San Juan de Letran, Abucay, Bataan",Bataan 1st District Engineering Office,Bataan 1st District Engineering Office,100000000.0,3271,11000000.0,5000000.0,30000000.0,25000000.0,6000000.0,10.004946265569496
2027,BIP - Access Roads and/or Bridges from the National Roads leading to Major/ Strategic Public Buildings/ Facilities,"Rehabilitation of Road at Barangay Tinang, Concepcion, Tarlac",Tarlac 2nd District Engineering Office,Tarlac 2nd District Engineering Office,100000000.0,3271,11000000.0,5000000.0,30000000.0,25000000.0,6000000.0,10.004946265569496
2027,BIP - Access Roads and/or Bridges from the National Roads leading to Major/ Strategic Public Buildings/ Facilities,"Rehabilitation of Road at Barangay Sta. Rosa, Concepcion, Tarlac",Tarlac 2nd District Engineering Office,Tarlac 2nd District Engineering Office,100000000.0,3271,11000000.0,5000000.0,30000000.0,25000000.0,6000000.0,10.004946265569496
2027,BIP - Access Roads and/or Bridges from the National Roads leading to Major/ Strategic Public Buildings/ Facilities,"Rehabilitation of Road at Barangay San Nicolas Balas, Concepcion, Tarlac",Tarlac 2nd District Engineering Office,Tarlac 2nd District Engineering Office,100000000.0,3271,11000000.0,5000000.0,30000000.0,25000000.0,6000000.0,10.004946265569496
2027,BIP - Access Roads and/or Bridges from the National Roads leading to Major/ Strategic Public Buildings/ Facilities,"Construction of Access Road/Diversion Road, Daang Kalikasan to Candelaria, Yamot-Lauis, Candelaria, Zambales, Sta. 2+400.00 - Sta. 3+600.00",Zambales 1st District Engineering Office,Zambales 1st District Engineering Office,100000000.0,3271,11000000.0,5000000.0,30000000.0,25000000.0,6000000.0,10.004946265569496
2027,BIP - Access Roads and/or Bridges from the National Roads leading to Major/ Strategic Public Buildings/ Facilities,"Improvement of Road, Purok Estrebilla Hills, Barangay Maligo, Polomolok, South Cotabato",South Cotabato 1st District Engineering Office,South Cotabato 1st District Engineering Office,100000000.0,3271,11000000.0,5000000.0,30000000.0,25000000.0,6000000.0,10.004946265569496
2027,BIP - Access Roads and/or Bridges from the National Roads leading to Major/ Strategic Public Buildings/ Facilities,"Construction of Access Road/Diversion Road, Daang Kalikasan to Candelaria, Yamot-Lauis, Candelaria, Zambales, Sta. 3+600.00 - Sta. 4+800.00",Zambales 1st District Engineering Office,Zambales 1st District Engineering Office,100000000.0,3271,11000000.0,5000000.0,30000000.0,25000000.0,6000000.0,10.004946265569496
2027,BIP - Access Roads and/or Bridges from the National Roads leading to Major/ Strategic Public Buildings/ Facilities,"Construction of Mabini-Bauan-San Luis-Lemery Road, Batangas",Batangas 2nd District Engineering Office,Batangas 2nd District Engineering Office,100000000.0,3271,11000000.0,5000000.0,30000000.0,25000000.0,6000000.0,10.004946265569496
2027,BIP - Access Roads and/or Bridges from the National Roads leading to Major/ Strategic Public Buildings/ Facilities,"Construction of Road at Barangay Lumbang, Lipa City, Batangas",Batangas 4th District Engineering Office,Batangas 4th District Engineering Office,100000000.0,3271,11000000.0,5000000.0,30000000.0,25000000.0,6000000.0,10.004946265569496
2027,BIP - Access Roads and/or Bridges from the National Roads leading to Major/ Strategic Public Buildings/ Facilities,"Construction of By-Pass Road and Diversion Road, Botolan, Zambales (Sta. 0+854 - Sta. 0+939, Sta. 1+257 - Sta. 1+384, Sta. 1+854 -Sta. 2+091, Sta. 3+702 - Sta. 3+958)",Zambales 1st District Engineering Office,Zambales 1st District Engineering Office,100000000.0,3271,11000000.0,5000000.0,30000000.0,25000000.0,6000000.0,10.004946265569496
2027,BIP - Access Roads and/or Bridges from the National Roads leading to Major/ Strategic Public Buildings/ Facilities,"Construction of Canadam-Reina Mercedes Bridge (Blos River), Maconacon, Isabela",Isabela 1st District Engineering Office,Isabela 1st District Engineering Office,100000000.0,3271,11000000.0,5000000.0,30000000.0,25000000.0,6000000.0,10.004946265569496
2027,BIP - Access Roads and/or Bridges from the National Roads leading to Major/ Strategic Public Buildings/ Facilities,"Rehabilitation of Victoria Road Network (Balbaloto - Bantog Section), Victoria, Tarlac",Tarlac District Engineering Office,Tarlac District Engineering Office,100000000.0,3271,11000000.0,5000000.0,30000000.0,25000000.0,6000000.0,10.004946265569496
2027,BIP - Access Roads and/or Bridges from the National Roads leading to Major/ Strategic Public Buildings/ Facilities,"Rehabilitation of Victoria Road Network (Lalapac - Balayang Section), Victoria, Tarlac",Tarlac District Engineering Office,Tarlac District Engineering Office,100000000.0,3271,11000000.0,5000000.0,30000000.0,25000000.0,6000000.0,10.004946265569496
2027,BIP - Access Roads and/or Bridges from the National Roads leading to Major/ Strategic Public Buildings/ Facilities,"Rehabilitation of Tarlac City Road Network (Tibag - Sapang Maragul Section), Tarlac City, Tarlac",Tarlac District Engineering Office,Tarlac District Engineering Office,100000000.0,3271,11000000.0,5000000.0,30000000.0,25000000.0,6000000.0,10.004946265569496
2027,BIP - Access Roads and/or Bridges from the National Roads leading to Major/ Strategic Public Buildings/ Facilities,"Rehabilitation of Municipal Road, Poblacion, Mabini, Batangas",Batangas 2nd District Engineering Office,Batangas 2nd District Engineering Office,100000000.0,3271,11000000.0,5000000.0,30000000.0,25000000.0,6000000.0,10.004946265569496
2027,BIP - Access Roads and/or Bridges from the National Roads leading to Major/ Strategic Public Buildings/ Facilities,"Construction of Road, Barangay Cagpili, Oras - Barangay Campacion, Arteche, Eastern Samar (Sta. 3+483 - Sta. 4+350)",Eastern Samar District Engineering Office,Eastern Samar District Engineering Office,100000000.0,3271,11000000.0,5000000.0,30000000.0,25000000.0,6000000.0,10.004946265569496
2027,BIP - Access Roads and/or Bridges from the National Roads leading to Major/ Strategic Public Buildings/ Facilities,"Construction of Road, Barangay Danao - Barangay Beto, Taft, Eastern Samar (Sta. 0+000 - Sta. 0+800)",Eastern Samar District Engineering Office,Eastern Samar District Engineering Office,100000000.0,3271,11000000.0,5000000.0,30000000.0,25000000.0,6000000.0,10.004946265569496
2027,BIP - Access Roads and/or Bridges from the National Roads leading to Major/ Strategic Public Buildings/ Facilities,"Construction of Road, Tangbo, Catubig - Abaton - Bawang - San Antonio, Laoang (Sta. 0+000 - Sta. 2+338.75), Catubig and Laoang, Northern Samar",Northern Samar 2nd District Engineering Office,Northern Samar 2nd District Engineering Office,100000000.0,3271,11000000.0,5000000.0,30000000.0,25000000.0,6000000.0,10.004946265569496
2027,BIP - Access Roads and/or Bridges from the National Roads leading to Major/ Strategic Public Buildings/ Facilities,"Rehabilitation of Simora – Palapag Road (Sta. 11+015 - Sta. 11+568, Sta. 11+703 - Sta. 11+743.50, Sta. 11+829 - Sta. 11+950.50, Sta. 13+642.50 - Sta. 14+034, Sta. 14+362.50 - Sta. 14+502, Sta. 14+533.50 - Sta. 14+574, Sta. 14+592 - Sta. 14+650.50, Sta. 14+691 - Sta. 14+731.50, Sta. 14+767.50 - Sta. 14+821.50, Sta. 14+862 - Sta. 14+952, Sta. 15+258 - Sta. 15+280.50, Sta. 15+384 - Sta.15+402, Sta. 15+453 - Sta. 15+507, Sta. 16+006.50 - Sta. 16+020, Sta. 16+033.50 - Sta. 16+065, Sta. 16+105.50 - Sta. 16+119, Sta. 16+191 - Sta. 16+236, Sta. 16+254 - Sta. 16+281, Sta. 16+326 - Sta. 16+348.50, Sta. 16+398 - Sta. 16+443, Sta. 16+515 - Sta. 16+632, Sta. 16+641 - Sta. 16+654.50, Sta. 16+681.50 - Sta. 16+713, Sta. 16+785 - Sta. 16+812, Sta. 17+578 - Sta. 17+794), Laoang and Palapag, Northern Samar",Northern Samar 2nd District Engineering Office,Northern Samar 2nd District Engineering Office,100000000.0,3271,11000000.0,5000000.0,30000000.0,25000000.0,6000000.0,10.004946265569496
2027,BIP - Access Roads and/or Bridges from the National Roads leading to Major/ Strategic Public Buildings/ Facilities,"Construction of Concrete Road in Purok 6 Barangay Milagrosa, Alicia, Zamboanga Sibugay",Zamboanga Sibugay 1st District Engineering Office,Zamboanga Sibugay 1st District Engineering Office,100000000.0,3271,11000000.0,5000000.0,30000000.0,25000000.0,6000000.0,10.004946265569496
2027,BIP - Access Roads and/or Bridges from the National Roads leading to Major/ Strategic Public Buildings/ Facilities,"Construction of Access Road, Brgy. Don Perfecto, R.T. Lim- Brgy. Kipit, Titay, Zamboanga Sibugay",Zamboanga Sibugay 2nd District Engineering Office,Zamboanga Sibugay 2nd District Engineering Office,100000000.0,3271,11000000.0,5000000.0,30000000.0,25000000.0,6000000.0,10.004946265569496
2027,BIP - Access Roads and/or Bridges from the National Roads leading to Major/ Strategic Public Buildings/ Facilities,"Construction of Bridge, Brgy. La Union, La Libertad, Zamboanga del Norte",Zamboanga del Norte 1st District Engineering Office,Zamboanga del Norte 1st District Engineering Office,100000000.0,3271,11000000.0,5000000.0,30000000.0,25000000.0,6000000.0,10.004946265569496
2027,BIP - Access Roads and/or Bridges from the National Roads leading to Major/ Strategic Public Buildings/ Facilities,"Construction of Road, Barangay Cebulida to Barangay Bagong Silang, Laak, Davao de Oro",Davao de Oro 1st District Engineering Office,Davao de Oro 1st District Engineering Office,100000000.0,3271,11000000.0,5000000.0,30000000.0,25000000.0,6000000.0,10.004946265569496
2027,BIP - Access Roads and/or Bridges from the National Roads leading to Major/ Strategic Public Buildings/ Facilities,"Construction of Road, Barangay Cebulida to Poblacion, Laak, Davao de Oro",Davao de Oro 1st District Engineering Office,Davao de Oro 1st District Engineering Office,100000000.0,3271,11000000.0,5000000.0,30000000.0,25000000.0,6000000.0,10.004946265569496
2027,BIP - Access Roads and/or Bridges from the National Roads leading to Major/ Strategic Public Buildings/ Facilities,"Construction of Poloy-Poloy to Keytodac Road, Sta. 6 + 740 - Sta. 9 + 000, Barangay Keytodac, Lebak, Sultan Kudarat",Sultan Kudarat 2nd District Engineering Office,Sultan Kudarat 2nd District Engineering Office,100000000.0,3271,11000000.0,5000000.0,30000000.0,25000000.0,6000000.0,10.004946265569496
2027,BIP - Access Roads and/or Bridges from the National Roads leading to Major/ Strategic Public Buildings/ Facilities,"Construction of Road, Barangay Montemayor, Naujan, Oriental Mindoro",Mindoro Oriental District Engineering Office,Mindoro Oriental District Engineering Office,100000000.0,3271,11000000.0,5000000.0,30000000.0,25000000.0,6000000.0,10.004946265569496
2027,BIP - Access Roads and/or Bridges from the National Roads leading to Major/ Strategic Public Buildings/ Facilities,"Construction of Maabay to Dasal Road, Sta. 4 + 367.50 - Sta. 6 + 564.5, Sta. 6 + 828.5 - Sta. 7 + 156, Barangay Maabay and Barangay Dasal, Sibunag, Guimaras",Guimaras District Engineering Office,Guimaras District Engineering Office,100000000.0,3271,11000000.0,5000000.0,30000000.0,25000000.0,6000000.0,10.004946265569496
2027,BIP - Access Roads and/or Bridges from the National Roads leading to Major/ Strategic Public Buildings/ Facilities,"Improvement of Malolos Paombong Hagonoy Calumpit Road, Municipality of Calumpit, Bulacan",Bulacan 1st District Engineering Office,Bulacan 1st District Engineering Office,100000000.0,3271,11000000.0,5000000.0,30000000.0,25000000.0,6000000.0,10.004946265569496
2027,BIP - Access Roads and/or Bridges from the National Roads leading to Major/ Strategic Public Buildings/ Facilities,"Construction of By- Pass Road, Barangay Bangantalinga, Iba, Zambales Sta.9+159.00-Sta.9+999.00",Zambales 1st District Engineering Office,Zambales 1st District Engineering Office,100000000.0,3271,11000000.0,5000000.0,30000000.0,25000000.0,6000000.0,10.004946265569496
2027,BIP - Access Roads and/or Bridges from the National Roads leading to Major/ Strategic Public Buildings/ Facilities,"Construction of Mudeng-Liguis Road, Barangay Mudeng, La Paz, Abra",Abra District Engineering Office,Abra District Engineering Office,100000000.0,3271,11000000.0,5000000.0,30000000.0,25000000.0,6000000.0,10.004946265569496
2027,BIP - Access Roads and/or Bridges from the National Roads leading to Major/ Strategic Public Buildings/ Facilities,"Rehabilitation/Improvement of Victoria Road Network (Section 3), Victoria, Tarlac",Tarlac District Engineering Office,Tarlac District Engineering Office,100000000.0,3271,11000000.0,5000000.0,30000000.0,25000000.0,6000000.0,10.004946265569496
2027,BIP - Access Roads and/or Bridges from the National Roads leading to Major/ Strategic Public Buildings/ Facilities,"Construction of By-Pass Road, Bangatalinga, Iba, Zambales Sta. 8+319.00-Sta. 9+159.00",Zambales 1st District Engineering Office,Zambales 1st District Engineering Office,100000000.0,3271,11000000.0,5000000.0,30000000.0,25000000.0,6000000.0,10.004946265569496
2027,BIP - Access Roads and/or Bridges from the National Roads leading to Major/ Strategic Public Buildings/ Facilities,"Construction of Congressional Road, General Mariano Alvarez, Cavite",Cavite 3rd District Engineering Office,Cavite 3rd District Engineering Office,100000000.0,3271,11000000.0,5000000.0,30000000.0,25000000.0,6000000.0,10.004946265569496
2027,BIP - Access Roads and/or Bridges from the National Roads leading to Major/ Strategic Public Buildings/ Facilities,"Construction of New Bridge at Barangay Bucanan, Magalang, Pampanga",Pampanga 3rd District Engineering Office,Pampanga 3rd District Engineering Office,100000000.0,3271,11000000.0,5000000.0,30000000.0,25000000.0,6000000.0,10.004946265569496
2027,BIP - Access Roads and/or Bridges from the National Roads leading to Major/ Strategic Public Buildings/ Facilities,"Construction of Datag-Dampig Bridge, Barangay San Isidro, Dumalneg, Ilocos Norte",Ilocos Norte 1st District Engineering Office,Ilocos Norte 1st District Engineering Office,100000000.0,3271,11000000.0,5000000.0,30000000.0,25000000.0,6000000.0,10.004946265569496
2027,BIP - Access Roads and/or Bridges from the National Roads leading to Major/ Strategic Public Buildings/ Facilities,"Construction of Concepcion-Don Victoriano Road, Concepcion, Misamis Occidental",Misamis Occidental 1st District Engineering Office,Misamis Occidental 1st District Engineering Office,100000000.0,3271,11000000.0,5000000.0,30000000.0,25000000.0,6000000.0,10.004946265569496
2027,BIP - Access Roads and/or Bridges from the National Roads leading to Major/ Strategic Public Buildings/ Facilities,"Rehabilitation of Road at Barangay Caluluan, Concepcion, Tarlac",Tarlac 2nd District Engineering Office,Tarlac 2nd District Engineering Office,100000000.0,3271,11000000.0,5000000.0,30000000.0,25000000.0,6000000.0,10.004946265569496
2027,BIP - Access Roads and/or Bridges from the National Roads leading to Major/ Strategic Public Buildings/ Facilities,"Construction of Road from Barangay Carpenito to Barangay Lago, Tagbina, Surigao del Sur",Surigao del Sur 2nd District Engineering Office,Surigao del Sur 2nd District Engineering Office,100000000.0,3271,11000000.0,5000000.0,30000000.0,25000000.0,6000000.0,10.004946265569496
2027,BIP - Access Roads and/or Bridges from the National Roads leading to Major/ Strategic Public Buildings/ Facilities,"Construction of Road, Sitio Volcan, Barangay Naasag, Mambajao to Sitio Bolangon, Barangay Bonbon, Catarman, Camiguin",Camiguin District Engineering Office,Camiguin District Engineering Office,100000000.0,3271,11000000.0,5000000.0,30000000.0,25000000.0,6000000.0,10.004946265569496
2027,BIP - Access Roads and/or Bridges from the National Roads leading to Major/ Strategic Public Buildings/ Facilities,"Construction of Road from Barangay Maligaya to Barangay Tagbobonga, Hinatuan, Surigao del Sur",Surigao del Sur 2nd District Engineering Office,Surigao del Sur 2nd District Engineering Office,100000000.0,3271,11000000.0,5000000.0,30000000.0,25000000.0,6000000.0,10.004946265569496
2027,BIP - Access Roads and/or Bridges from the National Roads leading to Major/ Strategic Public Buildings/ Facilities,"Construction of Corrales-Mialem Road, Jimenez, Misamis Occidental",Misamis Occidental 1st District Engineering Office,Misamis Occidental 1st District Engineering Office,100000000.0,3271,11000000.0,5000000.0,30000000.0,25000000.0,6000000.0,10.004946265569496
2027,BIP - Access Roads and/or Bridges from the National Roads leading to Major/ Strategic Public Buildings/ Facilities,"Construction of La Paz-Danglas-Dolores Road, La Paz, Danglas, and Dolores Abra",Abra District Engineering Office,Abra District Engineering Office,100000000.0,3271,11000000.0,5000000.0,30000000.0,25000000.0,6000000.0,10.004946265569496
2027,BIP - Access Roads and/or Bridges from the National Roads leading to Major/ Strategic Public Buildings/ Facilities,"Construction of Road along Panamitan River connecting to R1 - Aguinaldo Shrine and Museum - New Kawit City Hall Access Road, Kawit, Cavite",Cavite 1st District Engineering Office,Cavite 1st District Engineering Office,100000000.0,3271,11000000.0,5000000.0,30000000.0,25000000.0,6000000.0,10.004946265569496
2027,BIP - Access Roads and/or Bridges from the National Roads leading to Major/ Strategic Public Buildings/ Facilities,"Construction of Jct Sering-Calangugan Road, Socorro, Surigao del Norte 0+000 - 3+000",Surigao del Norte 1st District Engineering Office,Surigao del Norte 1st District Engineering Office,100000000.0,3271,11000000.0,5000000.0,30000000.0,25000000.0,6000000.0,10.004946265569496
2027,BIP - Access Roads and/or Bridges from the National Roads leading to Major/ Strategic Public Buildings/ Facilities,"Rehabilitation of Road at Barangay Parulung, Concepcion, Tarlac",Tarlac 2nd District Engineering Office,Tarlac 2nd District Engineering Office,100000000.0,3271,11000000.0,5000000.0,30000000.0,25000000.0,6000000.0,10.004946265569496
2027,BIP - Access Roads and/or Bridges from the National Roads leading to Major/ Strategic Public Buildings/ Facilities,"Rehabilitation of Road at Barangay San Agustin, Concepcion, Tarlac",Tarlac 2nd District Engineering Office,Tarlac 2nd District Engineering Office,100000000.0,3271,11000000.0,5000000.0,30000000.0,25000000.0,6000000.0,10.004946265569496
2027,BIP - Access Roads and/or Bridges from the National Roads leading to Major/ Strategic Public Buildings/ Facilities,"Rehabilitation of Road at Barangay Lilibangan, Concepcion, Tarlac",Tarlac 2nd District Engineering Office,Tarlac 2nd District Engineering Office,100000000.0,3271,11000000.0,5000000.0,30000000.0,25000000.0,6000000.0,10.004946265569496
2027,BIP - Access Roads and/or Bridges from the National Roads leading to Major/ Strategic Public Buildings/ Facilities,"Rehabilitation of Gerona Road Network (Apsayan - Tagumbao Section), Gerona, Tarlac",Tarlac District Engineering Office,Tarlac District Engineering Office,100000000.0,3271,11000000.0,5000000.0,30000000.0,25000000.0,6000000.0,10.004946265569496
2027,BIP - Access Roads and/or Bridges from the National Roads leading to Major/ Strategic Public Buildings/ Facilities,"Construction of Road (Sta. 1 + 229- Sta. 7+ 759) at Monarch and PLDT Tower, Barangay Canlandog, Murcia, Negros Occidental (10.6092520, 10.6092520)",Negros Occidental 1st District Engineering Office,Negros Occidental 1st District Engineering Office,100000000.0,3271,11000000.0,5000000.0,30000000.0,25000000.0,6000000.0,10.004946265569496
2027,BIP - Access Roads and/or Bridges from the National Roads leading to Major/ Strategic Public Buildings/ Facilities,"Construction of Mabini Coastal Road, (Talaga Proper - Saguing - Gasang - Malimatoc II - Mainit), Section 1, Mabini, Batangas",Batangas 2nd District Engineering Office,Batangas 2nd District Engineering Office,100000000.0,3271,11000000.0,5000000.0,30000000.0,25000000.0,6000000.0,10.004946265569496
2027,BIP - Access Roads and/or Bridges from the National Roads leading to Major/ Strategic Public Buildings/ Facilities,"Constrution of Road, (Diguan-Gala), Ozamiz City, Misamis Occidental",Misamis Occidental 2nd District Engineering Office,Misamis Occidental 2nd District Engineering Office,100000000.0,3271,11000000.0,5000000.0,30000000.0,25000000.0,6000000.0,10.004946265569496
2027,BIP - Access Roads and/or Bridges from the National Roads leading to Major/ Strategic Public Buildings/ Facilities,"Rehabilitation/Improvement of Tarlac City Road Network (Baras-Baras Mapalad Section)Tarlac City, Tarlac",Tarlac District Engineering Office,Tarlac District Engineering Office,100000000.0,3271,11000000.0,5000000.0,30000000.0,25000000.0,6000000.0,10.004946265569496
2027,BIP - Access Roads and/or Bridges from the National Roads leading to Major/ Strategic Public Buildings/ Facilities,"Construction of Barangay Marigondon Sur to Barangay Marigondon Norte Access Road, Sta. 1+700 - Sta. 3+000, Barangay Marigondon Sur, San Andres, Romblon",Romblon District Engineering Office,Romblon District Engineering Office,100000000.0,3271,11000000.0,5000000.0,30000000.0,25000000.0,6000000.0,10.004946265569496
2027,BIP - Access Roads and/or Bridges from the National Roads leading to Major/ Strategic Public Buildings/ Facilities,"Construction of Road from Barangay Mahayahay to Barangay Handamayan, Sta. 4+900 - Sta 6+288, Sta. 6+528.7 - Sta 6+958.2, Sta. 7+078.4 - Sta 8+760.9, Lingig, Surigao del Sur",Surigao del Sur 2nd District Engineering Office,Surigao del Sur 2nd District Engineering Office,100000000.0,3271,11000000.0,5000000.0,30000000.0,25000000.0,6000000.0,10.004946265569496
2027,BIP - Access Roads and/or Bridges from the National Roads leading to Major/ Strategic Public Buildings/ Facilities,"Construction of Sibujo-Tampuhan Road, Sta 0+000 - Sta. 0+470; Sta. 0+570 - Sta. 2+400, Baragay Sibujo to Barangay Tampuhan, Libmanan, Camarines Sur",Camarines Sur 2nd District Engineering Office,Camarines Sur 2nd District Engineering Office,100000000.0,3271,11000000.0,5000000.0,30000000.0,25000000.0,6000000.0,10.004946265569496
2027,BIP - Access Roads and/or Bridges from the National Roads leading to Major/ Strategic Public Buildings/ Facilities,"Construction of Road at MWSS Compound, Barangay Matandang Balara, Quezon City",Quezon City 2nd District Engineering Office,Quezon City 2nd District Engineering Office,100000000.0,3271,11000000.0,5000000.0,30000000.0,25000000.0,6000000.0,10.004946265569496
2027,BIP - Access Roads and/or Bridges from the National Roads leading to Major/ Strategic Public Buildings/ Facilities,"Construction of Road Barangay Cangomantong, Lazi, Siquijor (4 + 752 - 6 + 262)",Siquijor District Engineering Office,Siquijor District Engineering Office,100000000.0,3271,11000000.0,5000000.0,30000000.0,25000000.0,6000000.0,10.004946265569496
2027,BIP - Access Roads and/or Bridges from the National Roads leading to Major/ Strategic Public Buildings/ Facilities,"Rehabilitation of Abacan Road Dike along Barangays Anunas-Malabanias-Sapalibutad, Angeles City, Pampanga",Pampanga 3rd District Engineering Office,Pampanga 3rd District Engineering Office,100000000.0,3271,11000000.0,5000000.0,30000000.0,25000000.0,6000000.0,10.004946265569496
2027,BIP - Access Roads and/or Bridges from the National Roads leading to Major/ Strategic Public Buildings/ Facilities,"Construction of Poblacion, Pidigan Road, Barangay Poblacion, Pidigan, Abra",Abra District Engineering Office,Abra District Engineering Office,100000000.0,3271,11000000.0,5000000.0,30000000.0,25000000.0,6000000.0,10.004946265569496
2027,BIP - Access Roads and/or Bridges from the National Roads leading to Major/ Strategic Public Buildings/ Facilities,"Construction of Road Dike (Baywalk) along Angat River, Barangay Lico - Poblacion - Libis - Talacsan, San Rafael, Bulacan, Sta. 00+000 - Sta. 02+000",Bulacan 3rd District Engineering Office,Bulacan 3rd District Engineering Office,100000000.0,3271,11000000.0,5000000.0,30000000.0,25000000.0,6000000.0,10.004946265569496
2027,BIP - Access Roads and/or Bridges from the National Roads leading to Major/ Strategic Public Buildings/ Facilities,"Construction of Clark - Mabalacat Access Road, Mabalacat City, Pampanga (Sta. 0+000 to Sta. 1+100)",Pampanga 3rd District Engineering Office,Pampanga 3rd District Engineering Office,100000000.0,3271,11000000.0,5000000.0,30000000.0,25000000.0,6000000.0,10.004946265569496
2027,Rehabilitation/ Reconstruction/ Upgrading of Damaged Paved Roads - Secondary Roads,Cebu South Coastal Rd - (S00014CB) Chainage 512 - Chainage 1024,Cebu City District Engineering Office,Cebu City District Engineering Office,200000000.0,155,21049000.0,10652000.0,36805500.0,26153500.0,12067000.0,10.002552075834606
2027,BIP - Access Roads and/or Bridges from the National Roads leading to Major/ Strategic Public Buildings/ Facilities,"Construction of Road and Drainage at Atis St. (Chainage 0+000 - Chainage 0+144), Dalanghita St. (Chainage 0+000 - Chainage 156.50), Dayap St. (Chainage 0+000 - Chainage 0+179), Durian St. (Chainage 0+000 - Chainage 0+212) at Barangay Sta. Monica, Quezon City",Quezon City 1st District Engineering Office,Quezon City 1st District Engineering Office,99576000.0,3271,11000000.0,5000000.0,30000000.0,25000000.0,6000000.0,9.957282251899816
2027,BIP - Access Roads and/or Bridges from the National Roads leading to Major/ Strategic Public Buildings/ Facilities,"Construction of Road leading to Pantao-Sitio Pentason-Cadawag, Libon and Oas, Albay. Sta 0+000.00 - Sta. 2+300.00",Albay 3rd District Engineering Office,Albay 3rd District Engineering Office,98000000.0,3271,11000000.0,5000000.0,30000000.0,25000000.0,6000000.0,9.78011601241063
2027,BIP - Access Roads and/or Bridges from the National Roads leading to Major/ Strategic Public Buildings/ Facilities,"Construction of Road, Barangay San Roque-Tugbungan, Socorro, Surigao del Norte (0+000 - 2+800)",Surigao del Norte 1st District Engineering Office,Surigao del Norte 1st District Engineering Office,98000000.0,3271,11000000.0,5000000.0,30000000.0,25000000.0,6000000.0,9.78011601241063
2027,BIP - Access Roads and/or Bridges from the National Roads leading to Major/ Strategic Public Buildings/ Facilities,"Construction of Road and Drainage along Barangay San Roque to Barangay Sto. Rosario, Magalang, Pampanga, Sta. 0+000 - Sta. 1+530, Sta. 0+000 - Sta. 1+340 & Sta. 0+000 - Sta. 1+800",Pampanga 3rd District Engineering Office,Pampanga 3rd District Engineering Office,98000000.0,3271,11000000.0,5000000.0,30000000.0,25000000.0,6000000.0,9.78011601241063
2027,BIP - Access Roads and/or Bridges from the National Roads leading to Major/ Strategic Public Buildings/ Facilities,"Construction of Jct Dagatan to Sitio Inayaran Road, Brgy Sudlon, Socorro, Surigao del Norte (0+000-3+260)",Surigao del Norte 1st District Engineering Office,Surigao del Norte 1st District Engineering Office,98000000.0,3271,11000000.0,5000000.0,30000000.0,25000000.0,6000000.0,9.78011601241063
2027,BIP - Access Roads and/or Bridges from the National Roads leading to Major/ Strategic Public Buildings/ Facilities,"Construction of Road and Drainage along Barangay San Nicolas II to Barangay San Agustin, Magalang, Pampanga, Sta. 0+000 - Sta. 3+000 & Sta. 0+000 - Sta. 2+800",Pampanga 3rd District Engineering Office,Pampanga 3rd District Engineering Office,98000000.0,3271,11000000.0,5000000.0,30000000.0,25000000.0,6000000.0,9.78011601241063
2027,BIP - Access Roads and/or Bridges from the National Roads leading to Major/ Strategic Public Buildings/ Facilities,"Construction of Jct Brgy Sta Cruz to Sitio Buajahan Road, Brgy Sta Cruz, Socorro, Surigao del Norte (0+000-3+260)",Surigao del Norte 1st District Engineering Office,Surigao del Norte 1st District Engineering Office,98000000.0,3271,11000000.0,5000000.0,30000000.0,25000000.0,6000000.0,9.78011601241063
2027,BIP - Multi-Purpose Buildings/ Facilities to support Social Services,"Construction (Completion) of Multi-Purpose Building, Barangay Holy Spirit, Quezon City, Metro Manila",Quezon City 1st District Engineering Office,Quezon City 1st District Engineering Office,36000000.0,2773,7000000.0,5000000.0,10000000.0,5000000.0,2000000.0,9.78011601241063
2027,BIP - Multi-Purpose Buildings/ Facilities to support Social Services,"Construction (Completion) of Multi-Purpose Building, Barangay Poblacion Center, Municipality of Ramos, Province of Tarlac",Tarlac District Engineering Office,Tarlac District Engineering Office,36000000.0,2773,7000000.0,5000000.0,10000000.0,5000000.0,2000000.0,9.78011601241063
2027,BIP - Access Roads and/or Bridges from the National Roads leading to Major/ Strategic Public Buildings/ Facilities,"Replacement of Bridge, Barangay Rang-Ay, Banga, South Cotabato",South Cotabato 2nd District Engineering Office,South Cotabato 2nd District Engineering Office,97500000.0,3271,11000000.0,5000000.0,30000000.0,25000000.0,6000000.0,9.723908449120914
2027,BIP - Access Roads and/or Bridges from the National Roads leading to Major/ Strategic Public Buildings/ Facilities,"Construction of Road, Macabugos-Tambo Road, Libon, Albay, Sta 0+000.00 - Sta. 2+160.000",Albay 3rd District Engineering Office,Albay 3rd District Engineering Office,97000000.0,3271,11000000.0,5000000.0,30000000.0,25000000.0,6000000.0,9.667700885831197
2027,Buildings And Other Structures,"Construction of New COA Building with Basement Central Office Compound, Commonwealth Avenue, Quezon City (14.68845, 121.08784)",Quezon City 1st District Engineering Office,Quezon City 1st District Engineering Office,350000000.0,199,25000000.0,5000000.0,95000000.0,90000000.0,23000000.0,9.530847688256236
2027,BIP - Access Roads and/or Bridges from the National Roads leading to Major/ Strategic Public Buildings/ Facilities,"Construction of Road and Drainage at Lanzones St. (Chainage 0+000 - Chainage 0+314.50), Macopa St. (Chainage 0+000 - Chainage 0+121), Mabolo St. (Chainage 0+000 - Chainage 0+108) and Langka St. (Chainage 0+000 - Chainage 0+118) at Barangay Sta. Monica, Quezon City",Quezon City 1st District Engineering Office,Quezon City 1st District Engineering Office,95256000.0,3271,11000000.0,5000000.0,30000000.0,25000000.0,6000000.0,9.471648905076668
2027,BIP - Access Roads and/or Bridges from the National Roads leading to Major/ Strategic Public Buildings/ Facilities,"Construction of Road, Barangay Nogpo-Barangay Bariw-Barangay Libtong, Libon, Albay, Sta 0+000.00 - Sta. 2+240.00",Albay 3rd District Engineering Office,Albay 3rd District Engineering Office,95000000.0,3271,11000000.0,5000000.0,30000000.0,25000000.0,6000000.0,9.442870632672332
2027,BIP - Multi-Purpose Buildings/ Facilities to support Social Services,"Construction of DICT Satellite Office, Barangay Poblacion, Linamon, Lanao del Norte (124.162952°, 8.180386°)",Lanao del Norte 1st District Engineering Office,Lanao del Norte 1st District Engineering Office,35000000.0,2773,7000000.0,5000000.0,10000000.0,5000000.0,2000000.0,9.442870632672332
2027,BIP - Multi-Purpose Buildings/ Facilities to support Social Services,"Construction (Completion) of Multi-Purpose Building, Barangay Poblacion, Pulilan, Bulacan",Bulacan 1st District Engineering Office,Bulacan 1st District Engineering Office,35000000.0,2773,7000000.0,5000000.0,10000000.0,5000000.0,2000000.0,9.442870632672332
2027,BIP - Multi-Purpose Buildings/ Facilities to support Social Services,"Construction (Completion) of Multi-Purpose Building, Barangay Peñbatan, Pulilan, Bulacan",Bulacan 1st District Engineering Office,Bulacan 1st District Engineering Office,35000000.0,2773,7000000.0,5000000.0,10000000.0,5000000.0,2000000.0,9.442870632672332
2027,BIP - Multi-Purpose Buildings/ Facilities to support Social Services,"Construction (Completion) of Multi-Purpose Building, Barangay Dampol, Pulilan, Bulacan",Bulacan 1st District Engineering Office,Bulacan 1st District Engineering Office,35000000.0,2773,7000000.0,5000000.0,10000000.0,5000000.0,2000000.0,9.442870632672332
2027,BIP - Multi-Purpose Buildings/ Facilities to support Social Services,"Construction of Multi-Purpose Building, Palanan, Isabela",Isabela 3rd District Engineering Office,Isabela 3rd District Engineering Office,35000000.0,2773,7000000.0,5000000.0,10000000.0,5000000.0,2000000.0,9.442870632672332
2027,BIP - Multi-Purpose Buildings/ Facilities to support Social Services,"Construction of Multi-Purpose Building (BFP Provincial Headquarters), San Nicolas, Ilocos Norte",Ilocos Norte 2nd District Engineering Office,Ilocos Norte 2nd District Engineering Office,35000000.0,2773,7000000.0,5000000.0,10000000.0,5000000.0,2000000.0,9.442870632672332
2027,BIP - Multi-Purpose Buildings/ Facilities to support Social Services,"Construction of Multi-Purpose-Building (PNP Headquarters) San Nicolas, Ilocos Norte",Ilocos Norte 2nd District Engineering Office,Ilocos Norte 2nd District Engineering Office,35000000.0,2773,7000000.0,5000000.0,10000000.0,5000000.0,2000000.0,9.442870632672332
2027,BIP - Multi-Purpose Buildings/ Facilities to support Social Services,"Rehabilitation of Multi-Purpose Building (1Bataan Bagong Pilipinas Integrated Action Center), Barangay Tenejero, Balanga City, Bataan (14. 6763955, 120.5306186)",Bataan 2nd District Engineering Office,Bataan 2nd District Engineering Office,35000000.0,2773,7000000.0,5000000.0,10000000.0,5000000.0,2000000.0,9.442870632672332
2027,BIP - Multi-Purpose Buildings/ Facilities to support Social Services,"Construction of Multi-Purpose Building, Centralized Material Recovery Facility (MRF) Barangay, Tarcan, Baliwag City, Bulacan",Bulacan 1st District Engineering Office,Bulacan 1st District Engineering Office,35000000.0,2773,7000000.0,5000000.0,10000000.0,5000000.0,2000000.0,9.442870632672332
2027,Construction/ Maintenance of Flood Mitigation Structures and Drainage Systems,"Construction of Matalahib Creek Pumping Station, Quezon City",Quezon City 1st District Engineering Office,Quezon City 1st District Engineering Office,410000000.0,1071,32500000.0,10000000.0,93000000.0,83000000.0,27064000.0,9.408079430328653
2027,Widening of Permanent Bridges,Kingking Br. (B00197MN) along Surigao-Davao Coastal Rd,Davao de Oro 1st District Engineering Office,Davao de Oro 1st District Engineering Office,317760000.0,256,40000000.0,23150000.0,69000000.0,45850000.0,20000000.0,9.367327667610954
2027,BIP - Access Roads and/or Bridges from the National Roads leading to Major/ Strategic Public Buildings/ Facilities,"Rehabilitation of Road, Linawan Rd., Barangay Muzon East, City of San Jose Del Monte, Bulacan (121.025335, 14.820824)",Bulacan 2nd District Engineering Office,Bulacan 2nd District Engineering Office,92500000.0,3271,11000000.0,5000000.0,30000000.0,25000000.0,6000000.0,9.16183281622375
2027,Construction/ Maintenance of Flood Mitigation Structures and Drainage Systems,"Breakwater Construction at the Proposed Butuan Logistical Seaport, Section 1, Brgy. Lumbocan, Butuan City",Butuan City District Engineering Office,Butuan City District Engineering Office,400000000.0,1071,32500000.0,10000000.0,93000000.0,83000000.0,27064000.0,9.15885878316763
2027,Construction/ Maintenance of Flood Mitigation Structures and Drainage Systems,"Dredging Works at the Proposed Butuan Logistical Seaport, Brgy. Lumbocan, Butuan City",Butuan City District Engineering Office,Butuan City District Engineering Office,400000000.0,1071,32500000.0,10000000.0,93000000.0,83000000.0,27064000.0,9.15885878316763
2027,BIP - Access Roads and/or Bridges from the National Roads leading to Major/ Strategic Public Buildings/ Facilities,"Construction of Datal Dianag - Tudok Road, Barangay Datal Dlanag, T'boli, South Cotabato",South Cotabato 2nd District Engineering Office,South Cotabato 2nd District Engineering Office,92254000.0,3271,11000000.0,5000000.0,30000000.0,25000000.0,6000000.0,9.134178695085211
2027,BIP - Multi-Purpose Buildings/ Facilities to support Social Services,"Construction of Multi-Purpose Building (LMB Bldg.), LGU Compound Barangay Matingain II, Lemery, Batangas",Batangas 1st District Engineering Office,Batangas 1st District Engineering Office,34000000.0,2773,7000000.0,5000000.0,10000000.0,5000000.0,2000000.0,9.105625252934034
2027,BIP - Coastal Roads to augment Resiliency of Coastal Communities,"Construction of Gingoog Coastal Road, Misamis Oriental",Misamis Oriental 1st District Engineering Office,Misamis Oriental 1st District Engineering Office,450000000.0,13,36000000.0,20000000.0,120000000.0,100000000.0,31000000.0,9.007715303977754
2027,BIP - Access Roads and/or Bridges from the National Roads leading to Major/ Strategic Public Buildings/ Facilities,"Construction of Road, Las Navas - Catubig - Laoang Road (Sta. 1+750 - Sta. 3+250), Northern Samar",Northern Samar 2nd District Engineering Office,Northern Samar 2nd District Engineering Office,90000000.0,3271,11000000.0,5000000.0,30000000.0,25000000.0,6000000.0,8.88079499977517
2027,BIP - Access Roads and/or Bridges from the National Roads leading to Major/ Strategic Public Buildings/ Facilities,"Construction of Bungahin Bridge, Barangay Robles, La Castellana, Negros Occidental",Negros Occidental 2nd District Engineering Office,Negros Occidental 2nd District Engineering Office,90000000.0,3271,11000000.0,5000000.0,30000000.0,25000000.0,6000000.0,8.88079499977517
2027,BIP - Access Roads and/or Bridges from the National Roads leading to Major/ Strategic Public Buildings/ Facilities,"Construction of New Road Barangay Almacen, Hermosa, Bataan",Bataan 1st District Engineering Office,Bataan 1st District Engineering Office,90000000.0,3271,11000000.0,5000000.0,30000000.0,25000000.0,6000000.0,8.88079499977517
2027,BIP - Access Roads and/or Bridges from the National Roads leading to Major/ Strategic Public Buildings/ Facilities,"Construction of Mungia-Parai Bridge, Barangay Parai, Dupax del Norte, Nueva Vizcaya",Nueva Vizcaya 2nd District Engineering Office,Nueva Vizcaya 2nd District Engineering Office,90000000.0,3271,11000000.0,5000000.0,30000000.0,25000000.0,6000000.0,8.88079499977517
2027,BIP - Access Roads and/or Bridges from the National Roads leading to Major/ Strategic Public Buildings/ Facilities,"Construction of Road with Drainage Sytem at Looc and Islas de Palma, Mandaue City",Cebu 6th District Engineering Office,Cebu 6th District Engineering Office,90000000.0,3271,11000000.0,5000000.0,30000000.0,25000000.0,6000000.0,8.88079499977517
2027,BIP - Access Roads and/or Bridges from the National Roads leading to Major/ Strategic Public Buildings/ Facilities,"Construction of Road, Sitio Singanan, Barangay Libay-Libay, Maco, Davao de Oro",Davao de Oro 1st District Engineering Office,Davao de Oro 1st District Engineering Office,90000000.0,3271,11000000.0,5000000.0,30000000.0,25000000.0,6000000.0,8.88079499977517
2027,BIP - Access Roads and/or Bridges from the National Roads leading to Major/ Strategic Public Buildings/ Facilities,"Construction of Drainage along Don Juico Avenue Barangay Malabanias to Barangay Anunas, Angeles City Pampanga, Sta. 0+000 - Sta. 4+511",Pampanga 3rd District Engineering Office,Pampanga 3rd District Engineering Office,90000000.0,3271,11000000.0,5000000.0,30000000.0,25000000.0,6000000.0,8.88079499977517
2027,Construction/ Maintenance of Flood Mitigation Structures and Drainage Systems,"Construction of Concrete Revetment along Almacen Cut-Off Channel, Hermosa, Bataan, Sta. 0+000 -Sta.1 + 058 ( Right Side Downstream)",Bataan 1st District Engineering Office,Bataan 1st District Engineering Office,388000000.0,1071,32500000.0,10000000.0,93000000.0,83000000.0,27064000.0,8.8597940065744
2027,BIP - Access Roads and/or Bridges from the National Roads leading to Major/ Strategic Public Buildings/ Facilities,"Construction of Sitio Kao - Lamakati Road, Sitio Kao, Barangay Laconon, T'boli, South Cotabato",South Cotabato 2nd District Engineering Office,South Cotabato 2nd District Engineering Office,89166000.0,3271,11000000.0,5000000.0,30000000.0,25000000.0,6000000.0,8.787040784207923
2027,BIP - Access Roads and/or Bridges from the National Roads leading to Major/ Strategic Public Buildings/ Facilities,"Construction of Road, San Fernando- San Jacinto- Monreal Road (Piña Section), San Jacinto Masbate Sta. 18 +818 - Sta.20 + 018",Masbate 1st District Engineering Office,Masbate 1st District Engineering Office,89000000.0,3271,11000000.0,5000000.0,30000000.0,25000000.0,6000000.0,8.768379873195737
2027,Retrofitting/ Strengthening of Permanent Bridges,Aurora/Katipunan Flyover (B03211LZ) along C-5 (Katipunan/Aurora Flyover),Quezon City 2nd District Engineering Office,Quezon City 2nd District Engineering Office,95000000.0,111,13524000.0,8454000.0,20000000.0,11546000.0,6324000.0,8.689881264882205
2027,Rehabilitation/ Reconstruction/ Upgrading of Damaged Paved Roads - Secondary Roads,"Bacolod South Rd (Kabankalan-Hinobaan Section) - K0089 + (-689) - K0089 + (-512), K0122 + 024 - K0122 + 999, K0126 + 724 - K0127 + 000, K0139 + 1100 - K0139 + 1904, K0141 + 000 - K0141 + 326, K0144 + 000 - K0145 + 000, K0186 + 332 - K0186 + 966",Negros Occidental 3rd District Engineering Office,Negros Occidental 3rd District Engineering Office,176257000.0,155,21049000.0,10652000.0,36805500.0,26153500.0,12067000.0,8.675425689636478
2027,Construction/ Upgrading/ Rehabilitation of Drainage along National Roads - Secondary Roads,Naval-Caibiran Cross Country Rd - K1026 + (-096) - K1028 + 060,Biliran District Engineering Office,Biliran District Engineering Office,150000000.0,39,20000000.0,9635500.0,30000000.0,20364500.0,10300000.0,8.512990168151202
2027,Preventive Maintenance - Secondary Roads,Banisilan-Guiling-Alamada-Libungan Rd - K1636 + 000 - K1640 + 395,Cotabato 3rd District Engineering Office,Cotabato 3rd District Engineering Office,249992000.0,285,27300000.0,13803000.0,58500000.0,44697000.0,17800000.0,8.438409899402355
2027,Water Supply System,"Construction of Water Supply, Barangay Asinan Proper, Subic, Zambales (14.89507, 120.22607)",Zambales 2nd District Engineering Office,Zambales 2nd District Engineering Office,30000000.0,435,5000000.0,5000000.0,10000000.0,5000000.0,2000000.0,8.43113449345744
2027,Water Supply System,"Construction of Waterworks at Sayangan, Paoay, Atok, Benguet",Benguet 2nd District Engineering Office,Benguet 2nd District Engineering Office,30000000.0,435,5000000.0,5000000.0,10000000.0,5000000.0,2000000.0,8.43113449345744
2027,Water Supply System,"Construction of Public Water Supply System (Level II) at Barangays Andabuen, Balliao, Capuseran, Gomez, Guilingan, Makindol, Maluno Norte, Maluno Sur, Nacalma, Santiago, Villaluz, Yeban Norte, Yeban Sur, Municipality of Benito Soliven, Isabela",Isabela 3rd District Engineering Office,Isabela 3rd District Engineering Office,30000000.0,435,5000000.0,5000000.0,10000000.0,5000000.0,2000000.0,8.43113449345744
2027,Water Supply System,"Construction of Public Water Supply System (Level II) at Barangays Buena Suerte, Carabatan Bacareno, Dabburab, Disimuray, Gappal, Guayabal, Linglingay, Minante 2 (Purok 2), Santa Luciana, San Luis, Tagaran (Purok 3), Villa Luna (Purok 12), City of Cauayan, Isabela",Isabela 4th District Engineering Office,Isabela 4th District Engineering Office,30000000.0,435,5000000.0,5000000.0,10000000.0,5000000.0,2000000.0,8.43113449345744
2027,Water Supply System,"Construction of Public Water Supply System, Barangay Iruhin East, Tagaytay City, Cavite",Cavite 2nd District Engineering Office,Cavite 2nd District Engineering Office,30000000.0,435,5000000.0,5000000.0,10000000.0,5000000.0,2000000.0,8.43113449345744
2027,Water Supply System,"Construction of San Juan Water Supply System, Barangay Badas, Barangay Lam-Ag, and Barangay Colabaoan, San Juan, Abra",Abra District Engineering Office,Abra District Engineering Office,30000000.0,435,5000000.0,5000000.0,10000000.0,5000000.0,2000000.0,8.43113449345744
2027,Water Supply System,"Construction of Public Water Supply System, Barangay Patuto South, Tagaytay City, Cavite",Cavite 2nd District Engineering Office,Cavite 2nd District Engineering Office,30000000.0,435,5000000.0,5000000.0,10000000.0,5000000.0,2000000.0,8.43113449345744
2027,Water Supply System,"Construction of Level III Water System with Desalination Facility, Barangay Poblacion, Looc, Occidental Mindoro",Mindoro Occidental District Engineering Office,Mindoro Occidental District Engineering Office,30000000.0,435,5000000.0,5000000.0,10000000.0,5000000.0,2000000.0,8.43113449345744
2027,Water Supply System,"Construction of Malilipot Water System, Malilipot, Albay",Albay 1st District Engineering Office,Albay 1st District Engineering Office,30000000.0,435,5000000.0,5000000.0,10000000.0,5000000.0,2000000.0,8.43113449345744
2027,Water Supply System,"Construction of Solar Water System in Barangay Salaza, Garreta and Bulawen, Palauig, Zambales 15.455430, 119.956124",Zambales 1st District Engineering Office,Zambales 1st District Engineering Office,30000000.0,435,5000000.0,5000000.0,10000000.0,5000000.0,2000000.0,8.43113449345744
2027,Water Supply System,"Construction of Public Water Supply System, Barangay Kaybagal North, Tagaytay City, Cavite",Cavite 2nd District Engineering Office,Cavite 2nd District Engineering Office,30000000.0,435,5000000.0,5000000.0,10000000.0,5000000.0,2000000.0,8.43113449345744
2027,Water Supply System,"Construction of Public Water Supply System, Barangay Maitim 2nd East, Tagaytay City, Cavite",Cavite 2nd District Engineering Office,Cavite 2nd District Engineering Office,30000000.0,435,5000000.0,5000000.0,10000000.0,5000000.0,2000000.0,8.43113449345744
2027,Water Supply System,"Construction of Peñarrubia Water Supply System, Barangay Malamsit, Barangay Tattaoa, and Barangay Namarabar, Peñarrubia, Abra",Abra District Engineering Office,Abra District Engineering Office,30000000.0,435,5000000.0,5000000.0,10000000.0,5000000.0,2000000.0,8.43113449345744
2027,BIP - Access Roads and/or Bridges from the National Roads leading to Major/ Strategic Public Buildings/ Facilities,"Rehabilitation of Road and Drainage, Aratan Blvd. Brgy Pulo Santa Cruz, City of Santa Rosa, Laguna",Laguna 2nd District Engineering Office,Laguna 2nd District Engineering Office,85000000.0,3271,11000000.0,5000000.0,30000000.0,25000000.0,6000000.0,8.318719366878007
2027,BIP - Access Roads and/or Bridges from the National Roads leading to Major/ Strategic Public Buildings/ Facilities,"Construction of Roads and Drainage along Interconnecting Streets of Miramonte (C 0+000 - C 1+380), Barangay 180, Caloocan City",Metro Manila 3rd District Engineering Office,Metro Manila 3rd District Engineering Office,85000000.0,3271,11000000.0,5000000.0,30000000.0,25000000.0,6000000.0,8.318719366878007
2027,BIP - Access Roads and/or Bridges from the National Roads leading to Major/ Strategic Public Buildings/ Facilities,"Rehabiltiation of Odiongan- Kabaliwan Access Road (including Slope Protection, Sta 2+770-3+560, Sta 4+300-4+600, Sta 6+120-6+150, Sta 6+410-6+450, Sta 9+230-9+270, Sta 11+120-11+320, Barangay Panique, Odiongan & Barangay Bachawan, San Agustin, Romblon",Romblon District Engineering Office,Romblon District Engineering Office,85000000.0,3271,11000000.0,5000000.0,30000000.0,25000000.0,6000000.0,8.318719366878007
2027,Rehabilitation/ Reconstruction/ Upgrading of Damaged Paved Roads - Primary Roads,"Maharlika Highway (LZ) - K0192 + 000 - K0192 + 072, K0192 + 292 - K0193 + 940, K0193 + 950 - K0193 + 1028, K0194 + 201 - K0194 + 390, K0194 + 655 - K0194 + 690, K0195 + 029 - K0196 + 133, K0196 + 180 - K0201 + 712, K0202 + 075 - K0202 + 365, K0202 + 432 - K0203 + 800",Quezon 4th District Engineering Office,Quezon 4th District Engineering Office,184534000.0,116,18577000.0,8739000.0,59687250.0,50948250.0,13469500.0,8.310365119006445
2027,BIP - Access Roads and/or Bridges from the National Roads leading to Major/ Strategic Public Buildings/ Facilities,"Construction of Road and Drainage at Pallmall St. (Chainage 0+000 - Chainage 0+442) and Newport St. (Chainage 0+000 - Chainage 0+136) at Barangay Fairview, Quezon City",Quezon City 1st District Engineering Office,Quezon City 1st District Engineering Office,83232000.0,3271,11000000.0,5000000.0,30000000.0,25000000.0,6000000.0,8.119969423085571
2027,Buildings And Other Structures,"Rehabilitation of DAR Multi-Purpose Gymnasium, Elliptical Road, Diliman, Quezon City",Quezon City 1st District Engineering Office,Quezon City 1st District Engineering Office,300000000.0,199,25000000.0,5000000.0,95000000.0,90000000.0,23000000.0,8.064563428524508
2027,BIP - Access Roads and/or Bridges from the National Roads leading to Major/ Strategic Public Buildings/ Facilities,"Construction of Road and Drainage at Consul Street (Chainage 0+000 to Chainage 0+565) at Barangay Fairview, Quezon City",Quezon City 1st District Engineering Office,Quezon City 1st District Engineering Office,81925000.0,3271,11000000.0,5000000.0,30000000.0,25000000.0,6000000.0,7.973042852646252
2027,Construction/ Rehabilitation of Flood Mitigation Facilities within Major River Basins and Principal Rivers,"Construction of Flood Control Structure along Lamunan River, Downstream, Barangay San Andres, San Rafael, Iloilo",Iloilo 3rd District Engineering Office,Iloilo 3rd District Engineering Office,688925000.0,180,100000000.0,50000000.0,150000000.0,100000000.0,50000000.0,7.944489410495076
2027,BIP - Access Roads and/or Bridges from the National Roads leading to Major/ Strategic Public Buildings/ Facilities,"Construction of Road, Barangay Cangomantong, Siquijor, Siquijor to Barangay Cangclaran, Lazi, Siquijor",Siquijor District Engineering Office,Siquijor District Engineering Office,81000000.0,3271,11000000.0,5000000.0,30000000.0,25000000.0,6000000.0,7.869058860560277
2027,BIP - Access Roads and/or Bridges from the National Roads leading to Major/ Strategic Public Buildings/ Facilities,"Construction of Road, Barangay Catulayan, San Juan, Siquijor to Barangay Cang-asa, Siquijor, Siquijor",Siquijor District Engineering Office,Siquijor District Engineering Office,81000000.0,3271,11000000.0,5000000.0,30000000.0,25000000.0,6000000.0,7.869058860560277
2027,Widening of Permanent Bridges,Cangaranan Parallel Br. along Iloilo-Antique Rd,Antique District Engineering Office,Antique District Engineering Office,270500000.0,256,40000000.0,23150000.0,69000000.0,45850000.0,20000000.0,7.77350600296776
2027,BIP - Access Roads and/or Bridges from the National Roads leading to Major/ Strategic Public Buildings/ Facilities,"Rehabilitation of Road, Senatorial St., Barangay Batasan Hills, Quezon City, Metro Manila",Quezon City 1st District Engineering Office,Quezon City 1st District Engineering Office,80000000.0,3271,11000000.0,5000000.0,30000000.0,25000000.0,6000000.0,7.7566437339808445
2027,BIP - Access Roads and/or Bridges from the National Roads leading to Major/ Strategic Public Buildings/ Facilities,"Construction of Lubuagan-Batongbuhay- Abra Rd, Sta. 1+510 - Sta. 3+110",Upper Kalinga District Engineering Office,Upper Kalinga District Engineering Office,80000000.0,3271,11000000.0,5000000.0,30000000.0,25000000.0,6000000.0,7.7566437339808445
2027,BIP - Access Roads and/or Bridges from the National Roads leading to Major/ Strategic Public Buildings/ Facilities,"Construction of Road and Bridge crossing Julian River going to Toclong Road, Barangay Toclong 1C - Barangay Toclong 2B, Imus City, Cavite",Cavite 1st District Engineering Office,Cavite 1st District Engineering Office,80000000.0,3271,11000000.0,5000000.0,30000000.0,25000000.0,6000000.0,7.7566437339808445
2027,BIP - Access Roads and/or Bridges from the National Roads leading to Major/ Strategic Public Buildings/ Facilities,"Construction (Completion) of Bridge along Indang - Amadeo Diversion Road, Amadeo, Cavite",Cavite 1st District Engineering Office,Cavite 1st District Engineering Office,80000000.0,3271,11000000.0,5000000.0,30000000.0,25000000.0,6000000.0,7.7566437339808445
2027,BIP - Access Roads and/or Bridges from the National Roads leading to Major/ Strategic Public Buildings/ Facilities,"Construction of Road, Barangay Manalo to Macarascas , Puerto Princesa City, Palawan",Palawan 3rd District Engineering Office,Palawan 3rd District Engineering Office,80000000.0,3271,11000000.0,5000000.0,30000000.0,25000000.0,6000000.0,7.7566437339808445
2027,BIP - Access Roads and/or Bridges from the National Roads leading to Major/ Strategic Public Buildings/ Facilities,"Construction (Completion) of Bridge along T'boli - Laconon Road, South Cotabato",South Cotabato 2nd District Engineering Office,South Cotabato 2nd District Engineering Office,80000000.0,3271,11000000.0,5000000.0,30000000.0,25000000.0,6000000.0,7.7566437339808445
2027,BIP - Access Roads and/or Bridges from the National Roads leading to Major/ Strategic Public Buildings/ Facilities,"Concreting of Road, Barangay San Francisco - Barangay Sta. Eulalia, Baao, Camarines Sur",Camarines Sur 5th District Engineering Office,Camarines Sur 5th District Engineering Office,80000000.0,3271,11000000.0,5000000.0,30000000.0,25000000.0,6000000.0,7.7566437339808445
2027,BIP - Access Roads and/or Bridges from the National Roads leading to Major/ Strategic Public Buildings/ Facilities,"Construction of Ineangan-Gabut Permanent Bridge (Sta. 0+000 - Sta. 0+076), Barangay Ineangan, Dupax del Norte, Nueva Vizcaya",Nueva Vizcaya 2nd District Engineering Office,Nueva Vizcaya 2nd District Engineering Office,80000000.0,3271,11000000.0,5000000.0,30000000.0,25000000.0,6000000.0,7.7566437339808445
2027,BIP - Multi-Purpose Buildings/ Facilities to support Social Services,"Construction of Multi-Purpose Building, Brgy Daguan, Municipality of Kapatagan, Lanao del Sur",Regional Office X BARMM,Regional Office X BARMM,30000000.0,2773,7000000.0,5000000.0,10000000.0,5000000.0,2000000.0,7.7566437339808445
2027,BIP - Multi-Purpose Buildings/ Facilities to support Social Services,"Construction of Multi-Purpose Facility (Evacuation Center) at Barangay Escaño, Guimba Nueva Ecija",Nueva Ecija 1st District Engineering Office,Nueva Ecija 1st District Engineering Office,30000000.0,2773,7000000.0,5000000.0,10000000.0,5000000.0,2000000.0,7.7566437339808445
2027,BIP - Multi-Purpose Buildings/ Facilities to support Social Services,"Rehabilitation of Multi-Purpose Building at Barangay 7, Lipa City Batangas",Batangas 4th District Engineering Office,Batangas 4th District Engineering Office,30000000.0,2773,7000000.0,5000000.0,10000000.0,5000000.0,2000000.0,7.7566437339808445
2027,BIP - Multi-Purpose Buildings/ Facilities to support Social Services,"Construction (Completion) of Multi-Purpose Building Barangay Poblacion, Santol, La Union",La Union 1st District Engineering Office,La Union 1st District Engineering Office,30000000.0,2773,7000000.0,5000000.0,10000000.0,5000000.0,2000000.0,7.7566437339808445
2027,BIP - Multi-Purpose Buildings/ Facilities to support Social Services,"Rehabilitation of Multi-Purpose Building (Bahay Pag-asa), Barangay Sta. Rita, Bacnotan, La Union",La Union 1st District Engineering Office,La Union 1st District Engineering Office,30000000.0,2773,7000000.0,5000000.0,10000000.0,5000000.0,2000000.0,7.7566437339808445
2027,BIP - Multi-Purpose Buildings/ Facilities to support Social Services,"Construction of Multi-Purpose Building of Barangay San Jose, Baliwag City, Bulacan",Bulacan 1st District Engineering Office,Bulacan 1st District Engineering Office,30000000.0,2773,7000000.0,5000000.0,10000000.0,5000000.0,2000000.0,7.7566437339808445
2027,BIP - Multi-Purpose Buildings/ Facilities to support Social Services,"Construction of Multi-Purpose Facility at Barangay Bued, Binalonan, Pangasinan",Pangasinan 3rd District Engineering Office,Pangasinan 3rd District Engineering Office,30000000.0,2773,7000000.0,5000000.0,10000000.0,5000000.0,2000000.0,7.7566437339808445
2027,BIP - Multi-Purpose Buildings/ Facilities to support Social Services,"Construction (Completion) of Multi-Purpose Building, Barangay Poblacion Norte, Municipality of Mayantoc, Province of Tarlac",Tarlac District Engineering Office,Tarlac District Engineering Office,30000000.0,2773,7000000.0,5000000.0,10000000.0,5000000.0,2000000.0,7.7566437339808445
2027,BIP - Multi-Purpose Buildings/ Facilities to support Social Services,"Construction (Completion) of Multi-Purpose Building, Barangay Poblacion Sur, Municipality of San Clemente, Province of Tarlac",Tarlac District Engineering Office,Tarlac District Engineering Office,30000000.0,2773,7000000.0,5000000.0,10000000.0,5000000.0,2000000.0,7.7566437339808445
2027,BIP - Multi-Purpose Buildings/ Facilities to support Social Services,"Construction of Multi-Purpose Building (Evacuation Center) in Barangay Bulihan, Plaridel, Bulacan",Bulacan 1st District Engineering Office,Bulacan 1st District Engineering Office,30000000.0,2773,7000000.0,5000000.0,10000000.0,5000000.0,2000000.0,7.7566437339808445
2027,BIP - Multi-Purpose Buildings/ Facilities to support Social Services,"Construction of Multi-Purpose Building, New City Building Compound, Barangay Franza, Muñoz, Nueva Ecija",Nueva Ecija 1st District Engineering Office,Nueva Ecija 1st District Engineering Office,30000000.0,2773,7000000.0,5000000.0,10000000.0,5000000.0,2000000.0,7.7566437339808445
2027,BIP - Multi-Purpose Buildings/ Facilities to support Social Services,"Construction of Multi-Purpose Building, LGU Compound, Barangay Buted, Talugtug, Nueva Ecija",Nueva Ecija 1st District Engineering Office,Nueva Ecija 1st District Engineering Office,30000000.0,2773,7000000.0,5000000.0,10000000.0,5000000.0,2000000.0,7.7566437339808445
2027,BIP - Multi-Purpose Buildings/ Facilities to support Social Services,"Construction of Multi-Purpose Building, Barangay T.L. Padilla, Carranglan, Nueva Ecija",Nueva Ecija 1st District Engineering Office,Nueva Ecija 1st District Engineering Office,30000000.0,2773,7000000.0,5000000.0,10000000.0,5000000.0,2000000.0,7.7566437339808445
2027,BIP - Multi-Purpose Buildings/ Facilities to support Social Services,"Construction of Multi-Purpose Building, LGU Compound, Barangay Tienzo, Lupao, Nueva Ecija",Nueva Ecija 1st District Engineering Office,Nueva Ecija 1st District Engineering Office,30000000.0,2773,7000000.0,5000000.0,10000000.0,5000000.0,2000000.0,7.7566437339808445
2027,BIP - Multi-Purpose Buildings/ Facilities to support Social Services,"Construction of Multi-Purpose Building, Barangay Poblacion East, Pantabangan, Nueva Ecija",Nueva Ecija 1st District Engineering Office,Nueva Ecija 1st District Engineering Office,30000000.0,2773,7000000.0,5000000.0,10000000.0,5000000.0,2000000.0,7.7566437339808445
2027,BIP - Multi-Purpose Buildings/ Facilities to support Social Services,"Construction of Multi-Purpose Building, Barangay San Juan, San Narciso, Zambales 15.003452, 120.095337",Zambales 1st District Engineering Office,Zambales 1st District Engineering Office,30000000.0,2773,7000000.0,5000000.0,10000000.0,5000000.0,2000000.0,7.7566437339808445
2027,BIP - Multi-Purpose Buildings/ Facilities to support Social Services,"Construction of Multi-Purpose Buiding at Barangay Gun-ob, Lapu-Lapu City, Cebu",Cebu 6th District Engineering Office,Cebu 6th District Engineering Office,30000000.0,2773,7000000.0,5000000.0,10000000.0,5000000.0,2000000.0,7.7566437339808445
2027,BIP - Multi-Purpose Buildings/ Facilities to support Social Services,"Construction of Multi-Purpose Building, Barangay Poblacion, Boljoon, Cebu",Cebu 2nd District Engineering Office,Cebu 2nd District Engineering Office,30000000.0,2773,7000000.0,5000000.0,10000000.0,5000000.0,2000000.0,7.7566437339808445
2027,BIP - Multi-Purpose Buildings/ Facilities to support Social Services,"Construction (Completion) of Multi-Purpose Building, Barangay Poblacion, Samboan, Cebu",Cebu 2nd District Engineering Office,Cebu 2nd District Engineering Office,30000000.0,2773,7000000.0,5000000.0,10000000.0,5000000.0,2000000.0,7.7566437339808445
2027,BIP - Multi-Purpose Buildings/ Facilities to support Social Services,"Construction of Multi-Purpose Building, Jiabong, Samar",Samar 2nd District Engineering Office,Samar 2nd District Engineering Office,30000000.0,2773,7000000.0,5000000.0,10000000.0,5000000.0,2000000.0,7.7566437339808445
2027,BIP - Multi-Purpose Buildings/ Facilities to support Social Services,"Construction of Multi-Purpose Building in Sitio Hula-Hula Barangay Poblacion, Mabuhay, Zamboanga Sibugay",Zamboanga Sibugay 1st District Engineering Office,Zamboanga Sibugay 1st District Engineering Office,30000000.0,2773,7000000.0,5000000.0,10000000.0,5000000.0,2000000.0,7.7566437339808445
2027,BIP - Multi-Purpose Buildings/ Facilities to support Social Services,"Construction of Multi-Purpose Building, Barangay Sinunuc, Zamboanga City",Zamboanga City 1st District Engineering Office,Zamboanga City 1st District Engineering Office,30000000.0,2773,7000000.0,5000000.0,10000000.0,5000000.0,2000000.0,7.7566437339808445
2027,BIP - Multi-Purpose Buildings/ Facilities to support Social Services,"Construction of Multi-Purpose Building (WMSU) in Barangay Pangi, Ipil, Zamboanga Sibugay",Zamboanga Sibugay 2nd District Engineering Office,Zamboanga Sibugay 2nd District Engineering Office,30000000.0,2773,7000000.0,5000000.0,10000000.0,5000000.0,2000000.0,7.7566437339808445
2027,BIP - Multi-Purpose Buildings/ Facilities to support Social Services,"Construction of Multi-Purpose Building, at Pantuconan Island, Barangay Kabuukan, Hadji Panglima Tahil, Sulu",Sulu 1st District Engineering Office,Sulu 1st District Engineering Office,30000000.0,2773,7000000.0,5000000.0,10000000.0,5000000.0,2000000.0,7.7566437339808445
2027,BIP - Multi-Purpose Buildings/ Facilities to support Social Services,"Construction of Multi-Purpose Building (Barangay Hall), Barangay Magsaysay, Castillejos, Zambales (14.943376, 120.190068)",Zambales 2nd District Engineering Office,Zambales 2nd District Engineering Office,30000000.0,2773,7000000.0,5000000.0,10000000.0,5000000.0,2000000.0,7.7566437339808445
2027,BIP - Multi-Purpose Buildings/ Facilities to support Social Services,"Construction of Multi-Purpose Building (ABC Hall), Barangay Poblacion, Tubod, Lanao del Norte (123.794056°, 8.042379°)",Lanao del Norte 1st District Engineering Office,Lanao del Norte 1st District Engineering Office,30000000.0,2773,7000000.0,5000000.0,10000000.0,5000000.0,2000000.0,7.7566437339808445
2027,BIP - Multi-Purpose Buildings/ Facilities to support Social Services,"Construction of Multi-Purpose Building at Municipality of Victoria, Tarlac",Tarlac District Engineering Office,Tarlac District Engineering Office,30000000.0,2773,7000000.0,5000000.0,10000000.0,5000000.0,2000000.0,7.7566437339808445
2027,BIP - Multi-Purpose Buildings/ Facilities to support Social Services,"Construction of Multi-Purpose Building (Barangay Hall), Barangay Villa Ecleo, Basilisa, Dinagat Islands, (10.113123, 125.582197)",Dinagat Islands District Engineering Office,Dinagat Islands District Engineering Office,30000000.0,2773,7000000.0,5000000.0,10000000.0,5000000.0,2000000.0,7.7566437339808445
2027,BIP - Multi-Purpose Buildings/ Facilities to support Social Services,"Construction of Multi-Purpose Building, Barangay Poblacion IV, Mendez Cavite",Cavite 2nd District Engineering Office,Cavite 2nd District Engineering Office,30000000.0,2773,7000000.0,5000000.0,10000000.0,5000000.0,2000000.0,7.7566437339808445
2027,BIP - Multi-Purpose Buildings/ Facilities to support Social Services,"Construction of Multi-Purpose Building (Covered Court), Pedro E. Diaz, Alabang, Muntinlupa City",Las Piñas Muntinlupa District Engineering Office,Las Piñas Muntinlupa District Engineering Office,30000000.0,2773,7000000.0,5000000.0,10000000.0,5000000.0,2000000.0,7.7566437339808445
2027,BIP - Multi-Purpose Buildings/ Facilities to support Social Services,"Construction of Multi-Purpose Building at Barangay Patubig Marilao, Bulacan",Bulacan 2nd District Engineering Office,Bulacan 2nd District Engineering Office,30000000.0,2773,7000000.0,5000000.0,10000000.0,5000000.0,2000000.0,7.7566437339808445
2027,BIP - Multi-Purpose Buildings/ Facilities to support Social Services,"Construction (Completion) of Multi-Purpose Building (Motorpool) at Commission on Population and Development, Mandaluyong City",Metro Manila 1st District Engineering Office,Metro Manila 1st District Engineering Office,30000000.0,2773,7000000.0,5000000.0,10000000.0,5000000.0,2000000.0,7.7566437339808445
2027,BIP - Multi-Purpose Buildings/ Facilities to support Social Services,"Construction of Multi-Purpose Building of Barangay Poblacion, San Pablo, Isabela, 17.44767, 121.79493",Isabela 1st District Engineering Office,Isabela 1st District Engineering Office,30000000.0,2773,7000000.0,5000000.0,10000000.0,5000000.0,2000000.0,7.7566437339808445
2027,BIP - Multi-Purpose Buildings/ Facilities to support Social Services,"Construction of Multi-Purpose Building (Covered Court), Barangay Corazon De Jesus, San Juan City (121.031630, 14.606733)",Metro Manila 1st District Engineering Office,Metro Manila 1st District Engineering Office,30000000.0,2773,7000000.0,5000000.0,10000000.0,5000000.0,2000000.0,7.7566437339808445
2027,BIP - Multi-Purpose Buildings/ Facilities to support Social Services,"Construction of Multi-Purpose Building DRRMO Barangay Baraca - Camachile, Subic Zambales (14.87694, 120.23416)",Zambales 2nd District Engineering Office,Zambales 2nd District Engineering Office,30000000.0,2773,7000000.0,5000000.0,10000000.0,5000000.0,2000000.0,7.7566437339808445
2027,BIP - Multi-Purpose Buildings/ Facilities to support Social Services,"Construction of Multi-Purpose Building of Barangay Subic, Baliwag City, Bulacan",Bulacan 1st District Engineering Office,Bulacan 1st District Engineering Office,30000000.0,2773,7000000.0,5000000.0,10000000.0,5000000.0,2000000.0,7.7566437339808445
2027,BIP - Multi-Purpose Buildings/ Facilities to support Social Services,"Construction of Multi-Purpose Building at Barangay Canarvacanan, Binalonan, Pangasinan",Pangasinan 3rd District Engineering Office,Pangasinan 3rd District Engineering Office,30000000.0,2773,7000000.0,5000000.0,10000000.0,5000000.0,2000000.0,7.7566437339808445
2027,BIP - Multi-Purpose Buildings/ Facilities to support Social Services,"Construction of Multi-Purpose Building Barangay Hall Extension Barangay Baraca - Camachile, Subic Zambales (14.87702, 120.23399)",Zambales 2nd District Engineering Office,Zambales 2nd District Engineering Office,30000000.0,2773,7000000.0,5000000.0,10000000.0,5000000.0,2000000.0,7.7566437339808445
2027,BIP - Multi-Purpose Buildings/ Facilities to support Social Services,"Construction of Multi-Purpose Building at Barangay San Miguel, Majayjay, Laguna",Laguna 1st District Engineering Office,Laguna 1st District Engineering Office,30000000.0,2773,7000000.0,5000000.0,10000000.0,5000000.0,2000000.0,7.7566437339808445
2027,BIP - Multi-Purpose Buildings/ Facilities to support Social Services,"Construction (Completion) of Multi-Purpose Building, Barangay Poblacion, Anilao, Iloilo",Iloilo 2nd District Engineering Office,Iloilo 2nd District Engineering Office,30000000.0,2773,7000000.0,5000000.0,10000000.0,5000000.0,2000000.0,7.7566437339808445
2027,BIP - Multi-Purpose Buildings/ Facilities to support Social Services,"Construction of Multi-Purpose Facilities, Pilar, Capiz",Capiz 1st District Engineering Office,Capiz 1st District Engineering Office,30000000.0,2773,7000000.0,5000000.0,10000000.0,5000000.0,2000000.0,7.7566437339808445
2027,BIP - Multi-Purpose Buildings/ Facilities to support Social Services,"Construction of Multi-Purpose Building at Pasolo 3S Center, Barangay Pasolo, Valenzuela City, 14.706160, 120.952819",Metro Manila 3rd District Engineering Office,Metro Manila 3rd District Engineering Office,30000000.0,2773,7000000.0,5000000.0,10000000.0,5000000.0,2000000.0,7.7566437339808445
2027,BIP - Multi-Purpose Buildings/ Facilities to support Social Services,"Construction of Multi-Purpose Building Evacuation Facility and Command Center, Subic, Zambales (14.878675, 120.229466)",Zambales 2nd District Engineering Office,Zambales 2nd District Engineering Office,30000000.0,2773,7000000.0,5000000.0,10000000.0,5000000.0,2000000.0,7.7566437339808445
2027,BIP - Multi-Purpose Buildings/ Facilities to support Social Services,"Construction of Multi-Purpose Facility, Barangay Saint Francis II, Limay, Bataan (14.574849, 120.588320)",Bataan 2nd District Engineering Office,Bataan 2nd District Engineering Office,30000000.0,2773,7000000.0,5000000.0,10000000.0,5000000.0,2000000.0,7.7566437339808445
2027,BIP - Multi-Purpose Buildings/ Facilities to support Social Services,"Construction of Multi-Purpose Building, Barangay Victoria, Llanera, Nueva Ecija",Nueva Ecija 1st District Engineering Office,Nueva Ecija 1st District Engineering Office,30000000.0,2773,7000000.0,5000000.0,10000000.0,5000000.0,2000000.0,7.7566437339808445
2027,BIP - Multi-Purpose Buildings/ Facilities to support Social Services,"Construction of Multi-Purpose Building, Subic Fishing Port, Subic Zambales (14.8762, 120.2324)",Zambales 2nd District Engineering Office,Zambales 2nd District Engineering Office,30000000.0,2773,7000000.0,5000000.0,10000000.0,5000000.0,2000000.0,7.7566437339808445
2027,BIP - Multi-Purpose Buildings/ Facilities to support Social Services,"Construction (Completion) of Multi-Purpose Building, Buluan, Maguindanao del Sur",Regional Office XII BARMM,Regional Office XII BARMM,30000000.0,2773,7000000.0,5000000.0,10000000.0,5000000.0,2000000.0,7.7566437339808445
2027,BIP - Multi-Purpose Buildings/ Facilities to support Social Services,"Construction (Completion) of Multi-Purpose Building, Barangay 1, Hinoba-an, Negros Occidental",Negros Occidental 3rd District Engineering Office,Negros Occidental 3rd District Engineering Office,30000000.0,2773,7000000.0,5000000.0,10000000.0,5000000.0,2000000.0,7.7566437339808445
2027,BIP - Multi-Purpose Buildings/ Facilities to support Social Services,"Construction of Multi-Purpose Building, Barangay Punta TayTay, Bacolod City",Bacolod City District Engineering Office,Bacolod City District Engineering Office,30000000.0,2773,7000000.0,5000000.0,10000000.0,5000000.0,2000000.0,7.7566437339808445
2027,BIP - Multi-Purpose Buildings/ Facilities to support Social Services,"Construction of Multi-Purpose Building, Barangay Ilayang Palina, Liliw, Laguna",Laguna 3rd District Engineering Office,Laguna 3rd District Engineering Office,30000000.0,2773,7000000.0,5000000.0,10000000.0,5000000.0,2000000.0,7.7566437339808445
2027,BIP - Multi-Purpose Buildings/ Facilities to support Social Services,"Construction of Multi-Purpose Building, Barangay San Roque, Rosario, Batangas",Batangas 4th District Engineering Office,Batangas 4th District Engineering Office,30000000.0,2773,7000000.0,5000000.0,10000000.0,5000000.0,2000000.0,7.7566437339808445
2027,BIP - Multi-Purpose Buildings/ Facilities to support Social Services,"Construction of Multi-Purpose Building/ Evacuation Center, Barangay Tanza Baybay, Iloilo City, Iloilo",Iloilo City District Engineering Office,Iloilo City District Engineering Office,30000000.0,2773,7000000.0,5000000.0,10000000.0,5000000.0,2000000.0,7.7566437339808445
2027,BIP - Multi-Purpose Buildings/ Facilities to support Social Services,"Construction of Multi-Purpose Building, Barangay Handumanan, Bacolod City",Bacolod City District Engineering Office,Bacolod City District Engineering Office,30000000.0,2773,7000000.0,5000000.0,10000000.0,5000000.0,2000000.0,7.7566437339808445
2027,BIP - Multi-Purpose Buildings/ Facilities to support Social Services,"Construction of Multi-Purpose Building (Gym), Barangay Poblacion, Mangatarem, Pangasinan",Pangasinan 2nd District Engineering Office,Pangasinan 2nd District Engineering Office,30000000.0,2773,7000000.0,5000000.0,10000000.0,5000000.0,2000000.0,7.7566437339808445
2027,BIP - Multi-Purpose Buildings/ Facilities to support Social Services,"Construction (Completion) of Multi-Purpose Building, Barangay 1, Ilog, Negros Occidental",Negros Occidental 3rd District Engineering Office,Negros Occidental 3rd District Engineering Office,30000000.0,2773,7000000.0,5000000.0,10000000.0,5000000.0,2000000.0,7.7566437339808445
2027,BIP - Multi-Purpose Buildings/ Facilities to support Social Services,"Construction of Multi-Purpose Building of Barangay Makinabang, Baliwag City, Bulacan",Bulacan 1st District Engineering Office,Bulacan 1st District Engineering Office,30000000.0,2773,7000000.0,5000000.0,10000000.0,5000000.0,2000000.0,7.7566437339808445
2027,BIP - Multi-Purpose Buildings/ Facilities to support Social Services,"Construction of Multi-Purpose Building of Barangay Sta. Barbara, Baliwag City, Bulacan",Bulacan 1st District Engineering Office,Bulacan 1st District Engineering Office,30000000.0,2773,7000000.0,5000000.0,10000000.0,5000000.0,2000000.0,7.7566437339808445
2027,BIP - Multi-Purpose Buildings/ Facilities to support Social Services,"Construction of Multi-Purpose Building (Barangay Hall), Barangay Malimatoc II, Mabini, Batangas",Batangas 2nd District Engineering Office,Batangas 2nd District Engineering Office,30000000.0,2773,7000000.0,5000000.0,10000000.0,5000000.0,2000000.0,7.7566437339808445
2027,BIP - Multi-Purpose Buildings/ Facilities to support Social Services,"Construction of Multi-Purpose Building of Barangay Bagong Nayon, Baliwag City, Bulacan",Bulacan 1st District Engineering Office,Bulacan 1st District Engineering Office,30000000.0,2773,7000000.0,5000000.0,10000000.0,5000000.0,2000000.0,7.7566437339808445
2027,BIP - Multi-Purpose Buildings/ Facilities to support Social Services,"Construction of Multi-Purpose Building, Barangay Poblacion, Leon, Iloilo",Iloilo 4th District Engineering Office,Iloilo 4th District Engineering Office,30000000.0,2773,7000000.0,5000000.0,10000000.0,5000000.0,2000000.0,7.7566437339808445
2027,BIP - Multi-Purpose Buildings/ Facilities to support Social Services,"Construction of Multi-Purpose Building, Apa Mimbalay, Masiu, Lanao del Sur",Regional Office X BARMM,Regional Office X BARMM,30000000.0,2773,7000000.0,5000000.0,10000000.0,5000000.0,2000000.0,7.7566437339808445
2027,BIP - Access Roads and/or Bridges from the National Roads leading to Major/ Strategic Public Buildings/ Facilities,"Rehabilitation Of Road And Drainage At Samonte, Barangay Holy Spirit, Quezon City",Quezon City 1st District Engineering Office,Quezon City 1st District Engineering Office,79870000.0,3271,11000000.0,5000000.0,30000000.0,25000000.0,6000000.0,7.742029767525518
2027,Construction of New Bridges,Pagnamitan Br. along Guiuan-Sulangan Peninsula Road,Eastern Samar District Engineering Office,Eastern Samar District Engineering Office,150000000.0,22,30420000.0,22630000.0,129860000.0,107230000.0,10420000.0,7.740461134185341
2027,Construction of New Bridges,Subic Ilaya Br. Along Talisay-Laurel-Agoncillo Rd,Batangas 3rd District Engineering Office,Batangas 3rd District Engineering Office,150000000.0,22,30420000.0,22630000.0,129860000.0,107230000.0,10420000.0,7.740461134185341
2027,BIP - Access Roads and/or Bridges from the National Roads leading to Major/ Strategic Public Buildings/ Facilities,"Construction of Road and Drainage at Orange St. (Chainage 0+000 - Chainage 0+104), Manga St. (Chainage 0+000 - Chainage 0+330), Rambutan St. (Chainage 0+000 - Chainage 0+036), Kamatsile St. (Chainage 0+074 - Chainage 0+149) at Barangay Sta. Monica, Quezon City",Quezon City 1st District Engineering Office,Quezon City 1st District Engineering Office,79025000.0,3271,11000000.0,5000000.0,30000000.0,25000000.0,6000000.0,7.647038985565898
2027,Retrofitting/ Strengthening of Permanent Bridges,Mananga Br. 1 (B00073CB) along N Bacalso Ave (Cebu South Rd),Cebu 1st District Engineering Office,Cebu 1st District Engineering Office,85000000.0,111,13524000.0,8454000.0,20000000.0,11546000.0,6324000.0,7.623324086709221
2027,Rehabilitation/ Major Repair of Permanent Bridges,EDSA/Ortigas Interchange (B03316LZ) along EDSA/Ortigas Interchange,Metro Manila 1st District Engineering Office,Metro Manila 1st District Engineering Office,62000000.0,269,7800000.0,4000000.0,15000000.0,11000000.0,4800000.0,7.616124825756554
2027,Replacement of Permanent Weak Bridges,"Dancalan Br. (B05019LZ) along Dancalan-Sta. Cruz, Donsol-Pio Duran Roa",Sorsogon District Engineering Office,Sorsogon District Engineering Office,250000000.0,185,39858000.0,25000000.0,75000000.0,50000000.0,18616000.0,7.613818069291506
2027,Rehabilitation/ Reconstruction/ Upgrading of Damaged Paved Roads - Primary Roads,"Maharlika Highway (Sn Isidro-Sn Juanico Br) - K0724 + 000 - K0724 + 095, K0724 + 280 - K0724 + 316, K0724 + 591 - K0724 + 655, K0724 + 743 - K0724 + 854, K0729 + 320 - K0729 + 437, K0729 + 776 - K0730 + 010, K0732 + 504 - K0732 + 669, K0732 + 780 - K0732 + 896, K0735 + 853 - K0737 + 080, K0738 + 194 - K0740 + 394",Samar 1st District Engineering Office,Samar 1st District Engineering Office,168767000.0,116,18577000.0,8739000.0,59687250.0,50948250.0,13469500.0,7.5208261008790105
2027,BIP - Access Roads and/or Bridges from the National Roads leading to Major/ Strategic Public Buildings/ Facilities,"Construction of Bridge along Dasmariñas - General Trias - Tanza Diversion Road, Tanza Section, Tanza, Cavite",Cavite 1st District Engineering Office,Cavite 1st District Engineering Office,77000000.0,3271,11000000.0,5000000.0,30000000.0,25000000.0,6000000.0,7.419398354242547
2027,BIP - Multi-Purpose Buildings/ Facilities to support Social Services,"Construction of Multi-Purpose Building (Sewerage Treatment Plant) with Facilities, Barangay Balbagon, Municipality of Mambajao, Province of Camiguin",Camiguin District Engineering Office,Camiguin District Engineering Office,29000000.0,2773,7000000.0,5000000.0,10000000.0,5000000.0,2000000.0,7.419398354242547
2027,Construction of New Bridges,Poblacion/Barrera Jr Br. along Cabutagan-Haluban-Sooc Rd,Camarines Sur 1st District Engineering Office,Camarines Sur 1st District Engineering Office,145000000.0,22,30420000.0,22630000.0,129860000.0,107230000.0,10420000.0,7.4168091382752666
2027,Construction/ Maintenance of Flood Mitigation Structures and Drainage Systems,"Construction of Flood Mitigation Structure, G. Araneta Avenue to San Juan River, Quezon City",Quezon City 2nd District Engineering Office,Quezon City 2nd District Engineering Office,330000000.0,1071,32500000.0,10000000.0,93000000.0,83000000.0,27064000.0,7.414314253040462
2027,BIP - Access Roads and/or Bridges from the National Roads leading to Major/ Strategic Public Buildings/ Facilities,"Construction of Road, Carsadang Bago R1 By-Pass, Sta. 0 + 871- Sta. 1 + 340, Kawit, Cavite",Cavite 1st District Engineering Office,Cavite 1st District Engineering Office,76900000.0,3271,11000000.0,5000000.0,30000000.0,25000000.0,6000000.0,7.408156841584604
2027,Construction/ Upgrading/ Rehabilitation of Drainage along National Roads - Tertiary Roads,MJ Cuenco Ave - (S00101CB) Chainage 000 - Chainage 291,Cebu City District Engineering Office,Cebu City District Engineering Office,72750000.0,12,7874000.0,4944500.0,19977500.0,15033000.0,5950000.0,7.3543298339165695
2027,BIP - Access Roads and/or Bridges from the National Roads leading to Major/ Strategic Public Buildings/ Facilities,"Construction of Road leading to Municipal Complex, Pahut, Bongao, Tawi-Tawi",Regional Office IX BARMM,Regional Office IX BARMM,76000000.0,3271,11000000.0,5000000.0,30000000.0,25000000.0,6000000.0,7.306983227663114
2027,BIP - Access Roads and/or Bridges from the National Roads leading to Major/ Strategic Public Buildings/ Facilities,"Rehabilitation of Pilar South Road, Sta. 0+000-Sta. 1+100, Pilar, Abra",Abra District Engineering Office,Abra District Engineering Office,75800000.0,3271,11000000.0,5000000.0,30000000.0,25000000.0,6000000.0,7.284500202347228
2027,Rehabilitation/ Reconstruction/ Upgrading of Damaged Paved Roads - Secondary Roads,Puerto Princesa North Rd - K0022 + 700 - K0023 + 300,Palawan 3rd District Engineering Office,Palawan 3rd District Engineering Office,150000000.0,155,21049000.0,10652000.0,36805500.0,26153500.0,12067000.0,7.207778066235719
2027,BIP - Access Roads and/or Bridges from the National Roads leading to Major/ Strategic Public Buildings/ Facilities,"Construction of road, Sitio Mabago to Sitio Minloon, Barangay Hubangon, Mahinog, Camiguin",Camiguin District Engineering Office,Camiguin District Engineering Office,75000000.0,3271,11000000.0,5000000.0,30000000.0,25000000.0,6000000.0,7.194568101083682
2027,BIP - Access Roads and/or Bridges from the National Roads leading to Major/ Strategic Public Buildings/ Facilities,"Rehabilitation of Road at Barangay Sta. Rita, Concepcion, Tarlac",Tarlac 2nd District Engineering Office,Tarlac 2nd District Engineering Office,75000000.0,3271,11000000.0,5000000.0,30000000.0,25000000.0,6000000.0,7.194568101083682
2027,BIP - Access Roads and/or Bridges from the National Roads leading to Major/ Strategic Public Buildings/ Facilities,"Rehabilitation of Road with Drainage at Mamplasan-Ganado Road, Biñan City, Laguna",Laguna 2nd District Engineering Office,Laguna 2nd District Engineering Office,75000000.0,3271,11000000.0,5000000.0,30000000.0,25000000.0,6000000.0,7.194568101083682
2027,BIP - Access Roads and/or Bridges from the National Roads leading to Major/ Strategic Public Buildings/ Facilities,"Construction of Road, Barangay Celing - Barangay Cansibuan, Antequera, Bohol",Bohol 1st District Engineering Office,Bohol 1st District Engineering Office,75000000.0,3271,11000000.0,5000000.0,30000000.0,25000000.0,6000000.0,7.194568101083682
2027,BIP - Access Roads and/or Bridges from the National Roads leading to Major/ Strategic Public Buildings/ Facilities,"Construction of Moncada-San Manuel Bypass Road (Section 5), Tarlac",Tarlac District Engineering Office,Tarlac District Engineering Office,75000000.0,3271,11000000.0,5000000.0,30000000.0,25000000.0,6000000.0,7.194568101083682
2027,BIP - Access Roads and/or Bridges from the National Roads leading to Major/ Strategic Public Buildings/ Facilities,"Construction of NRJ Daang Maharlika Bunawan Proper–San Isidro–Kitoy–Mabunao–Kauswagan–Jct. Panabo City Fatima–Malabog Road, Panabo City, Davao del Norte",Davao del Norte 2nd District Engineering Office,Davao del Norte 2nd District Engineering Office,75000000.0,3271,11000000.0,5000000.0,30000000.0,25000000.0,6000000.0,7.194568101083682
2027,BIP - Access Roads and/or Bridges from the National Roads leading to Major/ Strategic Public Buildings/ Facilities,"Construction of Road Network of CESAR, Barangay Balatas, Naga City, Camarines Sur",Camarines Sur 3rd District Engineering Office,Camarines Sur 3rd District Engineering Office,75000000.0,3271,11000000.0,5000000.0,30000000.0,25000000.0,6000000.0,7.194568101083682
2027,BIP - Access Roads and/or Bridges from the National Roads leading to Major/ Strategic Public Buildings/ Facilities,"Construction (Replacement) of Kayapa Bridge, Sta. 1+220 - Sta. 1+260, Hingyon, Ifugao",Ifugao 1st District Engineering Office,Ifugao 1st District Engineering Office,75000000.0,3271,11000000.0,5000000.0,30000000.0,25000000.0,6000000.0,7.194568101083682
2027,BIP - Access Roads and/or Bridges from the National Roads leading to Major/ Strategic Public Buildings/ Facilities,"Rehabilitation of Mapapac-Buhang Diversion Road, Layog-Macabari-Bangate Section, Barcelona, Sorsogon, Sta. 0 + 000 - Sta. 3 + 000",Sorsogon 2nd District Engineering Office,Sorsogon 2nd District Engineering Office,75000000.0,3271,11000000.0,5000000.0,30000000.0,25000000.0,6000000.0,7.194568101083682
2027,BIP - Access Roads and/or Bridges from the National Roads leading to Major/ Strategic Public Buildings/ Facilities,"Rehabilitation of Road at Barangay Minane, Concepcion, Tarlac",Tarlac 2nd District Engineering Office,Tarlac 2nd District Engineering Office,75000000.0,3271,11000000.0,5000000.0,30000000.0,25000000.0,6000000.0,7.194568101083682
2027,BIP - Access Roads and/or Bridges from the National Roads leading to Major/ Strategic Public Buildings/ Facilities,"Construction of Access Road leading to Sitio of Pines, Tubaday, Santol, La Union",La Union 1st District Engineering Office,La Union 1st District Engineering Office,75000000.0,3271,11000000.0,5000000.0,30000000.0,25000000.0,6000000.0,7.194568101083682
2027,BIP - Access Roads and/or Bridges from the National Roads leading to Major/ Strategic Public Buildings/ Facilities,"Improvement of Rissing to Paratong No.4 Road leading to Paratong District Beach, Bangar, La Union",La Union 1st District Engineering Office,La Union 1st District Engineering Office,75000000.0,3271,11000000.0,5000000.0,30000000.0,25000000.0,6000000.0,7.194568101083682
2027,BIP - Access Roads and/or Bridges from the National Roads leading to Major/ Strategic Public Buildings/ Facilities,"Construction of Rizal Bridge to Haguimitan (Haguimitan Creek) Monkayo, Davao de Oro",Davao de Oro 2nd District Engineering Office,Davao de Oro 2nd District Engineering Office,75000000.0,3271,11000000.0,5000000.0,30000000.0,25000000.0,6000000.0,7.194568101083682
2027,BIP - Access Roads and/or Bridges from the National Roads leading to Major/ Strategic Public Buildings/ Facilities,"Construction of Road, Barangay Mabini, Gamu, Isabela",Isabela 3rd District Engineering Office,Isabela 3rd District Engineering Office,75000000.0,3271,11000000.0,5000000.0,30000000.0,25000000.0,6000000.0,7.194568101083682
2027,BIP - Access Roads and/or Bridges from the National Roads leading to Major/ Strategic Public Buildings/ Facilities,"Construction of Bridge, Barangay Lalig, Tiaong, Quezon",Quezon 2nd District Engineering Office,Quezon 2nd District Engineering Office,75000000.0,3271,11000000.0,5000000.0,30000000.0,25000000.0,6000000.0,7.194568101083682
2027,BIP - Access Roads and/or Bridges from the National Roads leading to Major/ Strategic Public Buildings/ Facilities,"Rehabilitation of Road at Barangay Jefmin, Concepcion, Tarlac",Tarlac 2nd District Engineering Office,Tarlac 2nd District Engineering Office,75000000.0,3271,11000000.0,5000000.0,30000000.0,25000000.0,6000000.0,7.194568101083682
2027,BIP - Access Roads and/or Bridges from the National Roads leading to Major/ Strategic Public Buildings/ Facilities,"Construction of By-pass and Diversion Roads along Sto. Domingo Aranguren Bypass Road, Sta. 0+670.00 to Sta. 1+170.00, Capas, Tarlac",Tarlac 2nd District Engineering Office,Tarlac 2nd District Engineering Office,75000000.0,3271,11000000.0,5000000.0,30000000.0,25000000.0,6000000.0,7.194568101083682
2027,BIP - Access Roads and/or Bridges from the National Roads leading to Major/ Strategic Public Buildings/ Facilities,"Rehabilitation of Road at Barangay Sto. Nino, Bamban, Tarlac",Tarlac 2nd District Engineering Office,Tarlac 2nd District Engineering Office,75000000.0,3271,11000000.0,5000000.0,30000000.0,25000000.0,6000000.0,7.194568101083682
2027,BIP - Access Roads and/or Bridges from the National Roads leading to Major/ Strategic Public Buildings/ Facilities,"Construction of Access Road going to Anao TPLEX (Section 4), Tarlac",Tarlac District Engineering Office,Tarlac District Engineering Office,75000000.0,3271,11000000.0,5000000.0,30000000.0,25000000.0,6000000.0,7.194568101083682
2027,BIP - Access Roads and/or Bridges from the National Roads leading to Major/ Strategic Public Buildings/ Facilities,"Construction of Guiguinto By-pass Road- Construction of Bridge Sta. 1+608.61 - Sta. 1+628.61, Guiguinto, Bulacan",Bulacan 1st District Engineering Office,Bulacan 1st District Engineering Office,75000000.0,3271,11000000.0,5000000.0,30000000.0,25000000.0,6000000.0,7.194568101083682
2027,BIP - Access Roads and/or Bridges from the National Roads leading to Major/ Strategic Public Buildings/ Facilities,"Construction of Roads, Barangay Polangi-Paticua-San Pascual, Sta. 002+607 - Sta. 004+607, Catarman, Northern Samar",Northern Samar 1st District Engineering Office,Northern Samar 1st District Engineering Office,75000000.0,3271,11000000.0,5000000.0,30000000.0,25000000.0,6000000.0,7.194568101083682
2027,BIP - Access Roads and/or Bridges from the National Roads leading to Major/ Strategic Public Buildings/ Facilities,"Rehabilitation of Road at Barangay San Vicente to Barangay Sta. Rita Road, Concepcion, Tarlac",Tarlac 2nd District Engineering Office,Tarlac 2nd District Engineering Office,75000000.0,3271,11000000.0,5000000.0,30000000.0,25000000.0,6000000.0,7.194568101083682
2027,BIP - Access Roads and/or Bridges from the National Roads leading to Major/ Strategic Public Buildings/ Facilities,"Construction of Sagrada Diversion Road (Daang Maharlika Rd to Baao-Iriga City-Nabua Rd.), Baao, Camarines Sur, Sta. 0 + 000.00 - Sta. 0 + 300.00",Camarines Sur 5th District Engineering Office,Camarines Sur 5th District Engineering Office,75000000.0,3271,11000000.0,5000000.0,30000000.0,25000000.0,6000000.0,7.194568101083682
2027,Construction of Missing Links/ New Roads,"Mindoro Island Circumferential Road (Puerto Galera - Abra de Ilog), Barangay Udalo, Abra de Ilog, Occidental Mindoro, Sta. 1 + 435 - Sta. 1 + 645, Sta. 7 + 094 - Sta. 7 + 165, Sta. 9 + 560 - Sta. 9 + 916, Sta. 16 + 000 - Sta. 16 + 700",Mindoro Occidental District Engineering Office,Mindoro Occidental District Engineering Office,700000000.0,166,119550000.0,75000000.0,200000000.0,125000000.0,55000000.0,7.118330206148903
2027,Widening of Permanent Bridges,Pambujan Br. (B00299SM) along Catarman-Laoang Rd,Northern Samar 2nd District Engineering Office,Northern Samar 2nd District Engineering Office,250000000.0,256,40000000.0,23150000.0,69000000.0,45850000.0,20000000.0,7.0821529745042495
2027,BIP - Access Roads and/or Bridges from the National Roads leading to Major/ Strategic Public Buildings/ Facilities,"Improvement of Road with Drainage Systems, Palmera 5, Barangay Dela Paz, Antipolo City, Sta.(0+000 - Sta.0+526)",Rizal 1st District Engineering Office,Rizal 1st District Engineering Office,74000000.0,3271,11000000.0,5000000.0,30000000.0,25000000.0,6000000.0,7.0821529745042495
2027,Construction/ Maintenance of Flood Mitigation Structures and Drainage Systems,"Construction of Drainage Structure (including Pumping Station) along Lacson Street, Bacolod City (Sta. 0+000 - Sta. 0+180)",Bacolod City District Engineering Office,Bacolod City District Engineering Office,315000000.0,1071,32500000.0,10000000.0,93000000.0,83000000.0,27064000.0,7.0404832822989265
2027,Preventive Maintenance - Primary Roads,"Manila North Rd - K0212 + 007 - K0213 + 497, K0215 + (-927) - K0215 + (-837), K0215 + (-808) - K0215 + (-077), K0217 + 1010 - K0218 + 333, K0218 + 655 - K0219 + 076, K0220 + 418 - K0220 + 571, K0220 + 618 - K0220 + 857, K0222 + 000 - K0222 + 661, K0223 + 589 - K0223 + 906, K0225 + 870 - K0226 + 144, K0227 + 994 - K0229 + 753, K0231 + 576 - K0232 + 174, K0233 + 212 - K0233 + 383",La Union 2nd District Engineering Office,La Union 2nd District Engineering Office,377931000.0,215,49255000.0,19987500.0,83940000.0,63952500.0,32031000.0,6.921074111383642
2027,BIP - Access Roads and/or Bridges from the National Roads leading to Major/ Strategic Public Buildings/ Facilities,"Balanti Br., Sta. 0+000.00 - Sta. 0+048.80, Balanti, Tarlac City, Tarlac",Tarlac District Engineering Office,Tarlac District Engineering Office,72000000.0,3271,11000000.0,5000000.0,30000000.0,25000000.0,6000000.0,6.857322721345384
2027,Replacement of Permanent Weak Bridges,Gen. Luna Br. (B01324LZ) along Maharlika Highway (LZ),Nueva Ecija 2nd District Engineering Office,Nueva Ecija 2nd District Engineering Office,228399000.0,185,39858000.0,25000000.0,75000000.0,50000000.0,18616000.0,6.831175455655175
2027,BIP - Access Roads and/or Bridges from the National Roads leading to Major/ Strategic Public Buildings/ Facilities,"Construction of Sitio Dangkong - Sitio Mangga Road, Barangay Laconon, T'boli, South Cotabato",South Cotabato 2nd District Engineering Office,South Cotabato 2nd District Engineering Office,71500000.0,3271,11000000.0,5000000.0,30000000.0,25000000.0,6000000.0,6.801115158055668
2027,BIP - Multi-Purpose Buildings/ Facilities to support Social Services,"Construction of Multi-Purpose Building (Home for the Aged), Matangtubig, Baliwag, Bulacan (120.857047, 14.957706)",Bulacan 1st District Engineering Office,Bulacan 1st District Engineering Office,27000000.0,2773,7000000.0,5000000.0,10000000.0,5000000.0,2000000.0,6.744907594765952
2027,Water Supply System,"Construction of Water System, Cabusao, Camarines Sur",Camarines Sur 1st District Engineering Office,Camarines Sur 1st District Engineering Office,25000000.0,435,5000000.0,5000000.0,10000000.0,5000000.0,2000000.0,6.744907594765952
2027,Water Supply System,"Construction of Water Supply System (Level III), Barangay Dangan, Reina Mercedes, Isabela",Isabela 3rd District Engineering Office,Isabela 3rd District Engineering Office,25000000.0,435,5000000.0,5000000.0,10000000.0,5000000.0,2000000.0,6.744907594765952
2027,Water Supply System,"Construction of Water System Facility, Samal and Kaputian District, IGACOS, Davao del Norte",Davao del Norte 2nd District Engineering Office,Davao del Norte 2nd District Engineering Office,25000000.0,435,5000000.0,5000000.0,10000000.0,5000000.0,2000000.0,6.744907594765952
2027,Construction/ Maintenance of Flood Mitigation Structures and Drainage Systems,"Construction of Drainage Structure (including Pumping Station) along La Salle Avenue, Bacolod City (Sta. 0+000 - Sta. 0+150)",Bacolod City District Engineering Office,Bacolod City District Engineering Office,302100000.0,1071,32500000.0,10000000.0,93000000.0,83000000.0,27064000.0,6.718988647461205
2027,Replacement of Permanent Weak Bridges,Makinhas Br. (B00559LT) along Tacloban-Baybay South Rd,Leyte 5th District Engineering Office,Leyte 5th District Engineering Office,225000000.0,185,39858000.0,25000000.0,75000000.0,50000000.0,18616000.0,6.708023645843134
2027,Construction/ Maintenance of Flood Mitigation Structures and Drainage Systems,"Construction of Retarding Basin in Barangay Balatas, Naga City, Camarines Sur",Camarines Sur 3rd District Engineering Office,Camarines Sur 3rd District Engineering Office,300000000.0,1071,32500000.0,10000000.0,93000000.0,83000000.0,27064000.0,6.666652311557391
2027,Construction/ Maintenance of Flood Mitigation Structures and Drainage Systems,"Construction of Drainage Canal along Bulana-Bulanao Norte-Laya West-Laya East Road, Sta.0+000 - Sta.12+819, Tabuk City, Kalinga",Lower Kalinga District Engineering Office,Lower Kalinga District Engineering Office,300000000.0,1071,32500000.0,10000000.0,93000000.0,83000000.0,27064000.0,6.666652311557391
2027,Construction/ Maintenance of Flood Mitigation Structures and Drainage Systems,"Construction Of Main Drainage Along R. Calo St., Montilla Street Jct. To Salvador Calo Jct., Butuan City",Butuan City District Engineering Office,Butuan City District Engineering Office,300000000.0,1071,32500000.0,10000000.0,93000000.0,83000000.0,27064000.0,6.666652311557391
2027,Construction/ Maintenance of Flood Mitigation Structures and Drainage Systems,"Construction of Marina Development Project, Butuan City Riverpark and Riverwalk with Drainage and Sidewalks, Butuan City, Agusan Del Norte, 8.951115, 125.543812",Butuan City District Engineering Office,Butuan City District Engineering Office,300000000.0,1071,32500000.0,10000000.0,93000000.0,83000000.0,27064000.0,6.666652311557391
2027,Construction/ Maintenance of Flood Mitigation Structures and Drainage Systems,"Construction of Flood Mitigation Structure along Bugaan River (Downstream), Laurel, Batangas",Batangas 3rd District Engineering Office,Batangas 3rd District Engineering Office,300000000.0,1071,32500000.0,10000000.0,93000000.0,83000000.0,27064000.0,6.666652311557391
2027,Construction/ Maintenance of Flood Mitigation Structures and Drainage Systems,"Construction of Revetment along Imus River, from Barangay San Agustin to Barangay Sampaloc, Dasmariñas City, Cavite",Cavite 3rd District Engineering Office,Cavite 3rd District Engineering Office,300000000.0,1071,32500000.0,10000000.0,93000000.0,83000000.0,27064000.0,6.666652311557391
2027,Construction/ Maintenance of Flood Mitigation Structures and Drainage Systems,"Construction of Flood Mitigation Structure along Bugaan River (Upstream), Laurel, Batangas",Batangas 3rd District Engineering Office,Batangas 3rd District Engineering Office,300000000.0,1071,32500000.0,10000000.0,93000000.0,83000000.0,27064000.0,6.666652311557391
2027,Construction/ Maintenance of Flood Mitigation Structures and Drainage Systems,"Construction of Revetment and other improvements along Zapote River, Barangay Aniban to Barangay Ligas, Bacoor City, Cavite",Cavite 3rd District Engineering Office,Cavite 3rd District Engineering Office,300000000.0,1071,32500000.0,10000000.0,93000000.0,83000000.0,27064000.0,6.666652311557391
2027,Construction/ Maintenance of Flood Mitigation Structures and Drainage Systems,Lapu-lapu Urban Drainage System,Cebu 6th District Engineering Office,Cebu 6th District Engineering Office,300000000.0,1071,32500000.0,10000000.0,93000000.0,83000000.0,27064000.0,6.666652311557391
2027,BIP - Access Roads and/or Bridges from the National Roads leading to Major/ Strategic Public Buildings/ Facilities,"Construction of Bridge at Barangay Malitlit, Lipa City, Batangas",Batangas 4th District Engineering Office,Batangas 4th District Engineering Office,70000000.0,3271,11000000.0,5000000.0,30000000.0,25000000.0,6000000.0,6.632492468186519
2027,BIP - Access Roads and/or Bridges from the National Roads leading to Major/ Strategic Public Buildings/ Facilities,"Construction of Road, Barangay Langka , Municipality of Lupon - Barangay Poblacion, Municipality of Banaybanay, Davao Oriental - (Sta. 0+500.000 – Sta. 2+882.000)",Davao Oriental 2nd District Engineering Office,Davao Oriental 2nd District Engineering Office,70000000.0,3271,11000000.0,5000000.0,30000000.0,25000000.0,6000000.0,6.632492468186519
2027,BIP - Access Roads and/or Bridges from the National Roads leading to Major/ Strategic Public Buildings/ Facilities,"Construction of Bridge at Barangay Tangway, Lipa City, Batangas",Batangas 4th District Engineering Office,Batangas 4th District Engineering Office,70000000.0,3271,11000000.0,5000000.0,30000000.0,25000000.0,6000000.0,6.632492468186519
2027,BIP - Access Roads and/or Bridges from the National Roads leading to Major/ Strategic Public Buildings/ Facilities,"Construction of Road, Bonbong to Ambuan, Catigbian, Bohol",Bohol 1st District Engineering Office,Bohol 1st District Engineering Office,70000000.0,3271,11000000.0,5000000.0,30000000.0,25000000.0,6000000.0,6.632492468186519
2027,BIP - Access Roads and/or Bridges from the National Roads leading to Major/ Strategic Public Buildings/ Facilities,"Construction of Binubuhan Bridge at Barangay Binubuhan, Bago City, Negros Occidental",Negros Occidental 4th District Engineering Office,Negros Occidental 4th District Engineering Office,70000000.0,3271,11000000.0,5000000.0,30000000.0,25000000.0,6000000.0,6.632492468186519
2027,BIP - Access Roads and/or Bridges from the National Roads leading to Major/ Strategic Public Buildings/ Facilities,"Construction (Completion) of Laog Bridge, Barangay Laog, Angat, Bulacan (121.031563, 14.924604)",Bulacan 2nd District Engineering Office,Bulacan 2nd District Engineering Office,70000000.0,3271,11000000.0,5000000.0,30000000.0,25000000.0,6000000.0,6.632492468186519
2027,BIP - Access Roads and/or Bridges from the National Roads leading to Major/ Strategic Public Buildings/ Facilities,"Construction of Road, Rizal to Poblacion Weste, Catigbian, Bohol",Bohol 1st District Engineering Office,Bohol 1st District Engineering Office,70000000.0,3271,11000000.0,5000000.0,30000000.0,25000000.0,6000000.0,6.632492468186519
2027,BIP - Access Roads and/or Bridges from the National Roads leading to Major/ Strategic Public Buildings/ Facilities,"Construction of Road, Barangay Ranzo to Sitio Sambag, Barangay Ranzo, Carmen, Cotabato",Cotabato 3rd District Engineering Office,Cotabato 3rd District Engineering Office,70000000.0,3271,11000000.0,5000000.0,30000000.0,25000000.0,6000000.0,6.632492468186519
2027,BIP - Access Roads and/or Bridges from the National Roads leading to Major/ Strategic Public Buildings/ Facilities,"Construction of Road, Sitio Kibarawon, Barangay Liliongan, Carmen, Cotabato",Cotabato 3rd District Engineering Office,Cotabato 3rd District Engineering Office,70000000.0,3271,11000000.0,5000000.0,30000000.0,25000000.0,6000000.0,6.632492468186519
2027,BIP - Access Roads and/or Bridges from the National Roads leading to Major/ Strategic Public Buildings/ Facilities,"Construction of Road, Ilaor Norte - Busac Road, Oas, Albay Sta 0+000.00 - Sta. 1+270.00",Albay 3rd District Engineering Office,Albay 3rd District Engineering Office,70000000.0,3271,11000000.0,5000000.0,30000000.0,25000000.0,6000000.0,6.632492468186519
2027,BIP - Access Roads and/or Bridges from the National Roads leading to Major/ Strategic Public Buildings/ Facilities,"Rehabilitation of Jalandoni Br along Nabitasan Road, Iloilo City, Iloilo",Iloilo City District Engineering Office,Iloilo City District Engineering Office,70000000.0,3271,11000000.0,5000000.0,30000000.0,25000000.0,6000000.0,6.632492468186519
2027,BIP - Access Roads and/or Bridges from the National Roads leading to Major/ Strategic Public Buildings/ Facilities,"Construction of Pantao - Moroponros Road, Oas, Albay",Albay 3rd District Engineering Office,Albay 3rd District Engineering Office,70000000.0,3271,11000000.0,5000000.0,30000000.0,25000000.0,6000000.0,6.632492468186519
2027,BIP - Access Roads and/or Bridges from the National Roads leading to Major/ Strategic Public Buildings/ Facilities,"Construction of Bantayan Park - Bago Bridge Road in Barangay Poblacion and Barangay Lag-asan, Bago City, Negros Occidental",Negros Occidental 4th District Engineering Office,Negros Occidental 4th District Engineering Office,70000000.0,3271,11000000.0,5000000.0,30000000.0,25000000.0,6000000.0,6.632492468186519
2027,BIP - Access Roads and/or Bridges from the National Roads leading to Major/ Strategic Public Buildings/ Facilities,"Construction of Road, Barangay Tupas - Barangay Viga, Antequera, Bohol",Bohol 1st District Engineering Office,Bohol 1st District Engineering Office,70000000.0,3271,11000000.0,5000000.0,30000000.0,25000000.0,6000000.0,6.632492468186519
2027,BIP - Access Roads and/or Bridges from the National Roads leading to Major/ Strategic Public Buildings/ Facilities,"Rehabilitation/Concreting of Road from Barangay Arcon to Barangay Namnama, Tumauini, Isabela",Isabela 1st District Engineering Office,Isabela 1st District Engineering Office,70000000.0,3271,11000000.0,5000000.0,30000000.0,25000000.0,6000000.0,6.632492468186519
2027,BIP - Access Roads and/or Bridges from the National Roads leading to Major/ Strategic Public Buildings/ Facilities,"Construction of Road and Drainage at Barangay Bagong Kalsada to Barangay Masili, Calamba City, Laguna",Laguna 2nd District Engineering Office,Laguna 2nd District Engineering Office,70000000.0,3271,11000000.0,5000000.0,30000000.0,25000000.0,6000000.0,6.632492468186519
2027,BIP - Access Roads and/or Bridges from the National Roads leading to Major/ Strategic Public Buildings/ Facilities,"Construction of Makilo-Malalao Access Road, Barangays Cudal and Malalao, Tabuk City, Kalinga",Lower Kalinga District Engineering Office,Lower Kalinga District Engineering Office,70000000.0,3271,11000000.0,5000000.0,30000000.0,25000000.0,6000000.0,6.632492468186519
2027,Retrofitting/ Strengthening of Permanent Bridges,Mompong Br. (B00092MR) along Mindoro West Coastal Rd,Mindoro Occidental District Engineering Office,Mindoro Occidental District Engineering Office,75000000.0,111,13524000.0,8454000.0,20000000.0,11546000.0,6324000.0,6.556766908536237
2027,BIP - Access Roads and/or Bridges from the National Roads leading to Major/ Strategic Public Buildings/ Facilities,"Construction of Road, Barangay Rosacara, Bansud, Oriental Mindoro",Southern Mindoro District Engineering Office,Southern Mindoro District Engineering Office,69000000.0,3271,11000000.0,5000000.0,30000000.0,25000000.0,6000000.0,6.520077341607086
2027,Rehabilitation/ Reconstruction/ Upgrading of Damaged Paved Roads - Primary Roads,"Maharlika Highway (Sn Isidro-Sn Juanico Br) - K0754 + 500 - K0755 + 000, K0760 + 000 - K0760 + 769, K0764 + 200 - K0766 + 860",Samar 1st District Engineering Office,Samar 1st District Engineering Office,147172000.0,116,18577000.0,8739000.0,59687250.0,50948250.0,13469500.0,6.4394475826788495
2027,BIP - Access Roads and/or Bridges from the National Roads leading to Major/ Strategic Public Buildings/ Facilities,"Construction of Tubo-Tubo South Road, Tubo-Tubo South, Sta Cruz, Zambales Sta. 0+000.00-Sta 0+740.00",Zambales 1st District Engineering Office,Zambales 1st District Engineering Office,68000000.0,3271,11000000.0,5000000.0,30000000.0,25000000.0,6000000.0,6.4076622150276545
2027,BIP - Access Roads and/or Bridges from the National Roads leading to Major/ Strategic Public Buildings/ Facilities,"Construction of Sitio Naf - Demamis Road, Barangay Laconon, T'boli, South Cotabato",South Cotabato 2nd District Engineering Office,South Cotabato 2nd District Engineering Office,68000000.0,3271,11000000.0,5000000.0,30000000.0,25000000.0,6000000.0,6.4076622150276545
2027,BIP - Multi-Purpose Buildings/ Facilities to support Social Services,"Construction of Multi-Purpose Building, Lerma Court, Barangay 30, Caloocan City, 14.639931, 120.973771",Metro Manila 3rd District Engineering Office,Metro Manila 3rd District Engineering Office,26000000.0,2773,7000000.0,5000000.0,10000000.0,5000000.0,2000000.0,6.4076622150276545
2027,Replacement of Permanent Weak Bridges,Itawes Br. 1 (B04245LZ) along Cagayan-Apayao Rd,Cagayan 3rd District Engineering Office,Cagayan 3rd District Engineering Office,215181000.0,185,39858000.0,25000000.0,75000000.0,50000000.0,18616000.0,6.352263828089552
2027,Rehabilitation/ Major Repair of Permanent Bridges,EDSA/Ortigas Flyover (B03315LZ) along EDSA/Ortigas Flyover,Metro Manila 1st District Engineering Office,Metro Manila 1st District Engineering Office,53000000.0,269,7800000.0,4000000.0,15000000.0,11000000.0,4800000.0,6.351454651737938
2027,BIP - Access Roads and/or Bridges from the National Roads leading to Major/ Strategic Public Buildings/ Facilities,"Construction of Basag - Mongokayo Road, Barangay Basag, T'boli, South Cotabato",South Cotabato 2nd District Engineering Office,South Cotabato 2nd District Engineering Office,67000000.0,3271,11000000.0,5000000.0,30000000.0,25000000.0,6000000.0,6.295247088448222
2027,BIP - Multi-Purpose Buildings/ Facilities to support Social Services,"Construction of Multi-Purpose Building, Barangay Poblacion, Banate, Iloilo",Iloilo 2nd District Engineering Office,Iloilo 2nd District Engineering Office,25500000.0,2773,7000000.0,5000000.0,10000000.0,5000000.0,2000000.0,6.239039525158505
2027,Preventive Maintenance - Secondary Roads,Banisilan-Guiling-Alamada-Libungan Rd - K1632 + 320 - K1636 + 000,Cotabato 3rd District Engineering Office,Cotabato 3rd District Engineering Office,191370000.0,285,27300000.0,13803000.0,58500000.0,44697000.0,17800000.0,6.2170617363665714
2027,Replacement of Permanent Weak Bridges,Cauplasan Br. (B02395LZ) along Ilocos Norte-Apayao Rd,Ilocos Norte 2nd District Engineering Office,Ilocos Norte 2nd District Engineering Office,210954000.0,185,39858000.0,25000000.0,75000000.0,50000000.0,18616000.0,6.199112106972902
2027,Preventive Maintenance - Secondary Roads,"Siocon-Sirawai-Sibuco-Limpapa Rd - (S01151MN) Chainage 13315 - Chainage 15237, Chainage 15520 - Chainage 19774",Zamboanga del Norte 4th District Engineering Office,Zamboanga del Norte 4th District Engineering Office,190461000.0,285,27300000.0,13803000.0,58500000.0,44697000.0,17800000.0,6.182617236346109
2027,Rehabilitation/ Reconstruction/ Upgrading of Damaged Paved Roads - Primary Roads,"Maharlika Highway (LZ) - K0233 + 296 - K0234 + 717, K0234 + 800 - K0235 + 984, K0236 + 127 - K0236 + 276, K0236 + 816 - K0236 + 969, K0237 + 217 - K0237 + 528, K0237 + 643 - K0237 + 963, K0239 + 000 - K0239 + 114, K0239 + 347 - K0239 + 611, K0239 + 682 - K0239 + 973, K0240 + 212 - K0240 + 622, K0240 + 778 - K0240 + 978, K0241 + 688 - K0242 + 367, K0242 + 415 - K0242 + 482, K0242 + 895 - K0243 + 028, K0243 + 073 - K0243 + 114, K0243 + 840 - K0244 + 191, K0244 + 451 - K0244 + 489, K0244 + 609 - K0245 + 066, K0245 + 103 - K0245 + 176, K0245 + 820 - K0245 + 916, K0245 + 994 - K0246 + 319, K0246 + 452 - K0246 + 732",Quezon 4th District Engineering Office,Quezon 4th District Engineering Office,141823000.0,116,18577000.0,8739000.0,59687250.0,50948250.0,13469500.0,6.171594204866732
2027,Construction/ Maintenance of Flood Mitigation Structures and Drainage Systems,"Construction of Drainage Structure (including Pumping Station) along Araneta Avenue, Bacolod City (Sta. 0+000 - Sta. 0+120)",Bacolod City District Engineering Office,Bacolod City District Engineering Office,277000000.0,1071,32500000.0,10000000.0,93000000.0,83000000.0,27064000.0,6.093444823087036
2027,BIP - Access Roads and/or Bridges from the National Roads leading to Major/ Strategic Public Buildings/ Facilities,"Construction of Road with Drainage Facilities, Naga Road, Brgy. Babag, Lapu-Lapu City, Cebu",Cebu 6th District Engineering Office,Cebu 6th District Engineering Office,65000000.0,3271,11000000.0,5000000.0,30000000.0,25000000.0,6000000.0,6.070416835289357
2027,BIP - Access Roads and/or Bridges from the National Roads leading to Major/ Strategic Public Buildings/ Facilities,"Rehabilitation of Road Drainage, Holy Spirit Dr., Barangay Holy Spirit, Quezon City",Quezon City 1st District Engineering Office,Quezon City 1st District Engineering Office,65000000.0,3271,11000000.0,5000000.0,30000000.0,25000000.0,6000000.0,6.070416835289357
2027,BIP - Access Roads and/or Bridges from the National Roads leading to Major/ Strategic Public Buildings/ Facilities,"Construction of Drainage System along Yanga St., (C0+000 - C0+680), From Gov. I Santiago St. to Tongco St., Malabon City",Malabon Navotas District Engineering Office,Malabon Navotas District Engineering Office,65000000.0,3271,11000000.0,5000000.0,30000000.0,25000000.0,6000000.0,6.070416835289357
2027,BIP - Access Roads and/or Bridges from the National Roads leading to Major/ Strategic Public Buildings/ Facilities,"Construction of Caliddigan Bridge, Quezon, Isabela",Isabela 2nd District Engineering Office,Isabela 2nd District Engineering Office,65000000.0,3271,11000000.0,5000000.0,30000000.0,25000000.0,6000000.0,6.070416835289357
2027,BIP - Access Roads and/or Bridges from the National Roads leading to Major/ Strategic Public Buildings/ Facilities,"Concreting of Barangay Road at Tulay na Lupa- Barangay Napaod, Labo, Camarines Norte.",Camarines Norte District Engineering Office,Camarines Norte District Engineering Office,65000000.0,3271,11000000.0,5000000.0,30000000.0,25000000.0,6000000.0,6.070416835289357
2027,BIP - Access Roads and/or Bridges from the National Roads leading to Major/ Strategic Public Buildings/ Facilities,"Concreting of Barangay Road at Mabilo II, Labo, Camarines Norte",Camarines Norte District Engineering Office,Camarines Norte District Engineering Office,65000000.0,3271,11000000.0,5000000.0,30000000.0,25000000.0,6000000.0,6.070416835289357
2027,BIP - Access Roads and/or Bridges from the National Roads leading to Major/ Strategic Public Buildings/ Facilities,"Construction of Road, Barangay Isaub to Sagpangan, Aborlan, Palawan",Palawan 3rd District Engineering Office,Palawan 3rd District Engineering Office,65000000.0,3271,11000000.0,5000000.0,30000000.0,25000000.0,6000000.0,6.070416835289357
2027,BIP - Access Roads and/or Bridges from the National Roads leading to Major/ Strategic Public Buildings/ Facilities,"Construction of Road and Drainage System at Daisy Street, Chainage 000 - Chainage 221, Daffodils Street Chainage 000 - Chainage 255, Carnation Street Chainage 000 - Chainage 254 and Aster Street Chainage 000 - Chainage 349 in Barangay Fairview, Quezon City",Quezon City 1st District Engineering Office,Quezon City 1st District Engineering Office,65000000.0,3271,11000000.0,5000000.0,30000000.0,25000000.0,6000000.0,6.070416835289357
2027,BIP - Access Roads and/or Bridges from the National Roads leading to Major/ Strategic Public Buildings/ Facilities,"Rehabilitation of Road and Drainage, Brgy Dila, City of Santa Rosa, Laguna",Laguna 2nd District Engineering Office,Laguna 2nd District Engineering Office,65000000.0,3271,11000000.0,5000000.0,30000000.0,25000000.0,6000000.0,6.070416835289357
2027,BIP - Multi-Purpose Buildings/ Facilities to support Social Services,"Construction of Multi-Purpose Building (Activity Center), Barangay Singcang-Airport, Bacolod City",Bacolod City District Engineering Office,Bacolod City District Engineering Office,25000000.0,2773,7000000.0,5000000.0,10000000.0,5000000.0,2000000.0,6.070416835289357
2027,BIP - Multi-Purpose Buildings/ Facilities to support Social Services,"Construction (Completion) of Multi-Purpose Building (Typhoon Engineering) at Borongan Campus, City of Borongan, Eastern Samar",Eastern Samar District Engineering Office,Eastern Samar District Engineering Office,25000000.0,2773,7000000.0,5000000.0,10000000.0,5000000.0,2000000.0,6.070416835289357
2027,BIP - Multi-Purpose Buildings/ Facilities to support Social Services,"Construction of Multi-Purpose Building at Barangay Buting, Pasig City 14.55329035, 121.0689975",Metro Manila 1st District Engineering Office,Metro Manila 1st District Engineering Office,25000000.0,2773,7000000.0,5000000.0,10000000.0,5000000.0,2000000.0,6.070416835289357
2027,BIP - Multi-Purpose Buildings/ Facilities to support Social Services,"Construction of Multi-Purpose Building at Barangay San Vicente, Santa Maria, Bulacan",Bulacan 2nd District Engineering Office,Bulacan 2nd District Engineering Office,25000000.0,2773,7000000.0,5000000.0,10000000.0,5000000.0,2000000.0,6.070416835289357
2027,BIP - Multi-Purpose Buildings/ Facilities to support Social Services,"Construction of Covered Court, Balai Munti Housing, Lakeview, Putatan, Muntinlupa City",Las Piñas Muntinlupa District Engineering Office,Las Piñas Muntinlupa District Engineering Office,25000000.0,2773,7000000.0,5000000.0,10000000.0,5000000.0,2000000.0,6.070416835289357
2027,BIP - Multi-Purpose Buildings/ Facilities to support Social Services,"Construction of Multi-Purpose Building, Barangay Sucat, Muntinlupa City",Las Piñas Muntinlupa District Engineering Office,Las Piñas Muntinlupa District Engineering Office,25000000.0,2773,7000000.0,5000000.0,10000000.0,5000000.0,2000000.0,6.070416835289357
2027,BIP - Multi-Purpose Buildings/ Facilities to support Social Services,"Construction of Multi-Purpose Building at Barangay Bagong Ilog, Pasig City",Metro Manila 1st District Engineering Office,Metro Manila 1st District Engineering Office,25000000.0,2773,7000000.0,5000000.0,10000000.0,5000000.0,2000000.0,6.070416835289357
2027,BIP - Multi-Purpose Buildings/ Facilities to support Social Services,"Construction of Multi-Purpose Building (Shelter Port), Barangay Kayvaluganan, Uyugan, Batanes",Batanes District Engineering Office,Batanes District Engineering Office,25000000.0,2773,7000000.0,5000000.0,10000000.0,5000000.0,2000000.0,6.070416835289357
2027,BIP - Multi-Purpose Buildings/ Facilities to support Social Services,"Construction of Multi-Purpose Building (Covered Court), Barangay Sta Lucia, Itbayat, Batanes",Batanes District Engineering Office,Batanes District Engineering Office,25000000.0,2773,7000000.0,5000000.0,10000000.0,5000000.0,2000000.0,6.070416835289357
2027,BIP - Multi-Purpose Buildings/ Facilities to support Social Services,"Construction of Mult-Purpose Building (Disaster Command Center), Barangay San Fabian, Echague, Isabela",Isabela 4th District Engineering Office,Isabela 4th District Engineering Office,25000000.0,2773,7000000.0,5000000.0,10000000.0,5000000.0,2000000.0,6.070416835289357
2027,BIP - Multi-Purpose Buildings/ Facilities to support Social Services,"Improvement of Ginatilan Mutipurpose Building at Barangay Poblacion, Ginatilan, Cebu",Cebu 7th District Engineering Office,Cebu 7th District Engineering Office,25000000.0,2773,7000000.0,5000000.0,10000000.0,5000000.0,2000000.0,6.070416835289357
2027,BIP - Multi-Purpose Buildings/ Facilities to support Social Services,"Construction of Multi-Purpose Building - Minglanilla, Poblacion Ward I, Minglanilla, Cebu",Cebu 1st District Engineering Office,Cebu 1st District Engineering Office,25000000.0,2773,7000000.0,5000000.0,10000000.0,5000000.0,2000000.0,6.070416835289357
2027,BIP - Multi-Purpose Buildings/ Facilities to support Social Services,"Construction of Multi-Purpose Building - Infirmary, Poblacion, Sibonga, Cebu",Cebu 1st District Engineering Office,Cebu 1st District Engineering Office,25000000.0,2773,7000000.0,5000000.0,10000000.0,5000000.0,2000000.0,6.070416835289357
2027,BIP - Multi-Purpose Buildings/ Facilities to support Social Services,"Construction of Multi-Purpose Building (Covered Court), Barangay 4, Taft, Eastern Samar, 11.90179478, 125.42048597",Eastern Samar District Engineering Office,Eastern Samar District Engineering Office,25000000.0,2773,7000000.0,5000000.0,10000000.0,5000000.0,2000000.0,6.070416835289357
2027,BIP - Multi-Purpose Buildings/ Facilities to support Social Services,"Construction of Multi-Purpose Building (Tourist Center), Barangay Inayupan, Javier, Leyte (10.783900, 124.973339)",Leyte 5th District Engineering Office,Leyte 5th District Engineering Office,25000000.0,2773,7000000.0,5000000.0,10000000.0,5000000.0,2000000.0,6.070416835289357
2027,BIP - Multi-Purpose Buildings/ Facilities to support Social Services,"Construction of Multi-Purpose Building, Baybay City, Leyte (10.675250, 124.796548)",Leyte 5th District Engineering Office,Leyte 5th District Engineering Office,25000000.0,2773,7000000.0,5000000.0,10000000.0,5000000.0,2000000.0,6.070416835289357
2027,BIP - Multi-Purpose Buildings/ Facilities to support Social Services,"Construction of Multipurpose Buliding, Himayangan Compound, Catbalogan City (11°46'32.00""N, 124°53'6.04""E)",Samar 2nd District Engineering Office,Samar 2nd District Engineering Office,25000000.0,2773,7000000.0,5000000.0,10000000.0,5000000.0,2000000.0,6.070416835289357
2027,BIP - Multi-Purpose Buildings/ Facilities to support Social Services,"Construction of Multi-Purpose Building, Barangay Kingking, Pantukan, Davao de Oro",Davao de Oro 1st District Engineering Office,Davao de Oro 1st District Engineering Office,25000000.0,2773,7000000.0,5000000.0,10000000.0,5000000.0,2000000.0,6.070416835289357
2027,BIP - Multi-Purpose Buildings/ Facilities to support Social Services,"Construction of Multi-Purpose Building, Chinatown, Barangay GPS, Koronadal City, South Cotabato",South Cotabato 2nd District Engineering Office,South Cotabato 2nd District Engineering Office,25000000.0,2773,7000000.0,5000000.0,10000000.0,5000000.0,2000000.0,6.070416835289357
2027,BIP - Multi-Purpose Buildings/ Facilities to support Social Services,"Construction of Multi-Purpose Building, Barangay Poblacion, Tantangan, South Cotabato",South Cotabato 2nd District Engineering Office,South Cotabato 2nd District Engineering Office,25000000.0,2773,7000000.0,5000000.0,10000000.0,5000000.0,2000000.0,6.070416835289357
2027,BIP - Multi-Purpose Buildings/ Facilities to support Social Services,"Construction (Completion) of Multi-Purpose Building (Barangay Hall), Barangay Alalum, San Pascual, Batangas",Batangas 2nd District Engineering Office,Batangas 2nd District Engineering Office,25000000.0,2773,7000000.0,5000000.0,10000000.0,5000000.0,2000000.0,6.070416835289357
2027,BIP - Multi-Purpose Buildings/ Facilities to support Social Services,"Construction of Multi-Purpose Building (Barangay Hall), Barangay Sta. Rita, Olongapo City (14.84897, 120.29113)",Zambales 2nd District Engineering Office,Zambales 2nd District Engineering Office,25000000.0,2773,7000000.0,5000000.0,10000000.0,5000000.0,2000000.0,6.070416835289357
2027,BIP - Multi-Purpose Buildings/ Facilities to support Social Services,"Construction of Multi-Purpose Building at Barangay Bulac, Santa Maria, Bulacan",Bulacan 2nd District Engineering Office,Bulacan 2nd District Engineering Office,25000000.0,2773,7000000.0,5000000.0,10000000.0,5000000.0,2000000.0,6.070416835289357
2027,BIP - Multi-Purpose Buildings/ Facilities to support Social Services,"Construction (Completion) of Multi-Purpose Building (New Municipal Building), Victoria, Northern Samar (12.447525, 124.313751)",Northern Samar 1st District Engineering Office,Northern Samar 1st District Engineering Office,25000000.0,2773,7000000.0,5000000.0,10000000.0,5000000.0,2000000.0,6.070416835289357
2027,BIP - Multi-Purpose Buildings/ Facilities to support Social Services,"Construction of Multi-Purpose Building (Barangay Hall), Barangay Old Cabalan, Olongapo City, Zambales (14.848771, 120.314869)",Zambales 2nd District Engineering Office,Zambales 2nd District Engineering Office,25000000.0,2773,7000000.0,5000000.0,10000000.0,5000000.0,2000000.0,6.070416835289357
2027,BIP - Multi-Purpose Buildings/ Facilities to support Social Services,"Construction of Multi-Purpose Building (Barangay Hall), Barangay East Bajac - Bajac, Olongapo City, Zambales (14.83624, 120.28795)",Zambales 2nd District Engineering Office,Zambales 2nd District Engineering Office,25000000.0,2773,7000000.0,5000000.0,10000000.0,5000000.0,2000000.0,6.070416835289357
2027,BIP - Multi-Purpose Buildings/ Facilities to support Social Services,"Construction of Multi-Purpose Building at Sitio Mini, Barangay Poblacion, Ginatilan, Cebu",Cebu 7th District Engineering Office,Cebu 7th District Engineering Office,25000000.0,2773,7000000.0,5000000.0,10000000.0,5000000.0,2000000.0,6.070416835289357
2027,BIP - Multi-Purpose Buildings/ Facilities to support Social Services,"Construction of Multi-Purpose Building, Capitol Grounds, San Miguel, Jordan, Guimaras",Guimaras District Engineering Office,Guimaras District Engineering Office,25000000.0,2773,7000000.0,5000000.0,10000000.0,5000000.0,2000000.0,6.070416835289357
2027,BIP - Multi-Purpose Buildings/ Facilities to support Social Services,"Construction of Multi-Purpose Building at Barangay Catmon, Santa Maria, Bulacan",Bulacan 2nd District Engineering Office,Bulacan 2nd District Engineering Office,25000000.0,2773,7000000.0,5000000.0,10000000.0,5000000.0,2000000.0,6.070416835289357
2027,BIP - Multi-Purpose Buildings/ Facilities to support Social Services,"Construction of Multi-Purpose Facilities, Barangay Poblacion, Sultan Naga Dimaporo, Lanao del Norte",Lanao del Norte 2nd District Engineering Office,Lanao del Norte 2nd District Engineering Office,25000000.0,2773,7000000.0,5000000.0,10000000.0,5000000.0,2000000.0,6.070416835289357
2027,BIP - Multi-Purpose Buildings/ Facilities to support Social Services,"Construction of Multi-Purpose Building, Barangay San Jose, Balanga City, Bataan (14.671365, 120.535013)",Bataan 2nd District Engineering Office,Bataan 2nd District Engineering Office,25000000.0,2773,7000000.0,5000000.0,10000000.0,5000000.0,2000000.0,6.070416835289357
2027,BIP - Multi-Purpose Buildings/ Facilities to support Social Services,"Rehabilitation of Multi-Purpose Building (Two (2) Units 6-Door Married Personnel Quarters (Flat House)), NLSG, San Antonio, Zambales (14.96349, 120.06448)",Zambales 1st District Engineering Office,Zambales 1st District Engineering Office,25000000.0,2773,7000000.0,5000000.0,10000000.0,5000000.0,2000000.0,6.070416835289357
2027,BIP - Multi-Purpose Buildings/ Facilities to support Social Services,"Construction of Multi-Purpose Building, Barangay Libsong West, Lingayen, Pangasinan",Pangasinan 2nd District Engineering Office,Pangasinan 2nd District Engineering Office,25000000.0,2773,7000000.0,5000000.0,10000000.0,5000000.0,2000000.0,6.070416835289357
2027,BIP - Multi-Purpose Buildings/ Facilities to support Social Services,"Construction of Bisig Multi-Purpose Hall, Barangay Bisig, Valenzuela City, 14.712866, 120.947028",Metro Manila 3rd District Engineering Office,Metro Manila 3rd District Engineering Office,25000000.0,2773,7000000.0,5000000.0,10000000.0,5000000.0,2000000.0,6.070416835289357
2027,BIP - Multi-Purpose Buildings/ Facilities to support Social Services,"Construction of Multi-Purpose Building (DSWD SWAD- Zambales Office), Olongapo City, Zambales (14.827742, 120.285479)",Zambales 2nd District Engineering Office,Zambales 2nd District Engineering Office,25000000.0,2773,7000000.0,5000000.0,10000000.0,5000000.0,2000000.0,6.070416835289357
2027,BIP - Multi-Purpose Buildings/ Facilities to support Social Services,"Construction of Multi-Purpose Building, Barangay Ibabang Taykin, Liliw, Laguna",Laguna 3rd District Engineering Office,Laguna 3rd District Engineering Office,25000000.0,2773,7000000.0,5000000.0,10000000.0,5000000.0,2000000.0,6.070416835289357
2027,BIP - Multi-Purpose Buildings/ Facilities to support Social Services,"Construction of Multi-Purpose Building, Barangay Tabon II, Kawit, Cavite",Cavite 1st District Engineering Office,Cavite 1st District Engineering Office,25000000.0,2773,7000000.0,5000000.0,10000000.0,5000000.0,2000000.0,6.070416835289357
2027,BIP - Multi-Purpose Buildings/ Facilities to support Social Services,"Construction of Multi-Purpose Building, Barangay Singcang-Airport, Bacolod City",Bacolod City District Engineering Office,Bacolod City District Engineering Office,25000000.0,2773,7000000.0,5000000.0,10000000.0,5000000.0,2000000.0,6.070416835289357
2027,BIP - Multi-Purpose Buildings/ Facilities to support Social Services,"Construction (Completion) of Multi-Purpose Facility, Maasin Watershed Eco Trail, Maasin, Iloilo (10.980912, 122.408972)",Iloilo 6th District Engineering Office,Iloilo 6th District Engineering Office,25000000.0,2773,7000000.0,5000000.0,10000000.0,5000000.0,2000000.0,6.070416835289357
2027,BIP - Multi-Purpose Buildings/ Facilities to support Social Services,"Construction (Completion) of Multi-Purpose Building at Barangay Poblacion West, Alcala, Pangasinan",Pangasinan 3rd District Engineering Office,Pangasinan 3rd District Engineering Office,25000000.0,2773,7000000.0,5000000.0,10000000.0,5000000.0,2000000.0,6.070416835289357
2027,BIP - Multi-Purpose Buildings/ Facilities to support Social Services,"Construction of Multi-Purpose Building at Canumay East 3S Center, Barangay Canumay East, Valenzuela City, 14.716991, 120.991475",Metro Manila 3rd District Engineering Office,Metro Manila 3rd District Engineering Office,25000000.0,2773,7000000.0,5000000.0,10000000.0,5000000.0,2000000.0,6.070416835289357
2027,Construction/ Maintenance of Flood Mitigation Structures and Drainage Systems,"Rehabilitation of Drainage System along Felix Avenue (Village East to Junction), Barangay San Isidro, Cainta, Rizal",Rizal 1st District Engineering Office,Rizal 1st District Engineering Office,275000000.0,1071,32500000.0,10000000.0,93000000.0,83000000.0,27064000.0,6.043600693654831
2027,BIP - Access Roads and/or Bridges from the National Roads leading to Major/ Strategic Public Buildings/ Facilities,"Construction of Road, Luuk Pangdan to Sitimpah, Bongao, Tawi-Tawi",Regional Office IX BARMM,Regional Office IX BARMM,64000000.0,3271,11000000.0,5000000.0,30000000.0,25000000.0,6000000.0,5.958001708709924
2027,Rehabilitation/ Major Repair of Permanent Bridges,Pagalungan Br. (B00305MN) along Davao-Cotabato Rd (Jct Digos-Cotabato Sect),Regional Office XII BARMM,Regional Office XII BARMM,50000000.0,269,7800000.0,4000000.0,15000000.0,11000000.0,4800000.0,5.929897927065066
2027,Rehabilitation/ Major Repair of Permanent Bridges,Mambaling Flyover (B00626CB) along N Bacalso Ave (Cebu South Rd),Cebu City District Engineering Office,Cebu City District Engineering Office,50000000.0,269,7800000.0,4000000.0,15000000.0,11000000.0,4800000.0,5.929897927065066
2027,Rehabilitation/ Major Repair of Permanent Bridges,Batang Batang Br. (B00035PW) along Puerto Princesa South Rd,Palawan 2nd District Engineering Office,Palawan 2nd District Engineering Office,50000000.0,269,7800000.0,4000000.0,15000000.0,11000000.0,4800000.0,5.929897927065066
2027,Construction/ Maintenance of Flood Mitigation Structures and Drainage Systems,"Construction of G. Araneta Avenue Pumping Station, Quezon City, 14.619030, 121.016025",Quezon City 2nd District Engineering Office,Quezon City 2nd District Engineering Office,270000000.0,1071,32500000.0,10000000.0,93000000.0,83000000.0,27064000.0,5.918990370074319
2027,Construction/ Maintenance of Flood Mitigation Structures and Drainage Systems,"Construction of Flood Mitigation Structure, Najalin Bridge Upstream and Downstream, La Carlota, Negros Occidental",Negros Occidental 4th District Engineering Office,Negros Occidental 4th District Engineering Office,268920000.0,1071,32500000.0,10000000.0,93000000.0,83000000.0,27064000.0,5.8920745401809285
2027,Replacement of Permanent Weak Bridges,Mambayaan Br. 2 (B01315MN) along Butuan City-Cagayan de Oro City-Iligan City Rd,Misamis Oriental 1st District Engineering Office,Misamis Oriental 1st District Engineering Office,200500000.0,185,39858000.0,25000000.0,75000000.0,50000000.0,18616000.0,5.82034511086373
2027,BIP - Access Roads and/or Bridges from the National Roads leading to Major/ Strategic Public Buildings/ Facilities,"Construction of Road, Barangay Andres Bonifacio, San Narciso, Quezon",Quezon 3rd District Engineering Office,Quezon 3rd District Engineering Office,62000000.0,3271,11000000.0,5000000.0,30000000.0,25000000.0,6000000.0,5.733171455551059
2027,BIP - Access Roads and/or Bridges from the National Roads leading to Major/ Strategic Public Buildings/ Facilities,"Construction of Sitio Turukbato - Barangay Proper Road, Barangay basag, T'boli, South Cotabato",South Cotabato 2nd District Engineering Office,South Cotabato 2nd District Engineering Office,62000000.0,3271,11000000.0,5000000.0,30000000.0,25000000.0,6000000.0,5.733171455551059
2027,BIP - Multi-Purpose Buildings/ Facilities to support Social Services,"Construction of Multi-Purpose Building, Barangay Sto. Rosario, Naval, Biliran (124.391613°, 11.560757°)",Biliran District Engineering Office,Biliran District Engineering Office,24000000.0,2773,7000000.0,5000000.0,10000000.0,5000000.0,2000000.0,5.733171455551059
2027,BIP - Access Roads and/or Bridges from the National Roads leading to Major/ Strategic Public Buildings/ Facilities,"Construction of Road and Drainage at Barangay Greater Lagro (Chainage 0+000 - Chainage 0+238), Quezon City",Quezon City 1st District Engineering Office,Quezon City 1st District Engineering Office,61880000.0,3271,11000000.0,5000000.0,30000000.0,25000000.0,6000000.0,5.719681640361527
2027,BIP - Access Roads and/or Bridges from the National Roads leading to Major/ Strategic Public Buildings/ Facilities,"Construction of Road (Sta. 0+194 - Sta. 4+569) at Sitio Binintigan, Barangay XI, Victorias City, Negros Occidental (10.7951780, 123.1821790)",Negros Occidental 1st District Engineering Office,Negros Occidental 1st District Engineering Office,61250000.0,3271,11000000.0,5000000.0,30000000.0,25000000.0,6000000.0,5.648860110616485
2027,Rehabilitation/ Major Repair of Permanent Bridges,Calbangan Br. (B00053LZ) along Palico-Balayan-Batangas Rd,Batangas 1st District Engineering Office,Batangas 1st District Engineering Office,48000000.0,269,7800000.0,4000000.0,15000000.0,11000000.0,4800000.0,5.648860110616485
2027,BIP - Multi-Purpose Buildings/ Facilities to support Social Services,"Construction of Multi-purpose Building at Barangay City Camp Central, Baguio City",Baguio City District Engineering Office,Baguio City District Engineering Office,23750000.0,2773,7000000.0,5000000.0,10000000.0,5000000.0,2000000.0,5.648860110616485
2027,Off-Carriageway Improvement - Primary Roads,"Maharlika Highway (LZ) - K0332 + 700 - K0335 + 514, K0335 + 638 - K0342 + 764, K0342 + 794 - K0343 + 961 (Road Safety: Roadway Lighting)",Isabela 4th District Engineering Office,Isabela 4th District Engineering Office,110500000.0,31,20000000.0,10159500.0,32417000.0,22257500.0,10841000.0,5.630607299384915
2027,Preventive Maintenance - Secondary Roads,Lamitan Wharf Rd - K0028 + (-851) - K0029 + 1661,Regional Office IX BARMM,Regional Office IX BARMM,173794000.0,285,27300000.0,13803000.0,58500000.0,44697000.0,17800000.0,5.551058950492378
2027,Rehabilitation/ Major Repair of Permanent Bridges,Tual Br. (B01077MN) along Sarangani-Sultan Kudarat Coastal Rd,Sarangani District Engineering Office,Sarangani District Engineering Office,47260000.0,269,7800000.0,4000000.0,15000000.0,11000000.0,4800000.0,5.544876118530509
2027,Rehabilitation/ Reconstruction/ Upgrading of Damaged Paved Roads - Secondary Roads,"Catanduanes Cir Rd - K0012 + 000 - K0014 + 000, K0015 + 000 - K0016 + 000",Catanduanes District Engineering Office,Catanduanes District Engineering Office,119600000.0,155,21049000.0,10652000.0,36805500.0,26153500.0,12067000.0,5.508555468399597
2027,BIP - Access Roads and/or Bridges from the National Roads leading to Major/ Strategic Public Buildings/ Facilities,"Construction of Road, Kan Putlih -Neog Road, Luuk, Sulu",Sulu 2nd District Engineering Office,Sulu 2nd District Engineering Office,60000000.0,3271,11000000.0,5000000.0,30000000.0,25000000.0,6000000.0,5.508341202392194
2027,BIP - Access Roads and/or Bridges from the National Roads leading to Major/ Strategic Public Buildings/ Facilities,"Construction of Alitagtag–Bauan Road (Sambat–Mataas na Lupa–Ilat South Section), including Drainage Facilities",Batangas 2nd District Engineering Office,Batangas 2nd District Engineering Office,60000000.0,3271,11000000.0,5000000.0,30000000.0,25000000.0,6000000.0,5.508341202392194
2027,BIP - Access Roads and/or Bridges from the National Roads leading to Major/ Strategic Public Buildings/ Facilities,"Construction of Sta. Rosa-Baguian Bridge, Barangay Sta. Rosa to Barangay Banguian, Abulug, Cagayan",Cagayan 2nd District Engineering Office,Cagayan 2nd District Engineering Office,60000000.0,3271,11000000.0,5000000.0,30000000.0,25000000.0,6000000.0,5.508341202392194
2027,BIP - Access Roads and/or Bridges from the National Roads leading to Major/ Strategic Public Buildings/ Facilities,"Rehabilitation of Concrete Road, Barangay Minanga-Barangay Magsaysay (Ferry), Naguilian, Isabela",Isabela 3rd District Engineering Office,Isabela 3rd District Engineering Office,60000000.0,3271,11000000.0,5000000.0,30000000.0,25000000.0,6000000.0,5.508341202392194
2027,BIP - Access Roads and/or Bridges from the National Roads leading to Major/ Strategic Public Buildings/ Facilities,"Construction of Bridge, Barangay Dicamay - Barangay Tappa, (Sta.0+000.00 - Sta. 0+121.00), San Mariano, Isabela",Isabela 3rd District Engineering Office,Isabela 3rd District Engineering Office,60000000.0,3271,11000000.0,5000000.0,30000000.0,25000000.0,6000000.0,5.508341202392194
2027,BIP - Access Roads and/or Bridges from the National Roads leading to Major/ Strategic Public Buildings/ Facilities,"Construction of Road, Kan Marcial-Garid Road - Brgy. Kan Mindus, Luuk, Sulu",Sulu 2nd District Engineering Office,Sulu 2nd District Engineering Office,60000000.0,3271,11000000.0,5000000.0,30000000.0,25000000.0,6000000.0,5.508341202392194
2027,BIP - Access Roads and/or Bridges from the National Roads leading to Major/ Strategic Public Buildings/ Facilities,"Concreting of Road Connecting Purok 1 and Purok 7, Barangay Asbang , Matanao Davao del Sur",Davao del Sur District Engineering Office,Davao del Sur District Engineering Office,60000000.0,3271,11000000.0,5000000.0,30000000.0,25000000.0,6000000.0,5.508341202392194
2027,BIP - Access Roads and/or Bridges from the National Roads leading to Major/ Strategic Public Buildings/ Facilities,"Construction of Road, Barangay Taguranao to Barangay Arakan, Matalam, Cotabato",Cotabato 3rd District Engineering Office,Cotabato 3rd District Engineering Office,60000000.0,3271,11000000.0,5000000.0,30000000.0,25000000.0,6000000.0,5.508341202392194
2027,BIP - Access Roads and/or Bridges from the National Roads leading to Major/ Strategic Public Buildings/ Facilities,"Construction of Sitio Datal Nabong - Sitio Lamkati Road, Barangay Laconon, T'boli, South Cotabato",South Cotabato 2nd District Engineering Office,South Cotabato 2nd District Engineering Office,60000000.0,3271,11000000.0,5000000.0,30000000.0,25000000.0,6000000.0,5.508341202392194
2027,BIP - Access Roads and/or Bridges from the National Roads leading to Major/ Strategic Public Buildings/ Facilities,"Construction of Dingading-Rizal Road, Sta. 0 + 000 - Sta. 4 + 000, Barangay Dingading, San Guillermo, Isabela",Isabela 4th District Engineering Office,Isabela 4th District Engineering Office,60000000.0,3271,11000000.0,5000000.0,30000000.0,25000000.0,6000000.0,5.508341202392194
2027,BIP - Access Roads and/or Bridges from the National Roads leading to Major/ Strategic Public Buildings/ Facilities,"Concreting of Road, Duran - Coguit Suburban Road, Balatan, Camarines Sur, Sta. 0 + 560.00 - Sta. 1 + 460.00",Camarines Sur 5th District Engineering Office,Camarines Sur 5th District Engineering Office,60000000.0,3271,11000000.0,5000000.0,30000000.0,25000000.0,6000000.0,5.508341202392194
2027,BIP - Access Roads and/or Bridges from the National Roads leading to Major/ Strategic Public Buildings/ Facilities,"Construction of Kastila Road Gomez, Sta. 0 + 000 - Sta. 0 + 930, Sta. 0 + 000 - Sta. 3 + 070, Rizal East, Doña Paulina, Rizal West, San Isidro, Isabela",Isabela 4th District Engineering Office,Isabela 4th District Engineering Office,60000000.0,3271,11000000.0,5000000.0,30000000.0,25000000.0,6000000.0,5.508341202392194
2027,BIP - Access Roads and/or Bridges from the National Roads leading to Major/ Strategic Public Buildings/ Facilities,"Construction of Sitio Villa Miranda Bridge, Barangay Dibuluan, (Sta. 0+000.00 to Sta. 0+101.00) San Mariano, Isabela",Isabela 3rd District Engineering Office,Isabela 3rd District Engineering Office,60000000.0,3271,11000000.0,5000000.0,30000000.0,25000000.0,6000000.0,5.508341202392194
2027,BIP - Access Roads and/or Bridges from the National Roads leading to Major/ Strategic Public Buildings/ Facilities,"Construction of Bridge, Barangay Antipolo - Malaking Pook Bridge, San Pascual, Batangas",Batangas 2nd District Engineering Office,Batangas 2nd District Engineering Office,60000000.0,3271,11000000.0,5000000.0,30000000.0,25000000.0,6000000.0,5.508341202392194
2027,BIP - Access Roads and/or Bridges from the National Roads leading to Major/ Strategic Public Buildings/ Facilities,"Construction of Cag-abaca - Cularima - General Malvar Road, Sta. 002+584.50 - Sta. 002+972, Catarman, Northern Samar",Northern Samar 1st District Engineering Office,Northern Samar 1st District Engineering Office,60000000.0,3271,11000000.0,5000000.0,30000000.0,25000000.0,6000000.0,5.508341202392194
2027,BIP - Access Roads and/or Bridges from the National Roads leading to Major/ Strategic Public Buildings/ Facilities,"Construction of Bridge, Barangay Sabang, Olango Island to Pangan-an Island, Lapu-Lapu City, Cebu",Cebu 6th District Engineering Office,Cebu 6th District Engineering Office,60000000.0,3271,11000000.0,5000000.0,30000000.0,25000000.0,6000000.0,5.508341202392194
2027,BIP - Access Roads and/or Bridges from the National Roads leading to Major/ Strategic Public Buildings/ Facilities,"Construction of Road, F-Rafols Road, Sta. 00+504 - Sta. 00+979, Barangay Sta. Monica, Puerto Princesa City, Palawan",Palawan 3rd District Engineering Office,Palawan 3rd District Engineering Office,60000000.0,3271,11000000.0,5000000.0,30000000.0,25000000.0,6000000.0,5.508341202392194
2027,BIP - Access Roads and/or Bridges from the National Roads leading to Major/ Strategic Public Buildings/ Facilities,"Improvement of Road, Sidewalk and Driveway along Sen. Gil Puyat Avenue (From EDSA towards Osmeña Highway), District 1, Makati City, Metro Manila",Metro Manila 2nd District Engineering Office,Metro Manila 2nd District Engineering Office,60000000.0,3271,11000000.0,5000000.0,30000000.0,25000000.0,6000000.0,5.508341202392194
2027,BIP - Access Roads and/or Bridges from the National Roads leading to Major/ Strategic Public Buildings/ Facilities,"Construction of Bridge and Approaches Sitio Bangkatan - Sitio Cadangdang, Barangay San Isidro, San Narciso, Quezon",Quezon 3rd District Engineering Office,Quezon 3rd District Engineering Office,60000000.0,3271,11000000.0,5000000.0,30000000.0,25000000.0,6000000.0,5.508341202392194
2027,BIP - Access Roads and/or Bridges from the National Roads leading to Major/ Strategic Public Buildings/ Facilities,"Construction of Bridge, Sta. 0 + 843 - Sta. 0 + 868, Barangay Aguilar, San Lorenzo, Guimaras",Guimaras District Engineering Office,Guimaras District Engineering Office,60000000.0,3271,11000000.0,5000000.0,30000000.0,25000000.0,6000000.0,5.508341202392194
2027,Preventive Maintenance - Primary Roads,Butuan City-Cagayan de Oro City-Iligan City Road (Agusan-Misamis Or Rd) - K1239 + 382 - K1244 + 299,Butuan City District Engineering Office,Butuan City District Engineering Office,310000000.0,215,49255000.0,19987500.0,83940000.0,63952500.0,32031000.0,5.490621369289902
2027,Preventive Maintenance - Primary Roads,Butuan City-Cagayan de Oro City-Iligan City Road (Agusan-Misamis Or Rd) - K1244 + 299 - K1246 + 655 - K1246 + 908 - K1250 + (-542),Butuan City District Engineering Office,Butuan City District Engineering Office,310000000.0,215,49255000.0,19987500.0,83940000.0,63952500.0,32031000.0,5.490621369289902
2027,Widening of Permanent Bridges,La-Libertad Br. (B00513NR) along Dumaguete North Rd (Jct Bais-Kabankalan-Negros Occ Bdry),Negros Oriental 1st District Engineering Office,Negros Oriental 1st District Engineering Office,202500000.0,256,40000000.0,23150000.0,69000000.0,45850000.0,20000000.0,5.480237420747335
2027,BIP - Access Roads and/or Bridges from the National Roads leading to Major/ Strategic Public Buildings/ Facilities,"Construction of Road, Barangay Santiago, Botolan, Zambales",Zambales 1st District Engineering Office,Zambales 1st District Engineering Office,59750000.0,3271,11000000.0,5000000.0,30000000.0,25000000.0,6000000.0,5.480237420747335
2027,BIP - Access Roads and/or Bridges from the National Roads leading to Major/ Strategic Public Buildings/ Facilities,"Construction of Road, Barangay District 2, San Manuel, Isabela",Isabela 2nd District Engineering Office,Isabela 2nd District Engineering Office,59680000.0,3271,11000000.0,5000000.0,30000000.0,25000000.0,6000000.0,5.472368361886775
2027,Construction/ Rehabilitation of Flood Mitigation Facilities within Major River Basins and Principal Rivers,"Construction of Flood Mitigation Structure along Padada-Mainit River, Sta. 0+700.00 to Sta. 1+700.00, Kiblawan, Davao del Sur",Davao del Sur District Engineering Office,Davao del Sur District Engineering Office,500000000.0,180,100000000.0,50000000.0,150000000.0,100000000.0,50000000.0,5.395926075812762
2027,Construction/ Rehabilitation of Flood Mitigation Facilities within Major River Basins and Principal Rivers,"Construction of Flood Mitigation Structure along Padada-Mainit River, Upper Malinao, Sta. 1+100.00 to Sta. 2+100.00, Padada, Davao del Sur",Davao del Sur District Engineering Office,Davao del Sur District Engineering Office,500000000.0,180,100000000.0,50000000.0,150000000.0,100000000.0,50000000.0,5.395926075812762
2027,Widening of Permanent Bridges,Carmen Steel Parallel Br. along Carmen-Patag-Bulua Rd,Cagayan de Oro City 1st District Engineering Office,Cagayan de Oro City 1st District Engineering Office,200000000.0,256,40000000.0,23150000.0,69000000.0,45850000.0,20000000.0,5.395926075812762
2027,Widening of Permanent Bridges,Bislig Parallel Br. along Surigao-Davao Coastal Rd,Surigao del Sur 2nd District Engineering Office,Surigao del Sur 2nd District Engineering Office,200000000.0,256,40000000.0,23150000.0,69000000.0,45850000.0,20000000.0,5.395926075812762
2027,BIP - Multi-Purpose Buildings/ Facilities to support Social Services,"Rehabilitation of Multi-Purpose Building (SPRCNHS) at Barangay Langgam, San Pedro Laguna",Laguna 2nd District Engineering Office,Laguna 2nd District Engineering Office,23000000.0,2773,7000000.0,5000000.0,10000000.0,5000000.0,2000000.0,5.395926075812762
2027,Rehabilitation/ Reconstruction/ Upgrading of Damaged Paved Roads - Secondary Roads,"Catanduanes Cir Rd - K0045 + 336 - K0046 + 304, K0046 + 376 - K0047 + 000, K0048 + 000 - K0049 + 000, K0050 + 300 - K0050 + 327, K0050 + 760 - K0050 + 765, K0051 + 000 - K0051 + 280",Catanduanes District Engineering Office,Catanduanes District Engineering Office,116320000.0,155,21049000.0,10652000.0,36805500.0,26153500.0,12067000.0,5.32521829336991
2027,Rehabilitation/ Major Repair of Permanent Bridges,Daniog Br. 1 (B00664MN) along Surigao-Davao Coastal Rd,Surigao del Sur 1st District Engineering Office,Surigao del Sur 1st District Engineering Office,45500000.0,269,7800000.0,4000000.0,15000000.0,11000000.0,4800000.0,5.2975628400557575
2027,Road Widening - Secondary Roads,Banisilan-Guiling-Alamada-Libungan Rd - K1659 + 000 - K1663 + 000,Cotabato 1st District Engineering Office,Cotabato 1st District Engineering Office,184785000.0,219,41509000.0,25945000.0,62533500.0,36588500.0,18266000.0,5.290613054569619
2027,BIP - Access Roads and/or Bridges from the National Roads leading to Major/ Strategic Public Buildings/ Facilities,"Construction of Biay Road, Biay, Sta Cruz, Zambales Sta. 0+000.00-Sta 0+640.00",Zambales 1st District Engineering Office,Zambales 1st District Engineering Office,58000000.0,3271,11000000.0,5000000.0,30000000.0,25000000.0,6000000.0,5.283510949233329
2027,BIP - Access Roads and/or Bridges from the National Roads leading to Major/ Strategic Public Buildings/ Facilities,"Construction of Road, Barangay Sto. Rosario, Jamindan, Capiz",Capiz 2nd District Engineering Office,Capiz 2nd District Engineering Office,58000000.0,3271,11000000.0,5000000.0,30000000.0,25000000.0,6000000.0,5.283510949233329
2027,BIP - Access Roads and/or Bridges from the National Roads leading to Major/ Strategic Public Buildings/ Facilities,"Rehabilitation of Road, Barangay Poblacion, Barangay Pugaro, Barangay San Aurelio 1st, Barangay Aurelio 2nd, Barangay Aurelio 3rd, Barangay Angayan Norte, Barangay Kita Kita, Barangay Angayan Sur, Barangay Rajal, Barangay San Miguel, Balungao, Pangasinan",Pangasinan 3rd District Engineering Office,Pangasinan 3rd District Engineering Office,58000000.0,3271,11000000.0,5000000.0,30000000.0,25000000.0,6000000.0,5.283510949233329
2027,BIP - Access Roads and/or Bridges from the National Roads leading to Major/ Strategic Public Buildings/ Facilities,"Construction of Road,Barangay Almiñe to Barangay Piña- Sta. 1 + 800- 3 +000, San Jacinto Masbate",Masbate 1st District Engineering Office,Masbate 1st District Engineering Office,58000000.0,3271,11000000.0,5000000.0,30000000.0,25000000.0,6000000.0,5.283510949233329
2027,Rehabilitation/ Reconstruction/ Upgrading of Damaged Paved Roads - Primary Roads,"Maharlika Highway (LZ) - K0213 + 659 - K0213 + 750, K0214 + 000 - K0214 + 679, K0214 + 707 - K0214 + 880, K0215 + 020 - K0215 + 385, K0215 + 536 - K0215 + 954, K0216 + 060 - K0216 + 227, K0216 + 241 - K0216 + 376, K0216 + 450 - K0219 + 306, K0219 + 348 - K0220 + 455, K0221 + 559 - K0221 + 878",Quezon 4th District Engineering Office,Quezon 4th District Engineering Office,123731000.0,116,18577000.0,8739000.0,59687250.0,50948250.0,13469500.0,5.2656298542634765
2027,BIP - Access Roads and/or Bridges from the National Roads leading to Major/ Strategic Public Buildings/ Facilities,"Construction of Road and Drainage System at Bel Air, Chainage 000 - 274, Biscayne Street Chainage 000 - 249 and Colt Street Chainage 000 - 301 in Barangay Fairview, Quezon City",Quezon City 1st District Engineering Office,Quezon City 1st District Engineering Office,57750000.0,3271,11000000.0,5000000.0,30000000.0,25000000.0,6000000.0,5.255407167588471
2027,Rehabilitation/ Reconstruction/ Upgrading of Damaged Paved Roads - Primary Roads,"Maharlika Highway( Lanao-Pagadian-Zamboanga City Rd) - K1724 + (-591) - K1724 + 000, K1725 + 905 - K1726 + 098, K1726 + 441 - K1727 + 819, K1727 + 850 - K1729 + 000, K1749 + 618 - K1749 + 650, K1749 + 695 - K1749 + 700",Zamboanga Sibugay 1st District Engineering Office,Zamboanga Sibugay 1st District Engineering Office,123367000.0,116,18577000.0,8739000.0,59687250.0,50948250.0,13469500.0,5.247402404361885
2027,Off-Carriageway Improvement - Tertiary Roads,Naga-Carolina-Panicuason Rd - K0438+(-325)-k0438+735,Camarines Sur 3rd District Engineering Office,Camarines Sur 3rd District Engineering Office,100000000.0,25,15471000.0,7632000.0,40000000.0,32368000.0,10971000.0,5.196794221839132
2027,Off-Carriageway Improvement - Tertiary Roads,MT Villanueva Ave-Magsaysay Rd - K0439+(-869)-K0439+640,Camarines Sur 3rd District Engineering Office,Camarines Sur 3rd District Engineering Office,100000000.0,25,15471000.0,7632000.0,40000000.0,32368000.0,10971000.0,5.196794221839132
2027,BIP - Access Roads and/or Bridges from the National Roads leading to Major/ Strategic Public Buildings/ Facilities,"Construction of Road, Barangay Marfrancisco to Barangay Santa Rita, Pinamalayan, Oriental Mindoro",Southern Mindoro District Engineering Office,Southern Mindoro District Engineering Office,57000000.0,3271,11000000.0,5000000.0,30000000.0,25000000.0,6000000.0,5.171095822653896
2027,BIP - Access Roads and/or Bridges from the National Roads leading to Major/ Strategic Public Buildings/ Facilities,"Construction of Concrete Road (Sta. 0+000 - Sta. 1+075) at Barangay Concepcion, Talisay City, Negros Occidental",Negros Occidental 1st District Engineering Office,Negros Occidental 1st District Engineering Office,57000000.0,3271,11000000.0,5000000.0,30000000.0,25000000.0,6000000.0,5.171095822653896
2027,BIP - Access Roads and/or Bridges from the National Roads leading to Major/ Strategic Public Buildings/ Facilities,"Concreting of Road going to Sanitary Landfill, San Agustin, Isabela",Isabela 4th District Engineering Office,Isabela 4th District Engineering Office,57000000.0,3271,11000000.0,5000000.0,30000000.0,25000000.0,6000000.0,5.171095822653896
2027,Rehabilitation/ Reconstruction/ Upgrading of Damaged Paved Roads - Primary Roads,"Maharlika Highway (LZ) - K0138 + 919 - K0139 + 331, K0139 + 366 - K0139 + 400, K0140 + 140 - K0141 + 694, K0141 + 914 - K0142 + 039, K0142 + 495 - K0142 + 945, K0144 + 031 - K0145 + 004",Quezon 1st District Engineering Office,Quezon 1st District Engineering Office,121787000.0,116,18577000.0,8739000.0,59687250.0,50948250.0,13469500.0,5.168283253690143
2027,BIP - Multi-Purpose Buildings/ Facilities to support Social Services,"Construction (Completion) of Multi-Purpose Building (Covered Gym), Town Proper, Carles, Iloilo",Iloilo 3rd District Engineering Office,Iloilo 3rd District Engineering Office,22250000.0,2773,7000000.0,5000000.0,10000000.0,5000000.0,2000000.0,5.142992041009038
2027,Buildings And Other Structures,"Construction of DPWH Regional Office XI Building, Magsaysay Avenue cor. Chavez, St., Davao City",Davao City District Engineering Office,Davao City District Engineering Office,200000000.0,199,25000000.0,5000000.0,95000000.0,90000000.0,23000000.0,5.13199490906105
2027,Buildings And Other Structures,"Contruction of Regional Office VIII Building, RES Compound, Pawing, Palo, Leyte (11.186467, 125.004081)",Leyte 1st District Engineering Office,Leyte 1st District Engineering Office,200000000.0,199,25000000.0,5000000.0,95000000.0,90000000.0,23000000.0,5.13199490906105
2027,Construction of By-Pass and Diversion Roads,"Binalonan-Laoac-Villasis (BLV) Bypass Road, Pangasinan",Pangasinan 3rd District Engineering Office,Pangasinan 3rd District Engineering Office,480000000.0,370,100000000.0,50000000.0,152280750.0,102280750.0,50000000.0,5.126129772022123
2027,Rehabilitation/ Reconstruction/ Upgrading of Damaged Paved Roads - Secondary Roads,"Lemon-Leyte-Biliran Rd - K0979 + 457 - K0979 + 796, K0979 + 850 - K0981 + 056, K0982 + 931 - K0983 + 102, K0983 + 134 - K0983 + 488, K0983 + 517 - K0983 + 657",Leyte 3rd District Engineering Office,Leyte 3rd District Engineering Office,112000000.0,155,21049000.0,10652000.0,36805500.0,26153500.0,12067000.0,5.083749818940566
2027,BIP - Access Roads and/or Bridges from the National Roads leading to Major/ Strategic Public Buildings/ Facilities,"Construction of Road along Lobo-Malabrigo-Laiya-San Juan Rd, Lobo, Batangas",Batangas 2nd District Engineering Office,Batangas 2nd District Engineering Office,56000000.0,3271,11000000.0,5000000.0,30000000.0,25000000.0,6000000.0,5.058680696074464
2027,BIP - Access Roads and/or Bridges from the National Roads leading to Major/ Strategic Public Buildings/ Facilities,"Construction of Access Road Leading Barangay Baga-Barangay Bangkaw Bangkaw- Barangay Mamagon, Naga, Zamboanga Sibugay",Zamboanga Sibugay 2nd District Engineering Office,Zamboanga Sibugay 2nd District Engineering Office,56000000.0,3271,11000000.0,5000000.0,30000000.0,25000000.0,6000000.0,5.058680696074464
2027,BIP - Multi-Purpose Buildings/ Facilities to support Social Services,"Construction of Multi-Purpose Building at Barangay Pagolingin East, Lipa City, Batangas",Batangas 4th District Engineering Office,Batangas 4th District Engineering Office,22000000.0,2773,7000000.0,5000000.0,10000000.0,5000000.0,2000000.0,5.058680696074464
2027,Water Supply System,"Rehabilitation of Public Water Supply System (Level 3), Barangay Maasin, Municipality of Pura, Province of Tarlac",Tarlac District Engineering Office,Tarlac District Engineering Office,20000000.0,435,5000000.0,5000000.0,10000000.0,5000000.0,2000000.0,5.058680696074464
2027,Water Supply System,"Construction of Water System Level II, Highland Side, Pantukan, Davao de Oro",Davao de Oro 1st District Engineering Office,Davao de Oro 1st District Engineering Office,20000000.0,435,5000000.0,5000000.0,10000000.0,5000000.0,2000000.0,5.058680696074464
2027,Water Supply System,"Construction of Public Water Supply System in Brgy. Goling, Diplahan, Zamboanga Sibugay",Zamboanga Sibugay 1st District Engineering Office,Zamboanga Sibugay 1st District Engineering Office,20000000.0,435,5000000.0,5000000.0,10000000.0,5000000.0,2000000.0,5.058680696074464
2027,Water Supply System,"Construction of Water Supply System, Barangay Centro, Santo Tomas, Isabela, 17.40069, 121.76566",Isabela 1st District Engineering Office,Isabela 1st District Engineering Office,20000000.0,435,5000000.0,5000000.0,10000000.0,5000000.0,2000000.0,5.058680696074464
2027,Water Supply System,"Construction of Water System, Barangay Pangaoaoan East, Aringay, La Union",La Union 2nd District Engineering Office,La Union 2nd District Engineering Office,20000000.0,435,5000000.0,5000000.0,10000000.0,5000000.0,2000000.0,5.058680696074464
2027,Water Supply System,"Rehabilitation of Water Distribution Lines - Barangay Upper Pob., Lower Pob., Villahermosa, Esperanza, Dapdap, Imelda, Lanao, Biasong, Cawit, Moabog, Montserrat, San Isidro & San Juan, Pilar, Cebu",Cebu 5th District Engineering Office,Cebu 5th District Engineering Office,20000000.0,435,5000000.0,5000000.0,10000000.0,5000000.0,2000000.0,5.058680696074464
2027,Water Supply System,"Construction of Public Water Supply System (Level III), Municipality of Nueva Valencia, Guimaras",Guimaras District Engineering Office,Guimaras District Engineering Office,20000000.0,435,5000000.0,5000000.0,10000000.0,5000000.0,2000000.0,5.058680696074464
2027,Rehabilitation/ Reconstruction/ Upgrading of Damaged Paved Roads - Primary Roads,"Maharlika Highway (LZ) - K0145 + 564 - K0145 + 800, K0149 + 314 - K0149 + 607, K0149 + 1034 - K0150 + 478, K0151 + 000 - K0152 + 000, K0153 + 003 - K0153 + 100, K0153 + 155 - K0154 + 010, K0155 + 300 - K0155 + 600",Quezon 1st District Engineering Office,Quezon 1st District Engineering Office,118917000.0,116,18577000.0,8739000.0,59687250.0,50948250.0,13469500.0,5.024566821773753
2027,BIP - Access Roads and/or Bridges from the National Roads leading to Major/ Strategic Public Buildings/ Facilities,"Construction of Road and Drainage at Sampaguita St. (Chainage 0+000 - Chainage 0+274) and Dahlia St. (Chainage 0+000 - Chainage 0+110), at Barangay Sta. Monica, Quezon City",Quezon City 1st District Engineering Office,Quezon City 1st District Engineering Office,55680000.0,3271,11000000.0,5000000.0,30000000.0,25000000.0,6000000.0,5.022707855569045
2027,Construction/ Maintenance of Flood Mitigation Structures and Drainage Systems,"Construction (Completion) of Flood Control and Drainage Structure (FCDS) along Sta. Cruz River, Barat Section (Sta. 0+000 - Sta. 0+700), Bambang, Nueva Vizcaya",Nueva Vizcaya District Engineering Office,Nueva Vizcaya District Engineering Office,233000000.0,1071,32500000.0,10000000.0,93000000.0,83000000.0,27064000.0,4.99687397557853
2027,Off-Carriageway Improvement - Tertiary Roads,"Jct Logac-Lasam-Gagabutan Rd - K0716 + 265 - K0717 + 027, K0720 + 028 - K0720 + 682, K0724 + 810 - K0725 + 456, K0729 + 210 - K0733 + 631, K0734 + 000 - K0734 + 700, K0735 + 008 - K0735 + 600 (Off-Carriageway Improvement: Paving of Shoulders)",Cagayan 2nd District Engineering Office,Cagayan 2nd District Engineering Office,96718000.0,25,15471000.0,7632000.0,40000000.0,32368000.0,10971000.0,4.9950187526383125
2027,BIP - Access Roads and/or Bridges from the National Roads leading to Major/ Strategic Public Buildings/ Facilities,"Construction of Circumferential Road, Sta. 1+000 - Sta. 2+900, Barangay Ilijan - Barangay Baras, Santo Niño, Samar",Samar 1st District Engineering Office,Samar 1st District Engineering Office,55000000.0,3271,11000000.0,5000000.0,30000000.0,25000000.0,6000000.0,4.946265569495031
2027,BIP - Access Roads and/or Bridges from the National Roads leading to Major/ Strategic Public Buildings/ Facilities,"Construction of Circumferential Road, Sta. 1+400 - Sta. 3+300, Barangay Sevilla - Barangay Lobe Lobe, Camandag Island, Santo Niño, Samar",Samar 1st District Engineering Office,Samar 1st District Engineering Office,55000000.0,3271,11000000.0,5000000.0,30000000.0,25000000.0,6000000.0,4.946265569495031
2027,BIP - Access Roads and/or Bridges from the National Roads leading to Major/ Strategic Public Buildings/ Facilities,"Construction of Road, Barangay Sapul, Calapan City, Oriental Mindoro",Mindoro Oriental District Engineering Office,Mindoro Oriental District Engineering Office,55000000.0,3271,11000000.0,5000000.0,30000000.0,25000000.0,6000000.0,4.946265569495031
2027,BIP - Access Roads and/or Bridges from the National Roads leading to Major/ Strategic Public Buildings/ Facilities,"Construction of Road with Drainage Facilities,Basak-Cagodoy-Bankal-Buaya Road, Brgy. Bankal, Lapu-Lapu City, Cebu",Cebu 6th District Engineering Office,Cebu 6th District Engineering Office,55000000.0,3271,11000000.0,5000000.0,30000000.0,25000000.0,6000000.0,4.946265569495031
2027,BIP - Access Roads and/or Bridges from the National Roads leading to Major/ Strategic Public Buildings/ Facilities,"Rehabilitation of Road, Barangay Camanggaan- Barangay Malilion- Barangay Siblot- Barangay San Jose , Barangay Casaratan- Barangay Poblacion Barangay Sta Maria- Barangay Cacabugaoan, San Nicolas, Pangasinan",Pangasinan 3rd District Engineering Office,Pangasinan 3rd District Engineering Office,55000000.0,3271,11000000.0,5000000.0,30000000.0,25000000.0,6000000.0,4.946265569495031
2027,BIP - Access Roads and/or Bridges from the National Roads leading to Major/ Strategic Public Buildings/ Facilities,"Construction of Access Road Leading to Barangay Kitabog - Barangay Mabini - Barangay La Libertad, Titay Zamboanga Sibugay",Zamboanga Sibugay 2nd District Engineering Office,Zamboanga Sibugay 2nd District Engineering Office,55000000.0,3271,11000000.0,5000000.0,30000000.0,25000000.0,6000000.0,4.946265569495031
2027,BIP - Access Roads and/or Bridges from the National Roads leading to Major/ Strategic Public Buildings/ Facilities,"Construction of Lavezares By-Pass Road, Sta. 000+250 - Sta. 000+641",Northern Samar 1st District Engineering Office,Northern Samar 1st District Engineering Office,55000000.0,3271,11000000.0,5000000.0,30000000.0,25000000.0,6000000.0,4.946265569495031
2027,BIP - Access Roads and/or Bridges from the National Roads leading to Major/ Strategic Public Buildings/ Facilities,"Construction of Road, Barangay Sta. Rosa, San Jacinto Masbate- Sta. 1 + 100- Sta. 2 + 300",Masbate 1st District Engineering Office,Masbate 1st District Engineering Office,55000000.0,3271,11000000.0,5000000.0,30000000.0,25000000.0,6000000.0,4.946265569495031
2027,BIP - Access Roads and/or Bridges from the National Roads leading to Major/ Strategic Public Buildings/ Facilities,"Construction of Road with Drainage System in Barangay Poypoy, Calintaan, Occidental Mindoro",Mindoro Occidental District Engineering Office,Mindoro Occidental District Engineering Office,55000000.0,3271,11000000.0,5000000.0,30000000.0,25000000.0,6000000.0,4.946265569495031
2027,BIP - Access Roads and/or Bridges from the National Roads leading to Major/ Strategic Public Buildings/ Facilities,"Construction of Road with Drainage System in Barangay Tanyag, Calintaan, Occidental Mindoro",Mindoro Occidental District Engineering Office,Mindoro Occidental District Engineering Office,55000000.0,3271,11000000.0,5000000.0,30000000.0,25000000.0,6000000.0,4.946265569495031
2027,BIP - Access Roads and/or Bridges from the National Roads leading to Major/ Strategic Public Buildings/ Facilities,"Construction of Road and Drainages along Assumption Ville (C0+000 to C0+661) Barangay Lingunan, Valenzuela City",Metro Manila 3rd District Engineering Office,Metro Manila 3rd District Engineering Office,55000000.0,3271,11000000.0,5000000.0,30000000.0,25000000.0,6000000.0,4.946265569495031
2027,Preventive Maintenance - Tertiary Roads,Matalam-Mlang-Bagontapay Jct Rd - K1659 + 309 - K1661 + 185.30,Cotabato 3rd District Engineering Office,Cotabato 3rd District Engineering Office,183490000.0,155,30000000.0,10889500.0,54769000.0,43879500.0,21163000.0,4.89191450512983
2027,Widening of Permanent Bridges,Magallanes Parallel Br. along Pangasinan-Nueva Vizcaya Rd,Pangasinan 3rd District Engineering Office,Pangasinan 3rd District Engineering Office,185000000.0,256,40000000.0,23150000.0,69000000.0,45850000.0,20000000.0,4.890058006205315
2027,"Rehabilitation/ Reconstruction of Roads with Slips, Slope Collapse, and Landslide - Secondary Roads","Santander-Barili-Toledo Rd - K0163 + 000 - K0163 + 040, K0163 + 053 - K0163 + 080, K0163 + 085 - K0163 + 092",Cebu 7th District Engineering Office,Cebu 7th District Engineering Office,150000000.0,116,30555000.0,16720750.0,53025000.0,36304250.0,16500000.0,4.882699925192843
2027,Rehabilitation/ Major Repair of Permanent Bridges,Makati-Mandaluyong Br. (B04891LZ) along Makati-Mandaluyong Br.,Metro Manila 2nd District Engineering Office,Metro Manila 2nd District Engineering Office,42200000.0,269,7800000.0,4000000.0,15000000.0,11000000.0,4800000.0,4.833850442915598
2027,Widening of Permanent Bridges,Bridge of Promise (B03026LZ) along Batangas-Lobo Rd,Batangas 2nd District Engineering Office,Batangas 2nd District Engineering Office,180800000.0,256,40000000.0,23150000.0,69000000.0,45850000.0,20000000.0,4.74841494671523
2027,Construction of By-Pass and Diversion Roads,"Eastern Interior Bypass Road (Gusa-Puerto/Jct. Sayre Highway), Barangay Cugman-Barangay Tablon (Cugman Bridge 3), Sta. 3+607-Sta. 3+897, Cagayan de Oro City",Cagayan de Oro City 2nd District Engineering Office,Cagayan de Oro City 2nd District Engineering Office,450000000.0,370,100000000.0,50000000.0,152280750.0,102280750.0,50000000.0,4.721435316336166
2027,Widening of Permanent Bridges,Polo Parallel Br. along Jct Polo-Dapitan Park Natl Rd,Zamboanga del Norte 1st District Engineering Office,Zamboanga del Norte 1st District Engineering Office,180000000.0,256,40000000.0,23150000.0,69000000.0,45850000.0,20000000.0,4.721435316336166
2027,BIP - Local Ports and Boat Landings,"Construction of Local Port at Sitio Marabahay, Barangay Rio Tuba, Bataraza, Palawan",Palawan 2nd District Engineering Office,Palawan 2nd District Engineering Office,85000000.0,17,15000000.0,5000000.0,30000000.0,25000000.0,10000000.0,4.721435316336166
2027,BIP - Access Roads and/or Bridges from the National Roads leading to Major/ Strategic Public Buildings/ Facilities,"Construction of Junction National Road to Flor Mores Road, Monreal Masbate- Sta. 0 + 000- Sta. 1 + 200",Masbate 1st District Engineering Office,Masbate 1st District Engineering Office,53000000.0,3271,11000000.0,5000000.0,30000000.0,25000000.0,6000000.0,4.721435316336166
2027,BIP - Access Roads and/or Bridges from the National Roads leading to Major/ Strategic Public Buildings/ Facilities,"Rehabilitation of Road, Barangay Lawak, Barangay Saleng, Barangay Sto. Domingo,Barangay Evangelista- Barangay Toketec , Barangay Trenchera- Poblacion A, Barangay Poblacion C- Barangay Amistad, Tayug, Pangasinan",Pangasinan 3rd District Engineering Office,Pangasinan 3rd District Engineering Office,53000000.0,3271,11000000.0,5000000.0,30000000.0,25000000.0,6000000.0,4.721435316336166
2027,BIP - Access Roads and/or Bridges from the National Roads leading to Major/ Strategic Public Buildings/ Facilities,"Construction of Sinsayon Bridge and Approaches, Santiago City, Isabela",Isabela 4th District Engineering Office,Isabela 4th District Engineering Office,52900000.0,3271,11000000.0,5000000.0,30000000.0,25000000.0,6000000.0,4.710193803678223
2027,BIP - Access Roads and/or Bridges from the National Roads leading to Major/ Strategic Public Buildings/ Facilities,"Construction of Road and Drainage Papaya St. (Chainage 0+000 - Chainage 0+114), Magnolia St. (Chainage 0+000 - Chainage 0+155), Rosal St. (Chainage 0+000 - Chainage 0+098) at Barangay Sta. Monica, Quezon City",Quezon City 1st District Engineering Office,Quezon City 1st District Engineering Office,52848000.0,3271,11000000.0,5000000.0,30000000.0,25000000.0,6000000.0,4.704348217096093
2027,BIP - Access Roads and/or Bridges from the National Roads leading to Major/ Strategic Public Buildings/ Facilities,"Construction of Road, Barangay Linao leading to Barangay Talisay Road, Sta. 1+800 - Sta. 3+000, Calatrava, Romblon",Romblon District Engineering Office,Romblon District Engineering Office,52800000.0,3271,11000000.0,5000000.0,30000000.0,25000000.0,6000000.0,4.69895229102028
2027,Preventive Maintenance - Primary Roads,"Maharlika Highway (Pagadian City-Zamboanga City Rd) - K1675 + (-337) - K1675 + 000, K1676 + 000 - K1676 + 669, K1676 + 721 - K1676 + 822, K1678 + 000 - K1678 + 091, K1680 + 380 - K1680 + 603, K1680 + 945 - K1681 + 000, K1684 + 018 - K1684 + 028, K1684 + 682 - K1685 + 000, K1687 + 000 - K1688 + 500, K1689 + 961 - K1690 + 508, K1690 + 526 - K1690 + 825, K1694 + 723 - K1694 + 775, K1694 + 812 - K1694 + 870, K1700 + 056 - K1700 + 106, K1714 + 2160 - K1718 + 020, K1718 + 1285 - K1718 + 1305",Zamboanga del Sur 2nd District Engineering Office,Zamboanga del Sur 2nd District Engineering Office,272000000.0,215,49255000.0,19987500.0,83940000.0,63952500.0,32031000.0,4.69043876930518
2027,Water Supply System,"Construction of Water Supply System Level II, Barangay San Pedro, Biri, Northern Samar (12.651643, 124.389982)",Northern Samar 1st District Engineering Office,Northern Samar 1st District Engineering Office,18900000.0,435,5000000.0,5000000.0,10000000.0,5000000.0,2000000.0,4.687710778362336
2027,BIP - Access Roads and/or Bridges from the National Roads leading to Major/ Strategic Public Buildings/ Facilities,"Construction of Road, Purok 2 to Purok 8, Barangay Raja Muda, Tacurong City to connect Sampao Road, Isulan, Sultan Kudarat",Sultan Kudarat 1st District Engineering Office,Sultan Kudarat 1st District Engineering Office,52500000.0,3271,11000000.0,5000000.0,30000000.0,25000000.0,6000000.0,4.66522775304645
2027,BIP - Coastal Roads to augment Resiliency of Coastal Communities,"Construction of Pajo-Pusok-Ibo Coastal Road, Lapu-Lapu City, Cebu",Cebu 6th District Engineering Office,Cebu 6th District Engineering Office,250000000.0,13,36000000.0,20000000.0,120000000.0,100000000.0,31000000.0,4.6561620170319795
2027,BIP - Access Roads and/or Bridges from the National Roads leading to Major/ Strategic Public Buildings/ Facilities,"Replacement of Bridge, Barangay Macapabellag to Barangay Santa Ana, Guimba, Nueva Ecija Sta. 0+000 - Sta. 0+045",Nueva Ecija 1st District Engineering Office,Nueva Ecija 1st District Engineering Office,52150000.0,3271,11000000.0,5000000.0,30000000.0,25000000.0,6000000.0,4.625882458743648
2027,BIP - Multi-Purpose Buildings/ Facilities to support Social Services,"Construction of Multi-purpose Building (SK Building) at Barangay Sauyo, Quezon City, 14.68967,121.03342",Quezon City 1st District Engineering Office,Quezon City 1st District Engineering Office,20700000.0,2773,7000000.0,5000000.0,10000000.0,5000000.0,2000000.0,4.620261702414677
2027,Construction/ Maintenance of Flood Mitigation Structures and Drainage Systems,"Construction of Pumping Station Protecting Davao City Coastal Bypass Road (Bago Aplaya-Times Beach-Roxas Avenue-Sta. Ana Wharf-R. Castillo), Barangay Centro, Davao City",Davao City 3rd District Engineering Office,Davao City 3rd District Engineering Office,217000000.0,1071,32500000.0,10000000.0,93000000.0,83000000.0,27064000.0,4.598120940120892
2027,Construction/ Upgrading/ Rehabilitation of Drainage along National Roads - Secondary Roads,Puerto Princesa North Rd - K0006 + 872 - K0009 + 471,Palawan 3rd District Engineering Office,Palawan 3rd District Engineering Office,90000000.0,39,20000000.0,9635500.0,30000000.0,20364500.0,10300000.0,4.583917782850647
2027,Construction/ Maintenance of Flood Mitigation Structures and Drainage Systems,"Construction of Flood Control Structure along Buhangin River, Barangay Robles, La Castellana, Negros Occidental",Negros Occidental 2nd District Engineering Office,Negros Occidental 2nd District Engineering Office,216000000.0,1071,32500000.0,10000000.0,93000000.0,83000000.0,27064000.0,4.573198875404789
2027,Construction of By-Pass and Diversion Roads,"Pangasinan-Zambales Road to Judge Jose De Venecia Boulevard Ext'n Road, Binmaley, Pangasinan",Pangasinan 2nd District Engineering Office,Pangasinan 2nd District Engineering Office,438930000.0,370,100000000.0,50000000.0,152280750.0,102280750.0,50000000.0,4.572103062188048
2027,BIP - Multi-Purpose Buildings/ Facilities to support Social Services,"Construction of Multi-Purpose Building Facility, Barangay Cabalabaguan, Mina, Iloilo",Iloilo 6th District Engineering Office,Iloilo 6th District Engineering Office,20500000.0,2773,7000000.0,5000000.0,10000000.0,5000000.0,2000000.0,4.552812626467017
2027,BIP - Multi-Purpose Buildings/ Facilities to support Social Services,"Construction of Multi-Purpose Building, Barangay Poblacion, San Miguel, Iloilo",Iloilo 4th District Engineering Office,Iloilo 4th District Engineering Office,20500000.0,2773,7000000.0,5000000.0,10000000.0,5000000.0,2000000.0,4.552812626467017
2027,BIP - Multi-Purpose Buildings/ Facilities to support Social Services,"Construction (Completion) of Multi-Purpose Building (Covered Gym), Barangay Poblacion, Banga, Aklan",Aklan District Engineering Office,Aklan District Engineering Office,20500000.0,2773,7000000.0,5000000.0,10000000.0,5000000.0,2000000.0,4.552812626467017
2027,Buildings And Other Structures,Construction of Evacuation Centers - Cordillera Administrative Region,Regional Office CAR,Regional Office CAR,180000000.0,199,25000000.0,5000000.0,95000000.0,90000000.0,23000000.0,4.545481205168358
2027,Buildings And Other Structures,Construction of Evacuation Centers - Region XIII,Regional Office XIII,Regional Office XIII,180000000.0,199,25000000.0,5000000.0,95000000.0,90000000.0,23000000.0,4.545481205168358
2027,Buildings And Other Structures,Construction of Evacuation Centers - Region XII,Regional Office XII,Regional Office XII,180000000.0,199,25000000.0,5000000.0,95000000.0,90000000.0,23000000.0,4.545481205168358
2027,Buildings And Other Structures,Construction of Evacuation Centers - Region XI,Regional Office XI,Regional Office XI,180000000.0,199,25000000.0,5000000.0,95000000.0,90000000.0,23000000.0,4.545481205168358
2027,Buildings And Other Structures,Construction of Evacuation Centers - Region X,Regional Office X,Regional Office X,180000000.0,199,25000000.0,5000000.0,95000000.0,90000000.0,23000000.0,4.545481205168358
2027,Buildings And Other Structures,Construction of Evacuation Centers - Region IX,Regional Office IX,Regional Office IX,180000000.0,199,25000000.0,5000000.0,95000000.0,90000000.0,23000000.0,4.545481205168358
2027,Buildings And Other Structures,Construction of Evacuation Centers - Region VIII,Regional Office VIII,Regional Office VIII,180000000.0,199,25000000.0,5000000.0,95000000.0,90000000.0,23000000.0,4.545481205168358
2027,Buildings And Other Structures,Construction of Evacuation Centers - Region VII,Regional Office VII,Regional Office VII,180000000.0,199,25000000.0,5000000.0,95000000.0,90000000.0,23000000.0,4.545481205168358
2027,Buildings And Other Structures,Construction of Evacuation Centers - Negros Island Region,Regional Office NIR,Regional Office NIR,180000000.0,199,25000000.0,5000000.0,95000000.0,90000000.0,23000000.0,4.545481205168358
2027,Buildings And Other Structures,Construction of Evacuation Centers - Region VI,Regional Office VI,Regional Office VI,180000000.0,199,25000000.0,5000000.0,95000000.0,90000000.0,23000000.0,4.545481205168358
2027,Buildings And Other Structures,Construction of Evacuation Centers - Region V,Regional Office V,Regional Office V,180000000.0,199,25000000.0,5000000.0,95000000.0,90000000.0,23000000.0,4.545481205168358
2027,Buildings And Other Structures,Construction of Evacuation Centers - MIMAROPA Region,Regional Office MIMAROPA,Regional Office MIMAROPA,180000000.0,199,25000000.0,5000000.0,95000000.0,90000000.0,23000000.0,4.545481205168358
2027,Buildings And Other Structures,Construction of Evacuation Centers - Region IV-A,Regional Office IVA,Regional Office IVA,180000000.0,199,25000000.0,5000000.0,95000000.0,90000000.0,23000000.0,4.545481205168358
2027,Buildings And Other Structures,Construction of Evacuation Centers - Region III,Regional Office III,Regional Office III,180000000.0,199,25000000.0,5000000.0,95000000.0,90000000.0,23000000.0,4.545481205168358
2027,Buildings And Other Structures,Construction of Evacuation Centers - Region II,Regional Office II,Regional Office II,180000000.0,199,25000000.0,5000000.0,95000000.0,90000000.0,23000000.0,4.545481205168358
2027,Buildings And Other Structures,Construction of Evacuation Centers - Region I,Regional Office I,Regional Office I,180000000.0,199,25000000.0,5000000.0,95000000.0,90000000.0,23000000.0,4.545481205168358
2027,Buildings And Other Structures,Construction of Evacuation Centers - National Capital Region,Regional Office NCR,Regional Office NCR,180000000.0,199,25000000.0,5000000.0,95000000.0,90000000.0,23000000.0,4.545481205168358
2027,BIP - Access Roads and/or Bridges from the National Roads leading to Major/ Strategic Public Buildings/ Facilities,"Construction of Road, Barangay Amatong to Barangay Rizal, Sta. 0+000 - Sta. 1+165, Odiongan, Romblon",Romblon District Engineering Office,Romblon District Engineering Office,51260000.0,3271,11000000.0,5000000.0,30000000.0,25000000.0,6000000.0,4.525832996087954
2027,Construction/ Upgrading/ Rehabilitation of Drainage along National Roads - Primary Roads,Maharlika Highway (LZ) - K0463 + 000 - K0464 + 609,Camarines Sur 5th District Engineering Office,Camarines Sur 5th District Engineering Office,95000000.0,41,20000000.0,11000000.0,40000000.0,29000000.0,11250000.0,4.496605063177301
2027,BIP - Access Roads and/or Bridges from the National Roads leading to Major/ Strategic Public Buildings/ Facilities,"Construction of Road Concrete Centro, Brgy. Joaquin Macias, Sindangan to Centro Sitio Pase up to riverbank, Brgy. Moyo, Siayan, Zamboanga del Norte",Zamboanga del Norte 2nd District Engineering Office,Zamboanga del Norte 2nd District Engineering Office,51000000.0,3271,11000000.0,5000000.0,30000000.0,25000000.0,6000000.0,4.496605063177301
2027,BIP - Access Roads and/or Bridges from the National Roads leading to Major/ Strategic Public Buildings/ Facilities,"Construction of Bocana Bridge, Barangay Bocana, Ilog, Negros Occidental",Negros Occidental 3rd District Engineering Office,Negros Occidental 3rd District Engineering Office,51000000.0,3271,11000000.0,5000000.0,30000000.0,25000000.0,6000000.0,4.496605063177301
2027,Preventive Maintenance - Secondary Roads,"Bogo-Curva-Medellin-Daanbantayan-Maya Rd - K0103 + (-207) - K0103 + 860, K0112 + 599 - K0113 + 500",Cebu 4th District Engineering Office,Cebu 4th District Engineering Office,144690000.0,285,27300000.0,13803000.0,58500000.0,44697000.0,17800000.0,4.448228666008848
2027,BIP - Access Roads and/or Bridges from the National Roads leading to Major/ Strategic Public Buildings/ Facilities,"Construction of Road along Manggahan St., Barangay Manggahan-Lawin, Sta. 0 + 000 - Sta. 0 + 855, Kawit Cavite",Cavite 1st District Engineering Office,Cavite 1st District Engineering Office,50500000.0,3271,11000000.0,5000000.0,30000000.0,25000000.0,6000000.0,4.440397499887585
2027,Replacement of Permanent Weak Bridges,Busilac Br. (B00664LZ) along Luna-Bangar Rd,La Union 1st District Engineering Office,La Union 1st District Engineering Office,161935000.0,185,39858000.0,25000000.0,75000000.0,50000000.0,18616000.0,4.423066633252273
2027,Construction of By-Pass and Diversion Roads,"Dagupan-Mangaldan Diversion Road, Dagupan City-Mangaldan, Sta. 0+861-Sta.1+512, Sta.5+280-Sta.-Sta.6+089.9 Pangasinan",Pangasinan 2nd District Engineering Office,Pangasinan 2nd District Engineering Office,427765000.0,370,100000000.0,50000000.0,152280750.0,102280750.0,50000000.0,4.421489275596924
2027,BIP - Access Roads and/or Bridges from the National Roads leading to Major/ Strategic Public Buildings/ Facilities,"Construction of Road, Barangay Lower Tambaking, Maimbung, Sulu Sta. 00+000 to Sta. 01+500",Sulu 1st District Engineering Office,Sulu 1st District Engineering Office,50000000.0,3271,11000000.0,5000000.0,30000000.0,25000000.0,6000000.0,4.384189936597869
2027,BIP - Access Roads and/or Bridges from the National Roads leading to Major/ Strategic Public Buildings/ Facilities,"Construction of Road, Barangay San Miguel, Echague, Isabela",Isabela 4th District Engineering Office,Isabela 4th District Engineering Office,50000000.0,3271,11000000.0,5000000.0,30000000.0,25000000.0,6000000.0,4.384189936597869
2027,BIP - Access Roads and/or Bridges from the National Roads leading to Major/ Strategic Public Buildings/ Facilities,"Construction of Bugwak Bridge along Dangcagan-Bugwak-Kadingilan, Bukidnon Bypass Road, Barangay Bugwak Section, Sta. 9+960 - Sta. 10+110, Dangcagan, Bukidnon",Bukidnon 2nd District Engineering Office,Bukidnon 2nd District Engineering Office,50000000.0,3271,11000000.0,5000000.0,30000000.0,25000000.0,6000000.0,4.384189936597869
2027,BIP - Access Roads and/or Bridges from the National Roads leading to Major/ Strategic Public Buildings/ Facilities,"Rehabilitation of Road Network including Laterals at Barangay Sta. Elena (C. Cruz St., Deguangco St., Zapatero St.), Marikina City",Metro Manila 1st District Engineering Office,Metro Manila 1st District Engineering Office,50000000.0,3271,11000000.0,5000000.0,30000000.0,25000000.0,6000000.0,4.384189936597869
2027,BIP - Access Roads and/or Bridges from the National Roads leading to Major/ Strategic Public Buildings/ Facilities,"Concreting of Road, Barangay De La Fe and Barangay Salvacion, Buhi, Camarines Sur",Camarines Sur 5th District Engineering Office,Camarines Sur 5th District Engineering Office,50000000.0,3271,11000000.0,5000000.0,30000000.0,25000000.0,6000000.0,4.384189936597869
2027,BIP - Access Roads and/or Bridges from the National Roads leading to Major/ Strategic Public Buildings/ Facilities,"Improvement of Marag-Macalino Road, Barangay Marag , Luna and Macalino, Calanasan, Apayao",Apayao 2nd District Engineering Office,Apayao 2nd District Engineering Office,50000000.0,3271,11000000.0,5000000.0,30000000.0,25000000.0,6000000.0,4.384189936597869
2027,BIP - Access Roads and/or Bridges from the National Roads leading to Major/ Strategic Public Buildings/ Facilities,"Construction of Montabiong-Banao Road, Sta. 14+000 - Sta. 15+500, Lagawe, Ifugao",Ifugao 1st District Engineering Office,Ifugao 1st District Engineering Office,50000000.0,3271,11000000.0,5000000.0,30000000.0,25000000.0,6000000.0,4.384189936597869
2027,BIP - Access Roads and/or Bridges from the National Roads leading to Major/ Strategic Public Buildings/ Facilities,"Construction of Road with Drainage connecting to Imus Integrated School, Sta. 01 + 203 - Sta. 01 + 779, Barangay Pasong Buaya, Imus, Cavite",Cavite 1st District Engineering Office,Cavite 1st District Engineering Office,50000000.0,3271,11000000.0,5000000.0,30000000.0,25000000.0,6000000.0,4.384189936597869
2027,BIP - Access Roads and/or Bridges from the National Roads leading to Major/ Strategic Public Buildings/ Facilities,"Rehabilitation of Catohugan-Minsua Road, Barangay Catohugan and Barangay San Isidro, Mahinog, Camiguin",Camiguin District Engineering Office,Camiguin District Engineering Office,50000000.0,3271,11000000.0,5000000.0,30000000.0,25000000.0,6000000.0,4.384189936597869
2027,BIP - Access Roads and/or Bridges from the National Roads leading to Major/ Strategic Public Buildings/ Facilities,"Construction of Road and Drainage, Barangay Macabling, Santa Rosa City, Laguna",Laguna 2nd District Engineering Office,Laguna 2nd District Engineering Office,50000000.0,3271,11000000.0,5000000.0,30000000.0,25000000.0,6000000.0,4.384189936597869
2027,BIP - Access Roads and/or Bridges from the National Roads leading to Major/ Strategic Public Buildings/ Facilities,"Construction of Road, San Jose - Sta. Maria Road, City of San Jose del Monte, Bulacan (121.036385, 14.842143)",Bulacan 2nd District Engineering Office,Bulacan 2nd District Engineering Office,50000000.0,3271,11000000.0,5000000.0,30000000.0,25000000.0,6000000.0,4.384189936597869
2027,BIP - Access Roads and/or Bridges from the National Roads leading to Major/ Strategic Public Buildings/ Facilities,"Rehabilitation of Road with Drainage, Barangay Dulong Bayan, City of San Jose del Monte, Bulacan (121.026121, 14.822209)",Bulacan 2nd District Engineering Office,Bulacan 2nd District Engineering Office,50000000.0,3271,11000000.0,5000000.0,30000000.0,25000000.0,6000000.0,4.384189936597869
2027,BIP - Access Roads and/or Bridges from the National Roads leading to Major/ Strategic Public Buildings/ Facilities,"Rehabilitation of Road with Drainage, Barangay Muzon East, City of San Jose del Monte, Bulacan (121.039698, 14.810883)",Bulacan 2nd District Engineering Office,Bulacan 2nd District Engineering Office,50000000.0,3271,11000000.0,5000000.0,30000000.0,25000000.0,6000000.0,4.384189936597869
2027,BIP - Access Roads and/or Bridges from the National Roads leading to Major/ Strategic Public Buildings/ Facilities,"Rehabilitation of Road with Drainage, Barangay Gaya gaya, City of San Jose del Monte, Bulacan, Sta. 00+000 - Sta. 01+200",Bulacan 2nd District Engineering Office,Bulacan 2nd District Engineering Office,50000000.0,3271,11000000.0,5000000.0,30000000.0,25000000.0,6000000.0,4.384189936597869
2027,BIP - Access Roads and/or Bridges from the National Roads leading to Major/ Strategic Public Buildings/ Facilities,"Construction of Road, Linawan Rd., Barangay Dulong Bayan, City of San Jose Del Monte, Bulacan (121.026121, 14.822209)",Bulacan 2nd District Engineering Office,Bulacan 2nd District Engineering Office,50000000.0,3271,11000000.0,5000000.0,30000000.0,25000000.0,6000000.0,4.384189936597869
2027,BIP - Access Roads and/or Bridges from the National Roads leading to Major/ Strategic Public Buildings/ Facilities,"Rehabilitation of Road, Tubigan Rd., Barangay Gaya-Gaya, City of San Jose Del Monte, Bulacan (121.046324, 14.796644)",Bulacan 2nd District Engineering Office,Bulacan 2nd District Engineering Office,50000000.0,3271,11000000.0,5000000.0,30000000.0,25000000.0,6000000.0,4.384189936597869
2027,BIP - Access Roads and/or Bridges from the National Roads leading to Major/ Strategic Public Buildings/ Facilities,"Rehabilitation of Road, Area A, Barangay Minuyan, City of San Jose Del Monte, Bulacan (121.074213, 14.846183)",Bulacan 2nd District Engineering Office,Bulacan 2nd District Engineering Office,50000000.0,3271,11000000.0,5000000.0,30000000.0,25000000.0,6000000.0,4.384189936597869
2027,BIP - Access Roads and/or Bridges from the National Roads leading to Major/ Strategic Public Buildings/ Facilities,"Rehabilitation of Road, Area F, Barangay San Pedro, City of San Jose Del Monte, Bulacan (121.057393, 14.845177)",Bulacan 2nd District Engineering Office,Bulacan 2nd District Engineering Office,50000000.0,3271,11000000.0,5000000.0,30000000.0,25000000.0,6000000.0,4.384189936597869
2027,BIP - Access Roads and/or Bridges from the National Roads leading to Major/ Strategic Public Buildings/ Facilities,"Rehabilitation of Road, Area G, Barangay Citrus, City of San Jose Del Monte, Bulacan, Sta. 00+000 - Sta. 01+840",Bulacan 2nd District Engineering Office,Bulacan 2nd District Engineering Office,50000000.0,3271,11000000.0,5000000.0,30000000.0,25000000.0,6000000.0,4.384189936597869
2027,BIP - Access Roads and/or Bridges from the National Roads leading to Major/ Strategic Public Buildings/ Facilities,"Rehabilitation of Road, Area H, Barangay San Rafael, City of San Jose Del Monte, Bulacan (121.043759, 14.853904)",Bulacan 2nd District Engineering Office,Bulacan 2nd District Engineering Office,50000000.0,3271,11000000.0,5000000.0,30000000.0,25000000.0,6000000.0,4.384189936597869
2027,BIP - Access Roads and/or Bridges from the National Roads leading to Major/ Strategic Public Buildings/ Facilities,"Rehabilitation / Improvement of Road, Area I, Barangays San Martin de Porres, Assumption, Sto. Nino I, Sto. Nino II and Lawang Pare, City of San Jose Del Monte, Bulacan (121.066268, 14.863264)",Bulacan 2nd District Engineering Office,Bulacan 2nd District Engineering Office,50000000.0,3271,11000000.0,5000000.0,30000000.0,25000000.0,6000000.0,4.384189936597869
2027,BIP - Access Roads and/or Bridges from the National Roads leading to Major/ Strategic Public Buildings/ Facilities,"Rehabilitation of Road with drainage, Barangay Minuyan Proper, City of San Jose Del Monte, Bulacan (121.080917, 14.836105)",Bulacan 2nd District Engineering Office,Bulacan 2nd District Engineering Office,50000000.0,3271,11000000.0,5000000.0,30000000.0,25000000.0,6000000.0,4.384189936597869
2027,BIP - Access Roads and/or Bridges from the National Roads leading to Major/ Strategic Public Buildings/ Facilities,"Rehabilitation of Junction Provincial Road, Barangay Bunnay to Barangay Lourdes, Angadanan, Isabela",Isabela 3rd District Engineering Office,Isabela 3rd District Engineering Office,50000000.0,3271,11000000.0,5000000.0,30000000.0,25000000.0,6000000.0,4.384189936597869
2027,BIP - Access Roads and/or Bridges from the National Roads leading to Major/ Strategic Public Buildings/ Facilities,"Improvement of Roads and Drainage System, Zone 92 & 93, Manila City, Sta. 0 - Sta. 670",South Manila District Engineering Office,South Manila District Engineering Office,50000000.0,3271,11000000.0,5000000.0,30000000.0,25000000.0,6000000.0,4.384189936597869
2027,BIP - Access Roads and/or Bridges from the National Roads leading to Major/ Strategic Public Buildings/ Facilities,"Construction of Garreta-Laskig-San Diego Road, Pidigan, Abra",Abra District Engineering Office,Abra District Engineering Office,50000000.0,3271,11000000.0,5000000.0,30000000.0,25000000.0,6000000.0,4.384189936597869
2027,BIP - Access Roads and/or Bridges from the National Roads leading to Major/ Strategic Public Buildings/ Facilities,"Construction of Road with Drainage Systems, Sitio Ondoy, Ph1 and Ph2, Barangay Muntindilaw, Antipolo City",Rizal 1st District Engineering Office,Rizal 1st District Engineering Office,50000000.0,3271,11000000.0,5000000.0,30000000.0,25000000.0,6000000.0,4.384189936597869
2027,BIP - Access Roads and/or Bridges from the National Roads leading to Major/ Strategic Public Buildings/ Facilities,"Construction of Tabidiao Bridge in Barangay Mailum, Bago City, Negros Occidental",Negros Occidental 4th District Engineering Office,Negros Occidental 4th District Engineering Office,50000000.0,3271,11000000.0,5000000.0,30000000.0,25000000.0,6000000.0,4.384189936597869
2027,BIP - Access Roads and/or Bridges from the National Roads leading to Major/ Strategic Public Buildings/ Facilities,"Construction of Ababeng-Domeguiay Road, La Paz and Danglas, Abra",Abra District Engineering Office,Abra District Engineering Office,50000000.0,3271,11000000.0,5000000.0,30000000.0,25000000.0,6000000.0,4.384189936597869
2027,BIP - Access Roads and/or Bridges from the National Roads leading to Major/ Strategic Public Buildings/ Facilities,"Construction of Access Road, Barangay Pisong-A to Barangay Pisong-B, Maria, Siquijor, Sta. 3+089 - Sta. 4+474",Siquijor District Engineering Office,Siquijor District Engineering Office,50000000.0,3271,11000000.0,5000000.0,30000000.0,25000000.0,6000000.0,4.384189936597869
2027,BIP - Access Roads and/or Bridges from the National Roads leading to Major/ Strategic Public Buildings/ Facilities,"Rehabilitation of Road, Area C, Barangay San Martin, City of San Jose Del Monte, Bulacan (121.057887, 14.859846)",Bulacan 2nd District Engineering Office,Bulacan 2nd District Engineering Office,50000000.0,3271,11000000.0,5000000.0,30000000.0,25000000.0,6000000.0,4.384189936597869
2027,BIP - Access Roads and/or Bridges from the National Roads leading to Major/ Strategic Public Buildings/ Facilities,"Construction of Road, Upper Kanangkaan-Mangapol-Kasaya, Barangay Tupsan, Mambajao, Camiguin",Camiguin District Engineering Office,Camiguin District Engineering Office,50000000.0,3271,11000000.0,5000000.0,30000000.0,25000000.0,6000000.0,4.384189936597869
2027,BIP - Access Roads and/or Bridges from the National Roads leading to Major/ Strategic Public Buildings/ Facilities,"Rehabilitation of Sto. Niño Alternate Road, Barangay Sto. Niño, Catarman, Camiguin",Camiguin District Engineering Office,Camiguin District Engineering Office,50000000.0,3271,11000000.0,5000000.0,30000000.0,25000000.0,6000000.0,4.384189936597869
2027,BIP - Access Roads and/or Bridges from the National Roads leading to Major/ Strategic Public Buildings/ Facilities,"Improvement of Roads and Drainage System at Barangay 829, Zone 90 and Vicinity Sta. 0 - Sta. 520, Manila City",South Manila District Engineering Office,South Manila District Engineering Office,50000000.0,3271,11000000.0,5000000.0,30000000.0,25000000.0,6000000.0,4.384189936597869
2027,BIP - Access Roads and/or Bridges from the National Roads leading to Major/ Strategic Public Buildings/ Facilities,"Construction of Barangay Topocon Bridge, Sultan Naga Dimaporo, Lanao del Norte",Lanao del Norte 2nd District Engineering Office,Lanao del Norte 2nd District Engineering Office,50000000.0,3271,11000000.0,5000000.0,30000000.0,25000000.0,6000000.0,4.384189936597869
2027,BIP - Access Roads and/or Bridges from the National Roads leading to Major/ Strategic Public Buildings/ Facilities,"Construction/Improvement of Road, Barangay Lucsoon to Barangay Imelda, Naval, Biliran (Sta. 0 + 850 - Sta. 2 + 150)",Biliran District Engineering Office,Biliran District Engineering Office,50000000.0,3271,11000000.0,5000000.0,30000000.0,25000000.0,6000000.0,4.384189936597869
2027,BIP - Access Roads and/or Bridges from the National Roads leading to Major/ Strategic Public Buildings/ Facilities,"Construction of Road, Barangay Goma, Digos City-Sitio Bagong Silang, Managa, Sta. 8+841.896 - Sta. 9+841.896, Bansalan, Davao del Sur",Davao del Sur District Engineering Office,Davao del Sur District Engineering Office,50000000.0,3271,11000000.0,5000000.0,30000000.0,25000000.0,6000000.0,4.384189936597869
2027,BIP - Access Roads and/or Bridges from the National Roads leading to Major/ Strategic Public Buildings/ Facilities,"Construction of Road, Panansalan, (Sta. 5+820 - Sta. 6+620), Compostela, Davao de Oro",Davao de Oro 2nd District Engineering Office,Davao de Oro 2nd District Engineering Office,50000000.0,3271,11000000.0,5000000.0,30000000.0,25000000.0,6000000.0,4.384189936597869
2027,BIP - Access Roads and/or Bridges from the National Roads leading to Major/ Strategic Public Buildings/ Facilities,"Rehabilitation of Piña-Suclaran Road, Sta. 1 + 000 - Sta. 3 +500, Barangay Piña, Buenavista and Barangay Suclaran, San Lorenzo, Guimaras",Guimaras District Engineering Office,Guimaras District Engineering Office,50000000.0,3271,11000000.0,5000000.0,30000000.0,25000000.0,6000000.0,4.384189936597869
2027,BIP - Access Roads and/or Bridges from the National Roads leading to Major/ Strategic Public Buildings/ Facilities,"Construction of Road Connecting Barangay Luciano and Barangay Aguado, Trece Martires City, Cavite",Cavite 1st District Engineering Office,Cavite 1st District Engineering Office,50000000.0,3271,11000000.0,5000000.0,30000000.0,25000000.0,6000000.0,4.384189936597869
2027,BIP - Access Roads and/or Bridges from the National Roads leading to Major/ Strategic Public Buildings/ Facilities,"Construction (Completion) of Pinagtulayan Bridge, Norzagaray, Bulacan (121.053702, 14.917442)",Bulacan 2nd District Engineering Office,Bulacan 2nd District Engineering Office,50000000.0,3271,11000000.0,5000000.0,30000000.0,25000000.0,6000000.0,4.384189936597869
2027,BIP - Access Roads and/or Bridges from the National Roads leading to Major/ Strategic Public Buildings/ Facilities,"Construction of Batino Overpass Bridge along South Luzon Expressway (SLEX) (Westbound) including approaches, Barangay Prinza, Calamba City, Laguna",Laguna 2nd District Engineering Office,Laguna 2nd District Engineering Office,50000000.0,3271,11000000.0,5000000.0,30000000.0,25000000.0,6000000.0,4.384189936597869
2027,BIP - Access Roads and/or Bridges from the National Roads leading to Major/ Strategic Public Buildings/ Facilities,"Construction of Road with drainge, Canumay to Casunugan, Barangay San Jose, Antipolo City 2nd L.D.",Rizal 1st District Engineering Office,Rizal 1st District Engineering Office,50000000.0,3271,11000000.0,5000000.0,30000000.0,25000000.0,6000000.0,4.384189936597869
2027,BIP - Access Roads and/or Bridges from the National Roads leading to Major/ Strategic Public Buildings/ Facilities,"Construction of Amai Manabilang Road, Lanao del Sur",Regional Office X BARMM,Regional Office X BARMM,50000000.0,3271,11000000.0,5000000.0,30000000.0,25000000.0,6000000.0,4.384189936597869
2027,BIP - Access Roads and/or Bridges from the National Roads leading to Major/ Strategic Public Buildings/ Facilities,"Construction of Piagapo to Pantao Ragat Provincial Road, Lanao del Sur",Regional Office X BARMM,Regional Office X BARMM,50000000.0,3271,11000000.0,5000000.0,30000000.0,25000000.0,6000000.0,4.384189936597869
2027,BIP - Access Roads and/or Bridges from the National Roads leading to Major/ Strategic Public Buildings/ Facilities,"Rehabilitation of Road, Barangay Ugong Norte Quezon City",Quezon City 2nd District Engineering Office,Quezon City 2nd District Engineering Office,50000000.0,3271,11000000.0,5000000.0,30000000.0,25000000.0,6000000.0,4.384189936597869
2027,BIP - Access Roads and/or Bridges from the National Roads leading to Major/ Strategic Public Buildings/ Facilities,"Construction of Road, Sitio Gacub to Sitio Tabenas, Carmen, Surigao del Sur",Surigao del Sur 1st District Engineering Office,Surigao del Sur 1st District Engineering Office,50000000.0,3271,11000000.0,5000000.0,30000000.0,25000000.0,6000000.0,4.384189936597869
2027,BIP - Access Roads and/or Bridges from the National Roads leading to Major/ Strategic Public Buildings/ Facilities,"Rehabilitation of Barangay Road, Barangay Centro, Sto. Tomas, Isabela",Isabela 1st District Engineering Office,Isabela 1st District Engineering Office,50000000.0,3271,11000000.0,5000000.0,30000000.0,25000000.0,6000000.0,4.384189936597869
2027,BIP - Access Roads and/or Bridges from the National Roads leading to Major/ Strategic Public Buildings/ Facilities,"Construction of Dimalicu-lico Concrete Bridge at Barangay Dimalicu-lico, Palanan, Isabela",Isabela 3rd District Engineering Office,Isabela 3rd District Engineering Office,50000000.0,3271,11000000.0,5000000.0,30000000.0,25000000.0,6000000.0,4.384189936597869
2027,BIP - Access Roads and/or Bridges from the National Roads leading to Major/ Strategic Public Buildings/ Facilities,"Rehabilitation of Eco Tourism Road at Camp Vizcarra General Aguinaldo to San Miguel, Ramon, Isabela",Isabela 3rd District Engineering Office,Isabela 3rd District Engineering Office,50000000.0,3271,11000000.0,5000000.0,30000000.0,25000000.0,6000000.0,4.384189936597869
2027,BIP - Access Roads and/or Bridges from the National Roads leading to Major/ Strategic Public Buildings/ Facilities,"Improvement of Madaymen-Namul-acan-Masala Access Road, Madaymen, Kibungan, Benguet",Benguet 2nd District Engineering Office,Benguet 2nd District Engineering Office,50000000.0,3271,11000000.0,5000000.0,30000000.0,25000000.0,6000000.0,4.384189936597869
2027,BIP - Access Roads and/or Bridges from the National Roads leading to Major/ Strategic Public Buildings/ Facilities,"Rehabilitation of Drainage at Brgy. Basak, Lapu-Lapu City Cebu",Cebu 6th District Engineering Office,Cebu 6th District Engineering Office,50000000.0,3271,11000000.0,5000000.0,30000000.0,25000000.0,6000000.0,4.384189936597869
2027,BIP - Access Roads and/or Bridges from the National Roads leading to Major/ Strategic Public Buildings/ Facilities,"Construction of Concrete Road, Sitio Oma, Barangay Poblacion, Magsaysay, Occidental Mindoro",Mindoro Occidental District Engineering Office,Mindoro Occidental District Engineering Office,50000000.0,3271,11000000.0,5000000.0,30000000.0,25000000.0,6000000.0,4.384189936597869
2027,BIP - Access Roads and/or Bridges from the National Roads leading to Major/ Strategic Public Buildings/ Facilities,"Construction of Mat - i to Agojo Access Road, Sta. 1+450 - 2+560, Barangay Mat-I, Santa Fe & Barangay Agjo, Looc, Romblon",Romblon District Engineering Office,Romblon District Engineering Office,50000000.0,3271,11000000.0,5000000.0,30000000.0,25000000.0,6000000.0,4.384189936597869
2027,BIP - Access Roads and/or Bridges from the National Roads leading to Major/ Strategic Public Buildings/ Facilities,"Construction of Road, Barangay San Pedro to Barangay Sta. Fe. Pilar, Capiz",Capiz 1st District Engineering Office,Capiz 1st District Engineering Office,50000000.0,3271,11000000.0,5000000.0,30000000.0,25000000.0,6000000.0,4.384189936597869
2027,BIP - Access Roads and/or Bridges from the National Roads leading to Major/ Strategic Public Buildings/ Facilities,"Construction of Balaguiao Bridge, Station 0 + 000 - Station 0 + 075, Barangay Balaguiao, Lambunao, Iloilo",Iloilo 6th District Engineering Office,Iloilo 6th District Engineering Office,50000000.0,3271,11000000.0,5000000.0,30000000.0,25000000.0,6000000.0,4.384189936597869
2027,BIP - Access Roads and/or Bridges from the National Roads leading to Major/ Strategic Public Buildings/ Facilities,"Rehabilitation of Bulakan - Guiguinto via Balubad Road, Sta. 0+000 - Sta. 1+200, Bulakan, Bulacan",Bulacan 1st District Engineering Office,Bulacan 1st District Engineering Office,50000000.0,3271,11000000.0,5000000.0,30000000.0,25000000.0,6000000.0,4.384189936597869
2027,BIP - Access Roads and/or Bridges from the National Roads leading to Major/ Strategic Public Buildings/ Facilities,"Rehabilitation of Road along Balasing to Catmon Road (Sta. 00+000 - Sta. 02+030), Sta. Maria, Bulacan",Bulacan 2nd District Engineering Office,Bulacan 2nd District Engineering Office,50000000.0,3271,11000000.0,5000000.0,30000000.0,25000000.0,6000000.0,4.384189936597869
2027,BIP - Access Roads and/or Bridges from the National Roads leading to Major/ Strategic Public Buildings/ Facilities,"Construction of Basak-Agus Road including Drainage Structure, Lapu-Lapu City, Cebu",Cebu 6th District Engineering Office,Cebu 6th District Engineering Office,50000000.0,3271,11000000.0,5000000.0,30000000.0,25000000.0,6000000.0,4.384189936597869
2027,BIP - Access Roads and/or Bridges from the National Roads leading to Major/ Strategic Public Buildings/ Facilities,"Road Concreting of Road along Barangay Bagocboc, Opol, Misamis Oriental",Misamis Oriental 2nd District Engineering Office,Misamis Oriental 2nd District Engineering Office,50000000.0,3271,11000000.0,5000000.0,30000000.0,25000000.0,6000000.0,4.384189936597869
2027,BIP - Access Roads and/or Bridges from the National Roads leading to Major/ Strategic Public Buildings/ Facilities,"Construction of Road, Barangay Inabaan Norte, Rosario to Linapew Tubao, La Union",La Union 2nd District Engineering Office,La Union 2nd District Engineering Office,50000000.0,3271,11000000.0,5000000.0,30000000.0,25000000.0,6000000.0,4.384189936597869
2027,BIP - Access Roads and/or Bridges from the National Roads leading to Major/ Strategic Public Buildings/ Facilities,"Rehabilitation of Road, Barangay Pias Norte-Barangay Anggapang Road, Currimao. Ilocos Norte",Ilocos Norte 2nd District Engineering Office,Ilocos Norte 2nd District Engineering Office,50000000.0,3271,11000000.0,5000000.0,30000000.0,25000000.0,6000000.0,4.384189936597869
2027,BIP - Access Roads and/or Bridges from the National Roads leading to Major/ Strategic Public Buildings/ Facilities,"Construction of Local Road, Barangay Rizal (Guinitaban-Daeng) , Tubao, La Union",La Union 2nd District Engineering Office,La Union 2nd District Engineering Office,50000000.0,3271,11000000.0,5000000.0,30000000.0,25000000.0,6000000.0,4.384189936597869
2027,BIP - Access Roads and/or Bridges from the National Roads leading to Major/ Strategic Public Buildings/ Facilities,"Construction of Balbalan Proper-Dao, Cagaluan, Bullaguian Access Road, Barangay Cagaluan, Pasil, Kalinga",Upper Kalinga District Engineering Office,Upper Kalinga District Engineering Office,50000000.0,3271,11000000.0,5000000.0,30000000.0,25000000.0,6000000.0,4.384189936597869
2027,BIP - Access Roads and/or Bridges from the National Roads leading to Major/ Strategic Public Buildings/ Facilities,"Construction of Bulbulala-Isit Road, La Paz and Dolores, Abra",Abra District Engineering Office,Abra District Engineering Office,50000000.0,3271,11000000.0,5000000.0,30000000.0,25000000.0,6000000.0,4.384189936597869
2027,BIP - Access Roads and/or Bridges from the National Roads leading to Major/ Strategic Public Buildings/ Facilities,"Construction of By-pass Road, Cagang to Luneta Section, Barcelona, Sorsogon",Sorsogon 2nd District Engineering Office,Sorsogon 2nd District Engineering Office,50000000.0,3271,11000000.0,5000000.0,30000000.0,25000000.0,6000000.0,4.384189936597869
2027,BIP - Access Roads and/or Bridges from the National Roads leading to Major/ Strategic Public Buildings/ Facilities,"Construction of Budac-Tiker-Gaddani Road, Tayum, Abra",Abra District Engineering Office,Abra District Engineering Office,50000000.0,3271,11000000.0,5000000.0,30000000.0,25000000.0,6000000.0,4.384189936597869
2027,BIP - Access Roads and/or Bridges from the National Roads leading to Major/ Strategic Public Buildings/ Facilities,"Construction of Sidongan-Damulog-Danglas Road, Danglas, Abra",Abra District Engineering Office,Abra District Engineering Office,50000000.0,3271,11000000.0,5000000.0,30000000.0,25000000.0,6000000.0,4.384189936597869
2027,BIP - Access Roads and/or Bridges from the National Roads leading to Major/ Strategic Public Buildings/ Facilities,"Improvement of Cabetayan-Karagawan Road, Barangay Karagawan, Kabugao, Apayao",Apayao 1st District Engineering Office,Apayao 1st District Engineering Office,50000000.0,3271,11000000.0,5000000.0,30000000.0,25000000.0,6000000.0,4.384189936597869
2027,BIP - Access Roads and/or Bridges from the National Roads leading to Major/ Strategic Public Buildings/ Facilities,"Improvement of Road along Anovang-Domolpos at Barangay Tinongdan, Itogon, Benguet",Benguet 1st District Engineering Office,Benguet 1st District Engineering Office,50000000.0,3271,11000000.0,5000000.0,30000000.0,25000000.0,6000000.0,4.384189936597869
2027,BIP - Access Roads and/or Bridges from the National Roads leading to Major/ Strategic Public Buildings/ Facilities,"Improvement of Road from Petican-Camiling-Camisong to National Road at Barangay Loacan, Itogon, Benguet",Benguet 1st District Engineering Office,Benguet 1st District Engineering Office,50000000.0,3271,11000000.0,5000000.0,30000000.0,25000000.0,6000000.0,4.384189936597869
2027,BIP - Access Roads and/or Bridges from the National Roads leading to Major/ Strategic Public Buildings/ Facilities,"Improvement of Newly-Opened Road from Sitio Besil, Barangay Gumatdang to Sitio Maligaya, Barangay Poblacion, Itogon, Benguet",Benguet 1st District Engineering Office,Benguet 1st District Engineering Office,50000000.0,3271,11000000.0,5000000.0,30000000.0,25000000.0,6000000.0,4.384189936597869
2027,BIP - Access Roads and/or Bridges from the National Roads leading to Major/ Strategic Public Buildings/ Facilities,"Construction of Poblacion-Pulot-Kiwas Road, Lagayan, Abra",Abra District Engineering Office,Abra District Engineering Office,50000000.0,3271,11000000.0,5000000.0,30000000.0,25000000.0,6000000.0,4.384189936597869
2027,BIP - Access Roads and/or Bridges from the National Roads leading to Major/ Strategic Public Buildings/ Facilities,"Construction of Road, Barangay Malabahay, Macalelon, Quezon",Quezon 3rd District Engineering Office,Quezon 3rd District Engineering Office,50000000.0,3271,11000000.0,5000000.0,30000000.0,25000000.0,6000000.0,4.384189936597869
2027,BIP - Access Roads and/or Bridges from the National Roads leading to Major/ Strategic Public Buildings/ Facilities,"Construction of Road in Barangay Capirpirwan, Cordon, Isabela",Isabela 4th District Engineering Office,Isabela 4th District Engineering Office,50000000.0,3271,11000000.0,5000000.0,30000000.0,25000000.0,6000000.0,4.384189936597869
2027,BIP - Access Roads and/or Bridges from the National Roads leading to Major/ Strategic Public Buildings/ Facilities,"Construction of Road (Sta. 0- Sta. 580, Sta. 3+470 - Sta. 4+738) Jct. Ruins to Banoceh, Talisay, Negros Occidental (10.7150581, 122.9615514)",Negros Occidental 1st District Engineering Office,Negros Occidental 1st District Engineering Office,50000000.0,3271,11000000.0,5000000.0,30000000.0,25000000.0,6000000.0,4.384189936597869
2027,BIP - Access Roads and/or Bridges from the National Roads leading to Major/ Strategic Public Buildings/ Facilities,"Construction of Barangay Road, Barangay Villa Paz, Naguilian, Isabela",Isabela 3rd District Engineering Office,Isabela 3rd District Engineering Office,50000000.0,3271,11000000.0,5000000.0,30000000.0,25000000.0,6000000.0,4.384189936597869
2027,BIP - Access Roads and/or Bridges from the National Roads leading to Major/ Strategic Public Buildings/ Facilities,"Construction of Road, Barangay Cubay to Barangay Bayuyan, President Roxas, Capiz",Capiz 1st District Engineering Office,Capiz 1st District Engineering Office,50000000.0,3271,11000000.0,5000000.0,30000000.0,25000000.0,6000000.0,4.384189936597869
2027,BIP - Access Roads and/or Bridges from the National Roads leading to Major/ Strategic Public Buildings/ Facilities,"Construction of Road, Barangay Guibang, Gamu, Isabela",Isabela 3rd District Engineering Office,Isabela 3rd District Engineering Office,50000000.0,3271,11000000.0,5000000.0,30000000.0,25000000.0,6000000.0,4.384189936597869
2027,BIP - Access Roads and/or Bridges from the National Roads leading to Major/ Strategic Public Buildings/ Facilities,"Construction of Andabuen-Ara-Capuseran Road, Barangay Andabuen-Ara-Capuseran, Benito Soliven, Isabela",Isabela 3rd District Engineering Office,Isabela 3rd District Engineering Office,50000000.0,3271,11000000.0,5000000.0,30000000.0,25000000.0,6000000.0,4.384189936597869
2027,BIP - Access Roads and/or Bridges from the National Roads leading to Major/ Strategic Public Buildings/ Facilities,"Construction of Road, Barangay Balighot, Maayon, Capiz",Capiz 1st District Engineering Office,Capiz 1st District Engineering Office,50000000.0,3271,11000000.0,5000000.0,30000000.0,25000000.0,6000000.0,4.384189936597869
2027,BIP - Access Roads and/or Bridges from the National Roads leading to Major/ Strategic Public Buildings/ Facilities,"Construction of Road, Barangay Bocboc, Lopez, Quezon",Quezon 4th District Engineering Office,Quezon 4th District Engineering Office,50000000.0,3271,11000000.0,5000000.0,30000000.0,25000000.0,6000000.0,4.384189936597869
2027,BIP - Access Roads and/or Bridges from the National Roads leading to Major/ Strategic Public Buildings/ Facilities,"Rehabilitation of Road at Barangay Patag - Barangay Bulac, (Santa Maria - San Jose Road) Santa Maria, Bulacan (Sta. 00+000 - Sta. 02+030)",Bulacan 2nd District Engineering Office,Bulacan 2nd District Engineering Office,50000000.0,3271,11000000.0,5000000.0,30000000.0,25000000.0,6000000.0,4.384189936597869
2027,BIP - Access Roads and/or Bridges from the National Roads leading to Major/ Strategic Public Buildings/ Facilities,"Rehabilitation of Road along Norzagaray - San Jose Road, Norzagaray, Bulacan (Sta. 00+000 - Sta, 02+030)",Bulacan 2nd District Engineering Office,Bulacan 2nd District Engineering Office,50000000.0,3271,11000000.0,5000000.0,30000000.0,25000000.0,6000000.0,4.384189936597869
2027,BIP - Access Roads and/or Bridges from the National Roads leading to Major/ Strategic Public Buildings/ Facilities,"Rehabilitation of Road along Tigbe - Balasing - Pulong Buhangin Road (Sta. 00+000 - Sta. 02 + 03) Santa Maria, Bulacan",Bulacan 2nd District Engineering Office,Bulacan 2nd District Engineering Office,50000000.0,3271,11000000.0,5000000.0,30000000.0,25000000.0,6000000.0,4.384189936597869
2027,BIP - Access Roads and/or Bridges from the National Roads leading to Major/ Strategic Public Buildings/ Facilities,"Rehabilitation of Road along Balasing to Catmon Road (Sta. 00+000 - Sta. 02+030) Santa Maria, Bulacan",Bulacan 2nd District Engineering Office,Bulacan 2nd District Engineering Office,50000000.0,3271,11000000.0,5000000.0,30000000.0,25000000.0,6000000.0,4.384189936597869
2027,BIP - Access Roads and/or Bridges from the National Roads leading to Major/ Strategic Public Buildings/ Facilities,"Construction of San Miguel-Haguimit Overflow Bridge in Barangay San Miguel and Barangay Haguimit, La Carlota City, Negros Occidental",Negros Occidental 4th District Engineering Office,Negros Occidental 4th District Engineering Office,50000000.0,3271,11000000.0,5000000.0,30000000.0,25000000.0,6000000.0,4.384189936597869
2027,BIP - Access Roads and/or Bridges from the National Roads leading to Major/ Strategic Public Buildings/ Facilities,"Construction of Bunga-Tumutugol Road, Barangay Sta. Rita, Masinloc, Zambales, 0+000.00 – 0+690.00",Zambales 1st District Engineering Office,Zambales 1st District Engineering Office,50000000.0,3271,11000000.0,5000000.0,30000000.0,25000000.0,6000000.0,4.384189936597869
2027,BIP - Access Roads and/or Bridges from the National Roads leading to Major/ Strategic Public Buildings/ Facilities,"Construction of Road at Barangay Balincaguing, San Felipe Zambales",Zambales 1st District Engineering Office,Zambales 1st District Engineering Office,50000000.0,3271,11000000.0,5000000.0,30000000.0,25000000.0,6000000.0,4.384189936597869
2027,BIP - Access Roads and/or Bridges from the National Roads leading to Major/ Strategic Public Buildings/ Facilities,"Construction of Concrete Road, Sta. 2 + 290 - Sta. 3 + 700, Barangay Montealegre, Isabel, Leyte",Leyte 4th District Engineering Office,Leyte 4th District Engineering Office,50000000.0,3271,11000000.0,5000000.0,30000000.0,25000000.0,6000000.0,4.384189936597869
2027,BIP - Access Roads and/or Bridges from the National Roads leading to Major/ Strategic Public Buildings/ Facilities,"Construction of Road, Jct. Sitio Mating-ob to Sitio Cabayao to Sitio Lawigan, Socorro, Siargao Island, Surigao del Norte",Surigao del Norte 1st District Engineering Office,Surigao del Norte 1st District Engineering Office,50000000.0,3271,11000000.0,5000000.0,30000000.0,25000000.0,6000000.0,4.384189936597869
2027,BIP - Access Roads and/or Bridges from the National Roads leading to Major/ Strategic Public Buildings/ Facilities,"Construction of Road, Barangay Apar to San Nicolas, Lobo, Batangas",Batangas 2nd District Engineering Office,Batangas 2nd District Engineering Office,50000000.0,3271,11000000.0,5000000.0,30000000.0,25000000.0,6000000.0,4.384189936597869
2027,BIP - Access Roads and/or Bridges from the National Roads leading to Major/ Strategic Public Buildings/ Facilities,"Road Concreting of Road along Barangay Malanang to Barangay Patag, Opol, Misamis Oriental",Misamis Oriental 2nd District Engineering Office,Misamis Oriental 2nd District Engineering Office,50000000.0,3271,11000000.0,5000000.0,30000000.0,25000000.0,6000000.0,4.384189936597869
2027,BIP - Access Roads and/or Bridges from the National Roads leading to Major/ Strategic Public Buildings/ Facilities,"Construction of Road and Drainage at Subic Market, Sta. 0 + 000 - Sta. 0 + 410, Barangay Baraca-Camachile, Subic, Zambales",Zambales 2nd District Engineering Office,Zambales 2nd District Engineering Office,50000000.0,3271,11000000.0,5000000.0,30000000.0,25000000.0,6000000.0,4.384189936597869
2027,BIP - Access Roads and/or Bridges from the National Roads leading to Major/ Strategic Public Buildings/ Facilities,"Construction of Kabaliwan-Victoria Access Road, Sta 0+000- 1+120. Barangay Bachawan, San Agustin & Victoria, San Andres, Romblon",Romblon District Engineering Office,Romblon District Engineering Office,50000000.0,3271,11000000.0,5000000.0,30000000.0,25000000.0,6000000.0,4.384189936597869
2027,BIP - Access Roads and/or Bridges from the National Roads leading to Major/ Strategic Public Buildings/ Facilities,"Rehabilitation of Pandi-Angat Road, Sta. 0+100 - Sta. 1+100, Pandi, Bulacan",Bulacan 1st District Engineering Office,Bulacan 1st District Engineering Office,50000000.0,3271,11000000.0,5000000.0,30000000.0,25000000.0,6000000.0,4.384189936597869
2027,BIP - Access Roads and/or Bridges from the National Roads leading to Major/ Strategic Public Buildings/ Facilities,"Construction of Drainage along Monastery Road at Barangay San Miguel-La Paz-San Isidro-Sto. Rosario, Magalang, Pampanga",Pampanga 3rd District Engineering Office,Pampanga 3rd District Engineering Office,50000000.0,3271,11000000.0,5000000.0,30000000.0,25000000.0,6000000.0,4.384189936597869
2027,BIP - Access Roads and/or Bridges from the National Roads leading to Major/ Strategic Public Buildings/ Facilities,"Junction Himay-angan-Silago-Abuyog Boundary Road (Kikilo-San Roque-Sta. Lucia), Sta. 0+000 - 4+570, Abuyog, Leyte",Leyte 5th District Engineering Office,Leyte 5th District Engineering Office,50000000.0,3271,11000000.0,5000000.0,30000000.0,25000000.0,6000000.0,4.384189936597869
2027,BIP - Access Roads and/or Bridges from the National Roads leading to Major/ Strategic Public Buildings/ Facilities,"Construction of Slope Protection Structure along Arteche, Barangay Catumsan-Jipapad-Las Navas-Catubig-Rawis Road (Sta. 9+560 - Sta. 9+640), Barangay Dolores, Las Navas, Northern Samar",Northern Samar 2nd District Engineering Office,Northern Samar 2nd District Engineering Office,50000000.0,3271,11000000.0,5000000.0,30000000.0,25000000.0,6000000.0,4.384189936597869
2027,BIP - Access Roads and/or Bridges from the National Roads leading to Major/ Strategic Public Buildings/ Facilities,"Construction of Palapag Diversion Road (Sta. 1+350 - Sta.1+600.50), Palapag, Northern Samar",Northern Samar 2nd District Engineering Office,Northern Samar 2nd District Engineering Office,50000000.0,3271,11000000.0,5000000.0,30000000.0,25000000.0,6000000.0,4.384189936597869
2027,BIP - Access Roads and/or Bridges from the National Roads leading to Major/ Strategic Public Buildings/ Facilities,"Rehabilitation of Road, Barangay Cabangaran - Barangay Casantamaria-an, Barangay Bantog - Barangay Alac, Barangay Zone 3, Barangay Casantamaria-an, Barangay Baligayan, San Quintin, Pangasinan",Pangasinan 3rd District Engineering Office,Pangasinan 3rd District Engineering Office,50000000.0,3271,11000000.0,5000000.0,30000000.0,25000000.0,6000000.0,4.384189936597869
2027,BIP - Access Roads and/or Bridges from the National Roads leading to Major/ Strategic Public Buildings/ Facilities,"Construction of Road, Brgy. Kahikukuk to Brgy. Tambunbun Circumferential Road, Banguingui, Sulu",Sulu 2nd District Engineering Office,Sulu 2nd District Engineering Office,50000000.0,3271,11000000.0,5000000.0,30000000.0,25000000.0,6000000.0,4.384189936597869
2027,BIP - Access Roads and/or Bridges from the National Roads leading to Major/ Strategic Public Buildings/ Facilities,"Construction of New Tampilisan-Diampak-Shiolan Road, Brgy. New Tampilisan, Kabasalan, Zamboanga Sibugay",Zamboanga Sibugay 2nd District Engineering Office,Zamboanga Sibugay 2nd District Engineering Office,50000000.0,3271,11000000.0,5000000.0,30000000.0,25000000.0,6000000.0,4.384189936597869
2027,BIP - Access Roads and/or Bridges from the National Roads leading to Major/ Strategic Public Buildings/ Facilities,"Construction of Road, Blumentritt St. Corner Aseniero St. To Calamocso Bridge, Brgy. Linabo, Dapitan City, Zamboanga del Norte",Zamboanga del Norte 1st District Engineering Office,Zamboanga del Norte 1st District Engineering Office,50000000.0,3271,11000000.0,5000000.0,30000000.0,25000000.0,6000000.0,4.384189936597869
2027,BIP - Access Roads and/or Bridges from the National Roads leading to Major/ Strategic Public Buildings/ Facilities,"Construction of Road at Junction National Highway - Ubit Elementary School to Barangay Buahan Road, Brgy. Buahan, Lamitan City, Basilan Province",Isabela City District Engineering Office,Isabela City District Engineering Office,50000000.0,3271,11000000.0,5000000.0,30000000.0,25000000.0,6000000.0,4.384189936597869
2027,BIP - Access Roads and/or Bridges from the National Roads leading to Major/ Strategic Public Buildings/ Facilities,"Rehabilitation of Road, Barangay Darul Jambangan, Maimbung, Sulu Sta 00+000 to Sta. 1+700",Sulu 1st District Engineering Office,Sulu 1st District Engineering Office,50000000.0,3271,11000000.0,5000000.0,30000000.0,25000000.0,6000000.0,4.384189936597869
2027,BIP - Access Roads and/or Bridges from the National Roads leading to Major/ Strategic Public Buildings/ Facilities,"Construction of Road, Barangay Upper Tambaking, Maimbung, Sulu Sta. 00+500 to Sta. 02+000",Sulu 1st District Engineering Office,Sulu 1st District Engineering Office,50000000.0,3271,11000000.0,5000000.0,30000000.0,25000000.0,6000000.0,4.384189936597869
2027,BIP - Access Roads and/or Bridges from the National Roads leading to Major/ Strategic Public Buildings/ Facilities,"Construction of Road, Barangay Gulangan to Barangay Patao, Maimbung, Sulu, Sta. 00+000 to 01+500",Sulu 1st District Engineering Office,Sulu 1st District Engineering Office,50000000.0,3271,11000000.0,5000000.0,30000000.0,25000000.0,6000000.0,4.384189936597869
2027,BIP - Access Roads and/or Bridges from the National Roads leading to Major/ Strategic Public Buildings/ Facilities,"Rehabilitation of Road, Barangay Tubig Samin, Maimbung, Sulu Sta. 00+000 to Sta. 01+700",Sulu 1st District Engineering Office,Sulu 1st District Engineering Office,50000000.0,3271,11000000.0,5000000.0,30000000.0,25000000.0,6000000.0,4.384189936597869
2027,BIP - Access Roads and/or Bridges from the National Roads leading to Major/ Strategic Public Buildings/ Facilities,"Construction of Concrete Road, Jct. Albert Morrow Blvd. (Northern Section) connecting to Purok 14, Barangay Katangawan, General Santos City, South Cotabato",South Cotabato 1st District Engineering Office,South Cotabato 1st District Engineering Office,50000000.0,3271,11000000.0,5000000.0,30000000.0,25000000.0,6000000.0,4.384189936597869
2027,BIP - Access Roads and/or Bridges from the National Roads leading to Major/ Strategic Public Buildings/ Facilities,"Construction of Canan-Lagayan Road leading to Baybayatin Indigenous People (IP) Community, La Paz and Lagayan, Abra,",Abra District Engineering Office,Abra District Engineering Office,50000000.0,3271,11000000.0,5000000.0,30000000.0,25000000.0,6000000.0,4.384189936597869
2027,BIP - Access Roads and/or Bridges from the National Roads leading to Major/ Strategic Public Buildings/ Facilities,"Construction of Road, Upper Kanangkaan, Barangay Tupsan, Mambajao to Sitio Mapa, Barangay Tupsan Pequeño, Mahinog, Camiguin",Camiguin District Engineering Office,Camiguin District Engineering Office,50000000.0,3271,11000000.0,5000000.0,30000000.0,25000000.0,6000000.0,4.384189936597869
2027,BIP - Access Roads and/or Bridges from the National Roads leading to Major/ Strategic Public Buildings/ Facilities,"Construction of Road, Calamocso Br. Brgy. Linabo to Blumentritt St., Dapitan City, Zamboanga del Norte",Zamboanga del Norte 1st District Engineering Office,Zamboanga del Norte 1st District Engineering Office,50000000.0,3271,11000000.0,5000000.0,30000000.0,25000000.0,6000000.0,4.384189936597869
2027,BIP - Access Roads and/or Bridges from the National Roads leading to Major/ Strategic Public Buildings/ Facilities,"Construction of Access Road, Upper Tungawan - Langon- San Vicente - Sto. Niño-Lower Tungawan Road, Tungawan, Zamboanga Sibugay",Zamboanga Sibugay 2nd District Engineering Office,Zamboanga Sibugay 2nd District Engineering Office,50000000.0,3271,11000000.0,5000000.0,30000000.0,25000000.0,6000000.0,4.384189936597869
2027,BIP - Access Roads and/or Bridges from the National Roads leading to Major/ Strategic Public Buildings/ Facilities,"Construction of Access Road, New Sagay-Taruc-Santo Rosario-San Isidro Road, Zamboanga Sibugay",Zamboanga Sibugay 2nd District Engineering Office,Zamboanga Sibugay 2nd District Engineering Office,50000000.0,3271,11000000.0,5000000.0,30000000.0,25000000.0,6000000.0,4.384189936597869
2027,BIP - Access Roads and/or Bridges from the National Roads leading to Major/ Strategic Public Buildings/ Facilities,"Construction of Bullaguiyan, Dao, Cagaluan- Balbalan Proper Access Road, Barangays Balbalan Proper and Cagaluan, Balbalan, Pasil, Kalinga",Lower Kalinga District Engineering Office,Lower Kalinga District Engineering Office,50000000.0,3271,11000000.0,5000000.0,30000000.0,25000000.0,6000000.0,4.384189936597869
2027,BIP - Access Roads and/or Bridges from the National Roads leading to Major/ Strategic Public Buildings/ Facilities,"Construction of Road at Barangay Tablon - Cagmanaba, Oas, Albay",Albay 3rd District Engineering Office,Albay 3rd District Engineering Office,50000000.0,3271,11000000.0,5000000.0,30000000.0,25000000.0,6000000.0,4.384189936597869
2027,BIP - Access Roads and/or Bridges from the National Roads leading to Major/ Strategic Public Buildings/ Facilities,"Construction of NRJ Barangay Tawin-Tawin to Barangay Magsaysay, General Luna, Siargao Island, Surigao del Norte",Surigao del Norte 1st District Engineering Office,Surigao del Norte 1st District Engineering Office,50000000.0,3271,11000000.0,5000000.0,30000000.0,25000000.0,6000000.0,4.384189936597869
2027,BIP - Access Roads and/or Bridges from the National Roads leading to Major/ Strategic Public Buildings/ Facilities,"Construction of Road, Barangay Balasiao to Barangay Bulol-Salo, Kiblawan, Davao del Sur",Davao del Sur District Engineering Office,Davao del Sur District Engineering Office,50000000.0,3271,11000000.0,5000000.0,30000000.0,25000000.0,6000000.0,4.384189936597869
2027,BIP - Access Roads and/or Bridges from the National Roads leading to Major/ Strategic Public Buildings/ Facilities,"Construction of Road, Barangay Clib to Barangay San Guillermo, Hagonoy, to Barangay Kauswagan, Matanao, Davao del Sur",Davao del Sur District Engineering Office,Davao del Sur District Engineering Office,50000000.0,3271,11000000.0,5000000.0,30000000.0,25000000.0,6000000.0,4.384189936597869
2027,BIP - Access Roads and/or Bridges from the National Roads leading to Major/ Strategic Public Buildings/ Facilities,"Concreting of Road from Sitio Disa to Sitio Malupo to Barangay Alegre, Bansalan, Davao del Sur",Davao del Sur District Engineering Office,Davao del Sur District Engineering Office,50000000.0,3271,11000000.0,5000000.0,30000000.0,25000000.0,6000000.0,4.384189936597869
2027,BIP - Access Roads and/or Bridges from the National Roads leading to Major/ Strategic Public Buildings/ Facilities,"Concreting of Road from Barangay New Cebu to Barangay Tanwalang, Sulop, Davao del Sur",Davao del Sur District Engineering Office,Davao del Sur District Engineering Office,50000000.0,3271,11000000.0,5000000.0,30000000.0,25000000.0,6000000.0,4.384189936597869
2027,BIP - Access Roads and/or Bridges from the National Roads leading to Major/ Strategic Public Buildings/ Facilities,"Concreting of Road from Barangay New Baclayon to Barangay Tagansule, Malalag, Davao del Sur",Davao del Sur District Engineering Office,Davao del Sur District Engineering Office,50000000.0,3271,11000000.0,5000000.0,30000000.0,25000000.0,6000000.0,4.384189936597869
2027,BIP - Access Roads and/or Bridges from the National Roads leading to Major/ Strategic Public Buildings/ Facilities,"Rehabilitation of Road, Barangay Cawit, Boac, Marinduque",Marinduque District Engineering Office,Marinduque District Engineering Office,50000000.0,3271,11000000.0,5000000.0,30000000.0,25000000.0,6000000.0,4.384189936597869
2027,BIP - Access Roads and/or Bridges from the National Roads leading to Major/ Strategic Public Buildings/ Facilities,"Construction of Bridge, Barangay Poloy-Poloy, Lebak, Sultan Kudarat",Sultan Kudarat 2nd District Engineering Office,Sultan Kudarat 2nd District Engineering Office,50000000.0,3271,11000000.0,5000000.0,30000000.0,25000000.0,6000000.0,4.384189936597869
2027,BIP - Access Roads and/or Bridges from the National Roads leading to Major/ Strategic Public Buildings/ Facilities,"Construction of Road, Sitio Takuran, Barangay Kimadzil, Carmen, Cotabato",Cotabato 3rd District Engineering Office,Cotabato 3rd District Engineering Office,50000000.0,3271,11000000.0,5000000.0,30000000.0,25000000.0,6000000.0,4.384189936597869
2027,BIP - Access Roads and/or Bridges from the National Roads leading to Major/ Strategic Public Buildings/ Facilities,"Construction of Road at BarangayMalagasang 2A to Malagasang 1G, Imus, Cavite",Cavite 1st District Engineering Office,Cavite 1st District Engineering Office,50000000.0,3271,11000000.0,5000000.0,30000000.0,25000000.0,6000000.0,4.384189936597869
2027,BIP - Access Roads and/or Bridges from the National Roads leading to Major/ Strategic Public Buildings/ Facilities,"Construction of Road, Barangay Ipil to Barangay Lahong, San Fernando, Masbate Sta. 1 +200 - Sta. 1 + 900",Masbate 1st District Engineering Office,Masbate 1st District Engineering Office,50000000.0,3271,11000000.0,5000000.0,30000000.0,25000000.0,6000000.0,4.384189936597869
2027,BIP - Access Roads and/or Bridges from the National Roads leading to Major/ Strategic Public Buildings/ Facilities,"Construction of Road at Barangay Natunuan North, Antipolo, Malaking Pook, Del Pilar, San Pascual, Batangas",Batangas 2nd District Engineering Office,Batangas 2nd District Engineering Office,50000000.0,3271,11000000.0,5000000.0,30000000.0,25000000.0,6000000.0,4.384189936597869
2027,BIP - Access Roads and/or Bridges from the National Roads leading to Major/ Strategic Public Buildings/ Facilities,"Rehabilitation of Road, Area D, Barangay Sta. Cruz, City of San Jose Del Monte, Bulacan (121.052012, 14.855548)",Bulacan 2nd District Engineering Office,Bulacan 2nd District Engineering Office,50000000.0,3271,11000000.0,5000000.0,30000000.0,25000000.0,6000000.0,4.384189936597869
2027,BIP - Access Roads and/or Bridges from the National Roads leading to Major/ Strategic Public Buildings/ Facilities,"Construction of Road, Barangay Candumayao, Catigbian - Barangay Cabanugan, San Isidro, Bohol",Bohol 1st District Engineering Office,Bohol 1st District Engineering Office,50000000.0,3271,11000000.0,5000000.0,30000000.0,25000000.0,6000000.0,4.384189936597869
2027,BIP - Access Roads and/or Bridges from the National Roads leading to Major/ Strategic Public Buildings/ Facilities,"Rehabilitation of Road, Area B, Barangay Bagong Buhay City of San Jose Del Monte, Bulacan (121.057753, 14.853254)",Bulacan 2nd District Engineering Office,Bulacan 2nd District Engineering Office,50000000.0,3271,11000000.0,5000000.0,30000000.0,25000000.0,6000000.0,4.384189936597869
2027,BIP - Access Roads and/or Bridges from the National Roads leading to Major/ Strategic Public Buildings/ Facilities,"Construction of Road from Purok 3 to Purok 5 (Sta. 0 + 000 - Sta. 2 + 500), Barangay Doña Helene, Basilisa, Dinagat Islands",Dinagat Islands District Engineering Office,Dinagat Islands District Engineering Office,50000000.0,3271,11000000.0,5000000.0,30000000.0,25000000.0,6000000.0,4.384189936597869
2027,BIP - Access Roads and/or Bridges from the National Roads leading to Major/ Strategic Public Buildings/ Facilities,"Rehabilitation of Road, Barangay Tandu Patong, Maimbung, Sulu Sta. 00+300 to Sta. 02+000",Sulu 1st District Engineering Office,Sulu 1st District Engineering Office,50000000.0,3271,11000000.0,5000000.0,30000000.0,25000000.0,6000000.0,4.384189936597869
2027,BIP - Multi-Purpose Buildings/ Facilities to support Social Services,"Construction of Multi-Purpose Building (Hall of Justice), Barangay Panikihan, Gumaca, Quezon",Quezon 4th District Engineering Office,Quezon 4th District Engineering Office,20000000.0,2773,7000000.0,5000000.0,10000000.0,5000000.0,2000000.0,4.384189936597869
2027,BIP - Multi-Purpose Buildings/ Facilities to support Social Services,"Rehabilitation of Multi-Purpose Building, Eulogio 'Amang Rodriguez' Institute of Science and Technology, Manila City",North Manila District Engineering Office,North Manila District Engineering Office,20000000.0,2773,7000000.0,5000000.0,10000000.0,5000000.0,2000000.0,4.384189936597869
2027,BIP - Multi-Purpose Buildings/ Facilities to support Social Services,"Construction of Multi-Purpose Building (Covered Court), Barangay Haligue Kanluran, Batangas City",Batangas 2nd District Engineering Office,Batangas 2nd District Engineering Office,20000000.0,2773,7000000.0,5000000.0,10000000.0,5000000.0,2000000.0,4.384189936597869
2027,BIP - Multi-Purpose Buildings/ Facilities to support Social Services,"Construction (Completion) of Multi-Purpose Building, Barangay Poblacion, Dasol, Pangasinan",Pangasinan 1st District Engineering Office,Pangasinan 1st District Engineering Office,20000000.0,2773,7000000.0,5000000.0,10000000.0,5000000.0,2000000.0,4.384189936597869
2027,BIP - Multi-Purpose Buildings/ Facilities to support Social Services,"Construction of Multi-Purpose Building (Disaster Operations Center) Mapayapa, Barangay Pasong Tamo, Quezon City, 14.68777,121.06779",Quezon City 1st District Engineering Office,Quezon City 1st District Engineering Office,20000000.0,2773,7000000.0,5000000.0,10000000.0,5000000.0,2000000.0,4.384189936597869
2027,BIP - Multi-Purpose Buildings/ Facilities to support Social Services,"Construction (Completion) of Multi-Purpose Building, Barangay Poblacion, Mabini, Pangasinan",Pangasinan 1st District Engineering Office,Pangasinan 1st District Engineering Office,20000000.0,2773,7000000.0,5000000.0,10000000.0,5000000.0,2000000.0,4.384189936597869
2027,BIP - Multi-Purpose Buildings/ Facilities to support Social Services,"Construction of Multi-Purpose Building (Senior Citizens Center), Barangay Aga, Nasugbu, Batangas",Batangas 1st District Engineering Office,Batangas 1st District Engineering Office,20000000.0,2773,7000000.0,5000000.0,10000000.0,5000000.0,2000000.0,4.384189936597869
2027,BIP - Multi-Purpose Buildings/ Facilities to support Social Services,"Construction of Multi-Purpose Building, Barangay Poblacion,Talayan, Maguindanao del Sur",Regional Office XII BARMM,Regional Office XII BARMM,20000000.0,2773,7000000.0,5000000.0,10000000.0,5000000.0,2000000.0,4.384189936597869
2027,BIP - Multi-Purpose Buildings/ Facilities to support Social Services,"Construction of Multi-Purpose Building, Paraiso ti Caribquib, Barangay Caribquib, Banna, Ilocos Norte",Ilocos Norte 2nd District Engineering Office,Ilocos Norte 2nd District Engineering Office,20000000.0,2773,7000000.0,5000000.0,10000000.0,5000000.0,2000000.0,4.384189936597869
2027,BIP - Multi-Purpose Buildings/ Facilities to support Social Services,"Construction of Multi-Purpose Building at City Hall Annex Compound, Barangay Camalig, Meycauayan City, Bulacan",Bulacan 2nd District Engineering Office,Bulacan 2nd District Engineering Office,20000000.0,2773,7000000.0,5000000.0,10000000.0,5000000.0,2000000.0,4.384189936597869
2027,BIP - Multi-Purpose Buildings/ Facilities to support Social Services,"Construction of Tamban Cove Development Multi-Purpose Building Project, Baliangao, Misamis Occidental",Misamis Occidental 1st District Engineering Office,Misamis Occidental 1st District Engineering Office,20000000.0,2773,7000000.0,5000000.0,10000000.0,5000000.0,2000000.0,4.384189936597869
2027,BIP - Multi-Purpose Buildings/ Facilities to support Social Services,"Construction of Multi-Purpose Building, Barangay Poblacion, Datu Anggal Midtimbang, Maguindanao del Sur",Regional Office XII BARMM,Regional Office XII BARMM,20000000.0,2773,7000000.0,5000000.0,10000000.0,5000000.0,2000000.0,4.384189936597869
2027,BIP - Multi-Purpose Buildings/ Facilities to support Social Services,"Construction of Multi-Purpose Building (Gymnasium), Barangay Alta Vista, Bansalan, Davao Del Sur",Davao del Sur District Engineering Office,Davao del Sur District Engineering Office,20000000.0,2773,7000000.0,5000000.0,10000000.0,5000000.0,2000000.0,4.384189936597869
2027,BIP - Multi-Purpose Buildings/ Facilities to support Social Services,"Construction of Multi-Purpose Building (TESDA Building), Dapa, Siargao Island, Surigao del Norte",Surigao del Norte 1st District Engineering Office,Surigao del Norte 1st District Engineering Office,20000000.0,2773,7000000.0,5000000.0,10000000.0,5000000.0,2000000.0,4.384189936597869
2027,BIP - Multi-Purpose Buildings/ Facilities to support Social Services,"Construction of Multi-Purpose Building (Gymnasium) Barangay Tiburcia, Kapalong, Davao del Norte",Davao del Norte District Engineering Office,Davao del Norte District Engineering Office,20000000.0,2773,7000000.0,5000000.0,10000000.0,5000000.0,2000000.0,4.384189936597869
2027,BIP - Multi-Purpose Buildings/ Facilities to support Social Services,"Construction of Multi-Purpose Building at Barangay Santa Cruz (Talikud), Kaputian District, IGACOS, Davao del Norte",Davao del Norte 2nd District Engineering Office,Davao del Norte 2nd District Engineering Office,20000000.0,2773,7000000.0,5000000.0,10000000.0,5000000.0,2000000.0,4.384189936597869
2027,BIP - Multi-Purpose Buildings/ Facilities to support Social Services,"Construction of Multi-Purpose Building, Executive Building, Barangay Poblacion, Sulop, Davao del Sur",Davao del Sur District Engineering Office,Davao del Sur District Engineering Office,20000000.0,2773,7000000.0,5000000.0,10000000.0,5000000.0,2000000.0,4.384189936597869
2027,BIP - Multi-Purpose Buildings/ Facilities to support Social Services,"Construction of Multi-Purpose Building (Evacuation Center), Barangay Antipolo, Minalabac, Camarines Sur (13.529994, 123.159102)",Camarines Sur 2nd District Engineering Office,Camarines Sur 2nd District Engineering Office,20000000.0,2773,7000000.0,5000000.0,10000000.0,5000000.0,2000000.0,4.384189936597869
2027,BIP - Multi-Purpose Buildings/ Facilities to support Social Services,"Construction of Multi-Purpose Building (Evacuation Center), Barangay Mataoroc, Minalabac, Camarines Sur (13.5365, 123.245756)",Camarines Sur 2nd District Engineering Office,Camarines Sur 2nd District Engineering Office,20000000.0,2773,7000000.0,5000000.0,10000000.0,5000000.0,2000000.0,4.384189936597869
2027,BIP - Multi-Purpose Buildings/ Facilities to support Social Services,"Construction of Multi-Purpose Building (Covered Court), Victoria Homes, Muntinlupa City",Las Piñas Muntinlupa District Engineering Office,Las Piñas Muntinlupa District Engineering Office,20000000.0,2773,7000000.0,5000000.0,10000000.0,5000000.0,2000000.0,4.384189936597869
2027,BIP - Multi-Purpose Buildings/ Facilities to support Social Services,"Construction of Multi-Purpose Building, Land Transportation Office (LTO Building), Gandara, Samar (124.807122, 12.015912)",Samar 1st District Engineering Office,Samar 1st District Engineering Office,20000000.0,2773,7000000.0,5000000.0,10000000.0,5000000.0,2000000.0,4.384189936597869
2027,BIP - Multi-Purpose Buildings/ Facilities to support Social Services,"Construction (Completion) of Multi-Purpose Building, Barangay Calumpang West, San Luis, Batangas",Batangas 2nd District Engineering Office,Batangas 2nd District Engineering Office,20000000.0,2773,7000000.0,5000000.0,10000000.0,5000000.0,2000000.0,4.384189936597869
2027,BIP - Multi-Purpose Buildings/ Facilities to support Social Services,"Construction of Multi-Purpose Building (Covered Court), Villa Carolina, Barangay Tunasan, Muntinlupa City",Las Piñas Muntinlupa District Engineering Office,Las Piñas Muntinlupa District Engineering Office,20000000.0,2773,7000000.0,5000000.0,10000000.0,5000000.0,2000000.0,4.384189936597869
2027,BIP - Multi-Purpose Buildings/ Facilities to support Social Services,"Construction of Multi-purpose Building (MPB) (Evacuation Center), Barangay Barocboc, Santa Marcela, Apayao",Apayao 2nd District Engineering Office,Apayao 2nd District Engineering Office,20000000.0,2773,7000000.0,5000000.0,10000000.0,5000000.0,2000000.0,4.384189936597869
2027,BIP - Multi-Purpose Buildings/ Facilities to support Social Services,"Construction of Multi-Purpose Building (Barangay Hall), Lapnit, San Ildefonso, Bulacan",Bulacan 3rd District Engineering Office,Bulacan 3rd District Engineering Office,20000000.0,2773,7000000.0,5000000.0,10000000.0,5000000.0,2000000.0,4.384189936597869
2027,BIP - Multi-Purpose Buildings/ Facilities to support Social Services,"Construction of Road Slope Protection Structure, Barangay Alta Vista, Ormoc City, Leyte",Leyte 4th District Engineering Office,Leyte 4th District Engineering Office,20000000.0,2773,7000000.0,5000000.0,10000000.0,5000000.0,2000000.0,4.384189936597869
2027,BIP - Multi-Purpose Buildings/ Facilities to support Social Services,"Construction of Multipurpose Building in Barangay Iponan, Cagayan de Oro City, Misamis Oriental",Cagayan de Oro City 1st District Engineering Office,Cagayan de Oro City 1st District Engineering Office,20000000.0,2773,7000000.0,5000000.0,10000000.0,5000000.0,2000000.0,4.384189936597869
2027,BIP - Multi-Purpose Buildings/ Facilities to support Social Services,"Construction of Multi-Purpose Building (Covered Court) at Sitio Mahayahay, Barangay Bankal, Lapu-Lapu City, Cebu",Cebu 6th District Engineering Office,Cebu 6th District Engineering Office,20000000.0,2773,7000000.0,5000000.0,10000000.0,5000000.0,2000000.0,4.384189936597869
2027,BIP - Multi-Purpose Buildings/ Facilities to support Social Services,"Improvement of Moalboal Multi-Purpose Building at Barangay Poblacion West, Moalboal, Cebu",Cebu 7th District Engineering Office,Cebu 7th District Engineering Office,20000000.0,2773,7000000.0,5000000.0,10000000.0,5000000.0,2000000.0,4.384189936597869
2027,BIP - Multi-Purpose Buildings/ Facilities to support Social Services,"Construction of Multi-Purpose Building, Barangay Navais, Mandurriao, Iloilo City, Iloilo",Iloilo City District Engineering Office,Iloilo City District Engineering Office,20000000.0,2773,7000000.0,5000000.0,10000000.0,5000000.0,2000000.0,4.384189936597869
2027,BIP - Multi-Purpose Buildings/ Facilities to support Social Services,"Construction of Multi-Purpose Building at Barangay Chrysanthemum, San Pedro City, Laguna",Laguna 2nd District Engineering Office,Laguna 2nd District Engineering Office,20000000.0,2773,7000000.0,5000000.0,10000000.0,5000000.0,2000000.0,4.384189936597869
2027,BIP - Multi-Purpose Buildings/ Facilities to support Social Services,"Construction of Multi-Purpose Building (Barangay Hall), Barangay Buenavista III, General Trias City, Cavite",Cavite 1st District Engineering Office,Cavite 1st District Engineering Office,20000000.0,2773,7000000.0,5000000.0,10000000.0,5000000.0,2000000.0,4.384189936597869
2027,BIP - Multi-Purpose Buildings/ Facilities to support Social Services,"Construction of Multi-Purpose Building (Covered Court) at Barangay Zapote, Biñan City, Laguna",Laguna 2nd District Engineering Office,Laguna 2nd District Engineering Office,20000000.0,2773,7000000.0,5000000.0,10000000.0,5000000.0,2000000.0,4.384189936597869
2027,BIP - Multi-Purpose Buildings/ Facilities to support Social Services,"Construction of Multi-Purpose Building, Barangay Poblacion, Alimodian, Iloilo",Iloilo 4th District Engineering Office,Iloilo 4th District Engineering Office,20000000.0,2773,7000000.0,5000000.0,10000000.0,5000000.0,2000000.0,4.384189936597869
2027,BIP - Multi-Purpose Buildings/ Facilities to support Social Services,"Construction of Multi-Purpose Building, Barangay Jawa, Valencia, Negros Oriental",Negros Oriental 3rd District Engineering Office,Negros Oriental 3rd District Engineering Office,20000000.0,2773,7000000.0,5000000.0,10000000.0,5000000.0,2000000.0,4.384189936597869
2027,BIP - Multi-Purpose Buildings/ Facilities to support Social Services,"Construction (Completion) of Multi-Purpose Facilities, Barangay Poblacion South, Sta. Cruz, Zambales 15.760286, 119.909701",Zambales 1st District Engineering Office,Zambales 1st District Engineering Office,20000000.0,2773,7000000.0,5000000.0,10000000.0,5000000.0,2000000.0,4.384189936597869
2027,BIP - Multi-Purpose Buildings/ Facilities to support Social Services,"Construction of Medical Specialty/Geriatric Center for Senior Citizen, Sitio Cabading, Antipolo City, Rizal",Rizal 1st District Engineering Office,Rizal 1st District Engineering Office,20000000.0,2773,7000000.0,5000000.0,10000000.0,5000000.0,2000000.0,4.384189936597869
2027,BIP - Multi-Purpose Buildings/ Facilities to support Social Services,"Construction of Multi-Purpose Building, Barangay Daungan, Guiguinto, Bulacan",Bulacan 1st District Engineering Office,Bulacan 1st District Engineering Office,20000000.0,2773,7000000.0,5000000.0,10000000.0,5000000.0,2000000.0,4.384189936597869
2027,BIP - Multi-Purpose Buildings/ Facilities to support Social Services,"Construction of Multi-Purpose Building, Purok Kapalaran, Barangay Singcang, Bacolod City",Bacolod City District Engineering Office,Bacolod City District Engineering Office,20000000.0,2773,7000000.0,5000000.0,10000000.0,5000000.0,2000000.0,4.384189936597869
2027,BIP - Multi-Purpose Buildings/ Facilities to support Social Services,"Construction (Completion) of Multi-Purpose Building, Barangay Batong Dalig, Kawit, Cavite",Cavite 1st District Engineering Office,Cavite 1st District Engineering Office,20000000.0,2773,7000000.0,5000000.0,10000000.0,5000000.0,2000000.0,4.384189936597869
2027,BIP - Multi-Purpose Buildings/ Facilities to support Social Services,"Construction of Multi-Purpose Building, Barangay Poblacion, Guindulungan, Maguindanao del Sur",Regional Office XII BARMM,Regional Office XII BARMM,20000000.0,2773,7000000.0,5000000.0,10000000.0,5000000.0,2000000.0,4.384189936597869
2027,BIP - Multi-Purpose Buildings/ Facilities to support Social Services,"Construction of Multi-Purpose Building at Barangay Bawa, Gerona, Tarlac (15.603553, 120.623772)",Tarlac District Engineering Office,Tarlac District Engineering Office,20000000.0,2773,7000000.0,5000000.0,10000000.0,5000000.0,2000000.0,4.384189936597869
2027,BIP - Multi-Purpose Buildings/ Facilities to support Social Services,"Construction of Multi-Purpose Building, Barangay Minagbag, Quezon, Isabela",Isabela 2nd District Engineering Office,Isabela 2nd District Engineering Office,20000000.0,2773,7000000.0,5000000.0,10000000.0,5000000.0,2000000.0,4.384189936597869
2027,BIP - Multi-Purpose Buildings/ Facilities to support Social Services,"Construction of Multi-Purpose Building at Barangay San Pedro, Tumauini, Isabela, 17.288839, 121.807212",Isabela 1st District Engineering Office,Isabela 1st District Engineering Office,20000000.0,2773,7000000.0,5000000.0,10000000.0,5000000.0,2000000.0,4.384189936597869
2027,BIP - Multi-Purpose Buildings/ Facilities to support Social Services,"Construction (Completion) of Multi-Purpose Building, Barangay Poblacion, Agno, Pangasinan",Pangasinan 1st District Engineering Office,Pangasinan 1st District Engineering Office,20000000.0,2773,7000000.0,5000000.0,10000000.0,5000000.0,2000000.0,4.384189936597869
2027,BIP - Multi-Purpose Buildings/ Facilities to support Social Services,"Construction (Completion) of Multi-Purpose Building, Barangay Cullalabo del Sur, Burgos, Isabela",Isabela 2nd District Engineering Office,Isabela 2nd District Engineering Office,20000000.0,2773,7000000.0,5000000.0,10000000.0,5000000.0,2000000.0,4.384189936597869
2027,BIP - Multi-Purpose Buildings/ Facilities to support Social Services,"Construction of Multi-Purpose Building, Barangay Poblacion South, Solano, Nueva Vizcaya",Nueva Vizcaya District Engineering Office,Nueva Vizcaya District Engineering Office,20000000.0,2773,7000000.0,5000000.0,10000000.0,5000000.0,2000000.0,4.384189936597869
2027,BIP - Multi-Purpose Buildings/ Facilities to support Social Services,"Construction of Multi-Purpose Building, Buguias, Benguet (Municipal Grounds)",Benguet 2nd District Engineering Office,Benguet 2nd District Engineering Office,20000000.0,2773,7000000.0,5000000.0,10000000.0,5000000.0,2000000.0,4.384189936597869
2027,BIP - Multi-Purpose Buildings/ Facilities to support Social Services,"Construction (Completion) of Multi-Purpose Building, Three Storey, located at Castañeda St., Barangay Namayan, Mandaluyong City",Metro Manila 1st District Engineering Office,Metro Manila 1st District Engineering Office,20000000.0,2773,7000000.0,5000000.0,10000000.0,5000000.0,2000000.0,4.384189936597869
2027,BIP - Multi-Purpose Buildings/ Facilities to support Social Services,"Construction of Multi-Purpose Building (Event Hall Complex) at Valley 5, Barangay San Antonio, Parañaque City",Metro Manila 2nd District Engineering Office,Metro Manila 2nd District Engineering Office,20000000.0,2773,7000000.0,5000000.0,10000000.0,5000000.0,2000000.0,4.384189936597869
2027,BIP - Multi-Purpose Buildings/ Facilities to support Social Services,"Construction of Multi-Purpose Building, Brgy. Poblacion, Lugait, Misamis Oriental",Misamis Oriental 2nd District Engineering Office,Misamis Oriental 2nd District Engineering Office,20000000.0,2773,7000000.0,5000000.0,10000000.0,5000000.0,2000000.0,4.384189936597869
2027,BIP - Multi-Purpose Buildings/ Facilities to support Social Services,"Construction (Completion) of Evacuation Center Barangay Pansumaloc, San Rafael, Bulacan",Bulacan 3rd District Engineering Office,Bulacan 3rd District Engineering Office,20000000.0,2773,7000000.0,5000000.0,10000000.0,5000000.0,2000000.0,4.384189936597869
2027,BIP - Multi-Purpose Buildings/ Facilities to support Social Services,"Construction (Completion) of Multi-Purpose Building (Operations Center/Evacuation Center), Barangay Poblacion, Municipality of Guinsiliban, Province of Camiguin",Camiguin District Engineering Office,Camiguin District Engineering Office,20000000.0,2773,7000000.0,5000000.0,10000000.0,5000000.0,2000000.0,4.384189936597869
2027,BIP - Multi-Purpose Buildings/ Facilities to support Social Services,"Construction of Multi-Purpose Building at Barangay San Isidro, Lipa City, Batangas",Batangas 4th District Engineering Office,Batangas 4th District Engineering Office,20000000.0,2773,7000000.0,5000000.0,10000000.0,5000000.0,2000000.0,4.384189936597869
2027,BIP - Multi-Purpose Buildings/ Facilities to support Social Services,"Rehabilitation of Multi-Purpose Building (Covered Court), Barangay Sto. Angel, San Pablo City, Laguna",Laguna 3rd District Engineering Office,Laguna 3rd District Engineering Office,20000000.0,2773,7000000.0,5000000.0,10000000.0,5000000.0,2000000.0,4.384189936597869
2027,BIP - Multi-Purpose Buildings/ Facilities to support Social Services,"Construction of Multi-Purpose Building at Barangay Antipolo Del Sur, Lipa City, Batangas",Batangas 4th District Engineering Office,Batangas 4th District Engineering Office,20000000.0,2773,7000000.0,5000000.0,10000000.0,5000000.0,2000000.0,4.384189936597869
2027,BIP - Multi-Purpose Buildings/ Facilities to support Social Services,"Rehabilitation of Multi-Purpose Building (Covered Court), Barangay Sto. Anghel, San Pablo City, Laguna",Laguna 3rd District Engineering Office,Laguna 3rd District Engineering Office,20000000.0,2773,7000000.0,5000000.0,10000000.0,5000000.0,2000000.0,4.384189936597869
2027,BIP - Multi-Purpose Buildings/ Facilities to support Social Services,"Construction of Multi-Purpose Building, Bagumbayan, Amai Manabilang, Lanao del Sur",Regional Office X BARMM,Regional Office X BARMM,20000000.0,2773,7000000.0,5000000.0,10000000.0,5000000.0,2000000.0,4.384189936597869
2027,BIP - Multi-Purpose Buildings/ Facilities to support Social Services,"Improvement of Multi-Purpose Building, Barangay Dilausan, Ditsaan-Ramain",Regional Office X BARMM,Regional Office X BARMM,20000000.0,2773,7000000.0,5000000.0,10000000.0,5000000.0,2000000.0,4.384189936597869
2027,BIP - Multi-Purpose Buildings/ Facilities to support Social Services,"Construction of Evacuation Center, Barangay Talacsan, San Rafael, Bulacan",Bulacan 3rd District Engineering Office,Bulacan 3rd District Engineering Office,20000000.0,2773,7000000.0,5000000.0,10000000.0,5000000.0,2000000.0,4.384189936597869
2027,BIP - Multi-Purpose Buildings/ Facilities to support Social Services,"Construction (Completion) of Multi-Purpose Building, Barangay Libertad, San Narciso, Zambales 15.026323, 120.082537",Zambales 1st District Engineering Office,Zambales 1st District Engineering Office,20000000.0,2773,7000000.0,5000000.0,10000000.0,5000000.0,2000000.0,4.384189936597869
2027,BIP - Multi-Purpose Buildings/ Facilities to support Social Services,"Rehabilitation of Multi-Purpose Building (Covered Court), Barangay Arkong Bato, Valenzuela City, 14.696866, 120.954674",Metro Manila 3rd District Engineering Office,Metro Manila 3rd District Engineering Office,20000000.0,2773,7000000.0,5000000.0,10000000.0,5000000.0,2000000.0,4.384189936597869
2027,BIP - Multi-Purpose Buildings/ Facilities to support Social Services,"Construction of Multi-Purpose Building, Barangay Poblacion, Bansud, Oriental Mindoro (121.457500°,12.863888°)",Southern Mindoro District Engineering Office,Southern Mindoro District Engineering Office,20000000.0,2773,7000000.0,5000000.0,10000000.0,5000000.0,2000000.0,4.384189936597869
2027,BIP - Multi-Purpose Buildings/ Facilities to support Social Services,"Construction of Multi-Purpose Building, Cabusao, Camarines Sur",Camarines Sur 1st District Engineering Office,Camarines Sur 1st District Engineering Office,20000000.0,2773,7000000.0,5000000.0,10000000.0,5000000.0,2000000.0,4.384189936597869
2027,BIP - Multi-Purpose Buildings/ Facilities to support Social Services,"Construction of Multi-Purpose Building, Barangay Taclobo, Dumaguete City, Negros Oriental",Negros Oriental 2nd District Engineering Office,Negros Oriental 2nd District Engineering Office,20000000.0,2773,7000000.0,5000000.0,10000000.0,5000000.0,2000000.0,4.384189936597869
2027,BIP - Multi-Purpose Buildings/ Facilities to support Social Services,"Construction of Multi-Purpose Building (Madrasa), Barangay Baraca-Camachile, Subic, Zambales (14.8779687, 120.2375125)",Zambales 2nd District Engineering Office,Zambales 2nd District Engineering Office,20000000.0,2773,7000000.0,5000000.0,10000000.0,5000000.0,2000000.0,4.384189936597869
2027,BIP - Multi-Purpose Buildings/ Facilities to support Social Services,"Construction of Multi-Purpose Building (Barangay Hall), Barangay Batiawan, Subic, Zambales (14.931161, 120.411764)",Zambales 2nd District Engineering Office,Zambales 2nd District Engineering Office,20000000.0,2773,7000000.0,5000000.0,10000000.0,5000000.0,2000000.0,4.384189936597869
2027,BIP - Multi-Purpose Buildings/ Facilities to support Social Services,"Construction of Multi-Purpose Building (Barangay Hall), Barangay Matain, Subic, Zambales (14.853433, 120.243778)",Zambales 2nd District Engineering Office,Zambales 2nd District Engineering Office,20000000.0,2773,7000000.0,5000000.0,10000000.0,5000000.0,2000000.0,4.384189936597869
2027,BIP - Multi-Purpose Buildings/ Facilities to support Social Services,"Construction of Multi-Purpose Building (Barangay Hall), Barangay Linasin, San Marcelino, Zambales (14.974011, 120.149618)",Zambales 2nd District Engineering Office,Zambales 2nd District Engineering Office,20000000.0,2773,7000000.0,5000000.0,10000000.0,5000000.0,2000000.0,4.384189936597869
2027,BIP - Multi-Purpose Buildings/ Facilities to support Social Services,"Rehabilitation of Multi-Purpose Building, Barangay Granada, Bacolod City",Bacolod City District Engineering Office,Bacolod City District Engineering Office,20000000.0,2773,7000000.0,5000000.0,10000000.0,5000000.0,2000000.0,4.384189936597869
2027,BIP - Multi-Purpose Buildings/ Facilities to support Social Services,"Construction of Multi-Purpose Building, General Salipada K. Pendatun, Maguindanao del Sur",Regional Office XII BARMM,Regional Office XII BARMM,20000000.0,2773,7000000.0,5000000.0,10000000.0,5000000.0,2000000.0,4.384189936597869
2027,BIP - Multi-Purpose Buildings/ Facilities to support Social Services,"Construction of Multi-Purpose Building (SDO Building), Barangay Pag-asa, Olongapo City (14.828528, 120.295019)",Zambales 2nd District Engineering Office,Zambales 2nd District Engineering Office,20000000.0,2773,7000000.0,5000000.0,10000000.0,5000000.0,2000000.0,4.384189936597869
2027,BIP - Multi-Purpose Buildings/ Facilities to support Social Services,"Construction of Multi-Purpose Building, Barangay San Rafael IV, Noveleta, Cavite",Cavite 1st District Engineering Office,Cavite 1st District Engineering Office,20000000.0,2773,7000000.0,5000000.0,10000000.0,5000000.0,2000000.0,4.384189936597869
2027,BIP - Multi-Purpose Buildings/ Facilities to support Social Services,"Construction of Multi-Purpose Building, Land Transportation Office (LTO)- Alaminos City, Barangay Palamis, Alaminos City, Pangasinan",Pangasinan 1st District Engineering Office,Pangasinan 1st District Engineering Office,20000000.0,2773,7000000.0,5000000.0,10000000.0,5000000.0,2000000.0,4.384189936597869
2027,BIP - Multi-Purpose Buildings/ Facilities to support Social Services,"Construction of Multi-Purpose Building, Barangay Baraca-Camachile, Subic, Zambales (14.877165, 120.234107)",Zambales 2nd District Engineering Office,Zambales 2nd District Engineering Office,20000000.0,2773,7000000.0,5000000.0,10000000.0,5000000.0,2000000.0,4.384189936597869
2027,BIP - Multi-Purpose Buildings/ Facilities to support Social Services,"Construction of Multi-Purpose Building (Barangay Hall), Barangay Asinan Proper, Subic, Zambales (14.88227, 120.22973)",Zambales 2nd District Engineering Office,Zambales 2nd District Engineering Office,20000000.0,2773,7000000.0,5000000.0,10000000.0,5000000.0,2000000.0,4.384189936597869
2027,BIP - Multi-Purpose Buildings/ Facilities to support Social Services,"Construction of Multi-Purpose Building, Barangay 40, Bacolod City",Bacolod City District Engineering Office,Bacolod City District Engineering Office,20000000.0,2773,7000000.0,5000000.0,10000000.0,5000000.0,2000000.0,4.384189936597869
2027,BIP - Multi-Purpose Buildings/ Facilities to support Social Services,"Construction of Multi-Purpose Building (Covered Court), Barangay 172, Caloocan City",Metro Manila 3rd District Engineering Office,Metro Manila 3rd District Engineering Office,20000000.0,2773,7000000.0,5000000.0,10000000.0,5000000.0,2000000.0,4.384189936597869
2027,BIP - Multi-Purpose Buildings/ Facilities to support Social Services,"Rehabilitation of LTO Building, Iloilo City, Iloilo (10.738375, 122.561720)",Iloilo City District Engineering Office,Iloilo City District Engineering Office,20000000.0,2773,7000000.0,5000000.0,10000000.0,5000000.0,2000000.0,4.384189936597869
2027,BIP - Multi-Purpose Buildings/ Facilities to support Social Services,"Construction of Multi-Purpose Building, Barangay Laois, Labrador, Pangasinan",Pangasinan 2nd District Engineering Office,Pangasinan 2nd District Engineering Office,20000000.0,2773,7000000.0,5000000.0,10000000.0,5000000.0,2000000.0,4.384189936597869
2027,BIP - Multi-Purpose Buildings/ Facilities to support Social Services,"Construction (Completion) of Multi-Purpose Building (STP) at Commission on Population and Development, Mandaluyong City",Metro Manila 1st District Engineering Office,Metro Manila 1st District Engineering Office,20000000.0,2773,7000000.0,5000000.0,10000000.0,5000000.0,2000000.0,4.384189936597869
2027,BIP - Multi-Purpose Buildings/ Facilities to support Social Services,"Construction of Concrete Road Sta. 0+000 - Sta. 1+150, Barangay Monte Alegre, Isabel, Leyte",Leyte 4th District Engineering Office,Leyte 4th District Engineering Office,20000000.0,2773,7000000.0,5000000.0,10000000.0,5000000.0,2000000.0,4.384189936597869
2027,BIP - Access Roads and/or Bridges from the National Roads leading to Major/ Strategic Public Buildings/ Facilities,"Construction of Road, Barangay Manmuntay - Barangay San Jose, Basud, Camarines Norte",Camarines Norte Sub District Engineering Office,Camarines Norte Sub District Engineering Office,49895110.0,3271,11000000.0,5000000.0,30000000.0,25000000.0,6000000.0,4.372398713970952
2027,Paving of Unpaved Roads - Tertiary Roads,"Zamboanga del Sur Coastal Rd - (S01187MN) Chainage 19002 - Chainage 19008, Chainage 19154 - Chainage 19950, Chainage 21732 - Chainage 22229, Chainage 22344 - Chainage 25118, Chainage 25147 - Chainage 25271, Chainage 29623 - Chainage 29969",Zamboanga del Sur 2nd District Engineering Office,Zamboanga del Sur 2nd District Engineering Office,127207000.0,13,38948000.0,16576000.0,47275000.0,30699000.0,13756000.0,4.327557425170458
2027,Preventive Maintenance - Primary Roads,Davao-Cotabato Rd (Jct Digos-Cotabato Sect) - K1649 + 1000 - K1654 + 100,Cotabato 3rd District Engineering Office,Cotabato 3rd District Engineering Office,253406000.0,215,49255000.0,19987500.0,83940000.0,63952500.0,32031000.0,4.29889678867055
2027,BIP - Access Roads and/or Bridges from the National Roads leading to Major/ Strategic Public Buildings/ Facilities,"Construction of Road, Barangay Luzong to Barangay Cantabon, Siquijor, Siquijor",Siquijor District Engineering Office,Siquijor District Engineering Office,49000000.0,3271,11000000.0,5000000.0,30000000.0,25000000.0,6000000.0,4.271774810018436
2027,Preventive Maintenance - Secondary Roads,Gumaca Bypass Rd - K0191 + 060 - K0193 + 200,Quezon 4th District Engineering Office,Quezon 4th District Engineering Office,140000000.0,285,27300000.0,13803000.0,58500000.0,44697000.0,17800000.0,4.270511718708555
2027,Buildings And Other Structures,"Construction of Regional Equipment Service (RES) Building, DPWH - Regional Office VII, Cortes, Bohol",Bohol 1st District Engineering Office,Bohol 1st District Engineering Office,170000000.0,199,25000000.0,5000000.0,95000000.0,90000000.0,23000000.0,4.252224353222013
2027,BIP - Access Roads and/or Bridges from the National Roads leading to Major/ Strategic Public Buildings/ Facilities,"Construction of Road, Barangay Navarro, General Trias City, Cavite",Cavite 1st District Engineering Office,Cavite 1st District Engineering Office,48628000.0,3271,11000000.0,5000000.0,30000000.0,25000000.0,6000000.0,4.2299563829308875
2027,Rehabilitation/ Reconstruction/ Upgrading of Damaged Paved Roads - Secondary Roads,Catanduanes Cir Rd - K0039 + 565 - K0042 + 000,Catanduanes District Engineering Office,Catanduanes District Engineering Office,96680000.0,155,21049000.0,10652000.0,36805500.0,26153500.0,12067000.0,4.227431062399467
2027,Preventive Maintenance - Primary Roads,"Maharlika Highway (Pagadian City-Zamboanga City Rd) - K1665 + 000 - K1665 + 500, K1667 + 623 - K1667 + 897, K1667 + 936 - K1669 + 000, K1670 + 000 - K1674 + 000",Zamboanga del Sur 1st District Engineering Office,Zamboanga del Sur 1st District Engineering Office,250000000.0,215,49255000.0,19987500.0,83940000.0,63952500.0,32031000.0,4.227175158787709
2027,BIP - Access Roads and/or Bridges from the National Roads leading to Major/ Strategic Public Buildings/ Facilities,"Construction of Crossing Peres - Barangay Proper Road, Barangay Maan, T'boli, South Cotabato",South Cotabato 2nd District Engineering Office,South Cotabato 2nd District Engineering Office,48500000.0,3271,11000000.0,5000000.0,30000000.0,25000000.0,6000000.0,4.21556724672872
2027,Construction/ Maintenance of Flood Mitigation Structures and Drainage Systems,"Construction of Tumaga River Flood Control (Tugbungan Section), Zamboanga City",Zamboanga City 2nd District Engineering Office,Zamboanga City 2nd District Engineering Office,200000000.0,1071,32500000.0,10000000.0,93000000.0,83000000.0,27064000.0,4.174445839947151
2027,Construction/ Maintenance of Flood Mitigation Structures and Drainage Systems,"Construction of Tumaga River Flood Control (Guiwan Section), Zamboanga City",Zamboanga City 2nd District Engineering Office,Zamboanga City 2nd District Engineering Office,200000000.0,1071,32500000.0,10000000.0,93000000.0,83000000.0,27064000.0,4.174445839947151
2027,Construction/ Maintenance of Flood Mitigation Structures and Drainage Systems,"Construction of Flood Control Structure at Ponot Diut River Jose Dalman, Zamboanga del Norte",Zamboanga del Norte 2nd District Engineering Office,Zamboanga del Norte 2nd District Engineering Office,200000000.0,1071,32500000.0,10000000.0,93000000.0,83000000.0,27064000.0,4.174445839947151
2027,Construction/ Maintenance of Flood Mitigation Structures and Drainage Systems,"Construction of Revetment Wall along Buntatala Creek, Sta. 2 + 140 - Sta. 2 + 670, Iloilo City, Iloilo",Iloilo City District Engineering Office,Iloilo City District Engineering Office,200000000.0,1071,32500000.0,10000000.0,93000000.0,83000000.0,27064000.0,4.174445839947151
2027,Construction/ Maintenance of Flood Mitigation Structures and Drainage Systems,"Construction of Tuguegarao Circumferential Dike Road (Sta. 0+000 - Sta. 0+280), Cataggaman Section, Tuguegarao City Cagayan",Cagayan 3rd District Engineering Office,Cagayan 3rd District Engineering Office,200000000.0,1071,32500000.0,10000000.0,93000000.0,83000000.0,27064000.0,4.174445839947151
2027,Construction/ Maintenance of Flood Mitigation Structures and Drainage Systems,"Construction of Tuguegarao Circumferential Dike Road (Sta. 2+168 - Sta. 2+418), Centro 9 Section, Tuguegarao City Cagayan",Cagayan 3rd District Engineering Office,Cagayan 3rd District Engineering Office,200000000.0,1071,32500000.0,10000000.0,93000000.0,83000000.0,27064000.0,4.174445839947151
2027,Construction/ Maintenance of Flood Mitigation Structures and Drainage Systems,"Upgrading of Harbor View Pumping Station, Manila City 14.578508, 120.975252",South Manila District Engineering Office,South Manila District Engineering Office,200000000.0,1071,32500000.0,10000000.0,93000000.0,83000000.0,27064000.0,4.174445839947151
2027,Rehabilitation/ Reconstruction/ Upgrading of Damaged Paved Roads - Secondary Roads,"Catanduanes Cir Rd - K0008 + 000 - K0008 + 780, K0010 + 000 - K0011 + 702, K0011 + 763 - K0012 + 000",Catanduanes District Engineering Office,Catanduanes District Engineering Office,95235000.0,155,21049000.0,10652000.0,36805500.0,26153500.0,12067000.0,4.1466620935220595
2027,BIP - Access Roads and/or Bridges from the National Roads leading to Major/ Strategic Public Buildings/ Facilities,"Construction of Guindawahan - Tubog Road, Pio V. Corpus, Masbate, Sta. 8 + 000 - Sta. 8 + 320, Sta. 9 + 400 - Sta. 10 + 995",Masbate 3rd District Engineering Office,Masbate 3rd District Engineering Office,47875000.0,3271,11000000.0,5000000.0,30000000.0,25000000.0,6000000.0,4.145307792616575
2027,BIP - Access Roads and/or Bridges from the National Roads leading to Major/ Strategic Public Buildings/ Facilities,"Construction of Bridge, Barangay Concepcion, Sto. Domingo, Nueva Ecija Sta. 0+000 - Sta. 0+035",Nueva Ecija 1st District Engineering Office,Nueva Ecija 1st District Engineering Office,47850000.0,3271,11000000.0,5000000.0,30000000.0,25000000.0,6000000.0,4.142497414452088
2027,BIP - Access Roads and/or Bridges from the National Roads leading to Major/ Strategic Public Buildings/ Facilities,"Construction of Bridge, Barangay Concepcion, Sto. Domingo, Nueva Ecija",Nueva Ecija 1st District Engineering Office,Nueva Ecija 1st District Engineering Office,47850000.0,3271,11000000.0,5000000.0,30000000.0,25000000.0,6000000.0,4.142497414452088
2027,Rehabilitation/ Reconstruction/ Upgrading of Damaged Paved Roads - Primary Roads,"Maharlika Highway (LZ) - K0100 + 224 - K0100 + 236, K0101 + 985 - K0102 + 408, K0102 + 454 - K0104 + 000",Nueva Ecija 2nd District Engineering Office,Nueva Ecija 2nd District Engineering Office,100359000.0,116,18577000.0,8739000.0,59687250.0,50948250.0,13469500.0,4.095267329263515
2027,Rehabilitation/ Reconstruction/ Upgrading of Damaged Paved Roads - Tertiary Roads,Ayaga-Sta. Marcela-Flora-Lasam Rd - K0672 + (-945) - K0673 + 000,Apayao 2nd District Engineering Office,Apayao 2nd District Engineering Office,74084000.0,95,15070000.0,6833000.0,27301500.0,20468500.0,9740000.0,4.086693806956036
2027,Preventive Maintenance - Primary Roads,"Maharlika Highway ( Tucuran Jct-Karomatan Jct Rd) - K1651 + (-515) - K1651 + (-212), K1652 + 000 - K1652 + 400, K1652 + 500 - K1652 + 900, K1653 + 000 - K1653 + 800, K1653 + 900 - K1656 + 000",Zamboanga del Sur 1st District Engineering Office,Zamboanga del Sur 1st District Engineering Office,242051000.0,215,49255000.0,19987500.0,83940000.0,63952500.0,32031000.0,4.059789593333011
2027,Construction/ Rehabilitation of Flood Mitigation Facilities within Major River Basins and Principal Rivers,"Construction of Sabo Dam Structures, Kabang (Masarawag) River, Main Dam per Final Master Plan Report for the Bicol River Basin, Guinobatan, Albay",Albay 3rd District Engineering Office,Albay 3rd District Engineering Office,400000000.0,180,100000000.0,50000000.0,150000000.0,100000000.0,50000000.0,4.046944556859571
2027,Widening of Permanent Bridges,Manat Parallel Br. along Pangasinan-Zambales Road,Pangasinan 2nd District Engineering Office,Pangasinan 2nd District Engineering Office,160000000.0,256,40000000.0,23150000.0,69000000.0,45850000.0,20000000.0,4.046944556859571
2027,BIP - Local Ports and Boat Landings,"Construction of Local Port Brgy. Tambara, Municipality of Malabang, Lanao del Sur",Regional Office X BARMM,Regional Office X BARMM,75000000.0,17,15000000.0,5000000.0,30000000.0,25000000.0,10000000.0,4.046944556859571
2027,Construction of Missing Links/ New Roads,"Arteche, Brgy. Catumsan - Jipapad - Las Navas - Catubig - Rawis Road (Sta. 9+560 - Sta. 9+640, Sta. 16+103 - Sta. 16+340, Sta. 16+340 - Sta. 16+420, Sta. 16+420 - Sta. 16+425), Northern Samar",Northern Samar 2nd District Engineering Office,Northern Samar 2nd District Engineering Office,448380000.0,166,119550000.0,75000000.0,200000000.0,125000000.0,55000000.0,4.032596298885251
2027,Replacement of Permanent Weak Bridges,Baua Br. 2 (B02053LZ) along Dugo-Sn Vicente Rd (Mission-Sta Ana Sect),Cagayan 1st District Engineering Office,Cagayan 1st District Engineering Office,150000000.0,185,39858000.0,25000000.0,75000000.0,50000000.0,18616000.0,3.9906403754980206
2027,Replacement of Permanent Weak Bridges,Bugaan Br. (B03174LZ) along Talisay-Laurel-Agoncillo Rd,Batangas 3rd District Engineering Office,Batangas 3rd District Engineering Office,150000000.0,185,39858000.0,25000000.0,75000000.0,50000000.0,18616000.0,3.9906403754980206
2027,Replacement of Permanent Weak Bridges,Gandara Br. (B00359SM) along Maharlika Highway (Sn Isidro-Sn Juanico Br),Samar 1st District Engineering Office,Samar 1st District Engineering Office,150000000.0,185,39858000.0,25000000.0,75000000.0,50000000.0,18616000.0,3.9906403754980206
2027,Rehabilitation/ Major Repair of Permanent Bridges,Maludbalud Br. (B00238SM) along Maharlika Highway (Sn Isidro-Sn Juanico Br),Northern Samar 1st District Engineering Office,Northern Samar 1st District Engineering Office,36102000.0,269,7800000.0,4000000.0,15000000.0,11000000.0,4800000.0,3.9769661405638743
2027,Replacement of Permanent Weak Bridges,Layog Br. (B00551LT) along Maharlika Highway (LT),Leyte 5th District Engineering Office,Leyte 5th District Engineering Office,149100000.0,185,39858000.0,25000000.0,75000000.0,50000000.0,18616000.0,3.958031776253879
2027,Construction of By-Pass and Diversion Roads,"Naga-Jct. Magarao-Canaman-Libmanan Jct. PPH Road (Skybridge), Camarines Sur, Sta 419+082.25 - Sta 420+882.25",Camarines Sur 3rd District Engineering Office,Camarines Sur 3rd District Engineering Office,393217000.0,370,100000000.0,50000000.0,152280750.0,102280750.0,50000000.0,3.9554431404289763
2027,BIP - Access Roads and/or Bridges from the National Roads leading to Major/ Strategic Public Buildings/ Facilities,"Construction of Road at Hanjin Villlage-Lawin, Sta. 0+000 - Sta. 1+930, Barangay Nagbunga, Castillejos, Zambales",Zambales 2nd District Engineering Office,Zambales 2nd District Engineering Office,46000000.0,3271,11000000.0,5000000.0,30000000.0,25000000.0,6000000.0,3.9345294302801386
2027,Rehabilitation/ Reconstruction/ Upgrading of Damaged Paved Roads - Tertiary Roads,"Rizal Natl Rd (Babalag-Kinama-Sn Francisco Sect) - K0527 + (-231) - K0527 + 220, K0528 + 780 - K0528 + 817, K0529 + 152 - K0529 + 209, K0529 + 293 - K0529 + 394, K0529 + 752 - K0529 + 806, K0531 + 300 - K0531 + 344, K0531 + 835 - K0532 + 000, K0532 + 600 - K0532 + 620, K0532 + 700 - K0532 + 732, K0532 + 973 - K0533 + 080, K0533 + 466 - K0533 + 536, K0533 + 597 - K0533 + 897, K0534 + 000 - K0534 + 070, K0535 + 710 - K0536 + 017, K0536 + 259 - K0536 + 345, K0536 + 920 - K0537 + 121, K0539 + 322 - K0539 + 422",Lower Kalinga District Engineering Office,Lower Kalinga District Engineering Office,71834000.0,95,15070000.0,6833000.0,27301500.0,20468500.0,9740000.0,3.9308822865430644
2027,Replacement of Permanent Weak Bridges,Malaga Br. (B00331SM) along Maharlika Highway (Sn Isidro-Sn Juanico Br),Samar 1st District Engineering Office,Samar 1st District Engineering Office,148308000.0,185,39858000.0,25000000.0,75000000.0,50000000.0,18616000.0,3.9293362089190347
2027,BIP - Access Roads and/or Bridges from the National Roads leading to Major/ Strategic Public Buildings/ Facilities,"Rehabilitation of Road and Drainage along M. Delos Reyes St. (C0+000 to C 1+130), Barangay Gen T. De Leon, Valenzuela City",Metro Manila 3rd District Engineering Office,Metro Manila 3rd District Engineering Office,45800000.0,3271,11000000.0,5000000.0,30000000.0,25000000.0,6000000.0,3.912046404964252
2027,Preventive Maintenance - Primary Roads,"Manila North Rd - K0235 + 415 - K0236 + 005, K0236 + 238 - K0236 + 755, K0247 + 523 - K0247 + 588, K0251 + 1014 - K0252 + 147, K0252 + 219 - K0253 + 070, K0253 + 610 - K0253 + 973, K0255 + 403 - K0255 + 688, K0255 + 719 - K0255 + 924, K0256 + 252 - K0256 + 989, K0258 + 715 - K0259 + 460",La Union 2nd District Engineering Office,La Union 2nd District Engineering Office,234959000.0,215,49255000.0,19987500.0,83940000.0,63952500.0,32031000.0,3.9104502512516515
2027,Construction of By-Pass and Diversion Roads,"Camarines Sur Expressway Project - Anayan River Viaduct - (Sta. 443+480 - Sta. 443+900), Camarines Sur",Camarines Sur 3rd District Engineering Office,Camarines Sur 3rd District Engineering Office,389105000.0,370,100000000.0,50000000.0,152280750.0,102280750.0,50000000.0,3.899973020369621
2027,Preventive Maintenance - Secondary Roads,"Sindangan-Siayan-Dumingag-Mahayag Rd (Sindangan-Siayan Sect) - K1933 + 000 - K1936 + 518, K1937 + 000 - K1938 + 000, K1941 + 000 - K1942 + 000, K1943 + 000 - K1944 + 000",Zamboanga del Norte 2nd District Engineering Office,Zamboanga del Norte 2nd District Engineering Office,130000000.0,285,27300000.0,13803000.0,58500000.0,44697000.0,17800000.0,3.8915843257441756
2027,Preventive Maintenance - Secondary Roads,"Sindangan-Siayan-Dumingag-Mahayag Rd (Sindangan-Siayan Sect) - K1945 + 000 - K1949 + 774, K1949 + 803 - K1951 + 572",Zamboanga del Norte 2nd District Engineering Office,Zamboanga del Norte 2nd District Engineering Office,130000000.0,285,27300000.0,13803000.0,58500000.0,44697000.0,17800000.0,3.8915843257441756
2027,Preventive Maintenance - Secondary Roads,"Benigno S. Aquino Jr. National Highway - K1414+(-1205) - K1414+256, K1414+408 - K1414+800, K1415+311 - K1417+000, K1425+291 - K1425+867, K1426+574 - K1427+067, K1427+189 - K1427+389",Davao de Oro 2nd District Engineering Office,Davao de Oro 2nd District Engineering Office,130000000.0,285,27300000.0,13803000.0,58500000.0,44697000.0,17800000.0,3.8915843257441756
2027,Preventive Maintenance - Secondary Roads,"Nabunturan-Maragusan Rd - K1445+013 - K1445+135, K1447+038 - K1448+000, K1455+563 - K1456+582, K1456+671 - K1457+150, K1457+270 - K1457+886, K1471+265 - K1473+093, K1473+118 - K1474+162",Davao de Oro 2nd District Engineering Office,Davao de Oro 2nd District Engineering Office,130000000.0,285,27300000.0,13803000.0,58500000.0,44697000.0,17800000.0,3.8915843257441756
2027,Retrofitting/ Strengthening of Permanent Bridges,Magat Br. (B01150LZ) along Santiago-Tuguegarao Rd,Isabela 2nd District Engineering Office,Isabela 2nd District Engineering Office,50000000.0,111,13524000.0,8454000.0,20000000.0,11546000.0,6324000.0,3.8903739631037766
2027,Retrofitting/ Strengthening of Permanent Bridges,Taguibo Parallel Br. (B01989MN) along Maharlika Highway (Surigao-Agusan Sect),Butuan City District Engineering Office,Butuan City District Engineering Office,50000000.0,111,13524000.0,8454000.0,20000000.0,11546000.0,6324000.0,3.8903739631037766
2027,BIP - Access Roads and/or Bridges from the National Roads leading to Major/ Strategic Public Buildings/ Facilities,"Construction of Concrete Road, New Egaña Cemetery-Sitio San Joaquin, Barangay D'Lotilla, Isulan, Sultan Kudarat",Sultan Kudarat 1st District Engineering Office,Sultan Kudarat 1st District Engineering Office,45540000.0,3271,11000000.0,5000000.0,30000000.0,25000000.0,6000000.0,3.8828184720535996
2027,BIP - Access Roads and/or Bridges from the National Roads leading to Major/ Strategic Public Buildings/ Facilities,"Construction of Permanent Bridges along Boac Access Road, Barangay Santol, Boac, Marinduque",Marinduque District Engineering Office,Marinduque District Engineering Office,45500000.0,3271,11000000.0,5000000.0,30000000.0,25000000.0,6000000.0,3.8783218669904223
2027,BIP - Access Roads and/or Bridges from the National Roads leading to Major/ Strategic Public Buildings/ Facilities,"Construction of Road leading to DPWH UPMO Office, Barangay Maria Cristina, Sta. 0 + 000 - Sta. 0 + 789, Iligan City",Iligan City District Engineering Office,Iligan City District Engineering Office,45400000.0,3271,11000000.0,5000000.0,30000000.0,25000000.0,6000000.0,3.867080354332479
2027,Rehabilitation/ Reconstruction/ Upgrading of Damaged Paved Roads - Primary Roads,"Maharlika Highway (LZ) - K0124 + (-655) - K0124 + 000, K0125 + 413 - K0126 + 000, K0126 + 360 - K0127 + 000",Nueva Ecija 1st District Engineering Office,Nueva Ecija 1st District Engineering Office,95349000.0,116,18577000.0,8739000.0,59687250.0,50948250.0,13469500.0,3.8443895160575496
2027,BIP - Access Roads and/or Bridges from the National Roads leading to Major/ Strategic Public Buildings/ Facilities,"Construction of Road, Bangon - G.M. Osias - Lonoy (Sta. 1+824 - Sta. 3+024), Gamay, Northern Samar",Northern Samar 2nd District Engineering Office,Northern Samar 2nd District Engineering Office,45000000.0,3271,11000000.0,5000000.0,30000000.0,25000000.0,6000000.0,3.822114303700706
2027,BIP - Access Roads and/or Bridges from the National Roads leading to Major/ Strategic Public Buildings/ Facilities,"Replacement of Palambrag Bridge, Sta. 777+356 - Sta. 777+392, Barangay Hampton, Gandara, Samar",Samar 1st District Engineering Office,Samar 1st District Engineering Office,45000000.0,3271,11000000.0,5000000.0,30000000.0,25000000.0,6000000.0,3.822114303700706
2027,BIP - Access Roads and/or Bridges from the National Roads leading to Major/ Strategic Public Buildings/ Facilities,"Construction of Road at WLAC Road Sta. 0+000 - Sta. 2+000, Barangay Nagbunga, San Marcelino, Zambales",Zambales 2nd District Engineering Office,Zambales 2nd District Engineering Office,45000000.0,3271,11000000.0,5000000.0,30000000.0,25000000.0,6000000.0,3.822114303700706
2027,BIP - Access Roads and/or Bridges from the National Roads leading to Major/ Strategic Public Buildings/ Facilities,"Construction of Local Road, Barangay Rizal (Bintucan-Sangbay) , Tubao, La Union",La Union 2nd District Engineering Office,La Union 2nd District Engineering Office,45000000.0,3271,11000000.0,5000000.0,30000000.0,25000000.0,6000000.0,3.822114303700706
2027,BIP - Access Roads and/or Bridges from the National Roads leading to Major/ Strategic Public Buildings/ Facilities,"Construction of Road, San Fernando- San Jacinto- Monreal Road (Bartolabac Section), - Sta. 24 + 040 - Sta. 24 + 600, San Jacinto, Masbate",Masbate 1st District Engineering Office,Masbate 1st District Engineering Office,45000000.0,3271,11000000.0,5000000.0,30000000.0,25000000.0,6000000.0,3.822114303700706
2027,BIP - Access Roads and/or Bridges from the National Roads leading to Major/ Strategic Public Buildings/ Facilities,"Rehabilitation of Access Road leading to San Fabian Beach, Barangay Mabilao, San Fabian, Pangasinan",Pangasinan 2nd District Engineering Office,Pangasinan 2nd District Engineering Office,45000000.0,3271,11000000.0,5000000.0,30000000.0,25000000.0,6000000.0,3.822114303700706
2027,BIP - Access Roads and/or Bridges from the National Roads leading to Major/ Strategic Public Buildings/ Facilities,"Rehabilitation of Road, Barangay Baro, Barangay Carosucan Sur, Barangay Cabalitian, Barangay Coldit, Barangay Bobonan, Asingan, Pangasinan",Pangasinan 3rd District Engineering Office,Pangasinan 3rd District Engineering Office,45000000.0,3271,11000000.0,5000000.0,30000000.0,25000000.0,6000000.0,3.822114303700706
2027,BIP - Access Roads and/or Bridges from the National Roads leading to Major/ Strategic Public Buildings/ Facilities,"Construction of Road with Box Culvert at Barangay Pinay, Mambusao, Capiz and Barangay Oyong, Sigma, Capiz",Capiz 2nd District Engineering Office,Capiz 2nd District Engineering Office,45000000.0,3271,11000000.0,5000000.0,30000000.0,25000000.0,6000000.0,3.822114303700706
2027,BIP - Access Roads and/or Bridges from the National Roads leading to Major/ Strategic Public Buildings/ Facilities,"Construction of Road, Hinapuyan to Gacub, Carmen, Surigao del Sur",Surigao del Sur 1st District Engineering Office,Surigao del Sur 1st District Engineering Office,45000000.0,3271,11000000.0,5000000.0,30000000.0,25000000.0,6000000.0,3.822114303700706
2027,Preventive Maintenance - Primary Roads,"Maharlika Highway( Lanao-Pagadian-Zamboanga City Rd) - K1648 + (-264) - K1648 + 881, K1651 + 000 - K1651 + 263, K1651 + 566 - K1651 + 1023, K1651 + 2111 - K1651 + 2239, K1651 + 2270 - K1651 + 2370, K1659 + 071 - K1659 + 2122, K1659 + 2153 - K1659 + 2795",Zamboanga del Sur 1st District Engineering Office,Zamboanga del Sur 1st District Engineering Office,230000000.0,215,49255000.0,19987500.0,83940000.0,63952500.0,32031000.0,3.806026421953645
2027,Construction/ Maintenance of Flood Mitigation Structures and Drainage Systems,"Construction of Drainage along Barangay Fatima, Nueva and Landayan, San Pedro City Laguna",Laguna 2nd District Engineering Office,Laguna 2nd District Engineering Office,185000000.0,1071,32500000.0,10000000.0,93000000.0,83000000.0,27064000.0,3.800614869205615
2027,Construction of By-Pass and Diversion Roads,"Bacolod Negros Occidental Economic Highway (BANOCEH) (Victorias - Sagay), Sta. 11+380 - Sta. 15+903, Cadiz City, Negros Occidental",Negros Occidental 1st District Engineering Office,Negros Occidental 1st District Engineering Office,380000000.0,370,100000000.0,50000000.0,152280750.0,102280750.0,50000000.0,3.777148253068933
2027,BIP - Access Roads and/or Bridges from the National Roads leading to Major/ Strategic Public Buildings/ Facilities,"Construction of Pobalcion - Desawo Road, Barangay Poblacion T'boli, South Cotabato",South Cotabato 2nd District Engineering Office,South Cotabato 2nd District Engineering Office,44500000.0,3271,11000000.0,5000000.0,30000000.0,25000000.0,6000000.0,3.7659067404109896
2027,BIP - Access Roads and/or Bridges from the National Roads leading to Major/ Strategic Public Buildings/ Facilities,"Construction of Road, Jct. Sayre Highway Teacher's Village, Kitaotao - New Cebu, Lourdes - Dangcagan National High School connecting Dangcagan-Bugwak­-Kadingilan Highway, Dangcagan, Bukidnon",Bukidnon 2nd District Engineering Office,Bukidnon 2nd District Engineering Office,44340000.0,3271,11000000.0,5000000.0,30000000.0,25000000.0,6000000.0,3.7479203201582805
2027,Widening of Permanent Bridges,Mauca Br. (B00434LZ) along Rolando R. Andaya Highway,Camarines Sur 1st District Engineering Office,Camarines Sur 1st District Engineering Office,151000000.0,256,40000000.0,23150000.0,69000000.0,45850000.0,20000000.0,3.743423715095103
2027,Construction/ Upgrading/ Rehabilitation of Drainage along National Roads - Primary Roads,"Maharlika Highway (LZ) - K0135 + 500 - K0135 + 810, K0135 + 818 - K0135 + 900, K0137 + 300 - K0137 + 600, K0138 + 000 - K0138 + 888, K0144 + 000 - K0144 + 500, K0145 + 200 - K0145 + 211, K0145 + 225.40 - K0147 + 200, K0150 + 800 - K0150 + 900, K0151 + 800 - K0152 + 000",Quezon 1st District Engineering Office,Quezon 1st District Engineering Office,82352000.0,41,20000000.0,11000000.0,40000000.0,29000000.0,11250000.0,3.738297585323081
2027,"Rehabilitation/ Reconstruction of Roads with Slips, Slope Collapse, and Landslide - Tertiary Roads","Bugko-Nenita-Mirador-Cagpanit-an-De Maria-Sn Jose Rd - K0779 + 000 - K0779 + 221, K0780 + 446 - K0780 + 500, K0780 + 861 - K0780 + 930, K0781 + 256 - K0781 + 268",Northern Samar 1st District Engineering Office,Northern Samar 1st District Engineering Office,123602000.0,69,31600000.0,18635000.0,53999000.0,35364000.0,16600000.0,3.73822282249191
2027,Construction of By-Pass and Diversion Roads,"Bacolod Negros Occidental Economic Highway (BANOCEH) (Victorias - Sagay), Sta. 3+000 - Sta. 7+464, Manapla, Negros Occidental",Negros Occidental 1st District Engineering Office,Negros Occidental 1st District Engineering Office,375000000.0,370,100000000.0,50000000.0,152280750.0,102280750.0,50000000.0,3.7096991771212733
2027,Widening of Permanent Bridges,Odiongan Br. (B01342MN) along Butuan City-Cagayan de Oro City-Iligan City Rd,Misamis Oriental 1st District Engineering Office,Misamis Oriental 1st District Engineering Office,150000000.0,256,40000000.0,23150000.0,69000000.0,45850000.0,20000000.0,3.7096991771212733
2027,Widening of Permanent Bridges,Lucban Parallel Br. along Manila North Rd,Cagayan 2nd District Engineering Office,Cagayan 2nd District Engineering Office,150000000.0,256,40000000.0,23150000.0,69000000.0,45850000.0,20000000.0,3.7096991771212733
2027,Widening of Permanent Bridges,Pamplona Parallel Br. along Manila North Rd,Cagayan 2nd District Engineering Office,Cagayan 2nd District Engineering Office,150000000.0,256,40000000.0,23150000.0,69000000.0,45850000.0,20000000.0,3.7096991771212733
2027,Widening of Permanent Bridges,Gamu Parallel Br. along Gamu-Roxas Rd,Isabela 3rd District Engineering Office,Isabela 3rd District Engineering Office,150000000.0,256,40000000.0,23150000.0,69000000.0,45850000.0,20000000.0,3.7096991771212733
2027,Widening of Permanent Bridges,"Maragondon Br. (B02613LZ) along Juanito R. Remulla, Sr. Rd",Cavite 2nd District Engineering Office,Cavite 2nd District Engineering Office,150000000.0,256,40000000.0,23150000.0,69000000.0,45850000.0,20000000.0,3.7096991771212733
2027,Widening of Permanent Bridges,Magsaysay Viaduct Br. 1 (B00998MN) along Butuan City-Cagayan de Oro City-Iligan City Road (Agusan-Misamis Or Rd),Butuan City District Engineering Office,Butuan City District Engineering Office,150000000.0,256,40000000.0,23150000.0,69000000.0,45850000.0,20000000.0,3.7096991771212733
2027,Widening of Permanent Bridges,New Batangan Br. (B01657MN) along Kapalong-Talaingod-Valencia (Bukidnon) Rd,Bukidnon 4th District Engineering Office,Bukidnon 4th District Engineering Office,150000000.0,256,40000000.0,23150000.0,69000000.0,45850000.0,20000000.0,3.7096991771212733
2027,Widening of Permanent Bridges,Quezon Br. (B01191MN) along Dipolog-Oroquieta National Rd,Zamboanga del Norte 2nd District Engineering Office,Zamboanga del Norte 2nd District Engineering Office,150000000.0,256,40000000.0,23150000.0,69000000.0,45850000.0,20000000.0,3.7096991771212733
2027,BIP - Access Roads and/or Bridges from the National Roads leading to Major/ Strategic Public Buildings/ Facilities,"Construction of Road, Barangay Can-asagan, San Juan, Siquijor",Siquijor District Engineering Office,Siquijor District Engineering Office,44000000.0,3271,11000000.0,5000000.0,30000000.0,25000000.0,6000000.0,3.7096991771212733
2027,BIP - Access Roads and/or Bridges from the National Roads leading to Major/ Strategic Public Buildings/ Facilities,"Construction of Road with Slope Protection, Barangay Pacifico to Barangay Cacafean, Marcos, Ilocos Norte",Ilocos Norte 2nd District Engineering Office,Ilocos Norte 2nd District Engineering Office,44000000.0,3271,11000000.0,5000000.0,30000000.0,25000000.0,6000000.0,3.7096991771212733
2027,BIP - Multi-Purpose Buildings/ Facilities to support Social Services,"Construction of Multi-Purpose Building at Barangay Pangao, Lipa City, Batangas",Batangas 4th District Engineering Office,Batangas 4th District Engineering Office,18000000.0,2773,7000000.0,5000000.0,10000000.0,5000000.0,2000000.0,3.7096991771212733
2027,BIP - Multi-Purpose Buildings/ Facilities to support Social Services,"Construction of Multi-Purpose Building (Covered Court) at Barangay Tunhac, Famy, Laguna",Laguna 1st District Engineering Office,Laguna 1st District Engineering Office,18000000.0,2773,7000000.0,5000000.0,10000000.0,5000000.0,2000000.0,3.7096991771212733
2027,BIP - Multi-Purpose Buildings/ Facilities to support Social Services,"Construction of Multi-Purpose Building at Barangay Silangan, Talaongan, Cavinti, Laguna",Laguna 1st District Engineering Office,Laguna 1st District Engineering Office,18000000.0,2773,7000000.0,5000000.0,10000000.0,5000000.0,2000000.0,3.7096991771212733
2027,BIP - Multi-Purpose Buildings/ Facilities to support Social Services,"Construction of Multi-Purpose Building at Barangay Concepcion, Pila, Laguna",Laguna 1st District Engineering Office,Laguna 1st District Engineering Office,18000000.0,2773,7000000.0,5000000.0,10000000.0,5000000.0,2000000.0,3.7096991771212733
2027,BIP - Multi-Purpose Buildings/ Facilities to support Social Services,"Rehabilitation of Multi-Purpose Building at Barangay Siena, Quezon City",Quezon City 1st District Engineering Office,Quezon City 1st District Engineering Office,18000000.0,2773,7000000.0,5000000.0,10000000.0,5000000.0,2000000.0,3.7096991771212733
2027,BIP - Multi-Purpose Buildings/ Facilities to support Social Services,"Construction of Multi-Purpose Building in Sta. Barbara Waterfalls, Brgy. Sta. Barbara, Imelda, Zamboanga Sibugay",Zamboanga Sibugay 1st District Engineering Office,Zamboanga Sibugay 1st District Engineering Office,18000000.0,2773,7000000.0,5000000.0,10000000.0,5000000.0,2000000.0,3.7096991771212733
2027,Replacement of Permanent Weak Bridges,Tubod Br. 1 (Old) (B00882MN) along Misamis Oriental-Ma Cristina Bdry Rd,Iligan City District Engineering Office,Iligan City District Engineering Office,142000000.0,185,39858000.0,25000000.0,75000000.0,50000000.0,18616000.0,3.700786159994542
2027,Rehabilitation/ Reconstruction/ Upgrading of Damaged Paved Roads - Primary Roads,"Maharlika Highway (LZ) - K0128 + 000 - K0128 + 450, K0132 + 245 - K0132 + 506, K0132 + 782 - K0133 + 000, K0133 + 976 - K0135 + 193, K0136 + 559 - K0136 + 657, K0145 + 550 - K0145 + 855",Nueva Ecija 1st District Engineering Office,Nueva Ecija 1st District Engineering Office,92293000.0,116,18577000.0,8739000.0,59687250.0,50948250.0,13469500.0,3.6913590575430932
2027,Construction of By-Pass and Diversion Roads,"Bacolod Negros Occidental Economic Highway (BANOCEH), Sta. 6+603 - Sta. 9+975, E.B. Magalona, Negros Occidental",Negros Occidental 1st District Engineering Office,Negros Occidental 1st District Engineering Office,373000000.0,370,100000000.0,50000000.0,152280750.0,102280750.0,50000000.0,3.68271954674221
2027,Rehabilitation/ Major Repair of Permanent Bridges,Araniw Br. (B00776LZ) along Laoag-Airport Rd,Ilocos Norte 1st District Engineering Office,Ilocos Norte 1st District Engineering Office,34000000.0,269,7800000.0,4000000.0,15000000.0,11000000.0,4800000.0,3.6815953954764153
2027,Construction/ Maintenance of Flood Mitigation Structures and Drainage Systems,"Construction of Flood Mitigation Structure along Bangon River, Brgy. Salvacion, Palo, Leyte",Leyte 1st District Engineering Office,Leyte 1st District Engineering Office,180000000.0,1071,32500000.0,10000000.0,93000000.0,83000000.0,27064000.0,3.676004545625103
2027,Construction/ Maintenance of Flood Mitigation Structures and Drainage Systems,"Construction of Drainage System, Bitan-ag Catchment, Barangay 22: Sta. 0+582 - Sta. 0+642, Barangay 26: Sta. 0+642 - Sta. 1+020, Barangay 24: Sta. 1+020 - Sta. 1+262,Cagayan de Oro City",Cagayan de Oro City 2nd District Engineering Office,Cagayan de Oro City 2nd District Engineering Office,180000000.0,1071,32500000.0,10000000.0,93000000.0,83000000.0,27064000.0,3.676004545625103
2027,Construction/ Maintenance of Flood Mitigation Structures and Drainage Systems,"Construction of Flood Control Dike (Sta. 0 + 000 - Sta. 1 + 333) along Cagsawa Ruins ""Tributary D"", Daraga, Albay",Albay 2nd District Engineering Office,Albay 2nd District Engineering Office,180000000.0,1071,32500000.0,10000000.0,93000000.0,83000000.0,27064000.0,3.676004545625103
2027,Construction/ Maintenance of Flood Mitigation Structures and Drainage Systems,"Construction of River Flood Management Projects (Sta. 0+000 - Sta. 0+400), Bayo, Iguig, Cagayan",Cagayan 3rd District Engineering Office,Cagayan 3rd District Engineering Office,180000000.0,1071,32500000.0,10000000.0,93000000.0,83000000.0,27064000.0,3.676004545625103
2027,Construction/ Maintenance of Flood Mitigation Structures and Drainage Systems,"Construction of Dipolo River Flood Control Structure, Mapangi River Basin, Barangay Miligan, Molave, Zamboanga del Sur",Zamboanga del Sur 1st District Engineering Office,Zamboanga del Sur 1st District Engineering Office,180000000.0,1071,32500000.0,10000000.0,93000000.0,83000000.0,27064000.0,3.676004545625103
2027,Construction/ Maintenance of Flood Mitigation Structures and Drainage Systems,"Construction of Drainage System, Bitan-ag Catchment, Barangay Lapasan: Sta. 0+000 - Sta. 0+310, Barangay Puntod: Sta. 0+000 - Sta. 0+170, Barangay 22: Sta. 0+170 - Sta. 0+370, Cagayan de Oro City",Cagayan de Oro City 2nd District Engineering Office,Cagayan de Oro City 2nd District Engineering Office,180000000.0,1071,32500000.0,10000000.0,93000000.0,83000000.0,27064000.0,3.676004545625103
2027,Construction/ Maintenance of Flood Mitigation Structures and Drainage Systems,"Construction of Flood Control Protection Works (Sta. 0 + 000 - Sta. 1 + 333) along Barangay Quinartilan, Camalig, Albay",Albay 2nd District Engineering Office,Albay 2nd District Engineering Office,180000000.0,1071,32500000.0,10000000.0,93000000.0,83000000.0,27064000.0,3.676004545625103
2027,Buildings And Other Structures,"Construction of Quirino Memorial Medical Center (QMMC), Barangay Marilag, Quezon City",Quezon City 2nd District Engineering Office,Quezon City 2nd District Engineering Office,150000000.0,199,25000000.0,5000000.0,95000000.0,90000000.0,23000000.0,3.6657106493293217
2027,Buildings And Other Structures,"Construction of Multi-Purpose Building (DPWH 2nd Engineering District Office), Barangay Maparat, Compostela, Davao de Oro",Davao de Oro 2nd District Engineering Office,Davao de Oro 2nd District Engineering Office,150000000.0,199,25000000.0,5000000.0,95000000.0,90000000.0,23000000.0,3.6657106493293217
2027,Buildings And Other Structures,"Construction of DPWH Office Building of Rizal 2nd DEO, Baras, Rizal",Rizal 2nd District Engineering Office,Rizal 2nd District Engineering Office,150000000.0,199,25000000.0,5000000.0,95000000.0,90000000.0,23000000.0,3.6657106493293217
2027,Buildings And Other Structures,"Construction of Multi-Purpose Sports Facilities and Site Development (JLO) at Barangay Lower Bicutan, Taguig City (14.490562, 121.062552)",Metro Manila 1st District Engineering Office,Metro Manila 1st District Engineering Office,150000000.0,199,25000000.0,5000000.0,95000000.0,90000000.0,23000000.0,3.6657106493293217
2027,Buildings And Other Structures,"Construction of DPWH-CAR Multipurpose Building, Engineer's Hill, Baguio City, 16.40688, 120.60136",Baguio City District Engineering Office,Baguio City District Engineering Office,150000000.0,199,25000000.0,5000000.0,95000000.0,90000000.0,23000000.0,3.6657106493293217
2027,Buildings And Other Structures,"Construction of DPWH MP1st DEO Quality Assurance Office and Laboratory, and DE's Quarters, Bontoc, Mountain Province, 17.09194, 120.97861",Mountain Province 1st District Engineering Office,Mountain Province 1st District Engineering Office,150000000.0,199,25000000.0,5000000.0,95000000.0,90000000.0,23000000.0,3.6657106493293217
2027,Buildings And Other Structures,"Construction (Completion) of Multi-Purpose Building including Support Facilities, DPWH Davao del Norte 2nd DEO, Carmen, Davao del Norte",Davao del Norte 2nd District Engineering Office,Davao del Norte 2nd District Engineering Office,150000000.0,199,25000000.0,5000000.0,95000000.0,90000000.0,23000000.0,3.6657106493293217
2027,Construction/ Maintenance of Flood Mitigation Structures and Drainage Systems,"Construction of Lower Ingore Creek, Sta. 0 + 000 - Sta. 2 + 300, Iloilo City, Iloilo",Iloilo City District Engineering Office,Iloilo City District Engineering Office,178000000.0,1071,32500000.0,10000000.0,93000000.0,83000000.0,27064000.0,3.6261604161928984
2027,"Rehabilitation/ Reconstruction of Roads with Slips, Slope Collapse, and Landslide - Secondary Roads",Gov JJ Linao Rd - K0166 + 000 - K0167 + 000,Bataan 3rd District Engineering Office,Bataan 3rd District Engineering Office,118998000.0,116,30555000.0,16720750.0,53025000.0,36304250.0,16500000.0,3.6153931054780912
2027,BIP - Access Roads and/or Bridges from the National Roads leading to Major/ Strategic Public Buildings/ Facilities,"Construction of Jct National Road - Barangay Villa Alvarez - Barangay Salvacion, Balud and Mandaon, Masbate, Sta. 4+192 to Sta. 5+122",Masbate 2nd District Engineering Office,Masbate 2nd District Engineering Office,43000000.0,3271,11000000.0,5000000.0,30000000.0,25000000.0,6000000.0,3.597284050541841
2027,Construction/ Maintenance of Flood Mitigation Structures and Drainage Systems,"Construction of Bo. Obrero Creek, Sta.0+000 - Sta.2+391, Iloilo City, Iloilo",Iloilo City District Engineering Office,Iloilo City District Engineering Office,176000000.0,1071,32500000.0,10000000.0,93000000.0,83000000.0,27064000.0,3.5763162867606937
2027,Preventive Maintenance - Secondary Roads,Rizal-Dakak-Dapitan Coastal Loop Rd - K1840 + 000 - K1844 + 000,Zamboanga del Norte 1st District Engineering Office,Zamboanga del Norte 1st District Engineering Office,121629000.0,285,27300000.0,13803000.0,58500000.0,44697000.0,17800000.0,3.5743842050936934
2027,BIP - Coastal Roads to augment Resiliency of Coastal Communities,"Construction of Coastal Road, Barangay Culo to Barangay Ubay, Pulupandan, Negros Occidental",Negros Occidental 4th District Engineering Office,Negros Occidental 4th District Engineering Office,200000000.0,13,36000000.0,20000000.0,120000000.0,100000000.0,31000000.0,3.568273695295536
2027,Construction/ Upgrading/ Rehabilitation of Drainage along National Roads - Secondary Roads,"Barotac Nuevo-Dumangas-Dacutan Wharf Rd - K0274 + (-531) - K0275 + 405, K0275 + 417 - K0275 + 537, K0275 + 637 - K0276 + 870, K0280 + 723 - K0280 + 992",Iloilo 2nd District Engineering Office,Iloilo 2nd District Engineering Office,74459000.0,39,20000000.0,9635500.0,30000000.0,20364500.0,10300000.0,3.5662225505180483
2027,"Rehabilitation/ Reconstruction of Roads with Slips, Slope Collapse, and Landslide - Tertiary Roads",Bagac-Mariveles Rd - K0161 + 500 - K0162 + 500,Bataan 3rd District Engineering Office,Bataan 3rd District Engineering Office,118998000.0,69,31600000.0,18635000.0,53999000.0,35364000.0,16600000.0,3.5511532166708113
2027,"Rehabilitation/ Reconstruction of Roads with Slips, Slope Collapse, and Landslide - Tertiary Roads",Bagac-Mariveles Rd - K0178 + 000 - K0179 + 000,Bataan 3rd District Engineering Office,Bataan 3rd District Engineering Office,118998000.0,69,31600000.0,18635000.0,53999000.0,35364000.0,16600000.0,3.5511532166708113
2027,Road Widening - Secondary Roads,"Babak-Samal-Kaputian Rd - K1503 + 000 - K1503 + 007, K1507 + 592 - K1509 + 072, K1518 + 000 - K1519 + 343",Davao del Norte 2nd District Engineering Office,Davao del Norte 2nd District Engineering Office,137001000.0,219,41509000.0,25945000.0,62533500.0,36588500.0,18266000.0,3.5261399104313496
2027,Construction/ Maintenance of Flood Mitigation Structures and Drainage Systems,"Construction of Concrete Slope Protection Structure with Steel Sheet Pile Foundation along Angat River, Sta. 00 + 000 - Sta. 01 + 348.80, Barangay Pulo, San Rafael, Bulacan (14.961361, 121.005369)",Bulacan 3rd District Engineering Office,Bulacan 3rd District Engineering Office,173900000.0,1071,32500000.0,10000000.0,93000000.0,83000000.0,27064000.0,3.5239799508568783
2027,Construction of By-Pass and Diversion Roads,"Bacolod Negros Occidental Economic Highway (BANOCEH), Sta. 19+531 - Sta. 21+166, Talisay City, Negros Occidental",Negros Occidental 1st District Engineering Office,Negros Occidental 1st District Engineering Office,360000000.0,370,100000000.0,50000000.0,152280750.0,102280750.0,50000000.0,3.507351949278295
2027,Construction of By-Pass and Diversion Roads,"Metro Cebu Expressway, Sta. 4 + 200 - Sta. 4 + 550, Cebu",Cebu 1st District Engineering Office,Cebu 1st District Engineering Office,360000000.0,370,100000000.0,50000000.0,152280750.0,102280750.0,50000000.0,3.507351949278295
2027,Preventive Maintenance - Tertiary Roads,"Montevista-Dnas Rd - K1413+(-602) - K1413+000, K1414+535 - K1415+539, K1416+000 - K1422+002, K1431+541 - K1432+966",Davao de Oro 2nd District Engineering Office,Davao de Oro 2nd District Engineering Office,140000000.0,155,30000000.0,10889500.0,54769000.0,43879500.0,21163000.0,3.5058348789125113
2027,Rainwater Collector System,Rainwater Collector System - BARMM,Central Office,Central Office,38400000.0,217,4200000.0,4200000.0,4200000.0,0.0,0.0,
2027,Rainwater Collector System,Rainwater Collector System - NCR Regional Office,Regional Office NCR,Regional Office NCR,9000000.0,217,4200000.0,4200000.0,4200000.0,0.0,0.0,
2027,Rainwater Collector System,Rainwater Collector System - Regional Office I,Regional Office I,Regional Office I,9000000.0,217,4200000.0,4200000.0,4200000.0,0.0,0.0,
2027,Rainwater Collector System,Rainwater Collector System - CAR Regional Office,Regional Office CAR,Regional Office CAR,9000000.0,217,4200000.0,4200000.0,4200000.0,0.0,0.0,
2027,Rainwater Collector System,Rainwater Collector System - Regional Office II,Regional Office II,Regional Office II,9000000.0,217,4200000.0,4200000.0,4200000.0,0.0,0.0,
2027,Rainwater Collector System,Rainwater Collector System - Regional Office III,Regional Office III,Regional Office III,9000000.0,217,4200000.0,4200000.0,4200000.0,0.0,0.0,
2027,Rainwater Collector System,Rainwater Collector System - Regional Office IV-A,Regional Office IVA,Regional Office IVA,9000000.0,217,4200000.0,4200000.0,4200000.0,0.0,0.0,
2027,Rainwater Collector System,Rainwater Collector System - Regional Office MIMAROPA Region,Regional Office MIMAROPA,Regional Office MIMAROPA,9000000.0,217,4200000.0,4200000.0,4200000.0,0.0,0.0,
2027,Rainwater Collector System,Rainwater Collector System - Regional Office V,Regional Office V,Regional Office V,9000000.0,217,4200000.0,4200000.0,4200000.0,0.0,0.0,
2027,Rainwater Collector System,Rainwater Collector System - Regional Office VI,Regional Office VI,Regional Office VI,9000000.0,217,4200000.0,4200000.0,4200000.0,0.0,0.0,
2027,Rainwater Collector System,Rainwater Collector System - NIR Regional Office,Regional Office NIR,Regional Office NIR,9000000.0,217,4200000.0,4200000.0,4200000.0,0.0,0.0,
2027,Rainwater Collector System,Rainwater Collector System - Regional Office VII,Regional Office VII,Regional Office VII,9000000.0,217,4200000.0,4200000.0,4200000.0,0.0,0.0,
2027,Rainwater Collector System,Rainwater Collector System - Regional Office VIII,Regional Office VIII,Regional Office VIII,9000000.0,217,4200000.0,4200000.0,4200000.0,0.0,0.0,
2027,Rainwater Collector System,Rainwater Collector System - Regional Office IX,Regional Office IX,Regional Office IX,9000000.0,217,4200000.0,4200000.0,4200000.0,0.0,0.0,
2027,Rainwater Collector System,Rainwater Collector System - Regional Office X,Regional Office X,Regional Office X,9000000.0,217,4200000.0,4200000.0,4200000.0,0.0,0.0,
2027,Rainwater Collector System,Rainwater Collector System - Regional Office XI,Regional Office XI,Regional Office XI,9000000.0,217,4200000.0,4200000.0,4200000.0,0.0,0.0,
2027,Rainwater Collector System,Rainwater Collector System - Regional Office XII,Regional Office XII,Regional Office XII,9000000.0,217,4200000.0,4200000.0,4200000.0,0.0,0.0,
2027,Rainwater Collector System,Rainwater Collector System - Regional Office XIII,Regional Office XIII,Regional Office XIII,9000000.0,217,4200000.0,4200000.0,4200000.0,0.0,0.0,
