id,projectName,amountPesos,office,region,sourceVolume,sourcePage,currentComputedDistricts,currentComputedRepresentatives,selectedLocalities,geographicReviewFlags,crosswalkConflicts,attributionStatus,stageComparison,closestNepTitle
HB10858-3-0118-000147,Maharlika Highway (Surigao-Agusan Sect) - K1229 + 680 - K1229 + 773,3087000,Central Office,Region XIII,3- HB 10858 FOR 3RD READING VOL I-C .pdf,118,"[""Cagayan de Oro · 2nd District""]","[""Rufus Rodriguez""]","[{""place"": ""agusan"", ""jurisdiction"": ""cagayan de oro"", ""seats"": [""2nd""]}]","[""Cagayan de Oro barangay crosswalk omits the 1st District; a unique returned name does not prove a unique geographic assignment.""]",[],Unresolved: flagged geographic evidence,Exact normalized title found in NEP,Maharlika Highway (Surigao-Agusan Sect) - K1229 + 680 - K1229 + 773
HB10858-3-0124-000257,Gumaca Bypass Rd - K0191 + 060 - K0193 + 157,140000000,Central Office,Region IV-A,3- HB 10858 FOR 3RD READING VOL I-C .pdf,124,"[""Quezon · 3rd District""]","[""Reynante Arrogancia""]","[{""place"": ""gumaca"", ""jurisdiction"": ""quezon"", ""seats"": [""3rd""]}]","[""Local crosswalks disagree or the primary crosswalk lacks a named locality.""]","[{""locality"": ""gumaca"", ""primaryDistrict"": ""3rd District"", ""alternativeDistrict"": ""4th District"", ""decision"": ""Unresolved; neither local crosswalk is treated as authoritative.""}]",Unresolved: flagged geographic evidence,Plausible NEP title counterpart; review scope,Gumaca Bypass Rd - K0191 + 060 - K0193 + 200
HB10858-3-0124-000258,Gumaca - Pitogo - Mulanay - Sn Narciso Rd - K0302 + (-445) - K0304 + 012,100000000,Central Office,Region IV-A,3- HB 10858 FOR 3RD READING VOL I-C .pdf,124,"[""Quezon · 3rd District""]","[""Reynante Arrogancia""]","[{""place"": ""mulanay"", ""jurisdiction"": ""quezon"", ""seats"": [""3rd""]}]","[""Local crosswalks disagree or the primary crosswalk lacks a named locality.""]","[{""locality"": ""gumaca"", ""primaryDistrict"": ""3rd District"", ""alternativeDistrict"": ""4th District"", ""decision"": ""Unresolved; neither local crosswalk is treated as authoritative.""}]",Unresolved: flagged geographic evidence,No plausible NEP title counterpart; review candidate,
HB10858-3-0124-000261,Gumaca-Pitogo-Mulanay-Sn Narciso Rd - K0230 + 000 - K0232 + 000,99100000,Central Office,Region IV-A,3- HB 10858 FOR 3RD READING VOL I-C .pdf,124,"[""Quezon · 3rd District""]","[""Reynante Arrogancia""]","[{""place"": ""mulanay"", ""jurisdiction"": ""quezon"", ""seats"": [""3rd""]}]","[""Local crosswalks disagree or the primary crosswalk lacks a named locality.""]","[{""locality"": ""gumaca"", ""primaryDistrict"": ""3rd District"", ""alternativeDistrict"": ""4th District"", ""decision"": ""Unresolved; neither local crosswalk is treated as authoritative.""}]",Unresolved: flagged geographic evidence,Exact normalized title found in NEP,Gumaca-Pitogo-Mulanay-Sn Narciso Rd - K0230 + 000 - K0232 + 000
HB10858-3-0124-000262,Gumaca-Pitogo-Mulanay-Sn Narciso Rd - K0248 + 790 - K0250 + 600,95000000,Central Office,Region IV-A,3- HB 10858 FOR 3RD READING VOL I-C .pdf,124,"[""Quezon · 3rd District""]","[""Reynante Arrogancia""]","[{""place"": ""mulanay"", ""jurisdiction"": ""quezon"", ""seats"": [""3rd""]}]","[""Local crosswalks disagree or the primary crosswalk lacks a named locality.""]","[{""locality"": ""gumaca"", ""primaryDistrict"": ""3rd District"", ""alternativeDistrict"": ""4th District"", ""decision"": ""Unresolved; neither local crosswalk is treated as authoritative.""}]",Unresolved: flagged geographic evidence,Exact normalized title found in NEP,Gumaca-Pitogo-Mulanay-Sn Narciso Rd - K0248 + 790 - K0250 + 600
HB10858-3-0124-000263,Gumaca-Pitogo-Mulanay-Sn Narciso Rd - K0250 + 600 - K0252 + 200,89000000,Central Office,Region IV-A,3- HB 10858 FOR 3RD READING VOL I-C .pdf,124,"[""Quezon · 3rd District""]","[""Reynante Arrogancia""]","[{""place"": ""mulanay"", ""jurisdiction"": ""quezon"", ""seats"": [""3rd""]}]","[""Local crosswalks disagree or the primary crosswalk lacks a named locality.""]","[{""locality"": ""gumaca"", ""primaryDistrict"": ""3rd District"", ""alternativeDistrict"": ""4th District"", ""decision"": ""Unresolved; neither local crosswalk is treated as authoritative.""}]",Unresolved: flagged geographic evidence,Exact normalized title found in NEP,Gumaca-Pitogo-Mulanay-Sn Narciso Rd - K0250 + 600 - K0252 + 200
HB10858-3-0124-000266,Lopez Bypass Rd - K0219 + 149 - K0219 + 959,103000000,Central Office,Region IV-A,3- HB 10858 FOR 3RD READING VOL I-C .pdf,124,"[""Quezon · 3rd District""]","[""Reynante Arrogancia""]","[{""place"": ""lopez"", ""jurisdiction"": ""quezon"", ""seats"": [""3rd""]}]","[""Local crosswalks disagree or the primary crosswalk lacks a named locality.""]","[{""locality"": ""lopez"", ""primaryDistrict"": ""3rd District"", ""alternativeDistrict"": ""4th District"", ""decision"": ""Unresolved; neither local crosswalk is treated as authoritative.""}]",Unresolved: flagged geographic evidence,Plausible NEP title counterpart; review scope,Lopez Bypass Rd - K0219 + 149 - K0219 + 769
HB10858-3-0124-000267,Lopez Bypass Rd - K0219 + 959 - K0220 + 719,97000000,Central Office,Region IV-A,3- HB 10858 FOR 3RD READING VOL I-C .pdf,124,"[""Quezon · 3rd District""]","[""Reynante Arrogancia""]","[{""place"": ""lopez"", ""jurisdiction"": ""quezon"", ""seats"": [""3rd""]}]","[""Local crosswalks disagree or the primary crosswalk lacks a named locality.""]","[{""locality"": ""lopez"", ""primaryDistrict"": ""3rd District"", ""alternativeDistrict"": ""4th District"", ""decision"": ""Unresolved; neither local crosswalk is treated as authoritative.""}]",Unresolved: flagged geographic evidence,Plausible NEP title counterpart; review scope,Lopez Bypass Rd - K0219 + 769 - K0220 + 644
HB10858-3-0125-000292,"PPSR Jct (Abo-abo)-Quezon Rd - K0133 + 390 - K0134 + 500, K0134 + 833 - K0136 + 228, K0136 + 253 - K0138 + 550",75000000,Central Office,MIMAROPA,3- HB 10858 FOR 3RD READING VOL I-C .pdf,125,"[""Quezon · 3rd District""]","[""Reynante Arrogancia""]","[{""place"": ""quezon"", ""jurisdiction"": ""quezon"", ""seats"": [""3rd""]}]","[""Quezon is being used as a municipality match; its role as province, city, barangay, bridge or road name must be established from geographic context.""]",[],Unresolved: flagged geographic evidence,Exact normalized title found in NEP,"PPSR Jct (Abo-abo)-Quezon Rd - K0133 + 390 - K0134 + 500, K0134 + 833 - K0136 + 228, K0136 + 253 - K0138 + 550"
HB10858-3-0127-000326,Cagayan de Oro City Coastal Bypass Rd - K1444 + (-655) - K1446 + 356,100000000,Central Office,Region X,3- HB 10858 FOR 3RD READING VOL I-C .pdf,127,"[""Cagayan de Oro · 2nd District""]","[""Rufus Rodriguez""]","[{""place"": ""cagayan de oro city"", ""jurisdiction"": ""cagayan de oro"", ""seats"": [""2nd""]}]","[""Cagayan de Oro barangay crosswalk omits the 1st District; a unique returned name does not prove a unique geographic assignment."", ""Whole-city name is indexed as a 2nd District barangay and overrides shorter locality matches.""]",[],Unresolved: flagged geographic evidence,No plausible NEP title counterpart; review candidate,Cagayan de Oro City Coastal Bypass Rd-Chainage 0-3003
HB10858-3-0129-000356,Laoag-Airport Rd - K0486 + (-627) - K0486 + 060,7500000,Ilocos Norte 1st District Engineering Office,Region I,3- HB 10858 FOR 3RD READING VOL I-C .pdf,129,"[""Ilocos Norte · 1st District""]","[""Sandro Marcos""]","[{""place"": ""laoag"", ""jurisdiction"": ""ilocos norte"", ""seats"": [""1st""]}]",[],[],Not independently verified,No plausible NEP title counterpart; review candidate,
HB10858-3-0129-000357,Laoag-Airport Rd - K0489 + 316 - K0490 + 574,13000000,Ilocos Norte 1st District Engineering Office,Region I,3- HB 10858 FOR 3RD READING VOL I-C .pdf,129,"[""Ilocos Norte · 1st District""]","[""Sandro Marcos""]","[{""place"": ""laoag"", ""jurisdiction"": ""ilocos norte"", ""seats"": [""1st""]}]",[],[],Not independently verified,No plausible NEP title counterpart; review candidate,"Libon-Bacolod-Sn Vicente-Marocmoc-Buga Rd - K0489 + (-184) - K0489 + 499, K0489 + 516 - K0489 + 673, K0489 + 690 - K0491 + 949"
HB10858-3-0134-000475,"MSR JCT-Lopez-Catanauan Rd - K0232 + 200 - K0232 + 400, K0232 + 450 - K0232 + 600, K0233 + 000 - K0233 + 585, K0233 + 633 - K0233 + 745",50000000,Quezon 4th District Engineering Office,Region IV-A,3- HB 10858 FOR 3RD READING VOL I-C .pdf,134,"[""Quezon · 3rd District""]","[""Reynante Arrogancia""]","[{""place"": ""lopez"", ""jurisdiction"": ""quezon"", ""seats"": [""3rd""]}]","[""Local crosswalks disagree or the primary crosswalk lacks a named locality.""]","[{""locality"": ""catanauan"", ""primaryDistrict"": null, ""alternativeDistrict"": ""3rd District"", ""decision"": ""Unresolved; neither local crosswalk is treated as authoritative.""}, {""locality"": ""lopez"", ""primaryDistrict"": ""3rd District"", ""alternativeDistrict"": ""4th District"", ""decision"": ""Unresolved; neither local crosswalk is treated as authoritative.""}]",Unresolved: flagged geographic evidence,No plausible NEP title counterpart; review candidate,"Dancalan-Sta. Cruz, Donsol-Pio Duran Roa - (S05787LZ) Chainage 000 - Chainage 039, Chainage 072 - Chainage 202, Chainage 220 - Chainage 450"
HB10858-3-0135-000481,Puerto Princesa South Diversion Rd - K0036+196 - K0037+353,15000000,Palawan 3rd District Engineering Office,MIMAROPA,3- HB 10858 FOR 3RD READING VOL I-C .pdf,135,"[""Cagayan de Oro · 2nd District""]","[""Rufus Rodriguez""]","[{""place"": ""puerto"", ""jurisdiction"": ""cagayan de oro"", ""seats"": [""2nd""]}]","[""Cagayan de Oro barangay crosswalk omits the 1st District; a unique returned name does not prove a unique geographic assignment."", ""Puerto barangay token occurs within Puerto Princesa; this does not establish a Cagayan de Oro location.""]",[],Unresolved: flagged geographic evidence,No plausible NEP title counterpart; review candidate,
HB10858-3-0135-000482,Puerto Princesa South Rd - K0058+293 - K0076+883 (Intermittent),12000000,Palawan 3rd District Engineering Office,MIMAROPA,3- HB 10858 FOR 3RD READING VOL I-C .pdf,135,"[""Cagayan de Oro · 2nd District""]","[""Rufus Rodriguez""]","[{""place"": ""puerto"", ""jurisdiction"": ""cagayan de oro"", ""seats"": [""2nd""]}]","[""Cagayan de Oro barangay crosswalk omits the 1st District; a unique returned name does not prove a unique geographic assignment."", ""Puerto barangay token occurs within Puerto Princesa; this does not establish a Cagayan de Oro location.""]",[],Unresolved: flagged geographic evidence,No plausible NEP title counterpart; review candidate,Lipa City - Alaminos Rd - K0076 + (-849) - K0076 + (-337)
HB10858-3-0141-000611,"Prosperidad-Quezon-Cabaron Rd - K0065 + (-125) - K0065 + 225, K0066 + 000 - K0067 + 364, K0067 + 719 - K0067 + 819, K0068 + 000 - K0069 + 1143",64100000,Central Office,Negros Island Region,3- HB 10858 FOR 3RD READING VOL I-C .pdf,141,"[""Quezon · 3rd District""]","[""Reynante Arrogancia""]","[{""place"": ""quezon"", ""jurisdiction"": ""quezon"", ""seats"": [""3rd""]}]","[""Quezon is being used as a municipality match; its role as province, city, barangay, bridge or road name must be established from geographic context.""]",[],Unresolved: flagged geographic evidence,Exact normalized title found in NEP,"Prosperidad-Quezon-Cabaron Rd - K0065 + (-125) - K0065 + 225, K0066 + 000 - K0067 + 364, K0067 + 719 - K0067 + 819, K0068 + 000 - K0069 + 1143"
HB10858-3-0152-000799,Maharlika Highway (Surigao-Agusan Sect) - K1199 + 600 - K1199 + 737,17173000,Central Office,Region XIII,3- HB 10858 FOR 3RD READING VOL I-C .pdf,152,"[""Cagayan de Oro · 2nd District""]","[""Rufus Rodriguez""]","[{""place"": ""agusan"", ""jurisdiction"": ""cagayan de oro"", ""seats"": [""2nd""]}]","[""Cagayan de Oro barangay crosswalk omits the 1st District; a unique returned name does not prove a unique geographic assignment.""]",[],Unresolved: flagged geographic evidence,Exact normalized title found in NEP,Maharlika Highway (Surigao-Agusan Sect) - K1199 + 600 - K1199 + 737
HB10858-3-0156-000868,"Gumaca - Pitogo - Mulanay - San Narciso Road, Quezon - K0273 + 000 - K0274 + 000",55000000,Central Office,Region IV-A,3- HB 10858 FOR 3RD READING VOL I-C .pdf,156,"[""Quezon · 3rd District""]","[""Reynante Arrogancia""]","[{""place"": ""mulanay"", ""jurisdiction"": ""quezon"", ""seats"": [""3rd""]}]","[""Local crosswalks disagree or the primary crosswalk lacks a named locality.""]","[{""locality"": ""gumaca"", ""primaryDistrict"": ""3rd District"", ""alternativeDistrict"": ""4th District"", ""decision"": ""Unresolved; neither local crosswalk is treated as authoritative.""}, {""locality"": ""san narciso"", ""primaryDistrict"": null, ""alternativeDistrict"": ""3rd District"", ""decision"": ""Unresolved; neither local crosswalk is treated as authoritative.""}]",Unresolved: flagged geographic evidence,No plausible NEP title counterpart; review candidate,
HB10858-3-0156-000869,"Gumaca - Pitogo - Mulanay - San Narciso Road, Quezon - K0290 + 000 - K0290 + 306, K0290 + 483 - K0290 + 930",51000000,Central Office,Region IV-A,3- HB 10858 FOR 3RD READING VOL I-C .pdf,156,"[""Quezon · 3rd District""]","[""Reynante Arrogancia""]","[{""place"": ""mulanay"", ""jurisdiction"": ""quezon"", ""seats"": [""3rd""]}]","[""Local crosswalks disagree or the primary crosswalk lacks a named locality.""]","[{""locality"": ""gumaca"", ""primaryDistrict"": ""3rd District"", ""alternativeDistrict"": ""4th District"", ""decision"": ""Unresolved; neither local crosswalk is treated as authoritative.""}, {""locality"": ""san narciso"", ""primaryDistrict"": null, ""alternativeDistrict"": ""3rd District"", ""decision"": ""Unresolved; neither local crosswalk is treated as authoritative.""}]",Unresolved: flagged geographic evidence,No plausible NEP title counterpart; review candidate,
HB10858-3-0156-000870,"Gumaca - Pitogo - Mulanay - San Narciso Road. Quezon - K0218 + 000 - K0219 + 000, K0223 + 000 - K0223 + 280",69000000,Central Office,Region IV-A,3- HB 10858 FOR 3RD READING VOL I-C .pdf,156,"[""Quezon · 3rd District""]","[""Reynante Arrogancia""]","[{""place"": ""mulanay"", ""jurisdiction"": ""quezon"", ""seats"": [""3rd""]}]","[""Local crosswalks disagree or the primary crosswalk lacks a named locality.""]","[{""locality"": ""gumaca"", ""primaryDistrict"": ""3rd District"", ""alternativeDistrict"": ""4th District"", ""decision"": ""Unresolved; neither local crosswalk is treated as authoritative.""}, {""locality"": ""san narciso"", ""primaryDistrict"": null, ""alternativeDistrict"": ""3rd District"", ""decision"": ""Unresolved; neither local crosswalk is treated as authoritative.""}]",Unresolved: flagged geographic evidence,No plausible NEP title counterpart; review candidate,
HB10858-3-0156-000872,"P Burgos - Pototanin Jct, Quezon - K0157 + 298 - K0158 + 700",76000000,Central Office,Region IV-A,3- HB 10858 FOR 3RD READING VOL I-C .pdf,156,"[""Quezon · 3rd District""]","[""Reynante Arrogancia""]","[{""place"": ""quezon"", ""jurisdiction"": ""quezon"", ""seats"": [""3rd""]}]","[""Quezon is being used as a municipality match; its role as province, city, barangay, bridge or road name must be established from geographic context.""]",[],Unresolved: flagged geographic evidence,No plausible NEP title counterpart; review candidate,
HB10858-3-0156-000873,"P Burgos - Pototanin Jct, Quezon - K0184 + 110 - K0185 + 500",75000000,Central Office,Region IV-A,3- HB 10858 FOR 3RD READING VOL I-C .pdf,156,"[""Quezon · 3rd District""]","[""Reynante Arrogancia""]","[{""place"": ""quezon"", ""jurisdiction"": ""quezon"", ""seats"": [""3rd""]}]","[""Quezon is being used as a municipality match; its role as province, city, barangay, bridge or road name must be established from geographic context.""]",[],Unresolved: flagged geographic evidence,No plausible NEP title counterpart; review candidate,Loay Interior Rd - K0182 + 700 - K0184 + 543
HB10858-3-0156-000874,"P Burgos - Pototanin Jct, Quezon - K0200 + 719 - K0201 + 892",63000000,Central Office,Region IV-A,3- HB 10858 FOR 3RD READING VOL I-C .pdf,156,"[""Quezon · 3rd District""]","[""Reynante Arrogancia""]","[{""place"": ""quezon"", ""jurisdiction"": ""quezon"", ""seats"": [""3rd""]}]","[""Quezon is being used as a municipality match; its role as province, city, barangay, bridge or road name must be established from geographic context.""]",[],Unresolved: flagged geographic evidence,No plausible NEP title counterpart; review candidate,
HB10858-3-0156-000875,"P Burgos - Pototanin Jct, Quezon- K0153 + 246 - K0155 + 000",94000000,Central Office,Region IV-A,3- HB 10858 FOR 3RD READING VOL I-C .pdf,156,"[""Quezon · 3rd District""]","[""Reynante Arrogancia""]","[{""place"": ""quezon"", ""jurisdiction"": ""quezon"", ""seats"": [""3rd""]}]","[""Quezon is being used as a municipality match; its role as province, city, barangay, bridge or road name must be established from geographic context.""]",[],Unresolved: flagged geographic evidence,No plausible NEP title counterpart; review candidate,"Tayabas-Mainit-Mauban Rd - K0151 + 000 - K0151 + 168, K0152 + 000 - K0153 + 284, K0153 + 320 - K0154 + 000, K0162 + 314 - K0163 + 522, K0164 + 342 - K0165 + 396, K0165 + 411 - K0168 + 209"
HB10858-3-0156-000876,"P Burgos - Pototanin Jct, Quezon- K0162 + 698 - K0163 + 000, K0178 + 898 - K0179 + 769",63000000,Central Office,Region IV-A,3- HB 10858 FOR 3RD READING VOL I-C .pdf,156,"[""Quezon · 3rd District""]","[""Reynante Arrogancia""]","[{""place"": ""quezon"", ""jurisdiction"": ""quezon"", ""seats"": [""3rd""]}]","[""Quezon is being used as a municipality match; its role as province, city, barangay, bridge or road name must be established from geographic context.""]",[],Unresolved: flagged geographic evidence,No plausible NEP title counterpart; review candidate,"Santander-Barili-Toledo Rd - K0162 + 537 - K0163 + 882, K0163 + 973 - K0165 + 411"
HB10858-3-0156-000878,"San Francisco-San Andres-San Narciso Road, Quezon - K0372 + 564 - K0373 + 559",53000000,Central Office,Region IV-A,3- HB 10858 FOR 3RD READING VOL I-C .pdf,156,"[""Quezon · 3rd District""]","[""Reynante Arrogancia""]","[{""place"": ""quezon"", ""jurisdiction"": ""quezon"", ""seats"": [""3rd""]}]","[""Local crosswalks disagree or the primary crosswalk lacks a named locality."", ""Quezon is being used as a municipality match; its role as province, city, barangay, bridge or road name must be established from geographic context.""]","[{""locality"": ""san andres"", ""primaryDistrict"": null, ""alternativeDistrict"": ""3rd District"", ""decision"": ""Unresolved; neither local crosswalk is treated as authoritative.""}, {""locality"": ""san francisco"", ""primaryDistrict"": null, ""alternativeDistrict"": ""3rd District"", ""decision"": ""Unresolved; neither local crosswalk is treated as authoritative.""}, {""locality"": ""san narciso"", ""primaryDistrict"": null, ""alternativeDistrict"": ""3rd District"", ""decision"": ""Unresolved; neither local crosswalk is treated as authoritative.""}]",Unresolved: flagged geographic evidence,No plausible NEP title counterpart; review candidate,
HB10858-3-0156-000879,Puerto Princesa North Rd - K0022 + 700 - K0023 + 300,150000000,Central Office,MIMAROPA,3- HB 10858 FOR 3RD READING VOL I-C .pdf,156,"[""Cagayan de Oro · 2nd District""]","[""Rufus Rodriguez""]","[{""place"": ""puerto"", ""jurisdiction"": ""cagayan de oro"", ""seats"": [""2nd""]}]","[""Cagayan de Oro barangay crosswalk omits the 1st District; a unique returned name does not prove a unique geographic assignment."", ""Puerto barangay token occurs within Puerto Princesa; this does not establish a Cagayan de Oro location.""]",[],Unresolved: flagged geographic evidence,Exact normalized title found in NEP,Puerto Princesa North Rd - K0022 + 700 - K0023 + 300
HB10858-3-0161-000948,"Gumaca - Pitogo - Mulanay - San Narciso Road, Quezon - K0259 + 900 - K0260 + 714",50000000,Quezon 3rd District Engineering Office,Region IV-A,3- HB 10858 FOR 3RD READING VOL I-C .pdf,161,"[""Quezon · 3rd District""]","[""Reynante Arrogancia""]","[{""place"": ""mulanay"", ""jurisdiction"": ""quezon"", ""seats"": [""3rd""]}]","[""Local crosswalks disagree or the primary crosswalk lacks a named locality.""]","[{""locality"": ""gumaca"", ""primaryDistrict"": ""3rd District"", ""alternativeDistrict"": ""4th District"", ""decision"": ""Unresolved; neither local crosswalk is treated as authoritative.""}, {""locality"": ""san narciso"", ""primaryDistrict"": null, ""alternativeDistrict"": ""3rd District"", ""decision"": ""Unresolved; neither local crosswalk is treated as authoritative.""}]",Unresolved: flagged geographic evidence,No plausible NEP title counterpart; review candidate,
HB10858-3-0161-000949,"MSR Jct-Lopez-Buenavista Rd - K0226 + 095 - K0226 + 162, K0226 + 527 - K0226 + 576",7150000,Quezon 4th District Engineering Office,Region IV-A,3- HB 10858 FOR 3RD READING VOL I-C .pdf,161,"[""Quezon · 3rd District""]","[""Reynante Arrogancia""]","[{""place"": ""lopez"", ""jurisdiction"": ""quezon"", ""seats"": [""3rd""]}]","[""Local crosswalks disagree or the primary crosswalk lacks a named locality.""]","[{""locality"": ""lopez"", ""primaryDistrict"": ""3rd District"", ""alternativeDistrict"": ""4th District"", ""decision"": ""Unresolved; neither local crosswalk is treated as authoritative.""}]",Unresolved: flagged geographic evidence,No plausible NEP title counterpart; review candidate,"MSR Jct-Lopez-Buenavista Rd - K0221 + 401 - K0221 + 551, K0226 + 540 - K0226 + 563, K0228 + 050 - K0228 + 150, K0229 + 744 - K0229 + 835"
HB10858-3-0161-000950,MSR Jct-Lopez-Catanauan Rd - K0226 + 425 - K0226 + 444,1964000,Quezon 4th District Engineering Office,Region IV-A,3- HB 10858 FOR 3RD READING VOL I-C .pdf,161,"[""Quezon · 3rd District""]","[""Reynante Arrogancia""]","[{""place"": ""lopez"", ""jurisdiction"": ""quezon"", ""seats"": [""3rd""]}]","[""Local crosswalks disagree or the primary crosswalk lacks a named locality.""]","[{""locality"": ""catanauan"", ""primaryDistrict"": null, ""alternativeDistrict"": ""3rd District"", ""decision"": ""Unresolved; neither local crosswalk is treated as authoritative.""}, {""locality"": ""lopez"", ""primaryDistrict"": ""3rd District"", ""alternativeDistrict"": ""4th District"", ""decision"": ""Unresolved; neither local crosswalk is treated as authoritative.""}]",Unresolved: flagged geographic evidence,No plausible NEP title counterpart; review candidate,
HB10858-3-0161-000952,"Puerto Princesa North Rd - K0070+100 - K0070+160, K0070+200 - K0070+300, K0074+600 - K0074+650, K0075+020 - K0075+080",47200000,Palawan 3rd District Engineering Office,MIMAROPA,3- HB 10858 FOR 3RD READING VOL I-C .pdf,161,"[""Cagayan de Oro · 2nd District""]","[""Rufus Rodriguez""]","[{""place"": ""puerto"", ""jurisdiction"": ""cagayan de oro"", ""seats"": [""2nd""]}]","[""Cagayan de Oro barangay crosswalk omits the 1st District; a unique returned name does not prove a unique geographic assignment."", ""Puerto barangay token occurs within Puerto Princesa; this does not establish a Cagayan de Oro location.""]",[],Unresolved: flagged geographic evidence,No plausible NEP title counterpart; review candidate,"Maragondon-Magallanes-Amuyong Rd - K0067 + 710 - K0069 + 000, K0069 + 597 - K0069 + 661, K0071 + 810 - K0072 + 548, K0072 + 559 - K0073 + 200, K0075 + 000 - K0075 + 299, K0085 + 100 - K0085 + 949"
HB10858-3-0161-000953,Puerto Princesa South Rd - K0019+956 - K0020+150,20000000,Palawan 3rd District Engineering Office,MIMAROPA,3- HB 10858 FOR 3RD READING VOL I-C .pdf,161,"[""Cagayan de Oro · 2nd District""]","[""Rufus Rodriguez""]","[{""place"": ""puerto"", ""jurisdiction"": ""cagayan de oro"", ""seats"": [""2nd""]}]","[""Cagayan de Oro barangay crosswalk omits the 1st District; a unique returned name does not prove a unique geographic assignment."", ""Puerto barangay token occurs within Puerto Princesa; this does not establish a Cagayan de Oro location.""]",[],Unresolved: flagged geographic evidence,No plausible NEP title counterpart; review candidate,"Iloilo-Antique Rd - K0018 + 677 - K0018 + 768, K0018 + 768 - K0018 + 802, K0018 + 802 - K0018 + 876, K0018 +921 - K0018 + 951, K0018 + 951 - K0019 + 072, K0019 + 072 - K0019 + 333, K0019 + 333 - K0020 + 000, K0020 + 000 - K0020 + 188"
HB10858-3-0170-001114,"Quezon-Alabat-Perez Rd - K0003 + 230 - K0003 + 275, K0017 + 670 - K0017 + 800, K0220 + 328 - K0020 + 513",22005000,Quezon 4th District Engineering Office,Region IV-A,3- HB 10858 FOR 3RD READING VOL I-C .pdf,170,"[""Quezon · 3rd District"", ""Quezon · 4th District""]","[""Reynante Arrogancia"", ""Keith Micah Tan""]","[{""place"": ""alabat"", ""jurisdiction"": ""quezon"", ""seats"": [""4th""]}, {""place"": ""quezon"", ""jurisdiction"": ""quezon"", ""seats"": [""3rd""]}]","[""Local crosswalks disagree or the primary crosswalk lacks a named locality."", ""Quezon is being used as a municipality match; its role as province, city, barangay, bridge or road name must be established from geographic context.""]","[{""locality"": ""perez"", ""primaryDistrict"": null, ""alternativeDistrict"": ""4th District"", ""decision"": ""Unresolved; neither local crosswalk is treated as authoritative.""}]",Unresolved: flagged geographic evidence,No plausible NEP title counterpart; review candidate,"Quezon-Alabat-Perez Rd - K0009 + 053 - K0009 + 588, K0012 + 097 - K0012 + 181, K0015 + 520 - K0015 + 660, K0016 + 820 - K0016 + 900, K0020 + 328 - K0020 + 582, K0021 + 740 - K0021 + 800, K0027 + 632 - K0027 + 762, K0031 + 383 - K0031 + 434"
HB10858-3-0171-001140,"Prosperidad-Quezon-Cabaron Rd - K0067 + 364 - K0067 + 680, K0071 + 659 - K0072 + 000",13574000,Negros Occidental 5th District Engineering Office,Negros Island Region,3- HB 10858 FOR 3RD READING VOL I-C .pdf,171,"[""Quezon · 3rd District""]","[""Reynante Arrogancia""]","[{""place"": ""quezon"", ""jurisdiction"": ""quezon"", ""seats"": [""3rd""]}]","[""Quezon is being used as a municipality match; its role as province, city, barangay, bridge or road name must be established from geographic context.""]",[],Unresolved: flagged geographic evidence,Exact normalized title found in NEP,"Prosperidad-Quezon-Cabaron Rd - K0067 + 364 - K0067 + 680, K0071 + 659 - K0072 + 000"
HB10858-3-0171-001141,"Prosperidad-Quezon-Cabaron Rd - K0078 + 224 - K0078 + 540, K0078 + 666 - K0078 + 812",10164000,Negros Occidental 5th District Engineering Office,Negros Island Region,3- HB 10858 FOR 3RD READING VOL I-C .pdf,171,"[""Quezon · 3rd District""]","[""Reynante Arrogancia""]","[{""place"": ""quezon"", ""jurisdiction"": ""quezon"", ""seats"": [""3rd""]}]","[""Quezon is being used as a municipality match; its role as province, city, barangay, bridge or road name must be established from geographic context.""]",[],Unresolved: flagged geographic evidence,Exact normalized title found in NEP,"Prosperidad-Quezon-Cabaron Rd - K0078 + 224 - K0078 + 540, K0078 + 666 - K0078 + 812"
HB10858-3-0175-001189,"Gumaca-Pitogo-Mulanay-Sn Narciso Rd - K0271 + 250 - K0271 + 386, K0271 + 831 - K0271 + 931",95900000,Central Office,Region IV-A,3- HB 10858 FOR 3RD READING VOL I-C .pdf,175,"[""Quezon · 3rd District""]","[""Reynante Arrogancia""]","[{""place"": ""mulanay"", ""jurisdiction"": ""quezon"", ""seats"": [""3rd""]}]","[""Local crosswalks disagree or the primary crosswalk lacks a named locality.""]","[{""locality"": ""gumaca"", ""primaryDistrict"": ""3rd District"", ""alternativeDistrict"": ""4th District"", ""decision"": ""Unresolved; neither local crosswalk is treated as authoritative.""}]",Unresolved: flagged geographic evidence,Exact normalized title found in NEP,"Gumaca-Pitogo-Mulanay-Sn Narciso Rd - K0271 + 250 - K0271 + 386, K0271 + 831 - K0271 + 931"
HB10858-3-0175-001191,"Gumaca - Pitogo - Mulanay - San Narciso Road, Quezon - K0271 + 250 - K0271 + 386, K0271 + 831 - K0271 + 931",95900000,Central Office,Region IV-A,3- HB 10858 FOR 3RD READING VOL I-C .pdf,175,"[""Quezon · 3rd District""]","[""Reynante Arrogancia""]","[{""place"": ""mulanay"", ""jurisdiction"": ""quezon"", ""seats"": [""3rd""]}]","[""Local crosswalks disagree or the primary crosswalk lacks a named locality.""]","[{""locality"": ""gumaca"", ""primaryDistrict"": ""3rd District"", ""alternativeDistrict"": ""4th District"", ""decision"": ""Unresolved; neither local crosswalk is treated as authoritative.""}, {""locality"": ""san narciso"", ""primaryDistrict"": null, ""alternativeDistrict"": ""3rd District"", ""decision"": ""Unresolved; neither local crosswalk is treated as authoritative.""}]",Unresolved: flagged geographic evidence,Multiple or already paired NEP counterparts; review scope,"Gumaca-Pitogo-Mulanay-Sn Narciso Rd - K0271 + 250 - K0271 + 386, K0271 + 831 - K0271 + 931"
HB10858-3-0175-001192,"MSR Jct - Lopez - Catanauan Rd - K0240 + 000 - K0240 + 150, K0243 + 100 - K0243 + 300, K0243 + 700 - K0244 + 170, Quezon",100000000,Central Office,Region IV-A,3- HB 10858 FOR 3RD READING VOL I-C .pdf,175,"[""Quezon · 3rd District""]","[""Reynante Arrogancia""]","[{""place"": ""quezon"", ""jurisdiction"": ""quezon"", ""seats"": [""3rd""]}]","[""Local crosswalks disagree or the primary crosswalk lacks a named locality."", ""Quezon is being used as a municipality match; its role as province, city, barangay, bridge or road name must be established from geographic context.""]","[{""locality"": ""catanauan"", ""primaryDistrict"": null, ""alternativeDistrict"": ""3rd District"", ""decision"": ""Unresolved; neither local crosswalk is treated as authoritative.""}, {""locality"": ""lopez"", ""primaryDistrict"": ""3rd District"", ""alternativeDistrict"": ""4th District"", ""decision"": ""Unresolved; neither local crosswalk is treated as authoritative.""}]",Unresolved: flagged geographic evidence,No plausible NEP title counterpart; review candidate,
HB10858-3-0175-001196,"MSR Jct Lopez-Hondagua Port Rd - K0222 + 489 - K0222 + 546, K0222 + 649 - K0222 + 679, K0224 + 224 - K0224 + 271, K0225 + 020 - K0225 + 144",30500000,Central Office,Region IV-A,3- HB 10858 FOR 3RD READING VOL I-C .pdf,175,"[""Quezon · 3rd District""]","[""Reynante Arrogancia""]","[{""place"": ""lopez"", ""jurisdiction"": ""quezon"", ""seats"": [""3rd""]}]","[""Local crosswalks disagree or the primary crosswalk lacks a named locality.""]","[{""locality"": ""lopez"", ""primaryDistrict"": ""3rd District"", ""alternativeDistrict"": ""4th District"", ""decision"": ""Unresolved; neither local crosswalk is treated as authoritative.""}]",Unresolved: flagged geographic evidence,No plausible NEP title counterpart; review candidate,"MSR Jct-Lopez-Buenavista Rd - K0219 + 492 - K0219 + 592, K0222 + 658 - K0222 + 677, K0232 + 024 - K0232 + 110"
HB10858-3-0175-001197,"MSR Jct-Lopez-Catanauan Rd - K0224+945 - K0225+014, K0225+568 - K0225+626, K0226+835 - K0226+900, K0227+342 - K0227+392, K0227+420 - K0227+491, K0232+840 - K0232+870, K0233+106 - K0233+133, K0234+966 - K0235+069",56500000,Central Office,Region IV-A,3- HB 10858 FOR 3RD READING VOL I-C .pdf,175,"[""Quezon · 3rd District""]","[""Reynante Arrogancia""]","[{""place"": ""lopez"", ""jurisdiction"": ""quezon"", ""seats"": [""3rd""]}]","[""Local crosswalks disagree or the primary crosswalk lacks a named locality.""]","[{""locality"": ""catanauan"", ""primaryDistrict"": null, ""alternativeDistrict"": ""3rd District"", ""decision"": ""Unresolved; neither local crosswalk is treated as authoritative.""}, {""locality"": ""lopez"", ""primaryDistrict"": ""3rd District"", ""alternativeDistrict"": ""4th District"", ""decision"": ""Unresolved; neither local crosswalk is treated as authoritative.""}]",Unresolved: flagged geographic evidence,No plausible NEP title counterpart; review candidate,
HB10858-3-0175-001198,"Gumaca Bypass Road - K0192 + 041 - K192 + 077, K0192 + 315 - K0192 + 427, K0193 + 950 - K0194 + 020",50000000,Central Office,Region IV-A,3- HB 10858 FOR 3RD READING VOL I-C .pdf,175,"[""Quezon · 3rd District""]","[""Reynante Arrogancia""]","[{""place"": ""gumaca"", ""jurisdiction"": ""quezon"", ""seats"": [""3rd""]}]","[""Local crosswalks disagree or the primary crosswalk lacks a named locality.""]","[{""locality"": ""gumaca"", ""primaryDistrict"": ""3rd District"", ""alternativeDistrict"": ""4th District"", ""decision"": ""Unresolved; neither local crosswalk is treated as authoritative.""}]",Unresolved: flagged geographic evidence,No plausible NEP title counterpart; review candidate,
HB10858-3-0175-001199,"Gumaca Bypass Road - K0193 + 375 - K0193 + 405, K0194 + 027 - K0194 + 094, K0194 + 247 - K0194 + 292, K0194 + 292 - K0194 + 334, K0194 +395 - K0194 + 455, K0195 + 620 - K0195 + 730, Quezon",100000000,Central Office,Region IV-A,3- HB 10858 FOR 3RD READING VOL I-C .pdf,175,"[""Quezon · 3rd District""]","[""Reynante Arrogancia""]","[{""place"": ""gumaca"", ""jurisdiction"": ""quezon"", ""seats"": [""3rd""]}, {""place"": ""quezon"", ""jurisdiction"": ""quezon"", ""seats"": [""3rd""]}]","[""Local crosswalks disagree or the primary crosswalk lacks a named locality."", ""Quezon is being used as a municipality match; its role as province, city, barangay, bridge or road name must be established from geographic context.""]","[{""locality"": ""gumaca"", ""primaryDistrict"": ""3rd District"", ""alternativeDistrict"": ""4th District"", ""decision"": ""Unresolved; neither local crosswalk is treated as authoritative.""}]",Unresolved: flagged geographic evidence,No plausible NEP title counterpart; review candidate,
HB10858-3-0175-001202,Puerto Princesa North Rd - K0083 + 215 - K0083 + 261,90000000,Central Office,MIMAROPA,3- HB 10858 FOR 3RD READING VOL I-C .pdf,175,"[""Cagayan de Oro · 2nd District""]","[""Rufus Rodriguez""]","[{""place"": ""puerto"", ""jurisdiction"": ""cagayan de oro"", ""seats"": [""2nd""]}]","[""Cagayan de Oro barangay crosswalk omits the 1st District; a unique returned name does not prove a unique geographic assignment."", ""Puerto barangay token occurs within Puerto Princesa; this does not establish a Cagayan de Oro location.""]",[],Unresolved: flagged geographic evidence,Exact normalized title found in NEP,Puerto Princesa North Rd - K0083 + 215 - K0083 + 261
HB10858-3-0176-001204,Puerto Princesa South Rd - K0035 + 334 - K0035 + 397,60000000,Central Office,MIMAROPA,3- HB 10858 FOR 3RD READING VOL I-C .pdf,176,"[""Cagayan de Oro · 2nd District""]","[""Rufus Rodriguez""]","[{""place"": ""puerto"", ""jurisdiction"": ""cagayan de oro"", ""seats"": [""2nd""]}]","[""Cagayan de Oro barangay crosswalk omits the 1st District; a unique returned name does not prove a unique geographic assignment."", ""Puerto barangay token occurs within Puerto Princesa; this does not establish a Cagayan de Oro location.""]",[],Unresolved: flagged geographic evidence,Exact normalized title found in NEP,Puerto Princesa South Rd - K0035 + 334 - K0035 + 397
HB10858-3-0179-001261,"MSR Jct-Lopez-Buenavista Rd - K0230 + 900 - K0230 + 940, K0235 + 546 - K0235 + 591, K0235 + 874 - K0235 + 910",23000000,Quezon 4th District Engineering Office,Region IV-A,3- HB 10858 FOR 3RD READING VOL I-C .pdf,179,"[""Quezon · 3rd District""]","[""Reynante Arrogancia""]","[{""place"": ""lopez"", ""jurisdiction"": ""quezon"", ""seats"": [""3rd""]}]","[""Local crosswalks disagree or the primary crosswalk lacks a named locality.""]","[{""locality"": ""lopez"", ""primaryDistrict"": ""3rd District"", ""alternativeDistrict"": ""4th District"", ""decision"": ""Unresolved; neither local crosswalk is treated as authoritative.""}]",Unresolved: flagged geographic evidence,No plausible NEP title counterpart; review candidate,
HB10858-3-0179-001270,Puerto Princesa North Rd - K0070 + 014 - K0070 + 077,38000000,Palawan 3rd District Engineering Office,MIMAROPA,3- HB 10858 FOR 3RD READING VOL I-C .pdf,179,"[""Cagayan de Oro · 2nd District""]","[""Rufus Rodriguez""]","[{""place"": ""puerto"", ""jurisdiction"": ""cagayan de oro"", ""seats"": [""2nd""]}]","[""Cagayan de Oro barangay crosswalk omits the 1st District; a unique returned name does not prove a unique geographic assignment."", ""Puerto barangay token occurs within Puerto Princesa; this does not establish a Cagayan de Oro location.""]",[],Unresolved: flagged geographic evidence,Exact normalized title found in NEP,Puerto Princesa North Rd - K0070 + 014 - K0070 + 077
HB10858-3-0180-001271,Puerto Princesa North Rd - K0071 + 114 - K0071 + 141,15000000,Palawan 3rd District Engineering Office,MIMAROPA,3- HB 10858 FOR 3RD READING VOL I-C .pdf,180,"[""Cagayan de Oro · 2nd District""]","[""Rufus Rodriguez""]","[{""place"": ""puerto"", ""jurisdiction"": ""cagayan de oro"", ""seats"": [""2nd""]}]","[""Cagayan de Oro barangay crosswalk omits the 1st District; a unique returned name does not prove a unique geographic assignment."", ""Puerto barangay token occurs within Puerto Princesa; this does not establish a Cagayan de Oro location.""]",[],Unresolved: flagged geographic evidence,Exact normalized title found in NEP,Puerto Princesa North Rd - K0071 + 114 - K0071 + 141
HB10858-3-0180-001272,Puerto Princesa North Rd - K0072 + 183 - K0072 + 230,45000000,Palawan 3rd District Engineering Office,MIMAROPA,3- HB 10858 FOR 3RD READING VOL I-C .pdf,180,"[""Cagayan de Oro · 2nd District""]","[""Rufus Rodriguez""]","[{""place"": ""puerto"", ""jurisdiction"": ""cagayan de oro"", ""seats"": [""2nd""]}]","[""Cagayan de Oro barangay crosswalk omits the 1st District; a unique returned name does not prove a unique geographic assignment."", ""Puerto barangay token occurs within Puerto Princesa; this does not establish a Cagayan de Oro location.""]",[],Unresolved: flagged geographic evidence,Exact normalized title found in NEP,Puerto Princesa North Rd - K0072 + 183 - K0072 + 230
HB10858-3-0180-001275,Puerto Princesa North Rd - K0081 + 568 - K0081 + 618,30000000,Palawan 3rd District Engineering Office,MIMAROPA,3- HB 10858 FOR 3RD READING VOL I-C .pdf,180,"[""Cagayan de Oro · 2nd District""]","[""Rufus Rodriguez""]","[{""place"": ""puerto"", ""jurisdiction"": ""cagayan de oro"", ""seats"": [""2nd""]}]","[""Cagayan de Oro barangay crosswalk omits the 1st District; a unique returned name does not prove a unique geographic assignment."", ""Puerto barangay token occurs within Puerto Princesa; this does not establish a Cagayan de Oro location.""]",[],Unresolved: flagged geographic evidence,Exact normalized title found in NEP,Puerto Princesa North Rd - K0081 + 568 - K0081 + 618
HB10858-3-0180-001276,Puerto Princesa South Rd - K0035 + 861 - K0035 + 912,25000000,Palawan 3rd District Engineering Office,MIMAROPA,3- HB 10858 FOR 3RD READING VOL I-C .pdf,180,"[""Cagayan de Oro · 2nd District""]","[""Rufus Rodriguez""]","[{""place"": ""puerto"", ""jurisdiction"": ""cagayan de oro"", ""seats"": [""2nd""]}]","[""Cagayan de Oro barangay crosswalk omits the 1st District; a unique returned name does not prove a unique geographic assignment."", ""Puerto barangay token occurs within Puerto Princesa; this does not establish a Cagayan de Oro location.""]",[],Unresolved: flagged geographic evidence,Exact normalized title found in NEP,Puerto Princesa South Rd - K0035 + 861 - K0035 + 912
HB10858-3-0187-001396,Lumbia-Uguiaban By-Pass Rd - (S00618MN) Chainage 137 - Chainage 864,50000000,Cagayan de Oro City 1st District Engineering Office,Region X,3- HB 10858 FOR 3RD READING VOL I-C .pdf,187,"[""Cagayan de Oro · 2nd District""]","[""Rufus Rodriguez""]","[{""place"": ""lumbia"", ""jurisdiction"": ""cagayan de oro"", ""seats"": [""2nd""]}]","[""Cagayan de Oro barangay crosswalk omits the 1st District; a unique returned name does not prove a unique geographic assignment.""]",[],Unresolved: flagged geographic evidence,No plausible NEP title counterpart; review candidate,
HB10858-3-0189-001425,Maharlika Highway (Surigao-Agusan Sect) - K1191 + 000 - K1191 + 856,20000000,Central Office,Region XIII,3- HB 10858 FOR 3RD READING VOL I-C .pdf,189,"[""Cagayan de Oro · 2nd District""]","[""Rufus Rodriguez""]","[{""place"": ""agusan"", ""jurisdiction"": ""cagayan de oro"", ""seats"": [""2nd""]}]","[""Cagayan de Oro barangay crosswalk omits the 1st District; a unique returned name does not prove a unique geographic assignment.""]",[],Unresolved: flagged geographic evidence,Exact normalized title found in NEP,Maharlika Highway (Surigao-Agusan Sect) - K1191 + 000 - K1191 + 856
HB10858-3-0191-001455,Puerto Princesa North Rd - K0006 + 872 - K0009 + 471,90000000,Central Office,MIMAROPA,3- HB 10858 FOR 3RD READING VOL I-C .pdf,191,"[""Cagayan de Oro · 2nd District""]","[""Rufus Rodriguez""]","[{""place"": ""puerto"", ""jurisdiction"": ""cagayan de oro"", ""seats"": [""2nd""]}]","[""Cagayan de Oro barangay crosswalk omits the 1st District; a unique returned name does not prove a unique geographic assignment."", ""Puerto barangay token occurs within Puerto Princesa; this does not establish a Cagayan de Oro location.""]",[],Unresolved: flagged geographic evidence,Exact normalized title found in NEP,Puerto Princesa North Rd - K0006 + 872 - K0009 + 471
HB10858-3-0193-001496,Puerto Princesa South Rd - K0000+413,10000000,Palawan 3rd District Engineering Office,MIMAROPA,3- HB 10858 FOR 3RD READING VOL I-C .pdf,193,"[""Cagayan de Oro · 2nd District""]","[""Rufus Rodriguez""]","[{""place"": ""puerto"", ""jurisdiction"": ""cagayan de oro"", ""seats"": [""2nd""]}]","[""Cagayan de Oro barangay crosswalk omits the 1st District; a unique returned name does not prove a unique geographic assignment."", ""Puerto barangay token occurs within Puerto Princesa; this does not establish a Cagayan de Oro location.""]",[],Unresolved: flagged geographic evidence,No plausible NEP title counterpart; review candidate,
HB10858-3-0195-001534,Tulauc-Sto Domingo Rd - K0062 + 325 - K0062 + 500 (Quezon Road),20000000,Central Office,Region III,3- HB 10858 FOR 3RD READING VOL I-C .pdf,195,"[""Quezon · 3rd District""]","[""Reynante Arrogancia""]","[{""place"": ""quezon"", ""jurisdiction"": ""quezon"", ""seats"": [""3rd""]}]","[""Quezon is being used as a municipality match; its role as province, city, barangay, bridge or road name must be established from geographic context.""]",[],Unresolved: flagged geographic evidence,No plausible NEP title counterpart; review candidate,
HB10858-3-0201-001635,Puerto Princesa North Rd - K0184 + 522 - K0185 + 431,51844000,Central Office,MIMAROPA,3- HB 10858 FOR 3RD READING VOL I-C .pdf,201,"[""Cagayan de Oro · 2nd District""]","[""Rufus Rodriguez""]","[{""place"": ""puerto"", ""jurisdiction"": ""cagayan de oro"", ""seats"": [""2nd""]}]","[""Cagayan de Oro barangay crosswalk omits the 1st District; a unique returned name does not prove a unique geographic assignment."", ""Puerto barangay token occurs within Puerto Princesa; this does not establish a Cagayan de Oro location.""]",[],Unresolved: flagged geographic evidence,Exact normalized title found in NEP,Puerto Princesa North Rd - K0184 + 522 - K0185 + 431
HB10858-3-0201-001636,Puerto Princesa North Rd - K0187 + 000 - K0188 + 360,73476000,Central Office,MIMAROPA,3- HB 10858 FOR 3RD READING VOL I-C .pdf,201,"[""Cagayan de Oro · 2nd District""]","[""Rufus Rodriguez""]","[{""place"": ""puerto"", ""jurisdiction"": ""cagayan de oro"", ""seats"": [""2nd""]}]","[""Cagayan de Oro barangay crosswalk omits the 1st District; a unique returned name does not prove a unique geographic assignment."", ""Puerto barangay token occurs within Puerto Princesa; this does not establish a Cagayan de Oro location.""]",[],Unresolved: flagged geographic evidence,Exact normalized title found in NEP,Puerto Princesa North Rd - K0187 + 000 - K0188 + 360
HB10858-3-0201-001637,Puerto Princesa North Rd - K0194 + 569 - K0195 + 500,63284000,Central Office,MIMAROPA,3- HB 10858 FOR 3RD READING VOL I-C .pdf,201,"[""Cagayan de Oro · 2nd District""]","[""Rufus Rodriguez""]","[{""place"": ""puerto"", ""jurisdiction"": ""cagayan de oro"", ""seats"": [""2nd""]}]","[""Cagayan de Oro barangay crosswalk omits the 1st District; a unique returned name does not prove a unique geographic assignment."", ""Puerto barangay token occurs within Puerto Princesa; this does not establish a Cagayan de Oro location.""]",[],Unresolved: flagged geographic evidence,Exact normalized title found in NEP,Puerto Princesa North Rd - K0194 + 569 - K0195 + 500
HB10858-3-0201-001638,Puerto Princesa North Rd - K0202 + 000 - K0203 + 000,53196000,Central Office,MIMAROPA,3- HB 10858 FOR 3RD READING VOL I-C .pdf,201,"[""Cagayan de Oro · 2nd District""]","[""Rufus Rodriguez""]","[{""place"": ""puerto"", ""jurisdiction"": ""cagayan de oro"", ""seats"": [""2nd""]}]","[""Cagayan de Oro barangay crosswalk omits the 1st District; a unique returned name does not prove a unique geographic assignment."", ""Puerto barangay token occurs within Puerto Princesa; this does not establish a Cagayan de Oro location.""]",[],Unresolved: flagged geographic evidence,Exact normalized title found in NEP,Puerto Princesa North Rd - K0202 + 000 - K0203 + 000
HB10858-3-0201-001639,Puerto Princesa North Rd - K0221 + 000 - K0222 + 300,67392000,Central Office,MIMAROPA,3- HB 10858 FOR 3RD READING VOL I-C .pdf,201,"[""Cagayan de Oro · 2nd District""]","[""Rufus Rodriguez""]","[{""place"": ""puerto"", ""jurisdiction"": ""cagayan de oro"", ""seats"": [""2nd""]}]","[""Cagayan de Oro barangay crosswalk omits the 1st District; a unique returned name does not prove a unique geographic assignment."", ""Puerto barangay token occurs within Puerto Princesa; this does not establish a Cagayan de Oro location.""]",[],Unresolved: flagged geographic evidence,Exact normalized title found in NEP,Puerto Princesa North Rd - K0221 + 000 - K0222 + 300
HB10858-3-0201-001640,Puerto Princesa North Rd - K0224 + 000 - K0225 + 150,59904000,Central Office,MIMAROPA,3- HB 10858 FOR 3RD READING VOL I-C .pdf,201,"[""Cagayan de Oro · 2nd District""]","[""Rufus Rodriguez""]","[{""place"": ""puerto"", ""jurisdiction"": ""cagayan de oro"", ""seats"": [""2nd""]}]","[""Cagayan de Oro barangay crosswalk omits the 1st District; a unique returned name does not prove a unique geographic assignment."", ""Puerto barangay token occurs within Puerto Princesa; this does not establish a Cagayan de Oro location.""]",[],Unresolved: flagged geographic evidence,Exact normalized title found in NEP,Puerto Princesa North Rd - K0224 + 000 - K0225 + 150
HB10858-3-0201-001641,Puerto Princesa North Rd - K0234 + 000 - K0235 + 200,60996000,Central Office,MIMAROPA,3- HB 10858 FOR 3RD READING VOL I-C .pdf,201,"[""Cagayan de Oro · 2nd District""]","[""Rufus Rodriguez""]","[{""place"": ""puerto"", ""jurisdiction"": ""cagayan de oro"", ""seats"": [""2nd""]}]","[""Cagayan de Oro barangay crosswalk omits the 1st District; a unique returned name does not prove a unique geographic assignment."", ""Puerto barangay token occurs within Puerto Princesa; this does not establish a Cagayan de Oro location.""]",[],Unresolved: flagged geographic evidence,Exact normalized title found in NEP,Puerto Princesa North Rd - K0234 + 000 - K0235 + 200
HB10858-3-0202-001642,Puerto Princesa North Rd - K0236 + 800 - K0238 + 000,62348000,Central Office,MIMAROPA,3- HB 10858 FOR 3RD READING VOL I-C .pdf,202,"[""Cagayan de Oro · 2nd District""]","[""Rufus Rodriguez""]","[{""place"": ""puerto"", ""jurisdiction"": ""cagayan de oro"", ""seats"": [""2nd""]}]","[""Cagayan de Oro barangay crosswalk omits the 1st District; a unique returned name does not prove a unique geographic assignment."", ""Puerto barangay token occurs within Puerto Princesa; this does not establish a Cagayan de Oro location.""]",[],Unresolved: flagged geographic evidence,Exact normalized title found in NEP,Puerto Princesa North Rd - K0236 + 800 - K0238 + 000
HB10858-3-0202-001643,Puerto Princesa North Rd - K0240 + 262 - K0241 + 600,69836000,Central Office,MIMAROPA,3- HB 10858 FOR 3RD READING VOL I-C .pdf,202,"[""Cagayan de Oro · 2nd District""]","[""Rufus Rodriguez""]","[{""place"": ""puerto"", ""jurisdiction"": ""cagayan de oro"", ""seats"": [""2nd""]}]","[""Cagayan de Oro barangay crosswalk omits the 1st District; a unique returned name does not prove a unique geographic assignment."", ""Puerto barangay token occurs within Puerto Princesa; this does not establish a Cagayan de Oro location.""]",[],Unresolved: flagged geographic evidence,Exact normalized title found in NEP,Puerto Princesa North Rd - K0240 + 262 - K0241 + 600
HB10858-3-0202-001644,Puerto Princesa North Rd - K0245 + 000 - K0246 + 000,51376000,Central Office,MIMAROPA,3- HB 10858 FOR 3RD READING VOL I-C .pdf,202,"[""Cagayan de Oro · 2nd District""]","[""Rufus Rodriguez""]","[{""place"": ""puerto"", ""jurisdiction"": ""cagayan de oro"", ""seats"": [""2nd""]}]","[""Cagayan de Oro barangay crosswalk omits the 1st District; a unique returned name does not prove a unique geographic assignment."", ""Puerto barangay token occurs within Puerto Princesa; this does not establish a Cagayan de Oro location.""]",[],Unresolved: flagged geographic evidence,Exact normalized title found in NEP,Puerto Princesa North Rd - K0245 + 000 - K0246 + 000
HB10858-3-0202-001645,"Puerto Princesa South Rd - K0029 + 1025 - K0030 + 500, K0039 + 000 - K0039 + 478",74127000,Central Office,MIMAROPA,3- HB 10858 FOR 3RD READING VOL I-C .pdf,202,"[""Cagayan de Oro · 2nd District""]","[""Rufus Rodriguez""]","[{""place"": ""puerto"", ""jurisdiction"": ""cagayan de oro"", ""seats"": [""2nd""]}]","[""Cagayan de Oro barangay crosswalk omits the 1st District; a unique returned name does not prove a unique geographic assignment."", ""Puerto barangay token occurs within Puerto Princesa; this does not establish a Cagayan de Oro location.""]",[],Unresolved: flagged geographic evidence,Exact normalized title found in NEP,"Puerto Princesa South Rd - K0029 + 1025 - K0030 + 500, K0039 + 000 - K0039 + 478"
HB10858-3-0202-001646,Puerto Princesa South Rd - K0062 + 1324 - K0065 + 898,68865000,Central Office,MIMAROPA,3- HB 10858 FOR 3RD READING VOL I-C .pdf,202,"[""Cagayan de Oro · 2nd District""]","[""Rufus Rodriguez""]","[{""place"": ""puerto"", ""jurisdiction"": ""cagayan de oro"", ""seats"": [""2nd""]}]","[""Cagayan de Oro barangay crosswalk omits the 1st District; a unique returned name does not prove a unique geographic assignment."", ""Puerto barangay token occurs within Puerto Princesa; this does not establish a Cagayan de Oro location.""]",[],Unresolved: flagged geographic evidence,Exact normalized title found in NEP,Puerto Princesa South Rd - K0062 + 1324 - K0065 + 898
HB10858-3-0202-001647,Puerto Princesa South Rd - K0068 + 591 - K0071 + 674,82245000,Central Office,MIMAROPA,3- HB 10858 FOR 3RD READING VOL I-C .pdf,202,"[""Cagayan de Oro · 2nd District""]","[""Rufus Rodriguez""]","[{""place"": ""puerto"", ""jurisdiction"": ""cagayan de oro"", ""seats"": [""2nd""]}]","[""Cagayan de Oro barangay crosswalk omits the 1st District; a unique returned name does not prove a unique geographic assignment."", ""Puerto barangay token occurs within Puerto Princesa; this does not establish a Cagayan de Oro location.""]",[],Unresolved: flagged geographic evidence,Exact normalized title found in NEP,Puerto Princesa South Rd - K0068 + 591 - K0071 + 674
HB10858-3-0202-001648,Puerto Princesa South Rd - K0143 + 680 - K0145 + 700,54156000,Central Office,MIMAROPA,3- HB 10858 FOR 3RD READING VOL I-C .pdf,202,"[""Cagayan de Oro · 2nd District""]","[""Rufus Rodriguez""]","[{""place"": ""puerto"", ""jurisdiction"": ""cagayan de oro"", ""seats"": [""2nd""]}]","[""Cagayan de Oro barangay crosswalk omits the 1st District; a unique returned name does not prove a unique geographic assignment."", ""Puerto barangay token occurs within Puerto Princesa; this does not establish a Cagayan de Oro location.""]",[],Unresolved: flagged geographic evidence,Exact normalized title found in NEP,Puerto Princesa South Rd - K0143 + 680 - K0145 + 700
HB10858-3-0202-001649,Puerto Princesa South Rd - K0154 + 506 - K0156 + 600,56182000,Central Office,MIMAROPA,3- HB 10858 FOR 3RD READING VOL I-C .pdf,202,"[""Cagayan de Oro · 2nd District""]","[""Rufus Rodriguez""]","[{""place"": ""puerto"", ""jurisdiction"": ""cagayan de oro"", ""seats"": [""2nd""]}]","[""Cagayan de Oro barangay crosswalk omits the 1st District; a unique returned name does not prove a unique geographic assignment."", ""Puerto barangay token occurs within Puerto Princesa; this does not establish a Cagayan de Oro location.""]",[],Unresolved: flagged geographic evidence,Exact normalized title found in NEP,Puerto Princesa South Rd - K0154 + 506 - K0156 + 600
HB10858-3-0202-001650,Puerto Princesa South Rd - K0157 + 870 - K0159 + 999,57032000,Central Office,MIMAROPA,3- HB 10858 FOR 3RD READING VOL I-C .pdf,202,"[""Cagayan de Oro · 2nd District""]","[""Rufus Rodriguez""]","[{""place"": ""puerto"", ""jurisdiction"": ""cagayan de oro"", ""seats"": [""2nd""]}]","[""Cagayan de Oro barangay crosswalk omits the 1st District; a unique returned name does not prove a unique geographic assignment."", ""Puerto barangay token occurs within Puerto Princesa; this does not establish a Cagayan de Oro location.""]",[],Unresolved: flagged geographic evidence,Exact normalized title found in NEP,Puerto Princesa South Rd - K0157 + 870 - K0159 + 999
HB10858-3-0202-001651,Puerto Princesa South Rd - K0166 + 532 - K0168 + 495,52665000,Central Office,MIMAROPA,3- HB 10858 FOR 3RD READING VOL I-C .pdf,202,"[""Cagayan de Oro · 2nd District""]","[""Rufus Rodriguez""]","[{""place"": ""puerto"", ""jurisdiction"": ""cagayan de oro"", ""seats"": [""2nd""]}]","[""Cagayan de Oro barangay crosswalk omits the 1st District; a unique returned name does not prove a unique geographic assignment."", ""Puerto barangay token occurs within Puerto Princesa; this does not establish a Cagayan de Oro location.""]",[],Unresolved: flagged geographic evidence,Exact normalized title found in NEP,Puerto Princesa South Rd - K0166 + 532 - K0168 + 495
HB10858-3-0202-001652,"Puerto Princesa South Rd - K0178 + 740 - K0178 + 836, K0178 + 915 - K0179 + 000, K0184 + 509 - K0185 + 560, K0185 + 820 - K0186 + 160, K0186 + 536 - K0187 + 560, K0189 + 1272 - K0191 + 017",83709000,Central Office,MIMAROPA,3- HB 10858 FOR 3RD READING VOL I-C .pdf,202,"[""Cagayan de Oro · 2nd District""]","[""Rufus Rodriguez""]","[{""place"": ""puerto"", ""jurisdiction"": ""cagayan de oro"", ""seats"": [""2nd""]}]","[""Cagayan de Oro barangay crosswalk omits the 1st District; a unique returned name does not prove a unique geographic assignment."", ""Puerto barangay token occurs within Puerto Princesa; this does not establish a Cagayan de Oro location.""]",[],Unresolved: flagged geographic evidence,Exact normalized title found in NEP,"Puerto Princesa South Rd - K0178 + 740 - K0178 + 836, K0178 + 915 - K0179 + 000, K0184 + 509 - K0185 + 560, K0185 + 820 - K0186 + 160, K0186 + 536 - K0187 + 560, K0189 + 1272 - K0191 + 017"
HB10858-3-0202-001655,"Quezon Eco-Tourism Road, Quezon - K0148 + 426 - K0149 + 851",117800000,Central Office,Region IV-A,3- HB 10858 FOR 3RD READING VOL I-C .pdf,202,"[""Quezon · 3rd District""]","[""Reynante Arrogancia""]","[{""place"": ""quezon"", ""jurisdiction"": ""quezon"", ""seats"": [""3rd""]}]","[""Quezon is being used as a municipality match; its role as province, city, barangay, bridge or road name must be established from geographic context.""]",[],Unresolved: flagged geographic evidence,No plausible NEP title counterpart; review candidate,
HB10858-3-0202-001656,"Quezon Eco-Tourism Road, Quezon - K0155 + 000 - K0156 + 095, K0156 + 176 - K0157 + 120",169300000,Central Office,Region IV-A,3- HB 10858 FOR 3RD READING VOL I-C .pdf,202,"[""Quezon · 3rd District""]","[""Reynante Arrogancia""]","[{""place"": ""quezon"", ""jurisdiction"": ""quezon"", ""seats"": [""3rd""]}]","[""Quezon is being used as a municipality match; its role as province, city, barangay, bridge or road name must be established from geographic context.""]",[],Unresolved: flagged geographic evidence,No plausible NEP title counterpart; review candidate,
HB10858-3-0202-001657,"Quezon Eco-Tourism Road, Quezon - K0165 + 127 - K0166 + 258",134300000,Central Office,Region IV-A,3- HB 10858 FOR 3RD READING VOL I-C .pdf,202,"[""Quezon · 3rd District""]","[""Reynante Arrogancia""]","[{""place"": ""quezon"", ""jurisdiction"": ""quezon"", ""seats"": [""3rd""]}]","[""Quezon is being used as a municipality match; its role as province, city, barangay, bridge or road name must be established from geographic context.""]",[],Unresolved: flagged geographic evidence,No plausible NEP title counterpart; review candidate,Puerto Princesa South Rd - K0165 + 217 - K0166 + 273
HB10858-3-0206-001744,"Lopez Bypass Rd - K0216 + (-540) - K0216 + (-163), K0216 + 030 - K0216 + 323, K0217 + 386 - K0217 + 499, K0217 + 725 - K0217 + 775",40000000,Quezon 4th District Engineering Office,Region IV-A,3- HB 10858 FOR 3RD READING VOL I-C .pdf,206,"[""Quezon · 3rd District""]","[""Reynante Arrogancia""]","[{""place"": ""lopez"", ""jurisdiction"": ""quezon"", ""seats"": [""3rd""]}]","[""Local crosswalks disagree or the primary crosswalk lacks a named locality.""]","[{""locality"": ""lopez"", ""primaryDistrict"": ""3rd District"", ""alternativeDistrict"": ""4th District"", ""decision"": ""Unresolved; neither local crosswalk is treated as authoritative.""}]",Unresolved: flagged geographic evidence,No plausible NEP title counterpart; review candidate,Mindoro Oriental/Occidental East Coastal Rd - K0215 +000 - K0216 + 662
HB10858-3-0207-001753,"Puerto Princesa North Rd - K0169 + 573 - K0169 + 595.50, K0169 + 758.20 - K0169 + 804",3142000,Palawan 1st District Engineering Office,MIMAROPA,3- HB 10858 FOR 3RD READING VOL I-C .pdf,207,"[""Cagayan de Oro · 2nd District""]","[""Rufus Rodriguez""]","[{""place"": ""puerto"", ""jurisdiction"": ""cagayan de oro"", ""seats"": [""2nd""]}]","[""Cagayan de Oro barangay crosswalk omits the 1st District; a unique returned name does not prove a unique geographic assignment."", ""Puerto barangay token occurs within Puerto Princesa; this does not establish a Cagayan de Oro location.""]",[],Unresolved: flagged geographic evidence,Exact normalized title found in NEP,"Puerto Princesa North Rd - K0169 + 573 - K0169 + 595.50, K0169 + 758.20 - K0169 + 804"
HB10858-3-0207-001754,Puerto Princesa South Rd - K0101 + 715 - K0101 + 788,1946000,Palawan 2nd District Engineering Office,MIMAROPA,3- HB 10858 FOR 3RD READING VOL I-C .pdf,207,"[""Cagayan de Oro · 2nd District""]","[""Rufus Rodriguez""]","[{""place"": ""puerto"", ""jurisdiction"": ""cagayan de oro"", ""seats"": [""2nd""]}]","[""Cagayan de Oro barangay crosswalk omits the 1st District; a unique returned name does not prove a unique geographic assignment."", ""Puerto barangay token occurs within Puerto Princesa; this does not establish a Cagayan de Oro location.""]",[],Unresolved: flagged geographic evidence,Exact normalized title found in NEP,Puerto Princesa South Rd - K0101 + 715 - K0101 + 788
HB10858-3-0207-001755,Puerto Princesa South Rd - K0153 + 069 - K0154 + 130,28490000,Palawan 2nd District Engineering Office,MIMAROPA,3- HB 10858 FOR 3RD READING VOL I-C .pdf,207,"[""Cagayan de Oro · 2nd District""]","[""Rufus Rodriguez""]","[{""place"": ""puerto"", ""jurisdiction"": ""cagayan de oro"", ""seats"": [""2nd""]}]","[""Cagayan de Oro barangay crosswalk omits the 1st District; a unique returned name does not prove a unique geographic assignment."", ""Puerto barangay token occurs within Puerto Princesa; this does not establish a Cagayan de Oro location.""]",[],Unresolved: flagged geographic evidence,Exact normalized title found in NEP,Puerto Princesa South Rd - K0153 + 069 - K0154 + 130
HB10858-3-0207-001756,Puerto Princesa South Rd - K0165 + 217 - K0166 + 273,28303000,Palawan 2nd District Engineering Office,MIMAROPA,3- HB 10858 FOR 3RD READING VOL I-C .pdf,207,"[""Cagayan de Oro · 2nd District""]","[""Rufus Rodriguez""]","[{""place"": ""puerto"", ""jurisdiction"": ""cagayan de oro"", ""seats"": [""2nd""]}]","[""Cagayan de Oro barangay crosswalk omits the 1st District; a unique returned name does not prove a unique geographic assignment."", ""Puerto barangay token occurs within Puerto Princesa; this does not establish a Cagayan de Oro location.""]",[],Unresolved: flagged geographic evidence,Exact normalized title found in NEP,Puerto Princesa South Rd - K0165 + 217 - K0166 + 273
HB10858-3-0207-001757,"Puerto Princesa South Rd - K0225 + 918 - K0226 + 231, K0228 + 963 - K0230 + 000",38750000,Palawan 2nd District Engineering Office,MIMAROPA,3- HB 10858 FOR 3RD READING VOL I-C .pdf,207,"[""Cagayan de Oro · 2nd District""]","[""Rufus Rodriguez""]","[{""place"": ""puerto"", ""jurisdiction"": ""cagayan de oro"", ""seats"": [""2nd""]}]","[""Cagayan de Oro barangay crosswalk omits the 1st District; a unique returned name does not prove a unique geographic assignment."", ""Puerto barangay token occurs within Puerto Princesa; this does not establish a Cagayan de Oro location.""]",[],Unresolved: flagged geographic evidence,Exact normalized title found in NEP,"Puerto Princesa South Rd - K0225 + 918 - K0226 + 231, K0228 + 963 - K0230 + 000"
HB10858-3-0207-001758,Puerto Princesa South Rd - K0242 + 550 - K0243 + 1048.40,41293000,Palawan 2nd District Engineering Office,MIMAROPA,3- HB 10858 FOR 3RD READING VOL I-C .pdf,207,"[""Cagayan de Oro · 2nd District""]","[""Rufus Rodriguez""]","[{""place"": ""puerto"", ""jurisdiction"": ""cagayan de oro"", ""seats"": [""2nd""]}]","[""Cagayan de Oro barangay crosswalk omits the 1st District; a unique returned name does not prove a unique geographic assignment."", ""Puerto barangay token occurs within Puerto Princesa; this does not establish a Cagayan de Oro location.""]",[],Unresolved: flagged geographic evidence,Exact normalized title found in NEP,Puerto Princesa South Rd - K0242 + 550 - K0243 + 1048.40
HB10858-3-0207-001759,"Puerto Princesa South Rd - K0036 + 1477 - K0039 + 000, K0039 + 567 - K0039 + 702",41509000,Palawan 3rd District Engineering Office,MIMAROPA,3- HB 10858 FOR 3RD READING VOL I-C .pdf,207,"[""Cagayan de Oro · 2nd District""]","[""Rufus Rodriguez""]","[{""place"": ""puerto"", ""jurisdiction"": ""cagayan de oro"", ""seats"": [""2nd""]}]","[""Cagayan de Oro barangay crosswalk omits the 1st District; a unique returned name does not prove a unique geographic assignment."", ""Puerto barangay token occurs within Puerto Princesa; this does not establish a Cagayan de Oro location.""]",[],Unresolved: flagged geographic evidence,Exact normalized title found in NEP,"Puerto Princesa South Rd - K0036 + 1477 - K0039 + 000, K0039 + 567 - K0039 + 702"
HB10858-3-0207-001760,Puerto Princesa South Rd - K0059 + (-1672) - K0059 + (-1467),5463000,Palawan 3rd District Engineering Office,MIMAROPA,3- HB 10858 FOR 3RD READING VOL I-C .pdf,207,"[""Cagayan de Oro · 2nd District""]","[""Rufus Rodriguez""]","[{""place"": ""puerto"", ""jurisdiction"": ""cagayan de oro"", ""seats"": [""2nd""]}]","[""Cagayan de Oro barangay crosswalk omits the 1st District; a unique returned name does not prove a unique geographic assignment."", ""Puerto barangay token occurs within Puerto Princesa; this does not establish a Cagayan de Oro location.""]",[],Unresolved: flagged geographic evidence,Exact normalized title found in NEP,Puerto Princesa South Rd - K0059 + (-1672) - K0059 + (-1467)
HB10858-3-0211-001843,"Lutucan-Guisguis Port Road, Quezon - K0116 + 418 - K0117 + 640, K0121 + 037 - K0122 + 151",174200000,Central Office,Region IV-A,3- HB 10858 FOR 3RD READING VOL I-C .pdf,211,"[""Quezon · 3rd District""]","[""Reynante Arrogancia""]","[{""place"": ""quezon"", ""jurisdiction"": ""quezon"", ""seats"": [""3rd""]}]","[""Quezon is being used as a municipality match; its role as province, city, barangay, bridge or road name must be established from geographic context.""]",[],Unresolved: flagged geographic evidence,No plausible NEP title counterpart; review candidate,
HB10858-3-0219-001984,"Catanauan Diversion Road, Chainage 2030 - Chainage 2559, Chainage 3707 - Chainage 4490, Quezon",53750000,Central Office,Region IV-A,3- HB 10858 FOR 3RD READING VOL I-C .pdf,219,"[""Quezon · 3rd District""]","[""Reynante Arrogancia""]","[{""place"": ""quezon"", ""jurisdiction"": ""quezon"", ""seats"": [""3rd""]}]","[""Local crosswalks disagree or the primary crosswalk lacks a named locality."", ""Quezon is being used as a municipality match; its role as province, city, barangay, bridge or road name must be established from geographic context.""]","[{""locality"": ""catanauan"", ""primaryDistrict"": null, ""alternativeDistrict"": ""3rd District"", ""decision"": ""Unresolved; neither local crosswalk is treated as authoritative.""}]",Unresolved: flagged geographic evidence,Exact normalized title found in NEP,"Catanauan Diversion Road, Chainage 2030 - Chainage 2559, Chainage 3707 - Chainage 4490, Quezon"
HB10858-3-0219-001985,"Catanauan Diversion Road, Chainage 3087 - Chainage 3707, Quezon",53750000,Central Office,Region IV-A,3- HB 10858 FOR 3RD READING VOL I-C .pdf,219,"[""Quezon · 3rd District""]","[""Reynante Arrogancia""]","[{""place"": ""quezon"", ""jurisdiction"": ""quezon"", ""seats"": [""3rd""]}]","[""Local crosswalks disagree or the primary crosswalk lacks a named locality."", ""Quezon is being used as a municipality match; its role as province, city, barangay, bridge or road name must be established from geographic context.""]","[{""locality"": ""catanauan"", ""primaryDistrict"": null, ""alternativeDistrict"": ""3rd District"", ""decision"": ""Unresolved; neither local crosswalk is treated as authoritative.""}]",Unresolved: flagged geographic evidence,Exact normalized title found in NEP,"Catanauan Diversion Road, Chainage 3087 - Chainage 3707, Quezon"
HB10858-3-0219-001986,"Catanauan Diversion Road, Chainage 5179 - Chainage 6679, Quezon",53750000,Central Office,Region IV-A,3- HB 10858 FOR 3RD READING VOL I-C .pdf,219,"[""Quezon · 3rd District""]","[""Reynante Arrogancia""]","[{""place"": ""quezon"", ""jurisdiction"": ""quezon"", ""seats"": [""3rd""]}]","[""Local crosswalks disagree or the primary crosswalk lacks a named locality."", ""Quezon is being used as a municipality match; its role as province, city, barangay, bridge or road name must be established from geographic context.""]","[{""locality"": ""catanauan"", ""primaryDistrict"": null, ""alternativeDistrict"": ""3rd District"", ""decision"": ""Unresolved; neither local crosswalk is treated as authoritative.""}]",Unresolved: flagged geographic evidence,Exact normalized title found in NEP,"Catanauan Diversion Road, Chainage 5179 - Chainage 6679, Quezon"
HB10858-3-0219-001987,"Catanauan Diversion Road, Chainage 6679 - Chainage 8237, Quezon",53750000,Central Office,Region IV-A,3- HB 10858 FOR 3RD READING VOL I-C .pdf,219,"[""Quezon · 3rd District""]","[""Reynante Arrogancia""]","[{""place"": ""quezon"", ""jurisdiction"": ""quezon"", ""seats"": [""3rd""]}]","[""Local crosswalks disagree or the primary crosswalk lacks a named locality."", ""Quezon is being used as a municipality match; its role as province, city, barangay, bridge or road name must be established from geographic context.""]","[{""locality"": ""catanauan"", ""primaryDistrict"": null, ""alternativeDistrict"": ""3rd District"", ""decision"": ""Unresolved; neither local crosswalk is treated as authoritative.""}]",Unresolved: flagged geographic evidence,Exact normalized title found in NEP,"Catanauan Diversion Road, Chainage 6679 - Chainage 8237, Quezon"
HB10858-3-0219-001993,"Luisiana-Mauban Diversion Road, Sta. 31+351 - Sta. 31+913.5, Mauban Section, Quezon",75000000,Central Office,Region IV-A,3- HB 10858 FOR 3RD READING VOL I-C .pdf,219,"[""Quezon · 3rd District""]","[""Reynante Arrogancia""]","[{""place"": ""quezon"", ""jurisdiction"": ""quezon"", ""seats"": [""3rd""]}]","[""Local crosswalks disagree or the primary crosswalk lacks a named locality."", ""Quezon is being used as a municipality match; its role as province, city, barangay, bridge or road name must be established from geographic context.""]","[{""locality"": ""mauban"", ""primaryDistrict"": null, ""alternativeDistrict"": ""1st District"", ""decision"": ""Unresolved; neither local crosswalk is treated as authoritative.""}]",Unresolved: flagged geographic evidence,Plausible NEP title counterpart; review scope,"Luisiana-Mauban Diversion Road, Sta. 31+351 - Sta. 32+663.5, Mauban Section, Quezon"
HB10858-3-0219-001997,"Mauban Bypass Road (Bridge 3), Mauban, Quezon",150000000,Central Office,Region IV-A,3- HB 10858 FOR 3RD READING VOL I-C .pdf,219,"[""Quezon · 3rd District""]","[""Reynante Arrogancia""]","[{""place"": ""quezon"", ""jurisdiction"": ""quezon"", ""seats"": [""3rd""]}]","[""Local crosswalks disagree or the primary crosswalk lacks a named locality."", ""Quezon is being used as a municipality match; its role as province, city, barangay, bridge or road name must be established from geographic context.""]","[{""locality"": ""mauban"", ""primaryDistrict"": null, ""alternativeDistrict"": ""1st District"", ""decision"": ""Unresolved; neither local crosswalk is treated as authoritative.""}]",Unresolved: flagged geographic evidence,Exact normalized title found in NEP,"Mauban Bypass Road (Bridge 3), Mauban, Quezon"
HB10858-3-0219-001998,"Mauban Bypass Road (Bridge 4), Mauban, Quezon",60000000,Central Office,Region IV-A,3- HB 10858 FOR 3RD READING VOL I-C .pdf,219,"[""Quezon · 3rd District""]","[""Reynante Arrogancia""]","[{""place"": ""quezon"", ""jurisdiction"": ""quezon"", ""seats"": [""3rd""]}]","[""Local crosswalks disagree or the primary crosswalk lacks a named locality."", ""Quezon is being used as a municipality match; its role as province, city, barangay, bridge or road name must be established from geographic context.""]","[{""locality"": ""mauban"", ""primaryDistrict"": null, ""alternativeDistrict"": ""1st District"", ""decision"": ""Unresolved; neither local crosswalk is treated as authoritative.""}]",Unresolved: flagged geographic evidence,Exact normalized title found in NEP,"Mauban Bypass Road (Bridge 4), Mauban, Quezon"
HB10858-3-0219-001999,"Mauban Bypass Road, Sta. 1+829 - Sta. 3+829, Mauban, Quezon",100000000,Central Office,Region IV-A,3- HB 10858 FOR 3RD READING VOL I-C .pdf,219,"[""Quezon · 3rd District""]","[""Reynante Arrogancia""]","[{""place"": ""quezon"", ""jurisdiction"": ""quezon"", ""seats"": [""3rd""]}]","[""Local crosswalks disagree or the primary crosswalk lacks a named locality."", ""Quezon is being used as a municipality match; its role as province, city, barangay, bridge or road name must be established from geographic context.""]","[{""locality"": ""mauban"", ""primaryDistrict"": null, ""alternativeDistrict"": ""1st District"", ""decision"": ""Unresolved; neither local crosswalk is treated as authoritative.""}]",Unresolved: flagged geographic evidence,Exact normalized title found in NEP,"Mauban Bypass Road, Sta. 1+829 - Sta. 3+829, Mauban, Quezon"
HB10858-3-0220-002007,"Real By-Pass Rd, Sta. 0+487 - Sta. 1+090, Real, Quezon",50000000,Central Office,Region IV-A,3- HB 10858 FOR 3RD READING VOL I-C .pdf,220,"[""Quezon · 3rd District""]","[""Reynante Arrogancia""]","[{""place"": ""quezon"", ""jurisdiction"": ""quezon"", ""seats"": [""3rd""]}]","[""Local crosswalks disagree or the primary crosswalk lacks a named locality."", ""Quezon is being used as a municipality match; its role as province, city, barangay, bridge or road name must be established from geographic context.""]","[{""locality"": ""real"", ""primaryDistrict"": ""4th District"", ""alternativeDistrict"": ""1st District"", ""decision"": ""Unresolved; neither local crosswalk is treated as authoritative.""}]",Unresolved: flagged geographic evidence,No plausible NEP title counterpart; review candidate,"Infanta Bypass Road, Sta. 0+000 - Sta. 2+468.15, Infanta, Quezon"
HB10858-3-0220-002009,"Plaridel By-pass Road - Sta 1+197 - Sta 1+747, Sta 3+509 - Sta 4+389, Quezon",100000000,Central Office,Region IV-A,3- HB 10858 FOR 3RD READING VOL I-C .pdf,220,"[""Quezon · 3rd District""]","[""Reynante Arrogancia""]","[{""place"": ""plaridel"", ""jurisdiction"": ""quezon"", ""seats"": [""3rd""]}]","[""Local crosswalks disagree or the primary crosswalk lacks a named locality.""]","[{""locality"": ""plaridel"", ""primaryDistrict"": ""3rd District"", ""alternativeDistrict"": ""4th District"", ""decision"": ""Unresolved; neither local crosswalk is treated as authoritative.""}]",Unresolved: flagged geographic evidence,No plausible NEP title counterpart; review candidate,"Plaridel By-Pass Road - Sta 2 + 050 - Sta 2 + 060, Sta 2 + 282 - Sta 2 + 307, Sta 2 + 400 - Sta 2 + 580, Sta. 3+750 - Sta. 4+046 Quezon"
HB10858-3-0220-002010,"Guinayangan-Tagkawayan Diversion Road, Sta. 4+600 - Sta. 6+800, Tagkawayan, Quezon",150000000,Central Office,Region IV-A,3- HB 10858 FOR 3RD READING VOL I-C .pdf,220,"[""Quezon · 3rd District""]","[""Reynante Arrogancia""]","[{""place"": ""tagkawayan"", ""jurisdiction"": ""quezon"", ""seats"": [""3rd""]}]","[""Local crosswalks disagree or the primary crosswalk lacks a named locality.""]","[{""locality"": ""guinayangan"", ""primaryDistrict"": null, ""alternativeDistrict"": ""4th District"", ""decision"": ""Unresolved; neither local crosswalk is treated as authoritative.""}, {""locality"": ""tagkawayan"", ""primaryDistrict"": ""3rd District"", ""alternativeDistrict"": ""4th District"", ""decision"": ""Unresolved; neither local crosswalk is treated as authoritative.""}]",Unresolved: flagged geographic evidence,No plausible NEP title counterpart; review candidate,"Cauayan City - Cabatuan Diversion Road, Sta. 3+634 - Sta. 5+800, Isabela"
HB10858-3-0220-002011,"Guinayangan-Tagkawayan Diversion Road, Sta. 11+000 -Sta. 12+000, Tagkawayan, Quezon",68104000,Central Office,Region IV-A,3- HB 10858 FOR 3RD READING VOL I-C .pdf,220,"[""Quezon · 3rd District""]","[""Reynante Arrogancia""]","[{""place"": ""tagkawayan"", ""jurisdiction"": ""quezon"", ""seats"": [""3rd""]}]","[""Local crosswalks disagree or the primary crosswalk lacks a named locality.""]","[{""locality"": ""guinayangan"", ""primaryDistrict"": null, ""alternativeDistrict"": ""4th District"", ""decision"": ""Unresolved; neither local crosswalk is treated as authoritative.""}, {""locality"": ""tagkawayan"", ""primaryDistrict"": ""3rd District"", ""alternativeDistrict"": ""4th District"", ""decision"": ""Unresolved; neither local crosswalk is treated as authoritative.""}]",Unresolved: flagged geographic evidence,No plausible NEP title counterpart; review candidate,"Parian - San Jose - Bucal Diversion Road, Sta. 11+068.99 - Sta. 19+327.86, Laguna"
HB10858-3-0220-002012,"Guinayangan-Tagkawayan Diversion Road (Bridge 1), Sta. 0 + 448 - 0 +848",300000000,Central Office,Region IV-A,3- HB 10858 FOR 3RD READING VOL I-C .pdf,220,"[""Quezon · 3rd District""]","[""Reynante Arrogancia""]","[{""place"": ""tagkawayan"", ""jurisdiction"": ""quezon"", ""seats"": [""3rd""]}]","[""Local crosswalks disagree or the primary crosswalk lacks a named locality.""]","[{""locality"": ""guinayangan"", ""primaryDistrict"": null, ""alternativeDistrict"": ""4th District"", ""decision"": ""Unresolved; neither local crosswalk is treated as authoritative.""}, {""locality"": ""tagkawayan"", ""primaryDistrict"": ""3rd District"", ""alternativeDistrict"": ""4th District"", ""decision"": ""Unresolved; neither local crosswalk is treated as authoritative.""}]",Unresolved: flagged geographic evidence,No plausible NEP title counterpart; review candidate,"Luisiana Diversion Road - Sta. 0 + 000 - Sta. 0+939.07, Laguna"
HB10858-3-0220-002018,"Tagkawayan-Labo Diversion Road (Tagkawayan Section), Sta. 280 + 537 - Sta. 281+607.48, Quezon",50000000,Central Office,Region IV-A,3- HB 10858 FOR 3RD READING VOL I-C .pdf,220,"[""Quezon · 3rd District""]","[""Reynante Arrogancia""]","[{""place"": ""tagkawayan"", ""jurisdiction"": ""quezon"", ""seats"": [""3rd""]}]","[""Local crosswalks disagree or the primary crosswalk lacks a named locality.""]","[{""locality"": ""tagkawayan"", ""primaryDistrict"": ""3rd District"", ""alternativeDistrict"": ""4th District"", ""decision"": ""Unresolved; neither local crosswalk is treated as authoritative.""}]",Unresolved: flagged geographic evidence,Exact normalized title found in NEP,"Tagkawayan-Labo Diversion Road (Tagkawayan Section), Sta. 280 + 537 - Sta. 281+607.48, Quezon"
HB10858-3-0220-002019,"Puerto Princesa South Diversion Road II, Phase II, Sta. 049 + 460 - Sta. 049 +760, Puerto Princesa South Road",51000000,Central Office,MIMAROPA,3- HB 10858 FOR 3RD READING VOL I-C .pdf,220,"[""Cagayan de Oro · 2nd District""]","[""Rufus Rodriguez""]","[{""place"": ""puerto"", ""jurisdiction"": ""cagayan de oro"", ""seats"": [""2nd""]}]","[""Cagayan de Oro barangay crosswalk omits the 1st District; a unique returned name does not prove a unique geographic assignment."", ""Puerto barangay token occurs within Puerto Princesa; this does not establish a Cagayan de Oro location.""]",[],Unresolved: flagged geographic evidence,No plausible NEP title counterpart; review candidate,
HB10858-3-0224-002099,"Cagayan de Oro (PCE) Bypass/ Alternate Road Extension (Jct. Lumbia/ CDO-Camp Kibaritan Road-Pagatpat-Jct. BCIR), Barangay Lumbia Section, Sta. 2+110 - Sta. 2+572.98 (Sec. A), Cagayan de Oro City",80000000,Central Office,Region X,3- HB 10858 FOR 3RD READING VOL I-C .pdf,224,"[""Cagayan de Oro · 2nd District""]","[""Rufus Rodriguez""]","[{""place"": ""cagayan de oro city"", ""jurisdiction"": ""cagayan de oro"", ""seats"": [""2nd""]}]","[""Cagayan de Oro barangay crosswalk omits the 1st District; a unique returned name does not prove a unique geographic assignment."", ""Whole-city name is indexed as a 2nd District barangay and overrides shorter locality matches.""]",[],Unresolved: flagged geographic evidence,Exact normalized title found in NEP,"Cagayan de Oro (PCE) Bypass/ Alternate Road Extension (Jct. Lumbia/ CDO-Camp Kibaritan Road-Pagatpat-Jct. BCIR), Brgy. Lumbia Section, Sta. 2+110 - Sta. 2+572.98 (Sec. A), Cagayan de Oro City"
HB10858-3-0224-002101,"Cagayan de Oro Coastal Road (Puerto-Gusa Section), Barangay Gusa, Sta. 8+137-Sta. 8+177, Cagayan de Oro City",250000000,Central Office,Region X,3- HB 10858 FOR 3RD READING VOL I-C .pdf,224,"[""Cagayan de Oro · 2nd District""]","[""Rufus Rodriguez""]","[{""place"": ""cagayan de oro city"", ""jurisdiction"": ""cagayan de oro"", ""seats"": [""2nd""]}]","[""Cagayan de Oro barangay crosswalk omits the 1st District; a unique returned name does not prove a unique geographic assignment."", ""Whole-city name is indexed as a 2nd District barangay and overrides shorter locality matches.""]",[],Unresolved: flagged geographic evidence,No plausible NEP title counterpart; review candidate,"Jct. Nato-Sabang Coastal Road, Telegrafo Section, San Jose, Camarines Sur, Sta.8+127 - Sta.8+877"
HB10858-3-0224-002102,"CDO-New Western Diversion Road (Canito-an-CDO Coastal Road Section), Barangay Canito-an, Sta. 0+000-0+045, Sta. 0+620-0+660, Cagayan de Oro City",80000000,Central Office,Region X,3- HB 10858 FOR 3RD READING VOL I-C .pdf,224,"[""Cagayan de Oro · 2nd District""]","[""Rufus Rodriguez""]","[{""place"": ""cagayan de oro city"", ""jurisdiction"": ""cagayan de oro"", ""seats"": [""2nd""]}]","[""Cagayan de Oro barangay crosswalk omits the 1st District; a unique returned name does not prove a unique geographic assignment."", ""Whole-city name is indexed as a 2nd District barangay and overrides shorter locality matches.""]",[],Unresolved: flagged geographic evidence,No plausible NEP title counterpart; review candidate,"Opol Diversion Road (Opol-Canito-an), Brgy. Baikingon-Brgy. Canito-an, Sta. 0+000 - Sta. 2+250, Cagayan de Oro City"
HB10858-3-0225-002104,"Cagayan de Oro (PCE) Bypass/ Alternate Road Extension (Jct. Lumbia/ CDO-Camp Kibaritan Road-Pagatpat-Jct. BCIR), Barangay Taglimao - Barangay Bagocboc, Sta. 8+084 - Sta. 9+620, Cagayan de Oro City",200000000,Central Office,Region X,3- HB 10858 FOR 3RD READING VOL I-C .pdf,225,"[""Cagayan de Oro · 2nd District""]","[""Rufus Rodriguez""]","[{""place"": ""cagayan de oro city"", ""jurisdiction"": ""cagayan de oro"", ""seats"": [""2nd""]}]","[""Cagayan de Oro barangay crosswalk omits the 1st District; a unique returned name does not prove a unique geographic assignment."", ""Whole-city name is indexed as a 2nd District barangay and overrides shorter locality matches.""]",[],Unresolved: flagged geographic evidence,Exact normalized title found in NEP,"Cagayan de Oro (PCE) Bypass/ Alternate Road Extension (Jct. Lumbia/ CDO-Camp Kibaritan Road-Pagatpat-Jct. BCIR), Brgy. Taglimao - Brgy. Bagocboc, Sta. 8+084 - Sta. 9+620, Cagayan de Oro City"
HB10858-3-0225-002106,"Cagayan de Oro Coastal Road (Puerto-Gusa Section), Barangay Gusa, Sta. 8+177- Sta. 8+352.4, Cagayan de Oro City",150000000,Central Office,Region X,3- HB 10858 FOR 3RD READING VOL I-C .pdf,225,"[""Cagayan de Oro · 2nd District""]","[""Rufus Rodriguez""]","[{""place"": ""cagayan de oro city"", ""jurisdiction"": ""cagayan de oro"", ""seats"": [""2nd""]}]","[""Cagayan de Oro barangay crosswalk omits the 1st District; a unique returned name does not prove a unique geographic assignment."", ""Whole-city name is indexed as a 2nd District barangay and overrides shorter locality matches.""]",[],Unresolved: flagged geographic evidence,Exact normalized title found in NEP,"Cagayan de Oro Coastal Road (Puerto-Gusa Section), Barangay Gusa, Sta. 8+177- Sta. 8+352.4, Cagayan de Oro City"
HB10858-3-0225-002107,"Cagayan de Oro Coastal Road (Punta-Macabalan Section), Barangay Macabalan, Sta. 0+000- Sta. 0+072.71, Cagayan de Oro City",80000000,Central Office,Region X,3- HB 10858 FOR 3RD READING VOL I-C .pdf,225,"[""Cagayan de Oro · 2nd District""]","[""Rufus Rodriguez""]","[{""place"": ""cagayan de oro city"", ""jurisdiction"": ""cagayan de oro"", ""seats"": [""2nd""]}]","[""Cagayan de Oro barangay crosswalk omits the 1st District; a unique returned name does not prove a unique geographic assignment."", ""Whole-city name is indexed as a 2nd District barangay and overrides shorter locality matches.""]",[],Unresolved: flagged geographic evidence,Exact normalized title found in NEP,"Cagayan de Oro Coastal Road (Punta-Macabalan Section), Barangay Macabalan, Sta. 0+000- Sta. 0+072.71, Cagayan de Oro City"
HB10858-3-0225-002108,"Cagayan de Oro Diversion Road (Jct. Balubal-Sayre Highway-Pueblo de Oro), CDO Old Airport Diversion Road, Barangay Cugman, Sta. 19+700-Sta. 20+768.83, Cagayan de Oro City",100000000,Central Office,Region X,3- HB 10858 FOR 3RD READING VOL I-C .pdf,225,"[""Cagayan de Oro · 2nd District""]","[""Rufus Rodriguez""]","[{""place"": ""cagayan de oro city"", ""jurisdiction"": ""cagayan de oro"", ""seats"": [""2nd""]}]","[""Cagayan de Oro barangay crosswalk omits the 1st District; a unique returned name does not prove a unique geographic assignment."", ""Whole-city name is indexed as a 2nd District barangay and overrides shorter locality matches.""]",[],Unresolved: flagged geographic evidence,Exact normalized title found in NEP,"Cagayan de Oro Diversion Road (Jct. Balubal-Sayre Highway-Pueblo de Oro), CDO Old Airport Diversion Road, Barangay Cugman, Sta. 19+700-Sta. 20+768.83, Cagayan de Oro City"
HB10858-3-0225-002111,"CDO-New Eastern Diversion Road (Jct. South Diversion Road/Mandumol-Nazareth- Camamaman-an-Justo Ramonal-Jct. J.R Borja-LKKS-BCIR/Lapasan), Barangay Indahag- Barangay Lapasan, Sta. 0+000- Sta. 0+672.75, Cagayan de Oro City",75000000,Central Office,Region X,3- HB 10858 FOR 3RD READING VOL I-C .pdf,225,"[""Cagayan de Oro · 2nd District""]","[""Rufus Rodriguez""]","[{""place"": ""cagayan de oro city"", ""jurisdiction"": ""cagayan de oro"", ""seats"": [""2nd""]}]","[""Cagayan de Oro barangay crosswalk omits the 1st District; a unique returned name does not prove a unique geographic assignment."", ""Whole-city name is indexed as a 2nd District barangay and overrides shorter locality matches.""]",[],Unresolved: flagged geographic evidence,Exact normalized title found in NEP,"CDO-New Eastern Diversion Road (Jct. South Diversion Road/Mandumol-Nazareth-Camamaman-an-Justo Ramonal-Jct. J.R Borja-LKKS-BCIR/Lapasan), Barangay Indahag-Barangay Lapasan, Sta. 0+000- Sta. 0+672.75, Cagayan de Oro City"
HB10858-3-0225-002112,"CDO-New Western Diversion Road (Kauswagan-Bonbon Section), Barangay Bonbon- Barangay Bayabas, Sta. 0+000 - Sta. 0+160, Sta. 0+224 - Sta. 0+271, Sta. 0+400 - Sta. 1+110, Sta. 1+540 - Sta. 1+970, Cagayan de Oro City",60000000,Central Office,Region X,3- HB 10858 FOR 3RD READING VOL I-C .pdf,225,"[""Cagayan de Oro · 2nd District""]","[""Rufus Rodriguez""]","[{""place"": ""cagayan de oro city"", ""jurisdiction"": ""cagayan de oro"", ""seats"": [""2nd""]}]","[""Cagayan de Oro barangay crosswalk omits the 1st District; a unique returned name does not prove a unique geographic assignment."", ""Whole-city name is indexed as a 2nd District barangay and overrides shorter locality matches.""]",[],Unresolved: flagged geographic evidence,Exact normalized title found in NEP,"CDO-New Western Diversion Road (Kauswagan-Bonbon Section), Barangay Bonbon-Barangay Bayabas, Sta. 0+000 - Sta. 0+160, Sta. 0+224 - Sta. 0+271, Sta. 0+400 - Sta. 1+110, Sta. 1+540 - Sta. 1+970, Cagayan de Oro City"
HB10858-3-0225-002113,"CDO-New Western Diversion Road (Macabalan-Bonbon Bridge and Access Road), Barangay Macabalan, Sta. 0+738- Sta. 0+778, Cagayan de Oro City",120000000,Central Office,Region X,3- HB 10858 FOR 3RD READING VOL I-C .pdf,225,"[""Cagayan de Oro · 2nd District""]","[""Rufus Rodriguez""]","[{""place"": ""cagayan de oro city"", ""jurisdiction"": ""cagayan de oro"", ""seats"": [""2nd""]}]","[""Cagayan de Oro barangay crosswalk omits the 1st District; a unique returned name does not prove a unique geographic assignment."", ""Whole-city name is indexed as a 2nd District barangay and overrides shorter locality matches.""]",[],Unresolved: flagged geographic evidence,Plausible NEP title counterpart; review scope,"CDO-New Western Diversion Road (Macabalan-Bonbon Bridge and Access Road), Barangay Macabalan, Sta. 0+738- Sta. 0+754, Cagayan de Oro City"
HB10858-3-0225-002114,"CDO-Opol-EI Salvador-Alubijid-Laguindingan Airport (Pueblo de Oro/CDO Airport to Jct. BCIR Laguindingan) Mountain Diversion Road, Baikingon Bridge, Sta. 8+862 - Sta. 8+922.75, Barangay Baikingon, Cagayan de Oro City",76667000,Central Office,Region X,3- HB 10858 FOR 3RD READING VOL I-C .pdf,225,"[""Cagayan de Oro · 2nd District""]","[""Rufus Rodriguez""]","[{""place"": ""cagayan de oro city"", ""jurisdiction"": ""cagayan de oro"", ""seats"": [""2nd""]}]","[""Cagayan de Oro barangay crosswalk omits the 1st District; a unique returned name does not prove a unique geographic assignment."", ""Whole-city name is indexed as a 2nd District barangay and overrides shorter locality matches.""]",[],Unresolved: flagged geographic evidence,Exact normalized title found in NEP,"CDO-Opol-EI Salvador-Alubijid-Laguindingan Airport (Pueblo de Oro/CDO Airport to Jct. BCIR Laguindingan) Mountain Diversion Road, Baikingon Bridge, Sta. 8+862 - Sta. 8+922.75, Brgy. Baikingon, Cagayan de Oro City"
HB10858-3-0225-002117,"CDO-Opol-El Salvador-Alubijid-Laguindingan Airport (Pueblo de Oro/CDO Airport to Jct. BCIR Laguindingan) Mountain Diversion Road, Barangay Pagatpat Section, Sta. 2+680 - Sta. 3+330, Cagayan de Oro City",100000000,Central Office,Region X,3- HB 10858 FOR 3RD READING VOL I-C .pdf,225,"[""Cagayan de Oro · 2nd District""]","[""Rufus Rodriguez""]","[{""place"": ""cagayan de oro city"", ""jurisdiction"": ""cagayan de oro"", ""seats"": [""2nd""]}]","[""Cagayan de Oro barangay crosswalk omits the 1st District; a unique returned name does not prove a unique geographic assignment."", ""Whole-city name is indexed as a 2nd District barangay and overrides shorter locality matches.""]",[],Unresolved: flagged geographic evidence,Exact normalized title found in NEP,"CDO-Opol-El Salvador-Alubijid-Laguindingan Airport (Pueblo de Oro/CDO Airport to Jct. BCIR Laguindingan) Mountain Diversion Road, Brgy. Pagatpat Section, Sta. 2+680 - Sta. 3+330, Cagayan de Oro City"
HB10858-3-0226-002122,"Eastern Interior Bypass Road (Gusa-Puerto/Jct. Sayre Highway), Barangay Cugman- Barangay Tablon (Cugman Bridge 3), Sta. 3+607-Sta. 3+897, Cagayan de Oro City",450000000,Central Office,Region X,3- HB 10858 FOR 3RD READING VOL I-C .pdf,226,"[""Cagayan de Oro · 2nd District""]","[""Rufus Rodriguez""]","[{""place"": ""cagayan de oro city"", ""jurisdiction"": ""cagayan de oro"", ""seats"": [""2nd""]}]","[""Cagayan de Oro barangay crosswalk omits the 1st District; a unique returned name does not prove a unique geographic assignment."", ""Whole-city name is indexed as a 2nd District barangay and overrides shorter locality matches.""]",[],Unresolved: flagged geographic evidence,Exact normalized title found in NEP,"Eastern Interior Bypass Road (Gusa-Puerto/Jct. Sayre Highway), Barangay Cugman-Barangay Tablon (Cugman Bridge 3), Sta. 3+607-Sta. 3+897, Cagayan de Oro City"
HB10858-3-0226-002123,"Eastern Interior Bypass Road (Gusa-Puerto/Jct. Sayre Highway), Barangay Gusa- Barangay Cugman, Sta. 0+000-Sta. 0+365.33, Cagayan de Oro City",80000000,Central Office,Region X,3- HB 10858 FOR 3RD READING VOL I-C .pdf,226,"[""Cagayan de Oro · 2nd District""]","[""Rufus Rodriguez""]","[{""place"": ""cagayan de oro city"", ""jurisdiction"": ""cagayan de oro"", ""seats"": [""2nd""]}]","[""Cagayan de Oro barangay crosswalk omits the 1st District; a unique returned name does not prove a unique geographic assignment."", ""Whole-city name is indexed as a 2nd District barangay and overrides shorter locality matches.""]",[],Unresolved: flagged geographic evidence,Exact normalized title found in NEP,"Eastern Interior Bypass Road (Gusa-Puerto/Jct. Sayre Highway), Barangay Gusa-Barangay Cugman, Sta. 0+000-Sta. 0+365.33, Cagayan de Oro City"
HB10858-3-0226-002124,"Eastern Interior Bypass Road (Gusa-Puerto/Jct. Sayre Highway), Barangay Tablon- Barangay Agusan (Agusan Bridge 3), Sta. 7+716 - Sta. 7+916, Cagayan de Oro City",350000000,Central Office,Region X,3- HB 10858 FOR 3RD READING VOL I-C .pdf,226,"[""Cagayan de Oro · 2nd District""]","[""Rufus Rodriguez""]","[{""place"": ""cagayan de oro city"", ""jurisdiction"": ""cagayan de oro"", ""seats"": [""2nd""]}]","[""Cagayan de Oro barangay crosswalk omits the 1st District; a unique returned name does not prove a unique geographic assignment."", ""Whole-city name is indexed as a 2nd District barangay and overrides shorter locality matches.""]",[],Unresolved: flagged geographic evidence,Exact normalized title found in NEP,"Eastern Interior Bypass Road (Gusa-Puerto/Jct. Sayre Highway), Barangay Tablon-Barangay Agusan (Agusan Bridge 3), Sta. 7+716 - Sta. 7+916, Cagayan de Oro City"
HB10858-3-0226-002125,"Eastern Interior Bypass Road (Gusa-Puerto/Jct. Sayre Highway), Barangay Tablon- Barangay Agusan, Sta. 7+360-Sta. 7+560, Sta. 10+200- Sta. 10+325, Cagayan de Oro City",83000000,Central Office,Region X,3- HB 10858 FOR 3RD READING VOL I-C .pdf,226,"[""Cagayan de Oro · 2nd District""]","[""Rufus Rodriguez""]","[{""place"": ""cagayan de oro city"", ""jurisdiction"": ""cagayan de oro"", ""seats"": [""2nd""]}]","[""Cagayan de Oro barangay crosswalk omits the 1st District; a unique returned name does not prove a unique geographic assignment."", ""Whole-city name is indexed as a 2nd District barangay and overrides shorter locality matches.""]",[],Unresolved: flagged geographic evidence,Exact normalized title found in NEP,"Eastern Interior Bypass Road (Gusa-Puerto/Jct. Sayre Highway), Barangay Tablon-Barangay Agusan, Sta. 7+360-Sta. 7+560, Sta. 10+200- Sta. 10+325, Cagayan de Oro City"
HB10858-3-0226-002134,"Opol Diversion Road (Opol-Canito-an), Barangay Baikingon-Barangay Canito-an, Sta. 0+000 - Sta. 2+250, Cagayan de Oro City",90000000,Central Office,Region X,3- HB 10858 FOR 3RD READING VOL I-C .pdf,226,"[""Cagayan de Oro · 2nd District""]","[""Rufus Rodriguez""]","[{""place"": ""cagayan de oro city"", ""jurisdiction"": ""cagayan de oro"", ""seats"": [""2nd""]}]","[""Cagayan de Oro barangay crosswalk omits the 1st District; a unique returned name does not prove a unique geographic assignment."", ""Whole-city name is indexed as a 2nd District barangay and overrides shorter locality matches.""]",[],Unresolved: flagged geographic evidence,Exact normalized title found in NEP,"Opol Diversion Road (Opol-Canito-an), Brgy. Baikingon-Brgy. Canito-an, Sta. 0+000 - Sta. 2+250, Cagayan de Oro City"
HB10858-3-0227-002137,"Puerto - Claveria Bypass Road, Barangay Bugo Section, Sta. 0+000 - Sta. 0+780, Cagayan de Oro City",70000000,Central Office,Region X,3- HB 10858 FOR 3RD READING VOL I-C .pdf,227,"[""Cagayan de Oro · 2nd District""]","[""Rufus Rodriguez""]","[{""place"": ""cagayan de oro city"", ""jurisdiction"": ""cagayan de oro"", ""seats"": [""2nd""]}]","[""Cagayan de Oro barangay crosswalk omits the 1st District; a unique returned name does not prove a unique geographic assignment."", ""Whole-city name is indexed as a 2nd District barangay and overrides shorter locality matches.""]",[],Unresolved: flagged geographic evidence,Exact normalized title found in NEP,"Puerto - Claveria Bypass Road, Brgy. Bugo Section, Sta. 0+000 - Sta. 0+780, Cagayan de Oro City"
HB10858-3-0227-002138,"Puerto - Claveria Bypass Road, Bugo Bridge, Sta. 4+400 - Sta. 4+500, Cagayan de Oro City",100000000,Central Office,Region X,3- HB 10858 FOR 3RD READING VOL I-C .pdf,227,"[""Cagayan de Oro · 2nd District""]","[""Rufus Rodriguez""]","[{""place"": ""cagayan de oro city"", ""jurisdiction"": ""cagayan de oro"", ""seats"": [""2nd""]}]","[""Cagayan de Oro barangay crosswalk omits the 1st District; a unique returned name does not prove a unique geographic assignment."", ""Whole-city name is indexed as a 2nd District barangay and overrides shorter locality matches.""]",[],Unresolved: flagged geographic evidence,Exact normalized title found in NEP,"Puerto - Claveria Bypass Road, Bugo Bridge, Sta. 4+400 - Sta. 4+500, Cagayan de Oro City"
HB10858-3-0227-002140,"Sayre Highway Bypass Road-Carmen Puerto Section (Climbing Lanes), Barangay Puerto, Sta. 1+680-Sta. 2+805.71, Cagayan de Oro City",80000000,Central Office,Region X,3- HB 10858 FOR 3RD READING VOL I-C .pdf,227,"[""Cagayan de Oro · 2nd District""]","[""Rufus Rodriguez""]","[{""place"": ""cagayan de oro city"", ""jurisdiction"": ""cagayan de oro"", ""seats"": [""2nd""]}]","[""Cagayan de Oro barangay crosswalk omits the 1st District; a unique returned name does not prove a unique geographic assignment."", ""Whole-city name is indexed as a 2nd District barangay and overrides shorter locality matches.""]",[],Unresolved: flagged geographic evidence,Exact normalized title found in NEP,"Sayre Highway Bypass Road-Carmen Puerto Section (Climbing Lanes), Barangay Puerto, Sta. 1+680-Sta. 2+805.71, Cagayan de Oro City"
HB10858-3-0230-002201,"Agdangan By-Pass Road, Chainage 400 - Chainage 1860, Chainage 2400 - Chainage 2724, Quezon",40000000,Quezon 3rd District Engineering Office,Region IV-A,3- HB 10858 FOR 3RD READING VOL I-C .pdf,230,"[""Quezon · 3rd District""]","[""Reynante Arrogancia""]","[{""place"": ""quezon"", ""jurisdiction"": ""quezon"", ""seats"": [""3rd""]}]","[""Local crosswalks disagree or the primary crosswalk lacks a named locality."", ""Quezon is being used as a municipality match; its role as province, city, barangay, bridge or road name must be established from geographic context.""]","[{""locality"": ""agdangan"", ""primaryDistrict"": null, ""alternativeDistrict"": ""3rd District"", ""decision"": ""Unresolved; neither local crosswalk is treated as authoritative.""}]",Unresolved: flagged geographic evidence,Exact normalized title found in NEP,"Agdangan By-Pass Road, Chainage 400 - Chainage 1860, Chainage 2400 - Chainage 2724, Quezon"
HB10858-3-0230-002203,"Unisan Diversion Road, Chainage 860 - Chainage 1492, Quezon",16500000,Quezon 3rd District Engineering Office,Region IV-A,3- HB 10858 FOR 3RD READING VOL I-C .pdf,230,"[""Quezon · 3rd District""]","[""Reynante Arrogancia""]","[{""place"": ""quezon"", ""jurisdiction"": ""quezon"", ""seats"": [""3rd""]}, {""place"": ""unisan"", ""jurisdiction"": ""quezon"", ""seats"": [""3rd""]}]","[""Quezon is being used as a municipality match; its role as province, city, barangay, bridge or road name must be established from geographic context.""]",[],Unresolved: flagged geographic evidence,Exact normalized title found in NEP,"Unisan Diversion Road, Chainage 860 - Chainage 1492, Quezon"
HB10858-3-0230-002204,"Plaridel By-Pass Road - Sta 2 + 050 - Sta 2 + 060, Sta 2 + 282 - Sta 2 + 307, Sta 2+395 - Sta 2+580, Quezon",50000000,Quezon 4th District Engineering Office,Region IV-A,3- HB 10858 FOR 3RD READING VOL I-C .pdf,230,"[""Quezon · 3rd District""]","[""Reynante Arrogancia""]","[{""place"": ""plaridel"", ""jurisdiction"": ""quezon"", ""seats"": [""3rd""]}]","[""Local crosswalks disagree or the primary crosswalk lacks a named locality.""]","[{""locality"": ""plaridel"", ""primaryDistrict"": ""3rd District"", ""alternativeDistrict"": ""4th District"", ""decision"": ""Unresolved; neither local crosswalk is treated as authoritative.""}]",Unresolved: flagged geographic evidence,Plausible NEP title counterpart; review scope,"Plaridel By-Pass Road - Sta 2 + 050 - Sta 2 + 060, Sta 2 + 282 - Sta 2 + 307, Sta 2 + 400 - Sta 2 + 580, Sta. 3+750 - Sta. 4+046 Quezon"
HB10858-3-0231-002205,"Tagkawayan-Del Gallego Diversion Road, Sta. 1+100 - Sta. 1+950, Tagkawayan, Quezon",50000000,Quezon 4th District Engineering Office,Region IV-A,3- HB 10858 FOR 3RD READING VOL I-C .pdf,231,"[""Quezon · 3rd District""]","[""Reynante Arrogancia""]","[{""place"": ""tagkawayan"", ""jurisdiction"": ""quezon"", ""seats"": [""3rd""]}]","[""Local crosswalks disagree or the primary crosswalk lacks a named locality.""]","[{""locality"": ""tagkawayan"", ""primaryDistrict"": ""3rd District"", ""alternativeDistrict"": ""4th District"", ""decision"": ""Unresolved; neither local crosswalk is treated as authoritative.""}]",Unresolved: flagged geographic evidence,Plausible NEP title counterpart; review scope,"Tagkawayan-Del Gallego Diversion Road, Sta. 1+100 - Sta. 1+833.33, Tagkawayan, Quezon"
HB10858-3-0235-002282,"Atimonan-Mauban Road - STA 002+440 - STA 002 + 615, STA 002 + 815 - STA 003+660",100000000,Central Office,Region IV-A,3- HB 10858 FOR 3RD READING VOL I-C .pdf,235,"[""Quezon · 3rd District""]","[""Reynante Arrogancia""]","[{""place"": ""atimonan"", ""jurisdiction"": ""quezon"", ""seats"": [""3rd""]}]","[""Local crosswalks disagree or the primary crosswalk lacks a named locality.""]","[{""locality"": ""atimonan"", ""primaryDistrict"": ""3rd District"", ""alternativeDistrict"": ""4th District"", ""decision"": ""Unresolved; neither local crosswalk is treated as authoritative.""}, {""locality"": ""mauban"", ""primaryDistrict"": null, ""alternativeDistrict"": ""1st District"", ""decision"": ""Unresolved; neither local crosswalk is treated as authoritative.""}]",Unresolved: flagged geographic evidence,No plausible NEP title counterpart; review candidate,Atimonan-Mauban Road - STA 002+440 - STA 004+146
HB10858-3-0235-002283,"Atimonan-Mauban Road, Sta. 8+354 - Sta. 9+857, Mauban, Quezon",150000000,Central Office,Region IV-A,3- HB 10858 FOR 3RD READING VOL I-C .pdf,235,"[""Quezon · 3rd District""]","[""Reynante Arrogancia""]","[{""place"": ""atimonan"", ""jurisdiction"": ""quezon"", ""seats"": [""3rd""]}]","[""Local crosswalks disagree or the primary crosswalk lacks a named locality.""]","[{""locality"": ""atimonan"", ""primaryDistrict"": ""3rd District"", ""alternativeDistrict"": ""4th District"", ""decision"": ""Unresolved; neither local crosswalk is treated as authoritative.""}, {""locality"": ""mauban"", ""primaryDistrict"": null, ""alternativeDistrict"": ""1st District"", ""decision"": ""Unresolved; neither local crosswalk is treated as authoritative.""}]",Unresolved: flagged geographic evidence,Plausible NEP title counterpart; review scope,"Atimonan-Mauban Road, Sta. 8+354 - Sta. 10+859, Mauban, Quezon"
HB10858-3-0235-002284,"Atimonan-Mauban Road, Sta. 11 + 554 - Sta. 11 + 674 , Mauban, Quezon",300000000,Central Office,Region IV-A,3- HB 10858 FOR 3RD READING VOL I-C .pdf,235,"[""Quezon · 3rd District""]","[""Reynante Arrogancia""]","[{""place"": ""atimonan"", ""jurisdiction"": ""quezon"", ""seats"": [""3rd""]}]","[""Local crosswalks disagree or the primary crosswalk lacks a named locality.""]","[{""locality"": ""atimonan"", ""primaryDistrict"": ""3rd District"", ""alternativeDistrict"": ""4th District"", ""decision"": ""Unresolved; neither local crosswalk is treated as authoritative.""}, {""locality"": ""mauban"", ""primaryDistrict"": null, ""alternativeDistrict"": ""1st District"", ""decision"": ""Unresolved; neither local crosswalk is treated as authoritative.""}]",Unresolved: flagged geographic evidence,No plausible NEP title counterpart; review candidate,"Mauban-Tignoan Road (Dakil Bridge), Mauban, Quezon"
HB10858-3-0235-002285,"Mauban-Tignoan Road, Sta. 0+265 - Sta. 1+745 , Mauban, Quezon",300000000,Central Office,Region IV-A,3- HB 10858 FOR 3RD READING VOL I-C .pdf,235,"[""Quezon · 3rd District""]","[""Reynante Arrogancia""]","[{""place"": ""quezon"", ""jurisdiction"": ""quezon"", ""seats"": [""3rd""]}]","[""Local crosswalks disagree or the primary crosswalk lacks a named locality."", ""Quezon is being used as a municipality match; its role as province, city, barangay, bridge or road name must be established from geographic context.""]","[{""locality"": ""mauban"", ""primaryDistrict"": null, ""alternativeDistrict"": ""1st District"", ""decision"": ""Unresolved; neither local crosswalk is treated as authoritative.""}]",Unresolved: flagged geographic evidence,No plausible NEP title counterpart; review candidate,"Mauban-Tignoan Road (Dakil Bridge), Mauban, Quezon"
HB10858-3-0236-002293,"Marilag Agoho Road - K0224 + 630 - K0224 + 731, Quezon",58000000,Central Office,Region IV-A,3- HB 10858 FOR 3RD READING VOL I-C .pdf,236,"[""Quezon · 3rd District""]","[""Reynante Arrogancia""]","[{""place"": ""quezon"", ""jurisdiction"": ""quezon"", ""seats"": [""3rd""]}]","[""Quezon is being used as a municipality match; its role as province, city, barangay, bridge or road name must be established from geographic context.""]",[],Unresolved: flagged geographic evidence,No plausible NEP title counterpart; review candidate,
HB10858-3-0236-002294,"Mauban-Tignoan Road (Dakil Bridge), Mauban, Quezon",130000000,Central Office,Region IV-A,3- HB 10858 FOR 3RD READING VOL I-C .pdf,236,"[""Quezon · 3rd District""]","[""Reynante Arrogancia""]","[{""place"": ""quezon"", ""jurisdiction"": ""quezon"", ""seats"": [""3rd""]}]","[""Local crosswalks disagree or the primary crosswalk lacks a named locality."", ""Quezon is being used as a municipality match; its role as province, city, barangay, bridge or road name must be established from geographic context.""]","[{""locality"": ""mauban"", ""primaryDistrict"": null, ""alternativeDistrict"": ""1st District"", ""decision"": ""Unresolved; neither local crosswalk is treated as authoritative.""}]",Unresolved: flagged geographic evidence,Exact normalized title found in NEP,"Mauban-Tignoan Road (Dakil Bridge), Mauban, Quezon"
HB10858-3-0236-002295,"Mauban-Tignoan Road (Kabanabanaan Bridge), Mauban, Quezon",100000000,Central Office,Region IV-A,3- HB 10858 FOR 3RD READING VOL I-C .pdf,236,"[""Quezon · 3rd District""]","[""Reynante Arrogancia""]","[{""place"": ""quezon"", ""jurisdiction"": ""quezon"", ""seats"": [""3rd""]}]","[""Local crosswalks disagree or the primary crosswalk lacks a named locality."", ""Quezon is being used as a municipality match; its role as province, city, barangay, bridge or road name must be established from geographic context.""]","[{""locality"": ""mauban"", ""primaryDistrict"": null, ""alternativeDistrict"": ""1st District"", ""decision"": ""Unresolved; neither local crosswalk is treated as authoritative.""}]",Unresolved: flagged geographic evidence,Exact normalized title found in NEP,"Mauban-Tignoan Road (Kabanabanaan Bridge), Mauban, Quezon"
HB10858-3-0236-002296,"Mauban-Tignoan Road (Kalabintian Bridge), Mauban, Quezon",55000000,Central Office,Region IV-A,3- HB 10858 FOR 3RD READING VOL I-C .pdf,236,"[""Quezon · 3rd District""]","[""Reynante Arrogancia""]","[{""place"": ""quezon"", ""jurisdiction"": ""quezon"", ""seats"": [""3rd""]}]","[""Local crosswalks disagree or the primary crosswalk lacks a named locality."", ""Quezon is being used as a municipality match; its role as province, city, barangay, bridge or road name must be established from geographic context.""]","[{""locality"": ""mauban"", ""primaryDistrict"": null, ""alternativeDistrict"": ""1st District"", ""decision"": ""Unresolved; neither local crosswalk is treated as authoritative.""}]",Unresolved: flagged geographic evidence,Exact normalized title found in NEP,"Mauban-Tignoan Road (Kalabintian Bridge), Mauban, Quezon"
HB10858-3-0236-002297,"Mauban-Tignoan Road (Malaking Ilog Bridge), Mauban, Quezon",100000000,Central Office,Region IV-A,3- HB 10858 FOR 3RD READING VOL I-C .pdf,236,"[""Quezon · 3rd District""]","[""Reynante Arrogancia""]","[{""place"": ""quezon"", ""jurisdiction"": ""quezon"", ""seats"": [""3rd""]}]","[""Local crosswalks disagree or the primary crosswalk lacks a named locality."", ""Quezon is being used as a municipality match; its role as province, city, barangay, bridge or road name must be established from geographic context.""]","[{""locality"": ""mauban"", ""primaryDistrict"": null, ""alternativeDistrict"": ""1st District"", ""decision"": ""Unresolved; neither local crosswalk is treated as authoritative.""}]",Unresolved: flagged geographic evidence,Exact normalized title found in NEP,"Mauban-Tignoan Road (Malaking Ilog Bridge), Mauban, Quezon"
HB10858-3-0236-002298,"Mauban-Tignoan Road (Munting Ilog Bridge), Mauban, Quezon",130000000,Central Office,Region IV-A,3- HB 10858 FOR 3RD READING VOL I-C .pdf,236,"[""Quezon · 3rd District""]","[""Reynante Arrogancia""]","[{""place"": ""quezon"", ""jurisdiction"": ""quezon"", ""seats"": [""3rd""]}]","[""Local crosswalks disagree or the primary crosswalk lacks a named locality."", ""Quezon is being used as a municipality match; its role as province, city, barangay, bridge or road name must be established from geographic context.""]","[{""locality"": ""mauban"", ""primaryDistrict"": null, ""alternativeDistrict"": ""1st District"", ""decision"": ""Unresolved; neither local crosswalk is treated as authoritative.""}]",Unresolved: flagged geographic evidence,Exact normalized title found in NEP,"Mauban-Tignoan Road (Munting Ilog Bridge), Mauban, Quezon"
HB10858-3-0236-002299,"Mauban-Tignoan Road, Bisibis Bridge, Sta. 179+968 - Sta. 180+008, Mauban, Quezon",175000000,Central Office,Region IV-A,3- HB 10858 FOR 3RD READING VOL I-C .pdf,236,"[""Quezon · 3rd District""]","[""Reynante Arrogancia""]","[{""place"": ""quezon"", ""jurisdiction"": ""quezon"", ""seats"": [""3rd""]}]","[""Local crosswalks disagree or the primary crosswalk lacks a named locality."", ""Quezon is being used as a municipality match; its role as province, city, barangay, bridge or road name must be established from geographic context.""]","[{""locality"": ""mauban"", ""primaryDistrict"": null, ""alternativeDistrict"": ""1st District"", ""decision"": ""Unresolved; neither local crosswalk is treated as authoritative.""}]",Unresolved: flagged geographic evidence,Exact normalized title found in NEP,"Mauban-Tignoan Road, Bisibis Bridge, Sta. 179+968 - Sta. 180+008, Mauban, Quezon"
HB10858-3-0236-002300,"Mauban-Tignoan Road, Inaduang Bridge, Sta. 0+234 - Sta. 0+394, Real, Quezon",120000000,Central Office,Region IV-A,3- HB 10858 FOR 3RD READING VOL I-C .pdf,236,"[""Quezon · 3rd District""]","[""Reynante Arrogancia""]","[{""place"": ""quezon"", ""jurisdiction"": ""quezon"", ""seats"": [""3rd""]}]","[""Local crosswalks disagree or the primary crosswalk lacks a named locality."", ""Quezon is being used as a municipality match; its role as province, city, barangay, bridge or road name must be established from geographic context.""]","[{""locality"": ""mauban"", ""primaryDistrict"": null, ""alternativeDistrict"": ""1st District"", ""decision"": ""Unresolved; neither local crosswalk is treated as authoritative.""}, {""locality"": ""real"", ""primaryDistrict"": ""4th District"", ""alternativeDistrict"": ""1st District"", ""decision"": ""Unresolved; neither local crosswalk is treated as authoritative.""}]",Unresolved: flagged geographic evidence,Exact normalized title found in NEP,"Mauban-Tignoan Road, Inaduang Bridge, Sta. 0+234 - Sta. 0+394, Real, Quezon"
HB10858-3-0236-002301,"Mauban-Tignoan Road, Lagyo Bridge, Sta. 0+115 - Sta. 0+265, Mauban, Quezon",100000000,Central Office,Region IV-A,3- HB 10858 FOR 3RD READING VOL I-C .pdf,236,"[""Quezon · 3rd District""]","[""Reynante Arrogancia""]","[{""place"": ""quezon"", ""jurisdiction"": ""quezon"", ""seats"": [""3rd""]}]","[""Local crosswalks disagree or the primary crosswalk lacks a named locality."", ""Quezon is being used as a municipality match; its role as province, city, barangay, bridge or road name must be established from geographic context.""]","[{""locality"": ""mauban"", ""primaryDistrict"": null, ""alternativeDistrict"": ""1st District"", ""decision"": ""Unresolved; neither local crosswalk is treated as authoritative.""}]",Unresolved: flagged geographic evidence,Exact normalized title found in NEP,"Mauban-Tignoan Road, Lagyo Bridge, Sta. 0+115 - Sta. 0+265, Mauban, Quezon"
HB10858-3-0236-002309,Quezon - Alabat - Perez Circumferential Road - Sta. 20+110 - Sta. 21+910,100000000,Central Office,Region IV-A,3- HB 10858 FOR 3RD READING VOL I-C .pdf,236,"[""Quezon · 3rd District"", ""Quezon · 4th District""]","[""Reynante Arrogancia"", ""Keith Micah Tan""]","[{""place"": ""alabat"", ""jurisdiction"": ""quezon"", ""seats"": [""4th""]}, {""place"": ""quezon"", ""jurisdiction"": ""quezon"", ""seats"": [""3rd""]}]","[""Local crosswalks disagree or the primary crosswalk lacks a named locality."", ""Quezon is being used as a municipality match; its role as province, city, barangay, bridge or road name must be established from geographic context.""]","[{""locality"": ""perez"", ""primaryDistrict"": null, ""alternativeDistrict"": ""4th District"", ""decision"": ""Unresolved; neither local crosswalk is treated as authoritative.""}]",Unresolved: flagged geographic evidence,Plausible NEP title counterpart; review scope,Quezon - Alabat - Perez Circumferential Road - Sta. 21+070 - Sta. 21+709.67
HB10858-3-0242-002404,"Calauag-Guinayangan-Buenavista-Lopez Road - Sta. 2+275 - Sta. 2+464, Sta. 3+089 - Sta. 3+750",50000000,Quezon 4th District Engineering Office,Region IV-A,3- HB 10858 FOR 3RD READING VOL I-C .pdf,242,"[""Quezon · 3rd District""]","[""Reynante Arrogancia""]","[{""place"": ""calauag"", ""jurisdiction"": ""quezon"", ""seats"": [""3rd""]}]","[""Local crosswalks disagree or the primary crosswalk lacks a named locality.""]","[{""locality"": ""calauag"", ""primaryDistrict"": ""3rd District"", ""alternativeDistrict"": ""4th District"", ""decision"": ""Unresolved; neither local crosswalk is treated as authoritative.""}, {""locality"": ""guinayangan"", ""primaryDistrict"": null, ""alternativeDistrict"": ""4th District"", ""decision"": ""Unresolved; neither local crosswalk is treated as authoritative.""}, {""locality"": ""lopez"", ""primaryDistrict"": ""3rd District"", ""alternativeDistrict"": ""4th District"", ""decision"": ""Unresolved; neither local crosswalk is treated as authoritative.""}]",Unresolved: flagged geographic evidence,No plausible NEP title counterpart; review candidate,"Calauag-Guinayangan-Buenavista-Lopez Road - Sta. 2+018 - Sta. 2+587, Sta. 2+787 - Sta. 3+088"
HB10858-3-0242-002405,Atimonan-Mauban Road - STA 003+660 - STA 004+460,50000000,Quezon 4th District Engineering Office,Region IV-A,3- HB 10858 FOR 3RD READING VOL I-C .pdf,242,"[""Quezon · 3rd District""]","[""Reynante Arrogancia""]","[{""place"": ""atimonan"", ""jurisdiction"": ""quezon"", ""seats"": [""3rd""]}]","[""Local crosswalks disagree or the primary crosswalk lacks a named locality.""]","[{""locality"": ""atimonan"", ""primaryDistrict"": ""3rd District"", ""alternativeDistrict"": ""4th District"", ""decision"": ""Unresolved; neither local crosswalk is treated as authoritative.""}, {""locality"": ""mauban"", ""primaryDistrict"": null, ""alternativeDistrict"": ""1st District"", ""decision"": ""Unresolved; neither local crosswalk is treated as authoritative.""}]",Unresolved: flagged geographic evidence,Plausible NEP title counterpart; review scope,Atimonan-Mauban Road - STA 002+440 - STA 004+146
HB10858-3-0242-002406,Calauag-Guinayangan-Buenavista-Lopez Road - Sta. 11 + 770 - Sta. 12 + 970,50000000,Quezon 4th District Engineering Office,Region IV-A,3- HB 10858 FOR 3RD READING VOL I-C .pdf,242,"[""Quezon · 3rd District""]","[""Reynante Arrogancia""]","[{""place"": ""calauag"", ""jurisdiction"": ""quezon"", ""seats"": [""3rd""]}]","[""Local crosswalks disagree or the primary crosswalk lacks a named locality.""]","[{""locality"": ""calauag"", ""primaryDistrict"": ""3rd District"", ""alternativeDistrict"": ""4th District"", ""decision"": ""Unresolved; neither local crosswalk is treated as authoritative.""}, {""locality"": ""guinayangan"", ""primaryDistrict"": null, ""alternativeDistrict"": ""4th District"", ""decision"": ""Unresolved; neither local crosswalk is treated as authoritative.""}, {""locality"": ""lopez"", ""primaryDistrict"": ""3rd District"", ""alternativeDistrict"": ""4th District"", ""decision"": ""Unresolved; neither local crosswalk is treated as authoritative.""}]",Unresolved: flagged geographic evidence,No plausible NEP title counterpart; review candidate,"Columbio - Lutayan - Koronadal Road, Sta.12+501 - Sta.12+687, Sultan Kudarat"
HB10858-3-0242-002407,Quezon - Alabat - Perez Circumferential Road - Sta. 23 + 920 - Sta. 24 + 920,50000000,Quezon 4th District Engineering Office,Region IV-A,3- HB 10858 FOR 3RD READING VOL I-C .pdf,242,"[""Quezon · 3rd District"", ""Quezon · 4th District""]","[""Reynante Arrogancia"", ""Keith Micah Tan""]","[{""place"": ""alabat"", ""jurisdiction"": ""quezon"", ""seats"": [""4th""]}, {""place"": ""quezon"", ""jurisdiction"": ""quezon"", ""seats"": [""3rd""]}]","[""Local crosswalks disagree or the primary crosswalk lacks a named locality."", ""Quezon is being used as a municipality match; its role as province, city, barangay, bridge or road name must be established from geographic context.""]","[{""locality"": ""perez"", ""primaryDistrict"": null, ""alternativeDistrict"": ""4th District"", ""decision"": ""Unresolved; neither local crosswalk is treated as authoritative.""}]",Unresolved: flagged geographic evidence,No plausible NEP title counterpart; review candidate,"Lalud-Garchitorena Road, Garchitorena, Camarines Sur, Sta.24 + 300 - Sta.25 + 500"
HB10858-3-0245-002446,"Sayre Highway (S00577MN) - K1426 + 728 - K1426 + 751 (RS), K1426 + 945 - K1426 + 1027 (LS), K1427 + (-070) - K1427 + 000 (LS), K1427 + 640 - K1427 + 775 (RS), K1428 + 300 - K1428 + 550 (LS), Cagayan de Oro City",50000000,Cagayan de Oro City 2nd District Engineering Office,Region X,3- HB 10858 FOR 3RD READING VOL I-C .pdf,245,"[""Cagayan de Oro · 2nd District""]","[""Rufus Rodriguez""]","[{""place"": ""cagayan de oro city"", ""jurisdiction"": ""cagayan de oro"", ""seats"": [""2nd""]}]","[""Cagayan de Oro barangay crosswalk omits the 1st District; a unique returned name does not prove a unique geographic assignment."", ""Whole-city name is indexed as a 2nd District barangay and overrides shorter locality matches.""]",[],Unresolved: flagged geographic evidence,No plausible NEP title counterpart; review candidate,"Butuan City-Cagayan de Oro City-Iligan City Rd - K1426 + 000 - K1426 + 980, K1427 + 080 - K1427 + 333, K1427 + 411 - K1428 + 000 (Road Safety: Roadway Lighting)"
HB10858-3-0245-002451,"Construction of Pedestrian Overpass along Sayre Highway (Puerto Market - TH Cagayan), Barangay Puerto, Cagayan de Oro City",20000000,Cagayan de Oro City 2nd District Engineering Office,Region X,3- HB 10858 FOR 3RD READING VOL I-C .pdf,245,"[""Cagayan de Oro · 2nd District""]","[""Rufus Rodriguez""]","[{""place"": ""cagayan de oro city"", ""jurisdiction"": ""cagayan de oro"", ""seats"": [""2nd""]}]","[""Cagayan de Oro barangay crosswalk omits the 1st District; a unique returned name does not prove a unique geographic assignment."", ""Whole-city name is indexed as a 2nd District barangay and overrides shorter locality matches.""]",[],Unresolved: flagged geographic evidence,Exact normalized title found in NEP,"Construction of Pedestrian Overpass along Sayre Highway (Puerto Market - TH Cagayan), Barangay Puerto, Cagayan de Oro City"
HB10858-3-0248-002485,"Gumaca - Pitogo - Mulanay - Sn Narciso Rd - K0248 + 900 - K0251 + 200, K0268 + 600 - K0269 + 089, K0269 + 800 - K0270 + 500 - K0273+000, Quezon",200000000,Central Office,Region IV-A,3- HB 10858 FOR 3RD READING VOL I-C .pdf,248,"[""Quezon · 3rd District""]","[""Reynante Arrogancia""]","[{""place"": ""mulanay"", ""jurisdiction"": ""quezon"", ""seats"": [""3rd""]}]","[""Local crosswalks disagree or the primary crosswalk lacks a named locality.""]","[{""locality"": ""gumaca"", ""primaryDistrict"": ""3rd District"", ""alternativeDistrict"": ""4th District"", ""decision"": ""Unresolved; neither local crosswalk is treated as authoritative.""}]",Unresolved: flagged geographic evidence,No plausible NEP title counterpart; review candidate,Session Rd #2 - K0251 + (-127) - K0252 + 047 (Off-Carriageway Improvement: Construction of Sidewalk)
HB10858-3-0249-002501,Puerto Princesa South Rd K0000+000 - K0001+402 (Pavement Marking),3000000,Palawan 3rd District Engineering Office,MIMAROPA,3- HB 10858 FOR 3RD READING VOL I-C .pdf,249,"[""Cagayan de Oro · 2nd District""]","[""Rufus Rodriguez""]","[{""place"": ""puerto"", ""jurisdiction"": ""cagayan de oro"", ""seats"": [""2nd""]}]","[""Cagayan de Oro barangay crosswalk omits the 1st District; a unique returned name does not prove a unique geographic assignment."", ""Puerto barangay token occurs within Puerto Princesa; this does not establish a Cagayan de Oro location.""]",[],Unresolved: flagged geographic evidence,No plausible NEP title counterpart; review candidate,
HB10858-3-0249-002502,Puerto Princesa South Rd - K0002 + 380 (Road Safety: Pedestrian Overpass),19000000,Palawan 3rd District Engineering Office,MIMAROPA,3- HB 10858 FOR 3RD READING VOL I-C .pdf,249,"[""Cagayan de Oro · 2nd District""]","[""Rufus Rodriguez""]","[{""place"": ""puerto"", ""jurisdiction"": ""cagayan de oro"", ""seats"": [""2nd""]}]","[""Cagayan de Oro barangay crosswalk omits the 1st District; a unique returned name does not prove a unique geographic assignment."", ""Puerto barangay token occurs within Puerto Princesa; this does not establish a Cagayan de Oro location.""]",[],Unresolved: flagged geographic evidence,No plausible NEP title counterpart; review candidate,Don A Velez St - K1438 + 292 (Road Safety: Pedestrian Overpass)
HB10858-3-0249-002503,Puerto Princesa South Rd - K0085 + 420 - K0089 + 730 (Road Safety:Road Lighting),40000000,Palawan 3rd District Engineering Office,MIMAROPA,3- HB 10858 FOR 3RD READING VOL I-C .pdf,249,"[""Cagayan de Oro · 2nd District""]","[""Rufus Rodriguez""]","[{""place"": ""puerto"", ""jurisdiction"": ""cagayan de oro"", ""seats"": [""2nd""]}]","[""Cagayan de Oro barangay crosswalk omits the 1st District; a unique returned name does not prove a unique geographic assignment."", ""Puerto barangay token occurs within Puerto Princesa; this does not establish a Cagayan de Oro location.""]",[],Unresolved: flagged geographic evidence,No plausible NEP title counterpart; review candidate,Batangas City-San Pascual-Bauan Diversion Rd - (S06171LZ) Chainage 0 - 2860 (Road Safety: Roadway Lighting)
HB10858-3-0258-002630,Tandayag Br. (B00091PW) along Puerto Princesa North Rd,85000000,Central Office,MIMAROPA,3- HB 10858 FOR 3RD READING VOL I-C .pdf,258,"[""Cagayan de Oro · 2nd District""]","[""Rufus Rodriguez""]","[{""place"": ""puerto"", ""jurisdiction"": ""cagayan de oro"", ""seats"": [""2nd""]}]","[""Cagayan de Oro barangay crosswalk omits the 1st District; a unique returned name does not prove a unique geographic assignment."", ""Puerto barangay token occurs within Puerto Princesa; this does not establish a Cagayan de Oro location.""]",[],Unresolved: flagged geographic evidence,Exact normalized title found in NEP,Tandayag Br. (B00091PW) along Puerto Princesa North Rd
HB10858-3-0260-002679,Quezon Br. (B01191MN) along Dipolog-Oroquieta National Rd,210000000,Central Office,Region IX,3- HB 10858 FOR 3RD READING VOL I-C .pdf,260,"[""Quezon · 3rd District""]","[""Reynante Arrogancia""]","[{""place"": ""quezon"", ""jurisdiction"": ""quezon"", ""seats"": [""3rd""]}]","[""Quezon is being used as a municipality match; its role as province, city, barangay, bridge or road name must be established from geographic context.""]",[],Unresolved: flagged geographic evidence,No plausible NEP title counterpart; review candidate,Tudela Br. 1 (B01139MN) along Ozamis-Oroquieta Rd
HB10858-3-0260-002698,Cabadbaran Br. (B00843MN) along Maharlika Highway (Surigao-Agusan Sect),15000000,Central Office,Region XIII,3- HB 10858 FOR 3RD READING VOL I-C .pdf,260,"[""Cagayan de Oro · 2nd District""]","[""Rufus Rodriguez""]","[{""place"": ""agusan"", ""jurisdiction"": ""cagayan de oro"", ""seats"": [""2nd""]}]","[""Cagayan de Oro barangay crosswalk omits the 1st District; a unique returned name does not prove a unique geographic assignment.""]",[],Unresolved: flagged geographic evidence,Exact normalized title found in NEP,Cabadbaran Br. (B00843MN) along Maharlika Highway (Surigao-Agusan Sect)
HB10858-3-0260-002700,Labao Br. (B00906MN) along Maharlika Highway (Agusan-Davao Sect),34560000,Central Office,Region XIII,3- HB 10858 FOR 3RD READING VOL I-C .pdf,260,"[""Cagayan de Oro · 2nd District""]","[""Rufus Rodriguez""]","[{""place"": ""agusan"", ""jurisdiction"": ""cagayan de oro"", ""seats"": [""2nd""]}]","[""Cagayan de Oro barangay crosswalk omits the 1st District; a unique returned name does not prove a unique geographic assignment.""]",[],Unresolved: flagged geographic evidence,Exact normalized title found in NEP,Labao Br. (B00906MN) along Maharlika Highway (Agusan-Davao Sect)
HB10858-3-0261-002704,Langkilaan Br. (B00931MN) along Maharlika Highway (Agusan-Davao Sect),40000000,Central Office,Region XIII,3- HB 10858 FOR 3RD READING VOL I-C .pdf,261,"[""Cagayan de Oro · 2nd District""]","[""Rufus Rodriguez""]","[{""place"": ""agusan"", ""jurisdiction"": ""cagayan de oro"", ""seats"": [""2nd""]}]","[""Cagayan de Oro barangay crosswalk omits the 1st District; a unique returned name does not prove a unique geographic assignment.""]",[],Unresolved: flagged geographic evidence,Exact normalized title found in NEP,Langkilaan Br. (B00931MN) along Maharlika Highway (Agusan-Davao Sect)
HB10858-3-0261-002707,Magpayang Br. 1 (B00860MN) along Maharlika Highway (Surigao-Agusan Sect),51900000,Central Office,Region XIII,3- HB 10858 FOR 3RD READING VOL I-C .pdf,261,"[""Cagayan de Oro · 2nd District""]","[""Rufus Rodriguez""]","[{""place"": ""agusan"", ""jurisdiction"": ""cagayan de oro"", ""seats"": [""2nd""]}]","[""Cagayan de Oro barangay crosswalk omits the 1st District; a unique returned name does not prove a unique geographic assignment.""]",[],Unresolved: flagged geographic evidence,Exact normalized title found in NEP,Magpayang Br. 1 (B00860MN) along Maharlika Highway (Surigao-Agusan Sect)
HB10858-3-0261-002708,Magpayang Br. 2 (B01746MN) along Maharlika Highway (Surigao-Agusan Sect),7000000,Central Office,Region XIII,3- HB 10858 FOR 3RD READING VOL I-C .pdf,261,"[""Cagayan de Oro · 2nd District""]","[""Rufus Rodriguez""]","[{""place"": ""agusan"", ""jurisdiction"": ""cagayan de oro"", ""seats"": [""2nd""]}]","[""Cagayan de Oro barangay crosswalk omits the 1st District; a unique returned name does not prove a unique geographic assignment.""]",[],Unresolved: flagged geographic evidence,Exact normalized title found in NEP,Magpayang Br. 2 (B01746MN) along Maharlika Highway (Surigao-Agusan Sect)
HB10858-3-0261-002709,Magtiaco Br. (B00868MN) along Maharlika Highway (Surigao-Agusan Sect),100000000,Central Office,Region XIII,3- HB 10858 FOR 3RD READING VOL I-C .pdf,261,"[""Cagayan de Oro · 2nd District""]","[""Rufus Rodriguez""]","[{""place"": ""agusan"", ""jurisdiction"": ""cagayan de oro"", ""seats"": [""2nd""]}]","[""Cagayan de Oro barangay crosswalk omits the 1st District; a unique returned name does not prove a unique geographic assignment.""]",[],Unresolved: flagged geographic evidence,Exact normalized title found in NEP,Magtiaco Br. (B00868MN) along Maharlika Highway (Surigao-Agusan Sect)
HB10858-3-0261-002710,Pingaping Br. (B00856MN) along Maharlika Highway (Surigao-Agusan Sect),31560000,Central Office,Region XIII,3- HB 10858 FOR 3RD READING VOL I-C .pdf,261,"[""Cagayan de Oro · 2nd District""]","[""Rufus Rodriguez""]","[{""place"": ""agusan"", ""jurisdiction"": ""cagayan de oro"", ""seats"": [""2nd""]}]","[""Cagayan de Oro barangay crosswalk omits the 1st District; a unique returned name does not prove a unique geographic assignment.""]",[],Unresolved: flagged geographic evidence,Exact normalized title found in NEP,Pingaping Br. (B00856MN) along Maharlika Highway (Surigao-Agusan Sect)
HB10858-3-0261-002711,Pongtud Br. (B00862MN) along Maharlika Highway (Surigao-Agusan Sect),80040000,Central Office,Region XIII,3- HB 10858 FOR 3RD READING VOL I-C .pdf,261,"[""Cagayan de Oro · 2nd District""]","[""Rufus Rodriguez""]","[{""place"": ""agusan"", ""jurisdiction"": ""cagayan de oro"", ""seats"": [""2nd""]}]","[""Cagayan de Oro barangay crosswalk omits the 1st District; a unique returned name does not prove a unique geographic assignment.""]",[],Unresolved: flagged geographic evidence,Exact normalized title found in NEP,Pongtud Br. (B00862MN) along Maharlika Highway (Surigao-Agusan Sect)
HB10858-3-0261-002712,Reyes Br. (B01856MN) along Maharlika Highway (Surigao-Agusan Sect),57000000,Central Office,Region XIII,3- HB 10858 FOR 3RD READING VOL I-C .pdf,261,"[""Cagayan de Oro · 2nd District""]","[""Rufus Rodriguez""]","[{""place"": ""agusan"", ""jurisdiction"": ""cagayan de oro"", ""seats"": [""2nd""]}]","[""Cagayan de Oro barangay crosswalk omits the 1st District; a unique returned name does not prove a unique geographic assignment.""]",[],Unresolved: flagged geographic evidence,Exact normalized title found in NEP,Reyes Br. (B01856MN) along Maharlika Highway (Surigao-Agusan Sect)
HB10858-3-0261-002714,Sayadion Br. (B00831MN) along Maharlika Highway (Surigao-Agusan Sect),5827000,Central Office,Region XIII,3- HB 10858 FOR 3RD READING VOL I-C .pdf,261,"[""Cagayan de Oro · 2nd District""]","[""Rufus Rodriguez""]","[{""place"": ""agusan"", ""jurisdiction"": ""cagayan de oro"", ""seats"": [""2nd""]}]","[""Cagayan de Oro barangay crosswalk omits the 1st District; a unique returned name does not prove a unique geographic assignment.""]",[],Unresolved: flagged geographic evidence,Exact normalized title found in NEP,Sayadion Br. (B00831MN) along Maharlika Highway (Surigao-Agusan Sect)
HB10858-3-0261-002715,Siana Br. (B00859MN) along Maharlika Highway (Surigao-Agusan Sect),32980000,Central Office,Region XIII,3- HB 10858 FOR 3RD READING VOL I-C .pdf,261,"[""Cagayan de Oro · 2nd District""]","[""Rufus Rodriguez""]","[{""place"": ""agusan"", ""jurisdiction"": ""cagayan de oro"", ""seats"": [""2nd""]}]","[""Cagayan de Oro barangay crosswalk omits the 1st District; a unique returned name does not prove a unique geographic assignment.""]",[],Unresolved: flagged geographic evidence,Exact normalized title found in NEP,Siana Br. (B00859MN) along Maharlika Highway (Surigao-Agusan Sect)
HB10858-3-0261-002716,Singanan Br. (B00926MN) along Maharlika Highway (Agusan-Davao Sect),10000000,Central Office,Region XIII,3- HB 10858 FOR 3RD READING VOL I-C .pdf,261,"[""Cagayan de Oro · 2nd District""]","[""Rufus Rodriguez""]","[{""place"": ""agusan"", ""jurisdiction"": ""cagayan de oro"", ""seats"": [""2nd""]}]","[""Cagayan de Oro barangay crosswalk omits the 1st District; a unique returned name does not prove a unique geographic assignment.""]",[],Unresolved: flagged geographic evidence,Exact normalized title found in NEP,Singanan Br. (B00926MN) along Maharlika Highway (Agusan-Davao Sect)
HB10858-3-0261-002719,Tubod Br. (B00858MN) along Maharlika Highway (Surigao-Agusan Sect),51400000,Central Office,Region XIII,3- HB 10858 FOR 3RD READING VOL I-C .pdf,261,"[""Cagayan de Oro · 2nd District""]","[""Rufus Rodriguez""]","[{""place"": ""agusan"", ""jurisdiction"": ""cagayan de oro"", ""seats"": [""2nd""]}]","[""Cagayan de Oro barangay crosswalk omits the 1st District; a unique returned name does not prove a unique geographic assignment.""]",[],Unresolved: flagged geographic evidence,Exact normalized title found in NEP,Tubod Br. (B00858MN) along Maharlika Highway (Surigao-Agusan Sect)
HB10858-3-0261-002720,Wawa Br. (B00896MN) along Maharlika Highway (Agusan-Davao Sect),30000000,Central Office,Region XIII,3- HB 10858 FOR 3RD READING VOL I-C .pdf,261,"[""Cagayan de Oro · 2nd District""]","[""Rufus Rodriguez""]","[{""place"": ""agusan"", ""jurisdiction"": ""cagayan de oro"", ""seats"": [""2nd""]}]","[""Cagayan de Oro barangay crosswalk omits the 1st District; a unique returned name does not prove a unique geographic assignment.""]",[],Unresolved: flagged geographic evidence,Exact normalized title found in NEP,Wawa Br. (B00896MN) along Maharlika Highway (Agusan-Davao Sect)
HB10858-3-0262-002741,Danat Br. (B00276PW) along Puerto Princesa North Rd,23430000,Palawan 1st District Engineering Office,MIMAROPA,3- HB 10858 FOR 3RD READING VOL I-C .pdf,262,"[""Cagayan de Oro · 2nd District""]","[""Rufus Rodriguez""]","[{""place"": ""puerto"", ""jurisdiction"": ""cagayan de oro"", ""seats"": [""2nd""]}]","[""Cagayan de Oro barangay crosswalk omits the 1st District; a unique returned name does not prove a unique geographic assignment."", ""Puerto barangay token occurs within Puerto Princesa; this does not establish a Cagayan de Oro location.""]",[],Unresolved: flagged geographic evidence,Exact normalized title found in NEP,Danat Br. (B00276PW) along Puerto Princesa North Rd
HB10858-3-0266-002820,Solibao Br. (B00899MN) along Maharlika Highway (Agusan-Davao Sect),10000000,Central Office,Region XIII,3- HB 10858 FOR 3RD READING VOL I-C .pdf,266,"[""Cagayan de Oro · 2nd District""]","[""Rufus Rodriguez""]","[{""place"": ""agusan"", ""jurisdiction"": ""cagayan de oro"", ""seats"": [""2nd""]}]","[""Cagayan de Oro barangay crosswalk omits the 1st District; a unique returned name does not prove a unique geographic assignment.""]",[],Unresolved: flagged geographic evidence,Exact normalized title found in NEP,Solibao Br. (B00899MN) along Maharlika Highway (Agusan-Davao Sect)
HB10858-3-0267-002821,Taguibo Br. (B00820MN) along Maharlika Highway (Surigao-Agusan Sect),20000000,Central Office,Region XIII,3- HB 10858 FOR 3RD READING VOL I-C .pdf,267,"[""Cagayan de Oro · 2nd District""]","[""Rufus Rodriguez""]","[{""place"": ""agusan"", ""jurisdiction"": ""cagayan de oro"", ""seats"": [""2nd""]}]","[""Cagayan de Oro barangay crosswalk omits the 1st District; a unique returned name does not prove a unique geographic assignment.""]",[],Unresolved: flagged geographic evidence,Exact normalized title found in NEP,Taguibo Br. (B00820MN) along Maharlika Highway (Surigao-Agusan Sect)
HB10858-3-0267-002822,Taguibo Br. (B01989MN) along Maharlika Highway (Surigao-Agusan Sect),40000000,Central Office,Region XIII,3- HB 10858 FOR 3RD READING VOL I-C .pdf,267,"[""Cagayan de Oro · 2nd District""]","[""Rufus Rodriguez""]","[{""place"": ""agusan"", ""jurisdiction"": ""cagayan de oro"", ""seats"": [""2nd""]}]","[""Cagayan de Oro barangay crosswalk omits the 1st District; a unique returned name does not prove a unique geographic assignment.""]",[],Unresolved: flagged geographic evidence,Plausible NEP title counterpart; review scope,Taguibo Parallel Br. (B01989MN) along Maharlika Highway (Surigao-Agusan Sect)
HB10858-3-0273-002957,Magalibobo Br. (B00929MN) along Maharlika Highway (Agusan-Davao Sect),4000000,Central Office,Region XIII,3- HB 10858 FOR 3RD READING VOL I-C .pdf,273,"[""Cagayan de Oro · 2nd District""]","[""Rufus Rodriguez""]","[{""place"": ""agusan"", ""jurisdiction"": ""cagayan de oro"", ""seats"": [""2nd""]}]","[""Cagayan de Oro barangay crosswalk omits the 1st District; a unique returned name does not prove a unique geographic assignment.""]",[],Unresolved: flagged geographic evidence,Exact normalized title found in NEP,Magalibobo Br. (B00929MN) along Maharlika Highway (Agusan-Davao Sect)
HB10858-3-0274-002986,Araniw Br. (B00776LZ) along Laoag-Airport Rd,34000000,Ilocos Norte 1st District Engineering Office,Region I,3- HB 10858 FOR 3RD READING VOL I-C .pdf,274,"[""Ilocos Norte · 1st District""]","[""Sandro Marcos""]","[{""place"": ""laoag"", ""jurisdiction"": ""ilocos norte"", ""seats"": [""1st""]}]",[],[],Not independently verified,Exact normalized title found in NEP,Araniw Br. (B00776LZ) along Laoag-Airport Rd
HB10858-3-0276-003019,Lipata Br. (B00041AB) along Quezon-Alabat-Perez Rd,15000000,Quezon 4th District Engineering Office,Region IV-A,3- HB 10858 FOR 3RD READING VOL I-C .pdf,276,"[""Quezon · 3rd District"", ""Quezon · 4th District""]","[""Reynante Arrogancia"", ""Keith Micah Tan""]","[{""place"": ""alabat"", ""jurisdiction"": ""quezon"", ""seats"": [""4th""]}, {""place"": ""quezon"", ""jurisdiction"": ""quezon"", ""seats"": [""3rd""]}]","[""Local crosswalks disagree or the primary crosswalk lacks a named locality."", ""Quezon is being used as a municipality match; its role as province, city, barangay, bridge or road name must be established from geographic context.""]","[{""locality"": ""perez"", ""primaryDistrict"": null, ""alternativeDistrict"": ""4th District"", ""decision"": ""Unresolved; neither local crosswalk is treated as authoritative.""}]",Unresolved: flagged geographic evidence,Exact normalized title found in NEP,Lipata Br. (B00041AB) along Quezon-Alabat-Perez Rd
HB10858-3-0276-003022,Aramaywan Br. (B00080PW) along Quezon-Aramaywan Rd,25000000,Palawan 2nd District Engineering Office,MIMAROPA,3- HB 10858 FOR 3RD READING VOL I-C .pdf,276,"[""Quezon · 3rd District""]","[""Reynante Arrogancia""]","[{""place"": ""quezon"", ""jurisdiction"": ""quezon"", ""seats"": [""3rd""]}]","[""Quezon is being used as a municipality match; its role as province, city, barangay, bridge or road name must be established from geographic context.""]",[],Unresolved: flagged geographic evidence,Exact normalized title found in NEP,Aramaywan Br. (B00080PW) along Quezon-Aramaywan Rd
HB10858-3-0276-003023,Batang Batang Br. (B00035PW) along Puerto Princesa South Rd,50000000,Palawan 2nd District Engineering Office,MIMAROPA,3- HB 10858 FOR 3RD READING VOL I-C .pdf,276,"[""Cagayan de Oro · 2nd District""]","[""Rufus Rodriguez""]","[{""place"": ""puerto"", ""jurisdiction"": ""cagayan de oro"", ""seats"": [""2nd""]}]","[""Cagayan de Oro barangay crosswalk omits the 1st District; a unique returned name does not prove a unique geographic assignment."", ""Puerto barangay token occurs within Puerto Princesa; this does not establish a Cagayan de Oro location.""]",[],Unresolved: flagged geographic evidence,Exact normalized title found in NEP,Batang Batang Br. (B00035PW) along Puerto Princesa South Rd
HB10858-3-0276-003024,Inabuyan Br (B00082PW) along Puerto Princesa North Rd,9000000,Palawan 3rd District Engineering Office,MIMAROPA,3- HB 10858 FOR 3RD READING VOL I-C .pdf,276,"[""Cagayan de Oro · 2nd District""]","[""Rufus Rodriguez""]","[{""place"": ""puerto"", ""jurisdiction"": ""cagayan de oro"", ""seats"": [""2nd""]}]","[""Cagayan de Oro barangay crosswalk omits the 1st District; a unique returned name does not prove a unique geographic assignment."", ""Puerto barangay token occurs within Puerto Princesa; this does not establish a Cagayan de Oro location.""]",[],Unresolved: flagged geographic evidence,No plausible NEP title counterpart; review candidate,
HB10858-3-0276-003025,Anilawan Br (B00097PW) along Puerto Princesa North Rd,11500000,Palawan 3rd District Engineering Office,MIMAROPA,3- HB 10858 FOR 3RD READING VOL I-C .pdf,276,"[""Cagayan de Oro · 2nd District""]","[""Rufus Rodriguez""]","[{""place"": ""puerto"", ""jurisdiction"": ""cagayan de oro"", ""seats"": [""2nd""]}]","[""Cagayan de Oro barangay crosswalk omits the 1st District; a unique returned name does not prove a unique geographic assignment."", ""Puerto barangay token occurs within Puerto Princesa; this does not establish a Cagayan de Oro location.""]",[],Unresolved: flagged geographic evidence,No plausible NEP title counterpart; review candidate,
HB10858-3-0276-003026,Langogan Parallel (B00406PW) along Puerto Princesa North Rd,17500000,Palawan 3rd District Engineering Office,MIMAROPA,3- HB 10858 FOR 3RD READING VOL I-C .pdf,276,"[""Cagayan de Oro · 2nd District""]","[""Rufus Rodriguez""]","[{""place"": ""puerto"", ""jurisdiction"": ""cagayan de oro"", ""seats"": [""2nd""]}]","[""Cagayan de Oro barangay crosswalk omits the 1st District; a unique returned name does not prove a unique geographic assignment."", ""Puerto barangay token occurs within Puerto Princesa; this does not establish a Cagayan de Oro location.""]",[],Unresolved: flagged geographic evidence,No plausible NEP title counterpart; review candidate,Talave Parallel Br. (B00560NR) along Bacolod North Rd
HB10858-3-0276-003028,Iwahig Parallel Bridge (B00405PW) along Puerto Princesa South Rd,25500000,Palawan 3rd District Engineering Office,MIMAROPA,3- HB 10858 FOR 3RD READING VOL I-C .pdf,276,"[""Cagayan de Oro · 2nd District""]","[""Rufus Rodriguez""]","[{""place"": ""puerto"", ""jurisdiction"": ""cagayan de oro"", ""seats"": [""2nd""]}]","[""Cagayan de Oro barangay crosswalk omits the 1st District; a unique returned name does not prove a unique geographic assignment."", ""Puerto barangay token occurs within Puerto Princesa; this does not establish a Cagayan de Oro location.""]",[],Unresolved: flagged geographic evidence,Multiple or already paired NEP counterparts; review scope,Batang Batang Br. (B00035PW) along Puerto Princesa South Rd
HB10858-3-0281-003141,Puntod-Kauswagan Br. (B02323MN) along Cagayan de Oro City Coastal Bypass Rd,20000000,Cagayan de Oro City 2nd District Engineering Office,Region X,3- HB 10858 FOR 3RD READING VOL I-C .pdf,281,"[""Cagayan de Oro · 2nd District""]","[""Rufus Rodriguez""]","[{""place"": ""cagayan de oro city"", ""jurisdiction"": ""cagayan de oro"", ""seats"": [""2nd""]}]","[""Cagayan de Oro barangay crosswalk omits the 1st District; a unique returned name does not prove a unique geographic assignment."", ""Whole-city name is indexed as a 2nd District barangay and overrides shorter locality matches.""]",[],Unresolved: flagged geographic evidence,Exact normalized title found in NEP,Puntod-Kauswagan Br. (B02323MN) along Cagayan de Oro City Coastal Bypass Rd
HB10858-3-0281-003144,Tablon Br. (B02196MN) along Sta Felomina-Bonbonon-Digkilaan-Rogongon Rd,10000000,Iligan City District Engineering Office,Region X,3- HB 10858 FOR 3RD READING VOL I-C .pdf,281,"[""Cagayan de Oro · 2nd District""]","[""Rufus Rodriguez""]","[{""place"": ""tablon"", ""jurisdiction"": ""cagayan de oro"", ""seats"": [""2nd""]}]","[""Cagayan de Oro barangay crosswalk omits the 1st District; a unique returned name does not prove a unique geographic assignment.""]",[],Unresolved: flagged geographic evidence,No plausible NEP title counterpart; review candidate,
HB10858-3-0284-003216,Isabang Br. (B04948LZ) along Quezon Eco-Tourism Rd,63450000,Central Office,Region IV-A,3- HB 10858 FOR 3RD READING VOL I-C .pdf,284,"[""Quezon · 3rd District""]","[""Reynante Arrogancia""]","[{""place"": ""quezon"", ""jurisdiction"": ""quezon"", ""seats"": [""3rd""]}]","[""Quezon is being used as a municipality match; its role as province, city, barangay, bridge or road name must be established from geographic context.""]",[],Unresolved: flagged geographic evidence,Exact normalized title found in NEP,Isabang Br. (B04948LZ) along Quezon Eco-Tourism Rd
HB10858-3-0285-003218,Masay Br. (B04946LZ) along Quezon Eco-Tourism Rd,59400000,Central Office,Region IV-A,3- HB 10858 FOR 3RD READING VOL I-C .pdf,285,"[""Quezon · 3rd District""]","[""Reynante Arrogancia""]","[{""place"": ""quezon"", ""jurisdiction"": ""quezon"", ""seats"": [""3rd""]}]","[""Quezon is being used as a municipality match; its role as province, city, barangay, bridge or road name must be established from geographic context.""]",[],Unresolved: flagged geographic evidence,Exact normalized title found in NEP,Masay Br. (B04946LZ) along Quezon Eco-Tourism Rd
HB10858-3-0285-003220,San Roque Br. (B04943LZ) along Quezon Eco-Tourism Rd,125300000,Central Office,Region IV-A,3- HB 10858 FOR 3RD READING VOL I-C .pdf,285,"[""Quezon · 3rd District""]","[""Reynante Arrogancia""]","[{""place"": ""quezon"", ""jurisdiction"": ""quezon"", ""seats"": [""3rd""]}]","[""Quezon is being used as a municipality match; its role as province, city, barangay, bridge or road name must be established from geographic context.""]",[],Unresolved: flagged geographic evidence,Exact normalized title found in NEP,San Roque Br. (B04943LZ) along Quezon Eco-Tourism Rd
HB10858-3-0285-003222,Popunton Br. (B00085PW) along Puerto Princesa North Rd,72250000,Central Office,MIMAROPA,3- HB 10858 FOR 3RD READING VOL I-C .pdf,285,"[""Cagayan de Oro · 2nd District""]","[""Rufus Rodriguez""]","[{""place"": ""puerto"", ""jurisdiction"": ""cagayan de oro"", ""seats"": [""2nd""]}]","[""Cagayan de Oro barangay crosswalk omits the 1st District; a unique returned name does not prove a unique geographic assignment."", ""Puerto barangay token occurs within Puerto Princesa; this does not establish a Cagayan de Oro location.""]",[],Unresolved: flagged geographic evidence,Exact normalized title found in NEP,Popunton Br. (B00085PW) along Puerto Princesa North Rd
HB10858-3-0286-003259,Carmen Steel Parallel Br. along Carmen-Patag-Bulua Rd,200000000,Central Office,Region X,3- HB 10858 FOR 3RD READING VOL I-C .pdf,286,"[""Cagayan de Oro · 2nd District""]","[""Rufus Rodriguez""]","[{""place"": ""bulua"", ""jurisdiction"": ""cagayan de oro"", ""seats"": [""2nd""]}]","[""Cagayan de Oro barangay crosswalk omits the 1st District; a unique returned name does not prove a unique geographic assignment.""]",[],Unresolved: flagged geographic evidence,Exact normalized title found in NEP,Carmen Steel Parallel Br. along Carmen-Patag-Bulua Rd
HB10858-3-0287-003288,Bayanacon Parallel Br. along Maharlika Highway (Agusan-Davao Sect),20000000,Central Office,Region XIII,3- HB 10858 FOR 3RD READING VOL I-C .pdf,287,"[""Cagayan de Oro · 2nd District""]","[""Rufus Rodriguez""]","[{""place"": ""agusan"", ""jurisdiction"": ""cagayan de oro"", ""seats"": [""2nd""]}]","[""Cagayan de Oro barangay crosswalk omits the 1st District; a unique returned name does not prove a unique geographic assignment.""]",[],Unresolved: flagged geographic evidence,Exact normalized title found in NEP,Bayanacon Parallel Br. along Maharlika Highway (Agusan-Davao Sect)
HB10858-3-0288-003291,Hubang Br. (B01744MN) along Maharlika Highway (Agusan-Davao Sect),10000000,Central Office,Region XIII,3- HB 10858 FOR 3RD READING VOL I-C .pdf,288,"[""Cagayan de Oro · 2nd District""]","[""Rufus Rodriguez""]","[{""place"": ""agusan"", ""jurisdiction"": ""cagayan de oro"", ""seats"": [""2nd""]}]","[""Cagayan de Oro barangay crosswalk omits the 1st District; a unique returned name does not prove a unique geographic assignment.""]",[],Unresolved: flagged geographic evidence,Exact normalized title found in NEP,Hubang Br. (B01744MN) along Maharlika Highway (Agusan-Davao Sect)
HB10858-3-0288-003293,Paypay Twin Parallel Br. along Maharlika Highway (Surigao-Agusan Sect),10000000,Central Office,Region XIII,3- HB 10858 FOR 3RD READING VOL I-C .pdf,288,"[""Cagayan de Oro · 2nd District""]","[""Rufus Rodriguez""]","[{""place"": ""agusan"", ""jurisdiction"": ""cagayan de oro"", ""seats"": [""2nd""]}]","[""Cagayan de Oro barangay crosswalk omits the 1st District; a unique returned name does not prove a unique geographic assignment.""]",[],Unresolved: flagged geographic evidence,Exact normalized title found in NEP,Paypay Twin Parallel Br. along Maharlika Highway (Surigao-Agusan Sect)
HB10858-3-0289-003325,Apo Aporawan Br. (B00355PW) along Puerto Princesa South Rd,32000000,Palawan 2nd District Engineering Office,MIMAROPA,3- HB 10858 FOR 3RD READING VOL I-C .pdf,289,"[""Cagayan de Oro · 2nd District""]","[""Rufus Rodriguez""]","[{""place"": ""puerto"", ""jurisdiction"": ""cagayan de oro"", ""seats"": [""2nd""]}]","[""Cagayan de Oro barangay crosswalk omits the 1st District; a unique returned name does not prove a unique geographic assignment."", ""Puerto barangay token occurs within Puerto Princesa; this does not establish a Cagayan de Oro location.""]",[],Unresolved: flagged geographic evidence,Exact normalized title found in NEP,Apo Aporawan Br. (B00355PW) along Puerto Princesa South Rd
HB10858-3-0289-003326,Tamlang Br. (B00118PW) along Puerto Princesa South Rd,50000000,Palawan 2nd District Engineering Office,MIMAROPA,3- HB 10858 FOR 3RD READING VOL I-C .pdf,289,"[""Cagayan de Oro · 2nd District""]","[""Rufus Rodriguez""]","[{""place"": ""puerto"", ""jurisdiction"": ""cagayan de oro"", ""seats"": [""2nd""]}]","[""Cagayan de Oro barangay crosswalk omits the 1st District; a unique returned name does not prove a unique geographic assignment."", ""Puerto barangay token occurs within Puerto Princesa; this does not establish a Cagayan de Oro location.""]",[],Unresolved: flagged geographic evidence,Exact normalized title found in NEP,Tamlang Br. (B00118PW) along Puerto Princesa South Rd
HB10858-3-0289-003327,Sta. Cruz Br. (B00388PW) along Puerto Princesa North Rd,23500000,Palawan 3rd District Engineering Office,MIMAROPA,3- HB 10858 FOR 3RD READING VOL I-C .pdf,289,"[""Cagayan de Oro · 2nd District""]","[""Rufus Rodriguez""]","[{""place"": ""puerto"", ""jurisdiction"": ""cagayan de oro"", ""seats"": [""2nd""]}]","[""Cagayan de Oro barangay crosswalk omits the 1st District; a unique returned name does not prove a unique geographic assignment."", ""Puerto barangay token occurs within Puerto Princesa; this does not establish a Cagayan de Oro location.""]",[],Unresolved: flagged geographic evidence,Exact normalized title found in NEP,Sta. Cruz Br. (B00388PW) along Puerto Princesa North Rd
HB10858-3-0294-003415,"Lopez Viaduct (FB50957LZ) along Maharlika Highway, Barangay Canda Ibaba - Barangay Pandanan, Calauag, Quezon",1200000000,Central Office,Region IV-A,3- HB 10858 FOR 3RD READING VOL I-C .pdf,294,"[""Quezon · 3rd District""]","[""Reynante Arrogancia""]","[{""place"": ""calauag"", ""jurisdiction"": ""quezon"", ""seats"": [""3rd""]}]","[""Local crosswalks disagree or the primary crosswalk lacks a named locality.""]","[{""locality"": ""calauag"", ""primaryDistrict"": ""3rd District"", ""alternativeDistrict"": ""4th District"", ""decision"": ""Unresolved; neither local crosswalk is treated as authoritative.""}, {""locality"": ""lopez"", ""primaryDistrict"": ""3rd District"", ""alternativeDistrict"": ""4th District"", ""decision"": ""Unresolved; neither local crosswalk is treated as authoritative.""}]",Unresolved: flagged geographic evidence,Exact normalized title found in NEP,"Lopez Viaduct (FB50957LZ) along Maharlika Highway, Brgy. Canda Ibaba - Brgy. Pandanan, Calauag, Quezon"
HB10858-3-0306-003642,"Construction of Drainage System at Poblacion Wide, Catanauan, Quezon",100000000,Central Office,Region IV-A,3- HB 10858 FOR 3RD READING VOL I-C .pdf,306,"[""Quezon · 3rd District""]","[""Reynante Arrogancia""]","[{""place"": ""quezon"", ""jurisdiction"": ""quezon"", ""seats"": [""3rd""]}]","[""Local crosswalks disagree or the primary crosswalk lacks a named locality."", ""Quezon is being used as a municipality match; its role as province, city, barangay, bridge or road name must be established from geographic context.""]","[{""locality"": ""catanauan"", ""primaryDistrict"": null, ""alternativeDistrict"": ""3rd District"", ""decision"": ""Unresolved; neither local crosswalk is treated as authoritative.""}]",Unresolved: flagged geographic evidence,Exact normalized title found in NEP,"Construction of Drainage System at Poblacion Wide, Catanauan, Quezon"
HB10858-3-0316-003832,"Construction of Drainage System along San Pedro St. (Sapang Catchment), Bayabas Section, Sta 0+000- Sta.01+132, Cagayan de Oro City",128000000,Central Office,Region X,3- HB 10858 FOR 3RD READING VOL I-C .pdf,316,"[""Cagayan de Oro · 2nd District""]","[""Rufus Rodriguez""]","[{""place"": ""cagayan de oro city"", ""jurisdiction"": ""cagayan de oro"", ""seats"": [""2nd""]}]","[""Cagayan de Oro barangay crosswalk omits the 1st District; a unique returned name does not prove a unique geographic assignment."", ""Whole-city name is indexed as a 2nd District barangay and overrides shorter locality matches.""]",[],Unresolved: flagged geographic evidence,Exact normalized title found in NEP,"Construction of Drainage System along San Pedro St. (Sapang Catchment), Bayabas Section, Sta 0+000- Sta.01+132, Cagayan de Oro City"
HB10858-3-0316-003833,"Construction of Drainage System along Sapang Creek to Iponan River, Bulua Section, Sta. 0+000- Sta. 0+526, Cagayan de Oro City",127000000,Central Office,Region X,3- HB 10858 FOR 3RD READING VOL I-C .pdf,316,"[""Cagayan de Oro · 2nd District""]","[""Rufus Rodriguez""]","[{""place"": ""cagayan de oro city"", ""jurisdiction"": ""cagayan de oro"", ""seats"": [""2nd""]}]","[""Cagayan de Oro barangay crosswalk omits the 1st District; a unique returned name does not prove a unique geographic assignment."", ""Whole-city name is indexed as a 2nd District barangay and overrides shorter locality matches.""]",[],Unresolved: flagged geographic evidence,Exact normalized title found in NEP,"Construction of Drainage System along Sapang Creek to Iponan River, Bulua Section, Sta. 0+000- Sta. 0+526, Cagayan de Oro City"
HB10858-3-0316-003834,"Construction of Flood Control in Barangay Balulang, Cagayan de Oro City",80000000,Central Office,Region X,3- HB 10858 FOR 3RD READING VOL I-C .pdf,316,"[""Cagayan de Oro · 2nd District""]","[""Rufus Rodriguez""]","[{""place"": ""cagayan de oro city"", ""jurisdiction"": ""cagayan de oro"", ""seats"": [""2nd""]}]","[""Cagayan de Oro barangay crosswalk omits the 1st District; a unique returned name does not prove a unique geographic assignment."", ""Whole-city name is indexed as a 2nd District barangay and overrides shorter locality matches.""]",[],Unresolved: flagged geographic evidence,No plausible NEP title counterpart; review candidate,"Construction of Drainage Structure, Barangay Tablon, Cagayan de Oro City"
HB10858-3-0317-003840,"Construction of Drainage System from BCIR to Iponan River (Iponan Bridge II), Bulua Section, Sta. 0+287- Sta. 0+330 (Alignment 1), Sta. 0+650- Sta. 1+345 (Alignment 2), Cagayan de Oro City",164000000,Central Office,Region X,3- HB 10858 FOR 3RD READING VOL I-C .pdf,317,"[""Cagayan de Oro · 2nd District""]","[""Rufus Rodriguez""]","[{""place"": ""cagayan de oro city"", ""jurisdiction"": ""cagayan de oro"", ""seats"": [""2nd""]}]","[""Cagayan de Oro barangay crosswalk omits the 1st District; a unique returned name does not prove a unique geographic assignment."", ""Whole-city name is indexed as a 2nd District barangay and overrides shorter locality matches.""]",[],Unresolved: flagged geographic evidence,Exact normalized title found in NEP,"Construction of Drainage System from BCIR to Iponan River (Iponan Bridge II), Bulua Section, Sta. 0+287- Sta. 0+330 (Alignment 1), Sta. 0+650- Sta. 1+345 (Alignment 2), Cagayan de Oro City"
HB10858-3-0317-003841,"Construction of Drainage System from BCIR to Iponan River, Bulua Section, Sta. 0+430- Sta. 0+637, Cagayan de Oro City",72000000,Central Office,Region X,3- HB 10858 FOR 3RD READING VOL I-C .pdf,317,"[""Cagayan de Oro · 2nd District""]","[""Rufus Rodriguez""]","[{""place"": ""cagayan de oro city"", ""jurisdiction"": ""cagayan de oro"", ""seats"": [""2nd""]}]","[""Cagayan de Oro barangay crosswalk omits the 1st District; a unique returned name does not prove a unique geographic assignment."", ""Whole-city name is indexed as a 2nd District barangay and overrides shorter locality matches.""]",[],Unresolved: flagged geographic evidence,Exact normalized title found in NEP,"Construction of Drainage System from BCIR to Iponan River, Bulua Section, Sta. 0+430- Sta. 0+637, Cagayan de Oro City"
HB10858-3-0317-003842,"Construction of Drainage System, Bitan-ag Catchment, Barangay 22: Sta. 0+582 - Sta. 0+642, Barangay 26: Sta. 0+642 - Sta. 1+020, Barangay 24: Sta. 1+020 - Sta. 1+262,Cagayan de Oro City",180000000,Central Office,Region X,3- HB 10858 FOR 3RD READING VOL I-C .pdf,317,"[""Cagayan de Oro · 2nd District""]","[""Rufus Rodriguez""]","[{""place"": ""cagayan de oro city"", ""jurisdiction"": ""cagayan de oro"", ""seats"": [""2nd""]}]","[""Cagayan de Oro barangay crosswalk omits the 1st District; a unique returned name does not prove a unique geographic assignment."", ""Whole-city name is indexed as a 2nd District barangay and overrides shorter locality matches.""]",[],Unresolved: flagged geographic evidence,Exact normalized title found in NEP,"Construction of Drainage System, Bitan-ag Catchment, Barangay 22: Sta. 0+582 - Sta. 0+642, Barangay 26: Sta. 0+642 - Sta. 1+020, Barangay 24: Sta. 1+020 - Sta. 1+262,Cagayan de Oro City"
HB10858-3-0317-003843,"Construction of Drainage System, Bitan-ag Catchment, Barangay Lapasan: Sta. 0+000 - Sta. 0+310, Barangay Puntod: Sta. 0+000 - Sta. 0+170, Barangay 22: Sta. 0+170 - Sta. 0+370, Cagayan de Oro City",180000000,Central Office,Region X,3- HB 10858 FOR 3RD READING VOL I-C .pdf,317,"[""Cagayan de Oro · 2nd District""]","[""Rufus Rodriguez""]","[{""place"": ""cagayan de oro city"", ""jurisdiction"": ""cagayan de oro"", ""seats"": [""2nd""]}]","[""Cagayan de Oro barangay crosswalk omits the 1st District; a unique returned name does not prove a unique geographic assignment."", ""Whole-city name is indexed as a 2nd District barangay and overrides shorter locality matches.""]",[],Unresolved: flagged geographic evidence,Exact normalized title found in NEP,"Construction of Drainage System, Bitan-ag Catchment, Barangay Lapasan: Sta. 0+000 - Sta. 0+310, Barangay Puntod: Sta. 0+000 - Sta. 0+170, Barangay 22: Sta. 0+170 - Sta. 0+370, Cagayan de Oro City"
HB10858-3-0328-004045,"Construction of Flood Control Structure, Barangay 18 Abkir, Vintar, Ilocos Norte",8000000,Ilocos Norte 1st District Engineering Office,Region I,3- HB 10858 FOR 3RD READING VOL I-C .pdf,328,"[""Ilocos Norte · 1st District""]","[""Sandro Marcos""]","[{""place"": ""vintar"", ""jurisdiction"": ""ilocos norte"", ""seats"": [""1st""]}]",[],[],Not independently verified,Exact normalized title found in NEP,"Construction of Flood Control Structure, Barangay 18 Abkir, Vintar, Ilocos Norte"
HB10858-3-0328-004046,"Construction of Flood Control Structure, Barangay Bago, Vintar, Ilocos Norte",16000000,Ilocos Norte 1st District Engineering Office,Region I,3- HB 10858 FOR 3RD READING VOL I-C .pdf,328,"[""Ilocos Norte · 1st District""]","[""Sandro Marcos""]","[{""place"": ""vintar"", ""jurisdiction"": ""ilocos norte"", ""seats"": [""1st""]}]",[],[],Not independently verified,Exact normalized title found in NEP,"Construction of Flood Control Structure, Barangay Bago, Vintar, Ilocos Norte"
HB10858-3-0328-004047,"Construction of Flood Control Structure, Sitio Malaggao, Adams, Ilocos Norte",17000000,Ilocos Norte 1st District Engineering Office,Region I,3- HB 10858 FOR 3RD READING VOL I-C .pdf,328,"[""Ilocos Norte · 1st District""]","[""Sandro Marcos""]","[{""place"": ""adams"", ""jurisdiction"": ""ilocos norte"", ""seats"": [""1st""]}]",[],[],Not independently verified,No plausible NEP title counterpart; review candidate,"Construction of Flood Control Structure, Barangay 18 Abkir, Vintar, Ilocos Norte"
HB10858-3-0328-004048,"Rehabilitation of Drainage Canal, Barangay San Pedro II, Bacarra, Ilocos Norte",8000000,Ilocos Norte 1st District Engineering Office,Region I,3- HB 10858 FOR 3RD READING VOL I-C .pdf,328,"[""Ilocos Norte · 1st District""]","[""Sandro Marcos""]","[{""place"": ""bacarra"", ""jurisdiction"": ""ilocos norte"", ""seats"": [""1st""]}]",[],[],Not independently verified,No plausible NEP title counterpart; review candidate,"Construction of Drainage Canal, Barangay Cabusay, Labo, Camarines Norte"
HB10858-3-0328-004050,"Construction of Drainage Canal (Gandara St.), Bacarra, Ilocos Norte",10000000,Ilocos Norte 1st District Engineering Office,Region I,3- HB 10858 FOR 3RD READING VOL I-C .pdf,328,"[""Ilocos Norte · 1st District""]","[""Sandro Marcos""]","[{""place"": ""bacarra"", ""jurisdiction"": ""ilocos norte"", ""seats"": [""1st""]}]",[],[],Not independently verified,No plausible NEP title counterpart; review candidate,"Construction of Quiaoit Diversion Canal, Paoay Section, Paoay, Ilocos Norte"
HB10858-3-0328-004051,"Construction of Drainage Canal (Macario St.), Bacarra, Ilocos Norte",10000000,Ilocos Norte 1st District Engineering Office,Region I,3- HB 10858 FOR 3RD READING VOL I-C .pdf,328,"[""Ilocos Norte · 1st District""]","[""Sandro Marcos""]","[{""place"": ""bacarra"", ""jurisdiction"": ""ilocos norte"", ""seats"": [""1st""]}]",[],[],Not independently verified,No plausible NEP title counterpart; review candidate,"Construction of Drainage Canal Jacinto St., Barangay Poblacion , San Jose,Occidental Mindoro"
HB10858-3-0328-004052,"Construction of Flood Control Structure along Bislak River, Barangay Casilian, Bacarra, Ilocos Norte",50000000,Ilocos Norte 1st District Engineering Office,Region I,3- HB 10858 FOR 3RD READING VOL I-C .pdf,328,"[""Ilocos Norte · 1st District""]","[""Sandro Marcos""]","[{""place"": ""bacarra"", ""jurisdiction"": ""ilocos norte"", ""seats"": [""1st""]}]",[],[],Not independently verified,No plausible NEP title counterpart; review candidate,"Construction of Flood Control Structure, Barangay 18 Abkir, Vintar, Ilocos Norte"
HB10858-3-0329-004053,"Construction of Slope Protection, Cabulaan Elementary School, Bacarra, Ilocos Norte",5000000,Ilocos Norte 1st District Engineering Office,Region I,3- HB 10858 FOR 3RD READING VOL I-C .pdf,329,"[""Ilocos Norte · 1st District""]","[""Sandro Marcos""]","[{""place"": ""bacarra"", ""jurisdiction"": ""ilocos norte"", ""seats"": [""1st""]}]",[],[],Not independently verified,No plausible NEP title counterpart; review candidate,"Construction of Slope Protection, Baay Elementary School, Bagulin, La Union"
HB10858-3-0329-004054,"Rehabilitation of Drainage Canal along Poblacion-Tanap Road, Burgos, Ilocos Norte",5000000,Ilocos Norte 1st District Engineering Office,Region I,3- HB 10858 FOR 3RD READING VOL I-C .pdf,329,"[""Ilocos Norte · 1st District""]","[""Sandro Marcos""]","[{""place"": ""burgos"", ""jurisdiction"": ""ilocos norte"", ""seats"": [""1st""]}]",[],[],Not independently verified,No plausible NEP title counterpart; review candidate,"Construction of Drainage Canal within Barangay Poblacion 1, 2 and 3, Dauin, Negros Oriental"
HB10858-3-0329-004055,"Construction of Groundsill and its Apurtenant Structures, Barangay Tangid, Laoag City, Ilocos Norte",5000000,Ilocos Norte 1st District Engineering Office,Region I,3- HB 10858 FOR 3RD READING VOL I-C .pdf,329,"[""Ilocos Norte · 1st District""]","[""Sandro Marcos""]","[{""place"": ""laoag"", ""jurisdiction"": ""ilocos norte"", ""seats"": [""1st""]}]",[],[],Not independently verified,No plausible NEP title counterpart; review candidate,"Construction of Flood Control Structure, Barangay Bago, Vintar, Ilocos Norte"
HB10858-3-0329-004056,"Construction of Major Drainage, Laoag City, Ilocos Norte",5000000,Ilocos Norte 1st District Engineering Office,Region I,3- HB 10858 FOR 3RD READING VOL I-C .pdf,329,"[""Ilocos Norte · 1st District""]","[""Sandro Marcos""]","[{""place"": ""laoag"", ""jurisdiction"": ""ilocos norte"", ""seats"": [""1st""]}]",[],[],Not independently verified,No plausible NEP title counterpart; review candidate,"Construction of Quiaoit Diversion Canal, Paoay Section, Paoay, Ilocos Norte"
HB10858-3-0329-004057,"Construction of Drainage Canal, Barangay 4 San Guillermo, Laoag City, Ilocos Norte",5000000,Ilocos Norte 1st District Engineering Office,Region I,3- HB 10858 FOR 3RD READING VOL I-C .pdf,329,"[""Ilocos Norte · 1st District""]","[""Sandro Marcos""]","[{""place"": ""laoag"", ""jurisdiction"": ""ilocos norte"", ""seats"": [""1st""]}]",[],[],Not independently verified,No plausible NEP title counterpart; review candidate,"Construction of Drainage Canal at Barangay San Miguel, Tarlac City, Tarlac"
HB10858-3-0329-004058,"Construction of Canal Lining, Barangay 38-B Mangato West, Laoag City, Ilocos Norte",5000000,Ilocos Norte 1st District Engineering Office,Region I,3- HB 10858 FOR 3RD READING VOL I-C .pdf,329,"[""Ilocos Norte · 1st District""]","[""Sandro Marcos""]","[{""place"": ""laoag"", ""jurisdiction"": ""ilocos norte"", ""seats"": [""1st""]}]",[],[],Not independently verified,No plausible NEP title counterpart; review candidate,"Construction of Flood Control Structure, Barangay Bago, Vintar, Ilocos Norte"
HB10858-3-0329-004059,"Construction of Drainage Canal, Barangay 5 San Pedro, Laoag City, Ilocos Norte",5000000,Ilocos Norte 1st District Engineering Office,Region I,3- HB 10858 FOR 3RD READING VOL I-C .pdf,329,"[""Ilocos Norte · 1st District""]","[""Sandro Marcos""]","[{""place"": ""laoag"", ""jurisdiction"": ""ilocos norte"", ""seats"": [""1st""]}]",[],[],Not independently verified,No plausible NEP title counterpart; review candidate,"Construction of Drainage Canal, Barangay Cabusay, Labo, Camarines Norte"
HB10858-3-0329-004060,"Construction of Drainage Canal, Barangay 6 San Agustin, Laoag City, Ilocos Norte",5000000,Ilocos Norte 1st District Engineering Office,Region I,3- HB 10858 FOR 3RD READING VOL I-C .pdf,329,"[""Ilocos Norte · 1st District""]","[""Sandro Marcos""]","[{""place"": ""laoag"", ""jurisdiction"": ""ilocos norte"", ""seats"": [""1st""]}]",[],[],Not independently verified,No plausible NEP title counterpart; review candidate,"Construction of Drainage Canal, Barangay Cabusay, Labo, Camarines Norte"
HB10858-3-0329-004061,"Construction of Drainage Canal, Barangay 7-A Nuestra Señora Del Natividad, Laoag City, Ilocos Norte",5000000,Ilocos Norte 1st District Engineering Office,Region I,3- HB 10858 FOR 3RD READING VOL I-C .pdf,329,"[""Ilocos Norte · 1st District""]","[""Sandro Marcos""]","[{""place"": ""laoag"", ""jurisdiction"": ""ilocos norte"", ""seats"": [""1st""]}]",[],[],Not independently verified,No plausible NEP title counterpart; review candidate,"Construction of Drainage Canal, Barangay Cabusay, Labo, Camarines Norte"
HB10858-3-0329-004062,"Construction of Drainage Canal, Barangay 9 Sta. Angela, Laoag City, Ilocos Norte",5000000,Ilocos Norte 1st District Engineering Office,Region I,3- HB 10858 FOR 3RD READING VOL I-C .pdf,329,"[""Ilocos Norte · 1st District""]","[""Sandro Marcos""]","[{""place"": ""laoag"", ""jurisdiction"": ""ilocos norte"", ""seats"": [""1st""]}]",[],[],Not independently verified,No plausible NEP title counterpart; review candidate,"Construction of Drainage Canal, Barangay Cabusay, Labo, Camarines Norte"
HB10858-3-0329-004063,"Construction of Drainage Canal, Barangay 12 San Isidro, Laoag City, Ilocos Norte",5000000,Ilocos Norte 1st District Engineering Office,Region I,3- HB 10858 FOR 3RD READING VOL I-C .pdf,329,"[""Ilocos Norte · 1st District""]","[""Sandro Marcos""]","[{""place"": ""laoag"", ""jurisdiction"": ""ilocos norte"", ""seats"": [""1st""]}]",[],[],Not independently verified,No plausible NEP title counterpart; review candidate,"Construction of Drainage Canal, Barangay Cabusay, Labo, Camarines Norte"
HB10858-3-0329-004065,"Construction of Drainage Canal, Barangay 19 Sta. Marcela, Laoag City, Ilocos Norte",5000000,Ilocos Norte 1st District Engineering Office,Region I,3- HB 10858 FOR 3RD READING VOL I-C .pdf,329,"[""Ilocos Norte · 1st District""]","[""Sandro Marcos""]","[{""place"": ""laoag"", ""jurisdiction"": ""ilocos norte"", ""seats"": [""1st""]}]",[],[],Not independently verified,No plausible NEP title counterpart; review candidate,"Construction of Drainage Canal, Barangay Cabusay, Labo, Camarines Norte"
HB10858-3-0329-004066,"Construction of Drainage Canal, Barangay 22 San Andres, Laoag City, Ilocos Norte",5000000,Ilocos Norte 1st District Engineering Office,Region I,3- HB 10858 FOR 3RD READING VOL I-C .pdf,329,"[""Ilocos Norte · 1st District""]","[""Sandro Marcos""]","[{""place"": ""laoag"", ""jurisdiction"": ""ilocos norte"", ""seats"": [""1st""]}]",[],[],Not independently verified,No plausible NEP title counterpart; review candidate,"Construction of Drainage Canal, Barangay Cabusay, Labo, Camarines Norte"
HB10858-3-0329-004067,"Construction of Drainage Canal, Barangay 25 Sta. Cayetana, Laoag City, Ilocos Norte",5000000,Ilocos Norte 1st District Engineering Office,Region I,3- HB 10858 FOR 3RD READING VOL I-C .pdf,329,"[""Ilocos Norte · 1st District""]","[""Sandro Marcos""]","[{""place"": ""laoag"", ""jurisdiction"": ""ilocos norte"", ""seats"": [""1st""]}]",[],[],Not independently verified,No plausible NEP title counterpart; review candidate,"Construction of Drainage Canal, Barangay Cabusay, Labo, Camarines Norte"
HB10858-3-0329-004068,"Construction of Drainage Canal, Barangay 27 Nuestra Señora de Soledad, Laoag City, Ilocos Norte",5000000,Ilocos Norte 1st District Engineering Office,Region I,3- HB 10858 FOR 3RD READING VOL I-C .pdf,329,"[""Ilocos Norte · 1st District""]","[""Sandro Marcos""]","[{""place"": ""laoag"", ""jurisdiction"": ""ilocos norte"", ""seats"": [""1st""]}]",[],[],Not independently verified,No plausible NEP title counterpart; review candidate,"Construction of Drainage Canal, Barangay Cabusay, Labo, Camarines Norte"
HB10858-3-0329-004069,"Construction of Drainage Canal, Barangay 29 Sto. Tomas, Laoag City, Ilocos Norte",5000000,Ilocos Norte 1st District Engineering Office,Region I,3- HB 10858 FOR 3RD READING VOL I-C .pdf,329,"[""Ilocos Norte · 1st District""]","[""Sandro Marcos""]","[{""place"": ""laoag"", ""jurisdiction"": ""ilocos norte"", ""seats"": [""1st""]}]",[],[],Not independently verified,No plausible NEP title counterpart; review candidate,"Construction of Drainage Canal, Barangay Cabusay, Labo, Camarines Norte"
HB10858-3-0329-004070,"Construction of Drainage Canal, Barangay 32-A La Paz East, Laoag City, Ilocos Norte",5000000,Ilocos Norte 1st District Engineering Office,Region I,3- HB 10858 FOR 3RD READING VOL I-C .pdf,329,"[""Ilocos Norte · 1st District""]","[""Sandro Marcos""]","[{""place"": ""laoag"", ""jurisdiction"": ""ilocos norte"", ""seats"": [""1st""]}]",[],[],Not independently verified,No plausible NEP title counterpart; review candidate,"Construction of Drainage Canal, Barangay Cabusay, Labo, Camarines Norte"
HB10858-3-0329-004071,"Construction of Drainage Canal, Barangay 32-C, Laoag City, Ilocos Norte",5000000,Ilocos Norte 1st District Engineering Office,Region I,3- HB 10858 FOR 3RD READING VOL I-C .pdf,329,"[""Ilocos Norte · 1st District""]","[""Sandro Marcos""]","[{""place"": ""laoag"", ""jurisdiction"": ""ilocos norte"", ""seats"": [""1st""]}]",[],[],Not independently verified,No plausible NEP title counterpart; review candidate,"Construction of Drainage Canal, Barangay Cabusay, Labo, Camarines Norte"
HB10858-3-0329-004072,"Construction of Drainage Canal, Barangay 52-A San Mateo, Laoag City, Ilocos Norte",5000000,Ilocos Norte 1st District Engineering Office,Region I,3- HB 10858 FOR 3RD READING VOL I-C .pdf,329,"[""Ilocos Norte · 1st District""]","[""Sandro Marcos""]","[{""place"": ""laoag"", ""jurisdiction"": ""ilocos norte"", ""seats"": [""1st""]}]",[],[],Not independently verified,No plausible NEP title counterpart; review candidate,"Construction of Drainage Canal, Barangay Cabusay, Labo, Camarines Norte"
HB10858-3-0329-004073,"Rehabilitation of Drainage Canal, Barangay 40 Balatong, Laoag City, Ilocos Norte",5000000,Ilocos Norte 1st District Engineering Office,Region I,3- HB 10858 FOR 3RD READING VOL I-C .pdf,329,"[""Ilocos Norte · 1st District""]","[""Sandro Marcos""]","[{""place"": ""laoag"", ""jurisdiction"": ""ilocos norte"", ""seats"": [""1st""]}]",[],[],Not independently verified,No plausible NEP title counterpart; review candidate,"Construction of Drainage Canal, Barangay Cabusay, Labo, Camarines Norte"
HB10858-3-0329-004074,"Construction of Drainage Canal, Barangay 2 Santa Joaquina, Laoag City, Ilocos Norte",5000000,Ilocos Norte 1st District Engineering Office,Region I,3- HB 10858 FOR 3RD READING VOL I-C .pdf,329,"[""Ilocos Norte · 1st District""]","[""Sandro Marcos""]","[{""place"": ""laoag"", ""jurisdiction"": ""ilocos norte"", ""seats"": [""1st""]}]",[],[],Not independently verified,No plausible NEP title counterpart; review candidate,"Construction of Drainage Canal, Barangay Cabusay, Labo, Camarines Norte"
HB10858-3-0329-004075,"Construction of Canal Lining, Barangay 8, Laoag City, Ilocos Norte",5000000,Ilocos Norte 1st District Engineering Office,Region I,3- HB 10858 FOR 3RD READING VOL I-C .pdf,329,"[""Ilocos Norte · 1st District""]","[""Sandro Marcos""]","[{""place"": ""laoag"", ""jurisdiction"": ""ilocos norte"", ""seats"": [""1st""]}]",[],[],Not independently verified,No plausible NEP title counterpart; review candidate,"Construction of Flood Control Structure, Barangay Bago, Vintar, Ilocos Norte"
HB10858-3-0330-004076,"Construction of Canal Lining, Barangay 16, Laoag City, Ilocos Norte",5000000,Ilocos Norte 1st District Engineering Office,Region I,3- HB 10858 FOR 3RD READING VOL I-C .pdf,330,"[""Ilocos Norte · 1st District""]","[""Sandro Marcos""]","[{""place"": ""laoag"", ""jurisdiction"": ""ilocos norte"", ""seats"": [""1st""]}]",[],[],Not independently verified,No plausible NEP title counterpart; review candidate,"Construction of Flood Control Structure, Barangay Bago, Vintar, Ilocos Norte"
HB10858-3-0330-004078,"Construction of Box Culvert, Barangay 47 Bengcag, Laoag City, Ilocos Norte",5000000,Ilocos Norte 1st District Engineering Office,Region I,3- HB 10858 FOR 3RD READING VOL I-C .pdf,330,"[""Ilocos Norte · 1st District""]","[""Sandro Marcos""]","[{""place"": ""laoag"", ""jurisdiction"": ""ilocos norte"", ""seats"": [""1st""]}]",[],[],Not independently verified,No plausible NEP title counterpart; review candidate,"Construction of Box Culvert, Barangay Carael, Dagupan City, Pangasinan"
HB10858-3-0330-004080,"Construction of Canal Lining, Mangato, Laoag City, Ilocos Norte",5000000,Ilocos Norte 1st District Engineering Office,Region I,3- HB 10858 FOR 3RD READING VOL I-C .pdf,330,"[""Ilocos Norte · 1st District""]","[""Sandro Marcos""]","[{""place"": ""laoag"", ""jurisdiction"": ""ilocos norte"", ""seats"": [""1st""]}]",[],[],Not independently verified,No plausible NEP title counterpart; review candidate,"Construction of Flood Control Structure, Barangay Salsalamagui, Vintar, Ilocos Norte"
HB10858-3-0330-004081,"Construction of Sea Wall, Barangay Davila, Pasuquin, Ilocos Norte",50000000,Ilocos Norte 1st District Engineering Office,Region I,3- HB 10858 FOR 3RD READING VOL I-C .pdf,330,"[""Ilocos Norte · 1st District""]","[""Sandro Marcos""]","[{""place"": ""pasuquin"", ""jurisdiction"": ""ilocos norte"", ""seats"": [""1st""]}]",[],[],Not independently verified,No plausible NEP title counterpart; review candidate,"Construction of Flood Control Structure, Barangay Bago, Vintar, Ilocos Norte"
HB10858-3-0330-004082,"Construction of Drainage Canal, Barangay Poblacion 4, Pasuquin, Ilocos Norte",5000000,Ilocos Norte 1st District Engineering Office,Region I,3- HB 10858 FOR 3RD READING VOL I-C .pdf,330,"[""Ilocos Norte · 1st District""]","[""Sandro Marcos""]","[{""place"": ""pasuquin"", ""jurisdiction"": ""ilocos norte"", ""seats"": [""1st""]}]",[],[],Not independently verified,No plausible NEP title counterpart; review candidate,"Construction of Drainage Canal within Barangay Poblacion 1, 2 and 3, Dauin, Negros Oriental"
HB10858-3-0330-004083,"Construction of Slope Protection, Poblacion-Tadao, Pasuquin, Ilocos Norte",5000000,Ilocos Norte 1st District Engineering Office,Region I,3- HB 10858 FOR 3RD READING VOL I-C .pdf,330,"[""Ilocos Norte · 1st District""]","[""Sandro Marcos""]","[{""place"": ""pasuquin"", ""jurisdiction"": ""ilocos norte"", ""seats"": [""1st""]}]",[],[],Not independently verified,No plausible NEP title counterpart; review candidate,"Construction of Slope Protection Structure at North Poblacion, Larena, Siquijor"
HB10858-3-0330-004084,"Construction of Drainage Canal, Barangay San Leandro, Sarrat, Ilocos Norte",5000000,Ilocos Norte 1st District Engineering Office,Region I,3- HB 10858 FOR 3RD READING VOL I-C .pdf,330,"[""Ilocos Norte · 1st District""]","[""Sandro Marcos""]","[{""place"": ""sarrat"", ""jurisdiction"": ""ilocos norte"", ""seats"": [""1st""]}]",[],[],Not independently verified,No plausible NEP title counterpart; review candidate,"Construction of Drainage Canal, Barangay Cabusay, Labo, Camarines Norte"
HB10858-3-0330-004085,"Construction of Drainage Canal, Barangay San Vicente, Sarrat, Ilocos Norte",5000000,Ilocos Norte 1st District Engineering Office,Region I,3- HB 10858 FOR 3RD READING VOL I-C .pdf,330,"[""Ilocos Norte · 1st District""]","[""Sandro Marcos""]","[{""place"": ""sarrat"", ""jurisdiction"": ""ilocos norte"", ""seats"": [""1st""]}]",[],[],Not independently verified,No plausible NEP title counterpart; review candidate,"Construction of Drainage Canal, Barangay Cabusay, Labo, Camarines Norte"
HB10858-3-0330-004086,"Construction of Drainage Canal, Barangay Sta. Barbara, Sarrat, Ilocos Norte",5000000,Ilocos Norte 1st District Engineering Office,Region I,3- HB 10858 FOR 3RD READING VOL I-C .pdf,330,"[""Ilocos Norte · 1st District""]","[""Sandro Marcos""]","[{""place"": ""sarrat"", ""jurisdiction"": ""ilocos norte"", ""seats"": [""1st""]}]",[],[],Not independently verified,No plausible NEP title counterpart; review candidate,"Construction of Drainage Canal, Barangay Cabusay, Labo, Camarines Norte"
HB10858-3-0330-004087,"Construction of Flood Control Structure, Sitio Dimamaga-Tamdagan, Vintar, Ilocos Norte",8000000,Ilocos Norte 1st District Engineering Office,Region I,3- HB 10858 FOR 3RD READING VOL I-C .pdf,330,"[""Ilocos Norte · 1st District""]","[""Sandro Marcos""]","[{""place"": ""vintar"", ""jurisdiction"": ""ilocos norte"", ""seats"": [""1st""]}]",[],[],Not independently verified,No plausible NEP title counterpart; review candidate,"Construction of Flood Control Structure, Barangay 18 Abkir, Vintar, Ilocos Norte"
HB10858-3-0330-004088,"Construction of Flood Control Structure, Upstream of Hanging Bridge, Barangay Cabangaran, Vintar, Ilocos Norte",8000000,Ilocos Norte 1st District Engineering Office,Region I,3- HB 10858 FOR 3RD READING VOL I-C .pdf,330,"[""Ilocos Norte · 1st District""]","[""Sandro Marcos""]","[{""place"": ""vintar"", ""jurisdiction"": ""ilocos norte"", ""seats"": [""1st""]}]",[],[],Not independently verified,No plausible NEP title counterpart; review candidate,"Construction of Flood Control Structure, Barangay Bago, Vintar, Ilocos Norte"
HB10858-3-0330-004089,"Construction of Flood Control Structure, Barangay Cabayo, Vintar, Ilocos Norte",8000000,Ilocos Norte 1st District Engineering Office,Region I,3- HB 10858 FOR 3RD READING VOL I-C .pdf,330,"[""Ilocos Norte · 1st District""]","[""Sandro Marcos""]","[{""place"": ""vintar"", ""jurisdiction"": ""ilocos norte"", ""seats"": [""1st""]}]",[],[],Not independently verified,Multiple or already paired NEP counterparts; review scope,"Construction of Flood Control Structure, Barangay Bago, Vintar, Ilocos Norte"
HB10858-3-0330-004090,"Construction of Flood Control Structure, Barangay San Jose Lipay, Vintar, Ilocos Norte",6550000,Ilocos Norte 1st District Engineering Office,Region I,3- HB 10858 FOR 3RD READING VOL I-C .pdf,330,"[""Ilocos Norte · 1st District""]","[""Sandro Marcos""]","[{""place"": ""vintar"", ""jurisdiction"": ""ilocos norte"", ""seats"": [""1st""]}]",[],[],Not independently verified,Multiple or already paired NEP counterparts; review scope,"Construction of Flood Control Structure, Barangay Bago, Vintar, Ilocos Norte"
HB10858-3-0330-004091,"Construction of Flood Control Structure along Bengang Creek, Laoag City, Ilocos Norte",50000000,Ilocos Norte 1st District Engineering Office,Region I,3- HB 10858 FOR 3RD READING VOL I-C .pdf,330,"[""Ilocos Norte · 1st District""]","[""Sandro Marcos""]","[{""place"": ""laoag"", ""jurisdiction"": ""ilocos norte"", ""seats"": [""1st""]}]",[],[],Not independently verified,No plausible NEP title counterpart; review candidate,"Construction of Flood Control Structure, Barangay Bago, Vintar, Ilocos Norte"
HB10858-3-0330-004092,"Construction of Flood Control Structure aling Daurao Creek, Laoag City, Ilocos Norte",30000000,Ilocos Norte 1st District Engineering Office,Region I,3- HB 10858 FOR 3RD READING VOL I-C .pdf,330,"[""Ilocos Norte · 1st District""]","[""Sandro Marcos""]","[{""place"": ""laoag"", ""jurisdiction"": ""ilocos norte"", ""seats"": [""1st""]}]",[],[],Not independently verified,No plausible NEP title counterpart; review candidate,"Construction of Flood Control Structure at Bayugo-Zamora Creek, Meycauayan City, Bulacan"
HB10858-3-0330-004093,"Construction of Slope Protection (Bridge Protection) along Bislak River, Bacarra Br. Abutment B, Bacarra, Ilocos Norte",50000000,Ilocos Norte 1st District Engineering Office,Region I,3- HB 10858 FOR 3RD READING VOL I-C .pdf,330,"[""Ilocos Norte · 1st District""]","[""Sandro Marcos""]","[{""place"": ""bacarra"", ""jurisdiction"": ""ilocos norte"", ""seats"": [""1st""]}]",[],[],Not independently verified,No plausible NEP title counterpart; review candidate,"Construction of Slope Protection Structure along Ingalera River, Barangay Barang, Malasiqui, Pangasinan"
HB10858-3-0330-004094,"Construction of Flood Control Structure, Barangay Casilian,Bacarra, Ilocos Norte",30000000,Ilocos Norte 1st District Engineering Office,Region I,3- HB 10858 FOR 3RD READING VOL I-C .pdf,330,"[""Ilocos Norte · 1st District""]","[""Sandro Marcos""]","[{""place"": ""bacarra"", ""jurisdiction"": ""ilocos norte"", ""seats"": [""1st""]}]",[],[],Not independently verified,Multiple or already paired NEP counterparts; review scope,"Construction of Flood Control Structure, Barangay 18 Abkir, Vintar, Ilocos Norte"
HB10858-3-0330-004095,"Construction of Flood Control Structure along Kabaywasan Creek, Barangay Bani, Bacarra, Ilocos Norte",10000000,Ilocos Norte 1st District Engineering Office,Region I,3- HB 10858 FOR 3RD READING VOL I-C .pdf,330,"[""Ilocos Norte · 1st District""]","[""Sandro Marcos""]","[{""place"": ""bacarra"", ""jurisdiction"": ""ilocos norte"", ""seats"": [""1st""]}]",[],[],Not independently verified,No plausible NEP title counterpart; review candidate,"Construction of Flood Control Structure, Barangay Bago, Vintar, Ilocos Norte"
HB10858-3-0330-004096,"Construction of Flood Control Structure along Buyon-Pasiocan, Bacarra, Ilocos Norte",10000000,Ilocos Norte 1st District Engineering Office,Region I,3- HB 10858 FOR 3RD READING VOL I-C .pdf,330,"[""Ilocos Norte · 1st District""]","[""Sandro Marcos""]","[{""place"": ""bacarra"", ""jurisdiction"": ""ilocos norte"", ""seats"": [""1st""]}]",[],[],Not independently verified,No plausible NEP title counterpart; review candidate,"Construction of Flood Control Structure, Barangay Bago, Vintar, Ilocos Norte"
HB10858-3-0330-004097,"Construction of Drainage Canal along Enrique Albano St.,Barangay San Simon I, Bacarra, Ilocos Norte",5000000,Ilocos Norte 1st District Engineering Office,Region I,3- HB 10858 FOR 3RD READING VOL I-C .pdf,330,"[""Ilocos Norte · 1st District""]","[""Sandro Marcos""]","[{""place"": ""bacarra"", ""jurisdiction"": ""ilocos norte"", ""seats"": [""1st""]}]",[],[],Not independently verified,No plausible NEP title counterpart; review candidate,"Construction of Drainage Canal, Barangay Cabusay, Labo, Camarines Norte"
HB10858-3-0330-004098,"Construction of Slope Protection along Abang Creek,Barangay Lanao, Bangui, Ilocos Norte",25000000,Ilocos Norte 1st District Engineering Office,Region I,3- HB 10858 FOR 3RD READING VOL I-C .pdf,330,"[""Ilocos Norte · 1st District""]","[""Sandro Marcos""]","[{""place"": ""bangui"", ""jurisdiction"": ""ilocos norte"", ""seats"": [""1st""]}]",[],[],Not independently verified,No plausible NEP title counterpart; review candidate,"Construction of Slope Protection Structure along Lombang Creek, Barangay Payar, San Carlos City, Pangasinan"
HB10858-3-0331-004099,"Construction of Flood Control Structure along Kabaywan Creek, Barangay Poblacion, Burgos, Ilocos Norte",10000000,Ilocos Norte 1st District Engineering Office,Region I,3- HB 10858 FOR 3RD READING VOL I-C .pdf,331,"[""Ilocos Norte · 1st District""]","[""Sandro Marcos""]","[{""place"": ""burgos"", ""jurisdiction"": ""ilocos norte"", ""seats"": [""1st""]}]",[],[],Not independently verified,No plausible NEP title counterpart; review candidate,"Construction of Flood Control Structure, Barangay Bago, Vintar, Ilocos Norte"
HB10858-3-0331-004100,"Construction of Groundsill and its Appurtenant Structure, Bonga Pump 3, Barangay Tangid, Laoag City, Ilocos Norte",50000000,Ilocos Norte 1st District Engineering Office,Region I,3- HB 10858 FOR 3RD READING VOL I-C .pdf,331,"[""Ilocos Norte · 1st District""]","[""Sandro Marcos""]","[{""place"": ""laoag"", ""jurisdiction"": ""ilocos norte"", ""seats"": [""1st""]}]",[],[],Not independently verified,No plausible NEP title counterpart; review candidate,"Construction of Flood Mitigating Structure along Bacarra-Vintar River (Principal River), Barangay Alsem, Vintar, Ilocos Norte"
HB10858-3-0331-004101,"Construction of Flood Control Structure along Bislak River,Small Water Impounding Project (SWIP), Barangay Pila, Laoag City, Ilocos Norte",20000000,Ilocos Norte 1st District Engineering Office,Region I,3- HB 10858 FOR 3RD READING VOL I-C .pdf,331,"[""Ilocos Norte · 1st District""]","[""Sandro Marcos""]","[{""place"": ""laoag"", ""jurisdiction"": ""ilocos norte"", ""seats"": [""1st""]}]",[],[],Not independently verified,No plausible NEP title counterpart; review candidate,"Construction of Flood Control Structure, Barangay Bago, Vintar, Ilocos Norte"
HB10858-3-0331-004103,"Construction of Major Drainage along Laoag-Vintar Rd, Barangays 13, 27, 54-A and 55- B, Laoag City, Ilocos Norte",50000000,Ilocos Norte 1st District Engineering Office,Region I,3- HB 10858 FOR 3RD READING VOL I-C .pdf,331,"[""Ilocos Norte · 1st District""]","[""Sandro Marcos""]","[{""place"": ""vintar"", ""jurisdiction"": ""ilocos norte"", ""seats"": [""1st""]}]",[],[],Not independently verified,No plausible NEP title counterpart; review candidate,"Construction of Flood Control Structure, Barangay Salsalamagui, Vintar, Ilocos Norte"
HB10858-3-0331-004104,"Construction of Major Drainage along Barangays 27, 28 and29, Laoag City, Ilocos Norte",30000000,Ilocos Norte 1st District Engineering Office,Region I,3- HB 10858 FOR 3RD READING VOL I-C .pdf,331,"[""Ilocos Norte · 1st District""]","[""Sandro Marcos""]","[{""place"": ""laoag"", ""jurisdiction"": ""ilocos norte"", ""seats"": [""1st""]}]",[],[],Not independently verified,No plausible NEP title counterpart; review candidate,"Construction of Integrated Drainage System including Appurtenances, San Nicolas, Ilocos Norte"
HB10858-3-0331-004105,"Construction of Drainage Canal Structure, Barangay 39 Sta.Rosa, Laoag City, Ilocos Norte",15000000,Ilocos Norte 1st District Engineering Office,Region I,3- HB 10858 FOR 3RD READING VOL I-C .pdf,331,"[""Ilocos Norte · 1st District""]","[""Sandro Marcos""]","[{""place"": ""laoag"", ""jurisdiction"": ""ilocos norte"", ""seats"": [""1st""]}]",[],[],Not independently verified,No plausible NEP title counterpart; review candidate,"Construction of Drainage Canal, Barangay Cabusay, Labo, Camarines Norte"
HB10858-3-0331-004106,"Construction of Drainage Canal Structure, Barangay 48-A Cabungaan North, Laoag City, Ilocos Norte",5000000,Ilocos Norte 1st District Engineering Office,Region I,3- HB 10858 FOR 3RD READING VOL I-C .pdf,331,"[""Ilocos Norte · 1st District""]","[""Sandro Marcos""]","[{""place"": ""laoag"", ""jurisdiction"": ""ilocos norte"", ""seats"": [""1st""]}]",[],[],Not independently verified,No plausible NEP title counterpart; review candidate,"Construction of Drainage Canal, Barangay Cabusay, Labo, Camarines Norte"
HB10858-3-0331-004107,"Construction of Drainage Canal Structure, Barangay 8 San Vicente, Laoag City, Ilocos Norte",15000000,Ilocos Norte 1st District Engineering Office,Region I,3- HB 10858 FOR 3RD READING VOL I-C .pdf,331,"[""Ilocos Norte · 1st District""]","[""Sandro Marcos""]","[{""place"": ""laoag"", ""jurisdiction"": ""ilocos norte"", ""seats"": [""1st""]}]",[],[],Not independently verified,No plausible NEP title counterpart; review candidate,"Construction of Flood Control Structure, Barangay 18 Abkir, Vintar, Ilocos Norte"
HB10858-3-0331-004108,"Construction of River Wall, Barangay Poblacion 2, Pasuquin,Ilocos Norte",50000000,Ilocos Norte 1st District Engineering Office,Region I,3- HB 10858 FOR 3RD READING VOL I-C .pdf,331,"[""Ilocos Norte · 1st District""]","[""Sandro Marcos""]","[{""place"": ""pasuquin"", ""jurisdiction"": ""ilocos norte"", ""seats"": [""1st""]}]",[],[],Not independently verified,No plausible NEP title counterpart; review candidate,"Construction of Flood Control Structure, Barangay Bago, Vintar, Ilocos Norte"
HB10858-3-0331-004109,"Construction of Poblacion 1 River Wall, Barangay Poblacion 1, Pasuquin, Ilocos Norte",50000000,Ilocos Norte 1st District Engineering Office,Region I,3- HB 10858 FOR 3RD READING VOL I-C .pdf,331,"[""Ilocos Norte · 1st District""]","[""Sandro Marcos""]","[{""place"": ""pasuquin"", ""jurisdiction"": ""ilocos norte"", ""seats"": [""1st""]}]",[],[],Not independently verified,No plausible NEP title counterpart; review candidate,"Construction of Flood Control Structure, Barangay Bago, Vintar, Ilocos Norte"
HB10858-3-0331-004110,"Construction of River Wall, Barangay Poblacion 4, Pasuquin,Ilocos Norte",50000000,Ilocos Norte 1st District Engineering Office,Region I,3- HB 10858 FOR 3RD READING VOL I-C .pdf,331,"[""Ilocos Norte · 1st District""]","[""Sandro Marcos""]","[{""place"": ""pasuquin"", ""jurisdiction"": ""ilocos norte"", ""seats"": [""1st""]}]",[],[],Not independently verified,No plausible NEP title counterpart; review candidate,"Construction of Flood Control Structure, Barangay Bago, Vintar, Ilocos Norte"
HB10858-3-0331-004111,"Construction of Sea Wall, Barangay Caruan, Pasuquin, Ilocos Norte",50000000,Ilocos Norte 1st District Engineering Office,Region I,3- HB 10858 FOR 3RD READING VOL I-C .pdf,331,"[""Ilocos Norte · 1st District""]","[""Sandro Marcos""]","[{""place"": ""pasuquin"", ""jurisdiction"": ""ilocos norte"", ""seats"": [""1st""]}]",[],[],Not independently verified,No plausible NEP title counterpart; review candidate,"Construction of Quiaoit Diversion Canal, Paoay Section, Paoay, Ilocos Norte"
HB10858-3-0331-004112,"Construction of Flood Mitigating Structure (Sabo Dam),Barangay Estancia, Piddig, Ilocos Norte",50000000,Ilocos Norte 1st District Engineering Office,Region I,3- HB 10858 FOR 3RD READING VOL I-C .pdf,331,"[""Ilocos Norte · 1st District""]","[""Sandro Marcos""]","[{""place"": ""piddig"", ""jurisdiction"": ""ilocos norte"", ""seats"": [""1st""]}]",[],[],Not independently verified,No plausible NEP title counterpart; review candidate,"Construction of Flood Control Structure, Barangay Bago, Vintar, Ilocos Norte"
HB10858-3-0331-004113,"Construction of Flood Mitigating Structure (Sabo Dam),Barangay Dupitac, Piddig, Ilocos Norte",50000000,Ilocos Norte 1st District Engineering Office,Region I,3- HB 10858 FOR 3RD READING VOL I-C .pdf,331,"[""Ilocos Norte · 1st District""]","[""Sandro Marcos""]","[{""place"": ""piddig"", ""jurisdiction"": ""ilocos norte"", ""seats"": [""1st""]}]",[],[],Not independently verified,No plausible NEP title counterpart; review candidate,"Construction of Flood Control Structure, Barangay Bago, Vintar, Ilocos Norte"
HB10858-3-0331-004114,"Construction of Flood Control Structure, Barangay Tonoton,Piddig, Ilocos Norte",50000000,Ilocos Norte 1st District Engineering Office,Region I,3- HB 10858 FOR 3RD READING VOL I-C .pdf,331,"[""Ilocos Norte · 1st District""]","[""Sandro Marcos""]","[{""place"": ""piddig"", ""jurisdiction"": ""ilocos norte"", ""seats"": [""1st""]}]",[],[],Not independently verified,Multiple or already paired NEP counterparts; review scope,"Construction of Flood Control Structure, Barangay Bago, Vintar, Ilocos Norte"
HB10858-3-0331-004115,"Construction of Groundsill and its Appurtenant Structure, Bonga Pump 1, Barangay San Antonio, Sarrat, Ilocos Norte",50000000,Ilocos Norte 1st District Engineering Office,Region I,3- HB 10858 FOR 3RD READING VOL I-C .pdf,331,"[""Ilocos Norte · 1st District""]","[""Sandro Marcos""]","[{""place"": ""sarrat"", ""jurisdiction"": ""ilocos norte"", ""seats"": [""1st""]}]",[],[],Not independently verified,No plausible NEP title counterpart; review candidate,"Construction of Drainage Structure, Barangay San Antonio, Los Baños, Laguna"
HB10858-3-0331-004116,"Construction of Flood Control Structure, Upstream of Vintar Bridge, Barangay 5, Vintar, Ilocos Norte",50000000,Ilocos Norte 1st District Engineering Office,Region I,3- HB 10858 FOR 3RD READING VOL I-C .pdf,331,"[""Ilocos Norte · 1st District""]","[""Sandro Marcos""]","[{""place"": ""vintar"", ""jurisdiction"": ""ilocos norte"", ""seats"": [""1st""]}]",[],[],Not independently verified,No plausible NEP title counterpart; review candidate,"Construction of Flood Control Structure, Barangay Bago, Vintar, Ilocos Norte"
HB10858-3-0331-004117,"Construction of Flood Control Structure along Bislak River,Small Water Impounding Project (SWIP), Barangay Canaam, Vintar, Ilocos Norte",30000000,Ilocos Norte 1st District Engineering Office,Region I,3- HB 10858 FOR 3RD READING VOL I-C .pdf,331,"[""Ilocos Norte · 1st District""]","[""Sandro Marcos""]","[{""place"": ""vintar"", ""jurisdiction"": ""ilocos norte"", ""seats"": [""1st""]}]",[],[],Not independently verified,No plausible NEP title counterpart; review candidate,"Construction of Flood Mitigating Structure along Bacarra-Vintar River (Principal River), Barangay Alsem, Vintar, Ilocos Norte"
HB10858-3-0331-004118,"Construction of Flood Control Structure along Principal River, Barangay Poblacion, Vintar, Ilocos Norte",50000000,Ilocos Norte 1st District Engineering Office,Region I,3- HB 10858 FOR 3RD READING VOL I-C .pdf,331,"[""Ilocos Norte · 1st District""]","[""Sandro Marcos""]","[{""place"": ""vintar"", ""jurisdiction"": ""ilocos norte"", ""seats"": [""1st""]}]",[],[],Not independently verified,No plausible NEP title counterpart; review candidate,"Construction of Flood Control Structure, Barangay Bago, Vintar, Ilocos Norte"
HB10858-3-0332-004119,"Construction of Box Culvert, Barangay Malampa, Vintar, Ilocos Norte",5000000,Ilocos Norte 1st District Engineering Office,Region I,3- HB 10858 FOR 3RD READING VOL I-C .pdf,332,"[""Ilocos Norte · 1st District""]","[""Sandro Marcos""]","[{""place"": ""vintar"", ""jurisdiction"": ""ilocos norte"", ""seats"": [""1st""]}]",[],[],Not independently verified,No plausible NEP title counterpart; review candidate,"Construction of Flood Control Structure, Barangay Salsalamagui, Vintar, Ilocos Norte"
HB10858-3-0332-004120,"Construction of Flood Control Structure along Sanjera Dagupan, Barangay Dagupan, Vintar, Ilocos Norte",10000000,Ilocos Norte 1st District Engineering Office,Region I,3- HB 10858 FOR 3RD READING VOL I-C .pdf,332,"[""Ilocos Norte · 1st District""]","[""Sandro Marcos""]","[{""place"": ""vintar"", ""jurisdiction"": ""ilocos norte"", ""seats"": [""1st""]}]",[],[],Not independently verified,Multiple or already paired NEP counterparts; review scope,"Construction of Flood Control Structure, Barangay Bago, Vintar, Ilocos Norte"
HB10858-3-0332-004121,"Construction of Flood Control Structure, Barangay Parparoroc, Vintar, Ilocos Norte",10000000,Ilocos Norte 1st District Engineering Office,Region I,3- HB 10858 FOR 3RD READING VOL I-C .pdf,332,"[""Ilocos Norte · 1st District""]","[""Sandro Marcos""]","[{""place"": ""vintar"", ""jurisdiction"": ""ilocos norte"", ""seats"": [""1st""]}]",[],[],Not independently verified,Multiple or already paired NEP counterparts; review scope,"Construction of Flood Control Structure, Barangay Bago, Vintar, Ilocos Norte"
HB10858-3-0332-004122,"Construction of Flood Control Structure, Barangay Bulbulala, Vintar, Ilocos Norte",10000000,Ilocos Norte 1st District Engineering Office,Region I,3- HB 10858 FOR 3RD READING VOL I-C .pdf,332,"[""Ilocos Norte · 1st District""]","[""Sandro Marcos""]","[{""place"": ""vintar"", ""jurisdiction"": ""ilocos norte"", ""seats"": [""1st""]}]",[],[],Not independently verified,Multiple or already paired NEP counterparts; review scope,"Construction of Flood Control Structure, Barangay Bago, Vintar, Ilocos Norte"
HB10858-3-0332-004123,"Construction of Flood Control Structure, Barangay Salsalamagui, Vintar, Ilocos Norte",8000000,Ilocos Norte 1st District Engineering Office,Region I,3- HB 10858 FOR 3RD READING VOL I-C .pdf,332,"[""Ilocos Norte · 1st District""]","[""Sandro Marcos""]","[{""place"": ""vintar"", ""jurisdiction"": ""ilocos norte"", ""seats"": [""1st""]}]",[],[],Not independently verified,Exact normalized title found in NEP,"Construction of Flood Control Structure, Barangay Salsalamagui, Vintar, Ilocos Norte"
HB10858-3-0332-004124,"Construction of Flood Mitigating Structure along Bacarra-Vintar River (Principal River), Barangay Alsem, Vintar, Ilocos Norte",8000000,Ilocos Norte 1st District Engineering Office,Region I,3- HB 10858 FOR 3RD READING VOL I-C .pdf,332,"[""Ilocos Norte · 1st District""]","[""Sandro Marcos""]","[{""place"": ""bacarra"", ""jurisdiction"": ""ilocos norte"", ""seats"": [""1st""]}]",[],[],Not independently verified,Exact normalized title found in NEP,"Construction of Flood Mitigating Structure along Bacarra-Vintar River (Principal River), Barangay Alsem, Vintar, Ilocos Norte"
HB10858-3-0348-004454,"Construction of Drainage System at Barangay Santa Lucia, Mauban, Quezon",6000000,Quezon 1st District Engineering Office,Region IV-A,3- HB 10858 FOR 3RD READING VOL I-C .pdf,348,"[""Quezon · 3rd District""]","[""Reynante Arrogancia""]","[{""place"": ""quezon"", ""jurisdiction"": ""quezon"", ""seats"": [""3rd""]}]","[""Local crosswalks disagree or the primary crosswalk lacks a named locality."", ""Quezon is being used as a municipality match; its role as province, city, barangay, bridge or road name must be established from geographic context.""]","[{""locality"": ""mauban"", ""primaryDistrict"": null, ""alternativeDistrict"": ""1st District"", ""decision"": ""Unresolved; neither local crosswalk is treated as authoritative.""}]",Unresolved: flagged geographic evidence,Multiple or already paired NEP counterparts; review scope,"Construction of Drainage System at Barangay Sta. Catalina, Pagbilao, Quezon"
HB10858-3-0348-004457,"Construction of Drainage System at Barangay Poblacion 10, Lucban, Quezon",5000000,Quezon 1st District Engineering Office,Region IV-A,3- HB 10858 FOR 3RD READING VOL I-C .pdf,348,"[""Quezon · 3rd District""]","[""Reynante Arrogancia""]","[{""place"": ""quezon"", ""jurisdiction"": ""quezon"", ""seats"": [""3rd""]}]","[""Local crosswalks disagree or the primary crosswalk lacks a named locality."", ""Quezon is being used as a municipality match; its role as province, city, barangay, bridge or road name must be established from geographic context.""]","[{""locality"": ""lucban"", ""primaryDistrict"": null, ""alternativeDistrict"": ""1st District"", ""decision"": ""Unresolved; neither local crosswalk is treated as authoritative.""}]",Unresolved: flagged geographic evidence,Multiple or already paired NEP counterparts; review scope,"Construction of Drainage System at Barangay Pob 38, Infanta, Quezon"
HB10858-3-0349-004463,"Construction of Slope Protection for the New Public Market, Agdangan, Quezon",30000000,Quezon 3rd District Engineering Office,Region IV-A,3- HB 10858 FOR 3RD READING VOL I-C .pdf,349,"[""Quezon · 3rd District""]","[""Reynante Arrogancia""]","[{""place"": ""quezon"", ""jurisdiction"": ""quezon"", ""seats"": [""3rd""]}]","[""Local crosswalks disagree or the primary crosswalk lacks a named locality."", ""Quezon is being used as a municipality match; its role as province, city, barangay, bridge or road name must be established from geographic context.""]","[{""locality"": ""agdangan"", ""primaryDistrict"": null, ""alternativeDistrict"": ""3rd District"", ""decision"": ""Unresolved; neither local crosswalk is treated as authoritative.""}]",Unresolved: flagged geographic evidence,Exact normalized title found in NEP,"Construction of Slope Protection for the New Public Market, Agdangan, Quezon"
HB10858-3-0360-004664,"Construction of Drainage in Zone 8, Barangay Carmen, Cagayan de Oro City",7000000,Cagayan de Oro City 1st District Engineering Office,Region X,3- HB 10858 FOR 3RD READING VOL I-C .pdf,360,"[""Cagayan de Oro · 2nd District""]","[""Rufus Rodriguez""]","[{""place"": ""cagayan de oro city"", ""jurisdiction"": ""cagayan de oro"", ""seats"": [""2nd""]}]","[""Cagayan de Oro barangay crosswalk omits the 1st District; a unique returned name does not prove a unique geographic assignment."", ""Whole-city name is indexed as a 2nd District barangay and overrides shorter locality matches.""]",[],Unresolved: flagged geographic evidence,Exact normalized title found in NEP,"Construction of Drainage in Zone 8, Barangay Carmen, Cagayan de Oro City"
HB10858-3-0360-004665,"Construction of Drainage System along Sapang Creek (Upstream Section), Patag Section, Sta. 0+620- Sta. 0+855, Cagayan de Oro City",50000000,Cagayan de Oro City 1st District Engineering Office,Region X,3- HB 10858 FOR 3RD READING VOL I-C .pdf,360,"[""Cagayan de Oro · 2nd District""]","[""Rufus Rodriguez""]","[{""place"": ""cagayan de oro city"", ""jurisdiction"": ""cagayan de oro"", ""seats"": [""2nd""]}]","[""Cagayan de Oro barangay crosswalk omits the 1st District; a unique returned name does not prove a unique geographic assignment."", ""Whole-city name is indexed as a 2nd District barangay and overrides shorter locality matches.""]",[],Unresolved: flagged geographic evidence,Exact normalized title found in NEP,"Construction of Drainage System along Sapang Creek (Upstream Section), Patag Section, Sta. 0+620- Sta. 0+855, Cagayan de Oro City"
HB10858-3-0360-004671,"Construction (Completion) of Drainage Structure along Bitan-ag Creek, Barangay Camaman-an, Cagayan de Oro City",15000000,Cagayan de Oro City 2nd District Engineering Office,Region X,3- HB 10858 FOR 3RD READING VOL I-C .pdf,360,"[""Cagayan de Oro · 2nd District""]","[""Rufus Rodriguez""]","[{""place"": ""cagayan de oro city"", ""jurisdiction"": ""cagayan de oro"", ""seats"": [""2nd""]}]","[""Cagayan de Oro barangay crosswalk omits the 1st District; a unique returned name does not prove a unique geographic assignment."", ""Whole-city name is indexed as a 2nd District barangay and overrides shorter locality matches.""]",[],Unresolved: flagged geographic evidence,Plausible NEP title counterpart; review scope,"Construction (Completion) of Drainage Structure along Palawan Creek, Barangay Camaman-an, Cagayan de Oro City"
HB10858-3-0360-004672,"Construction of Drainage Structure along Cilrai, Barangay Macabalan, Cagayan de Oro City",10000000,Cagayan de Oro City 2nd District Engineering Office,Region X,3- HB 10858 FOR 3RD READING VOL I-C .pdf,360,"[""Cagayan de Oro · 2nd District""]","[""Rufus Rodriguez""]","[{""place"": ""cagayan de oro city"", ""jurisdiction"": ""cagayan de oro"", ""seats"": [""2nd""]}]","[""Cagayan de Oro barangay crosswalk omits the 1st District; a unique returned name does not prove a unique geographic assignment."", ""Whole-city name is indexed as a 2nd District barangay and overrides shorter locality matches.""]",[],Unresolved: flagged geographic evidence,Exact normalized title found in NEP,"Construction of Drainage Structure along Cilrai, Barangay Macabalan, Cagayan de Oro City"
HB10858-3-0360-004673,"Construction of Drainage, Barangay 18, Cagayan de Oro City",5000000,Cagayan de Oro City 2nd District Engineering Office,Region X,3- HB 10858 FOR 3RD READING VOL I-C .pdf,360,"[""Cagayan de Oro · 2nd District""]","[""Rufus Rodriguez""]","[{""place"": ""cagayan de oro city"", ""jurisdiction"": ""cagayan de oro"", ""seats"": [""2nd""]}]","[""Cagayan de Oro barangay crosswalk omits the 1st District; a unique returned name does not prove a unique geographic assignment."", ""Whole-city name is indexed as a 2nd District barangay and overrides shorter locality matches.""]",[],Unresolved: flagged geographic evidence,Multiple or already paired NEP counterparts; review scope,"Construction of Drainage Structure, Barangay Tablon, Cagayan de Oro City"
HB10858-3-0360-004674,"Construction of Drainage Barangay Cugman, Cagayan de Oro City",5000000,Cagayan de Oro City 2nd District Engineering Office,Region X,3- HB 10858 FOR 3RD READING VOL I-C .pdf,360,"[""Cagayan de Oro · 2nd District""]","[""Rufus Rodriguez""]","[{""place"": ""cagayan de oro city"", ""jurisdiction"": ""cagayan de oro"", ""seats"": [""2nd""]}]","[""Cagayan de Oro barangay crosswalk omits the 1st District; a unique returned name does not prove a unique geographic assignment."", ""Whole-city name is indexed as a 2nd District barangay and overrides shorter locality matches.""]",[],Unresolved: flagged geographic evidence,Multiple or already paired NEP counterparts; review scope,"Construction of Drainage in Zone 8, Barangay Carmen, Cagayan de Oro City"
HB10858-3-0360-004675,"Rehablilitation/Improvement of Flood Control Structure along Alae River, Barangay Bugo, Cagayan de Oro City",25000000,Cagayan de Oro City 2nd District Engineering Office,Region X,3- HB 10858 FOR 3RD READING VOL I-C .pdf,360,"[""Cagayan de Oro · 2nd District""]","[""Rufus Rodriguez""]","[{""place"": ""cagayan de oro city"", ""jurisdiction"": ""cagayan de oro"", ""seats"": [""2nd""]}]","[""Cagayan de Oro barangay crosswalk omits the 1st District; a unique returned name does not prove a unique geographic assignment."", ""Whole-city name is indexed as a 2nd District barangay and overrides shorter locality matches.""]",[],Unresolved: flagged geographic evidence,No plausible NEP title counterpart; review candidate,"Construction (Completion) of Drainage Structure along Palawan Creek, Barangay Camaman-an, Cagayan de Oro City"
HB10858-3-0360-004676,"Construction of Drainage Structure at Purok 4B Cluster Muswagon, Barangay Gusa, Cagayan de Oro City",5000000,Cagayan de Oro City 2nd District Engineering Office,Region X,3- HB 10858 FOR 3RD READING VOL I-C .pdf,360,"[""Cagayan de Oro · 2nd District""]","[""Rufus Rodriguez""]","[{""place"": ""cagayan de oro city"", ""jurisdiction"": ""cagayan de oro"", ""seats"": [""2nd""]}]","[""Cagayan de Oro barangay crosswalk omits the 1st District; a unique returned name does not prove a unique geographic assignment."", ""Whole-city name is indexed as a 2nd District barangay and overrides shorter locality matches.""]",[],Unresolved: flagged geographic evidence,Exact normalized title found in NEP,"Construction of Drainage Structure at Purok 4B Cluster Muswagon, Barangay Gusa, Cagayan de Oro City"
HB10858-3-0360-004678,"Construction of Drainage Structure, Barangay Tablon, Cagayan de Oro City",8000000,Cagayan de Oro City 2nd District Engineering Office,Region X,3- HB 10858 FOR 3RD READING VOL I-C .pdf,360,"[""Cagayan de Oro · 2nd District""]","[""Rufus Rodriguez""]","[{""place"": ""cagayan de oro city"", ""jurisdiction"": ""cagayan de oro"", ""seats"": [""2nd""]}]","[""Cagayan de Oro barangay crosswalk omits the 1st District; a unique returned name does not prove a unique geographic assignment."", ""Whole-city name is indexed as a 2nd District barangay and overrides shorter locality matches.""]",[],Unresolved: flagged geographic evidence,Exact normalized title found in NEP,"Construction of Drainage Structure, Barangay Tablon, Cagayan de Oro City"
HB10858-3-0360-004679,"Construction of Drainage System at Barangay Gusa, Cagayan de Oro City",5000000,Cagayan de Oro City 2nd District Engineering Office,Region X,3- HB 10858 FOR 3RD READING VOL I-C .pdf,360,"[""Cagayan de Oro · 2nd District""]","[""Rufus Rodriguez""]","[{""place"": ""cagayan de oro city"", ""jurisdiction"": ""cagayan de oro"", ""seats"": [""2nd""]}]","[""Cagayan de Oro barangay crosswalk omits the 1st District; a unique returned name does not prove a unique geographic assignment."", ""Whole-city name is indexed as a 2nd District barangay and overrides shorter locality matches.""]",[],Unresolved: flagged geographic evidence,Plausible NEP title counterpart; review scope,"Construction of Drainage System at Purok 4-A, Barangay Gusa, Cagayan de Oro City"
HB10858-3-0360-004681,"Construction of Local Drainage Structure along Barangay Nazareth, Cagayan de Oro City",15000000,Cagayan de Oro City 2nd District Engineering Office,Region X,3- HB 10858 FOR 3RD READING VOL I-C .pdf,360,"[""Cagayan de Oro · 2nd District""]","[""Rufus Rodriguez""]","[{""place"": ""cagayan de oro city"", ""jurisdiction"": ""cagayan de oro"", ""seats"": [""2nd""]}]","[""Cagayan de Oro barangay crosswalk omits the 1st District; a unique returned name does not prove a unique geographic assignment."", ""Whole-city name is indexed as a 2nd District barangay and overrides shorter locality matches.""]",[],Unresolved: flagged geographic evidence,Exact normalized title found in NEP,"Construction of Local Drainage Structure along Barangay Nazareth, Cagayan de Oro City"
HB10858-3-0369-004830,"Construction of Drainage System Along Jct. BCIR-Jct. Eastern Interior Bypass Road (Access Road), Barangay Tablon, Sta.0+000 - Sta. 0+530, Cagayan De Oro City",180000000,Central Office,Region X,3- HB 10858 FOR 3RD READING VOL I-C .pdf,369,"[""Cagayan de Oro · 2nd District""]","[""Rufus Rodriguez""]","[{""place"": ""cagayan de oro city"", ""jurisdiction"": ""cagayan de oro"", ""seats"": [""2nd""]}]","[""Cagayan de Oro barangay crosswalk omits the 1st District; a unique returned name does not prove a unique geographic assignment."", ""Whole-city name is indexed as a 2nd District barangay and overrides shorter locality matches.""]",[],Unresolved: flagged geographic evidence,Exact normalized title found in NEP,"Construction of Drainage System Along Jct. BCIR-Jct. Eastern Interior Bypass Road (Access Road), Barangay Tablon, Sta.0+000 - Sta. 0+530, Cagayan De Oro City"
HB10858-3-0369-004837,"Construction of Flood Control Structure along Iponan River, Bulua Section, Sta. 0+000- Sta. 0+240, Cagayan de Oro City",84000000,Central Office,Region X,3- HB 10858 FOR 3RD READING VOL I-C .pdf,369,"[""Cagayan de Oro · 2nd District""]","[""Rufus Rodriguez""]","[{""place"": ""cagayan de oro city"", ""jurisdiction"": ""cagayan de oro"", ""seats"": [""2nd""]}]","[""Cagayan de Oro barangay crosswalk omits the 1st District; a unique returned name does not prove a unique geographic assignment."", ""Whole-city name is indexed as a 2nd District barangay and overrides shorter locality matches.""]",[],Unresolved: flagged geographic evidence,Exact normalized title found in NEP,"Construction of Flood Control Structure along Iponan River, Bulua Section, Sta. 0+000- Sta. 0+240, Cagayan de Oro City"
HB10858-3-0369-004838,"Construction of Flood Control Structure along Iponan River, Canitoan Section, Sta. 0+180- Sta. 0+310, Sta. 0+490- Sta. 1+020, Cagayan de Oro City",231000000,Central Office,Region X,3- HB 10858 FOR 3RD READING VOL I-C .pdf,369,"[""Cagayan de Oro · 2nd District""]","[""Rufus Rodriguez""]","[{""place"": ""cagayan de oro city"", ""jurisdiction"": ""cagayan de oro"", ""seats"": [""2nd""]}]","[""Cagayan de Oro barangay crosswalk omits the 1st District; a unique returned name does not prove a unique geographic assignment."", ""Whole-city name is indexed as a 2nd District barangay and overrides shorter locality matches.""]",[],Unresolved: flagged geographic evidence,Exact normalized title found in NEP,"Construction of Flood Control Structure along Iponan River, Canitoan Section, Sta. 0+180- Sta. 0+310, Sta. 0+490- Sta. 1+020, Cagayan de Oro City"
HB10858-3-0369-004839,"Construction of Flood Control Structure along Iponan River, Iponan Section, Sta. 0+000- Sta. 0+050, Sta. 0+225- Sta. 0+555, Sta. 0+651- Sta. 0+771, Cagayan de Oro City",154000000,Central Office,Region X,3- HB 10858 FOR 3RD READING VOL I-C .pdf,369,"[""Cagayan de Oro · 2nd District""]","[""Rufus Rodriguez""]","[{""place"": ""cagayan de oro city"", ""jurisdiction"": ""cagayan de oro"", ""seats"": [""2nd""]}]","[""Cagayan de Oro barangay crosswalk omits the 1st District; a unique returned name does not prove a unique geographic assignment."", ""Whole-city name is indexed as a 2nd District barangay and overrides shorter locality matches.""]",[],Unresolved: flagged geographic evidence,Exact normalized title found in NEP,"Construction of Flood Control Structure along Iponan River, Iponan Section, Sta. 0+000- Sta. 0+050, Sta. 0+225- Sta. 0+555, Sta. 0+651- Sta. 0+771, Cagayan de Oro City"
HB10858-3-0374-004912,"Construction of Water Supply System, Phase VI, Barangay San Isidro, Atimonan, Quezon",150000000,Central Office,Region IV-A,3- HB 10858 FOR 3RD READING VOL I-C .pdf,374,"[""Quezon · 3rd District""]","[""Reynante Arrogancia""]","[{""place"": ""atimonan"", ""jurisdiction"": ""quezon"", ""seats"": [""3rd""]}]","[""Local crosswalks disagree or the primary crosswalk lacks a named locality.""]","[{""locality"": ""atimonan"", ""primaryDistrict"": ""3rd District"", ""alternativeDistrict"": ""4th District"", ""decision"": ""Unresolved; neither local crosswalk is treated as authoritative.""}]",Unresolved: flagged geographic evidence,No plausible NEP title counterpart; review candidate,"Construction of Water Supply System Level II, Barangay Ungos, Real Quezon"
HB10858-3-0386-005136,"Construction of Water Supply System Level II, Barangay Ungos, Real Quezon",10000000,Quezon 1st District Engineering Office,Region IV-A,3- HB 10858 FOR 3RD READING VOL I-C .pdf,386,"[""Quezon · 3rd District""]","[""Reynante Arrogancia""]","[{""place"": ""quezon"", ""jurisdiction"": ""quezon"", ""seats"": [""3rd""]}]","[""Local crosswalks disagree or the primary crosswalk lacks a named locality."", ""Quezon is being used as a municipality match; its role as province, city, barangay, bridge or road name must be established from geographic context.""]","[{""locality"": ""real"", ""primaryDistrict"": ""4th District"", ""alternativeDistrict"": ""1st District"", ""decision"": ""Unresolved; neither local crosswalk is treated as authoritative.""}]",Unresolved: flagged geographic evidence,Exact normalized title found in NEP,"Construction of Water Supply System Level II, Barangay Ungos, Real Quezon"
HB10858-3-0386-005148,"Rehabilitation of Water Supply System Level II, Barangay Poblacion, San Andres, Quezon",7000000,Quezon 3rd District Engineering Office,Region IV-A,3- HB 10858 FOR 3RD READING VOL I-C .pdf,386,"[""Quezon · 3rd District""]","[""Reynante Arrogancia""]","[{""place"": ""quezon"", ""jurisdiction"": ""quezon"", ""seats"": [""3rd""]}]","[""Local crosswalks disagree or the primary crosswalk lacks a named locality."", ""Quezon is being used as a municipality match; its role as province, city, barangay, bridge or road name must be established from geographic context.""]","[{""locality"": ""san andres"", ""primaryDistrict"": null, ""alternativeDistrict"": ""3rd District"", ""decision"": ""Unresolved; neither local crosswalk is treated as authoritative.""}]",Unresolved: flagged geographic evidence,Exact normalized title found in NEP,"Rehabilitation of Water Supply System Level II, Barangay Poblacion, San Andres, Quezon"
HB10858-3-0386-005149,"Construction (Completion) of Water Supply System, Barangay Angeles Alabat, Quezon",5000000,Quezon 4th District Engineering Office,Region IV-A,3- HB 10858 FOR 3RD READING VOL I-C .pdf,386,"[""Quezon · 3rd District"", ""Quezon · 4th District""]","[""Keith Micah Tan"", ""Reynante Arrogancia""]","[{""place"": ""alabat"", ""jurisdiction"": ""quezon"", ""seats"": [""4th""]}, {""place"": ""quezon"", ""jurisdiction"": ""quezon"", ""seats"": [""3rd""]}]","[""Quezon is being used as a municipality match; its role as province, city, barangay, bridge or road name must be established from geographic context.""]",[],Unresolved: flagged geographic evidence,Exact normalized title found in NEP,"Construction (Completion) of Water Supply System, Barangay Angeles Alabat, Quezon"
HB10858-3-0386-005150,"Construction (Completion) of Water Supply System, Barangay Cabong Norte, Guinayangan, Quezon",3000000,Quezon 4th District Engineering Office,Region IV-A,3- HB 10858 FOR 3RD READING VOL I-C .pdf,386,"[""Quezon · 3rd District""]","[""Reynante Arrogancia""]","[{""place"": ""quezon"", ""jurisdiction"": ""quezon"", ""seats"": [""3rd""]}]","[""Local crosswalks disagree or the primary crosswalk lacks a named locality."", ""Quezon is being used as a municipality match; its role as province, city, barangay, bridge or road name must be established from geographic context.""]","[{""locality"": ""guinayangan"", ""primaryDistrict"": null, ""alternativeDistrict"": ""4th District"", ""decision"": ""Unresolved; neither local crosswalk is treated as authoritative.""}]",Unresolved: flagged geographic evidence,Exact normalized title found in NEP,"Construction (Completion) of Water Supply System, Barangay Cabong Norte, Guinayangan, Quezon"
HB10858-3-0386-005151,"Construction (Completion) of Water Supply System, Barangay Cabong Sur Guinayangan, Quezon",3000000,Quezon 4th District Engineering Office,Region IV-A,3- HB 10858 FOR 3RD READING VOL I-C .pdf,386,"[""Quezon · 3rd District""]","[""Reynante Arrogancia""]","[{""place"": ""quezon"", ""jurisdiction"": ""quezon"", ""seats"": [""3rd""]}]","[""Local crosswalks disagree or the primary crosswalk lacks a named locality."", ""Quezon is being used as a municipality match; its role as province, city, barangay, bridge or road name must be established from geographic context.""]","[{""locality"": ""guinayangan"", ""primaryDistrict"": null, ""alternativeDistrict"": ""4th District"", ""decision"": ""Unresolved; neither local crosswalk is treated as authoritative.""}]",Unresolved: flagged geographic evidence,Exact normalized title found in NEP,"Construction (Completion) of Water Supply System, Barangay Cabong Sur Guinayangan, Quezon"
HB10858-3-0386-005152,"Construction (Completion) of Water Supply System, Barangay Caridad, Quezon, Quezon",5000000,Quezon 4th District Engineering Office,Region IV-A,3- HB 10858 FOR 3RD READING VOL I-C .pdf,386,"[""Quezon · 3rd District""]","[""Reynante Arrogancia""]","[{""place"": ""quezon"", ""jurisdiction"": ""quezon"", ""seats"": [""3rd""]}]","[""Quezon is being used as a municipality match; its role as province, city, barangay, bridge or road name must be established from geographic context.""]",[],Unresolved: flagged geographic evidence,Exact normalized title found in NEP,"Construction (Completion) of Water Supply System, Barangay Caridad, Quezon, Quezon"
HB10858-3-0386-005153,"Construction (Completion) of Water Supply System, Barangay Matinik, Lopez, Quezon",6000000,Quezon 4th District Engineering Office,Region IV-A,3- HB 10858 FOR 3RD READING VOL I-C .pdf,386,"[""Quezon · 3rd District""]","[""Reynante Arrogancia""]","[{""place"": ""quezon"", ""jurisdiction"": ""quezon"", ""seats"": [""3rd""]}]","[""Local crosswalks disagree or the primary crosswalk lacks a named locality."", ""Quezon is being used as a municipality match; its role as province, city, barangay, bridge or road name must be established from geographic context.""]","[{""locality"": ""lopez"", ""primaryDistrict"": ""3rd District"", ""alternativeDistrict"": ""4th District"", ""decision"": ""Unresolved; neither local crosswalk is treated as authoritative.""}]",Unresolved: flagged geographic evidence,Exact normalized title found in NEP,"Construction (Completion) of Water Supply System, Barangay Matinik, Lopez, Quezon"
HB10858-3-0386-005154,"Construction (Completion) of Water Supply System, Barangay Montaña, Quezon, Quezon",5000000,Quezon 4th District Engineering Office,Region IV-A,3- HB 10858 FOR 3RD READING VOL I-C .pdf,386,"[""Quezon · 3rd District""]","[""Reynante Arrogancia""]","[{""place"": ""quezon"", ""jurisdiction"": ""quezon"", ""seats"": [""3rd""]}]","[""Quezon is being used as a municipality match; its role as province, city, barangay, bridge or road name must be established from geographic context.""]",[],Unresolved: flagged geographic evidence,Exact normalized title found in NEP,"Construction (Completion) of Water Supply System, Barangay Montaña, Quezon, Quezon"
HB10858-3-0387-005155,"Construction (Completion) of Water Supply, Barangay Kinalin Ibaba, Calauag, Quezon",3000000,Quezon 4th District Engineering Office,Region IV-A,3- HB 10858 FOR 3RD READING VOL I-C .pdf,387,"[""Quezon · 3rd District""]","[""Reynante Arrogancia""]","[{""place"": ""calauag"", ""jurisdiction"": ""quezon"", ""seats"": [""3rd""]}]","[""Local crosswalks disagree or the primary crosswalk lacks a named locality.""]","[{""locality"": ""calauag"", ""primaryDistrict"": ""3rd District"", ""alternativeDistrict"": ""4th District"", ""decision"": ""Unresolved; neither local crosswalk is treated as authoritative.""}]",Unresolved: flagged geographic evidence,Exact normalized title found in NEP,"Construction (Completion) of Water Supply, Barangay Kinalin Ibaba, Calauag, Quezon"
HB10858-3-0393-005277,"Construction of Solar Water System in Barangay Balulang, Cagayan de Oro City",10000000,Cagayan de Oro City 1st District Engineering Office,Region X,3- HB 10858 FOR 3RD READING VOL I-C .pdf,393,"[""Cagayan de Oro · 2nd District""]","[""Rufus Rodriguez""]","[{""place"": ""cagayan de oro city"", ""jurisdiction"": ""cagayan de oro"", ""seats"": [""2nd""]}]","[""Cagayan de Oro barangay crosswalk omits the 1st District; a unique returned name does not prove a unique geographic assignment."", ""Whole-city name is indexed as a 2nd District barangay and overrides shorter locality matches.""]",[],Unresolved: flagged geographic evidence,Exact normalized title found in NEP,"Construction of Solar Water System in Barangay Balulang, Cagayan de Oro City"
HB10858-3-0393-005278,"Construction of Solar Water System in Barangay Canitoan, Cagayan de Oro City",10000000,Cagayan de Oro City 1st District Engineering Office,Region X,3- HB 10858 FOR 3RD READING VOL I-C .pdf,393,"[""Cagayan de Oro · 2nd District""]","[""Rufus Rodriguez""]","[{""place"": ""cagayan de oro city"", ""jurisdiction"": ""cagayan de oro"", ""seats"": [""2nd""]}]","[""Cagayan de Oro barangay crosswalk omits the 1st District; a unique returned name does not prove a unique geographic assignment."", ""Whole-city name is indexed as a 2nd District barangay and overrides shorter locality matches.""]",[],Unresolved: flagged geographic evidence,Exact normalized title found in NEP,"Construction of Solar Water System in Barangay Canitoan, Cagayan de Oro City"
HB10858-3-0393-005279,"Construction of Solar Water System in Barangay Dansolihon, Cagayan de Oro City",10000000,Cagayan de Oro City 1st District Engineering Office,Region X,3- HB 10858 FOR 3RD READING VOL I-C .pdf,393,"[""Cagayan de Oro · 2nd District""]","[""Rufus Rodriguez""]","[{""place"": ""cagayan de oro city"", ""jurisdiction"": ""cagayan de oro"", ""seats"": [""2nd""]}]","[""Cagayan de Oro barangay crosswalk omits the 1st District; a unique returned name does not prove a unique geographic assignment."", ""Whole-city name is indexed as a 2nd District barangay and overrides shorter locality matches.""]",[],Unresolved: flagged geographic evidence,Exact normalized title found in NEP,"Construction of Solar Water System in Barangay Dansolihon, Cagayan de Oro City"
HB10858-3-0393-005280,"Construction of Solar Water System in Barangay Lumbia, Cagayan de Oro City",10000000,Cagayan de Oro City 1st District Engineering Office,Region X,3- HB 10858 FOR 3RD READING VOL I-C .pdf,393,"[""Cagayan de Oro · 2nd District""]","[""Rufus Rodriguez""]","[{""place"": ""cagayan de oro city"", ""jurisdiction"": ""cagayan de oro"", ""seats"": [""2nd""]}]","[""Cagayan de Oro barangay crosswalk omits the 1st District; a unique returned name does not prove a unique geographic assignment."", ""Whole-city name is indexed as a 2nd District barangay and overrides shorter locality matches.""]",[],Unresolved: flagged geographic evidence,Exact normalized title found in NEP,"Construction of Solar Water System in Barangay Lumbia, Cagayan de Oro City"
HB10858-3-0393-005281,"Construction of Solar Water System in Barangay Pagalungan, Cagayan de Oro City",10000000,Cagayan de Oro City 1st District Engineering Office,Region X,3- HB 10858 FOR 3RD READING VOL I-C .pdf,393,"[""Cagayan de Oro · 2nd District""]","[""Rufus Rodriguez""]","[{""place"": ""cagayan de oro city"", ""jurisdiction"": ""cagayan de oro"", ""seats"": [""2nd""]}]","[""Cagayan de Oro barangay crosswalk omits the 1st District; a unique returned name does not prove a unique geographic assignment."", ""Whole-city name is indexed as a 2nd District barangay and overrides shorter locality matches.""]",[],Unresolved: flagged geographic evidence,Exact normalized title found in NEP,"Construction of Solar Water System in Barangay Pagalungan, Cagayan de Oro City"
HB10858-3-0393-005282,"Construction of Solar Water System in Barangay Tumpagon, Cagayan de Oro City",10000000,Cagayan de Oro City 1st District Engineering Office,Region X,3- HB 10858 FOR 3RD READING VOL I-C .pdf,393,"[""Cagayan de Oro · 2nd District""]","[""Rufus Rodriguez""]","[{""place"": ""cagayan de oro city"", ""jurisdiction"": ""cagayan de oro"", ""seats"": [""2nd""]}]","[""Cagayan de Oro barangay crosswalk omits the 1st District; a unique returned name does not prove a unique geographic assignment."", ""Whole-city name is indexed as a 2nd District barangay and overrides shorter locality matches.""]",[],Unresolved: flagged geographic evidence,Exact normalized title found in NEP,"Construction of Solar Water System in Barangay Tumpagon, Cagayan de Oro City"
HB10858-3-0404-005503,Rainwater Collector System - Quezon 1st District Engineering Office,4200000,Quezon 1st District Engineering Office,Region IV-A,3- HB 10858 FOR 3RD READING VOL I-C .pdf,404,"[""Quezon · 3rd District""]","[""Reynante Arrogancia""]","[{""place"": ""quezon"", ""jurisdiction"": ""quezon"", ""seats"": [""3rd""]}]","[""Quezon is being used as a municipality match; its role as province, city, barangay, bridge or road name must be established from geographic context.""]",[],Unresolved: flagged geographic evidence,Exact normalized title found in NEP,Rainwater Collector System - Quezon 1st District Engineering Office
HB10858-3-0404-005504,Rainwater Collector System - Quezon 2nd District Engineering Office,4200000,Quezon 2nd District Engineering Office,Region IV-A,3- HB 10858 FOR 3RD READING VOL I-C .pdf,404,"[""Quezon · 3rd District""]","[""Reynante Arrogancia""]","[{""place"": ""quezon"", ""jurisdiction"": ""quezon"", ""seats"": [""3rd""]}]","[""Quezon is being used as a municipality match; its role as province, city, barangay, bridge or road name must be established from geographic context.""]",[],Unresolved: flagged geographic evidence,Exact normalized title found in NEP,Rainwater Collector System - Quezon 2nd District Engineering Office
HB10858-3-0404-005505,Rainwater Collector System - Quezon 3rd District Engineering Office,4200000,Quezon 3rd District Engineering Office,Region IV-A,3- HB 10858 FOR 3RD READING VOL I-C .pdf,404,"[""Quezon · 3rd District""]","[""Reynante Arrogancia""]","[{""place"": ""quezon"", ""jurisdiction"": ""quezon"", ""seats"": [""3rd""]}]","[""Quezon is being used as a municipality match; its role as province, city, barangay, bridge or road name must be established from geographic context.""]",[],Unresolved: flagged geographic evidence,Exact normalized title found in NEP,Rainwater Collector System - Quezon 3rd District Engineering Office
HB10858-3-0404-005506,Rainwater Collector System - Quezon 4th District Engineering Office,4200000,Quezon 4th District Engineering Office,Region IV-A,3- HB 10858 FOR 3RD READING VOL I-C .pdf,404,"[""Quezon · 3rd District""]","[""Reynante Arrogancia""]","[{""place"": ""quezon"", ""jurisdiction"": ""quezon"", ""seats"": [""3rd""]}]","[""Quezon is being used as a municipality match; its role as province, city, barangay, bridge or road name must be established from geographic context.""]",[],Unresolved: flagged geographic evidence,Exact normalized title found in NEP,Rainwater Collector System - Quezon 4th District Engineering Office
HB10858-3-0408-005604,Rainwater Collector System - Cagayan de Oro City 1st District Engineering Office,4200000,Cagayan de Oro City 1st District Engineering Office,Region X,3- HB 10858 FOR 3RD READING VOL I-C .pdf,408,"[""Cagayan de Oro · 2nd District""]","[""Rufus Rodriguez""]","[{""place"": ""cagayan de oro city"", ""jurisdiction"": ""cagayan de oro"", ""seats"": [""2nd""]}]","[""Cagayan de Oro barangay crosswalk omits the 1st District; a unique returned name does not prove a unique geographic assignment."", ""Whole-city name is indexed as a 2nd District barangay and overrides shorter locality matches.""]",[],Unresolved: flagged geographic evidence,Exact normalized title found in NEP,Rainwater Collector System - Cagayan de Oro City 1st District Engineering Office
HB10858-3-0408-005605,Rainwater Collector System - Cagayan de Oro City 2nd District Engineering Office,4200000,Cagayan de Oro City 2nd District Engineering Office,Region X,3- HB 10858 FOR 3RD READING VOL I-C .pdf,408,"[""Cagayan de Oro · 2nd District""]","[""Rufus Rodriguez""]","[{""place"": ""cagayan de oro city"", ""jurisdiction"": ""cagayan de oro"", ""seats"": [""2nd""]}]","[""Cagayan de Oro barangay crosswalk omits the 1st District; a unique returned name does not prove a unique geographic assignment."", ""Whole-city name is indexed as a 2nd District barangay and overrides shorter locality matches.""]",[],Unresolved: flagged geographic evidence,Exact normalized title found in NEP,Rainwater Collector System - Cagayan de Oro City 2nd District Engineering Office
HB10858-3-0414-005732,"Construction of Bridge, Purok Sinamar Barangay Taguiporo, Bangui, Ilocos Norte, Start 18.51889, 120.71444 End 18.51944, 120.71389",80000000,Central Office,Region I,3- HB 10858 FOR 3RD READING VOL I-C .pdf,414,"[""Ilocos Norte · 1st District""]","[""Sandro Marcos""]","[{""place"": ""bangui"", ""jurisdiction"": ""ilocos norte"", ""seats"": [""1st""]}]",[],[],Not independently verified,No plausible NEP title counterpart; review candidate,"Construction of Bridge, Sitio Agapang, Barangay Mabanbanag, Vintar, Ilocos Norte"
HB10858-3-0415-005756,"Construction of Datag-Dampig Bridge, Barangay San Isidro, Dumalneg, Ilocos Norte",100000000,Central Office,Region I,3- HB 10858 FOR 3RD READING VOL I-C .pdf,415,"[""Ilocos Norte · 1st District""]","[""Sandro Marcos""]","[{""place"": ""dumalneg"", ""jurisdiction"": ""ilocos norte"", ""seats"": [""1st""]}]",[],[],Not independently verified,Exact normalized title found in NEP,"Construction of Datag-Dampig Bridge, Barangay San Isidro, Dumalneg, Ilocos Norte"
HB10858-3-0424-005934,"Construction of Access Road to Trading Post (Quezon Coffee Belt), Sta. 11 + 934 - Sta. 12 + 644, Quezon",100000000,Central Office,Region IV-A,3- HB 10858 FOR 3RD READING VOL I-C .pdf,424,"[""Quezon · 3rd District""]","[""Reynante Arrogancia""]","[{""place"": ""quezon"", ""jurisdiction"": ""quezon"", ""seats"": [""3rd""]}]","[""Quezon is being used as a municipality match; its role as province, city, barangay, bridge or road name must be established from geographic context.""]",[],Unresolved: flagged geographic evidence,No plausible NEP title counterpart; review candidate,"Construction of Access Road/Diversion Road, Daang Kalikasan to Sta. Cruz, Lucapon South - Tubo-tubo South, Sta. 10+400 - Sta. 12+000, Sta. Cruz, Zambales"
HB10858-3-0424-005935,"Construction of Access Road, Barangay Tagabas Ibaba - Barangay Doongan Ilaya, Catanauan, Quezon, Sta. 2+000 - Sta. 5+000",100000000,Central Office,Region IV-A,3- HB 10858 FOR 3RD READING VOL I-C .pdf,424,"[""Quezon · 3rd District""]","[""Reynante Arrogancia""]","[{""place"": ""quezon"", ""jurisdiction"": ""quezon"", ""seats"": [""3rd""]}]","[""Local crosswalks disagree or the primary crosswalk lacks a named locality."", ""Quezon is being used as a municipality match; its role as province, city, barangay, bridge or road name must be established from geographic context.""]","[{""locality"": ""catanauan"", ""primaryDistrict"": null, ""alternativeDistrict"": ""3rd District"", ""decision"": ""Unresolved; neither local crosswalk is treated as authoritative.""}]",Unresolved: flagged geographic evidence,No plausible NEP title counterpart; review candidate,"Construction of Concrete Road from Barangay Darumawang Ilaya - Barangay Matampay Ilaya, Sta. 0+000 - Sta. 3+800, Lala, Lanao del Norte"
HB10858-3-0424-005936,"Construction of Road, Barangay Caigdal - Barangay San Roque, Unisan, Quezon, Sta. 0+000 - Sta. 3+000 Construction of Bridge along Barangay San Benito-San Isidro Road including Road",100000000,Central Office,Region IV-A,3- HB 10858 FOR 3RD READING VOL I-C .pdf,424,"[""Quezon · 3rd District""]","[""Reynante Arrogancia""]","[{""place"": ""quezon"", ""jurisdiction"": ""quezon"", ""seats"": [""3rd""]}, {""place"": ""unisan"", ""jurisdiction"": ""quezon"", ""seats"": [""3rd""]}]","[""Quezon is being used as a municipality match; its role as province, city, barangay, bridge or road name must be established from geographic context.""]",[],Unresolved: flagged geographic evidence,No plausible NEP title counterpart; review candidate,"Construction of Road,Barangay Almiñe to Barangay Piña- Sta. 1 + 800- 3 +000, San Jacinto Masbate"
HB10858-3-0424-005938,"Construction of Road, Barangay Ibabang Pacatin - Barangay Ibabang Soliyao, Pitogo, Quezon, Sta. 0 + 000 - Sta. 3 + 000",100000000,Central Office,Region IV-A,3- HB 10858 FOR 3RD READING VOL I-C .pdf,424,"[""Quezon · 3rd District""]","[""Reynante Arrogancia""]","[{""place"": ""pitogo"", ""jurisdiction"": ""quezon"", ""seats"": [""3rd""]}, {""place"": ""quezon"", ""jurisdiction"": ""quezon"", ""seats"": [""3rd""]}]","[""Quezon is being used as a municipality match; its role as province, city, barangay, bridge or road name must be established from geographic context.""]",[],Unresolved: flagged geographic evidence,No plausible NEP title counterpart; review candidate,"Construction of Road, Barangay Casasahan Ibaba - Barangay Ilayang Piña - Ibabang Piña, Pitogo, Quezon"
HB10858-3-0424-005939,"Construction of Road, Barangay Mabini - Barangay Bonifacio, Unisan, Quezon, Sta. 0 + 000 - Sta. 3 + 000",100000000,Central Office,Region IV-A,3- HB 10858 FOR 3RD READING VOL I-C .pdf,424,"[""Quezon · 3rd District""]","[""Reynante Arrogancia""]","[{""place"": ""quezon"", ""jurisdiction"": ""quezon"", ""seats"": [""3rd""]}, {""place"": ""unisan"", ""jurisdiction"": ""quezon"", ""seats"": [""3rd""]}]","[""Quezon is being used as a municipality match; its role as province, city, barangay, bridge or road name must be established from geographic context.""]",[],Unresolved: flagged geographic evidence,No plausible NEP title counterpart; review candidate,"Construction of Road, Barangay Bulao, Las Navas - Barangay Bonifacio, Catubig, (Sta. 0+000 - Sta. 1+049), Northern Samar"
HB10858-3-0424-005940,"Construction of Road, Barangay Mairok Ibaba - Barangay Mairok Ilaya, Unisan, Quezon, Sta. 0 + 000 - Sta. 3 + 000",100000000,Central Office,Region IV-A,3- HB 10858 FOR 3RD READING VOL I-C .pdf,424,"[""Quezon · 3rd District""]","[""Reynante Arrogancia""]","[{""place"": ""quezon"", ""jurisdiction"": ""quezon"", ""seats"": [""3rd""]}, {""place"": ""unisan"", ""jurisdiction"": ""quezon"", ""seats"": [""3rd""]}]","[""Quezon is being used as a municipality match; its role as province, city, barangay, bridge or road name must be established from geographic context.""]",[],Unresolved: flagged geographic evidence,No plausible NEP title counterpart; review candidate,"Construction of Road, Barangay Linao leading to Barangay Talisay Road, Sta. 1+800 - Sta. 3+000, Calatrava, Romblon"
HB10858-3-0424-005942,"Construction of Road, Barangay Silangang Maligaya-Dayap-Kanlurang Maligaya, Agdangan, Quezon, Sta. 3+000 - Sta. 6+000",100000000,Central Office,Region IV-A,3- HB 10858 FOR 3RD READING VOL I-C .pdf,424,"[""Quezon · 3rd District""]","[""Reynante Arrogancia""]","[{""place"": ""quezon"", ""jurisdiction"": ""quezon"", ""seats"": [""3rd""]}]","[""Local crosswalks disagree or the primary crosswalk lacks a named locality."", ""Quezon is being used as a municipality match; its role as province, city, barangay, bridge or road name must be established from geographic context.""]","[{""locality"": ""agdangan"", ""primaryDistrict"": null, ""alternativeDistrict"": ""3rd District"", ""decision"": ""Unresolved; neither local crosswalk is treated as authoritative.""}]",Unresolved: flagged geographic evidence,No plausible NEP title counterpart; review candidate,"Construction of Road, Barangay General Luna to Barangay Binbin, Carranglan, Nueva Ecija Sta. 0+000 - Sta. 2+900, Sta. 4+750 - Sta. 6+570"
HB10858-3-0424-005943,"Construction of Road, Barangay Sildora - Barangay Salvacion, Agdangan, Quezon, Sta. 3 + 900 - Sta. 6 + 900",100000000,Central Office,Region IV-A,3- HB 10858 FOR 3RD READING VOL I-C .pdf,424,"[""Quezon · 3rd District""]","[""Reynante Arrogancia""]","[{""place"": ""quezon"", ""jurisdiction"": ""quezon"", ""seats"": [""3rd""]}]","[""Local crosswalks disagree or the primary crosswalk lacks a named locality."", ""Quezon is being used as a municipality match; its role as province, city, barangay, bridge or road name must be established from geographic context.""]","[{""locality"": ""agdangan"", ""primaryDistrict"": null, ""alternativeDistrict"": ""3rd District"", ""decision"": ""Unresolved; neither local crosswalk is treated as authoritative.""}]",Unresolved: flagged geographic evidence,No plausible NEP title counterpart; review candidate,"Construction of Jct National Road - Barangay Villa Alvarez - Barangay Salvacion, Balud and Mandaon, Masbate, Sta. 4+192 to Sta. 5+122"
HB10858-3-0424-005944,"Construction of San Francisco - San Andres Road, Barangay Pansoy, San Andres, Quezon, Sta. 8+900 - Sta. 10+300, Sta. 11+200 - Sta. 11+980, Sta. 14+550 - Sta. 15+170",100000000,Central Office,Region IV-A,3- HB 10858 FOR 3RD READING VOL I-C .pdf,424,"[""Quezon · 3rd District""]","[""Reynante Arrogancia""]","[{""place"": ""quezon"", ""jurisdiction"": ""quezon"", ""seats"": [""3rd""]}]","[""Local crosswalks disagree or the primary crosswalk lacks a named locality."", ""Quezon is being used as a municipality match; its role as province, city, barangay, bridge or road name must be established from geographic context.""]","[{""locality"": ""san andres"", ""primaryDistrict"": null, ""alternativeDistrict"": ""3rd District"", ""decision"": ""Unresolved; neither local crosswalk is treated as authoritative.""}, {""locality"": ""san francisco"", ""primaryDistrict"": null, ""alternativeDistrict"": ""3rd District"", ""decision"": ""Unresolved; neither local crosswalk is treated as authoritative.""}]",Unresolved: flagged geographic evidence,No plausible NEP title counterpart; review candidate,"Construction of Kibawe - Arakan Road, Barangay Lagandang Section, Sta. 14+300 - Sta. 19+550, Damulog, Bukidnon"
HB10858-3-0424-005945,"Construction of San Francisco - San Andres Road, Barangay Sto. Niño - Barangay Mabunga, San Francisco, Quezon, Sta. 4+400 - Sta. 6+100, Sta. 7+800 - Sta. 8+900",100000000,Central Office,Region IV-A,3- HB 10858 FOR 3RD READING VOL I-C .pdf,424,"[""Quezon · 3rd District""]","[""Reynante Arrogancia""]","[{""place"": ""quezon"", ""jurisdiction"": ""quezon"", ""seats"": [""3rd""]}]","[""Local crosswalks disagree or the primary crosswalk lacks a named locality."", ""Quezon is being used as a municipality match; its role as province, city, barangay, bridge or road name must be established from geographic context.""]","[{""locality"": ""san andres"", ""primaryDistrict"": null, ""alternativeDistrict"": ""3rd District"", ""decision"": ""Unresolved; neither local crosswalk is treated as authoritative.""}, {""locality"": ""san francisco"", ""primaryDistrict"": null, ""alternativeDistrict"": ""3rd District"", ""decision"": ""Unresolved; neither local crosswalk is treated as authoritative.""}]",Unresolved: flagged geographic evidence,No plausible NEP title counterpart; review candidate,"Construction of Road, Upper Calawag, Barangay Calawag, Section A Sta. 6+300 - Sta. 6+470, Section B Sta. 7+700 - Sta. 8+700, Balingasag, Misamis Oriental"
HB10858-3-0425-005960,"Construction of Bridge and Approaches Sitio Bangkatan - Sitio Cadangdang, Barangay San Isidro, San Narciso, Quezon",60000000,Central Office,Region IV-A,3- HB 10858 FOR 3RD READING VOL I-C .pdf,425,"[""Quezon · 3rd District""]","[""Reynante Arrogancia""]","[{""place"": ""quezon"", ""jurisdiction"": ""quezon"", ""seats"": [""3rd""]}]","[""Local crosswalks disagree or the primary crosswalk lacks a named locality."", ""Quezon is being used as a municipality match; its role as province, city, barangay, bridge or road name must be established from geographic context.""]","[{""locality"": ""san narciso"", ""primaryDistrict"": null, ""alternativeDistrict"": ""3rd District"", ""decision"": ""Unresolved; neither local crosswalk is treated as authoritative.""}]",Unresolved: flagged geographic evidence,Exact normalized title found in NEP,"Construction of Bridge and Approaches Sitio Bangkatan - Sitio Cadangdang, Barangay San Isidro, San Narciso, Quezon"
HB10858-3-0425-005963,"Construction of Bridge, Barangay Lalig, Tiaong, Quezon",65000000,Central Office,Region IV-A,3- HB 10858 FOR 3RD READING VOL I-C .pdf,425,"[""Quezon · 2nd District"", ""Quezon · 3rd District""]","[""Reynante Arrogancia"", ""David Suarez""]","[{""place"": ""quezon"", ""jurisdiction"": ""quezon"", ""seats"": [""3rd""]}, {""place"": ""tiaong"", ""jurisdiction"": ""quezon"", ""seats"": [""2nd""]}]","[""Quezon is being used as a municipality match; its role as province, city, barangay, bridge or road name must be established from geographic context.""]",[],Unresolved: flagged geographic evidence,Exact normalized title found in NEP,"Construction of Bridge, Barangay Lalig, Tiaong, Quezon"
HB10858-3-0426-005988,"Construction of Road with Approach of Kaibayo Bridge, Barangay 1 - Barangay 5, Catanauan, Quezon",100000000,Central Office,Region IV-A,3- HB 10858 FOR 3RD READING VOL I-C .pdf,426,"[""Quezon · 3rd District""]","[""Reynante Arrogancia""]","[{""place"": ""quezon"", ""jurisdiction"": ""quezon"", ""seats"": [""3rd""]}]","[""Local crosswalks disagree or the primary crosswalk lacks a named locality."", ""Quezon is being used as a municipality match; its role as province, city, barangay, bridge or road name must be established from geographic context.""]","[{""locality"": ""catanauan"", ""primaryDistrict"": null, ""alternativeDistrict"": ""3rd District"", ""decision"": ""Unresolved; neither local crosswalk is treated as authoritative.""}]",Unresolved: flagged geographic evidence,Exact normalized title found in NEP,"Construction of Road with Approach of Kaibayo Bridge, Barangay 1 - Barangay 5, Catanauan, Quezon"
HB10858-3-0427-005991,"Construction of Road with Bridge, Barangay Sumag Weste - Sumag Este, Pitogo, Quezon",100000000,Central Office,Region IV-A,3- HB 10858 FOR 3RD READING VOL I-C .pdf,427,"[""Quezon · 3rd District""]","[""Reynante Arrogancia""]","[{""place"": ""pitogo"", ""jurisdiction"": ""quezon"", ""seats"": [""3rd""]}, {""place"": ""quezon"", ""jurisdiction"": ""quezon"", ""seats"": [""3rd""]}]","[""Quezon is being used as a municipality match; its role as province, city, barangay, bridge or road name must be established from geographic context.""]",[],Unresolved: flagged geographic evidence,Exact normalized title found in NEP,"Construction of Road with Bridge, Barangay Sumag Weste - Sumag Este, Pitogo, Quezon"
HB10858-3-0427-005992,"Construction of Road, Barangay Andres Bonifacio, San Narciso, Quezon",62000000,Central Office,Region IV-A,3- HB 10858 FOR 3RD READING VOL I-C .pdf,427,"[""Quezon · 3rd District""]","[""Reynante Arrogancia""]","[{""place"": ""quezon"", ""jurisdiction"": ""quezon"", ""seats"": [""3rd""]}]","[""Local crosswalks disagree or the primary crosswalk lacks a named locality."", ""Quezon is being used as a municipality match; its role as province, city, barangay, bridge or road name must be established from geographic context.""]","[{""locality"": ""san narciso"", ""primaryDistrict"": null, ""alternativeDistrict"": ""3rd District"", ""decision"": ""Unresolved; neither local crosswalk is treated as authoritative.""}]",Unresolved: flagged geographic evidence,Exact normalized title found in NEP,"Construction of Road, Barangay Andres Bonifacio, San Narciso, Quezon"
HB10858-3-0427-005993,"Construction of Road, Barangay Bolo - Barangay Cutcutan - Barangay Gatasan - Barangay Macpac - Barangay Tuhian, Catanauan, Quezon",100000000,Central Office,Region IV-A,3- HB 10858 FOR 3RD READING VOL I-C .pdf,427,"[""Quezon · 3rd District""]","[""Reynante Arrogancia""]","[{""place"": ""quezon"", ""jurisdiction"": ""quezon"", ""seats"": [""3rd""]}]","[""Local crosswalks disagree or the primary crosswalk lacks a named locality."", ""Quezon is being used as a municipality match; its role as province, city, barangay, bridge or road name must be established from geographic context.""]","[{""locality"": ""catanauan"", ""primaryDistrict"": null, ""alternativeDistrict"": ""3rd District"", ""decision"": ""Unresolved; neither local crosswalk is treated as authoritative.""}]",Unresolved: flagged geographic evidence,Exact normalized title found in NEP,"Construction of Road, Barangay Bolo - Barangay Cutcutan - Barangay Gatasan - Barangay Macpac - Barangay Tuhian, Catanauan, Quezon"
HB10858-3-0427-005994,"Construction of Road, Barangay Casasahan Ibaba - Barangay Ilayang Piña - Ibabang Piña, Pitogo, Quezon",100000000,Central Office,Region IV-A,3- HB 10858 FOR 3RD READING VOL I-C .pdf,427,"[""Quezon · 3rd District""]","[""Reynante Arrogancia""]","[{""place"": ""pitogo"", ""jurisdiction"": ""quezon"", ""seats"": [""3rd""]}, {""place"": ""quezon"", ""jurisdiction"": ""quezon"", ""seats"": [""3rd""]}]","[""Quezon is being used as a municipality match; its role as province, city, barangay, bridge or road name must be established from geographic context.""]",[],Unresolved: flagged geographic evidence,Exact normalized title found in NEP,"Construction of Road, Barangay Casasahan Ibaba - Barangay Ilayang Piña - Ibabang Piña, Pitogo, Quezon"
HB10858-3-0439-006246,"Construction of Baylanan - San Miguel Bridge along Jct. Cagayan de Oro City - Dominorog • Camp Kibaritan Road to Jct SH-Aglayan-Alanib-Ticlaan Road (Aglayan - Basak), Bgy. Cosina, Sta, 21+750 - Sta. 21+800, Talakag, Bukldnon",105000000,Central Office,Region X,3- HB 10858 FOR 3RD READING VOL I-C .pdf,439,"[""Cagayan de Oro · 2nd District""]","[""Rufus Rodriguez""]","[{""place"": ""cagayan de oro city"", ""jurisdiction"": ""cagayan de oro"", ""seats"": [""2nd""]}]","[""Cagayan de Oro barangay crosswalk omits the 1st District; a unique returned name does not prove a unique geographic assignment."", ""Whole-city name is indexed as a 2nd District barangay and overrides shorter locality matches.""]",[],Unresolved: flagged geographic evidence,Exact normalized title found in NEP,"Construction of Baylanan - San Miguel Bridge along Jct. Cagayan de Oro City - Dominorog • Camp Kibaritan Road to Jct SH-Aglayan-Alanib-Ticlaan Road (Aglayan - Basak), Bgy. Cosina, Sta, 21+750 - Sta. 21+800, Talakag, Bukldnon"
HB10858-3-0459-006610,"Construction of Bridge connecting Barangay Alsem and Barangay Dipilat , Vintar, Ilocos Norte",21000000,Ilocos Norte 1st District Engineering Office,Region I,3- HB 10858 FOR 3RD READING VOL I-C .pdf,459,"[""Ilocos Norte · 1st District""]","[""Sandro Marcos""]","[{""place"": ""vintar"", ""jurisdiction"": ""ilocos norte"", ""seats"": [""1st""]}]",[],[],Not independently verified,Exact normalized title found in NEP,"Construction of Bridge connecting Barangay Alsem and Barangay Dipilat , Vintar, Ilocos Norte"
HB10858-3-0459-006611,"Construction of Bridge, Barangay Abkir, Vintar, Ilocos Norte",8000000,Ilocos Norte 1st District Engineering Office,Region I,3- HB 10858 FOR 3RD READING VOL I-C .pdf,459,"[""Ilocos Norte · 1st District""]","[""Sandro Marcos""]","[{""place"": ""vintar"", ""jurisdiction"": ""ilocos norte"", ""seats"": [""1st""]}]",[],[],Not independently verified,Exact normalized title found in NEP,"Construction of Bridge, Barangay Abkir, Vintar, Ilocos Norte"
HB10858-3-0459-006612,"Construction of Bridge, Barangay Cabangaran, Vintar, Ilocos Norte",10000000,Ilocos Norte 1st District Engineering Office,Region I,3- HB 10858 FOR 3RD READING VOL I-C .pdf,459,"[""Ilocos Norte · 1st District""]","[""Sandro Marcos""]","[{""place"": ""vintar"", ""jurisdiction"": ""ilocos norte"", ""seats"": [""1st""]}]",[],[],Not independently verified,Exact normalized title found in NEP,"Construction of Bridge, Barangay Cabangaran, Vintar, Ilocos Norte"
HB10858-3-0460-006613,"Construction of Bridge, Barangay Maruaya, Piddig, Ilocos Norte",10000000,Ilocos Norte 1st District Engineering Office,Region I,3- HB 10858 FOR 3RD READING VOL I-C .pdf,460,"[""Ilocos Norte · 1st District""]","[""Sandro Marcos""]","[{""place"": ""piddig"", ""jurisdiction"": ""ilocos norte"", ""seats"": [""1st""]}]",[],[],Not independently verified,Exact normalized title found in NEP,"Construction of Bridge, Barangay Maruaya, Piddig, Ilocos Norte"
HB10858-3-0460-006614,"Construction of Bridge, Barangay Poblacion 3, Adams, Ilocos Norte",25000000,Ilocos Norte 1st District Engineering Office,Region I,3- HB 10858 FOR 3RD READING VOL I-C .pdf,460,"[""Ilocos Norte · 1st District""]","[""Sandro Marcos""]","[{""place"": ""adams"", ""jurisdiction"": ""ilocos norte"", ""seats"": [""1st""]}]",[],[],Not independently verified,Exact normalized title found in NEP,"Construction of Bridge, Barangay Poblacion 3, Adams, Ilocos Norte"
HB10858-3-0460-006615,"Rehabilitation of Road, Barangay Sta. Rita, Bacarra, Ilocos Norte",5000000,Ilocos Norte 1st District Engineering Office,Region I,3- HB 10858 FOR 3RD READING VOL I-C .pdf,460,"[""Ilocos Norte · 1st District""]","[""Sandro Marcos""]","[{""place"": ""bacarra"", ""jurisdiction"": ""ilocos norte"", ""seats"": [""1st""]}]",[],[],Not independently verified,No plausible NEP title counterpart; review candidate,"Construction of Road, Barangay Caraitan, Badoc, Ilocos Norte"
HB10858-3-0460-006616,"Construction of Road, Barangay Macupit, Bacarra, Ilocos Norte, Start 18.293231, 120.646567 End 18.292758, 120.647915",5000000,Ilocos Norte 1st District Engineering Office,Region I,3- HB 10858 FOR 3RD READING VOL I-C .pdf,460,"[""Ilocos Norte · 1st District""]","[""Sandro Marcos""]","[{""place"": ""bacarra"", ""jurisdiction"": ""ilocos norte"", ""seats"": [""1st""]}]",[],[],Not independently verified,No plausible NEP title counterpart; review candidate,"Construction of Road, Barangay Saud, Badoc, Ilocos Norte"
HB10858-3-0460-006617,"Construction of Road, Barangay Sangil, Bacarra, Ilocos Norte (18.246538, 120.595626 - 18.247022, 120.594522)",5000000,Ilocos Norte 1st District Engineering Office,Region I,3- HB 10858 FOR 3RD READING VOL I-C .pdf,460,"[""Ilocos Norte · 1st District""]","[""Sandro Marcos""]","[{""place"": ""bacarra"", ""jurisdiction"": ""ilocos norte"", ""seats"": [""1st""]}]",[],[],Not independently verified,No plausible NEP title counterpart; review candidate,"Construction of Road, Barangay Saud, Badoc, Ilocos Norte"
HB10858-3-0460-006618,"Rehabilitation of Road, Barangay Cabaruan, Bacarra, Ilocos Norte (18.270542, 120.582646 - 18.270601, 120.582214)",5000000,Ilocos Norte 1st District Engineering Office,Region I,3- HB 10858 FOR 3RD READING VOL I-C .pdf,460,"[""Ilocos Norte · 1st District""]","[""Sandro Marcos""]","[{""place"": ""bacarra"", ""jurisdiction"": ""ilocos norte"", ""seats"": [""1st""]}]",[],[],Not independently verified,No plausible NEP title counterpart; review candidate,"Rehabilitation of Road, Barangay San Marcos, San Nicolas, Ilocos Norte"
HB10858-3-0460-006619,"Rehabilitation of Road, Barangay Duripes, Bacarra, Ilocos Norte, Start 18.290131, 120.625013 End 18.292112, 120.623779",5000000,Ilocos Norte 1st District Engineering Office,Region I,3- HB 10858 FOR 3RD READING VOL I-C .pdf,460,"[""Ilocos Norte · 1st District""]","[""Sandro Marcos""]","[{""place"": ""bacarra"", ""jurisdiction"": ""ilocos norte"", ""seats"": [""1st""]}]",[],[],Not independently verified,No plausible NEP title counterpart; review candidate,"Rehabilitation of Road, Barangay San Marcos, San Nicolas, Ilocos Norte"
HB10858-3-0460-006620,"Rehabilitation of Road, Barangay Tubburan, Bacarra, Ilocos Norte (18.288071, 120.632938 - 18.287430, 120.633746)",5000000,Ilocos Norte 1st District Engineering Office,Region I,3- HB 10858 FOR 3RD READING VOL I-C .pdf,460,"[""Ilocos Norte · 1st District""]","[""Sandro Marcos""]","[{""place"": ""bacarra"", ""jurisdiction"": ""ilocos norte"", ""seats"": [""1st""]}]",[],[],Not independently verified,No plausible NEP title counterpart; review candidate,"Rehabilitation of Road, Barangay San Marcos, San Nicolas, Ilocos Norte"
HB10858-3-0460-006621,"Construction of Bridge, Barangay 20, Bacarra, Ilocos Norte, Start 18.2729, 120.6386 End 18.2729, 120.6387",5000000,Ilocos Norte 1st District Engineering Office,Region I,3- HB 10858 FOR 3RD READING VOL I-C .pdf,460,"[""Ilocos Norte · 1st District""]","[""Sandro Marcos""]","[{""place"": ""bacarra"", ""jurisdiction"": ""ilocos norte"", ""seats"": [""1st""]}]",[],[],Not independently verified,No plausible NEP title counterpart; review candidate,"Construction of Bridge, Barangay Poblacion 3, Adams, Ilocos Norte"
HB10858-3-0460-006622,"Construction of Road, Barangay Tubburan, Bacarra, Ilocos Norte (18.282523, 120.638859 - 18.280656, 120.639972)",5000000,Ilocos Norte 1st District Engineering Office,Region I,3- HB 10858 FOR 3RD READING VOL I-C .pdf,460,"[""Ilocos Norte · 1st District""]","[""Sandro Marcos""]","[{""place"": ""bacarra"", ""jurisdiction"": ""ilocos norte"", ""seats"": [""1st""]}]",[],[],Not independently verified,No plausible NEP title counterpart; review candidate,"Construction of Road, Barangay Caraitan, Badoc, Ilocos Norte"
HB10858-3-0460-006623,"Rehabilitation of Road including Bridge, Barangay Nambaran, Bacarra, Ilocos Norte, Start 18.2710, 120.6542 End 18.2713, 120.6541",5000000,Ilocos Norte 1st District Engineering Office,Region I,3- HB 10858 FOR 3RD READING VOL I-C .pdf,460,"[""Ilocos Norte · 1st District""]","[""Sandro Marcos""]","[{""place"": ""bacarra"", ""jurisdiction"": ""ilocos norte"", ""seats"": [""1st""]}]",[],[],Not independently verified,No plausible NEP title counterpart; review candidate,"Rehabilitation of Road, Barangay Pias Norte-Barangay Anggapang Road, Currimao. Ilocos Norte"
HB10858-3-0460-006624,"Rehabilitation of Road, Barangay 32 Corocor, Bacarra, Ilocos Norte (18.269913, 120.596870 - 18.269993, 120.596695)",5000000,Ilocos Norte 1st District Engineering Office,Region I,3- HB 10858 FOR 3RD READING VOL I-C .pdf,460,"[""Ilocos Norte · 1st District""]","[""Sandro Marcos""]","[{""place"": ""bacarra"", ""jurisdiction"": ""ilocos norte"", ""seats"": [""1st""]}]",[],[],Not independently verified,No plausible NEP title counterpart; review candidate,"Rehabilitation of Road, Barangay San Marcos, San Nicolas, Ilocos Norte"
HB10858-3-0460-006625,"Rehabilitation of Road, Barangay Pulangi, Bacarra, Ilocos Norte (18.274607, 120.640192 - 18.277292, 120.642510)",8000000,Ilocos Norte 1st District Engineering Office,Region I,3- HB 10858 FOR 3RD READING VOL I-C .pdf,460,"[""Ilocos Norte · 1st District""]","[""Sandro Marcos""]","[{""place"": ""bacarra"", ""jurisdiction"": ""ilocos norte"", ""seats"": [""1st""]}]",[],[],Not independently verified,No plausible NEP title counterpart; review candidate,"Rehabilitation of Road, Barangay Aglipay, Pinili, Ilocos Norte"
HB10858-3-0460-006626,"Improvement of Road, Barangay Paninaan, Bacarra, Ilocos Norte (18.285166, 120.657731 - 18.281040, 120.661314)",5000000,Ilocos Norte 1st District Engineering Office,Region I,3- HB 10858 FOR 3RD READING VOL I-C .pdf,460,"[""Ilocos Norte · 1st District""]","[""Sandro Marcos""]","[{""place"": ""bacarra"", ""jurisdiction"": ""ilocos norte"", ""seats"": [""1st""]}]",[],[],Not independently verified,No plausible NEP title counterpart; review candidate,"Construction of Road, Barangay Pagsanahan Sur, Badoc, Ilocos Norte"
HB10858-3-0460-006627,"Construction of Road, Barangay 21, Libtong , Bacarra, Ilocos Norte (18.267643, 120.622863 - 18.268245, 120.621003)",5000000,Ilocos Norte 1st District Engineering Office,Region I,3- HB 10858 FOR 3RD READING VOL I-C .pdf,460,"[""Ilocos Norte · 1st District""]","[""Sandro Marcos""]","[{""place"": ""bacarra"", ""jurisdiction"": ""ilocos norte"", ""seats"": [""1st""]}]",[],[],Not independently verified,No plausible NEP title counterpart; review candidate,"Construction of Road, Barangay Caraitan, Badoc, Ilocos Norte"
HB10858-3-0460-006628,"Construction of Bridge, Barangay Cadaratan, Bacarra, Ilocos Norte, Start 18.2924, 120.5933 End 18.2926, 120.5930",15000000,Ilocos Norte 1st District Engineering Office,Region I,3- HB 10858 FOR 3RD READING VOL I-C .pdf,460,"[""Ilocos Norte · 1st District""]","[""Sandro Marcos""]","[{""place"": ""bacarra"", ""jurisdiction"": ""ilocos norte"", ""seats"": [""1st""]}]",[],[],Not independently verified,No plausible NEP title counterpart; review candidate,"Construction of Road, Barangay Caraitan, Badoc, Ilocos Norte"
HB10858-3-0460-006629,"Construction of Bridge, Barangay Lanao, Bangui, Ilocos Norte, Start 18.53093, 125.96167 End 18.53141, 125.96167, 120.80383",11800000,Ilocos Norte 1st District Engineering Office,Region I,3- HB 10858 FOR 3RD READING VOL I-C .pdf,460,"[""Ilocos Norte · 1st District""]","[""Sandro Marcos""]","[{""place"": ""bangui"", ""jurisdiction"": ""ilocos norte"", ""seats"": [""1st""]}]",[],[],Not independently verified,No plausible NEP title counterpart; review candidate,"Construction of Bridge, Barangay Cabangaran, Vintar, Ilocos Norte"
HB10858-3-0460-006630,"Construction of Road, Barangay Nagsurot, Burgos, Ilocos Norte, Start 18.505483, 120.677072 End 18.505447, 120.677129",10000000,Ilocos Norte 1st District Engineering Office,Region I,3- HB 10858 FOR 3RD READING VOL I-C .pdf,460,"[""Ilocos Norte · 1st District""]","[""Sandro Marcos""]","[{""place"": ""burgos"", ""jurisdiction"": ""ilocos norte"", ""seats"": [""1st""]}]",[],[],Not independently verified,No plausible NEP title counterpart; review candidate,"Construction of Road, Barangay Pagsanahan Sur, Badoc, Ilocos Norte"
HB10858-3-0460-006631,"Rehabilitation of Road, Barangay Nagsurot, Burgos, Ilocos Norte, Start 18.510711, 120.676454 End 18.511554, 120.678133",10000000,Ilocos Norte 1st District Engineering Office,Region I,3- HB 10858 FOR 3RD READING VOL I-C .pdf,460,"[""Ilocos Norte · 1st District""]","[""Sandro Marcos""]","[{""place"": ""burgos"", ""jurisdiction"": ""ilocos norte"", ""seats"": [""1st""]}]",[],[],Not independently verified,No plausible NEP title counterpart; review candidate,"Rehabilitation of Road, Barangay Aglipay, Pinili, Ilocos Norte"
HB10858-3-0460-006632,"Rehabilitation of Processional Road, Burgos, Ilocos Norte, Start 18.510617, 120.641706 End 18.509954, 120.642839",10000000,Ilocos Norte 1st District Engineering Office,Region I,3- HB 10858 FOR 3RD READING VOL I-C .pdf,460,"[""Ilocos Norte · 1st District""]","[""Sandro Marcos""]","[{""place"": ""burgos"", ""jurisdiction"": ""ilocos norte"", ""seats"": [""1st""]}]",[],[],Not independently verified,No plausible NEP title counterpart; review candidate,"Rehabilitation of Road, Barangay San Marcos, San Nicolas, Ilocos Norte"
HB10858-3-0461-006633,"Rehabilitation of Road, Burgos, Ilocos Norte (18.510617, 120.641706 - 18.509954, 120.642839)",10000000,Ilocos Norte 1st District Engineering Office,Region I,3- HB 10858 FOR 3RD READING VOL I-C .pdf,461,"[""Ilocos Norte · 1st District""]","[""Sandro Marcos""]","[{""place"": ""burgos"", ""jurisdiction"": ""ilocos norte"", ""seats"": [""1st""]}]",[],[],Not independently verified,No plausible NEP title counterpart; review candidate,"Rehabilitation of Road, Barangay Aglipay, Pinili, Ilocos Norte"
HB10858-3-0461-006634,"Construction of Road, Barangay Bobon, Burgos, Ilocos Norte (18.500645, 120.586562 - 18.505260, 120.584566)",10000000,Ilocos Norte 1st District Engineering Office,Region I,3- HB 10858 FOR 3RD READING VOL I-C .pdf,461,"[""Ilocos Norte · 1st District""]","[""Sandro Marcos""]","[{""place"": ""burgos"", ""jurisdiction"": ""ilocos norte"", ""seats"": [""1st""]}]",[],[],Not independently verified,No plausible NEP title counterpart; review candidate,"Construction of Road, Barangay Saud, Badoc, Ilocos Norte"
HB10858-3-0461-006635,"Construction of Road, Barangay Poblacion, Burgos, Ilocos Norte (18.514000, 120.648500 - 18.513657, 120.648201)",15000000,Ilocos Norte 1st District Engineering Office,Region I,3- HB 10858 FOR 3RD READING VOL I-C .pdf,461,"[""Ilocos Norte · 1st District""]","[""Sandro Marcos""]","[{""place"": ""burgos"", ""jurisdiction"": ""ilocos norte"", ""seats"": [""1st""]}]",[],[],Not independently verified,No plausible NEP title counterpart; review candidate,"Construction of Bridge, Barangay Poblacion 3, Adams, Ilocos Norte"
HB10858-3-0461-006636,"Construction of Parparya Bridge, Barangay Barbaqueso, Carasi, Ilocos Norte (18.140400, 120.823500 - 18.140500, 120.827000)",21000000,Ilocos Norte 1st District Engineering Office,Region I,3- HB 10858 FOR 3RD READING VOL I-C .pdf,461,"[""Ilocos Norte · 1st District""]","[""Sandro Marcos""]","[{""place"": ""carasi"", ""jurisdiction"": ""ilocos norte"", ""seats"": [""1st""]}]",[],[],Not independently verified,No plausible NEP title counterpart; review candidate,"Construction of Bridge, Barangay Surong, Pasuquin, Ilocos Norte"
HB10858-3-0461-006637,"Rehabilitation of Madungon-Bungad Road, Barangay Angset, Carasi, Ilocos Norte (18.1629, 120.7915 - 18.1638, 120.7923)",5000000,Ilocos Norte 1st District Engineering Office,Region I,3- HB 10858 FOR 3RD READING VOL I-C .pdf,461,"[""Ilocos Norte · 1st District""]","[""Sandro Marcos""]","[{""place"": ""carasi"", ""jurisdiction"": ""ilocos norte"", ""seats"": [""1st""]}]",[],[],Not independently verified,No plausible NEP title counterpart; review candidate,"Rehabilitation of Road, Barangay San Marcos, San Nicolas, Ilocos Norte"
HB10858-3-0461-006638,"Rehabilitation of Bridge, Barangay Zamboanga, Laoag City, Ilocos Norte, Start 18.189233, 120.545766 End 18.189233, 120.545766",5000000,Ilocos Norte 1st District Engineering Office,Region I,3- HB 10858 FOR 3RD READING VOL I-C .pdf,461,"[""Ilocos Norte · 1st District""]","[""Sandro Marcos""]","[{""place"": ""laoag"", ""jurisdiction"": ""ilocos norte"", ""seats"": [""1st""]}]",[],[],Not independently verified,No plausible NEP title counterpart; review candidate,"Rehabilitation of Road, Barangay Aglipay, Pinili, Ilocos Norte"
HB10858-3-0461-006639,"Construction of Road, Barangay Balacad, Laoag City, Ilocos Norte, Start 120.541971, 18.147805 End 120.541349, 18.147403",5000000,Ilocos Norte 1st District Engineering Office,Region I,3- HB 10858 FOR 3RD READING VOL I-C .pdf,461,"[""Ilocos Norte · 1st District""]","[""Sandro Marcos""]","[{""place"": ""laoag"", ""jurisdiction"": ""ilocos norte"", ""seats"": [""1st""]}]",[],[],Not independently verified,No plausible NEP title counterpart; review candidate,"Construction of Road, Barangay Saud, Badoc, Ilocos Norte"
HB10858-3-0461-006640,"Construction of Road, Sitio Barbar Barangay 59-B Dibua North, Laoag City, Ilocos Norte, Start 120.58346, 18.24589 End 120.58329, 18.24845",5000000,Ilocos Norte 1st District Engineering Office,Region I,3- HB 10858 FOR 3RD READING VOL I-C .pdf,461,"[""Ilocos Norte · 1st District""]","[""Sandro Marcos""]","[{""place"": ""laoag"", ""jurisdiction"": ""ilocos norte"", ""seats"": [""1st""]}]",[],[],Not independently verified,No plausible NEP title counterpart; review candidate,"Construction of Bridge, Sitio Agapang, Barangay Mabanbanag, Vintar, Ilocos Norte"
HB10858-3-0461-006641,"Construction of Maharlika - By pass Road, Barangay 1, San Lorenzo, Laoag City, Ilocos Norte, Start 18.201922, 120.580992 End 18.202645, 120.580247",5000000,Ilocos Norte 1st District Engineering Office,Region I,3- HB 10858 FOR 3RD READING VOL I-C .pdf,461,"[""Ilocos Norte · 1st District""]","[""Sandro Marcos""]","[{""place"": ""laoag"", ""jurisdiction"": ""ilocos norte"", ""seats"": [""1st""]}]",[],[],Not independently verified,No plausible NEP title counterpart; review candidate,"Construction of By- Pass Road, Barangay Bangantalinga, Iba, Zambales Sta.9+159.00-Sta.9+999.00"
HB10858-3-0461-006642,"Construction of Road, Barangay 45 Tangid, Laoag City, Ilocos Norte, Start 18.1954, 120.5710 End 18.1936, 120.5716",5000000,Ilocos Norte 1st District Engineering Office,Region I,3- HB 10858 FOR 3RD READING VOL I-C .pdf,461,"[""Ilocos Norte · 1st District""]","[""Sandro Marcos""]","[{""place"": ""laoag"", ""jurisdiction"": ""ilocos norte"", ""seats"": [""1st""]}]",[],[],Not independently verified,No plausible NEP title counterpart; review candidate,"Construction of Road, Barangay Saud, Badoc, Ilocos Norte"
HB10858-3-0461-006643,"Construction of Road, Barangay 48-B Cabungaan South, Laoag City, Ilocos Norte, Start 120.5577, 18.1856 End 120.5562, 18.1838",5000000,Ilocos Norte 1st District Engineering Office,Region I,3- HB 10858 FOR 3RD READING VOL I-C .pdf,461,"[""Ilocos Norte · 1st District""]","[""Sandro Marcos""]","[{""place"": ""laoag"", ""jurisdiction"": ""ilocos norte"", ""seats"": [""1st""]}]",[],[],Not independently verified,No plausible NEP title counterpart; review candidate,"Construction of Road, Barangay Caraitan, Badoc, Ilocos Norte"
HB10858-3-0461-006644,"Construction of Road, Barangay 53 Rioeng, Laoag City, Ilocos Norte, Start 18.182278, 120.626262 End 18.183976, 120.626647",5000000,Ilocos Norte 1st District Engineering Office,Region I,3- HB 10858 FOR 3RD READING VOL I-C .pdf,461,"[""Ilocos Norte · 1st District""]","[""Sandro Marcos""]","[{""place"": ""laoag"", ""jurisdiction"": ""ilocos norte"", ""seats"": [""1st""]}]",[],[],Not independently verified,No plausible NEP title counterpart; review candidate,"Construction of Bridge, Barangay Surong, Pasuquin, Ilocos Norte"
HB10858-3-0461-006645,"Construction of Road, Barangay 54-B Camangaan, Laoag City, Ilocos Norte, Start 18.177574, 120.614313 End 18.176209, 120.613400",5000000,Ilocos Norte 1st District Engineering Office,Region I,3- HB 10858 FOR 3RD READING VOL I-C .pdf,461,"[""Ilocos Norte · 1st District""]","[""Sandro Marcos""]","[{""place"": ""laoag"", ""jurisdiction"": ""ilocos norte"", ""seats"": [""1st""]}]",[],[],Not independently verified,No plausible NEP title counterpart; review candidate,"Construction of Road, Barangay Caraitan, Badoc, Ilocos Norte"
HB10858-3-0461-006646,"Construction of Road, Barangay 59-A Dibua South, Laoag City, Ilocos Norte, Start 18.23684, 120.57291 End 18.23572, 120.57335",5000000,Ilocos Norte 1st District Engineering Office,Region I,3- HB 10858 FOR 3RD READING VOL I-C .pdf,461,"[""Ilocos Norte · 1st District""]","[""Sandro Marcos""]","[{""place"": ""laoag"", ""jurisdiction"": ""ilocos norte"", ""seats"": [""1st""]}]",[],[],Not independently verified,No plausible NEP title counterpart; review candidate,"Construction of Road, Barangay Saud, Badoc, Ilocos Norte"
HB10858-3-0461-006647,"Rehabilitation of Bacsil North Road, Laoag City, Ilocos Norte, Start 18.19694, 120.64965 End 18.19918, 120.65172",5000000,Ilocos Norte 1st District Engineering Office,Region I,3- HB 10858 FOR 3RD READING VOL I-C .pdf,461,"[""Ilocos Norte · 1st District""]","[""Sandro Marcos""]","[{""place"": ""laoag"", ""jurisdiction"": ""ilocos norte"", ""seats"": [""1st""]}]",[],[],Not independently verified,No plausible NEP title counterpart; review candidate,"Rehabilitation of Road, Barangay Aglipay, Pinili, Ilocos Norte"
HB10858-3-0461-006648,"Rehabilitation of Cataban-Madiladig Road, Laoag City, Ilocos Norte, Start 18.23754, 120.56357 End 18.24382, 120.56589",10000000,Ilocos Norte 1st District Engineering Office,Region I,3- HB 10858 FOR 3RD READING VOL I-C .pdf,461,"[""Ilocos Norte · 1st District""]","[""Sandro Marcos""]","[{""place"": ""laoag"", ""jurisdiction"": ""ilocos norte"", ""seats"": [""1st""]}]",[],[],Not independently verified,No plausible NEP title counterpart; review candidate,"Rehabilitation of Road, Barangay Aglipay, Pinili, Ilocos Norte"
HB10858-3-0461-006650,"Construction of Road, Barangay Nalbo, Laoag City, Ilocos Norte, Start 120.577, 18.1892 End 120.5782, 18.1914",5000000,Ilocos Norte 1st District Engineering Office,Region I,3- HB 10858 FOR 3RD READING VOL I-C .pdf,461,"[""Ilocos Norte · 1st District""]","[""Sandro Marcos""]","[{""place"": ""laoag"", ""jurisdiction"": ""ilocos norte"", ""seats"": [""1st""]}]",[],[],Not independently verified,No plausible NEP title counterpart; review candidate,"Construction of Road, Barangay Saud, Badoc, Ilocos Norte"
HB10858-3-0461-006651,"Construction of Road, Barangay Lagui-Sail, Laoag City, Ilocos Norte, Start 120.628370, 18.204970 End 120.626290, 18.205210",5000000,Ilocos Norte 1st District Engineering Office,Region I,3- HB 10858 FOR 3RD READING VOL I-C .pdf,461,"[""Ilocos Norte · 1st District""]","[""Sandro Marcos""]","[{""place"": ""laoag"", ""jurisdiction"": ""ilocos norte"", ""seats"": [""1st""]}]",[],[],Not independently verified,No plausible NEP title counterpart; review candidate,"Construction of Road, Barangay Saud, Badoc, Ilocos Norte"
HB10858-3-0462-006652,"Rehabilitation of Road along P. Gomez St., Barangay 2, Laoag City, Ilocos Norte, Start 18.20637, 120.58574 End 18.20577, 120.58703",5000000,Ilocos Norte 1st District Engineering Office,Region I,3- HB 10858 FOR 3RD READING VOL I-C .pdf,462,"[""Ilocos Norte · 1st District""]","[""Sandro Marcos""]","[{""place"": ""laoag"", ""jurisdiction"": ""ilocos norte"", ""seats"": [""1st""]}]",[],[],Not independently verified,No plausible NEP title counterpart; review candidate,"Rehabilitation of Road with Drainage System Along P. Angeles St., Barangay Sto. Cristo, City of Baliwag, Bulacan"
HB10858-3-0462-006653,"Construction of Sta. Maria-Camangaan Boulevard, Laoag City, Ilocos Norte, Start 18.212038, 120.572807 End 18.212786, 120.569708",25000000,Ilocos Norte 1st District Engineering Office,Region I,3- HB 10858 FOR 3RD READING VOL I-C .pdf,462,"[""Ilocos Norte · 1st District""]","[""Sandro Marcos""]","[{""place"": ""laoag"", ""jurisdiction"": ""ilocos norte"", ""seats"": [""1st""]}]",[],[],Not independently verified,No plausible NEP title counterpart; review candidate,"Construction of Bridge, Sitio Agapang, Barangay Mabanbanag, Vintar, Ilocos Norte"
HB10858-3-0462-006654,"Rehabilitation of Road, Barangay 7-B Nuestra Señora del Natividad, Laoag City, Ilocos Norte, Start 18.20067, 120.59289 End 18.20105, 120.59186",5000000,Ilocos Norte 1st District Engineering Office,Region I,3- HB 10858 FOR 3RD READING VOL I-C .pdf,462,"[""Ilocos Norte · 1st District""]","[""Sandro Marcos""]","[{""place"": ""laoag"", ""jurisdiction"": ""ilocos norte"", ""seats"": [""1st""]}]",[],[],Not independently verified,No plausible NEP title counterpart; review candidate,"Rehabilitation of Road, Barangay Pias Norte-Barangay Anggapang Road, Currimao. Ilocos Norte"
HB10858-3-0462-006655,"Rehabilitation of Road, Barangay 13 Nuestra Señora de Visitacion, Laoag City, Ilocos Norte, Start 120.60389200, 18.20468900 End 120.60477500, 18.20579600",5000000,Ilocos Norte 1st District Engineering Office,Region I,3- HB 10858 FOR 3RD READING VOL I-C .pdf,462,"[""Ilocos Norte · 1st District""]","[""Sandro Marcos""]","[{""place"": ""laoag"", ""jurisdiction"": ""ilocos norte"", ""seats"": [""1st""]}]",[],[],Not independently verified,No plausible NEP title counterpart; review candidate,"Rehabilitation of Road, Barangay Aglipay, Pinili, Ilocos Norte"
HB10858-3-0462-006656,"Rehabilitation of Road, Barangay 15 San Guillermo, Laoag City, Ilocos Norte, Start 18.20245, 120.59912 End 18.20104, 120.59837",5000000,Ilocos Norte 1st District Engineering Office,Region I,3- HB 10858 FOR 3RD READING VOL I-C .pdf,462,"[""Ilocos Norte · 1st District""]","[""Sandro Marcos""]","[{""place"": ""laoag"", ""jurisdiction"": ""ilocos norte"", ""seats"": [""1st""]}]",[],[],Not independently verified,No plausible NEP title counterpart; review candidate,"Rehabilitation of Road, Barangay San Marcos, San Nicolas, Ilocos Norte"
HB10858-3-0462-006657,"Rehabilitation of Road, Barangay 32-C La Paz East, Laoag City, Ilocos Norte",5000000,Ilocos Norte 1st District Engineering Office,Region I,3- HB 10858 FOR 3RD READING VOL I-C .pdf,462,"[""Ilocos Norte · 1st District""]","[""Sandro Marcos""]","[{""place"": ""laoag"", ""jurisdiction"": ""ilocos norte"", ""seats"": [""1st""]}]",[],[],Not independently verified,No plausible NEP title counterpart; review candidate,"Rehabilitation of Road, Barangay La Paz, Sta. 0+000 - Sta. 0+227.41, Calbayog City, Samar"
HB10858-3-0462-006658,"Rehabilitation of Road, Barangay 33-A La Paz Proper, Laoag City, Ilocos Norte, Start 120.53658000, 18.2071100 End 120.533371000, 18.20857000",5000000,Ilocos Norte 1st District Engineering Office,Region I,3- HB 10858 FOR 3RD READING VOL I-C .pdf,462,"[""Ilocos Norte · 1st District""]","[""Sandro Marcos""]","[{""place"": ""laoag"", ""jurisdiction"": ""ilocos norte"", ""seats"": [""1st""]}]",[],[],Not independently verified,No plausible NEP title counterpart; review candidate,"Rehabilitation of Road, Barangay La Paz, Sta. 0+000 - Sta. 0+227.41, Calbayog City, Samar"
HB10858-3-0462-006659,"Rehabilitation of Road, Barangay 33-B La Paz Proper, Laoag City, Ilocos Norte, Start 18.201016, 120.537014 End 18.201033, 120.536244",5000000,Ilocos Norte 1st District Engineering Office,Region I,3- HB 10858 FOR 3RD READING VOL I-C .pdf,462,"[""Ilocos Norte · 1st District""]","[""Sandro Marcos""]","[{""place"": ""laoag"", ""jurisdiction"": ""ilocos norte"", ""seats"": [""1st""]}]",[],[],Not independently verified,No plausible NEP title counterpart; review candidate,"Rehabilitation of Road, Barangay La Paz, Sta. 0+000 - Sta. 0+227.41, Calbayog City, Samar"
HB10858-3-0462-006660,"Rehabilitation of Road, Barangay 50 Buttong, Laoag City, Ilocos Norte, Start 18.176879, 120.563271 End 18.178937, 120.568545",5000000,Ilocos Norte 1st District Engineering Office,Region I,3- HB 10858 FOR 3RD READING VOL I-C .pdf,462,"[""Ilocos Norte · 1st District""]","[""Sandro Marcos""]","[{""place"": ""laoag"", ""jurisdiction"": ""ilocos norte"", ""seats"": [""1st""]}]",[],[],Not independently verified,No plausible NEP title counterpart; review candidate,"Rehabilitation of Road, Barangay Aglipay, Pinili, Ilocos Norte"
HB10858-3-0462-006661,"Rehabilitation of Road, Barangay 49-B Raraburan, Laoag City, Ilocos Norte, Start 18.1815, 120.5797 End 18.18018, 120.58188",5000000,Ilocos Norte 1st District Engineering Office,Region I,3- HB 10858 FOR 3RD READING VOL I-C .pdf,462,"[""Ilocos Norte · 1st District""]","[""Sandro Marcos""]","[{""place"": ""laoag"", ""jurisdiction"": ""ilocos norte"", ""seats"": [""1st""]}]",[],[],Not independently verified,No plausible NEP title counterpart; review candidate,"Rehabilitation of Road, Barangay Aglipay, Pinili, Ilocos Norte"
HB10858-3-0462-006662,"Rehabilitation of Road, Barangay 57 Pila, Laoag City, Ilocos Norte, Start 18.227650, 120.582500 End 18.229380, 120.583560",5000000,Ilocos Norte 1st District Engineering Office,Region I,3- HB 10858 FOR 3RD READING VOL I-C .pdf,462,"[""Ilocos Norte · 1st District""]","[""Sandro Marcos""]","[{""place"": ""laoag"", ""jurisdiction"": ""ilocos norte"", ""seats"": [""1st""]}]",[],[],Not independently verified,No plausible NEP title counterpart; review candidate,"Rehabilitation of Road, Barangay Aglipay, Pinili, Ilocos Norte"
HB10858-3-0462-006663,"Construction of Road Barangay Bascil South, Laoag City, Ilocos Norte, Start 120.64907, 18.19125 End 120.64904, 18.19339",5000000,Ilocos Norte 1st District Engineering Office,Region I,3- HB 10858 FOR 3RD READING VOL I-C .pdf,462,"[""Ilocos Norte · 1st District""]","[""Sandro Marcos""]","[{""place"": ""laoag"", ""jurisdiction"": ""ilocos norte"", ""seats"": [""1st""]}]",[],[],Not independently verified,No plausible NEP title counterpart; review candidate,"Construction of Local Road, Barangay Liliputen, Pinili, Ilocos Norte"
HB10858-3-0462-006664,"Construction of Bridge, Saguigui Proper, Barangay Saguigui, Pagudpud, Ilocos Norte, Start 120.815537, 18.569181 End 120.815571, 18.569090",10600000,Ilocos Norte 1st District Engineering Office,Region I,3- HB 10858 FOR 3RD READING VOL I-C .pdf,462,"[""Ilocos Norte · 1st District""]","[""Sandro Marcos""]","[{""place"": ""pagudpud"", ""jurisdiction"": ""ilocos norte"", ""seats"": [""1st""]}]",[],[],Not independently verified,No plausible NEP title counterpart; review candidate,"Construction of Bridge, Sitio Borbor Barangay 26 Canaam, Vintar, Ilocos Norte"
HB10858-3-0462-006665,"Construction of Bridge, Cabaruan West & East, Barangay Pasaleng, Pagudpud, Ilocos Norte, Start 120.944990, 18.557141 End 120.945054, 18.557153",10000000,Ilocos Norte 1st District Engineering Office,Region I,3- HB 10858 FOR 3RD READING VOL I-C .pdf,462,"[""Ilocos Norte · 1st District""]","[""Sandro Marcos""]","[{""place"": ""pagudpud"", ""jurisdiction"": ""ilocos norte"", ""seats"": [""1st""]}]",[],[],Not independently verified,No plausible NEP title counterpart; review candidate,"Construction of Bridge, Barangay Surong, Pasuquin, Ilocos Norte"
HB10858-3-0462-006666,"Construction of Sitio Rosas-Rosal Circumferential Road, Barangay Aggasi, Pagudpud, Ilocos Norte, Start 120.810465, 18.549919 End 120.811344, 18.550159",5000000,Ilocos Norte 1st District Engineering Office,Region I,3- HB 10858 FOR 3RD READING VOL I-C .pdf,462,"[""Ilocos Norte · 1st District""]","[""Sandro Marcos""]","[{""place"": ""pagudpud"", ""jurisdiction"": ""ilocos norte"", ""seats"": [""1st""]}]",[],[],Not independently verified,No plausible NEP title counterpart; review candidate,"Construction of Local Road, Barangay Liliputen, Pinili, Ilocos Norte"
HB10858-3-0462-006667,"Construction of Road, Barangay Caparispisan, Pagudpud, Ilocos Norte, Start 120.815800, 18.628898 End 120.816143, 18.627087",5000000,Ilocos Norte 1st District Engineering Office,Region I,3- HB 10858 FOR 3RD READING VOL I-C .pdf,462,"[""Ilocos Norte · 1st District""]","[""Sandro Marcos""]","[{""place"": ""pagudpud"", ""jurisdiction"": ""ilocos norte"", ""seats"": [""1st""]}]",[],[],Not independently verified,No plausible NEP title counterpart; review candidate,"Construction of Road, Barangay Caraitan, Badoc, Ilocos Norte"
HB10858-3-0462-006668,"Construction of Road, Barangay Caunayan, Pagudpud, Ilocos Norte, Start 120.834238, 18.604501 End 120.835626, 18.606396",5000000,Ilocos Norte 1st District Engineering Office,Region I,3- HB 10858 FOR 3RD READING VOL I-C .pdf,462,"[""Ilocos Norte · 1st District""]","[""Sandro Marcos""]","[{""place"": ""pagudpud"", ""jurisdiction"": ""ilocos norte"", ""seats"": [""1st""]}]",[],[],Not independently verified,No plausible NEP title counterpart; review candidate,"Construction of Road, Barangay Caraitan, Badoc, Ilocos Norte"
HB10858-3-0462-006669,"Construction of Road, Barangay Poblacion 1, Pagudpud, Ilocos Norte, Start 120.785302, 18.559069 End 120.783964, 18.560186",5000000,Ilocos Norte 1st District Engineering Office,Region I,3- HB 10858 FOR 3RD READING VOL I-C .pdf,462,"[""Ilocos Norte · 1st District""]","[""Sandro Marcos""]","[{""place"": ""pagudpud"", ""jurisdiction"": ""ilocos norte"", ""seats"": [""1st""]}]",[],[],Not independently verified,No plausible NEP title counterpart; review candidate,"Construction of Bridge, Barangay Poblacion 3, Adams, Ilocos Norte"
HB10858-3-0462-006670,"Construction of Reinforced Concrete Deck Girder (RCDG) Bridge, Barangay 1 Poblacion, Pasuquin, Ilocos Norte",10000000,Ilocos Norte 1st District Engineering Office,Region I,3- HB 10858 FOR 3RD READING VOL I-C .pdf,462,"[""Ilocos Norte · 1st District""]","[""Sandro Marcos""]","[{""place"": ""pasuquin"", ""jurisdiction"": ""ilocos norte"", ""seats"": [""1st""]}]",[],[],Not independently verified,No plausible NEP title counterpart; review candidate,"Construction of Bridge, Barangay Poblacion 3, Adams, Ilocos Norte"
HB10858-3-0463-006671,"Construction of Sulvec Bridge, Pasuquin, Ilocos Norte",10000000,Ilocos Norte 1st District Engineering Office,Region I,3- HB 10858 FOR 3RD READING VOL I-C .pdf,463,"[""Ilocos Norte · 1st District""]","[""Sandro Marcos""]","[{""place"": ""pasuquin"", ""jurisdiction"": ""ilocos norte"", ""seats"": [""1st""]}]",[],[],Not independently verified,No plausible NEP title counterpart; review candidate,"Construction of Bridge, Barangay Surong, Pasuquin, Ilocos Norte"
HB10858-3-0463-006672,"Construction of Road, Barangay Caruan, Pasuquin, Ilocos Norte",5000000,Ilocos Norte 1st District Engineering Office,Region I,3- HB 10858 FOR 3RD READING VOL I-C .pdf,463,"[""Ilocos Norte · 1st District""]","[""Sandro Marcos""]","[{""place"": ""pasuquin"", ""jurisdiction"": ""ilocos norte"", ""seats"": [""1st""]}]",[],[],Not independently verified,Multiple or already paired NEP counterparts; review scope,"Construction of Bridge, Barangay Surong, Pasuquin, Ilocos Norte"
HB10858-3-0463-006673,"Rehabilitation of Darupidip-Dadaeman Road, Pasuquin, Ilocos Norte",6500000,Ilocos Norte 1st District Engineering Office,Region I,3- HB 10858 FOR 3RD READING VOL I-C .pdf,463,"[""Ilocos Norte · 1st District""]","[""Sandro Marcos""]","[{""place"": ""pasuquin"", ""jurisdiction"": ""ilocos norte"", ""seats"": [""1st""]}]",[],[],Not independently verified,No plausible NEP title counterpart; review candidate,"Rehabilitation of Road, Barangay Aglipay, Pinili, Ilocos Norte"
HB10858-3-0463-006674,"Rehabilitation of Tabungao-Dilanis Road, Pasuquin, Ilocos Norte",5000000,Ilocos Norte 1st District Engineering Office,Region I,3- HB 10858 FOR 3RD READING VOL I-C .pdf,463,"[""Ilocos Norte · 1st District""]","[""Sandro Marcos""]","[{""place"": ""pasuquin"", ""jurisdiction"": ""ilocos norte"", ""seats"": [""1st""]}]",[],[],Not independently verified,No plausible NEP title counterpart; review candidate,"Rehabilitation of Road, Barangay Aglipay, Pinili, Ilocos Norte"
HB10858-3-0463-006675,"Construction of Road, Barangay Arua-ay, Piddig, Ilocos Norte",5000000,Ilocos Norte 1st District Engineering Office,Region I,3- HB 10858 FOR 3RD READING VOL I-C .pdf,463,"[""Ilocos Norte · 1st District""]","[""Sandro Marcos""]","[{""place"": ""piddig"", ""jurisdiction"": ""ilocos norte"", ""seats"": [""1st""]}]",[],[],Not independently verified,Multiple or already paired NEP counterparts; review scope,"Construction of Bridge, Barangay Maruaya, Piddig, Ilocos Norte"
HB10858-3-0463-006676,"Construction of Road, Barangay Tangaoan, Piddig, Ilocos Norte",5000000,Ilocos Norte 1st District Engineering Office,Region I,3- HB 10858 FOR 3RD READING VOL I-C .pdf,463,"[""Ilocos Norte · 1st District""]","[""Sandro Marcos""]","[{""place"": ""piddig"", ""jurisdiction"": ""ilocos norte"", ""seats"": [""1st""]}]",[],[],Not independently verified,Multiple or already paired NEP counterparts; review scope,"Construction of Bridge, Barangay Maruaya, Piddig, Ilocos Norte"
HB10858-3-0463-006677,"Construction of Road, Barangay Sta. Maria, Piddig, Ilocos Norte",5000000,Ilocos Norte 1st District Engineering Office,Region I,3- HB 10858 FOR 3RD READING VOL I-C .pdf,463,"[""Ilocos Norte · 1st District""]","[""Sandro Marcos""]","[{""place"": ""piddig"", ""jurisdiction"": ""ilocos norte"", ""seats"": [""1st""]}]",[],[],Not independently verified,Multiple or already paired NEP counterparts; review scope,"Construction of Bridge, Barangay Maruaya, Piddig, Ilocos Norte"
HB10858-3-0463-006678,"Construction of Road, Barangay Sucsuquen, Piddig, Ilocos Norte",5000000,Ilocos Norte 1st District Engineering Office,Region I,3- HB 10858 FOR 3RD READING VOL I-C .pdf,463,"[""Ilocos Norte · 1st District""]","[""Sandro Marcos""]","[{""place"": ""piddig"", ""jurisdiction"": ""ilocos norte"", ""seats"": [""1st""]}]",[],[],Not independently verified,Multiple or already paired NEP counterparts; review scope,"Construction of Bridge, Barangay Maruaya, Piddig, Ilocos Norte"
HB10858-3-0463-006679,"Construction of Slope Protection, Barangay Lagandit, Piddig, Ilocos Norte",5000000,Ilocos Norte 1st District Engineering Office,Region I,3- HB 10858 FOR 3RD READING VOL I-C .pdf,463,"[""Ilocos Norte · 1st District""]","[""Sandro Marcos""]","[{""place"": ""piddig"", ""jurisdiction"": ""ilocos norte"", ""seats"": [""1st""]}]",[],[],Not independently verified,No plausible NEP title counterpart; review candidate,"Construction of Road with Slope Protection, Barangay Imelda, Marcos, Ilocos Norte"
HB10858-3-0463-006680,"Construction of San Francisco - San Andres Bridge, Barangay 4, Sarrat, Ilocos Norte",10000000,Ilocos Norte 1st District Engineering Office,Region I,3- HB 10858 FOR 3RD READING VOL I-C .pdf,463,"[""Ilocos Norte · 1st District""]","[""Sandro Marcos""]","[{""place"": ""sarrat"", ""jurisdiction"": ""ilocos norte"", ""seats"": [""1st""]}]",[],[],Not independently verified,No plausible NEP title counterpart; review candidate,"Construction of Datag-Dampig Bridge, Barangay San Isidro, Dumalneg, Ilocos Norte"
HB10858-3-0463-006681,"Construction of Bridge, Barangay San Agustin, Sarrat, Ilocos Norte",5000000,Ilocos Norte 1st District Engineering Office,Region I,3- HB 10858 FOR 3RD READING VOL I-C .pdf,463,"[""Ilocos Norte · 1st District""]","[""Sandro Marcos""]","[{""place"": ""sarrat"", ""jurisdiction"": ""ilocos norte"", ""seats"": [""1st""]}]",[],[],Not independently verified,Multiple or already paired NEP counterparts; review scope,"Construction of Bridge, Barangay Abkir, Vintar, Ilocos Norte"
HB10858-3-0463-006682,"Construction of Bridge, Barangay San Manuel, Sarrat, Ilocos Norte",5000000,Ilocos Norte 1st District Engineering Office,Region I,3- HB 10858 FOR 3RD READING VOL I-C .pdf,463,"[""Ilocos Norte · 1st District""]","[""Sandro Marcos""]","[{""place"": ""sarrat"", ""jurisdiction"": ""ilocos norte"", ""seats"": [""1st""]}]",[],[],Not independently verified,No plausible NEP title counterpart; review candidate,"Construction of Bridge, Barangay Abkir, Vintar, Ilocos Norte"
HB10858-3-0463-006683,"Construction of Road, Sitio 7 Barangay 12 San Bernabe, Sarrat, Ilocos Norte",5000000,Ilocos Norte 1st District Engineering Office,Region I,3- HB 10858 FOR 3RD READING VOL I-C .pdf,463,"[""Ilocos Norte · 1st District""]","[""Sandro Marcos""]","[{""place"": ""sarrat"", ""jurisdiction"": ""ilocos norte"", ""seats"": [""1st""]}]",[],[],Not independently verified,No plausible NEP title counterpart; review candidate,"Construction of Bridge, Sitio Bago, Barangay Ester, Vintar, Ilocos Norte"
HB10858-3-0463-006684,"Construction of Santo Tomas-San Jose Road, Vintar, Ilocos Norte",10000000,Ilocos Norte 1st District Engineering Office,Region I,3- HB 10858 FOR 3RD READING VOL I-C .pdf,463,"[""Ilocos Norte · 1st District""]","[""Sandro Marcos""]","[{""place"": ""vintar"", ""jurisdiction"": ""ilocos norte"", ""seats"": [""1st""]}]",[],[],Not independently verified,No plausible NEP title counterpart; review candidate,"Construction of Bridge, Barangay Cabangaran, Vintar, Ilocos Norte"
HB10858-3-0463-006685,"Rehabilitation (Completion) of Cabangaran-Isic-isic Road, Vintar, Ilocos Norte",10000000,Ilocos Norte 1st District Engineering Office,Region I,3- HB 10858 FOR 3RD READING VOL I-C .pdf,463,"[""Ilocos Norte · 1st District""]","[""Sandro Marcos""]","[{""place"": ""vintar"", ""jurisdiction"": ""ilocos norte"", ""seats"": [""1st""]}]",[],[],Not independently verified,No plausible NEP title counterpart; review candidate,"Construction of Bridge, Sitio Tungel, Barangay Isic-isic, Vintar, Ilocos Norte"
HB10858-3-0463-006686,"Construction of Anat-Anuplig Falls Road, Adams, Ilocos Norte",12500000,Ilocos Norte 1st District Engineering Office,Region I,3- HB 10858 FOR 3RD READING VOL I-C .pdf,463,"[""Ilocos Norte · 1st District""]","[""Sandro Marcos""]","[{""place"": ""adams"", ""jurisdiction"": ""ilocos norte"", ""seats"": [""1st""]}]",[],[],Not independently verified,No plausible NEP title counterpart; review candidate,"Construction of Bridge, Barangay Poblacion 3, Adams, Ilocos Norte"
HB10858-3-0463-006687,"Rehabilitation of Road, Barangay Pungto, Bacarra, IlocosNorte",10000000,Ilocos Norte 1st District Engineering Office,Region I,3- HB 10858 FOR 3RD READING VOL I-C .pdf,463,"[""Ilocos Norte · 1st District""]","[""Sandro Marcos""]","[{""place"": ""bacarra"", ""jurisdiction"": ""ilocos norte"", ""seats"": [""1st""]}]",[],[],Not independently verified,No plausible NEP title counterpart; review candidate,
HB10858-3-0463-006688,"Construction of Bacsil-Paddagan Road, Bangui, Ilocos Norte",25000000,Ilocos Norte 1st District Engineering Office,Region I,3- HB 10858 FOR 3RD READING VOL I-C .pdf,463,"[""Ilocos Norte · 1st District""]","[""Sandro Marcos""]","[{""place"": ""bangui"", ""jurisdiction"": ""ilocos norte"", ""seats"": [""1st""]}]",[],[],Not independently verified,No plausible NEP title counterpart; review candidate,"Construction of Road, Barangay Saud, Badoc, Ilocos Norte"
HB10858-3-0463-006689,"Construction of Potero Bridge, Barangay Agaga, Burgos,Ilocos Norte, Start 18.4521853, 120.653551 End 18.4521981, 120.6535372",10000000,Ilocos Norte 1st District Engineering Office,Region I,3- HB 10858 FOR 3RD READING VOL I-C .pdf,463,"[""Ilocos Norte · 1st District""]","[""Sandro Marcos""]","[{""place"": ""burgos"", ""jurisdiction"": ""ilocos norte"", ""seats"": [""1st""]}]",[],[],Not independently verified,No plausible NEP title counterpart; review candidate,"Construction of Bridge, Barangay Cabangaran, Vintar, Ilocos Norte"
HB10858-3-0463-006690,"Construction of Bimmoyayong Road, Barangay Virbira, Carasi,Ilocos Norte",10000000,Ilocos Norte 1st District Engineering Office,Region I,3- HB 10858 FOR 3RD READING VOL I-C .pdf,463,"[""Ilocos Norte · 1st District""]","[""Sandro Marcos""]","[{""place"": ""carasi"", ""jurisdiction"": ""ilocos norte"", ""seats"": [""1st""]}]",[],[],Not independently verified,No plausible NEP title counterpart; review candidate,"Construction of Road, Barangay Caraitan, Badoc, Ilocos Norte"
HB10858-3-0463-006691,"Construction of Road along Ayayo Boulevard, Barangay SanIsidro, Dumalneg, Ilocos Norte",10000000,Ilocos Norte 1st District Engineering Office,Region I,3- HB 10858 FOR 3RD READING VOL I-C .pdf,463,"[""Ilocos Norte · 1st District""]","[""Sandro Marcos""]","[{""place"": ""dumalneg"", ""jurisdiction"": ""ilocos norte"", ""seats"": [""1st""]}]",[],[],Not independently verified,No plausible NEP title counterpart; review candidate,"Construction of Datag-Dampig Bridge, Barangay San Isidro, Dumalneg, Ilocos Norte"
HB10858-3-0463-006692,"Construction of Road, Barangay 50, Laoag City, Ilocos Norte",10000000,Ilocos Norte 1st District Engineering Office,Region I,3- HB 10858 FOR 3RD READING VOL I-C .pdf,463,"[""Ilocos Norte · 1st District""]","[""Sandro Marcos""]","[{""place"": ""laoag"", ""jurisdiction"": ""ilocos norte"", ""seats"": [""1st""]}]",[],[],Not independently verified,Multiple or already paired NEP counterparts; review scope,"Construction of Road, Barangay Saud, Badoc, Ilocos Norte"
HB10858-3-0463-006693,"Rehabilitation of Road, Barangay 48-B Cabungaan South,Laoag City, Ilocos Norte Start 120.5577, 18.1856 End 120.5562, 18.1838",20000000,Ilocos Norte 1st District Engineering Office,Region I,3- HB 10858 FOR 3RD READING VOL I-C .pdf,463,"[""Ilocos Norte · 1st District""]","[""Sandro Marcos""]","[{""place"": ""laoag"", ""jurisdiction"": ""ilocos norte"", ""seats"": [""1st""]}]",[],[],Not independently verified,No plausible NEP title counterpart; review candidate,"Rehabilitation of Road, Barangay Pias Norte-Barangay Anggapang Road, Currimao. Ilocos Norte"
HB10858-3-0463-006694,"Rehabilitation of Road, Barangay 48-A Cabungaan North,Laoag City, Ilocos Norte",5000000,Ilocos Norte 1st District Engineering Office,Region I,3- HB 10858 FOR 3RD READING VOL I-C .pdf,463,"[""Ilocos Norte · 1st District""]","[""Sandro Marcos""]","[{""place"": ""laoag"", ""jurisdiction"": ""ilocos norte"", ""seats"": [""1st""]}]",[],[],Not independently verified,No plausible NEP title counterpart; review candidate,"Rehabilitation of Road, Barangay San Marcos, San Nicolas, Ilocos Norte"
HB10858-3-0463-006695,"Rehabilitation of Road, Barangay Tarrag-Aggasi-Baduang, Barangays Tarrag, Aggasi and Baduang, Pagudpud, Ilocos Norte",20000000,Ilocos Norte 1st District Engineering Office,Region I,3- HB 10858 FOR 3RD READING VOL I-C .pdf,463,"[""Ilocos Norte · 1st District""]","[""Sandro Marcos""]","[{""place"": ""pagudpud"", ""jurisdiction"": ""ilocos norte"", ""seats"": [""1st""]}]",[],[],Not independently verified,No plausible NEP title counterpart; review candidate,"Rehabilitation of Road, Barangay Pias Norte-Barangay Anggapang Road, Currimao. Ilocos Norte"
HB10858-3-0464-006696,"Construction of Road leading to Kabigan Falls, Barangay Balaoi, Pagudpud, Ilocos Norte, Start 18.59472, 120.85529 End 18.59431, 120.85518",20000000,Ilocos Norte 1st District Engineering Office,Region I,3- HB 10858 FOR 3RD READING VOL I-C .pdf,464,"[""Ilocos Norte · 1st District""]","[""Sandro Marcos""]","[{""place"": ""pagudpud"", ""jurisdiction"": ""ilocos norte"", ""seats"": [""1st""]}]",[],[],Not independently verified,No plausible NEP title counterpart; review candidate,"Construction of Road leading to Balo-i Springs, Barangay Abaga, Balo-i, Lanao del Norte"
HB10858-3-0464-006697,"Construction of Road, Kibakib, Barangay Subec, Pagudpud,Ilocos Norte",20000000,Ilocos Norte 1st District Engineering Office,Region I,3- HB 10858 FOR 3RD READING VOL I-C .pdf,464,"[""Ilocos Norte · 1st District""]","[""Sandro Marcos""]","[{""place"": ""pagudpud"", ""jurisdiction"": ""ilocos norte"", ""seats"": [""1st""]}]",[],[],Not independently verified,No plausible NEP title counterpart; review candidate,"Construction of Road, Barangay Saud, Badoc, Ilocos Norte"
HB10858-3-0464-006698,"Construction of Sta. Maria Bridge, Barangay Sta. Maria,Piddig, Ilocos Norte",10000000,Ilocos Norte 1st District Engineering Office,Region I,3- HB 10858 FOR 3RD READING VOL I-C .pdf,464,"[""Ilocos Norte · 1st District""]","[""Sandro Marcos""]","[{""place"": ""piddig"", ""jurisdiction"": ""ilocos norte"", ""seats"": [""1st""]}]",[],[],Not independently verified,Multiple or already paired NEP counterparts; review scope,"Construction of Utoy Bridge, Barangay Estancia, Piddig, Ilocos Norte"
HB10858-3-0464-006699,"Construction of Arua-ay-Lagandit Bridge, Barangay Arua-ay and Barangay Lagandit, Piddig, Ilocos Norte",10000000,Ilocos Norte 1st District Engineering Office,Region I,3- HB 10858 FOR 3RD READING VOL I-C .pdf,464,"[""Ilocos Norte · 1st District""]","[""Sandro Marcos""]","[{""place"": ""piddig"", ""jurisdiction"": ""ilocos norte"", ""seats"": [""1st""]}]",[],[],Not independently verified,No plausible NEP title counterpart; review candidate,"Construction of Bridge, Barangay Maruaya, Piddig, Ilocos Norte"
HB10858-3-0464-006700,"Construction of Road, Barangay San Bernabe, Sarrat, Ilocos Norte",10000000,Ilocos Norte 1st District Engineering Office,Region I,3- HB 10858 FOR 3RD READING VOL I-C .pdf,464,"[""Ilocos Norte · 1st District""]","[""Sandro Marcos""]","[{""place"": ""sarrat"", ""jurisdiction"": ""ilocos norte"", ""seats"": [""1st""]}]",[],[],Not independently verified,Multiple or already paired NEP counterparts; review scope,"Construction of Road, Barangay Saud, Badoc, Ilocos Norte"
HB10858-3-0464-006701,"Construction of Alsem-Dipilat Bridge, Barangay Alsem and Barangay Dipilat, Vintar, Ilocos Norte, Start 18.30553349, 120.71033720 End 18.36261217, 120.76077792",190000000,Ilocos Norte 1st District Engineering Office,Region I,3- HB 10858 FOR 3RD READING VOL I-C .pdf,464,"[""Ilocos Norte · 1st District""]","[""Sandro Marcos""]","[{""place"": ""vintar"", ""jurisdiction"": ""ilocos norte"", ""seats"": [""1st""]}]",[],[],Not independently verified,No plausible NEP title counterpart; review candidate,"Construction of Bridge connecting Barangay Alsem and Barangay Dipilat , Vintar, Ilocos Norte"
HB10858-3-0464-006702,"Construction of Road, Barangay Manarang,Vintar, Ilocos Norte",50000000,Ilocos Norte 1st District Engineering Office,Region I,3- HB 10858 FOR 3RD READING VOL I-C .pdf,464,"[""Ilocos Norte · 1st District""]","[""Sandro Marcos""]","[{""place"": ""vintar"", ""jurisdiction"": ""ilocos norte"", ""seats"": [""1st""]}]",[],[],Not independently verified,Multiple or already paired NEP counterparts; review scope,"Construction of Bridge, Barangay Cabangaran, Vintar, Ilocos Norte"
HB10858-3-0464-006703,"Rehabilitation of Alsem-Salsalamagui-P.F. Alviar-Abkir Road,Vintar, Ilocos Norte",20000000,Ilocos Norte 1st District Engineering Office,Region I,3- HB 10858 FOR 3RD READING VOL I-C .pdf,464,"[""Ilocos Norte · 1st District""]","[""Sandro Marcos""]","[{""place"": ""vintar"", ""jurisdiction"": ""ilocos norte"", ""seats"": [""1st""]}]",[],[],Not independently verified,No plausible NEP title counterpart; review candidate,"Rehabilitation of Road, Barangay Pias Norte-Barangay Anggapang Road, Currimao. Ilocos Norte"
HB10858-3-0464-006704,"Construction of Bridge, Barangay Surong, Pasuquin, Ilocos Norte",8000000,Ilocos Norte 1st District Engineering Office,Region I,3- HB 10858 FOR 3RD READING VOL I-C .pdf,464,"[""Ilocos Norte · 1st District""]","[""Sandro Marcos""]","[{""place"": ""pasuquin"", ""jurisdiction"": ""ilocos norte"", ""seats"": [""1st""]}]",[],[],Not independently verified,Exact normalized title found in NEP,"Construction of Bridge, Barangay Surong, Pasuquin, Ilocos Norte"
HB10858-3-0464-006705,"Construction of Bridge, Sitio Agapang, Barangay Mabanbanag, Vintar, Ilocos Norte",10000000,Ilocos Norte 1st District Engineering Office,Region I,3- HB 10858 FOR 3RD READING VOL I-C .pdf,464,"[""Ilocos Norte · 1st District""]","[""Sandro Marcos""]","[{""place"": ""vintar"", ""jurisdiction"": ""ilocos norte"", ""seats"": [""1st""]}]",[],[],Not independently verified,Exact normalized title found in NEP,"Construction of Bridge, Sitio Agapang, Barangay Mabanbanag, Vintar, Ilocos Norte"
HB10858-3-0464-006706,"Construction of Bridge, Sitio Bago, Barangay Ester, Vintar, Ilocos Norte",10000000,Ilocos Norte 1st District Engineering Office,Region I,3- HB 10858 FOR 3RD READING VOL I-C .pdf,464,"[""Ilocos Norte · 1st District""]","[""Sandro Marcos""]","[{""place"": ""vintar"", ""jurisdiction"": ""ilocos norte"", ""seats"": [""1st""]}]",[],[],Not independently verified,Exact normalized title found in NEP,"Construction of Bridge, Sitio Bago, Barangay Ester, Vintar, Ilocos Norte"
HB10858-3-0464-006707,"Construction of Bridge, Sitio Borbor Barangay 26 Canaam, Vintar, Ilocos Norte",20000000,Ilocos Norte 1st District Engineering Office,Region I,3- HB 10858 FOR 3RD READING VOL I-C .pdf,464,"[""Ilocos Norte · 1st District""]","[""Sandro Marcos""]","[{""place"": ""vintar"", ""jurisdiction"": ""ilocos norte"", ""seats"": [""1st""]}]",[],[],Not independently verified,Exact normalized title found in NEP,"Construction of Bridge, Sitio Borbor Barangay 26 Canaam, Vintar, Ilocos Norte"
HB10858-3-0464-006708,"Construction of Bridge, Sitio Tungel, Barangay Isic-isic, Vintar, Ilocos Norte",10000000,Ilocos Norte 1st District Engineering Office,Region I,3- HB 10858 FOR 3RD READING VOL I-C .pdf,464,"[""Ilocos Norte · 1st District""]","[""Sandro Marcos""]","[{""place"": ""vintar"", ""jurisdiction"": ""ilocos norte"", ""seats"": [""1st""]}]",[],[],Not independently verified,Exact normalized title found in NEP,"Construction of Bridge, Sitio Tungel, Barangay Isic-isic, Vintar, Ilocos Norte"
HB10858-3-0464-006709,"Construction of Calambeg-Mabanbanag Bridge, Piddig, Ilocos Norte",5000000,Ilocos Norte 1st District Engineering Office,Region I,3- HB 10858 FOR 3RD READING VOL I-C .pdf,464,"[""Ilocos Norte · 1st District""]","[""Sandro Marcos""]","[{""place"": ""piddig"", ""jurisdiction"": ""ilocos norte"", ""seats"": [""1st""]}]",[],[],Not independently verified,Exact normalized title found in NEP,"Construction of Calambeg-Mabanbanag Bridge, Piddig, Ilocos Norte"
HB10858-3-0464-006710,"Construction of Dagupan-Lipay Bridge, Vintar, Ilocos Norte",30000000,Ilocos Norte 1st District Engineering Office,Region I,3- HB 10858 FOR 3RD READING VOL I-C .pdf,464,"[""Ilocos Norte · 1st District""]","[""Sandro Marcos""]","[{""place"": ""vintar"", ""jurisdiction"": ""ilocos norte"", ""seats"": [""1st""]}]",[],[],Not independently verified,Exact normalized title found in NEP,"Construction of Dagupan-Lipay Bridge, Vintar, Ilocos Norte"
HB10858-3-0464-006711,"Construction of Loing-Bimmanga Bridge, Piddig, Ilocos Norte",20000000,Ilocos Norte 1st District Engineering Office,Region I,3- HB 10858 FOR 3RD READING VOL I-C .pdf,464,"[""Ilocos Norte · 1st District""]","[""Sandro Marcos""]","[{""place"": ""piddig"", ""jurisdiction"": ""ilocos norte"", ""seats"": [""1st""]}]",[],[],Not independently verified,Exact normalized title found in NEP,"Construction of Loing-Bimmanga Bridge, Piddig, Ilocos Norte"
HB10858-3-0464-006712,"Construction of Utoy Bridge, Barangay Estancia, Piddig, Ilocos Norte",20000000,Ilocos Norte 1st District Engineering Office,Region I,3- HB 10858 FOR 3RD READING VOL I-C .pdf,464,"[""Ilocos Norte · 1st District""]","[""Sandro Marcos""]","[{""place"": ""piddig"", ""jurisdiction"": ""ilocos norte"", ""seats"": [""1st""]}]",[],[],Not independently verified,Exact normalized title found in NEP,"Construction of Utoy Bridge, Barangay Estancia, Piddig, Ilocos Norte"
HB10858-3-0547-008505,"Construction of Bridge at Barangay Alupay, Tayabas, Quezon",5000000,Quezon 1st District Engineering Office,Region IV-A,3- HB 10858 FOR 3RD READING VOL I-C .pdf,547,"[""Quezon · 3rd District""]","[""Reynante Arrogancia""]","[{""place"": ""quezon"", ""jurisdiction"": ""quezon"", ""seats"": [""3rd""]}]","[""Local crosswalks disagree or the primary crosswalk lacks a named locality."", ""Quezon is being used as a municipality match; its role as province, city, barangay, bridge or road name must be established from geographic context.""]","[{""locality"": ""tayabas"", ""primaryDistrict"": null, ""alternativeDistrict"": ""1st District"", ""decision"": ""Unresolved; neither local crosswalk is treated as authoritative.""}]",Unresolved: flagged geographic evidence,Exact normalized title found in NEP,"Construction of Bridge at Barangay Alupay, Tayabas, Quezon"
HB10858-3-0547-008507,"Construction of Road and Drainage along Mauban-Cavinti Rd, Barangay Daungan - Barangay Mabato - Barangay Soledad, Mauban, Quezon",40000000,Quezon 1st District Engineering Office,Region IV-A,3- HB 10858 FOR 3RD READING VOL I-C .pdf,547,"[""Quezon · 3rd District""]","[""Reynante Arrogancia""]","[{""place"": ""quezon"", ""jurisdiction"": ""quezon"", ""seats"": [""3rd""]}]","[""Local crosswalks disagree or the primary crosswalk lacks a named locality."", ""Quezon is being used as a municipality match; its role as province, city, barangay, bridge or road name must be established from geographic context.""]","[{""locality"": ""mauban"", ""primaryDistrict"": null, ""alternativeDistrict"": ""1st District"", ""decision"": ""Unresolved; neither local crosswalk is treated as authoritative.""}]",Unresolved: flagged geographic evidence,No plausible NEP title counterpart; review candidate,"Construction of Road and Drainage at Barangay Greater Lagro (Chainage 0+000 - Chainage 0+238), Quezon City"
HB10858-3-0547-008508,"Construction of Road at Barangay Lual Poblacion, Mauban Quezon",5000000,Quezon 1st District Engineering Office,Region IV-A,3- HB 10858 FOR 3RD READING VOL I-C .pdf,547,"[""Quezon · 3rd District""]","[""Reynante Arrogancia""]","[{""place"": ""quezon"", ""jurisdiction"": ""quezon"", ""seats"": [""3rd""]}]","[""Local crosswalks disagree or the primary crosswalk lacks a named locality."", ""Quezon is being used as a municipality match; its role as province, city, barangay, bridge or road name must be established from geographic context.""]","[{""locality"": ""mauban"", ""primaryDistrict"": null, ""alternativeDistrict"": ""1st District"", ""decision"": ""Unresolved; neither local crosswalk is treated as authoritative.""}]",Unresolved: flagged geographic evidence,Exact normalized title found in NEP,"Construction of Road at Barangay Lual Poblacion, Mauban Quezon"
HB10858-3-0547-008513,"Construction of Slope Protection Structure at Barangay Samil, Lucban, Quezon",5000000,Quezon 1st District Engineering Office,Region IV-A,3- HB 10858 FOR 3RD READING VOL I-C .pdf,547,"[""Quezon · 3rd District""]","[""Reynante Arrogancia""]","[{""place"": ""quezon"", ""jurisdiction"": ""quezon"", ""seats"": [""3rd""]}]","[""Local crosswalks disagree or the primary crosswalk lacks a named locality."", ""Quezon is being used as a municipality match; its role as province, city, barangay, bridge or road name must be established from geographic context.""]","[{""locality"": ""lucban"", ""primaryDistrict"": null, ""alternativeDistrict"": ""1st District"", ""decision"": ""Unresolved; neither local crosswalk is treated as authoritative.""}]",Unresolved: flagged geographic evidence,No plausible NEP title counterpart; review candidate,"Construction of Road at Barangay Samil, Lucban, Quezon"
HB10858-3-0548-008519,"Construction of Road, Barangay Bukal, Tiaong, Quezon",15000000,Quezon 2nd District Engineering Office,Region IV-A,3- HB 10858 FOR 3RD READING VOL I-C .pdf,548,"[""Quezon · 2nd District"", ""Quezon · 3rd District""]","[""Reynante Arrogancia"", ""David Suarez""]","[{""place"": ""quezon"", ""jurisdiction"": ""quezon"", ""seats"": [""3rd""]}, {""place"": ""tiaong"", ""jurisdiction"": ""quezon"", ""seats"": [""2nd""]}]","[""Quezon is being used as a municipality match; its role as province, city, barangay, bridge or road name must be established from geographic context.""]",[],Unresolved: flagged geographic evidence,Exact normalized title found in NEP,"Construction of Road, Barangay Bukal, Tiaong, Quezon"
HB10858-3-0548-008533,"Rehabilitation of Paved Road, Barangay Bula, Tiaong, Quezon",10000000,Quezon 2nd District Engineering Office,Region IV-A,3- HB 10858 FOR 3RD READING VOL I-C .pdf,548,"[""Quezon · 2nd District"", ""Quezon · 3rd District""]","[""Reynante Arrogancia"", ""David Suarez""]","[{""place"": ""quezon"", ""jurisdiction"": ""quezon"", ""seats"": [""3rd""]}, {""place"": ""tiaong"", ""jurisdiction"": ""quezon"", ""seats"": [""2nd""]}]","[""Quezon is being used as a municipality match; its role as province, city, barangay, bridge or road name must be established from geographic context.""]",[],Unresolved: flagged geographic evidence,No plausible NEP title counterpart; review candidate,"Rehabilitation of Road, Barangay Ugong Norte Quezon City"
HB10858-3-0549-008543,"Construction of Road, Barangay Tagbakin, Tiaong, Quezon",16000000,Quezon 2nd District Engineering Office,Region IV-A,3- HB 10858 FOR 3RD READING VOL I-C .pdf,549,"[""Quezon · 2nd District"", ""Quezon · 3rd District""]","[""Reynante Arrogancia"", ""David Suarez""]","[{""place"": ""quezon"", ""jurisdiction"": ""quezon"", ""seats"": [""3rd""]}, {""place"": ""tiaong"", ""jurisdiction"": ""quezon"", ""seats"": [""2nd""]}]","[""Quezon is being used as a municipality match; its role as province, city, barangay, bridge or road name must be established from geographic context.""]",[],Unresolved: flagged geographic evidence,Exact normalized title found in NEP,"Construction of Road, Barangay Tagbakin, Tiaong, Quezon"
HB10858-3-0549-008544,"Construction of Road, Barangay Talisay, Tiaong, Quezon",15000000,Quezon 2nd District Engineering Office,Region IV-A,3- HB 10858 FOR 3RD READING VOL I-C .pdf,549,"[""Quezon · 2nd District"", ""Quezon · 3rd District""]","[""Reynante Arrogancia"", ""David Suarez""]","[{""place"": ""quezon"", ""jurisdiction"": ""quezon"", ""seats"": [""3rd""]}, {""place"": ""tiaong"", ""jurisdiction"": ""quezon"", ""seats"": [""2nd""]}]","[""Quezon is being used as a municipality match; its role as province, city, barangay, bridge or road name must be established from geographic context.""]",[],Unresolved: flagged geographic evidence,Exact normalized title found in NEP,"Construction of Road, Barangay Talisay, Tiaong, Quezon"
HB10858-3-0549-008545,"Construction of Road with Approach of Piris Bridge, Barangay Cadlit, Buenavista, Quezon",10000000,Quezon 3rd District Engineering Office,Region IV-A,3- HB 10858 FOR 3RD READING VOL I-C .pdf,549,"[""Quezon · 3rd District""]","[""Reynante Arrogancia""]","[{""place"": ""buenavista"", ""jurisdiction"": ""quezon"", ""seats"": [""3rd""]}]",[],[],Not independently verified,Exact normalized title found in NEP,"Construction of Road with Approach of Piris Bridge, Barangay Cadlit, Buenavista, Quezon"
HB10858-3-0549-008546,"Construction of Road with Approach of Tubigan Bridge, Barangay Pinagbayanan, Pitogo, Quezon",30000000,Quezon 3rd District Engineering Office,Region IV-A,3- HB 10858 FOR 3RD READING VOL I-C .pdf,549,"[""Quezon · 3rd District""]","[""Reynante Arrogancia""]","[{""place"": ""pitogo"", ""jurisdiction"": ""quezon"", ""seats"": [""3rd""]}, {""place"": ""quezon"", ""jurisdiction"": ""quezon"", ""seats"": [""3rd""]}]","[""Quezon is being used as a municipality match; its role as province, city, barangay, bridge or road name must be established from geographic context.""]",[],Unresolved: flagged geographic evidence,Exact normalized title found in NEP,"Construction of Road with Approach of Tubigan Bridge, Barangay Pinagbayanan, Pitogo, Quezon"
HB10858-3-0549-008547,"Construction of Road, Barangay Buenavista, Buenavista, Quezon",35000000,Quezon 3rd District Engineering Office,Region IV-A,3- HB 10858 FOR 3RD READING VOL I-C .pdf,549,"[""Quezon · 3rd District""]","[""Reynante Arrogancia""]","[{""place"": ""buenavista"", ""jurisdiction"": ""quezon"", ""seats"": [""3rd""]}]",[],[],Not independently verified,Exact normalized title found in NEP,"Construction of Road, Barangay Buenavista, Buenavista, Quezon"
HB10858-3-0549-008549,"Construction of Road, Barangay Soliyao, Ibaba Pitogo, Quezon",10000000,Quezon 3rd District Engineering Office,Region IV-A,3- HB 10858 FOR 3RD READING VOL I-C .pdf,549,"[""Quezon · 3rd District""]","[""Reynante Arrogancia""]","[{""place"": ""pitogo"", ""jurisdiction"": ""quezon"", ""seats"": [""3rd""]}, {""place"": ""quezon"", ""jurisdiction"": ""quezon"", ""seats"": [""3rd""]}]","[""Quezon is being used as a municipality match; its role as province, city, barangay, bridge or road name must be established from geographic context.""]",[],Unresolved: flagged geographic evidence,Exact normalized title found in NEP,"Construction of Road, Barangay Soliyao, Ibaba Pitogo, Quezon"
HB10858-3-0549-008550,"Construction of Road, Sitio Cawayan, Barangay Camflora, San Andres, Quezon",10000000,Quezon 3rd District Engineering Office,Region IV-A,3- HB 10858 FOR 3RD READING VOL I-C .pdf,549,"[""Quezon · 3rd District""]","[""Reynante Arrogancia""]","[{""place"": ""quezon"", ""jurisdiction"": ""quezon"", ""seats"": [""3rd""]}]","[""Local crosswalks disagree or the primary crosswalk lacks a named locality."", ""Quezon is being used as a municipality match; its role as province, city, barangay, bridge or road name must be established from geographic context.""]","[{""locality"": ""san andres"", ""primaryDistrict"": null, ""alternativeDistrict"": ""3rd District"", ""decision"": ""Unresolved; neither local crosswalk is treated as authoritative.""}]",Unresolved: flagged geographic evidence,Exact normalized title found in NEP,"Construction of Road, Sitio Cawayan, Barangay Camflora, San Andres, Quezon"
HB10858-3-0549-008552,"Construction of Road, Barangay Pagsangahan, Municipality of San Franciso, Quezon",30000000,Quezon 3rd District Engineering Office,Region IV-A,3- HB 10858 FOR 3RD READING VOL I-C .pdf,549,"[""Quezon · 3rd District""]","[""Reynante Arrogancia""]","[{""place"": ""quezon"", ""jurisdiction"": ""quezon"", ""seats"": [""3rd""]}]","[""Quezon is being used as a municipality match; its role as province, city, barangay, bridge or road name must be established from geographic context.""]",[],Unresolved: flagged geographic evidence,Plausible NEP title counterpart; review scope,"Construction of Road, Sitio Cumbahan, Barangay Pagsangahan, Municipality of San Francisco, Quezon"
HB10858-3-0549-008553,"Construction of Road, Polytechnic University of the Philippines-Mulanay, Barangay Sta. Rosa, Municipality of Mulanay, Quezon",5000000,Quezon 3rd District Engineering Office,Region IV-A,3- HB 10858 FOR 3RD READING VOL I-C .pdf,549,"[""Quezon · 3rd District""]","[""Reynante Arrogancia""]","[{""place"": ""mulanay"", ""jurisdiction"": ""quezon"", ""seats"": [""3rd""]}]",[],[],Not independently verified,No plausible NEP title counterpart; review candidate,"Construction of Road, Barangay Sta. Rosa, Sta. Maria, Pangasinan"
HB10858-3-0549-008555,"Construction of A. Mabini - Sta. Maria Road, Sta. 0+083 - Sta. 0+617, Guinayangan, Quezon",20000000,Quezon 4th District Engineering Office,Region IV-A,3- HB 10858 FOR 3RD READING VOL I-C .pdf,549,"[""Quezon · 3rd District""]","[""Reynante Arrogancia""]","[{""place"": ""quezon"", ""jurisdiction"": ""quezon"", ""seats"": [""3rd""]}]","[""Local crosswalks disagree or the primary crosswalk lacks a named locality."", ""Quezon is being used as a municipality match; its role as province, city, barangay, bridge or road name must be established from geographic context.""]","[{""locality"": ""guinayangan"", ""primaryDistrict"": null, ""alternativeDistrict"": ""4th District"", ""decision"": ""Unresolved; neither local crosswalk is treated as authoritative.""}]",Unresolved: flagged geographic evidence,Plausible NEP title counterpart; review scope,"Construction of A. Mabini - Sta. Maria Road, Guinayangan, Quezon"
HB10858-3-0549-008556,"Construction of Capuluan Tulon to San Isidro Road, Sta. 0+120 - Sta. 0+652, Guinayangan, Quezon",20000000,Quezon 4th District Engineering Office,Region IV-A,3- HB 10858 FOR 3RD READING VOL I-C .pdf,549,"[""Quezon · 3rd District""]","[""Reynante Arrogancia""]","[{""place"": ""quezon"", ""jurisdiction"": ""quezon"", ""seats"": [""3rd""]}]","[""Local crosswalks disagree or the primary crosswalk lacks a named locality."", ""Quezon is being used as a municipality match; its role as province, city, barangay, bridge or road name must be established from geographic context.""]","[{""locality"": ""guinayangan"", ""primaryDistrict"": null, ""alternativeDistrict"": ""4th District"", ""decision"": ""Unresolved; neither local crosswalk is treated as authoritative.""}]",Unresolved: flagged geographic evidence,Plausible NEP title counterpart; review scope,"Construction of Capuluan Tulon to San Isidro Road, Guinayangan, Quezon"
HB10858-3-0549-008557,"Construction of Cogorin Ilaya to Binahian B. Barangay Road, Sta. 0+400 - Sta. 1+000, Lopez, Quezon",20000000,Quezon 4th District Engineering Office,Region IV-A,3- HB 10858 FOR 3RD READING VOL I-C .pdf,549,"[""Quezon · 3rd District""]","[""Reynante Arrogancia""]","[{""place"": ""quezon"", ""jurisdiction"": ""quezon"", ""seats"": [""3rd""]}]","[""Local crosswalks disagree or the primary crosswalk lacks a named locality."", ""Quezon is being used as a municipality match; its role as province, city, barangay, bridge or road name must be established from geographic context.""]","[{""locality"": ""lopez"", ""primaryDistrict"": ""3rd District"", ""alternativeDistrict"": ""4th District"", ""decision"": ""Unresolved; neither local crosswalk is treated as authoritative.""}]",Unresolved: flagged geographic evidence,Plausible NEP title counterpart; review scope,"Construction of Cogorin Ilaya to Binahian B. Barangay Road, Lopez, Quezon"
HB10858-3-0549-008558,"Construction of Duhat-Kulawit Road, Atimonan, Quezon",15750000,Quezon 4th District Engineering Office,Region IV-A,3- HB 10858 FOR 3RD READING VOL I-C .pdf,549,"[""Quezon · 3rd District""]","[""Reynante Arrogancia""]","[{""place"": ""atimonan"", ""jurisdiction"": ""quezon"", ""seats"": [""3rd""]}]","[""Local crosswalks disagree or the primary crosswalk lacks a named locality.""]","[{""locality"": ""atimonan"", ""primaryDistrict"": ""3rd District"", ""alternativeDistrict"": ""4th District"", ""decision"": ""Unresolved; neither local crosswalk is treated as authoritative.""}]",Unresolved: flagged geographic evidence,No plausible NEP title counterpart; review candidate,"Construction of A. Mabini - Sta. Maria Road, Guinayangan, Quezon"
HB10858-3-0549-008559,"Construction of San Rafael-Cawayan Roa, Gumaca, Quezon",10000000,Quezon 4th District Engineering Office,Region IV-A,3- HB 10858 FOR 3RD READING VOL I-C .pdf,549,"[""Quezon · 3rd District""]","[""Reynante Arrogancia""]","[{""place"": ""gumaca"", ""jurisdiction"": ""quezon"", ""seats"": [""3rd""]}, {""place"": ""quezon"", ""jurisdiction"": ""quezon"", ""seats"": [""3rd""]}]","[""Local crosswalks disagree or the primary crosswalk lacks a named locality."", ""Quezon is being used as a municipality match; its role as province, city, barangay, bridge or road name must be established from geographic context.""]","[{""locality"": ""gumaca"", ""primaryDistrict"": ""3rd District"", ""alternativeDistrict"": ""4th District"", ""decision"": ""Unresolved; neither local crosswalk is treated as authoritative.""}]",Unresolved: flagged geographic evidence,No plausible NEP title counterpart; review candidate,"Construction of Road leading to Bahay Serena, Gumaca, Quezon"
HB10858-3-0549-008560,"Construction of Road Bahay Serena, Sta. 0+000 - Sta. 0+310, Gumaca, Quezon",20000000,Quezon 4th District Engineering Office,Region IV-A,3- HB 10858 FOR 3RD READING VOL I-C .pdf,549,"[""Quezon · 3rd District""]","[""Reynante Arrogancia""]","[{""place"": ""gumaca"", ""jurisdiction"": ""quezon"", ""seats"": [""3rd""]}, {""place"": ""quezon"", ""jurisdiction"": ""quezon"", ""seats"": [""3rd""]}]","[""Local crosswalks disagree or the primary crosswalk lacks a named locality."", ""Quezon is being used as a municipality match; its role as province, city, barangay, bridge or road name must be established from geographic context.""]","[{""locality"": ""gumaca"", ""primaryDistrict"": ""3rd District"", ""alternativeDistrict"": ""4th District"", ""decision"": ""Unresolved; neither local crosswalk is treated as authoritative.""}]",Unresolved: flagged geographic evidence,No plausible NEP title counterpart; review candidate,"Construction of Road leading to Bahay Serena, Gumaca, Quezon"
HB10858-3-0549-008561,"Construction of Barangay Argosino Bridge and Approaches, STA 005+835 - STA 005+851, Quezon, Quezon, Phase II",25600000,Quezon 4th District Engineering Office,Region IV-A,3- HB 10858 FOR 3RD READING VOL I-C .pdf,549,"[""Quezon · 3rd District""]","[""Reynante Arrogancia""]","[{""place"": ""quezon"", ""jurisdiction"": ""quezon"", ""seats"": [""3rd""]}]","[""Quezon is being used as a municipality match; its role as province, city, barangay, bridge or road name must be established from geographic context.""]",[],Unresolved: flagged geographic evidence,No plausible NEP title counterpart; review candidate,"Construction of Bridge and Approaches Sitio Bangkatan - Sitio Cadangdang, Barangay San Isidro, San Narciso, Quezon"
HB10858-3-0549-008562,"Construction of Duhat Bridge and Approaches, Barangay Duhat, STA 002+362 - STA 002+382, Plaridel, Quezon, Phase II",28400000,Quezon 4th District Engineering Office,Region IV-A,3- HB 10858 FOR 3RD READING VOL I-C .pdf,549,"[""Quezon · 3rd District""]","[""Reynante Arrogancia""]","[{""place"": ""plaridel"", ""jurisdiction"": ""quezon"", ""seats"": [""3rd""]}]","[""Local crosswalks disagree or the primary crosswalk lacks a named locality.""]","[{""locality"": ""plaridel"", ""primaryDistrict"": ""3rd District"", ""alternativeDistrict"": ""4th District"", ""decision"": ""Unresolved; neither local crosswalk is treated as authoritative.""}]",Unresolved: flagged geographic evidence,No plausible NEP title counterpart; review candidate,"Construction of Bridge and Approaches Sitio Bangkatan - Sitio Cadangdang, Barangay San Isidro, San Narciso, Quezon"
HB10858-3-0550-008563,"Construction (Completion) of Tunton-Maguibuay Bridge and Approaches, Sta. 0+579 - Sta. 0+649, Sta. 0+679 - Sta. 749, Tagkawayan, Quezon",10000000,Quezon 4th District Engineering Office,Region IV-A,3- HB 10858 FOR 3RD READING VOL I-C .pdf,550,"[""Quezon · 3rd District""]","[""Reynante Arrogancia""]","[{""place"": ""tagkawayan"", ""jurisdiction"": ""quezon"", ""seats"": [""3rd""]}]","[""Local crosswalks disagree or the primary crosswalk lacks a named locality.""]","[{""locality"": ""tagkawayan"", ""primaryDistrict"": ""3rd District"", ""alternativeDistrict"": ""4th District"", ""decision"": ""Unresolved; neither local crosswalk is treated as authoritative.""}]",Unresolved: flagged geographic evidence,No plausible NEP title counterpart; review candidate,"Construction of Sto. Niño-Cagascas-Del Rosario Road, Tagkawayan, Quezon"
HB10858-3-0550-008564,"Construction (Completion) of Barangay Villa Hiwasayan Bridge and Approaches, STA. 007+700 - STA. 007+725, Guinayangan, Quezon",18000000,Quezon 4th District Engineering Office,Region IV-A,3- HB 10858 FOR 3RD READING VOL I-C .pdf,550,"[""Quezon · 3rd District""]","[""Reynante Arrogancia""]","[{""place"": ""quezon"", ""jurisdiction"": ""quezon"", ""seats"": [""3rd""]}]","[""Local crosswalks disagree or the primary crosswalk lacks a named locality."", ""Quezon is being used as a municipality match; its role as province, city, barangay, bridge or road name must be established from geographic context.""]","[{""locality"": ""guinayangan"", ""primaryDistrict"": null, ""alternativeDistrict"": ""4th District"", ""decision"": ""Unresolved; neither local crosswalk is treated as authoritative.""}]",Unresolved: flagged geographic evidence,No plausible NEP title counterpart; review candidate,"Construction of Capuluan Tulon to San Isidro Road, Guinayangan, Quezon"
HB10858-3-0550-008565,"Construction (Completion) of Bridge and Approaches, Barangay Villa Gomez, STA 008+005 - STA 008+030, Quezon, Quezon",18000000,Quezon 4th District Engineering Office,Region IV-A,3- HB 10858 FOR 3RD READING VOL I-C .pdf,550,"[""Quezon · 3rd District""]","[""Reynante Arrogancia""]","[{""place"": ""quezon"", ""jurisdiction"": ""quezon"", ""seats"": [""3rd""]}]","[""Quezon is being used as a municipality match; its role as province, city, barangay, bridge or road name must be established from geographic context.""]",[],Unresolved: flagged geographic evidence,No plausible NEP title counterpart; review candidate,"Construction of Bridge and Approaches Sitio Bangkatan - Sitio Cadangdang, Barangay San Isidro, San Narciso, Quezon"
HB10858-3-0550-008566,"Construction of Road, Barangay Bocboc, Sta. 0+531 - Sta. 1+101, Lopez, Quezon",50000000,Quezon 4th District Engineering Office,Region IV-A,3- HB 10858 FOR 3RD READING VOL I-C .pdf,550,"[""Quezon · 3rd District""]","[""Reynante Arrogancia""]","[{""place"": ""quezon"", ""jurisdiction"": ""quezon"", ""seats"": [""3rd""]}]","[""Local crosswalks disagree or the primary crosswalk lacks a named locality."", ""Quezon is being used as a municipality match; its role as province, city, barangay, bridge or road name must be established from geographic context.""]","[{""locality"": ""lopez"", ""primaryDistrict"": ""3rd District"", ""alternativeDistrict"": ""4th District"", ""decision"": ""Unresolved; neither local crosswalk is treated as authoritative.""}]",Unresolved: flagged geographic evidence,Plausible NEP title counterpart; review scope,"Construction of Road, Barangay Bocboc, Lopez, Quezon"
HB10858-3-0550-008567,"Construction of Sto. Niño-Cagascas-Del Rosario Road, Sta. 0+650 - Sta. 0+750, Sta. 3+250 - Sta. 3+385, Sta. 5+520 -Sta. 5+655, Sta. 4+600 - Sta. 4+735, Tagkawayan, Quezon",20000000,Quezon 4th District Engineering Office,Region IV-A,3- HB 10858 FOR 3RD READING VOL I-C .pdf,550,"[""Quezon · 3rd District""]","[""Reynante Arrogancia""]","[{""place"": ""tagkawayan"", ""jurisdiction"": ""quezon"", ""seats"": [""3rd""]}]","[""Local crosswalks disagree or the primary crosswalk lacks a named locality.""]","[{""locality"": ""tagkawayan"", ""primaryDistrict"": ""3rd District"", ""alternativeDistrict"": ""4th District"", ""decision"": ""Unresolved; neither local crosswalk is treated as authoritative.""}]",Unresolved: flagged geographic evidence,No plausible NEP title counterpart; review candidate,"Construction of Sto. Niño-Cagascas-Del Rosario Road, Tagkawayan, Quezon"
HB10858-3-0607-009790,"Construction of Roads, Barangay Bulua, Cagayan de Oro City",10000000,Cagayan de Oro City 1st District Engineering Office,Region X,3- HB 10858 FOR 3RD READING VOL I-C .pdf,607,"[""Cagayan de Oro · 2nd District""]","[""Rufus Rodriguez""]","[{""place"": ""cagayan de oro city"", ""jurisdiction"": ""cagayan de oro"", ""seats"": [""2nd""]}]","[""Cagayan de Oro barangay crosswalk omits the 1st District; a unique returned name does not prove a unique geographic assignment."", ""Whole-city name is indexed as a 2nd District barangay and overrides shorter locality matches.""]",[],Unresolved: flagged geographic evidence,Multiple or already paired NEP counterparts; review scope,"Construction of Roads (Pathway) along Barangay Balubal, Cagayan de Oro City"
HB10858-3-0607-009791,"Construction of Roads, Barangay Carmen, Cagayan de Oro City",10000000,Cagayan de Oro City 1st District Engineering Office,Region X,3- HB 10858 FOR 3RD READING VOL I-C .pdf,607,"[""Cagayan de Oro · 2nd District""]","[""Rufus Rodriguez""]","[{""place"": ""cagayan de oro city"", ""jurisdiction"": ""cagayan de oro"", ""seats"": [""2nd""]}]","[""Cagayan de Oro barangay crosswalk omits the 1st District; a unique returned name does not prove a unique geographic assignment."", ""Whole-city name is indexed as a 2nd District barangay and overrides shorter locality matches.""]",[],Unresolved: flagged geographic evidence,Multiple or already paired NEP counterparts; review scope,"Construction of Local Roads at Barangay Indahag, Cagayan de Oro City"
HB10858-3-0607-009792,"Construction of Roads, Barangay Kauswagan, Cagayan de Oro City",5000000,Cagayan de Oro City 1st District Engineering Office,Region X,3- HB 10858 FOR 3RD READING VOL I-C .pdf,607,"[""Cagayan de Oro · 2nd District""]","[""Rufus Rodriguez""]","[{""place"": ""cagayan de oro city"", ""jurisdiction"": ""cagayan de oro"", ""seats"": [""2nd""]}]","[""Cagayan de Oro barangay crosswalk omits the 1st District; a unique returned name does not prove a unique geographic assignment."", ""Whole-city name is indexed as a 2nd District barangay and overrides shorter locality matches.""]",[],Unresolved: flagged geographic evidence,Multiple or already paired NEP counterparts; review scope,"Construction of Local Roads at Barangay Indahag, Cagayan de Oro City"
HB10858-3-0607-009793,"Construction of Roads, Barangay Lumbia, Cagayan de Oro City, 8.401534, 124.588101",5000000,Cagayan de Oro City 1st District Engineering Office,Region X,3- HB 10858 FOR 3RD READING VOL I-C .pdf,607,"[""Cagayan de Oro · 2nd District""]","[""Rufus Rodriguez""]","[{""place"": ""cagayan de oro city"", ""jurisdiction"": ""cagayan de oro"", ""seats"": [""2nd""]}]","[""Cagayan de Oro barangay crosswalk omits the 1st District; a unique returned name does not prove a unique geographic assignment."", ""Whole-city name is indexed as a 2nd District barangay and overrides shorter locality matches.""]",[],Unresolved: flagged geographic evidence,No plausible NEP title counterpart; review candidate,"Construction of Roads (Pathway) along Barangay Balubal, Cagayan de Oro City"
HB10858-3-0607-009794,"Rehabilitation of Roads in Barangay Bayanga, Cagayan de Oro City",5000000,Cagayan de Oro City 1st District Engineering Office,Region X,3- HB 10858 FOR 3RD READING VOL I-C .pdf,607,"[""Cagayan de Oro · 2nd District""]","[""Rufus Rodriguez""]","[{""place"": ""cagayan de oro city"", ""jurisdiction"": ""cagayan de oro"", ""seats"": [""2nd""]}]","[""Cagayan de Oro barangay crosswalk omits the 1st District; a unique returned name does not prove a unique geographic assignment."", ""Whole-city name is indexed as a 2nd District barangay and overrides shorter locality matches.""]",[],Unresolved: flagged geographic evidence,No plausible NEP title counterpart; review candidate,"Rehabilitation of Roads in Barangay Canitoan, Cagayan de Oro City, Misamis Oriental"
HB10858-3-0607-009795,"Rehabilitation of Roads in Barangay Balulang, Cagayan de Oro City",10000000,Cagayan de Oro City 1st District Engineering Office,Region X,3- HB 10858 FOR 3RD READING VOL I-C .pdf,607,"[""Cagayan de Oro · 2nd District""]","[""Rufus Rodriguez""]","[{""place"": ""cagayan de oro city"", ""jurisdiction"": ""cagayan de oro"", ""seats"": [""2nd""]}]","[""Cagayan de Oro barangay crosswalk omits the 1st District; a unique returned name does not prove a unique geographic assignment."", ""Whole-city name is indexed as a 2nd District barangay and overrides shorter locality matches.""]",[],Unresolved: flagged geographic evidence,No plausible NEP title counterpart; review candidate,"Rehabilitation of Roads in Barangay Canitoan, Cagayan de Oro City, Misamis Oriental"
HB10858-3-0607-009796,"Rehabilitation of Roads in Barangay Bayabas, Cagayan de Oro City, 8.511354, 124.627584",5000000,Cagayan de Oro City 1st District Engineering Office,Region X,3- HB 10858 FOR 3RD READING VOL I-C .pdf,607,"[""Cagayan de Oro · 2nd District""]","[""Rufus Rodriguez""]","[{""place"": ""cagayan de oro city"", ""jurisdiction"": ""cagayan de oro"", ""seats"": [""2nd""]}]","[""Cagayan de Oro barangay crosswalk omits the 1st District; a unique returned name does not prove a unique geographic assignment."", ""Whole-city name is indexed as a 2nd District barangay and overrides shorter locality matches.""]",[],Unresolved: flagged geographic evidence,No plausible NEP title counterpart; review candidate,"Rehabilitation of Roads in Barangay Canitoan, Cagayan de Oro City, Misamis Oriental"
HB10858-3-0607-009797,"Rehabilitation of Roads in Barangay Besigan, Cagayan de Oro City",5000000,Cagayan de Oro City 1st District Engineering Office,Region X,3- HB 10858 FOR 3RD READING VOL I-C .pdf,607,"[""Cagayan de Oro · 2nd District""]","[""Rufus Rodriguez""]","[{""place"": ""cagayan de oro city"", ""jurisdiction"": ""cagayan de oro"", ""seats"": [""2nd""]}]","[""Cagayan de Oro barangay crosswalk omits the 1st District; a unique returned name does not prove a unique geographic assignment."", ""Whole-city name is indexed as a 2nd District barangay and overrides shorter locality matches.""]",[],Unresolved: flagged geographic evidence,No plausible NEP title counterpart; review candidate,"Rehabilitation of Roads in Barangay Canitoan, Cagayan de Oro City, Misamis Oriental"
HB10858-3-0607-009798,"Rehabilitation of Roads in Barangay Bonbon, Cagayan de Oro City",5000000,Cagayan de Oro City 1st District Engineering Office,Region X,3- HB 10858 FOR 3RD READING VOL I-C .pdf,607,"[""Cagayan de Oro · 2nd District""]","[""Rufus Rodriguez""]","[{""place"": ""cagayan de oro city"", ""jurisdiction"": ""cagayan de oro"", ""seats"": [""2nd""]}]","[""Cagayan de Oro barangay crosswalk omits the 1st District; a unique returned name does not prove a unique geographic assignment."", ""Whole-city name is indexed as a 2nd District barangay and overrides shorter locality matches.""]",[],Unresolved: flagged geographic evidence,No plausible NEP title counterpart; review candidate,"Rehabilitation of Roads in Barangay Canitoan, Cagayan de Oro City, Misamis Oriental"
HB10858-3-0607-009799,"Rehabilitation of Roads in Barangay Dansolihon, Cagayan de Oro City",5000000,Cagayan de Oro City 1st District Engineering Office,Region X,3- HB 10858 FOR 3RD READING VOL I-C .pdf,607,"[""Cagayan de Oro · 2nd District""]","[""Rufus Rodriguez""]","[{""place"": ""cagayan de oro city"", ""jurisdiction"": ""cagayan de oro"", ""seats"": [""2nd""]}]","[""Cagayan de Oro barangay crosswalk omits the 1st District; a unique returned name does not prove a unique geographic assignment."", ""Whole-city name is indexed as a 2nd District barangay and overrides shorter locality matches.""]",[],Unresolved: flagged geographic evidence,No plausible NEP title counterpart; review candidate,"Rehabilitation of Roads in Barangay Canitoan, Cagayan de Oro City, Misamis Oriental"
HB10858-3-0607-009800,"Rehabilitation of Roads in Barangay Iponan, Cagayan de Oro City",10000000,Cagayan de Oro City 1st District Engineering Office,Region X,3- HB 10858 FOR 3RD READING VOL I-C .pdf,607,"[""Cagayan de Oro · 2nd District""]","[""Rufus Rodriguez""]","[{""place"": ""cagayan de oro city"", ""jurisdiction"": ""cagayan de oro"", ""seats"": [""2nd""]}]","[""Cagayan de Oro barangay crosswalk omits the 1st District; a unique returned name does not prove a unique geographic assignment."", ""Whole-city name is indexed as a 2nd District barangay and overrides shorter locality matches.""]",[],Unresolved: flagged geographic evidence,Multiple or already paired NEP counterparts; review scope,"Rehabilitation of Roads in Barangay Canitoan, Cagayan de Oro City, Misamis Oriental"
HB10858-3-0607-009801,"Rehabilitation of Roads in Barangay Kauswagan, Cagayan de Oro City",5000000,Cagayan de Oro City 1st District Engineering Office,Region X,3- HB 10858 FOR 3RD READING VOL I-C .pdf,607,"[""Cagayan de Oro · 2nd District""]","[""Rufus Rodriguez""]","[{""place"": ""cagayan de oro city"", ""jurisdiction"": ""cagayan de oro"", ""seats"": [""2nd""]}]","[""Cagayan de Oro barangay crosswalk omits the 1st District; a unique returned name does not prove a unique geographic assignment."", ""Whole-city name is indexed as a 2nd District barangay and overrides shorter locality matches.""]",[],Unresolved: flagged geographic evidence,No plausible NEP title counterpart; review candidate,"Rehabilitation of Roads in Barangay Canitoan, Cagayan de Oro City, Misamis Oriental"
HB10858-3-0607-009802,"Rehabilitation of Roads in Barangay Lumbia, Cagayan de Oro City",10000000,Cagayan de Oro City 1st District Engineering Office,Region X,3- HB 10858 FOR 3RD READING VOL I-C .pdf,607,"[""Cagayan de Oro · 2nd District""]","[""Rufus Rodriguez""]","[{""place"": ""cagayan de oro city"", ""jurisdiction"": ""cagayan de oro"", ""seats"": [""2nd""]}]","[""Cagayan de Oro barangay crosswalk omits the 1st District; a unique returned name does not prove a unique geographic assignment."", ""Whole-city name is indexed as a 2nd District barangay and overrides shorter locality matches.""]",[],Unresolved: flagged geographic evidence,No plausible NEP title counterpart; review candidate,"Rehabilitation of Roads in Barangay Canitoan, Cagayan de Oro City, Misamis Oriental"
HB10858-3-0607-009803,"Rehabilitation of Roads in Barangay Mambuaya, Cagayan de Oro City",10000000,Cagayan de Oro City 1st District Engineering Office,Region X,3- HB 10858 FOR 3RD READING VOL I-C .pdf,607,"[""Cagayan de Oro · 2nd District""]","[""Rufus Rodriguez""]","[{""place"": ""cagayan de oro city"", ""jurisdiction"": ""cagayan de oro"", ""seats"": [""2nd""]}]","[""Cagayan de Oro barangay crosswalk omits the 1st District; a unique returned name does not prove a unique geographic assignment."", ""Whole-city name is indexed as a 2nd District barangay and overrides shorter locality matches.""]",[],Unresolved: flagged geographic evidence,No plausible NEP title counterpart; review candidate,"Rehabilitation of Roads in Barangay Canitoan, Cagayan de Oro City, Misamis Oriental"
HB10858-3-0607-009804,"Rehabilitation of Roads in Barangay Pagalungan, Cagayan de Oro City",5000000,Cagayan de Oro City 1st District Engineering Office,Region X,3- HB 10858 FOR 3RD READING VOL I-C .pdf,607,"[""Cagayan de Oro · 2nd District""]","[""Rufus Rodriguez""]","[{""place"": ""cagayan de oro city"", ""jurisdiction"": ""cagayan de oro"", ""seats"": [""2nd""]}]","[""Cagayan de Oro barangay crosswalk omits the 1st District; a unique returned name does not prove a unique geographic assignment."", ""Whole-city name is indexed as a 2nd District barangay and overrides shorter locality matches.""]",[],Unresolved: flagged geographic evidence,No plausible NEP title counterpart; review candidate,"Rehabilitation of Roads in Barangay Canitoan, Cagayan de Oro City, Misamis Oriental"
HB10858-3-0607-009805,"Rehabilitation of Roads in Barangay Pagatpat, Cagayan de Oro City",10000000,Cagayan de Oro City 1st District Engineering Office,Region X,3- HB 10858 FOR 3RD READING VOL I-C .pdf,607,"[""Cagayan de Oro · 2nd District""]","[""Rufus Rodriguez""]","[{""place"": ""cagayan de oro city"", ""jurisdiction"": ""cagayan de oro"", ""seats"": [""2nd""]}]","[""Cagayan de Oro barangay crosswalk omits the 1st District; a unique returned name does not prove a unique geographic assignment."", ""Whole-city name is indexed as a 2nd District barangay and overrides shorter locality matches.""]",[],Unresolved: flagged geographic evidence,No plausible NEP title counterpart; review candidate,"Rehabilitation of Roads in Barangay Canitoan, Cagayan de Oro City, Misamis Oriental"
HB10858-3-0607-009806,"Rehabilitation of Roads in Barangay Patag, Cagayan de Oro City",10000000,Cagayan de Oro City 1st District Engineering Office,Region X,3- HB 10858 FOR 3RD READING VOL I-C .pdf,607,"[""Cagayan de Oro · 2nd District""]","[""Rufus Rodriguez""]","[{""place"": ""cagayan de oro city"", ""jurisdiction"": ""cagayan de oro"", ""seats"": [""2nd""]}]","[""Cagayan de Oro barangay crosswalk omits the 1st District; a unique returned name does not prove a unique geographic assignment."", ""Whole-city name is indexed as a 2nd District barangay and overrides shorter locality matches.""]",[],Unresolved: flagged geographic evidence,Multiple or already paired NEP counterparts; review scope,"Rehabilitation of Roads in Barangay Canitoan, Cagayan de Oro City, Misamis Oriental"
HB10858-3-0607-009807,"Rehabilitation of Roads in Barangay Pigsag-an, Cagayan de Oro City",5000000,Cagayan de Oro City 1st District Engineering Office,Region X,3- HB 10858 FOR 3RD READING VOL I-C .pdf,607,"[""Cagayan de Oro · 2nd District""]","[""Rufus Rodriguez""]","[{""place"": ""cagayan de oro city"", ""jurisdiction"": ""cagayan de oro"", ""seats"": [""2nd""]}]","[""Cagayan de Oro barangay crosswalk omits the 1st District; a unique returned name does not prove a unique geographic assignment."", ""Whole-city name is indexed as a 2nd District barangay and overrides shorter locality matches.""]",[],Unresolved: flagged geographic evidence,No plausible NEP title counterpart; review candidate,"Rehabilitation of Roads in Barangay Canitoan, Cagayan de Oro City, Misamis Oriental"
HB10858-3-0607-009808,"Rehabilitation of Roads in Barangay San Simon, Cagayan de Oro City",5000000,Cagayan de Oro City 1st District Engineering Office,Region X,3- HB 10858 FOR 3RD READING VOL I-C .pdf,607,"[""Cagayan de Oro · 2nd District""]","[""Rufus Rodriguez""]","[{""place"": ""cagayan de oro city"", ""jurisdiction"": ""cagayan de oro"", ""seats"": [""2nd""]}]","[""Cagayan de Oro barangay crosswalk omits the 1st District; a unique returned name does not prove a unique geographic assignment."", ""Whole-city name is indexed as a 2nd District barangay and overrides shorter locality matches.""]",[],Unresolved: flagged geographic evidence,Multiple or already paired NEP counterparts; review scope,"Rehabilitation of Roads in Barangay Canitoan, Cagayan de Oro City, Misamis Oriental"
HB10858-3-0608-009809,"Rehabilitation of Roads in Barangay Tignapoloan, Cagayan de Oro City",5000000,Cagayan de Oro City 1st District Engineering Office,Region X,3- HB 10858 FOR 3RD READING VOL I-C .pdf,608,"[""Cagayan de Oro · 2nd District""]","[""Rufus Rodriguez""]","[{""place"": ""cagayan de oro city"", ""jurisdiction"": ""cagayan de oro"", ""seats"": [""2nd""]}]","[""Cagayan de Oro barangay crosswalk omits the 1st District; a unique returned name does not prove a unique geographic assignment."", ""Whole-city name is indexed as a 2nd District barangay and overrides shorter locality matches.""]",[],Unresolved: flagged geographic evidence,No plausible NEP title counterpart; review candidate,"Rehabilitation of Roads in Barangay Canitoan, Cagayan de Oro City, Misamis Oriental"
HB10858-3-0608-009810,"Rehabilitation of Roads in Barangay Tuburan, Cagayan de Oro City",5000000,Cagayan de Oro City 1st District Engineering Office,Region X,3- HB 10858 FOR 3RD READING VOL I-C .pdf,608,"[""Cagayan de Oro · 2nd District""]","[""Rufus Rodriguez""]","[{""place"": ""cagayan de oro city"", ""jurisdiction"": ""cagayan de oro"", ""seats"": [""2nd""]}]","[""Cagayan de Oro barangay crosswalk omits the 1st District; a unique returned name does not prove a unique geographic assignment."", ""Whole-city name is indexed as a 2nd District barangay and overrides shorter locality matches.""]",[],Unresolved: flagged geographic evidence,No plausible NEP title counterpart; review candidate,"Rehabilitation of Roads in Barangay Canitoan, Cagayan de Oro City, Misamis Oriental"
HB10858-3-0608-009811,"Rehabilitation of Roads in Barangay Tumpagon, Cagayan de Oro City",5000000,Cagayan de Oro City 1st District Engineering Office,Region X,3- HB 10858 FOR 3RD READING VOL I-C .pdf,608,"[""Cagayan de Oro · 2nd District""]","[""Rufus Rodriguez""]","[{""place"": ""cagayan de oro city"", ""jurisdiction"": ""cagayan de oro"", ""seats"": [""2nd""]}]","[""Cagayan de Oro barangay crosswalk omits the 1st District; a unique returned name does not prove a unique geographic assignment."", ""Whole-city name is indexed as a 2nd District barangay and overrides shorter locality matches.""]",[],Unresolved: flagged geographic evidence,No plausible NEP title counterpart; review candidate,"Rehabilitation of Roads in Barangay Canitoan, Cagayan de Oro City, Misamis Oriental"
HB10858-3-0608-009812,"Construction of Roads in Barangay Kauswagan, Cagayan de Oro City",40000000,Cagayan de Oro City 1st District Engineering Office,Region X,3- HB 10858 FOR 3RD READING VOL I-C .pdf,608,"[""Cagayan de Oro · 2nd District""]","[""Rufus Rodriguez""]","[{""place"": ""cagayan de oro city"", ""jurisdiction"": ""cagayan de oro"", ""seats"": [""2nd""]}]","[""Cagayan de Oro barangay crosswalk omits the 1st District; a unique returned name does not prove a unique geographic assignment."", ""Whole-city name is indexed as a 2nd District barangay and overrides shorter locality matches.""]",[],Unresolved: flagged geographic evidence,Multiple or already paired NEP counterparts; review scope,"Construction of Local Roads at Barangay Indahag, Cagayan de Oro City"
HB10858-3-0608-009816,"Construction (Completion) of Road with Drainage along Gaabucayan Street Agora, Barangay Lapasan, Cagayan de Oro City",10000000,Cagayan de Oro City 2nd District Engineering Office,Region X,3- HB 10858 FOR 3RD READING VOL I-C .pdf,608,"[""Cagayan de Oro · 2nd District""]","[""Rufus Rodriguez""]","[{""place"": ""cagayan de oro city"", ""jurisdiction"": ""cagayan de oro"", ""seats"": [""2nd""]}]","[""Cagayan de Oro barangay crosswalk omits the 1st District; a unique returned name does not prove a unique geographic assignment."", ""Whole-city name is indexed as a 2nd District barangay and overrides shorter locality matches.""]",[],Unresolved: flagged geographic evidence,Exact normalized title found in NEP,"Construction (Completion) of Road with Drainage along Gaabucayan Street Agora, Barangay Lapasan, Cagayan de Oro City"
HB10858-3-0608-009817,"Improvement Barangay Consolacion, Cagayan de Oro City",5000000,Cagayan de Oro City 2nd District Engineering Office,Region X,3- HB 10858 FOR 3RD READING VOL I-C .pdf,608,"[""Cagayan de Oro · 2nd District""]","[""Rufus Rodriguez""]","[{""place"": ""cagayan de oro city"", ""jurisdiction"": ""cagayan de oro"", ""seats"": [""2nd""]}]","[""Cagayan de Oro barangay crosswalk omits the 1st District; a unique returned name does not prove a unique geographic assignment."", ""Whole-city name is indexed as a 2nd District barangay and overrides shorter locality matches.""]",[],Unresolved: flagged geographic evidence,No plausible NEP title counterpart; review candidate,"Construction of Road at Upper Camaman-an, Barangay Camaman-an, Cagayan de Oro City"
HB10858-3-0608-009818,"Road Concreting with Drainage Lower Puerto, Cagayan de Oro City",5000000,Cagayan de Oro City 2nd District Engineering Office,Region X,3- HB 10858 FOR 3RD READING VOL I-C .pdf,608,"[""Cagayan de Oro · 2nd District""]","[""Rufus Rodriguez""]","[{""place"": ""cagayan de oro city"", ""jurisdiction"": ""cagayan de oro"", ""seats"": [""2nd""]}]","[""Cagayan de Oro barangay crosswalk omits the 1st District; a unique returned name does not prove a unique geographic assignment."", ""Whole-city name is indexed as a 2nd District barangay and overrides shorter locality matches.""]",[],Unresolved: flagged geographic evidence,No plausible NEP title counterpart; review candidate,"Construction of Road with Drainage at Purok 13, Barangay Tablon, Cagayan de Oro City"
HB10858-3-0608-009819,"Concreting of Road, Upper Puerto-Purok 7, Cagayan de Oro City",5000000,Cagayan de Oro City 2nd District Engineering Office,Region X,3- HB 10858 FOR 3RD READING VOL I-C .pdf,608,"[""Cagayan de Oro · 2nd District""]","[""Rufus Rodriguez""]","[{""place"": ""cagayan de oro city"", ""jurisdiction"": ""cagayan de oro"", ""seats"": [""2nd""]}]","[""Cagayan de Oro barangay crosswalk omits the 1st District; a unique returned name does not prove a unique geographic assignment."", ""Whole-city name is indexed as a 2nd District barangay and overrides shorter locality matches.""]",[],Unresolved: flagged geographic evidence,No plausible NEP title counterpart; review candidate,"Construction of Road at Purok 8, Upper Puerto, Barangay Puerto, Cagayan de Oro City"
HB10858-3-0608-009820,"Construction (Completion) of Road with Drainage Structure, Barangay Bugo, Cagayan de Oro City",10000000,Cagayan de Oro City 2nd District Engineering Office,Region X,3- HB 10858 FOR 3RD READING VOL I-C .pdf,608,"[""Cagayan de Oro · 2nd District""]","[""Rufus Rodriguez""]","[{""place"": ""cagayan de oro city"", ""jurisdiction"": ""cagayan de oro"", ""seats"": [""2nd""]}]","[""Cagayan de Oro barangay crosswalk omits the 1st District; a unique returned name does not prove a unique geographic assignment."", ""Whole-city name is indexed as a 2nd District barangay and overrides shorter locality matches.""]",[],Unresolved: flagged geographic evidence,Exact normalized title found in NEP,"Construction (Completion) of Road with Drainage Structure, Barangay Bugo, Cagayan de Oro City"
HB10858-3-0608-009821,"Construction of Drainage Structure along Indahag-Macasandig Diversion Road, Barangay Macasandig, Cagayan de Oro City",10000000,Cagayan de Oro City 2nd District Engineering Office,Region X,3- HB 10858 FOR 3RD READING VOL I-C .pdf,608,"[""Cagayan de Oro · 2nd District""]","[""Rufus Rodriguez""]","[{""place"": ""cagayan de oro city"", ""jurisdiction"": ""cagayan de oro"", ""seats"": [""2nd""]}]","[""Cagayan de Oro barangay crosswalk omits the 1st District; a unique returned name does not prove a unique geographic assignment."", ""Whole-city name is indexed as a 2nd District barangay and overrides shorter locality matches.""]",[],Unresolved: flagged geographic evidence,Exact normalized title found in NEP,"Construction of Drainage Structure along Indahag-Macasandig Diversion Road, Barangay Macasandig, Cagayan de Oro City"
HB10858-3-0608-009823,"Construction of Bridge (Bagumbilid Area), Barangay Balubal, Cagayan de Oro City",5000000,Cagayan de Oro City 2nd District Engineering Office,Region X,3- HB 10858 FOR 3RD READING VOL I-C .pdf,608,"[""Cagayan de Oro · 2nd District""]","[""Rufus Rodriguez""]","[{""place"": ""cagayan de oro city"", ""jurisdiction"": ""cagayan de oro"", ""seats"": [""2nd""]}]","[""Cagayan de Oro barangay crosswalk omits the 1st District; a unique returned name does not prove a unique geographic assignment."", ""Whole-city name is indexed as a 2nd District barangay and overrides shorter locality matches.""]",[],Unresolved: flagged geographic evidence,No plausible NEP title counterpart; review candidate,"Construction of Roads (Pathway) along Barangay Balubal, Cagayan de Oro City"
HB10858-3-0608-009824,"Construction of Local Roads at Barangay Indahag, Cagayan de Oro City",10000000,Cagayan de Oro City 2nd District Engineering Office,Region X,3- HB 10858 FOR 3RD READING VOL I-C .pdf,608,"[""Cagayan de Oro · 2nd District""]","[""Rufus Rodriguez""]","[{""place"": ""cagayan de oro city"", ""jurisdiction"": ""cagayan de oro"", ""seats"": [""2nd""]}]","[""Cagayan de Oro barangay crosswalk omits the 1st District; a unique returned name does not prove a unique geographic assignment."", ""Whole-city name is indexed as a 2nd District barangay and overrides shorter locality matches.""]",[],Unresolved: flagged geographic evidence,Exact normalized title found in NEP,"Construction of Local Roads at Barangay Indahag, Cagayan de Oro City"
HB10858-3-0608-009825,"Improvement of Road at Barangay 9, Cagayan de Oro City",5000000,Cagayan de Oro City 2nd District Engineering Office,Region X,3- HB 10858 FOR 3RD READING VOL I-C .pdf,608,"[""Cagayan de Oro · 2nd District""]","[""Rufus Rodriguez""]","[{""place"": ""cagayan de oro city"", ""jurisdiction"": ""cagayan de oro"", ""seats"": [""2nd""]}]","[""Cagayan de Oro barangay crosswalk omits the 1st District; a unique returned name does not prove a unique geographic assignment."", ""Whole-city name is indexed as a 2nd District barangay and overrides shorter locality matches.""]",[],Unresolved: flagged geographic evidence,No plausible NEP title counterpart; review candidate,"Construction of Local Roads at Barangay Indahag, Cagayan de Oro City"
HB10858-3-0608-009826,"Construction of Road at Lower Berjaya, Barangay Camaman-an, Cagayan de Oro City",10000000,Cagayan de Oro City 2nd District Engineering Office,Region X,3- HB 10858 FOR 3RD READING VOL I-C .pdf,608,"[""Cagayan de Oro · 2nd District""]","[""Rufus Rodriguez""]","[{""place"": ""cagayan de oro city"", ""jurisdiction"": ""cagayan de oro"", ""seats"": [""2nd""]}]","[""Cagayan de Oro barangay crosswalk omits the 1st District; a unique returned name does not prove a unique geographic assignment."", ""Whole-city name is indexed as a 2nd District barangay and overrides shorter locality matches.""]",[],Unresolved: flagged geographic evidence,Exact normalized title found in NEP,"Construction of Road at Lower Berjaya, Barangay Camaman-an, Cagayan de Oro City"
HB10858-3-0608-009827,"Road Concreting at Sitio Lomboy, Barangay Indahag, Cagayan de Oro City",10000000,Cagayan de Oro City 2nd District Engineering Office,Region X,3- HB 10858 FOR 3RD READING VOL I-C .pdf,608,"[""Cagayan de Oro · 2nd District""]","[""Rufus Rodriguez""]","[{""place"": ""cagayan de oro city"", ""jurisdiction"": ""cagayan de oro"", ""seats"": [""2nd""]}]","[""Cagayan de Oro barangay crosswalk omits the 1st District; a unique returned name does not prove a unique geographic assignment."", ""Whole-city name is indexed as a 2nd District barangay and overrides shorter locality matches.""]",[],Unresolved: flagged geographic evidence,No plausible NEP title counterpart; review candidate,"Construction of Local Roads at Barangay Indahag, Cagayan de Oro City"
HB10858-3-0608-009828,"Construction of Road at Upper Puerto, Barangay Puerto, Cagayan de Oro City",10000000,Cagayan de Oro City 2nd District Engineering Office,Region X,3- HB 10858 FOR 3RD READING VOL I-C .pdf,608,"[""Cagayan de Oro · 2nd District""]","[""Rufus Rodriguez""]","[{""place"": ""cagayan de oro city"", ""jurisdiction"": ""cagayan de oro"", ""seats"": [""2nd""]}]","[""Cagayan de Oro barangay crosswalk omits the 1st District; a unique returned name does not prove a unique geographic assignment."", ""Whole-city name is indexed as a 2nd District barangay and overrides shorter locality matches.""]",[],Unresolved: flagged geographic evidence,Plausible NEP title counterpart; review scope,"Construction of Road at Purok 8, Upper Puerto, Barangay Puerto, Cagayan de Oro City"
HB10858-3-0608-009829,"Construction of Road at Kamakawan, Barangay Gusa, Cagayan de Oro City",5000000,Cagayan de Oro City 2nd District Engineering Office,Region X,3- HB 10858 FOR 3RD READING VOL I-C .pdf,608,"[""Cagayan de Oro · 2nd District""]","[""Rufus Rodriguez""]","[{""place"": ""cagayan de oro city"", ""jurisdiction"": ""cagayan de oro"", ""seats"": [""2nd""]}]","[""Cagayan de Oro barangay crosswalk omits the 1st District; a unique returned name does not prove a unique geographic assignment."", ""Whole-city name is indexed as a 2nd District barangay and overrides shorter locality matches.""]",[],Unresolved: flagged geographic evidence,Plausible NEP title counterpart; review scope,"Construction of Road at Purok 9 (Kamakawan), Barangay Gusa, Cagayan de Oro City"
HB10858-3-0608-009830,"Construction of Roads at Barangay Camaman-an, Cagayan de Oro City",5000000,Cagayan de Oro City 2nd District Engineering Office,Region X,3- HB 10858 FOR 3RD READING VOL I-C .pdf,608,"[""Cagayan de Oro · 2nd District""]","[""Rufus Rodriguez""]","[{""place"": ""cagayan de oro city"", ""jurisdiction"": ""cagayan de oro"", ""seats"": [""2nd""]}]","[""Cagayan de Oro barangay crosswalk omits the 1st District; a unique returned name does not prove a unique geographic assignment."", ""Whole-city name is indexed as a 2nd District barangay and overrides shorter locality matches.""]",[],Unresolved: flagged geographic evidence,Plausible NEP title counterpart; review scope,"Construction of Road at Upper Camaman-an, Barangay Camaman-an, Cagayan de Oro City"
HB10858-3-0608-009831,"Improvement of Road at Barangay 29, Cagayan de Oro City",5000000,Cagayan de Oro City 2nd District Engineering Office,Region X,3- HB 10858 FOR 3RD READING VOL I-C .pdf,608,"[""Cagayan de Oro · 2nd District""]","[""Rufus Rodriguez""]","[{""place"": ""cagayan de oro city"", ""jurisdiction"": ""cagayan de oro"", ""seats"": [""2nd""]}]","[""Cagayan de Oro barangay crosswalk omits the 1st District; a unique returned name does not prove a unique geographic assignment."", ""Whole-city name is indexed as a 2nd District barangay and overrides shorter locality matches.""]",[],Unresolved: flagged geographic evidence,No plausible NEP title counterpart; review candidate,"Construction of Local Roads at Barangay Indahag, Cagayan de Oro City"
HB10858-3-0609-009832,"Construction of Road at VTS Phase 3B, Barangay Bugo, Cagayan de Oro City, Cagayan de Oro City",5000000,Cagayan de Oro City 2nd District Engineering Office,Region X,3- HB 10858 FOR 3RD READING VOL I-C .pdf,609,"[""Cagayan de Oro · 2nd District""]","[""Rufus Rodriguez""]","[{""place"": ""cagayan de oro city"", ""jurisdiction"": ""cagayan de oro"", ""seats"": [""2nd""]}]","[""Cagayan de Oro barangay crosswalk omits the 1st District; a unique returned name does not prove a unique geographic assignment."", ""Whole-city name is indexed as a 2nd District barangay and overrides shorter locality matches.""]",[],Unresolved: flagged geographic evidence,Exact normalized title found in NEP,"Construction of Road at VTS Phase 3B, Barangay Bugo, Cagayan de Oro City, Cagayan de Oro City"
HB10858-3-0609-009833,"Improvement of Road at Barangay 6, Cagayan de Oro City",5000000,Cagayan de Oro City 2nd District Engineering Office,Region X,3- HB 10858 FOR 3RD READING VOL I-C .pdf,609,"[""Cagayan de Oro · 2nd District""]","[""Rufus Rodriguez""]","[{""place"": ""cagayan de oro city"", ""jurisdiction"": ""cagayan de oro"", ""seats"": [""2nd""]}]","[""Cagayan de Oro barangay crosswalk omits the 1st District; a unique returned name does not prove a unique geographic assignment."", ""Whole-city name is indexed as a 2nd District barangay and overrides shorter locality matches.""]",[],Unresolved: flagged geographic evidence,No plausible NEP title counterpart; review candidate,"Construction of Local Roads at Barangay Indahag, Cagayan de Oro City"
HB10858-3-0609-009835,"Construction of Road with Drainage, Taguanao, Barangay Indahag, Cagayan de Oro City",5000000,Cagayan de Oro City 2nd District Engineering Office,Region X,3- HB 10858 FOR 3RD READING VOL I-C .pdf,609,"[""Cagayan de Oro · 2nd District""]","[""Rufus Rodriguez""]","[{""place"": ""cagayan de oro city"", ""jurisdiction"": ""cagayan de oro"", ""seats"": [""2nd""]}]","[""Cagayan de Oro barangay crosswalk omits the 1st District; a unique returned name does not prove a unique geographic assignment."", ""Whole-city name is indexed as a 2nd District barangay and overrides shorter locality matches.""]",[],Unresolved: flagged geographic evidence,Multiple or already paired NEP counterparts; review scope,"Construction of Road with Drainage at Purok 13, Barangay Tablon, Cagayan de Oro City"
HB10858-3-0609-009837,"Construction of Road leading to Apo Malaki Integrated School, Barangay FS Catanico, Cagayan de Oro City",5000000,Cagayan de Oro City 2nd District Engineering Office,Region X,3- HB 10858 FOR 3RD READING VOL I-C .pdf,609,"[""Cagayan de Oro · 2nd District""]","[""Rufus Rodriguez""]","[{""place"": ""cagayan de oro city"", ""jurisdiction"": ""cagayan de oro"", ""seats"": [""2nd""]}]","[""Cagayan de Oro barangay crosswalk omits the 1st District; a unique returned name does not prove a unique geographic assignment."", ""Whole-city name is indexed as a 2nd District barangay and overrides shorter locality matches.""]",[],Unresolved: flagged geographic evidence,Exact normalized title found in NEP,"Construction of Road leading to Apo Malaki Integrated School, Barangay FS Catanico, Cagayan de Oro City"
HB10858-3-0609-009838,"Construction of Road with Drainage at Barangay Puntod, Cagayan de Oro City",5000000,Cagayan de Oro City 2nd District Engineering Office,Region X,3- HB 10858 FOR 3RD READING VOL I-C .pdf,609,"[""Cagayan de Oro · 2nd District""]","[""Rufus Rodriguez""]","[{""place"": ""cagayan de oro city"", ""jurisdiction"": ""cagayan de oro"", ""seats"": [""2nd""]}]","[""Cagayan de Oro barangay crosswalk omits the 1st District; a unique returned name does not prove a unique geographic assignment."", ""Whole-city name is indexed as a 2nd District barangay and overrides shorter locality matches.""]",[],Unresolved: flagged geographic evidence,Plausible NEP title counterpart; review scope,"Construction of Road with Drainage at D.S. Abejo Street, Barangay Puntod, Cagayan de Oro City"
HB10858-3-0609-009839,"Construction of Road with Drainage at Barangay Tablon, Cagayan de Oro City",5000000,Cagayan de Oro City 2nd District Engineering Office,Region X,3- HB 10858 FOR 3RD READING VOL I-C .pdf,609,"[""Cagayan de Oro · 2nd District""]","[""Rufus Rodriguez""]","[{""place"": ""cagayan de oro city"", ""jurisdiction"": ""cagayan de oro"", ""seats"": [""2nd""]}]","[""Cagayan de Oro barangay crosswalk omits the 1st District; a unique returned name does not prove a unique geographic assignment."", ""Whole-city name is indexed as a 2nd District barangay and overrides shorter locality matches.""]",[],Unresolved: flagged geographic evidence,Plausible NEP title counterpart; review scope,"Construction of Road with Drainage at Purok 13, Barangay Tablon, Cagayan de Oro City"
HB10858-3-0609-009840,"Construction of Road with Drainage at Villaflora, Barangay Cugman, Cagayan de Oro City",5000000,Cagayan de Oro City 2nd District Engineering Office,Region X,3- HB 10858 FOR 3RD READING VOL I-C .pdf,609,"[""Cagayan de Oro · 2nd District""]","[""Rufus Rodriguez""]","[{""place"": ""cagayan de oro city"", ""jurisdiction"": ""cagayan de oro"", ""seats"": [""2nd""]}]","[""Cagayan de Oro barangay crosswalk omits the 1st District; a unique returned name does not prove a unique geographic assignment."", ""Whole-city name is indexed as a 2nd District barangay and overrides shorter locality matches.""]",[],Unresolved: flagged geographic evidence,Exact normalized title found in NEP,"Construction of Road with Drainage at Villaflora, Barangay Cugman, Cagayan de Oro City"
HB10858-3-0609-009841,"Construction of Roads (Pathway) along Barangay Balubal, Cagayan de Oro City",5000000,Cagayan de Oro City 2nd District Engineering Office,Region X,3- HB 10858 FOR 3RD READING VOL I-C .pdf,609,"[""Cagayan de Oro · 2nd District""]","[""Rufus Rodriguez""]","[{""place"": ""cagayan de oro city"", ""jurisdiction"": ""cagayan de oro"", ""seats"": [""2nd""]}]","[""Cagayan de Oro barangay crosswalk omits the 1st District; a unique returned name does not prove a unique geographic assignment."", ""Whole-city name is indexed as a 2nd District barangay and overrides shorter locality matches.""]",[],Unresolved: flagged geographic evidence,Exact normalized title found in NEP,"Construction of Roads (Pathway) along Barangay Balubal, Cagayan de Oro City"
HB10858-3-0629-010236,"Construction of Coastal Road leading to Bangui Windmill and Municipal Beach, Bangui, Ilocos Norte (18.536111, 120.755833)",25000000,Ilocos Norte 1st District Engineering Office,Region I,3- HB 10858 FOR 3RD READING VOL I-C .pdf,629,"[""Ilocos Norte · 1st District""]","[""Sandro Marcos""]","[{""place"": ""bangui"", ""jurisdiction"": ""ilocos norte"", ""seats"": [""1st""]}]",[],[],Not independently verified,No plausible NEP title counterpart; review candidate,
HB10858-3-0633-010302,"Construction of Multi-Purpose Building (INSPIRE BUILDING), Laoag City, Ilocos Norte",835000000,Central Office,Region I,3- HB 10858 FOR 3RD READING VOL I-C .pdf,633,"[""Ilocos Norte · 1st District""]","[""Sandro Marcos""]","[{""place"": ""laoag"", ""jurisdiction"": ""ilocos norte"", ""seats"": [""1st""]}]",[],[],Not independently verified,Exact normalized title found in NEP,"Construction of Multi-Purpose Building (INSPIRE BUILDING), Laoag City, Ilocos Norte"
HB10858-3-0648-010555,"Construction of Multi-Purpose Building (Atrium-Performance Theatre/Auditorium), Cagayan de Oro City (124.648481°, 8.483090°)",100000000,Central Office,Region X,3- HB 10858 FOR 3RD READING VOL I-C .pdf,648,"[""Cagayan de Oro · 2nd District""]","[""Rufus Rodriguez""]","[{""place"": ""cagayan de oro city"", ""jurisdiction"": ""cagayan de oro"", ""seats"": [""2nd""]}]","[""Cagayan de Oro barangay crosswalk omits the 1st District; a unique returned name does not prove a unique geographic assignment."", ""Whole-city name is indexed as a 2nd District barangay and overrides shorter locality matches.""]",[],Unresolved: flagged geographic evidence,No plausible NEP title counterpart; review candidate,"Construction of Multi-Purpose Building (Materials Recovery Facility) at Barangay Indahag, Cagayan de Oro City"
HB10858-3-0663-010838,"Construction/Rehabilitation of Multi-Purpose Building, Barangay Adams, Adams, Ilocos Norte, 18.4612, 120.9015",5000000,Ilocos Norte 1st District Engineering Office,Region I,3- HB 10858 FOR 3RD READING VOL I-C .pdf,663,"[""Ilocos Norte · 1st District""]","[""Sandro Marcos""]","[{""place"": ""adams"", ""jurisdiction"": ""ilocos norte"", ""seats"": [""1st""]}]",[],[],Not independently verified,No plausible NEP title counterpart; review candidate,"Construction of Multi-Purpose Building, Barangay Baresbes, Dingras, Ilocos Norte"
HB10858-3-0663-010839,"Construction (Completion) of Multi-Purpose Building (Covered Court), Barangay Bucarot, Adams, Ilocos Norte, 18.393711666, 120.93449333",3000000,Ilocos Norte 1st District Engineering Office,Region I,3- HB 10858 FOR 3RD READING VOL I-C .pdf,663,"[""Ilocos Norte · 1st District""]","[""Sandro Marcos""]","[{""place"": ""adams"", ""jurisdiction"": ""ilocos norte"", ""seats"": [""1st""]}]",[],[],Not independently verified,No plausible NEP title counterpart; review candidate,"Construction (Completion) of Multi-purpose Building (Covered Court), Barangay Cabusay, Labo, Camarines Norte"
HB10858-3-0663-010840,"Rehabilitation of Multi-Purpose Building (Municipal Hall), Bacarra, Ilocos Norte, 18.25204333, 120.61103833",6700000,Ilocos Norte 1st District Engineering Office,Region I,3- HB 10858 FOR 3RD READING VOL I-C .pdf,663,"[""Ilocos Norte · 1st District""]","[""Sandro Marcos""]","[{""place"": ""bacarra"", ""jurisdiction"": ""ilocos norte"", ""seats"": [""1st""]}]",[],[],Not independently verified,No plausible NEP title counterpart; review candidate,"Rehabilation of Multi-Purpose Building (Dapa Municipal Gymnasuim), Dapa, Siargao Island, Surigao del Norte"
HB10858-3-0663-010841,"Construction of Multi-Purpose Building, Barangay Pasngal, Bacarra, Ilocos Norte, 18.27879333, 120.59634166",5000000,Ilocos Norte 1st District Engineering Office,Region I,3- HB 10858 FOR 3RD READING VOL I-C .pdf,663,"[""Ilocos Norte · 1st District""]","[""Sandro Marcos""]","[{""place"": ""bacarra"", ""jurisdiction"": ""ilocos norte"", ""seats"": [""1st""]}]",[],[],Not independently verified,No plausible NEP title counterpart; review candidate,"Construction of Multi-Purpose Building, Barangay Poblacion, Nueva Era, Ilocos Norte"
HB10858-3-0663-010842,"Construction of Multi-Purpose Building, Barangay 12 Sta. Filomena II, Bacarra, Ilocos Norte, 18.248641, 120.616899",5000000,Ilocos Norte 1st District Engineering Office,Region I,3- HB 10858 FOR 3RD READING VOL I-C .pdf,663,"[""Ilocos Norte · 1st District""]","[""Sandro Marcos""]","[{""place"": ""bacarra"", ""jurisdiction"": ""ilocos norte"", ""seats"": [""1st""]}]",[],[],Not independently verified,No plausible NEP title counterpart; review candidate,"Construction of Multi-Purpose Building, Barangay Baresbes, Dingras, Ilocos Norte"
HB10858-3-0663-010843,"Construction of Multi-Purpose Building (Covered Court), Barangay San Andres I, Bacarra, Ilocos Norte, 18.254615, 120.61475833",5000000,Ilocos Norte 1st District Engineering Office,Region I,3- HB 10858 FOR 3RD READING VOL I-C .pdf,663,"[""Ilocos Norte · 1st District""]","[""Sandro Marcos""]","[{""place"": ""bacarra"", ""jurisdiction"": ""ilocos norte"", ""seats"": [""1st""]}]",[],[],Not independently verified,No plausible NEP title counterpart; review candidate,"Construction of Multi-Purpose Building (Covered Court), Barangay Sta. Rita, Paoay, Ilocos Norte"
HB10858-3-0663-010844,"Construction of Multi-Purpose Building, Barangay San Andres II, Bacarra, Ilocos Norte, 18.2539529, 120.6104609",5000000,Ilocos Norte 1st District Engineering Office,Region I,3- HB 10858 FOR 3RD READING VOL I-C .pdf,663,"[""Ilocos Norte · 1st District""]","[""Sandro Marcos""]","[{""place"": ""bacarra"", ""jurisdiction"": ""ilocos norte"", ""seats"": [""1st""]}]",[],[],Not independently verified,No plausible NEP title counterpart; review candidate,"Construction of Multi-Purpose Building, Barangay Baresbes, Dingras, Ilocos Norte"
HB10858-3-0663-010845,"Construction of Multi-Purpose Building, Barangay San Agustin II, Bacarra, Ilocos Norte, 18.255101666, 120.60511833",5000000,Ilocos Norte 1st District Engineering Office,Region I,3- HB 10858 FOR 3RD READING VOL I-C .pdf,663,"[""Ilocos Norte · 1st District""]","[""Sandro Marcos""]","[{""place"": ""bacarra"", ""jurisdiction"": ""ilocos norte"", ""seats"": [""1st""]}]",[],[],Not independently verified,No plausible NEP title counterpart; review candidate,"Construction of Multi-Purpose Building (Barangay Hall) Barangay Bugasi, Banna, Ilocos Norte"
HB10858-3-0663-010846,"Construction of Multi-Purpose Building, Barangay San Vicente, Bacarra, Ilocos Norte, 18.25678, 120.605696",5000000,Ilocos Norte 1st District Engineering Office,Region I,3- HB 10858 FOR 3RD READING VOL I-C .pdf,663,"[""Ilocos Norte · 1st District""]","[""Sandro Marcos""]","[{""place"": ""bacarra"", ""jurisdiction"": ""ilocos norte"", ""seats"": [""1st""]}]",[],[],Not independently verified,No plausible NEP title counterpart; review candidate,"Construction of Multi-Purpose Building Barangay Fabrica San Vicente, Camarines Norte"
HB10858-3-0663-010847,"Construction/Rehabilitation of Multi-Purpose Building, Barangay San Gabriel I, Bacarra, Ilocos Norte, 18.252849, 120.618270",5000000,Ilocos Norte 1st District Engineering Office,Region I,3- HB 10858 FOR 3RD READING VOL I-C .pdf,663,"[""Ilocos Norte · 1st District""]","[""Sandro Marcos""]","[{""place"": ""bacarra"", ""jurisdiction"": ""ilocos norte"", ""seats"": [""1st""]}]",[],[],Not independently verified,No plausible NEP title counterpart; review candidate,"Construction of Multi-Purpose Building (Barangay Hall) Barangay Bugasi, Banna, Ilocos Norte"
HB10858-3-0663-010848,"Construction of Multi-Purpose Building, Barangay San Roque II, Bacarra, Ilocos Norte, 18.2472, 120.6205",5000000,Ilocos Norte 1st District Engineering Office,Region I,3- HB 10858 FOR 3RD READING VOL I-C .pdf,663,"[""Ilocos Norte · 1st District""]","[""Sandro Marcos""]","[{""place"": ""bacarra"", ""jurisdiction"": ""ilocos norte"", ""seats"": [""1st""]}]",[],[],Not independently verified,No plausible NEP title counterpart; review candidate,"Construction of Multi-Purpose Building, Barangay San Roque, Luisiana, Laguna"
HB10858-3-0663-010849,"Construction of Multi-Purpose Building, Barangay Sto. Cristo I, Bacarra, Ilocos Norte, 18.251596, 120.620769",5000000,Ilocos Norte 1st District Engineering Office,Region I,3- HB 10858 FOR 3RD READING VOL I-C .pdf,663,"[""Ilocos Norte · 1st District""]","[""Sandro Marcos""]","[{""place"": ""bacarra"", ""jurisdiction"": ""ilocos norte"", ""seats"": [""1st""]}]",[],[],Not independently verified,No plausible NEP title counterpart; review candidate,"Construction of Multi-Purpose Building, Barangay Poblacion, Nueva Era, Ilocos Norte"
HB10858-3-0663-010850,"Construction of Multi-Purpose Building, Barangay Sto. Cristo II, Bacarra, Ilocos Norte, 18.252573, 120.619079",5000000,Ilocos Norte 1st District Engineering Office,Region I,3- HB 10858 FOR 3RD READING VOL I-C .pdf,663,"[""Ilocos Norte · 1st District""]","[""Sandro Marcos""]","[{""place"": ""bacarra"", ""jurisdiction"": ""ilocos norte"", ""seats"": [""1st""]}]",[],[],Not independently verified,No plausible NEP title counterpart; review candidate,"Construction of Multi-Purpose Building, Barangay Poblacion, Nueva Era, Ilocos Norte"
HB10858-3-0663-010851,"Construction of Multi-Purpose Building, Barangay 27 Duripes, Bacarra, Ilocos Norte, 18.284596, 120.619401",5000000,Ilocos Norte 1st District Engineering Office,Region I,3- HB 10858 FOR 3RD READING VOL I-C .pdf,663,"[""Ilocos Norte · 1st District""]","[""Sandro Marcos""]","[{""place"": ""bacarra"", ""jurisdiction"": ""ilocos norte"", ""seats"": [""1st""]}]",[],[],Not independently verified,No plausible NEP title counterpart; review candidate,"Construction of Multi-Purpose Building, Barangay Baresbes, Dingras, Ilocos Norte"
HB10858-3-0664-010852,"Construction (Completion) of Multi-Purpose Building, Bacarra National Comprehensive High School, Bacarra, Ilocos Norte, 18.248055, 120.6133849",35000000,Ilocos Norte 1st District Engineering Office,Region I,3- HB 10858 FOR 3RD READING VOL I-C .pdf,664,"[""Ilocos Norte · 1st District""]","[""Sandro Marcos""]","[{""place"": ""bacarra"", ""jurisdiction"": ""ilocos norte"", ""seats"": [""1st""]}]",[],[],Not independently verified,No plausible NEP title counterpart; review candidate,"Construction of Multi-Purpose Building, Barangay Poblacion, Nueva Era, Ilocos Norte"
HB10858-3-0664-010853,"Construction of Multi-Purpose Building, (Department of Migrant Workers), Barangay 1, Bacarra, Ilocos Norte, 18.24930833, 120.61015166",26300000,Ilocos Norte 1st District Engineering Office,Region I,3- HB 10858 FOR 3RD READING VOL I-C .pdf,664,"[""Ilocos Norte · 1st District""]","[""Sandro Marcos""]","[{""place"": ""bacarra"", ""jurisdiction"": ""ilocos norte"", ""seats"": [""1st""]}]",[],[],Not independently verified,No plausible NEP title counterpart; review candidate,"Construction of Multi-Purpose Building (Barangay Hall) Barangay Bugasi, Banna, Ilocos Norte"
HB10858-3-0664-010854,"Construction (Completion) of Multi-Purpose Building, Barangay 15, San Roque I, Bacarra, Ilocos Norte, 18.246599, 120.617743",3000000,Ilocos Norte 1st District Engineering Office,Region I,3- HB 10858 FOR 3RD READING VOL I-C .pdf,664,"[""Ilocos Norte · 1st District""]","[""Sandro Marcos""]","[{""place"": ""bacarra"", ""jurisdiction"": ""ilocos norte"", ""seats"": [""1st""]}]",[],[],Not independently verified,No plausible NEP title counterpart; review candidate,"Construction (Completion) of Multi-Purpose Building, Barangay San Roque Ilaya, Calauag, Quezon"
HB10858-3-0664-010855,"Construction of Multi-Purpose Building (Covered Court), Barangay Teppang, Bacarra, Ilocos Norte, 18.275473, 120.616776",5000000,Ilocos Norte 1st District Engineering Office,Region I,3- HB 10858 FOR 3RD READING VOL I-C .pdf,664,"[""Ilocos Norte · 1st District""]","[""Sandro Marcos""]","[{""place"": ""bacarra"", ""jurisdiction"": ""ilocos norte"", ""seats"": [""1st""]}]",[],[],Not independently verified,No plausible NEP title counterpart; review candidate,"Construction of Multi-Purpose Building (Covered Court) Barangay Paratong, Paoay, Ilocos Norte"
HB10858-3-0664-010856,"Construction of Multi-Purpose Building (Covered Court), Barangay 27-A Pungto, Bacarra, Ilocos Norte, 18.290685, 120.611219",5000000,Ilocos Norte 1st District Engineering Office,Region I,3- HB 10858 FOR 3RD READING VOL I-C .pdf,664,"[""Ilocos Norte · 1st District""]","[""Sandro Marcos""]","[{""place"": ""bacarra"", ""jurisdiction"": ""ilocos norte"", ""seats"": [""1st""]}]",[],[],Not independently verified,No plausible NEP title counterpart; review candidate,"Construction of Multi-Purpose Building (Covered Court), Barangay Sta. Rita, Paoay, Ilocos Norte"
HB10858-3-0664-010857,"Construction (Completion) of Multi-Purpose Building, Barangay 19-A Tambidao, Bacarra, Ilocos Norte, 18.258061, 120.632566",3000000,Ilocos Norte 1st District Engineering Office,Region I,3- HB 10858 FOR 3RD READING VOL I-C .pdf,664,"[""Ilocos Norte · 1st District""]","[""Sandro Marcos""]","[{""place"": ""bacarra"", ""jurisdiction"": ""ilocos norte"", ""seats"": [""1st""]}]",[],[],Not independently verified,No plausible NEP title counterpart; review candidate,"Construction of Multi-Purpose Building, Barangay Baresbes, Dingras, Ilocos Norte"
HB10858-3-0664-010858,"Construction/Rehabilitation of Multi-Purpose Building (BUSAN), Bacarra, Ilocos Norte, 18.252284, 120.619583",5000000,Ilocos Norte 1st District Engineering Office,Region I,3- HB 10858 FOR 3RD READING VOL I-C .pdf,664,"[""Ilocos Norte · 1st District""]","[""Sandro Marcos""]","[{""place"": ""bacarra"", ""jurisdiction"": ""ilocos norte"", ""seats"": [""1st""]}]",[],[],Not independently verified,No plausible NEP title counterpart; review candidate,"Construction of Multi-Purpose Building, Barangay Baresbes, Dingras, Ilocos Norte"
HB10858-3-0664-010859,"Construction (Completion) of Multi-Purpose Building (Evacuation Center), Bacarra, Ilocos Norte, 18.249305, 120.610216",5000000,Ilocos Norte 1st District Engineering Office,Region I,3- HB 10858 FOR 3RD READING VOL I-C .pdf,664,"[""Ilocos Norte · 1st District""]","[""Sandro Marcos""]","[{""place"": ""bacarra"", ""jurisdiction"": ""ilocos norte"", ""seats"": [""1st""]}]",[],[],Not independently verified,No plausible NEP title counterpart; review candidate,"Construction of Multi-Purpose Building (Evacuation Center) Baroy, Lanao del Norte"
HB10858-3-0664-010860,"Construction (Completion) of Multi-Purpose Building (Covered Court), Parang Elementary School, Barangay Duripes, Bacarra, Ilocos Norte, 18.278999, 120.612842",3000000,Ilocos Norte 1st District Engineering Office,Region I,3- HB 10858 FOR 3RD READING VOL I-C .pdf,664,"[""Ilocos Norte · 1st District""]","[""Sandro Marcos""]","[{""place"": ""bacarra"", ""jurisdiction"": ""ilocos norte"", ""seats"": [""1st""]}]",[],[],Not independently verified,No plausible NEP title counterpart; review candidate,"Construction (Completion) of Multi-Purpose Building, Covered Court/ Evacuation Center at Barangay Loctuga, Libacao, Aklan"
HB10858-3-0664-010861,"Construction of Multi-Purpose Building, Libtong-Apaleng Primary School, Barangay 21, Bacarra, Ilocos Norte, 18.266708, 120.614137",5000000,Ilocos Norte 1st District Engineering Office,Region I,3- HB 10858 FOR 3RD READING VOL I-C .pdf,664,"[""Ilocos Norte · 1st District""]","[""Sandro Marcos""]","[{""place"": ""bacarra"", ""jurisdiction"": ""ilocos norte"", ""seats"": [""1st""]}]",[],[],Not independently verified,No plausible NEP title counterpart; review candidate,"Construction of Multi-Purpose Building (Barangay Hall) Barangay Bugasi, Banna, Ilocos Norte"
HB10858-3-0664-010862,"Construction (Completion) of Multi-Purpose Building, Barangay San Simon I, Bacarra, Ilocos Norte, 18.253635, 120.606164",5000000,Ilocos Norte 1st District Engineering Office,Region I,3- HB 10858 FOR 3RD READING VOL I-C .pdf,664,"[""Ilocos Norte · 1st District""]","[""Sandro Marcos""]","[{""place"": ""bacarra"", ""jurisdiction"": ""ilocos norte"", ""seats"": [""1st""]}]",[],[],Not independently verified,No plausible NEP title counterpart; review candidate,"Construction (Completion) of Multi-Purpose Building, Barangay San Jose Norte I, Mallig, Isabela"
HB10858-3-0664-010863,"Construction (Completion) of Multi-Purpose Building (Covered Court), Barangay San Agustin I, Bacarra, Ilocos Norte, 18.255351, 120.602341",5000000,Ilocos Norte 1st District Engineering Office,Region I,3- HB 10858 FOR 3RD READING VOL I-C .pdf,664,"[""Ilocos Norte · 1st District""]","[""Sandro Marcos""]","[{""place"": ""bacarra"", ""jurisdiction"": ""ilocos norte"", ""seats"": [""1st""]}]",[],[],Not independently verified,No plausible NEP title counterpart; review candidate,"Construction of Multi-Purpose Building (Covered Court), Barangay San Agustin, Castillejos, Zambales (14.932335, 120.196559)"
HB10858-3-0664-010864,"Construction/Completion of Multi-Purpose Building (Covered Court), Barangay San Gabriel II, Bacarra, Ilocos Norte, 18.253899, 120.617244",2000000,Ilocos Norte 1st District Engineering Office,Region I,3- HB 10858 FOR 3RD READING VOL I-C .pdf,664,"[""Ilocos Norte · 1st District""]","[""Sandro Marcos""]","[{""place"": ""bacarra"", ""jurisdiction"": ""ilocos norte"", ""seats"": [""1st""]}]",[],[],Not independently verified,No plausible NEP title counterpart; review candidate,"Construction (Completion) of Multi-purpose Building (Covered Court), Barangay Cabusay, Labo, Camarines Norte"
HB10858-3-0664-010865,"Construction of Multi-Purpose Building, Buyon Elementary School, Bacarra, Ilocos Norte, 18.234890, 120.615840",5000000,Ilocos Norte 1st District Engineering Office,Region I,3- HB 10858 FOR 3RD READING VOL I-C .pdf,664,"[""Ilocos Norte · 1st District""]","[""Sandro Marcos""]","[{""place"": ""bacarra"", ""jurisdiction"": ""ilocos norte"", ""seats"": [""1st""]}]",[],[],Not independently verified,No plausible NEP title counterpart; review candidate,"Construction of Multi-Purpose Building, Barangay Baresbes, Dingras, Ilocos Norte"
HB10858-3-0664-010866,"Construction of Multi-Purpose Building, Barangay Abaca, Bangui, Ilocos Norte, 18.53201, 120.756670",5000000,Ilocos Norte 1st District Engineering Office,Region I,3- HB 10858 FOR 3RD READING VOL I-C .pdf,664,"[""Ilocos Norte · 1st District""]","[""Sandro Marcos""]","[{""place"": ""bangui"", ""jurisdiction"": ""ilocos norte"", ""seats"": [""1st""]}]",[],[],Not independently verified,No plausible NEP title counterpart; review candidate,"Construction of Multi-Purpose Building, Barangay Baresbes, Dingras, Ilocos Norte"
HB10858-3-0664-010867,"Construction of Multi-Purpose Building, Barangay Baruyen, Bangui, Ilocos Norte, 18.516322, 120.707442",5000000,Ilocos Norte 1st District Engineering Office,Region I,3- HB 10858 FOR 3RD READING VOL I-C .pdf,664,"[""Ilocos Norte · 1st District""]","[""Sandro Marcos""]","[{""place"": ""bangui"", ""jurisdiction"": ""ilocos norte"", ""seats"": [""1st""]}]",[],[],Not independently verified,No plausible NEP title counterpart; review candidate,"Construction of Multi-Purpose Building, Barangay Baresbes, Dingras, Ilocos Norte"
HB10858-3-0664-010868,"Construction of Multi-Purpose Building, Barangay Utol, Bangui, Ilocos Norte",5000000,Ilocos Norte 1st District Engineering Office,Region I,3- HB 10858 FOR 3RD READING VOL I-C .pdf,664,"[""Ilocos Norte · 1st District""]","[""Sandro Marcos""]","[{""place"": ""bangui"", ""jurisdiction"": ""ilocos norte"", ""seats"": [""1st""]}]",[],[],Not independently verified,Multiple or already paired NEP counterparts; review scope,"Construction of Multi-Purpose Building, Barangay Baresbes, Dingras, Ilocos Norte"
HB10858-3-0664-010869,"Rehabilitation of Multi-Purpose Building (Covered Court), Bangui, Ilocos Norte, 18.537013, 120.764944",10000000,Ilocos Norte 1st District Engineering Office,Region I,3- HB 10858 FOR 3RD READING VOL I-C .pdf,664,"[""Ilocos Norte · 1st District""]","[""Sandro Marcos""]","[{""place"": ""bangui"", ""jurisdiction"": ""ilocos norte"", ""seats"": [""1st""]}]",[],[],Not independently verified,No plausible NEP title counterpart; review candidate,"Rehabilitation of Multi-Purpose Building (Covered court), Barangay Puting Buhangin, Orion, Bataan (14.583590, 120.590529)"
HB10858-3-0664-010870,"Construction of Multi Purpose building (Covered Court), Barangay Payac, Bangui, Ilocos Norte, 18.487072, 120.720286",5000000,Ilocos Norte 1st District Engineering Office,Region I,3- HB 10858 FOR 3RD READING VOL I-C .pdf,664,"[""Ilocos Norte · 1st District""]","[""Sandro Marcos""]","[{""place"": ""bangui"", ""jurisdiction"": ""ilocos norte"", ""seats"": [""1st""]}]",[],[],Not independently verified,No plausible NEP title counterpart; review candidate,"Construction of Multi-Purpose Building (Covered Court) Barangay Paratong, Paoay, Ilocos Norte"
HB10858-3-0665-010871,"Construction of Multi Purpose building (Covered Court), Barangay Bacsil, Bangui, Ilocos Norte, 18.528364, 120.769249",5000000,Ilocos Norte 1st District Engineering Office,Region I,3- HB 10858 FOR 3RD READING VOL I-C .pdf,665,"[""Ilocos Norte · 1st District""]","[""Sandro Marcos""]","[{""place"": ""bangui"", ""jurisdiction"": ""ilocos norte"", ""seats"": [""1st""]}]",[],[],Not independently verified,No plausible NEP title counterpart; review candidate,"Construction of Multi-Purpose Building (Covered Court), Barangay Cabuusan, Currimao, Ilocos Norte"
HB10858-3-0665-010872,"Construction/Completion of 3 Units ofMulti-Purpose Building, TESDA, Bangui, Ilocos Norte, Bldg 1 - 18.517154, 120.738935, Bldg. 2 - 18.517351, 120.739431, Bldg 3 - 18.517135, 120.738898",33000000,Ilocos Norte 1st District Engineering Office,Region I,3- HB 10858 FOR 3RD READING VOL I-C .pdf,665,"[""Ilocos Norte · 1st District""]","[""Sandro Marcos""]","[{""place"": ""bangui"", ""jurisdiction"": ""ilocos norte"", ""seats"": [""1st""]}]",[],[],Not independently verified,No plausible NEP title counterpart; review candidate,"Construction (Completion) of Multi-Purpose Building, Purok 18, Ising, Carmen, Davao del Norte"
HB10858-3-0665-010873,"Rehabilitation of Multi-Purpose Building, Sanguniang Bayan Building, Bangui, Ilocos Norte, 18.537243, 120.765420",10000000,Ilocos Norte 1st District Engineering Office,Region I,3- HB 10858 FOR 3RD READING VOL I-C .pdf,665,"[""Ilocos Norte · 1st District""]","[""Sandro Marcos""]","[{""place"": ""bangui"", ""jurisdiction"": ""ilocos norte"", ""seats"": [""1st""]}]",[],[],Not independently verified,No plausible NEP title counterpart; review candidate,"Rehabilitation of Multi-Purpose Building, Lumang Bayan, Plaridel, Bulacan (120.853664, 14.895532)"
HB10858-3-0665-010874,"Rehabilitation of Multi-Purpose Building (Municipal Hall), Bangui, Ilocos Norte, 18.536945, 120.765563",30000000,Ilocos Norte 1st District Engineering Office,Region I,3- HB 10858 FOR 3RD READING VOL I-C .pdf,665,"[""Ilocos Norte · 1st District""]","[""Sandro Marcos""]","[{""place"": ""bangui"", ""jurisdiction"": ""ilocos norte"", ""seats"": [""1st""]}]",[],[],Not independently verified,No plausible NEP title counterpart; review candidate,"Construction of Multi-Purpose Building (Barangay Hall) Barangay Bugasi, Banna, Ilocos Norte"
HB10858-3-0665-010875,"Rehabilitation of Multi-Purpose Building (Covered Court), including Site Development, MMSU Bangui Campus, Bangui, Ilocos Norte, 18.534272, 120.769195",40000000,Ilocos Norte 1st District Engineering Office,Region I,3- HB 10858 FOR 3RD READING VOL I-C .pdf,665,"[""Ilocos Norte · 1st District""]","[""Sandro Marcos""]","[{""place"": ""bangui"", ""jurisdiction"": ""ilocos norte"", ""seats"": [""1st""]}]",[],[],Not independently verified,No plausible NEP title counterpart; review candidate,"Rehabilitation of Multi-Purpose Building (Covered court), Barangay Puting Buhangin, Orion, Bataan (14.583590, 120.590529)"
HB10858-3-0665-010876,"Construction of Multi-Purpose Building(Municipal Hall), Burgos, Ilocos Norte, 18.511751, 120.644715",20000000,Ilocos Norte 1st District Engineering Office,Region I,3- HB 10858 FOR 3RD READING VOL I-C .pdf,665,"[""Ilocos Norte · 1st District""]","[""Sandro Marcos""]","[{""place"": ""burgos"", ""jurisdiction"": ""ilocos norte"", ""seats"": [""1st""]}]",[],[],Not independently verified,No plausible NEP title counterpart; review candidate,"Construction of Multi-Purpose Building (Barangay Hall) Barangay Root, Dingras, Ilocos Norte"
HB10858-3-0665-010877,"Rehabilitation of Multi-Purpose Building, Barangay Paayas, Burgos, Ilocos Norte",5000000,Ilocos Norte 1st District Engineering Office,Region I,3- HB 10858 FOR 3RD READING VOL I-C .pdf,665,"[""Ilocos Norte · 1st District""]","[""Sandro Marcos""]","[{""place"": ""burgos"", ""jurisdiction"": ""ilocos norte"", ""seats"": [""1st""]}]",[],[],Not independently verified,No plausible NEP title counterpart; review candidate,"Construction of Multi-Purpose Building, Barangay Baresbes, Dingras, Ilocos Norte"
HB10858-3-0665-010878,"Construction (Completion) of Multi-Purpose Building, Barangay Poblacion, Burgos, Ilocos Norte, 18.513338, 120.647728",5000000,Ilocos Norte 1st District Engineering Office,Region I,3- HB 10858 FOR 3RD READING VOL I-C .pdf,665,"[""Ilocos Norte · 1st District""]","[""Sandro Marcos""]","[{""place"": ""burgos"", ""jurisdiction"": ""ilocos norte"", ""seats"": [""1st""]}]",[],[],Not independently verified,No plausible NEP title counterpart; review candidate,"Construction of Multi-Purpose Building, Barangay Poblacion, Nueva Era, Ilocos Norte"
HB10858-3-0665-010879,"Construction (Completion) of Multi-Purpose Building (Covered Court), Barangay Virbira, Carasi, Ilocos Norte, 18.153493, 120.792433",2000000,Ilocos Norte 1st District Engineering Office,Region I,3- HB 10858 FOR 3RD READING VOL I-C .pdf,665,"[""Ilocos Norte · 1st District""]","[""Sandro Marcos""]","[{""place"": ""carasi"", ""jurisdiction"": ""ilocos norte"", ""seats"": [""1st""]}]",[],[],Not independently verified,No plausible NEP title counterpart; review candidate,"Construction (Completion) of Multi-purpose Building (Covered Court), Barangay Cabusay, Labo, Camarines Norte"
HB10858-3-0665-010880,"Rehabilitation of Multi-Purpose Building, Barangay 2, Virbira, Carasi, Ilocos Norte",5000000,Ilocos Norte 1st District Engineering Office,Region I,3- HB 10858 FOR 3RD READING VOL I-C .pdf,665,"[""Ilocos Norte · 1st District""]","[""Sandro Marcos""]","[{""place"": ""carasi"", ""jurisdiction"": ""ilocos norte"", ""seats"": [""1st""]}]",[],[],Not independently verified,No plausible NEP title counterpart; review candidate,"Construction of Multi-Purpose Building, Barangay Baresbes, Dingras, Ilocos Norte"
HB10858-3-0665-010881,"Rehabilitation of Multi-Purpose Building (Covered Court), Carasi, Ilocos Norte",5000000,Ilocos Norte 1st District Engineering Office,Region I,3- HB 10858 FOR 3RD READING VOL I-C .pdf,665,"[""Ilocos Norte · 1st District""]","[""Sandro Marcos""]","[{""place"": ""carasi"", ""jurisdiction"": ""ilocos norte"", ""seats"": [""1st""]}]",[],[],Not independently verified,No plausible NEP title counterpart; review candidate,"Rehabilitation of Multi-Purpose Building (Covered Court), Barangay Masao, Butuan City, Agusan del Norte"
HB10858-3-0665-010882,"Construction (Completion) of Multi-Purpose Building, (Covered Court), Barangay Virbira, Carasi, Ilocos Norte",3000000,Ilocos Norte 1st District Engineering Office,Region I,3- HB 10858 FOR 3RD READING VOL I-C .pdf,665,"[""Ilocos Norte · 1st District""]","[""Sandro Marcos""]","[{""place"": ""carasi"", ""jurisdiction"": ""ilocos norte"", ""seats"": [""1st""]}]",[],[],Not independently verified,Multiple or already paired NEP counterparts; review scope,"Construction (Completion) of Multi-purpose Building (Covered Court), Barangay Cabusay, Labo, Camarines Norte"
HB10858-3-0665-010883,"Construction of Multi-Purpose Building, (BFP Building), Carasi, Ilocos Norte",10500000,Ilocos Norte 1st District Engineering Office,Region I,3- HB 10858 FOR 3RD READING VOL I-C .pdf,665,"[""Ilocos Norte · 1st District""]","[""Sandro Marcos""]","[{""place"": ""carasi"", ""jurisdiction"": ""ilocos norte"", ""seats"": [""1st""]}]",[],[],Not independently verified,Multiple or already paired NEP counterparts; review scope,"Construction of Multi-Purpose Building (INSPIRE BUILDING), Laoag City, Ilocos Norte"
HB10858-3-0665-010884,"Construction (Completion) of Multi-Purpose Building, Barangay 20 San Miguel, Laoag City, Ilocos Norte",2000000,Ilocos Norte 1st District Engineering Office,Region I,3- HB 10858 FOR 3RD READING VOL I-C .pdf,665,"[""Ilocos Norte · 1st District""]","[""Sandro Marcos""]","[{""place"": ""laoag"", ""jurisdiction"": ""ilocos norte"", ""seats"": [""1st""]}]",[],[],Not independently verified,Multiple or already paired NEP counterparts; review scope,"Construction (Completion) of Multi-Purpose Building, Barangay San Miguel, Burgos, Isabela"
HB10858-3-0665-010885,"Construction of Multi-Purpose Building (Extension Building), Department of Education (DepEd) - Schools Division of Laoag City, Laoag City, Ilocos Norte",10000000,Ilocos Norte 1st District Engineering Office,Region I,3- HB 10858 FOR 3RD READING VOL I-C .pdf,665,"[""Ilocos Norte · 1st District""]","[""Sandro Marcos""]","[{""place"": ""laoag"", ""jurisdiction"": ""ilocos norte"", ""seats"": [""1st""]}]",[],[],Not independently verified,No plausible NEP title counterpart; review candidate,"Construction of Multi-Purpose Building, Department of Education - Division of Lipa City, Barangay Talisay, Lipa City, Batangas"
HB10858-3-0665-010886,"Construction/Rehabilitation/Completion of Multi-Purpose Building, Barangay 58 Casili, Laoag City, Ilocos Norte",2000000,Ilocos Norte 1st District Engineering Office,Region I,3- HB 10858 FOR 3RD READING VOL I-C .pdf,665,"[""Ilocos Norte · 1st District""]","[""Sandro Marcos""]","[{""place"": ""laoag"", ""jurisdiction"": ""ilocos norte"", ""seats"": [""1st""]}]",[],[],Not independently verified,No plausible NEP title counterpart; review candidate,"Construction of Multi-Purpose Building, Barangay Naguilian, Nueva Era, Ilocos Norte"
HB10858-3-0665-010887,"Construction of Multi-Purpose Building, Barangay 37 Calayab, Laoag City, Ilocos Norte",5000000,Ilocos Norte 1st District Engineering Office,Region I,3- HB 10858 FOR 3RD READING VOL I-C .pdf,665,"[""Ilocos Norte · 1st District""]","[""Sandro Marcos""]","[{""place"": ""laoag"", ""jurisdiction"": ""ilocos norte"", ""seats"": [""1st""]}]",[],[],Not independently verified,No plausible NEP title counterpart; review candidate,"Construction of Multi-Purpose Building (INSPIRE BUILDING), Laoag City, Ilocos Norte"
HB10858-3-0665-010888,"Construction of Multi-Purpose Building (Aviation Security Unit Headquarters Building), Laoag International Airport, Laoag City, Ilocos Norte",30000000,Ilocos Norte 1st District Engineering Office,Region I,3- HB 10858 FOR 3RD READING VOL I-C .pdf,665,"[""Ilocos Norte · 1st District""]","[""Sandro Marcos""]","[{""place"": ""laoag"", ""jurisdiction"": ""ilocos norte"", ""seats"": [""1st""]}]",[],[],Not independently verified,No plausible NEP title counterpart; review candidate,"Construction of Multi-Purpose Building (INSPIRE BUILDING), Laoag City, Ilocos Norte"
HB10858-3-0666-010889,"Construction of Multi-Purpose Building, Barangay 3 Nuestra Señora del Rosario, Laoag City, Ilocos Norte",5000000,Ilocos Norte 1st District Engineering Office,Region I,3- HB 10858 FOR 3RD READING VOL I-C .pdf,666,"[""Ilocos Norte · 1st District""]","[""Sandro Marcos""]","[{""place"": ""laoag"", ""jurisdiction"": ""ilocos norte"", ""seats"": [""1st""]}]",[],[],Not independently verified,No plausible NEP title counterpart; review candidate,"Construction of Multi-Purpose Building (Covered Court), Barangay Sta. Rita, Paoay, Ilocos Norte"
HB10858-3-0666-010890,"Rehabilitation of Multi-Purpose Building, Bureau of Internal Revenue, Barangay 7B Nuestra Señora de Natividad, Laoag City, Ilocos Norte",5000000,Ilocos Norte 1st District Engineering Office,Region I,3- HB 10858 FOR 3RD READING VOL I-C .pdf,666,"[""Ilocos Norte · 1st District""]","[""Sandro Marcos""]","[{""place"": ""laoag"", ""jurisdiction"": ""ilocos norte"", ""seats"": [""1st""]}]",[],[],Not independently verified,No plausible NEP title counterpart; review candidate,"Construction of Multi-Purpose Building (Barangay Hall) Barangay Nangguyudan, Paoay, Ilocos Norte"
HB10858-3-0666-010891,"Construction (Completion) of Multi-Purpose Building (FEM Building), Camp Valentine, Barangay 23, Laoag City, Ilocos Norte",25000000,Ilocos Norte 1st District Engineering Office,Region I,3- HB 10858 FOR 3RD READING VOL I-C .pdf,666,"[""Ilocos Norte · 1st District""]","[""Sandro Marcos""]","[{""place"": ""laoag"", ""jurisdiction"": ""ilocos norte"", ""seats"": [""1st""]}]",[],[],Not independently verified,No plausible NEP title counterpart; review candidate,"Construction of Multi-Purpose Building (INSPIRE BUILDING), Laoag City, Ilocos Norte"
HB10858-3-0666-010892,"Construction of Multi-Purpose Building (Ilocos Norte Provincial Police Office Building - Indoor Firing Range), Camp Valentine, Barangay 23, Laoag City, Ilocos Norte",20000000,Ilocos Norte 1st District Engineering Office,Region I,3- HB 10858 FOR 3RD READING VOL I-C .pdf,666,"[""Ilocos Norte · 1st District""]","[""Sandro Marcos""]","[{""place"": ""laoag"", ""jurisdiction"": ""ilocos norte"", ""seats"": [""1st""]}]",[],[],Not independently verified,No plausible NEP title counterpart; review candidate,"Construction of Multi-Purpose Building (INSPIRE BUILDING), Laoag City, Ilocos Norte"
HB10858-3-0666-010893,"Construction (Completion) of Multi-Purpose Building, MMSU Laboratory High School, Barangay 5 San Pedro, Laoag City, Ilocos Norte",25000000,Ilocos Norte 1st District Engineering Office,Region I,3- HB 10858 FOR 3RD READING VOL I-C .pdf,666,"[""Ilocos Norte · 1st District""]","[""Sandro Marcos""]","[{""place"": ""laoag"", ""jurisdiction"": ""ilocos norte"", ""seats"": [""1st""]}]",[],[],Not independently verified,No plausible NEP title counterpart; review candidate,"Construction (Completion) of Multi-Purpose Building (Covered Court) Barangay Nueva, San Pedro City, Laguna"
HB10858-3-0666-010894,"Construction of Multi-Purpose Building, Barangay 55-A Barit-Pandan, Laoag City, Ilocos Norte",5000000,Ilocos Norte 1st District Engineering Office,Region I,3- HB 10858 FOR 3RD READING VOL I-C .pdf,666,"[""Ilocos Norte · 1st District""]","[""Sandro Marcos""]","[{""place"": ""laoag"", ""jurisdiction"": ""ilocos norte"", ""seats"": [""1st""]}]",[],[],Not independently verified,Multiple or already paired NEP counterparts; review scope,"Construction of Multi-Purpose Building (Barangay Hall) Barangay Nangguyudan, Paoay, Ilocos Norte"
HB10858-3-0666-010895,"Rehabilitation of Multi-Purpose Building, Barangay 56-A Bacsil North, Laoag City, Ilocos Norte",5000000,Ilocos Norte 1st District Engineering Office,Region I,3- HB 10858 FOR 3RD READING VOL I-C .pdf,666,"[""Ilocos Norte · 1st District""]","[""Sandro Marcos""]","[{""place"": ""laoag"", ""jurisdiction"": ""ilocos norte"", ""seats"": [""1st""]}]",[],[],Not independently verified,No plausible NEP title counterpart; review candidate,"Construction of Multi-Purpose Building, Barangay Baresbes, Dingras, Ilocos Norte"
HB10858-3-0666-010896,"Construction of Multi-Purpose Building, Barangay 28 San Bernabe, Laoag City, Ilocos Norte",5000000,Ilocos Norte 1st District Engineering Office,Region I,3- HB 10858 FOR 3RD READING VOL I-C .pdf,666,"[""Ilocos Norte · 1st District""]","[""Sandro Marcos""]","[{""place"": ""laoag"", ""jurisdiction"": ""ilocos norte"", ""seats"": [""1st""]}]",[],[],Not independently verified,No plausible NEP title counterpart; review candidate,"Construction of Multi-Purpose Building, Barangay Baresbes, Dingras, Ilocos Norte"
HB10858-3-0666-010897,"Rehabilitation/Completion of Multi-Purpose Building, Barangay Sta. Maria, Laoag City, Ilocos Norte",2000000,Ilocos Norte 1st District Engineering Office,Region I,3- HB 10858 FOR 3RD READING VOL I-C .pdf,666,"[""Ilocos Norte · 1st District""]","[""Sandro Marcos""]","[{""place"": ""laoag"", ""jurisdiction"": ""ilocos norte"", ""seats"": [""1st""]}]",[],[],Not independently verified,No plausible NEP title counterpart; review candidate,"Construction of Multi-Purpose Building (Covered Court), Barangay Sta. Rita, Paoay, Ilocos Norte"
HB10858-3-0666-010898,"Rehabilitation Of Multi Purpose Building, (BIR Building), Laoag City, Ilocos Norte",10000000,Ilocos Norte 1st District Engineering Office,Region I,3- HB 10858 FOR 3RD READING VOL I-C .pdf,666,"[""Ilocos Norte · 1st District""]","[""Sandro Marcos""]","[{""place"": ""laoag"", ""jurisdiction"": ""ilocos norte"", ""seats"": [""1st""]}]",[],[],Not independently verified,Multiple or already paired NEP counterparts; review scope,"Construction of Multi-Purpose Building (INSPIRE BUILDING), Laoag City, Ilocos Norte"
HB10858-3-0666-010899,"Rehabilitation Of Multi Purpose Building, (PNP-Laoag), Laoag City, Ilocos Norte",10000000,Ilocos Norte 1st District Engineering Office,Region I,3- HB 10858 FOR 3RD READING VOL I-C .pdf,666,"[""Ilocos Norte · 1st District""]","[""Sandro Marcos""]","[{""place"": ""laoag"", ""jurisdiction"": ""ilocos norte"", ""seats"": [""1st""]}]",[],[],Not independently verified,No plausible NEP title counterpart; review candidate,"Construction of Multi-Purpose Building (INSPIRE BUILDING), Laoag City, Ilocos Norte"
HB10858-3-0666-010900,"Construction Of Multi Purpose Building, (CGS Building), Laoag City, Ilocos Norte",15000000,Ilocos Norte 1st District Engineering Office,Region I,3- HB 10858 FOR 3RD READING VOL I-C .pdf,666,"[""Ilocos Norte · 1st District""]","[""Sandro Marcos""]","[{""place"": ""laoag"", ""jurisdiction"": ""ilocos norte"", ""seats"": [""1st""]}]",[],[],Not independently verified,Multiple or already paired NEP counterparts; review scope,"Construction of Multi-Purpose Building (INSPIRE BUILDING), Laoag City, Ilocos Norte"
HB10858-3-0666-010901,"Construction Of Multi Purpose Building, (BJMP Building including Fence), Laoag City, Ilocos Norte",35000000,Ilocos Norte 1st District Engineering Office,Region I,3- HB 10858 FOR 3RD READING VOL I-C .pdf,666,"[""Ilocos Norte · 1st District""]","[""Sandro Marcos""]","[{""place"": ""laoag"", ""jurisdiction"": ""ilocos norte"", ""seats"": [""1st""]}]",[],[],Not independently verified,Multiple or already paired NEP counterparts; review scope,"Construction of Multi-Purpose Building (INSPIRE BUILDING), Laoag City, Ilocos Norte"
HB10858-3-0666-010902,"Construction Of Multi Purpose Building, (DSWD Building), Laoag City, Ilocos Norte",35000000,Ilocos Norte 1st District Engineering Office,Region I,3- HB 10858 FOR 3RD READING VOL I-C .pdf,666,"[""Ilocos Norte · 1st District""]","[""Sandro Marcos""]","[{""place"": ""laoag"", ""jurisdiction"": ""ilocos norte"", ""seats"": [""1st""]}]",[],[],Not independently verified,Multiple or already paired NEP counterparts; review scope,"Construction of Multi-Purpose Building (INSPIRE BUILDING), Laoag City, Ilocos Norte"
HB10858-3-0666-010903,"Construction Of Multi Purpose Building, (Provincial Emergency Operations Center), Laoag City, Ilocos Norte",80000000,Ilocos Norte 1st District Engineering Office,Region I,3- HB 10858 FOR 3RD READING VOL I-C .pdf,666,"[""Ilocos Norte · 1st District""]","[""Sandro Marcos""]","[{""place"": ""laoag"", ""jurisdiction"": ""ilocos norte"", ""seats"": [""1st""]}]",[],[],Not independently verified,No plausible NEP title counterpart; review candidate,"Construction of Multi-Purpose Building (INSPIRE BUILDING), Laoag City, Ilocos Norte"
HB10858-3-0666-010904,"Construction/Rehabilitation of Multi Purpose Building, (DEP-ED SDOIN Building), Laoag City, Ilocos Norte",2000000,Ilocos Norte 1st District Engineering Office,Region I,3- HB 10858 FOR 3RD READING VOL I-C .pdf,666,"[""Ilocos Norte · 1st District""]","[""Sandro Marcos""]","[{""place"": ""laoag"", ""jurisdiction"": ""ilocos norte"", ""seats"": [""1st""]}]",[],[],Not independently verified,Multiple or already paired NEP counterparts; review scope,"Construction of Multi-Purpose Building (INSPIRE BUILDING), Laoag City, Ilocos Norte"
HB10858-3-0666-010905,"Construction/Rehabilitation of Multi Purpose Building including Fence, (LTO-Laoag), Laoag City, Ilocos Norte",10000000,Ilocos Norte 1st District Engineering Office,Region I,3- HB 10858 FOR 3RD READING VOL I-C .pdf,666,"[""Ilocos Norte · 1st District""]","[""Sandro Marcos""]","[{""place"": ""laoag"", ""jurisdiction"": ""ilocos norte"", ""seats"": [""1st""]}]",[],[],Not independently verified,No plausible NEP title counterpart; review candidate,"Construction of Multi-Purpose Building (INSPIRE BUILDING), Laoag City, Ilocos Norte"
HB10858-3-0666-010906,"Construction (Completion) of Multi-Purpose Building, (Covered Court - Muslim Compound), Barangay 1, Laoag City, Ilocos Norte",5000000,Ilocos Norte 1st District Engineering Office,Region I,3- HB 10858 FOR 3RD READING VOL I-C .pdf,666,"[""Ilocos Norte · 1st District""]","[""Sandro Marcos""]","[{""place"": ""laoag"", ""jurisdiction"": ""ilocos norte"", ""seats"": [""1st""]}]",[],[],Not independently verified,No plausible NEP title counterpart; review candidate,"Construction (Completion) of Multi-purpose Building (Covered Court), Barangay Cabusay, Labo, Camarines Norte"
HB10858-3-0666-010907,"Construction (Completion) of Multi-Purpose Building, TESDA Provincial Office, Laoag City, Ilocos Norte",10000000,Ilocos Norte 1st District Engineering Office,Region I,3- HB 10858 FOR 3RD READING VOL I-C .pdf,666,"[""Ilocos Norte · 1st District""]","[""Sandro Marcos""]","[{""place"": ""laoag"", ""jurisdiction"": ""ilocos norte"", ""seats"": [""1st""]}]",[],[],Not independently verified,No plausible NEP title counterpart; review candidate,"Construction of Multi-Purpose Building (INSPIRE BUILDING), Laoag City, Ilocos Norte"
HB10858-3-0666-010908,"Construction Of Multi Purpose Building, Barangay Lataag, Laoag City, Ilocos Norte",5000000,Ilocos Norte 1st District Engineering Office,Region I,3- HB 10858 FOR 3RD READING VOL I-C .pdf,666,"[""Ilocos Norte · 1st District""]","[""Sandro Marcos""]","[{""place"": ""laoag"", ""jurisdiction"": ""ilocos norte"", ""seats"": [""1st""]}]",[],[],Not independently verified,Multiple or already paired NEP counterparts; review scope,"Construction of Multi-Purpose Building (INSPIRE BUILDING), Laoag City, Ilocos Norte"
HB10858-3-0667-010909,"Construction (Completion) of Multi-Purpose Building, (Covered Court), Barangay 42 Apaya, Laoag City, Ilocos Norte",3620000,Ilocos Norte 1st District Engineering Office,Region I,3- HB 10858 FOR 3RD READING VOL I-C .pdf,667,"[""Ilocos Norte · 1st District""]","[""Sandro Marcos""]","[{""place"": ""laoag"", ""jurisdiction"": ""ilocos norte"", ""seats"": [""1st""]}]",[],[],Not independently verified,Multiple or already paired NEP counterparts; review scope,"Construction (Completion) of Multi-purpose Building (Covered Court), Barangay Cabusay, Labo, Camarines Norte"
HB10858-3-0667-010910,"Construction (Completion) of Multi-Purpose Building, Barangay 1 San Lorenzo, Laoag City, Ilocos Norte",3000000,Ilocos Norte 1st District Engineering Office,Region I,3- HB 10858 FOR 3RD READING VOL I-C .pdf,667,"[""Ilocos Norte · 1st District""]","[""Sandro Marcos""]","[{""place"": ""laoag"", ""jurisdiction"": ""ilocos norte"", ""seats"": [""1st""]}]",[],[],Not independently verified,No plausible NEP title counterpart; review candidate,"Construction of Multi-Purpose Building (Barangay Hall) Barangay Lorenzo, Banna, Ilocos Norte"
HB10858-3-0667-010911,"Construction/Rehabilitation/Completion of Multi-Purpose Building, Barangay 60-B Madiladig, Laoag City, Ilocos Norte",3000000,Ilocos Norte 1st District Engineering Office,Region I,3- HB 10858 FOR 3RD READING VOL I-C .pdf,667,"[""Ilocos Norte · 1st District""]","[""Sandro Marcos""]","[{""place"": ""laoag"", ""jurisdiction"": ""ilocos norte"", ""seats"": [""1st""]}]",[],[],Not independently verified,No plausible NEP title counterpart; review candidate,"Construction of Multi-Purpose Building (INSPIRE BUILDING), Laoag City, Ilocos Norte"
HB10858-3-0667-010912,"Construction of Multi-Purpose Building (Training Center), Barangay Talingaan, Laoag City, Ilocos Norte",5000000,Ilocos Norte 1st District Engineering Office,Region I,3- HB 10858 FOR 3RD READING VOL I-C .pdf,667,"[""Ilocos Norte · 1st District""]","[""Sandro Marcos""]","[{""place"": ""laoag"", ""jurisdiction"": ""ilocos norte"", ""seats"": [""1st""]}]",[],[],Not independently verified,No plausible NEP title counterpart; review candidate,"Construction of Multi-Purpose Building (Barangay Hall) Barangay Nangguyudan, Paoay, Ilocos Norte"
HB10858-3-0667-010913,"Construction of Multi-Purpose Building, PDEA Airport Interdiction Unit-Laoag International Airport, Laoag City, Ilocos Norte",5000000,Ilocos Norte 1st District Engineering Office,Region I,3- HB 10858 FOR 3RD READING VOL I-C .pdf,667,"[""Ilocos Norte · 1st District""]","[""Sandro Marcos""]","[{""place"": ""laoag"", ""jurisdiction"": ""ilocos norte"", ""seats"": [""1st""]}]",[],[],Not independently verified,No plausible NEP title counterpart; review candidate,"Construction of Multi-Purpose Building (INSPIRE BUILDING), Laoag City, Ilocos Norte"
HB10858-3-0667-010914,"Construction of Multi-Purpose Building (Covered Court), Barangay Suyo, Laoag City, Ilocos Norte",5000000,Ilocos Norte 1st District Engineering Office,Region I,3- HB 10858 FOR 3RD READING VOL I-C .pdf,667,"[""Ilocos Norte · 1st District""]","[""Sandro Marcos""]","[{""place"": ""laoag"", ""jurisdiction"": ""ilocos norte"", ""seats"": [""1st""]}]",[],[],Not independently verified,Multiple or already paired NEP counterparts; review scope,"Construction of Multi-Purpose Building (Covered Court), Barangay Sta. Rita, Paoay, Ilocos Norte"
HB10858-3-0667-010915,"Construction of Multi-Purpose Building, Barangay 10 San Jose, Laoag City, Ilocos Norte",5000000,Ilocos Norte 1st District Engineering Office,Region I,3- HB 10858 FOR 3RD READING VOL I-C .pdf,667,"[""Ilocos Norte · 1st District""]","[""Sandro Marcos""]","[{""place"": ""laoag"", ""jurisdiction"": ""ilocos norte"", ""seats"": [""1st""]}]",[],[],Not independently verified,No plausible NEP title counterpart; review candidate,"Construction of Multi-Purpose Building, Barangay Poblacion, Nueva Era, Ilocos Norte"
HB10858-3-0667-010916,"Construction (Completion) of Multi-Purpose Building, Barangay 11 Sta. Balbina, Laoag City, Ilocos Norte",2000000,Ilocos Norte 1st District Engineering Office,Region I,3- HB 10858 FOR 3RD READING VOL I-C .pdf,667,"[""Ilocos Norte · 1st District""]","[""Sandro Marcos""]","[{""place"": ""laoag"", ""jurisdiction"": ""ilocos norte"", ""seats"": [""1st""]}]",[],[],Not independently verified,No plausible NEP title counterpart; review candidate,"Construction of Multi-Purpose Building (Covered Court), Barangay Sta. Rita, Paoay, Ilocos Norte"
HB10858-3-0667-010917,"Construction of Multi-Purpose Building, Barangay 12 San Isidro, Laoag City, Ilocos Norte",5000000,Ilocos Norte 1st District Engineering Office,Region I,3- HB 10858 FOR 3RD READING VOL I-C .pdf,667,"[""Ilocos Norte · 1st District""]","[""Sandro Marcos""]","[{""place"": ""laoag"", ""jurisdiction"": ""ilocos norte"", ""seats"": [""1st""]}]",[],[],Not independently verified,No plausible NEP title counterpart; review candidate,"Construction of Multi-Purpose Building (Barangay Hall) Barangay Bugasi, Banna, Ilocos Norte"
HB10858-3-0667-010918,"Construction/Rehabilitation/Completion of Multi-Purpose Building, Barangay 14 Santo Tomas, Laoag City, Ilocos Norte",3000000,Ilocos Norte 1st District Engineering Office,Region I,3- HB 10858 FOR 3RD READING VOL I-C .pdf,667,"[""Ilocos Norte · 1st District""]","[""Sandro Marcos""]","[{""place"": ""laoag"", ""jurisdiction"": ""ilocos norte"", ""seats"": [""1st""]}]",[],[],Not independently verified,No plausible NEP title counterpart; review candidate,"Construction (Completion) of Multi-Purpose Building, Barangay Sto. Tomas, Naguilian, Isabela"
HB10858-3-0667-010919,"Rehabilitation of Multi-Purpose Building, Barangay 17 San Francisco, Laoag City, Ilocos Norte",5000000,Ilocos Norte 1st District Engineering Office,Region I,3- HB 10858 FOR 3RD READING VOL I-C .pdf,667,"[""Ilocos Norte · 1st District""]","[""Sandro Marcos""]","[{""place"": ""laoag"", ""jurisdiction"": ""ilocos norte"", ""seats"": [""1st""]}]",[],[],Not independently verified,No plausible NEP title counterpart; review candidate,"Construction of Multi-Purpose Building, Barangay San Francisco, General Trias City, Cavite"
HB10858-3-0667-010920,"Construction (Completion) of Multi-Purpose Building, Barangay 21 San Pedro, Laoag City, Ilocos Norte",2000000,Ilocos Norte 1st District Engineering Office,Region I,3- HB 10858 FOR 3RD READING VOL I-C .pdf,667,"[""Ilocos Norte · 1st District""]","[""Sandro Marcos""]","[{""place"": ""laoag"", ""jurisdiction"": ""ilocos norte"", ""seats"": [""1st""]}]",[],[],Not independently verified,No plausible NEP title counterpart; review candidate,"Construction (Completion) of Multi-Purpose Building at Bagong Silang, San Pedro City, Laguna"
HB10858-3-0667-010921,"Construction (Completion) of Multi-Purpose Building (Covered Court), Barangay 23 San Matias, Laoag City, Ilocos Norte",3000000,Ilocos Norte 1st District Engineering Office,Region I,3- HB 10858 FOR 3RD READING VOL I-C .pdf,667,"[""Ilocos Norte · 1st District""]","[""Sandro Marcos""]","[{""place"": ""laoag"", ""jurisdiction"": ""ilocos norte"", ""seats"": [""1st""]}]",[],[],Not independently verified,Multiple or already paired NEP counterparts; review scope,"Construction (Completion) of Multi-Purpose Building (Covered Court), Barangay Anticala, Butuan City, Agusan del Norte"
HB10858-3-0667-010922,"Construction of Multi-Purpose Building, Barangay 24 Nuestra Señora de Consolacion, Laoag City, Ilocos Norte",5000000,Ilocos Norte 1st District Engineering Office,Region I,3- HB 10858 FOR 3RD READING VOL I-C .pdf,667,"[""Ilocos Norte · 1st District""]","[""Sandro Marcos""]","[{""place"": ""laoag"", ""jurisdiction"": ""ilocos norte"", ""seats"": [""1st""]}]",[],[],Not independently verified,No plausible NEP title counterpart; review candidate,"Construction of Multi-Purpose Building, Barangay Poblacion, Nueva Era, Ilocos Norte"
HB10858-3-0667-010923,"Construction/Rehabilitation/Completion of Multi-Purpose Building (Covered Court), Barangay 26 San Mauricio, Laoag City, Ilocos Norte",3000000,Ilocos Norte 1st District Engineering Office,Region I,3- HB 10858 FOR 3RD READING VOL I-C .pdf,667,"[""Ilocos Norte · 1st District""]","[""Sandro Marcos""]","[{""place"": ""laoag"", ""jurisdiction"": ""ilocos norte"", ""seats"": [""1st""]}]",[],[],Not independently verified,No plausible NEP title counterpart; review candidate,"Construction (Completion) of Multi-Purpose Building (Covered Court), Barangay Anticala, Butuan City, Agusan del Norte"
HB10858-3-0667-010924,"Construction of Multi-Purpose Building, Barangay 32-B La Paz West, Laoag City, Ilocos Norte",5000000,Ilocos Norte 1st District Engineering Office,Region I,3- HB 10858 FOR 3RD READING VOL I-C .pdf,667,"[""Ilocos Norte · 1st District""]","[""Sandro Marcos""]","[{""place"": ""laoag"", ""jurisdiction"": ""ilocos norte"", ""seats"": [""1st""]}]",[],[],Not independently verified,No plausible NEP title counterpart; review candidate,"Construction of Multi-Purpose Building, Barangay Baresbes, Dingras, Ilocos Norte"
HB10858-3-0667-010925,"Construction of Multi-Purpose Building (Covered Court), Barangay 33-B, Laoag City, Ilocos Norte",5000000,Ilocos Norte 1st District Engineering Office,Region I,3- HB 10858 FOR 3RD READING VOL I-C .pdf,667,"[""Ilocos Norte · 1st District""]","[""Sandro Marcos""]","[{""place"": ""laoag"", ""jurisdiction"": ""ilocos norte"", ""seats"": [""1st""]}]",[],[],Not independently verified,Multiple or already paired NEP counterparts; review scope,"Construction of Multi-Purpose Building (Covered Court), Barangay Sta. Rita, Paoay, Ilocos Norte"
HB10858-3-0667-010926,"Construction of Multi-Purpose, Barangay 34-A Gabu Norte West, Laoag City, Ilocos Norte",5000000,Ilocos Norte 1st District Engineering Office,Region I,3- HB 10858 FOR 3RD READING VOL I-C .pdf,667,"[""Ilocos Norte · 1st District""]","[""Sandro Marcos""]","[{""place"": ""laoag"", ""jurisdiction"": ""ilocos norte"", ""seats"": [""1st""]}]",[],[],Not independently verified,No plausible NEP title counterpart; review candidate,"Construction of Multi-Purpose Building (INSPIRE BUILDING), Laoag City, Ilocos Norte"
HB10858-3-0667-010927,"Construction/Rehabilitation of Multi-Purpose Building (Day Care Center), Barangay 36 Araniw, Laoag City, Ilocos Norte",2000000,Ilocos Norte 1st District Engineering Office,Region I,3- HB 10858 FOR 3RD READING VOL I-C .pdf,667,"[""Ilocos Norte · 1st District""]","[""Sandro Marcos""]","[{""place"": ""laoag"", ""jurisdiction"": ""ilocos norte"", ""seats"": [""1st""]}]",[],[],Not independently verified,No plausible NEP title counterpart; review candidate,"Construction of Multi-Purpose Building (Covered Court) Barangay Paratong, Paoay, Ilocos Norte"
HB10858-3-0668-010928,"Construction (Completion) of Multi-Purpose Building, Barangay 38-A Mangato East, Laoag City, Ilocos Norte",3000000,Ilocos Norte 1st District Engineering Office,Region I,3- HB 10858 FOR 3RD READING VOL I-C .pdf,668,"[""Ilocos Norte · 1st District""]","[""Sandro Marcos""]","[{""place"": ""laoag"", ""jurisdiction"": ""ilocos norte"", ""seats"": [""1st""]}]",[],[],Not independently verified,No plausible NEP title counterpart; review candidate,"Construction of Multi-Purpose Building (Barangay Hall) Barangay Bugasi, Banna, Ilocos Norte"
HB10858-3-0668-010929,"Construction of Multi-Purpose Building, Barangay 39 Sta. Rosa, Laoag City, Ilocos Norte",5000000,Ilocos Norte 1st District Engineering Office,Region I,3- HB 10858 FOR 3RD READING VOL I-C .pdf,668,"[""Ilocos Norte · 1st District""]","[""Sandro Marcos""]","[{""place"": ""laoag"", ""jurisdiction"": ""ilocos norte"", ""seats"": [""1st""]}]",[],[],Not independently verified,Multiple or already paired NEP counterparts; review scope,"Construction of Multi-Purpose Building (Covered Court), Barangay Sta. Rita, Paoay, Ilocos Norte"
HB10858-3-0668-010930,"Construction of Multi-Purpose Building, Barangay 43 Cavit, Laoag City, Ilocos Norte",5000000,Ilocos Norte 1st District Engineering Office,Region I,3- HB 10858 FOR 3RD READING VOL I-C .pdf,668,"[""Ilocos Norte · 1st District""]","[""Sandro Marcos""]","[{""place"": ""laoag"", ""jurisdiction"": ""ilocos norte"", ""seats"": [""1st""]}]",[],[],Not independently verified,Multiple or already paired NEP counterparts; review scope,"Construction of Multi-Purpose Building (INSPIRE BUILDING), Laoag City, Ilocos Norte"
HB10858-3-0668-010931,"Construction (Completion) of Multi-Purpose Building (Covered Court), Barangay 47 Bengcag, Laoag City, Ilocos Norte",3000000,Ilocos Norte 1st District Engineering Office,Region I,3- HB 10858 FOR 3RD READING VOL I-C .pdf,668,"[""Ilocos Norte · 1st District""]","[""Sandro Marcos""]","[{""place"": ""laoag"", ""jurisdiction"": ""ilocos norte"", ""seats"": [""1st""]}]",[],[],Not independently verified,Multiple or already paired NEP counterparts; review scope,"Construction (Completion) of Multi-purpose Building (Covered Court), Barangay Cabusay, Labo, Camarines Norte"
HB10858-3-0668-010932,"Construction/Rehabilitation/Completion of Multi-Purpose Building, Barangay 48-A Cabungaan North, Laoag City, Ilocos Norte",3000000,Ilocos Norte 1st District Engineering Office,Region I,3- HB 10858 FOR 3RD READING VOL I-C .pdf,668,"[""Ilocos Norte · 1st District""]","[""Sandro Marcos""]","[{""place"": ""laoag"", ""jurisdiction"": ""ilocos norte"", ""seats"": [""1st""]}]",[],[],Not independently verified,No plausible NEP title counterpart; review candidate,"Construction of Multi-Purpose Building (Barangay Hall) Barangay Nangguyudan, Paoay, Ilocos Norte"
HB10858-3-0668-010933,"Construction (Completion) of Multi-Purpose Building (Covered Court), Barangay 49-A Darayday, Laoag City, Ilocos Norte",3000000,Ilocos Norte 1st District Engineering Office,Region I,3- HB 10858 FOR 3RD READING VOL I-C .pdf,668,"[""Ilocos Norte · 1st District""]","[""Sandro Marcos""]","[{""place"": ""laoag"", ""jurisdiction"": ""ilocos norte"", ""seats"": [""1st""]}]",[],[],Not independently verified,Multiple or already paired NEP counterparts; review scope,"Construction (Completion) of Multi-purpose Building (Covered Court), Barangay Cabusay, Labo, Camarines Norte"
HB10858-3-0668-010934,"Construction/Rehabilitation/Completion of Multi-Purpose Building, Barangay 51-A Nangalisan East, Laoag City, Ilocos Norte",3000000,Ilocos Norte 1st District Engineering Office,Region I,3- HB 10858 FOR 3RD READING VOL I-C .pdf,668,"[""Ilocos Norte · 1st District""]","[""Sandro Marcos""]","[{""place"": ""laoag"", ""jurisdiction"": ""ilocos norte"", ""seats"": [""1st""]}]",[],[],Not independently verified,No plausible NEP title counterpart; review candidate,"Construction of Multi-Purpose Building, Barangay Naguilian, Nueva Era, Ilocos Norte"
HB10858-3-0668-010935,"Construction of Multi-Purpose Building (Covered Court), Barangay 51-B Nangalisan West, Laoag City, Ilocos Norte",5000000,Ilocos Norte 1st District Engineering Office,Region I,3- HB 10858 FOR 3RD READING VOL I-C .pdf,668,"[""Ilocos Norte · 1st District""]","[""Sandro Marcos""]","[{""place"": ""laoag"", ""jurisdiction"": ""ilocos norte"", ""seats"": [""1st""]}]",[],[],Not independently verified,Multiple or already paired NEP counterparts; review scope,"Construction of Multi-Purpose Building (Covered Court), Barangay Nangguyudan, Paoay, Ilocos Norte"
HB10858-3-0668-010936,"Construction/Rehabilitation/Completion of Multi-Purpose Building, Barangay 55-C Vira, Laoag City, Ilocos Norte",3000000,Ilocos Norte 1st District Engineering Office,Region I,3- HB 10858 FOR 3RD READING VOL I-C .pdf,668,"[""Ilocos Norte · 1st District""]","[""Sandro Marcos""]","[{""place"": ""laoag"", ""jurisdiction"": ""ilocos norte"", ""seats"": [""1st""]}]",[],[],Not independently verified,No plausible NEP title counterpart; review candidate,"Construction (Completion) of Multi-Purpose Building, Barangay Vira, Roxas, Isabela"
HB10858-3-0668-010937,"Construction/Rehabilitation/Completion of Multi-Purpose Building, Barangay 57 Pila, Laoag City, Ilocos Norte",3000000,Ilocos Norte 1st District Engineering Office,Region I,3- HB 10858 FOR 3RD READING VOL I-C .pdf,668,"[""Ilocos Norte · 1st District""]","[""Sandro Marcos""]","[{""place"": ""laoag"", ""jurisdiction"": ""ilocos norte"", ""seats"": [""1st""]}]",[],[],Not independently verified,No plausible NEP title counterpart; review candidate,"Construction of Multi-Purpose Building (INSPIRE BUILDING), Laoag City, Ilocos Norte"
HB10858-3-0668-010938,"Rehabilitation of Multi-Purpose Building, Barangay 61 Cataban, Laoag City, Ilocos Norte",5000000,Ilocos Norte 1st District Engineering Office,Region I,3- HB 10858 FOR 3RD READING VOL I-C .pdf,668,"[""Ilocos Norte · 1st District""]","[""Sandro Marcos""]","[{""place"": ""laoag"", ""jurisdiction"": ""ilocos norte"", ""seats"": [""1st""]}]",[],[],Not independently verified,No plausible NEP title counterpart; review candidate,"Construction of Multi-Purpose Building, Barangay Naguilian, Nueva Era, Ilocos Norte"
HB10858-3-0668-010941,"Rehabilitation of Multi-Purpose Building (Covered Court), Laoag City, Ilocos Norte",5000000,Ilocos Norte 1st District Engineering Office,Region I,3- HB 10858 FOR 3RD READING VOL I-C .pdf,668,"[""Ilocos Norte · 1st District""]","[""Sandro Marcos""]","[{""place"": ""laoag"", ""jurisdiction"": ""ilocos norte"", ""seats"": [""1st""]}]",[],[],Not independently verified,No plausible NEP title counterpart; review candidate,"Rehabilitation of Multi-Purpose Building (Covered Court), Barangay Maug, Butuan City, Agusan del Norte"
HB10858-3-0668-010942,"Construction/Rehabilitation of Multi-Purpose Building (Covered Court), Barangay 35 Gabu Sur, Laoag City, Ilocos Norte",5000000,Ilocos Norte 1st District Engineering Office,Region I,3- HB 10858 FOR 3RD READING VOL I-C .pdf,668,"[""Ilocos Norte · 1st District""]","[""Sandro Marcos""]","[{""place"": ""laoag"", ""jurisdiction"": ""ilocos norte"", ""seats"": [""1st""]}]",[],[],Not independently verified,No plausible NEP title counterpart; review candidate,"Construction of Multi-Purpose Building (Covered Court), Barangay Sta. Rita, Paoay, Ilocos Norte"
HB10858-3-0668-010943,"Construction (Completion) of Multi-Purpose Building (Covered Court), Barangay 39 Sta. Rosa, Laoag City, Ilocos Norte",3000000,Ilocos Norte 1st District Engineering Office,Region I,3- HB 10858 FOR 3RD READING VOL I-C .pdf,668,"[""Ilocos Norte · 1st District""]","[""Sandro Marcos""]","[{""place"": ""laoag"", ""jurisdiction"": ""ilocos norte"", ""seats"": [""1st""]}]",[],[],Not independently verified,Multiple or already paired NEP counterparts; review scope,"Construction of Multi-Purpose Building (Covered Court), Barangay Sta. Rita, Paoay, Ilocos Norte"
HB10858-3-0668-010944,"Construction (Completion) of Multi-Purpose Building (Covered Court), Barangay 55-B Salet-Bulangon, Laoag City, Ilocos Norte",3000000,Ilocos Norte 1st District Engineering Office,Region I,3- HB 10858 FOR 3RD READING VOL I-C .pdf,668,"[""Ilocos Norte · 1st District""]","[""Sandro Marcos""]","[{""place"": ""laoag"", ""jurisdiction"": ""ilocos norte"", ""seats"": [""1st""]}]",[],[],Not independently verified,No plausible NEP title counterpart; review candidate,"Construction (Completion) of Multi-purpose Building (Covered Court), Barangay Cabusay, Labo, Camarines Norte"
HB10858-3-0668-010946,"Construction of Multi-Purpose Building, Barangay 23, Laoag City, Ilocos Norte",6000000,Ilocos Norte 1st District Engineering Office,Region I,3- HB 10858 FOR 3RD READING VOL I-C .pdf,668,"[""Ilocos Norte · 1st District""]","[""Sandro Marcos""]","[{""place"": ""laoag"", ""jurisdiction"": ""ilocos norte"", ""seats"": [""1st""]}]",[],[],Not independently verified,Multiple or already paired NEP counterparts; review scope,"Construction of Multi-Purpose Building (INSPIRE BUILDING), Laoag City, Ilocos Norte"
HB10858-3-0668-010947,"Rehabilitation of Multi-Purpose Building, Training Center Gabaldon Building, Barangay San Matias, Laoag City, Ilocos Norte",20000000,Ilocos Norte 1st District Engineering Office,Region I,3- HB 10858 FOR 3RD READING VOL I-C .pdf,668,"[""Ilocos Norte · 1st District""]","[""Sandro Marcos""]","[{""place"": ""laoag"", ""jurisdiction"": ""ilocos norte"", ""seats"": [""1st""]}]",[],[],Not independently verified,No plausible NEP title counterpart; review candidate,"Construction of Multi-Purpose Building (INSPIRE BUILDING), Laoag City, Ilocos Norte"
HB10858-3-0669-010948,"Construction of Multi-Purpose Building, Laoag City, Ilocos Norte",30000000,Ilocos Norte 1st District Engineering Office,Region I,3- HB 10858 FOR 3RD READING VOL I-C .pdf,669,"[""Ilocos Norte · 1st District""]","[""Sandro Marcos""]","[{""place"": ""laoag"", ""jurisdiction"": ""ilocos norte"", ""seats"": [""1st""]}]",[],[],Not independently verified,Multiple or already paired NEP counterparts; review scope,"Construction of Multi-Purpose Building (INSPIRE BUILDING), Laoag City, Ilocos Norte"
HB10858-3-0669-010949,"Construction of Multi-Purpose Building, Provincial Office (TESDA), Laoag City, Ilocos Norte",10000000,Ilocos Norte 1st District Engineering Office,Region I,3- HB 10858 FOR 3RD READING VOL I-C .pdf,669,"[""Ilocos Norte · 1st District""]","[""Sandro Marcos""]","[{""place"": ""laoag"", ""jurisdiction"": ""ilocos norte"", ""seats"": [""1st""]}]",[],[],Not independently verified,Multiple or already paired NEP counterparts; review scope,"Construction of Multi-Purpose Building (INSPIRE BUILDING), Laoag City, Ilocos Norte"
HB10858-3-0669-010950,"Construction of Multi-Purpose Building (Day Care Center), Barangay Lataag, Laoag City, Ilocos Norte",5000000,Ilocos Norte 1st District Engineering Office,Region I,3- HB 10858 FOR 3RD READING VOL I-C .pdf,669,"[""Ilocos Norte · 1st District""]","[""Sandro Marcos""]","[{""place"": ""laoag"", ""jurisdiction"": ""ilocos norte"", ""seats"": [""1st""]}]",[],[],Not independently verified,No plausible NEP title counterpart; review candidate,"Construction of Multi-Purpose Building (Covered Court), Barangay Sta. Rita, Paoay, Ilocos Norte"
HB10858-3-0669-010951,"Construction/Completion of Multi-Purpose Building, PAG-ASA Extension, Laoag City, Ilocos Norte",2000000,Ilocos Norte 1st District Engineering Office,Region I,3- HB 10858 FOR 3RD READING VOL I-C .pdf,669,"[""Ilocos Norte · 1st District""]","[""Sandro Marcos""]","[{""place"": ""laoag"", ""jurisdiction"": ""ilocos norte"", ""seats"": [""1st""]}]",[],[],Not independently verified,No plausible NEP title counterpart; review candidate,"Construction of Multi-Purpose Building (INSPIRE BUILDING), Laoag City, Ilocos Norte"
HB10858-3-0669-010952,"Construction of Multi-Purpose Building, INPPO, Laoag City, Ilocos Norte",5000000,Ilocos Norte 1st District Engineering Office,Region I,3- HB 10858 FOR 3RD READING VOL I-C .pdf,669,"[""Ilocos Norte · 1st District""]","[""Sandro Marcos""]","[{""place"": ""laoag"", ""jurisdiction"": ""ilocos norte"", ""seats"": [""1st""]}]",[],[],Not independently verified,Multiple or already paired NEP counterparts; review scope,"Construction of Multi-Purpose Building (INSPIRE BUILDING), Laoag City, Ilocos Norte"
HB10858-3-0669-010953,"Construction of Multi-Purpose Building, Bureau of Jail Management and Penology (BJMP), Laoag City, Ilocos Norte",25000000,Ilocos Norte 1st District Engineering Office,Region I,3- HB 10858 FOR 3RD READING VOL I-C .pdf,669,"[""Ilocos Norte · 1st District""]","[""Sandro Marcos""]","[{""place"": ""laoag"", ""jurisdiction"": ""ilocos norte"", ""seats"": [""1st""]}]",[],[],Not independently verified,No plausible NEP title counterpart; review candidate,"Construction of Multi-Purpose Building (INSPIRE BUILDING), Laoag City, Ilocos Norte"
HB10858-3-0669-010954,"Construction of Multi-Purpose Building, Bureau of Fire Protection (BFP), Laoag City, Ilocos Norte",10000000,Ilocos Norte 1st District Engineering Office,Region I,3- HB 10858 FOR 3RD READING VOL I-C .pdf,669,"[""Ilocos Norte · 1st District""]","[""Sandro Marcos""]","[{""place"": ""laoag"", ""jurisdiction"": ""ilocos norte"", ""seats"": [""1st""]}]",[],[],Not independently verified,No plausible NEP title counterpart; review candidate,"Construction of Multi-Purpose Building (INSPIRE BUILDING), Laoag City, Ilocos Norte"
HB10858-3-0669-010955,"Construction of Multi-Purpose Building (RHU), Barangay 52-A San Mateo, Laoag City, Ilocos Norte",5000000,Ilocos Norte 1st District Engineering Office,Region I,3- HB 10858 FOR 3RD READING VOL I-C .pdf,669,"[""Ilocos Norte · 1st District""]","[""Sandro Marcos""]","[{""place"": ""laoag"", ""jurisdiction"": ""ilocos norte"", ""seats"": [""1st""]}]",[],[],Not independently verified,No plausible NEP title counterpart; review candidate,"Construction of Multi-Purpose Building (Covered Court) Barangay Paratong, Paoay, Ilocos Norte"
HB10858-3-0669-010956,"Construction of Multi-Purpose Building (RHU), Barangay Dibua, Laoag City, Ilocos Norte",5000000,Ilocos Norte 1st District Engineering Office,Region I,3- HB 10858 FOR 3RD READING VOL I-C .pdf,669,"[""Ilocos Norte · 1st District""]","[""Sandro Marcos""]","[{""place"": ""laoag"", ""jurisdiction"": ""ilocos norte"", ""seats"": [""1st""]}]",[],[],Not independently verified,Multiple or already paired NEP counterparts; review scope,"Construction of Multi-Purpose Building (INSPIRE BUILDING), Laoag City, Ilocos Norte"
HB10858-3-0669-010957,"Construction of Multi-Purpose Building (Emergency Operations Center), Barangay 60-A Caaoacan, Laoag City, Ilocos Norte",5000000,Ilocos Norte 1st District Engineering Office,Region I,3- HB 10858 FOR 3RD READING VOL I-C .pdf,669,"[""Ilocos Norte · 1st District""]","[""Sandro Marcos""]","[{""place"": ""laoag"", ""jurisdiction"": ""ilocos norte"", ""seats"": [""1st""]}]",[],[],Not independently verified,No plausible NEP title counterpart; review candidate,"Construction of Multi-Purpose Building (Covered Court), Barangay Sta. Rita, Paoay, Ilocos Norte"
HB10858-3-0669-010958,"Construction of Multi-Purpose Building (Emergency Operations Center), Barangay 1, Laoag City, Ilocos Norte",5000000,Ilocos Norte 1st District Engineering Office,Region I,3- HB 10858 FOR 3RD READING VOL I-C .pdf,669,"[""Ilocos Norte · 1st District""]","[""Sandro Marcos""]","[{""place"": ""laoag"", ""jurisdiction"": ""ilocos norte"", ""seats"": [""1st""]}]",[],[],Not independently verified,No plausible NEP title counterpart; review candidate,"Construction of Multi-Purpose Building (INSPIRE BUILDING), Laoag City, Ilocos Norte"
HB10858-3-0669-010959,"Construction of Multi-Purpose Building (Covered Court), Faustino Reyes Memorial Elementary School, Barangay 53 Rioeng, Laoag City, Ilocos Norte",5000000,Ilocos Norte 1st District Engineering Office,Region I,3- HB 10858 FOR 3RD READING VOL I-C .pdf,669,"[""Ilocos Norte · 1st District""]","[""Sandro Marcos""]","[{""place"": ""laoag"", ""jurisdiction"": ""ilocos norte"", ""seats"": [""1st""]}]",[],[],Not independently verified,No plausible NEP title counterpart; review candidate,"Construction of Multi-Purpose Building (Covered Court) Barangay Paratong, Paoay, Ilocos Norte"
HB10858-3-0669-010960,"Construction (Completion) of Multi-Purpose Building, (Covered Court, Caaoacan High School), Barangay 60-A, Laoag City, Ilocos Norte",8000000,Ilocos Norte 1st District Engineering Office,Region I,3- HB 10858 FOR 3RD READING VOL I-C .pdf,669,"[""Ilocos Norte · 1st District""]","[""Sandro Marcos""]","[{""place"": ""laoag"", ""jurisdiction"": ""ilocos norte"", ""seats"": [""1st""]}]",[],[],Not independently verified,No plausible NEP title counterpart; review candidate,"Construction (Completion) of Multi-purpose Building (Covered Court), Barangay Cabusay, Labo, Camarines Norte"
HB10858-3-0669-010962,"Construction of Multi-Purpose Building (Covered Court), Metro Gabu, Barangay 35 Gabu Sur, Laoag City, Ilocos Norte",15000000,Ilocos Norte 1st District Engineering Office,Region I,3- HB 10858 FOR 3RD READING VOL I-C .pdf,669,"[""Ilocos Norte · 1st District""]","[""Sandro Marcos""]","[{""place"": ""laoag"", ""jurisdiction"": ""ilocos norte"", ""seats"": [""1st""]}]",[],[],Not independently verified,Multiple or already paired NEP counterparts; review scope,"Construction of Multi-Purpose Building (Covered Court), Barangay Sta. Rita, Paoay, Ilocos Norte"
HB10858-3-0669-010963,"Construction of Multi-Purpose Building (Tribal Hall), Salicsic, Barangay Dampig, Pagudpud, Ilocos Norte",5000000,Ilocos Norte 1st District Engineering Office,Region I,3- HB 10858 FOR 3RD READING VOL I-C .pdf,669,"[""Ilocos Norte · 1st District""]","[""Sandro Marcos""]","[{""place"": ""pagudpud"", ""jurisdiction"": ""ilocos norte"", ""seats"": [""1st""]}]",[],[],Not independently verified,No plausible NEP title counterpart; review candidate,"Construction of Multi-Purpose Building (Barangay Hall) Barangay Bugasi, Banna, Ilocos Norte"
HB10858-3-0669-010964,"Construction of Multi-Purpose Building, Barangay Baduang, Pagudpud, Ilocos Norte",5000000,Ilocos Norte 1st District Engineering Office,Region I,3- HB 10858 FOR 3RD READING VOL I-C .pdf,669,"[""Ilocos Norte · 1st District""]","[""Sandro Marcos""]","[{""place"": ""pagudpud"", ""jurisdiction"": ""ilocos norte"", ""seats"": [""1st""]}]",[],[],Not independently verified,Multiple or already paired NEP counterparts; review scope,"Construction of Multi-Purpose Building, Barangay Baresbes, Dingras, Ilocos Norte"
HB10858-3-0669-010965,"Construction/Rehabilitation of Multi-Purpose Building, Barangay Ligaya, Pagudpud, Ilocos Norte",5000000,Ilocos Norte 1st District Engineering Office,Region I,3- HB 10858 FOR 3RD READING VOL I-C .pdf,669,"[""Ilocos Norte · 1st District""]","[""Sandro Marcos""]","[{""place"": ""pagudpud"", ""jurisdiction"": ""ilocos norte"", ""seats"": [""1st""]}]",[],[],Not independently verified,No plausible NEP title counterpart; review candidate,"Construction of Multi-Purpose Building, Barangay Poblacion, Nueva Era, Ilocos Norte"
HB10858-3-0669-010966,"Construction (Completion) of Multi-Purpose Building (Covered Court), Barangay Pancian, Pagudpud, Ilocos Norte",5000000,Ilocos Norte 1st District Engineering Office,Region I,3- HB 10858 FOR 3RD READING VOL I-C .pdf,669,"[""Ilocos Norte · 1st District""]","[""Sandro Marcos""]","[{""place"": ""pagudpud"", ""jurisdiction"": ""ilocos norte"", ""seats"": [""1st""]}]",[],[],Not independently verified,Multiple or already paired NEP counterparts; review scope,"Construction (Completion) of Multi-Purpose Building (Covered Court), Barangay Anticala, Butuan City, Agusan del Norte"
HB10858-3-0669-010967,"Construction/Rehabilitation/Completion of Multi-Purpose Building (Covered Court), Barangay Agassi, Pagudpud, Ilocos Norte",2000000,Ilocos Norte 1st District Engineering Office,Region I,3- HB 10858 FOR 3RD READING VOL I-C .pdf,669,"[""Ilocos Norte · 1st District""]","[""Sandro Marcos""]","[{""place"": ""pagudpud"", ""jurisdiction"": ""ilocos norte"", ""seats"": [""1st""]}]",[],[],Not independently verified,No plausible NEP title counterpart; review candidate,"Construction (Completion) of Multi-Purpose Building (Covered Court), Barangay Lingayao, Las Nieves, Agusan del Norte"
HB10858-3-0670-010968,"Construction/Rehabilitation/Completion of Multi-Purpose Building (Covered Court), Barangay Dampig, Pagudpud, Ilocos Norte",2000000,Ilocos Norte 1st District Engineering Office,Region I,3- HB 10858 FOR 3RD READING VOL I-C .pdf,670,"[""Ilocos Norte · 1st District""]","[""Sandro Marcos""]","[{""place"": ""pagudpud"", ""jurisdiction"": ""ilocos norte"", ""seats"": [""1st""]}]",[],[],Not independently verified,No plausible NEP title counterpart; review candidate,"Construction of Multi-Purpose Building (Covered Court), Barangay Sta. Rita, Paoay, Ilocos Norte"
HB10858-3-0670-010969,"Construction/Rehabilitation/Completion of Multi-Purpose Building (Covered Court), Barangay Balaoi, Pagudpud, Ilocos Norte",2000000,Ilocos Norte 1st District Engineering Office,Region I,3- HB 10858 FOR 3RD READING VOL I-C .pdf,670,"[""Ilocos Norte · 1st District""]","[""Sandro Marcos""]","[{""place"": ""pagudpud"", ""jurisdiction"": ""ilocos norte"", ""seats"": [""1st""]}]",[],[],Not independently verified,No plausible NEP title counterpart; review candidate,"Construction (Completion) of Multi-purpose Building (Covered Court), Barangay Cabusay, Labo, Camarines Norte"
HB10858-3-0670-010970,"Rehabilitation of Multi-Purpose Building (Covered Court), Pagudpud, Ilocos Norte",5000000,Ilocos Norte 1st District Engineering Office,Region I,3- HB 10858 FOR 3RD READING VOL I-C .pdf,670,"[""Ilocos Norte · 1st District""]","[""Sandro Marcos""]","[{""place"": ""pagudpud"", ""jurisdiction"": ""ilocos norte"", ""seats"": [""1st""]}]",[],[],Not independently verified,No plausible NEP title counterpart; review candidate,"Rehabilitation of Multi-Purpose Building (Covered Court), Barangay Maguinda, Butuan City, Agusan del Norte"
HB10858-3-0670-010971,"Construction/Rehabilitation of Multi-Purpose Building (Covered Court), Barangay Poblacion 1, Pagudpud, Ilocos Norte",5000000,Ilocos Norte 1st District Engineering Office,Region I,3- HB 10858 FOR 3RD READING VOL I-C .pdf,670,"[""Ilocos Norte · 1st District""]","[""Sandro Marcos""]","[{""place"": ""pagudpud"", ""jurisdiction"": ""ilocos norte"", ""seats"": [""1st""]}]",[],[],Not independently verified,Multiple or already paired NEP counterparts; review scope,"Construction of Multi-Purpose Building (Covered Court), Barangay Poblacion 2, Currimao, Ilocos Norte"
HB10858-3-0670-010972,"Construction (Completion) of Multi-Purpose Building (Covered Court), Barangay Burayoc, Pagudpud, Ilocos Norte",3000000,Ilocos Norte 1st District Engineering Office,Region I,3- HB 10858 FOR 3RD READING VOL I-C .pdf,670,"[""Ilocos Norte · 1st District""]","[""Sandro Marcos""]","[{""place"": ""pagudpud"", ""jurisdiction"": ""ilocos norte"", ""seats"": [""1st""]}]",[],[],Not independently verified,Multiple or already paired NEP counterparts; review scope,"Construction (Completion) of Multi-purpose Building (Covered Court), Barangay Cabusay, Labo, Camarines Norte"
HB10858-3-0670-010973,"Construction of Multi-Purpose Building (Covered Court), Barangay Baduang, Pagudpud, Ilocos Norte",5000000,Ilocos Norte 1st District Engineering Office,Region I,3- HB 10858 FOR 3RD READING VOL I-C .pdf,670,"[""Ilocos Norte · 1st District""]","[""Sandro Marcos""]","[{""place"": ""pagudpud"", ""jurisdiction"": ""ilocos norte"", ""seats"": [""1st""]}]",[],[],Not independently verified,Multiple or already paired NEP counterparts; review scope,"Construction of Multi-Purpose Building (Covered Court) Barangay Paratong, Paoay, Ilocos Norte"
HB10858-3-0670-010974,"Construction of Multi-Purpose Building, Police Unit Building, Barangay Saud, Pagudpud, Ilocos Norte",10000000,Ilocos Norte 1st District Engineering Office,Region I,3- HB 10858 FOR 3RD READING VOL I-C .pdf,670,"[""Ilocos Norte · 1st District""]","[""Sandro Marcos""]","[{""place"": ""pagudpud"", ""jurisdiction"": ""ilocos norte"", ""seats"": [""1st""]}]",[],[],Not independently verified,No plausible NEP title counterpart; review candidate,"Construction of Multi-Purpose Building (INSPIRE BUILDING), Laoag City, Ilocos Norte"
HB10858-3-0670-010975,"Construction of Multi-Purpose Building, Barangay Poblacion 2, Pagudpud, Ilocos Norte",5000000,Ilocos Norte 1st District Engineering Office,Region I,3- HB 10858 FOR 3RD READING VOL I-C .pdf,670,"[""Ilocos Norte · 1st District""]","[""Sandro Marcos""]","[{""place"": ""pagudpud"", ""jurisdiction"": ""ilocos norte"", ""seats"": [""1st""]}]",[],[],Not independently verified,Multiple or already paired NEP counterparts; review scope,"Construction of Multi-Purpose Building, Barangay Poblacion, Nueva Era, Ilocos Norte"
HB10858-3-0670-010976,"Construction of Multi-Purpose Building (Covered Court), Pasaleng National High School, Pagudpud Ilocos Norte",5000000,Ilocos Norte 1st District Engineering Office,Region I,3- HB 10858 FOR 3RD READING VOL I-C .pdf,670,"[""Ilocos Norte · 1st District""]","[""Sandro Marcos""]","[{""place"": ""pagudpud"", ""jurisdiction"": ""ilocos norte"", ""seats"": [""1st""]}]",[],[],Not independently verified,No plausible NEP title counterpart; review candidate,"Construction of Multi-Purpose Building (Covered Court), Barangay Nangguyudan, Paoay, Ilocos Norte"
HB10858-3-0670-010977,"Rehabilitation of Multi-Purpose Building, Bagong Urgent Care Ambulatory Services (BUCAS), Barangay Pancian, Pagudpud, Ilocos Norte",10000000,Ilocos Norte 1st District Engineering Office,Region I,3- HB 10858 FOR 3RD READING VOL I-C .pdf,670,"[""Ilocos Norte · 1st District""]","[""Sandro Marcos""]","[{""place"": ""pagudpud"", ""jurisdiction"": ""ilocos norte"", ""seats"": [""1st""]}]",[],[],Not independently verified,No plausible NEP title counterpart; review candidate,"Construction of Multi-Purpose Building (Barangay Hall) Barangay Nangguyudan, Paoay, Ilocos Norte"
HB10858-3-0670-010978,"Construction of Multi-Purpose Building, Barangay Poblacion 1, Pasuquin, Ilocos Norte",5000000,Ilocos Norte 1st District Engineering Office,Region I,3- HB 10858 FOR 3RD READING VOL I-C .pdf,670,"[""Ilocos Norte · 1st District""]","[""Sandro Marcos""]","[{""place"": ""pasuquin"", ""jurisdiction"": ""ilocos norte"", ""seats"": [""1st""]}]",[],[],Not independently verified,Multiple or already paired NEP counterparts; review scope,"Construction of Multi-Purpose Building, Barangay Poblacion, Nueva Era, Ilocos Norte"
HB10858-3-0670-010979,"Construction (Completion) of Multi-Purpose Building, Barangay Poblacion 3, Pasuquin, Ilocos Norte",5000000,Ilocos Norte 1st District Engineering Office,Region I,3- HB 10858 FOR 3RD READING VOL I-C .pdf,670,"[""Ilocos Norte · 1st District""]","[""Sandro Marcos""]","[{""place"": ""pasuquin"", ""jurisdiction"": ""ilocos norte"", ""seats"": [""1st""]}]",[],[],Not independently verified,Multiple or already paired NEP counterparts; review scope,"Construction of Multi-Purpose Building, Barangay Poblacion, Nueva Era, Ilocos Norte"
HB10858-3-0670-010980,"Construction/Rehabilitation of Multi-Purpose Building (Covered Court), Barangay Sapat, Pasuquin, Ilocos Norte",5000000,Ilocos Norte 1st District Engineering Office,Region I,3- HB 10858 FOR 3RD READING VOL I-C .pdf,670,"[""Ilocos Norte · 1st District""]","[""Sandro Marcos""]","[{""place"": ""pasuquin"", ""jurisdiction"": ""ilocos norte"", ""seats"": [""1st""]}]",[],[],Not independently verified,Multiple or already paired NEP counterparts; review scope,"Construction of Multi-Purpose Building (Covered Court), Barangay Sta. Rita, Paoay, Ilocos Norte"
HB10858-3-0670-010981,"Construction of Multi-Purpose Building, Barangay 15 Pangil, Pasuquin, Ilocos Norte",5000000,Ilocos Norte 1st District Engineering Office,Region I,3- HB 10858 FOR 3RD READING VOL I-C .pdf,670,"[""Ilocos Norte · 1st District""]","[""Sandro Marcos""]","[{""place"": ""pasuquin"", ""jurisdiction"": ""ilocos norte"", ""seats"": [""1st""]}]",[],[],Not independently verified,Multiple or already paired NEP counterparts; review scope,"Construction of Multi-Purpose Building, Barangay Baresbes, Dingras, Ilocos Norte"
HB10858-3-0670-010983,"Construction of Multi-Purpose Building, Barangay 31 Carusikis, Pasuquin, Ilocos Norte",5000000,Ilocos Norte 1st District Engineering Office,Region I,3- HB 10858 FOR 3RD READING VOL I-C .pdf,670,"[""Ilocos Norte · 1st District""]","[""Sandro Marcos""]","[{""place"": ""pasuquin"", ""jurisdiction"": ""ilocos norte"", ""seats"": [""1st""]}]",[],[],Not independently verified,Multiple or already paired NEP counterparts; review scope,"Construction of Multi-Purpose Building, Barangay Baresbes, Dingras, Ilocos Norte"
HB10858-3-0670-010984,"Construction of Multi-Purpose Building, Barangay 8 Sulongan, Pasuquin, Ilocos Norte",5000000,Ilocos Norte 1st District Engineering Office,Region I,3- HB 10858 FOR 3RD READING VOL I-C .pdf,670,"[""Ilocos Norte · 1st District""]","[""Sandro Marcos""]","[{""place"": ""pasuquin"", ""jurisdiction"": ""ilocos norte"", ""seats"": [""1st""]}]",[],[],Not independently verified,Multiple or already paired NEP counterparts; review scope,"Construction of Multi-Purpose Building, Barangay Baresbes, Dingras, Ilocos Norte"
HB10858-3-0670-010985,"Construction of Multi-Purpose Building (Covered Court), Barangay 9 Susugaen, Pasuquin, Ilocos Norte",5000000,Ilocos Norte 1st District Engineering Office,Region I,3- HB 10858 FOR 3RD READING VOL I-C .pdf,670,"[""Ilocos Norte · 1st District""]","[""Sandro Marcos""]","[{""place"": ""pasuquin"", ""jurisdiction"": ""ilocos norte"", ""seats"": [""1st""]}]",[],[],Not independently verified,Multiple or already paired NEP counterparts; review scope,"Construction of Multi-Purpose Building (Covered Court) Barangay Mumulaan, Paoay, Ilocos Norte"
HB10858-3-0670-010986,"Construction of Multi-Purpose Building (Covered Court), Barangay 12 Puyupuyan, Pasuquin, Ilocos Norte",5000000,Ilocos Norte 1st District Engineering Office,Region I,3- HB 10858 FOR 3RD READING VOL I-C .pdf,670,"[""Ilocos Norte · 1st District""]","[""Sandro Marcos""]","[{""place"": ""pasuquin"", ""jurisdiction"": ""ilocos norte"", ""seats"": [""1st""]}]",[],[],Not independently verified,Multiple or already paired NEP counterparts; review scope,"Construction of Multi-Purpose Building (Covered Court) Barangay Mumulaan, Paoay, Ilocos Norte"
HB10858-3-0671-010987,"Construction of Multi-Purpose Building (Covered Court), Barangay 30 Sta. Matilde, Pasuquin, Ilocos Norte",5000000,Ilocos Norte 1st District Engineering Office,Region I,3- HB 10858 FOR 3RD READING VOL I-C .pdf,671,"[""Ilocos Norte · 1st District""]","[""Sandro Marcos""]","[{""place"": ""pasuquin"", ""jurisdiction"": ""ilocos norte"", ""seats"": [""1st""]}]",[],[],Not independently verified,Multiple or already paired NEP counterparts; review scope,"Construction of Multi-Purpose Building (Covered Court), Barangay Sta. Rita, Paoay, Ilocos Norte"
HB10858-3-0671-010988,"Construction of Multi-Purpose Building (Covered Court), Barangay 33 Tadao, Pasuquin, Ilocos Norte",5000000,Ilocos Norte 1st District Engineering Office,Region I,3- HB 10858 FOR 3RD READING VOL I-C .pdf,671,"[""Ilocos Norte · 1st District""]","[""Sandro Marcos""]","[{""place"": ""pasuquin"", ""jurisdiction"": ""ilocos norte"", ""seats"": [""1st""]}]",[],[],Not independently verified,Multiple or already paired NEP counterparts; review scope,"Construction of Multi-Purpose Building (Covered Court), Barangay Sta. Rita, Paoay, Ilocos Norte"
HB10858-3-0671-010989,"Construction of Multi-Purpose Building (Covered Court), Barangay 3 Poblacion, Pasuquin, Ilocos Norte",5000000,Ilocos Norte 1st District Engineering Office,Region I,3- HB 10858 FOR 3RD READING VOL I-C .pdf,671,"[""Ilocos Norte · 1st District""]","[""Sandro Marcos""]","[{""place"": ""pasuquin"", ""jurisdiction"": ""ilocos norte"", ""seats"": [""1st""]}]",[],[],Not independently verified,Multiple or already paired NEP counterparts; review scope,"Construction of Multi-Purpose Building (Covered Court), Barangay Poblacion 2, Currimao, Ilocos Norte"
HB10858-3-0671-010990,"Construction of Multi-Purpose Building, Barangay 23 Sta. Catalina, Pasuquin, Ilocos Norte",5000000,Ilocos Norte 1st District Engineering Office,Region I,3- HB 10858 FOR 3RD READING VOL I-C .pdf,671,"[""Ilocos Norte · 1st District""]","[""Sandro Marcos""]","[{""place"": ""pasuquin"", ""jurisdiction"": ""ilocos norte"", ""seats"": [""1st""]}]",[],[],Not independently verified,No plausible NEP title counterpart; review candidate,"Construction of Multi-Purpose Building, Barangay Baresbes, Dingras, Ilocos Norte"
HB10858-3-0671-010991,"Construction of Multi-Purpose Building, Barangay 26 Salpad, Pasuquin, Ilocos Norte",5000000,Ilocos Norte 1st District Engineering Office,Region I,3- HB 10858 FOR 3RD READING VOL I-C .pdf,671,"[""Ilocos Norte · 1st District""]","[""Sandro Marcos""]","[{""place"": ""pasuquin"", ""jurisdiction"": ""ilocos norte"", ""seats"": [""1st""]}]",[],[],Not independently verified,Multiple or already paired NEP counterparts; review scope,"Construction of Multi-Purpose Building, Barangay Baresbes, Dingras, Ilocos Norte"
HB10858-3-0671-010992,"Construction of Multi-Purpose Building, Barangay 20, Pasuquin, Ilocos Norte",5000000,Ilocos Norte 1st District Engineering Office,Region I,3- HB 10858 FOR 3RD READING VOL I-C .pdf,671,"[""Ilocos Norte · 1st District""]","[""Sandro Marcos""]","[{""place"": ""pasuquin"", ""jurisdiction"": ""ilocos norte"", ""seats"": [""1st""]}]",[],[],Not independently verified,Multiple or already paired NEP counterparts; review scope,"Construction of Multi-Purpose Building, Barangay Baresbes, Dingras, Ilocos Norte"
HB10858-3-0671-010993,"Construction of Multi-Purpose Building (Covered Court), Barangay Nagsanga, Pasuquin, Ilocos Norte",5000000,Ilocos Norte 1st District Engineering Office,Region I,3- HB 10858 FOR 3RD READING VOL I-C .pdf,671,"[""Ilocos Norte · 1st District""]","[""Sandro Marcos""]","[{""place"": ""pasuquin"", ""jurisdiction"": ""ilocos norte"", ""seats"": [""1st""]}]",[],[],Not independently verified,Multiple or already paired NEP counterparts; review scope,"Construction of Multi-Purpose Building (Covered Court) Barangay Paratong, Paoay, Ilocos Norte"
HB10858-3-0671-010994,"Rehabilitation of Multi-Purpose Building, Pasuquin Municipal Police Station, Pasuquin, Ilocos Norte",10000000,Ilocos Norte 1st District Engineering Office,Region I,3- HB 10858 FOR 3RD READING VOL I-C .pdf,671,"[""Ilocos Norte · 1st District""]","[""Sandro Marcos""]","[{""place"": ""pasuquin"", ""jurisdiction"": ""ilocos norte"", ""seats"": [""1st""]}]",[],[],Not independently verified,No plausible NEP title counterpart; review candidate,"Rehabilation of Multi-Purpose Building (Dapa Municipal Gymnasuim), Dapa, Siargao Island, Surigao del Norte"
HB10858-3-0671-010995,"Construction Of Multi Purpose Building, (Covered Court) Gabaldon Elementary School, Pasuquin, Ilocos Norte",5000000,Ilocos Norte 1st District Engineering Office,Region I,3- HB 10858 FOR 3RD READING VOL I-C .pdf,671,"[""Ilocos Norte · 1st District""]","[""Sandro Marcos""]","[{""place"": ""pasuquin"", ""jurisdiction"": ""ilocos norte"", ""seats"": [""1st""]}]",[],[],Not independently verified,No plausible NEP title counterpart; review candidate,"Construction of Multi-Purpose Building (Covered Court) Barangay Barabarangay, Banna, Ilocos Norte"
HB10858-3-0671-010996,"Construction of Multi-Purpose Building, Ilocos Norte Agricultural College, Pasuquin, Ilocos Norte",5000000,Ilocos Norte 1st District Engineering Office,Region I,3- HB 10858 FOR 3RD READING VOL I-C .pdf,671,"[""Ilocos Norte · 1st District""]","[""Sandro Marcos""]","[{""place"": ""pasuquin"", ""jurisdiction"": ""ilocos norte"", ""seats"": [""1st""]}]",[],[],Not independently verified,No plausible NEP title counterpart; review candidate,"Construction of Multi-Purpose-Building (PNP Headquarters) San Nicolas, Ilocos Norte"
HB10858-3-0671-010997,"Construction of Multi-Purpose Building, (Pasuquin Municipal Hall), Pasuquin, Ilocos Norte",28000000,Ilocos Norte 1st District Engineering Office,Region I,3- HB 10858 FOR 3RD READING VOL I-C .pdf,671,"[""Ilocos Norte · 1st District""]","[""Sandro Marcos""]","[{""place"": ""pasuquin"", ""jurisdiction"": ""ilocos norte"", ""seats"": [""1st""]}]",[],[],Not independently verified,No plausible NEP title counterpart; review candidate,"Construction of Multi-Purpose-Building (PNP Headquarters) San Nicolas, Ilocos Norte"
HB10858-3-0671-010998,"Construction of Multi-Purpose Building, Bureau of Fire Protection (BFP), Piddig, Ilocos Norte",10000000,Ilocos Norte 1st District Engineering Office,Region I,3- HB 10858 FOR 3RD READING VOL I-C .pdf,671,"[""Ilocos Norte · 1st District""]","[""Sandro Marcos""]","[{""place"": ""piddig"", ""jurisdiction"": ""ilocos norte"", ""seats"": [""1st""]}]",[],[],Not independently verified,No plausible NEP title counterpart; review candidate,"Construction of Multi-Purpose Building, Barangay Poblacion, Nueva Era, Ilocos Norte"
HB10858-3-0671-010999,"Construction (Completion) of Multi-Purpose Building (Covered Court), Barangay 23 San Antonio, Piddig, Ilocos Norte",2000000,Ilocos Norte 1st District Engineering Office,Region I,3- HB 10858 FOR 3RD READING VOL I-C .pdf,671,"[""Ilocos Norte · 1st District""]","[""Sandro Marcos""]","[{""place"": ""piddig"", ""jurisdiction"": ""ilocos norte"", ""seats"": [""1st""]}]",[],[],Not independently verified,Multiple or already paired NEP counterparts; review scope,"Construction of Multi-Purpose Building (Covered Court) Barangay Paratong, Paoay, Ilocos Norte"
HB10858-3-0671-011000,"Construction (Completion) of Multi-Purpose Building (Covered Court), Barangay Loing, Piddig, Ilocos Norte",5000000,Ilocos Norte 1st District Engineering Office,Region I,3- HB 10858 FOR 3RD READING VOL I-C .pdf,671,"[""Ilocos Norte · 1st District""]","[""Sandro Marcos""]","[{""place"": ""piddig"", ""jurisdiction"": ""ilocos norte"", ""seats"": [""1st""]}]",[],[],Not independently verified,Multiple or already paired NEP counterparts; review scope,"Construction of Multi-Purpose Building (Covered Court) Barangay Paratong, Paoay, Ilocos Norte"
HB10858-3-0671-011001,"Construction (Completion) Of Multi Purpose Building, Barangay Calluza, Piddig, Ilocos Norte",3000000,Ilocos Norte 1st District Engineering Office,Region I,3- HB 10858 FOR 3RD READING VOL I-C .pdf,671,"[""Ilocos Norte · 1st District""]","[""Sandro Marcos""]","[{""place"": ""piddig"", ""jurisdiction"": ""ilocos norte"", ""seats"": [""1st""]}]",[],[],Not independently verified,No plausible NEP title counterpart; review candidate,"Construction of Multi-Purpose Building, Barangay Baresbes, Dingras, Ilocos Norte"
HB10858-3-0671-011002,"Construction (Completion) Of Multi Purpose Building, Barangay Dupitac, Piddig, Ilocos Norte",3000000,Ilocos Norte 1st District Engineering Office,Region I,3- HB 10858 FOR 3RD READING VOL I-C .pdf,671,"[""Ilocos Norte · 1st District""]","[""Sandro Marcos""]","[{""place"": ""piddig"", ""jurisdiction"": ""ilocos norte"", ""seats"": [""1st""]}]",[],[],Not independently verified,No plausible NEP title counterpart; review candidate,"Construction of Multi-Purpose Building, Barangay Baresbes, Dingras, Ilocos Norte"
HB10858-3-0671-011003,"Rehabilitation of Multi-Purpose Building (Covered Court), Piddig, Ilocos Norte",5000000,Ilocos Norte 1st District Engineering Office,Region I,3- HB 10858 FOR 3RD READING VOL I-C .pdf,671,"[""Ilocos Norte · 1st District""]","[""Sandro Marcos""]","[{""place"": ""piddig"", ""jurisdiction"": ""ilocos norte"", ""seats"": [""1st""]}]",[],[],Not independently verified,No plausible NEP title counterpart; review candidate,"Rehabilitation of Multi-Purpose Building (Covered Court), Barangay Bading, Butuan City, Agusan del Norte"
HB10858-3-0671-011004,"Construction (Completion) of Multi-Purpose Building (Covered Court), Barangay Abucay, Piddig, Ilocos Norte",5000000,Ilocos Norte 1st District Engineering Office,Region I,3- HB 10858 FOR 3RD READING VOL I-C .pdf,671,"[""Ilocos Norte · 1st District""]","[""Sandro Marcos""]","[{""place"": ""piddig"", ""jurisdiction"": ""ilocos norte"", ""seats"": [""1st""]}]",[],[],Not independently verified,Multiple or already paired NEP counterparts; review scope,"Construction (Completion) of Multi-purpose Building (Covered Court), Barangay Cabusay, Labo, Camarines Norte"
HB10858-3-0671-011005,"Construction of Multi-Purpose Building (Covered Court), Barangay Mangitayag, Piddig, Ilocos Norte",5000000,Ilocos Norte 1st District Engineering Office,Region I,3- HB 10858 FOR 3RD READING VOL I-C .pdf,671,"[""Ilocos Norte · 1st District""]","[""Sandro Marcos""]","[{""place"": ""piddig"", ""jurisdiction"": ""ilocos norte"", ""seats"": [""1st""]}]",[],[],Not independently verified,Multiple or already paired NEP counterparts; review scope,"Construction of Multi-Purpose Building (Covered Court), Barangay Mandaloque, Dingras, Ilocos Norte"
HB10858-3-0671-011006,"Construction (Completion) of Multi-Purpose Building (Covered Court), Barangay Sta. Maria, Piddig, Ilocos Norte",2000000,Ilocos Norte 1st District Engineering Office,Region I,3- HB 10858 FOR 3RD READING VOL I-C .pdf,671,"[""Ilocos Norte · 1st District""]","[""Sandro Marcos""]","[{""place"": ""piddig"", ""jurisdiction"": ""ilocos norte"", ""seats"": [""1st""]}]",[],[],Not independently verified,Multiple or already paired NEP counterparts; review scope,"Construction of Multi-Purpose Building (Covered Court), Barangay Sta. Rita, Paoay, Ilocos Norte"
HB10858-3-0672-011007,"Construction (Completion) of Multi-Purpose Building (Covered Court), Barangay Calluza, Piddig, Ilocos Norte",2000000,Ilocos Norte 1st District Engineering Office,Region I,3- HB 10858 FOR 3RD READING VOL I-C .pdf,672,"[""Ilocos Norte · 1st District""]","[""Sandro Marcos""]","[{""place"": ""piddig"", ""jurisdiction"": ""ilocos norte"", ""seats"": [""1st""]}]",[],[],Not independently verified,Multiple or already paired NEP counterparts; review scope,"Construction (Completion) of Multi-purpose Building (Covered Court), Barangay Cabusay, Labo, Camarines Norte"
HB10858-3-0672-011008,"Construction of Multi-Purpose Building, Special Education (SPED) Building, Piddig, Ilocos Norte",5000000,Ilocos Norte 1st District Engineering Office,Region I,3- HB 10858 FOR 3RD READING VOL I-C .pdf,672,"[""Ilocos Norte · 1st District""]","[""Sandro Marcos""]","[{""place"": ""piddig"", ""jurisdiction"": ""ilocos norte"", ""seats"": [""1st""]}]",[],[],Not independently verified,No plausible NEP title counterpart; review candidate,"Construction of Multi-Purpose Building (INSPIRE BUILDING), Laoag City, Ilocos Norte"
HB10858-3-0672-011009,"Construction of Multi-Purpose Building (Covered Court), Piddig Central Elementary School, Piddig, Ilocos Norte",10000000,Ilocos Norte 1st District Engineering Office,Region I,3- HB 10858 FOR 3RD READING VOL I-C .pdf,672,"[""Ilocos Norte · 1st District""]","[""Sandro Marcos""]","[{""place"": ""piddig"", ""jurisdiction"": ""ilocos norte"", ""seats"": [""1st""]}]",[],[],Not independently verified,No plausible NEP title counterpart; review candidate,"Construction of Multi-Purpose Building (Covered Court), Barangay Sta. Rita, Paoay, Ilocos Norte"
HB10858-3-0672-011010,"Construction of Multi-Purpose Building (AAA Slaughterhouse), Piddig, Ilocos Norte",15000000,Ilocos Norte 1st District Engineering Office,Region I,3- HB 10858 FOR 3RD READING VOL I-C .pdf,672,"[""Ilocos Norte · 1st District""]","[""Sandro Marcos""]","[{""place"": ""piddig"", ""jurisdiction"": ""ilocos norte"", ""seats"": [""1st""]}]",[],[],Not independently verified,No plausible NEP title counterpart; review candidate,"Construction of Multi-Purpose Building, Barangay Baresbes, Dingras, Ilocos Norte"
HB10858-3-0672-011011,"Construction/Rehabilitation of Multi-Purpose Building, Barangay 20 San Jose, Sarrat, Ilocos Norte",2000000,Ilocos Norte 1st District Engineering Office,Region I,3- HB 10858 FOR 3RD READING VOL I-C .pdf,672,"[""Ilocos Norte · 1st District""]","[""Sandro Marcos""]","[{""place"": ""sarrat"", ""jurisdiction"": ""ilocos norte"", ""seats"": [""1st""]}]",[],[],Not independently verified,No plausible NEP title counterpart; review candidate,"Construction of Multi-Purpose Building, Barangay Poblacion, Nueva Era, Ilocos Norte"
HB10858-3-0672-011012,"Construction/Rehabilitation of Multi-Purpose Building, Barangay 4 San Francisco, Sarrat, Ilocos Norte",5000000,Ilocos Norte 1st District Engineering Office,Region I,3- HB 10858 FOR 3RD READING VOL I-C .pdf,672,"[""Ilocos Norte · 1st District""]","[""Sandro Marcos""]","[{""place"": ""sarrat"", ""jurisdiction"": ""ilocos norte"", ""seats"": [""1st""]}]",[],[],Not independently verified,No plausible NEP title counterpart; review candidate,"Construction (Completion) of Multi-Purpose Building, Barangay San Francisco, San Manuel, Isabela"
HB10858-3-0672-011013,"Rehabilitation of Multi-Purpose Building, Barangay 24 San Roque, Sarrat, Ilocos Norte",5000000,Ilocos Norte 1st District Engineering Office,Region I,3- HB 10858 FOR 3RD READING VOL I-C .pdf,672,"[""Ilocos Norte · 1st District""]","[""Sandro Marcos""]","[{""place"": ""sarrat"", ""jurisdiction"": ""ilocos norte"", ""seats"": [""1st""]}]",[],[],Not independently verified,No plausible NEP title counterpart; review candidate,"Construction of Multi-Purpose Building, Barangay San Roque, Luisiana, Laguna"
HB10858-3-0672-011014,"Construction of Multi-Purpose Building (Covered Court), Ruiz Elementary School, Barangay 17 San Felipe, Sarrat, Ilocos Norte",5000000,Ilocos Norte 1st District Engineering Office,Region I,3- HB 10858 FOR 3RD READING VOL I-C .pdf,672,"[""Ilocos Norte · 1st District""]","[""Sandro Marcos""]","[{""place"": ""sarrat"", ""jurisdiction"": ""ilocos norte"", ""seats"": [""1st""]}]",[],[],Not independently verified,No plausible NEP title counterpart; review candidate,"Construction of Multi-Purpose Building (Covered Court), Barangay Sta. Rita, Paoay, Ilocos Norte"
HB10858-3-0672-011015,"Construction of Multi-Purpose Building (Covered Court), San Pedro Elementary School, Barangay 13 San Pedro, Sarrat, Ilocos Norte",5000000,Ilocos Norte 1st District Engineering Office,Region I,3- HB 10858 FOR 3RD READING VOL I-C .pdf,672,"[""Ilocos Norte · 1st District""]","[""Sandro Marcos""]","[{""place"": ""sarrat"", ""jurisdiction"": ""ilocos norte"", ""seats"": [""1st""]}]",[],[],Not independently verified,No plausible NEP title counterpart; review candidate,"Construction of Multi-Purpose Building (Covered Court), Barangay Sta. Rita, Paoay, Ilocos Norte"
HB10858-3-0672-011016,"Construction (Completion) of Multi-Purpose Building, Barangay 10 San Miguel, Sarrat, Ilocos Norte",2000000,Ilocos Norte 1st District Engineering Office,Region I,3- HB 10858 FOR 3RD READING VOL I-C .pdf,672,"[""Ilocos Norte · 1st District""]","[""Sandro Marcos""]","[{""place"": ""sarrat"", ""jurisdiction"": ""ilocos norte"", ""seats"": [""1st""]}]",[],[],Not independently verified,Multiple or already paired NEP counterparts; review scope,"Construction (Completion) of Multi-Purpose Building, Barangay San Miguel, Burgos, Isabela"
HB10858-3-0672-011017,"Construction/Rehabilitation of Multi-Purpose Building, Barangay San Andres, Sarrat, Ilocos Norte",5000000,Ilocos Norte 1st District Engineering Office,Region I,3- HB 10858 FOR 3RD READING VOL I-C .pdf,672,"[""Ilocos Norte · 1st District""]","[""Sandro Marcos""]","[{""place"": ""sarrat"", ""jurisdiction"": ""ilocos norte"", ""seats"": [""1st""]}]",[],[],Not independently verified,No plausible NEP title counterpart; review candidate,"Rehabilitation of Multi-Purpose Building, Barangay San Andres, Alaminos, Laguna"
HB10858-3-0672-011019,"Construction of Multi-Purpose Building (Covered Court), Barangay 9 San Lorenzo, Sarrat, Ilocos Norte",5000000,Ilocos Norte 1st District Engineering Office,Region I,3- HB 10858 FOR 3RD READING VOL I-C .pdf,672,"[""Ilocos Norte · 1st District""]","[""Sandro Marcos""]","[{""place"": ""sarrat"", ""jurisdiction"": ""ilocos norte"", ""seats"": [""1st""]}]",[],[],Not independently verified,Multiple or already paired NEP counterparts; review scope,"Construction of Multi-Purpose Building (Covered Court), Barangay Mandaloque, Dingras, Ilocos Norte"
HB10858-3-0672-011020,"Construction of Multi-Purpose Building, Barangay 21 San Marcos, Sarrat, Ilocos Norte",5000000,Ilocos Norte 1st District Engineering Office,Region I,3- HB 10858 FOR 3RD READING VOL I-C .pdf,672,"[""Ilocos Norte · 1st District"", ""Ilocos Norte · 2nd District""]","[""Eugenio Angelo Barba"", ""Sandro Marcos""]","[{""place"": ""marcos"", ""jurisdiction"": ""ilocos norte"", ""seats"": [""2nd""]}, {""place"": ""sarrat"", ""jurisdiction"": ""ilocos norte"", ""seats"": [""1st""]}]",[],[],Not independently verified,Multiple or already paired NEP counterparts; review scope,"Construction of Multi-Purpose Building, Barangay Baresbes, Dingras, Ilocos Norte"
HB10858-3-0672-011021,"Construction of Multi-Purpose Building, Barangay 11 Sta. Rosa, Sarrat, Ilocos Norte",5000000,Ilocos Norte 1st District Engineering Office,Region I,3- HB 10858 FOR 3RD READING VOL I-C .pdf,672,"[""Ilocos Norte · 1st District""]","[""Sandro Marcos""]","[{""place"": ""sarrat"", ""jurisdiction"": ""ilocos norte"", ""seats"": [""1st""]}]",[],[],Not independently verified,Multiple or already paired NEP counterparts; review scope,"Construction of Multi-Purpose Building (Covered Court), Barangay Sta. Rita, Paoay, Ilocos Norte"
HB10858-3-0672-011022,"Construction/Rehabilitation of Multi-Purpose Building, Barangay 22 San Cristobal, Sarrat, Ilocos Norte",5000000,Ilocos Norte 1st District Engineering Office,Region I,3- HB 10858 FOR 3RD READING VOL I-C .pdf,672,"[""Ilocos Norte · 1st District""]","[""Sandro Marcos""]","[{""place"": ""sarrat"", ""jurisdiction"": ""ilocos norte"", ""seats"": [""1st""]}]",[],[],Not independently verified,No plausible NEP title counterpart; review candidate,"Construction of Multi-Purpose Building, Barangay Poblacion, Nueva Era, Ilocos Norte"
HB10858-3-0672-011023,"Construction (Completion) of Multi-Purpose Building (Covered Court), Barangay Sta. Rosa, Sarrat, Ilocos Norte",3000000,Ilocos Norte 1st District Engineering Office,Region I,3- HB 10858 FOR 3RD READING VOL I-C .pdf,672,"[""Ilocos Norte · 1st District""]","[""Sandro Marcos""]","[{""place"": ""sarrat"", ""jurisdiction"": ""ilocos norte"", ""seats"": [""1st""]}]",[],[],Not independently verified,Multiple or already paired NEP counterparts; review scope,"Construction of Multi-Purpose Building (Covered Court), Barangay Sta. Rita, Paoay, Ilocos Norte"
HB10858-3-0672-011024,"Construction (Completion) of Multi-Purpose Building (Covered Court), Barangay San Jose, Sarrat, Ilocos Norte",3000000,Ilocos Norte 1st District Engineering Office,Region I,3- HB 10858 FOR 3RD READING VOL I-C .pdf,672,"[""Ilocos Norte · 1st District""]","[""Sandro Marcos""]","[{""place"": ""sarrat"", ""jurisdiction"": ""ilocos norte"", ""seats"": [""1st""]}]",[],[],Not independently verified,Plausible NEP title counterpart; review scope,"Construction (Completion) of Multi-Purpose Building (Covered Court), Barangay Roxas, San Isidro,Siargao Island, Surigao del Norte"
HB10858-3-0672-011025,"Construction/Rehabilitation of Multi-Purpose Building (Covered Court), Barangay San Lorenzo, Sarrat, Ilocos Norte",5000000,Ilocos Norte 1st District Engineering Office,Region I,3- HB 10858 FOR 3RD READING VOL I-C .pdf,672,"[""Ilocos Norte · 1st District""]","[""Sandro Marcos""]","[{""place"": ""sarrat"", ""jurisdiction"": ""ilocos norte"", ""seats"": [""1st""]}]",[],[],Not independently verified,No plausible NEP title counterpart; review candidate,"Construction of Multi-Purpose Building (Covered Court), Barangay Mandaloque, Dingras, Ilocos Norte"
HB10858-3-0673-011026,"Construction (Completion) of Multi-Purpose Building (Covered Court), Sitio Hacienda, Barangay 26 Canaam, Vintar, Ilocos Norte",5000000,Ilocos Norte 1st District Engineering Office,Region I,3- HB 10858 FOR 3RD READING VOL I-C .pdf,673,"[""Ilocos Norte · 1st District""]","[""Sandro Marcos""]","[{""place"": ""vintar"", ""jurisdiction"": ""ilocos norte"", ""seats"": [""1st""]}]",[],[],Not independently verified,No plausible NEP title counterpart; review candidate,"Construction (Completion) of Multi-purpose Building (Covered Court), Barangay Cabusay, Labo, Camarines Norte"
HB10858-3-0673-011027,"Construction of Multi-Purpose Building, Sitio Sagpat, Barangay 23 Dipilat, Vintar, Ilocos Norte",5000000,Ilocos Norte 1st District Engineering Office,Region I,3- HB 10858 FOR 3RD READING VOL I-C .pdf,673,"[""Ilocos Norte · 1st District""]","[""Sandro Marcos""]","[{""place"": ""vintar"", ""jurisdiction"": ""ilocos norte"", ""seats"": [""1st""]}]",[],[],Not independently verified,No plausible NEP title counterpart; review candidate,"Construction of Multi-Purpose Building, Barangay Poblacion, Nueva Era, Ilocos Norte"
HB10858-3-0673-011028,"Construction/Completion of Multi-Purpose Building (Senior Citizen Building), Barangay 9 Lubnac, Vintar, Ilocos Norte",2000000,Ilocos Norte 1st District Engineering Office,Region I,3- HB 10858 FOR 3RD READING VOL I-C .pdf,673,"[""Ilocos Norte · 1st District""]","[""Sandro Marcos""]","[{""place"": ""vintar"", ""jurisdiction"": ""ilocos norte"", ""seats"": [""1st""]}]",[],[],Not independently verified,No plausible NEP title counterpart; review candidate,"Construction (Completion) of Multi-Purpose Building (Senior Citizen Center), Barangay Poblacion, Tubod, Lanao del Norte"
HB10858-3-0673-011029,"Construction (Completion) of Multi-Purpose Building (Covered Court), Barangay 17 P.F. Alviar, Vintar, Ilocos Norte",2000000,Ilocos Norte 1st District Engineering Office,Region I,3- HB 10858 FOR 3RD READING VOL I-C .pdf,673,"[""Ilocos Norte · 1st District""]","[""Sandro Marcos""]","[{""place"": ""vintar"", ""jurisdiction"": ""ilocos norte"", ""seats"": [""1st""]}]",[],[],Not independently verified,Multiple or already paired NEP counterparts; review scope,"Construction (Completion) of Multi-purpose Building (Covered Court), Barangay Cabusay, Labo, Camarines Norte"
HB10858-3-0673-011030,"Construction/Rehabilitation of Multi-Purpose Building, Barangay Dagupan, Vintar, Ilocos Norte",5000000,Ilocos Norte 1st District Engineering Office,Region I,3- HB 10858 FOR 3RD READING VOL I-C .pdf,673,"[""Ilocos Norte · 1st District""]","[""Sandro Marcos""]","[{""place"": ""vintar"", ""jurisdiction"": ""ilocos norte"", ""seats"": [""1st""]}]",[],[],Not independently verified,No plausible NEP title counterpart; review candidate,"Construction of Multi-Purpose Building, Barangay Naguilian, Nueva Era, Ilocos Norte"
HB10858-3-0673-011031,"Construction/Rehabilitation of Multi-Purpose Building, Barangay Malampa, Vintar, Ilocos Norte",5000000,Ilocos Norte 1st District Engineering Office,Region I,3- HB 10858 FOR 3RD READING VOL I-C .pdf,673,"[""Ilocos Norte · 1st District""]","[""Sandro Marcos""]","[{""place"": ""vintar"", ""jurisdiction"": ""ilocos norte"", ""seats"": [""1st""]}]",[],[],Not independently verified,No plausible NEP title counterpart; review candidate,"Construction of Multi-Purpose Building, Barangay Baresbes, Dingras, Ilocos Norte"
HB10858-3-0673-011032,"Construction of Multi-Purpose Building, Bureau of Fire Protection (BFP-Satellite Office), Barangay 31 Dagupan, Vintar, Ilocos Norte",15000000,Ilocos Norte 1st District Engineering Office,Region I,3- HB 10858 FOR 3RD READING VOL I-C .pdf,673,"[""Ilocos Norte · 1st District""]","[""Sandro Marcos""]","[{""place"": ""vintar"", ""jurisdiction"": ""ilocos norte"", ""seats"": [""1st""]}]",[],[],Not independently verified,No plausible NEP title counterpart; review candidate,"Construction of Multi-Purpose Building (Barangay Hall) Barangay Nangguyudan, Paoay, Ilocos Norte"
HB10858-3-0673-011033,"Construction of Mutli-Purpose Building, Barangay 6 Parut, Vintar, Ilocos Norte",3000000,Ilocos Norte 1st District Engineering Office,Region I,3- HB 10858 FOR 3RD READING VOL I-C .pdf,673,"[""Ilocos Norte · 1st District""]","[""Sandro Marcos""]","[{""place"": ""vintar"", ""jurisdiction"": ""ilocos norte"", ""seats"": [""1st""]}]",[],[],Not independently verified,Multiple or already paired NEP counterparts; review scope,"Construction of Multi-Purpose Building, Barangay Baresbes, Dingras, Ilocos Norte"
HB10858-3-0673-011034,"Construction of Multi-Purpose Building, Barangay 4 Sta. Maria, Vintar, Ilocos Norte",5000000,Ilocos Norte 1st District Engineering Office,Region I,3- HB 10858 FOR 3RD READING VOL I-C .pdf,673,"[""Ilocos Norte · 1st District""]","[""Sandro Marcos""]","[{""place"": ""vintar"", ""jurisdiction"": ""ilocos norte"", ""seats"": [""1st""]}]",[],[],Not independently verified,Multiple or already paired NEP counterparts; review scope,"Construction of Multi-Purpose Building, Barangay Baresbes, Dingras, Ilocos Norte"
HB10858-3-0673-011035,"Construction of Multi-Purpose Building, Barangay 18 Abkir, Vintar, Ilocos Norte",5000000,Ilocos Norte 1st District Engineering Office,Region I,3- HB 10858 FOR 3RD READING VOL I-C .pdf,673,"[""Ilocos Norte · 1st District""]","[""Sandro Marcos""]","[{""place"": ""vintar"", ""jurisdiction"": ""ilocos norte"", ""seats"": [""1st""]}]",[],[],Not independently verified,Multiple or already paired NEP counterparts; review scope,"Construction of Multi-Purpose Building, Barangay Baresbes, Dingras, Ilocos Norte"
HB10858-3-0673-011036,"Rehabilitation/Completion of Multi-Purpose Building (Covered Court), Barangay 12 Namoroc, Vintar, Ilocos Norte",2000000,Ilocos Norte 1st District Engineering Office,Region I,3- HB 10858 FOR 3RD READING VOL I-C .pdf,673,"[""Ilocos Norte · 1st District""]","[""Sandro Marcos""]","[{""place"": ""vintar"", ""jurisdiction"": ""ilocos norte"", ""seats"": [""1st""]}]",[],[],Not independently verified,No plausible NEP title counterpart; review candidate,"Construction (Completion) of Multi-Purpose Building (Covered Court), barangay 12, Dapa, Siargao Island, Surigao del Norte"
HB10858-3-0673-011037,"Construction/Rehabilitation of Multi-Purpose Building, Barangay 11 Bulbulala, Vintar, Ilocos Norte",5000000,Ilocos Norte 1st District Engineering Office,Region I,3- HB 10858 FOR 3RD READING VOL I-C .pdf,673,"[""Ilocos Norte · 1st District""]","[""Sandro Marcos""]","[{""place"": ""vintar"", ""jurisdiction"": ""ilocos norte"", ""seats"": [""1st""]}]",[],[],Not independently verified,No plausible NEP title counterpart; review candidate,"Construction of Multi-Purpose Building, Barangay Poblacion, Nueva Era, Ilocos Norte"
HB10858-3-0673-011038,"Construction (Completion) of Multi Purpose Building, Barangay Alejo Malasig, Vintar, Ilocos Norte",3000000,Ilocos Norte 1st District Engineering Office,Region I,3- HB 10858 FOR 3RD READING VOL I-C .pdf,673,"[""Ilocos Norte · 1st District""]","[""Sandro Marcos""]","[{""place"": ""vintar"", ""jurisdiction"": ""ilocos norte"", ""seats"": [""1st""]}]",[],[],Not independently verified,No plausible NEP title counterpart; review candidate,"Construction of Multi-Purpose Building, Barangay Poblacion, Nueva Era, Ilocos Norte"
HB10858-3-0673-011039,"Construction/Rehabilitation of Multi-Purpose Building, Barangay Columbia, Vintar, Ilocos Norte",5000000,Ilocos Norte 1st District Engineering Office,Region I,3- HB 10858 FOR 3RD READING VOL I-C .pdf,673,"[""Ilocos Norte · 1st District""]","[""Sandro Marcos""]","[{""place"": ""vintar"", ""jurisdiction"": ""ilocos norte"", ""seats"": [""1st""]}]",[],[],Not independently verified,No plausible NEP title counterpart; review candidate,"Construction of Multi-Purpose Building, Barangay Baresbes, Dingras, Ilocos Norte"
HB10858-3-0673-011040,"Rehabilitation of Multi-Purpose Building (Covered Court), Vintar, Ilocos Norte",5000000,Ilocos Norte 1st District Engineering Office,Region I,3- HB 10858 FOR 3RD READING VOL I-C .pdf,673,"[""Ilocos Norte · 1st District""]","[""Sandro Marcos""]","[{""place"": ""vintar"", ""jurisdiction"": ""ilocos norte"", ""seats"": [""1st""]}]",[],[],Not independently verified,No plausible NEP title counterpart; review candidate,"Rehabilitation of Multi-Purpose Building (Covered Court), Barangay Bading, Butuan City, Agusan del Norte"
HB10858-3-0673-011041,"Construction (Completion) of Multi Purpose Building (Visaya Army Camp), Barangay Visaya, Vintar, Ilocos Norte",5000000,Ilocos Norte 1st District Engineering Office,Region I,3- HB 10858 FOR 3RD READING VOL I-C .pdf,673,"[""Ilocos Norte · 1st District""]","[""Sandro Marcos""]","[{""place"": ""vintar"", ""jurisdiction"": ""ilocos norte"", ""seats"": [""1st""]}]",[],[],Not independently verified,No plausible NEP title counterpart; review candidate,"Construction of Multi-Purpose Building (Covered Court), Barangay Mandaloque, Dingras, Ilocos Norte"
HB10858-3-0673-011042,"Construction of Multi-Purpose Building, Namoroc Mabanbanag Elementary School, Vintar Ilocos Norte",7500000,Ilocos Norte 1st District Engineering Office,Region I,3- HB 10858 FOR 3RD READING VOL I-C .pdf,673,"[""Ilocos Norte · 1st District""]","[""Sandro Marcos""]","[{""place"": ""vintar"", ""jurisdiction"": ""ilocos norte"", ""seats"": [""1st""]}]",[],[],Not independently verified,No plausible NEP title counterpart; review candidate,"Construction of Multi-Purpose Building (Covered Court), Barangay Sta. Rita, Paoay, Ilocos Norte"
HB10858-3-0673-011043,"Rehabilitation/Completion of Multi-Purpose Building (Covered Court), Ester Elementary School, Barangay 14 Ester, Vintar, Ilocos Norte",2230000,Ilocos Norte 1st District Engineering Office,Region I,3- HB 10858 FOR 3RD READING VOL I-C .pdf,673,"[""Ilocos Norte · 1st District""]","[""Sandro Marcos""]","[{""place"": ""vintar"", ""jurisdiction"": ""ilocos norte"", ""seats"": [""1st""]}]",[],[],Not independently verified,No plausible NEP title counterpart; review candidate,"Construction of Multi-Purpose Building (Covered Court), Barangay Sta. Rita, Paoay, Ilocos Norte"
HB10858-3-0673-011044,"Construction (Completion) of Multi-Purpose Building, 1. Pallas Integrated School, 2. Namoroc-Mabanbanag Elementary School, Vintar, Ilocos Norte",2000000,Ilocos Norte 1st District Engineering Office,Region I,3- HB 10858 FOR 3RD READING VOL I-C .pdf,673,"[""Ilocos Norte · 1st District""]","[""Sandro Marcos""]","[{""place"": ""vintar"", ""jurisdiction"": ""ilocos norte"", ""seats"": [""1st""]}]",[],[],Not independently verified,No plausible NEP title counterpart; review candidate,"Construction of Multi-Purpose Building (Barangay Hall) Barangay Lorenzo, Banna, Ilocos Norte"
HB10858-3-0673-011045,"Construction (Completion) of Multi-Purpose Building, 1. Salpad Integrated School, 2. Magabobo Elementary School, 3. Salsalamagui Elementary School, 4. Alsem Elementary School, 5. Columbia-Cabisuculan Elementary School, Vintar, Ilocos Norte",5000000,Ilocos Norte 1st District Engineering Office,Region I,3- HB 10858 FOR 3RD READING VOL I-C .pdf,673,"[""Ilocos Norte · 1st District""]","[""Sandro Marcos""]","[{""place"": ""vintar"", ""jurisdiction"": ""ilocos norte"", ""seats"": [""1st""]}]",[],[],Not independently verified,No plausible NEP title counterpart; review candidate,"Construction of Multi-Purpose Building (Covered Court), Barangay Poblacion 2, Currimao, Ilocos Norte"
HB10858-3-0674-011046,"Construction (Completion) of Multi-Purpose Building, INNHS, Laoag City, Ilocos Norte",50000000,Ilocos Norte 1st District Engineering Office,Region I,3- HB 10858 FOR 3RD READING VOL I-C .pdf,674,"[""Ilocos Norte · 1st District""]","[""Sandro Marcos""]","[{""place"": ""laoag"", ""jurisdiction"": ""ilocos norte"", ""seats"": [""1st""]}]",[],[],Not independently verified,Multiple or already paired NEP counterparts; review scope,"Construction of Multi-Purpose Building (INSPIRE BUILDING), Laoag City, Ilocos Norte"
HB10858-3-0674-011047,"Construction (Completion) of various Multi-Purpose Building, Piddig, Ilocos Norte",10000000,Ilocos Norte 1st District Engineering Office,Region I,3- HB 10858 FOR 3RD READING VOL I-C .pdf,674,"[""Ilocos Norte · 1st District""]","[""Sandro Marcos""]","[{""place"": ""piddig"", ""jurisdiction"": ""ilocos norte"", ""seats"": [""1st""]}]",[],[],Not independently verified,No plausible NEP title counterpart; review candidate,"Construction of Multi-Purpose Building (INSPIRE BUILDING), Laoag City, Ilocos Norte"
HB10858-3-0674-011048,"Construction of 2 Units of Multi-Purpose Building, Barangay Sta. Rita, Bacarra, Ilocos Norte",100000000,Ilocos Norte 1st District Engineering Office,Region I,3- HB 10858 FOR 3RD READING VOL I-C .pdf,674,"[""Ilocos Norte · 1st District""]","[""Sandro Marcos""]","[{""place"": ""bacarra"", ""jurisdiction"": ""ilocos norte"", ""seats"": [""1st""]}]",[],[],Not independently verified,No plausible NEP title counterpart; review candidate,"Construction of Multi-Purpose Building (Covered Court), Barangay Sta. Rita, Paoay, Ilocos Norte"
HB10858-3-0674-011049,"Construction/Rehabilitation of Multi-Purpose Building, Barangay Barangay Sta. Rita, Bacarra, Ilocos Norte",10000000,Ilocos Norte 1st District Engineering Office,Region I,3- HB 10858 FOR 3RD READING VOL I-C .pdf,674,"[""Ilocos Norte · 1st District""]","[""Sandro Marcos""]","[{""place"": ""bacarra"", ""jurisdiction"": ""ilocos norte"", ""seats"": [""1st""]}]",[],[],Not independently verified,No plausible NEP title counterpart; review candidate,"Construction of Multi-Purpose Building (Barangay Hall) Barangay Bugasi, Banna, Ilocos Norte"
HB10858-3-0674-011050,"Construction of Multi-Purpose Building, Barangay Abaca, Bangui, Ilocos Norte",10000000,Ilocos Norte 1st District Engineering Office,Region I,3- HB 10858 FOR 3RD READING VOL I-C .pdf,674,"[""Ilocos Norte · 1st District""]","[""Sandro Marcos""]","[{""place"": ""bangui"", ""jurisdiction"": ""ilocos norte"", ""seats"": [""1st""]}]",[],[],Not independently verified,Multiple or already paired NEP counterparts; review scope,"Construction of Multi-Purpose Building, Barangay Baresbes, Dingras, Ilocos Norte"
HB10858-3-0674-011051,"Construction/Rehabilitation of Multi-Purpose Building, Barangay San Lorenzo, Bangui, Ilocos Norte",10000000,Ilocos Norte 1st District Engineering Office,Region I,3- HB 10858 FOR 3RD READING VOL I-C .pdf,674,"[""Ilocos Norte · 1st District""]","[""Sandro Marcos""]","[{""place"": ""bangui"", ""jurisdiction"": ""ilocos norte"", ""seats"": [""1st""]}]",[],[],Not independently verified,No plausible NEP title counterpart; review candidate,"Construction of Multi-Purpose Building (Barangay Hall) Barangay Lorenzo, Banna, Ilocos Norte"
HB10858-3-0674-011052,"Construction/Rehabilitation of Multi-Purpose Building, Barangay Poblacion, Burgos, Ilocos Norte",10000000,Ilocos Norte 1st District Engineering Office,Region I,3- HB 10858 FOR 3RD READING VOL I-C .pdf,674,"[""Ilocos Norte · 1st District""]","[""Sandro Marcos""]","[{""place"": ""burgos"", ""jurisdiction"": ""ilocos norte"", ""seats"": [""1st""]}]",[],[],Not independently verified,Multiple or already paired NEP counterparts; review scope,"Construction of Multi-Purpose Building, Barangay Poblacion, Nueva Era, Ilocos Norte"
HB10858-3-0674-011053,"Rehabilitation of Multi-Purpose Building including Facilities, Barangay Saoit, Burgos, Ilocos Norte",10000000,Ilocos Norte 1st District Engineering Office,Region I,3- HB 10858 FOR 3RD READING VOL I-C .pdf,674,"[""Ilocos Norte · 1st District""]","[""Sandro Marcos""]","[{""place"": ""burgos"", ""jurisdiction"": ""ilocos norte"", ""seats"": [""1st""]}]",[],[],Not independently verified,No plausible NEP title counterpart; review candidate,"Construction of Multi-Purpose Building (Barangay Hall) Barangay Root, Dingras, Ilocos Norte"
HB10858-3-0674-011054,"Construction/Rehabilitation of Multi-Purpose Building, Municipal Fire Station Building, Burgos, Ilocos Norte",20000000,Ilocos Norte 1st District Engineering Office,Region I,3- HB 10858 FOR 3RD READING VOL I-C .pdf,674,"[""Ilocos Norte · 1st District""]","[""Sandro Marcos""]","[{""place"": ""burgos"", ""jurisdiction"": ""ilocos norte"", ""seats"": [""1st""]}]",[],[],Not independently verified,No plausible NEP title counterpart; review candidate,"Construction of Multi-Purpose Building (INSPIRE BUILDING), Laoag City, Ilocos Norte"
HB10858-3-0674-011055,"Construction of 2 Storey Multi-Purpose Building, Barangay Poblacion, Burgos, Ilocos Norte",20000000,Ilocos Norte 1st District Engineering Office,Region I,3- HB 10858 FOR 3RD READING VOL I-C .pdf,674,"[""Ilocos Norte · 1st District""]","[""Sandro Marcos""]","[{""place"": ""burgos"", ""jurisdiction"": ""ilocos norte"", ""seats"": [""1st""]}]",[],[],Not independently verified,Multiple or already paired NEP counterparts; review scope,"Construction of Multi-Purpose Building, Barangay Poblacion, Nueva Era, Ilocos Norte"
HB10858-3-0674-011056,"Construction/Rehabilitation of Multi-Purpose Building, Barangay Barbaqueso, Carasi, Ilocos Norte",10000000,Ilocos Norte 1st District Engineering Office,Region I,3- HB 10858 FOR 3RD READING VOL I-C .pdf,674,"[""Ilocos Norte · 1st District""]","[""Sandro Marcos""]","[{""place"": ""carasi"", ""jurisdiction"": ""ilocos norte"", ""seats"": [""1st""]}]",[],[],Not independently verified,No plausible NEP title counterpart; review candidate,"Construction of Multi-Purpose Building, Barangay Baresbes, Dingras, Ilocos Norte"
HB10858-3-0674-011057,"Construction/Rehabilitation of Multi-Purpose Building, Barangay Kalaw, Dumalneg, Ilocos Norte",10000000,Ilocos Norte 1st District Engineering Office,Region I,3- HB 10858 FOR 3RD READING VOL I-C .pdf,674,"[""Ilocos Norte · 1st District""]","[""Sandro Marcos""]","[{""place"": ""dumalneg"", ""jurisdiction"": ""ilocos norte"", ""seats"": [""1st""]}]",[],[],Not independently verified,No plausible NEP title counterpart; review candidate,"Construction of Multi-Purpose Building, Barangay Naguilian, Nueva Era, Ilocos Norte"
HB10858-3-0674-011058,"Construction/Rehabilitation of Multi-Purpose Building, Barangay 10, Laoag City, Ilocos Norte",40000000,Ilocos Norte 1st District Engineering Office,Region I,3- HB 10858 FOR 3RD READING VOL I-C .pdf,674,"[""Ilocos Norte · 1st District""]","[""Sandro Marcos""]","[{""place"": ""laoag"", ""jurisdiction"": ""ilocos norte"", ""seats"": [""1st""]}]",[],[],Not independently verified,No plausible NEP title counterpart; review candidate,"Construction of Multi-Purpose Building (INSPIRE BUILDING), Laoag City, Ilocos Norte"
HB10858-3-0674-011059,"Construction/Rehabilitation of Multi-Purpose Building, Barangay 5, Laoag City, Ilocos Norte",10000000,Ilocos Norte 1st District Engineering Office,Region I,3- HB 10858 FOR 3RD READING VOL I-C .pdf,674,"[""Ilocos Norte · 1st District""]","[""Sandro Marcos""]","[{""place"": ""laoag"", ""jurisdiction"": ""ilocos norte"", ""seats"": [""1st""]}]",[],[],Not independently verified,No plausible NEP title counterpart; review candidate,"Construction of Multi-Purpose Building (INSPIRE BUILDING), Laoag City, Ilocos Norte"
HB10858-3-0674-011060,"Construction (Completion) of Multi-Purpose Building (Covered Court), Barangay Sta. Rosa, Laoag City, Ilocos Norte",5000000,Ilocos Norte 1st District Engineering Office,Region I,3- HB 10858 FOR 3RD READING VOL I-C .pdf,674,"[""Ilocos Norte · 1st District""]","[""Sandro Marcos""]","[{""place"": ""laoag"", ""jurisdiction"": ""ilocos norte"", ""seats"": [""1st""]}]",[],[],Not independently verified,Multiple or already paired NEP counterparts; review scope,"Construction of Multi-Purpose Building (Covered Court), Barangay Sta. Rita, Paoay, Ilocos Norte"
HB10858-3-0674-011061,"Construction/Rehabilitation of Multi-Purpose Building, Barangay Poblacion 2, Pagudpud, Ilocos Norte",10000000,Ilocos Norte 1st District Engineering Office,Region I,3- HB 10858 FOR 3RD READING VOL I-C .pdf,674,"[""Ilocos Norte · 1st District""]","[""Sandro Marcos""]","[{""place"": ""pagudpud"", ""jurisdiction"": ""ilocos norte"", ""seats"": [""1st""]}]",[],[],Not independently verified,No plausible NEP title counterpart; review candidate,"Construction of Multi-Purpose Building, Barangay Poblacion, Nueva Era, Ilocos Norte"
HB10858-3-0674-011062,"Construction/Rehabilitation of Multi-Purpose Building, Barangay Poblacion 1, Pasuquin, Ilocos Norte",10000000,Ilocos Norte 1st District Engineering Office,Region I,3- HB 10858 FOR 3RD READING VOL I-C .pdf,674,"[""Ilocos Norte · 1st District""]","[""Sandro Marcos""]","[{""place"": ""pasuquin"", ""jurisdiction"": ""ilocos norte"", ""seats"": [""1st""]}]",[],[],Not independently verified,No plausible NEP title counterpart; review candidate,"Construction of Multi-Purpose Building, Barangay Poblacion, Nueva Era, Ilocos Norte"
HB10858-3-0674-011063,"Construction/Rehabilitation of Multi-Purpose Building, Barangay Anao, Piddig, Ilocos Norte",10000000,Ilocos Norte 1st District Engineering Office,Region I,3- HB 10858 FOR 3RD READING VOL I-C .pdf,674,"[""Ilocos Norte · 1st District""]","[""Sandro Marcos""]","[{""place"": ""piddig"", ""jurisdiction"": ""ilocos norte"", ""seats"": [""1st""]}]",[],[],Not independently verified,No plausible NEP title counterpart; review candidate,"Construction of Multi-Purpose Building, Barangay Baresbes, Dingras, Ilocos Norte"
HB10858-3-0674-011064,"Construction of Multi-Purpose Building (Covered Court), Dupitac Elementary School, Barangay Dupitac, Piddig, Ilocos Norte",5000000,Ilocos Norte 1st District Engineering Office,Region I,3- HB 10858 FOR 3RD READING VOL I-C .pdf,674,"[""Ilocos Norte · 1st District""]","[""Sandro Marcos""]","[{""place"": ""piddig"", ""jurisdiction"": ""ilocos norte"", ""seats"": [""1st""]}]",[],[],Not independently verified,No plausible NEP title counterpart; review candidate,"Construction of Multi-Purpose Building (Covered Court), Barangay Sta. Rita, Paoay, Ilocos Norte"
HB10858-3-0675-011065,"Construction (Completion) of Multi-Purpose Building (Covered Court), Boyboy Elementary School, Piddig, Ilocos Norte",5000000,Ilocos Norte 1st District Engineering Office,Region I,3- HB 10858 FOR 3RD READING VOL I-C .pdf,675,"[""Ilocos Norte · 1st District""]","[""Sandro Marcos""]","[{""place"": ""piddig"", ""jurisdiction"": ""ilocos norte"", ""seats"": [""1st""]}]",[],[],Not independently verified,No plausible NEP title counterpart; review candidate,"Construction (Completion) of Multi-purpose Building (Covered Court), Barangay Cabusay, Labo, Camarines Norte"
HB10858-3-0675-011066,"Construction/Rehabilitation of Multi-Purpose Building, Barangay 2, Sarrat, Ilocos Norte",10000000,Ilocos Norte 1st District Engineering Office,Region I,3- HB 10858 FOR 3RD READING VOL I-C .pdf,675,"[""Ilocos Norte · 1st District""]","[""Sandro Marcos""]","[{""place"": ""sarrat"", ""jurisdiction"": ""ilocos norte"", ""seats"": [""1st""]}]",[],[],Not independently verified,No plausible NEP title counterpart; review candidate,"Construction of Multi-Purpose Building, Barangay Baresbes, Dingras, Ilocos Norte"
HB10858-3-0675-011067,"Construction of Multi-Purpose Building, San Antonio Elementary School, Barangay San Antonio, Sarrat, Ilocos Norte",30000000,Ilocos Norte 1st District Engineering Office,Region I,3- HB 10858 FOR 3RD READING VOL I-C .pdf,675,"[""Ilocos Norte · 1st District""]","[""Sandro Marcos""]","[{""place"": ""sarrat"", ""jurisdiction"": ""ilocos norte"", ""seats"": [""1st""]}]",[],[],Not independently verified,No plausible NEP title counterpart; review candidate,"Construction of Multi-Purpose Building (Completion) Barangay San Gregorio, San Nicolas, Ilocos Norte"
HB10858-3-0675-011068,"Construction (Completion) of Multi-Purpose Building, Barangay San Pedro, Sarrat, Ilocos Norte",2000000,Ilocos Norte 1st District Engineering Office,Region I,3- HB 10858 FOR 3RD READING VOL I-C .pdf,675,"[""Ilocos Norte · 1st District""]","[""Sandro Marcos""]","[{""place"": ""sarrat"", ""jurisdiction"": ""ilocos norte"", ""seats"": [""1st""]}]",[],[],Not independently verified,No plausible NEP title counterpart; review candidate,"Construction (Completion) of Multi-Purpose Building, Barangay San Jose Norte I, Mallig, Isabela"
HB10858-3-0675-011069,"Construction/Rehabilitation of Multi-Purpose Building, Barangay 5, Vintar, Ilocos Norte",10000000,Ilocos Norte 1st District Engineering Office,Region I,3- HB 10858 FOR 3RD READING VOL I-C .pdf,675,"[""Ilocos Norte · 1st District""]","[""Sandro Marcos""]","[{""place"": ""vintar"", ""jurisdiction"": ""ilocos norte"", ""seats"": [""1st""]}]",[],[],Not independently verified,No plausible NEP title counterpart; review candidate,"Construction of Multi-Purpose Building, Barangay Baresbes, Dingras, Ilocos Norte"
HB10858-3-0776-013134,"Construction of Multi-Purpose Building, Manuel S. Enverga School of Arts and Trades, Barangay Soledad, Mauban, Quezon",8000000,Quezon 1st District Engineering Office,Region IV-A,3- HB 10858 FOR 3RD READING VOL I-C .pdf,776,"[""Quezon · 3rd District""]","[""Reynante Arrogancia""]","[{""place"": ""quezon"", ""jurisdiction"": ""quezon"", ""seats"": [""3rd""]}]","[""Local crosswalks disagree or the primary crosswalk lacks a named locality."", ""Quezon is being used as a municipality match; its role as province, city, barangay, bridge or road name must be established from geographic context.""]","[{""locality"": ""mauban"", ""primaryDistrict"": null, ""alternativeDistrict"": ""1st District"", ""decision"": ""Unresolved; neither local crosswalk is treated as authoritative.""}]",Unresolved: flagged geographic evidence,No plausible NEP title counterpart; review candidate,"Construction of Multi-Purpose Building at Barangay Baao, Mauban, Quezon"
HB10858-3-0776-013135,"Construction of Multi-Purpose Building, Paaralang Elementarya ng Nakal, Barangay Nalunao, Lucban, Quezon",8500000,Quezon 1st District Engineering Office,Region IV-A,3- HB 10858 FOR 3RD READING VOL I-C .pdf,776,"[""Quezon · 3rd District""]","[""Reynante Arrogancia""]","[{""place"": ""quezon"", ""jurisdiction"": ""quezon"", ""seats"": [""3rd""]}]","[""Local crosswalks disagree or the primary crosswalk lacks a named locality."", ""Quezon is being used as a municipality match; its role as province, city, barangay, bridge or road name must be established from geographic context.""]","[{""locality"": ""lucban"", ""primaryDistrict"": null, ""alternativeDistrict"": ""1st District"", ""decision"": ""Unresolved; neither local crosswalk is treated as authoritative.""}]",Unresolved: flagged geographic evidence,No plausible NEP title counterpart; review candidate,"Construction of Multi-Purpose Building at Barangay Kalyaat, Lucban, Quezon"
HB10858-3-0777-013141,"Construction (Completion) of Multi-Purpose Building, Barangay Kalangay, Lucban, Quezon",8000000,Quezon 1st District Engineering Office,Region IV-A,3- HB 10858 FOR 3RD READING VOL I-C .pdf,777,"[""Quezon · 3rd District""]","[""Reynante Arrogancia""]","[{""place"": ""quezon"", ""jurisdiction"": ""quezon"", ""seats"": [""3rd""]}]","[""Local crosswalks disagree or the primary crosswalk lacks a named locality."", ""Quezon is being used as a municipality match; its role as province, city, barangay, bridge or road name must be established from geographic context.""]","[{""locality"": ""lucban"", ""primaryDistrict"": null, ""alternativeDistrict"": ""1st District"", ""decision"": ""Unresolved; neither local crosswalk is treated as authoritative.""}]",Unresolved: flagged geographic evidence,Exact normalized title found in NEP,"Construction (Completion) of Multi-Purpose Building, Barangay Kalangay, Lucban, Quezon"
HB10858-3-0777-013144,"Construction (Completion) of Multi-Purpose Building, Barangay Pisa, General Nakar, Quezon",8500000,Quezon 1st District Engineering Office,Region IV-A,3- HB 10858 FOR 3RD READING VOL I-C .pdf,777,"[""Quezon · 3rd District""]","[""Reynante Arrogancia""]","[{""place"": ""quezon"", ""jurisdiction"": ""quezon"", ""seats"": [""3rd""]}]","[""Local crosswalks disagree or the primary crosswalk lacks a named locality."", ""Quezon is being used as a municipality match; its role as province, city, barangay, bridge or road name must be established from geographic context.""]","[{""locality"": ""general nakar"", ""primaryDistrict"": null, ""alternativeDistrict"": ""1st District"", ""decision"": ""Unresolved; neither local crosswalk is treated as authoritative.""}]",Unresolved: flagged geographic evidence,Exact normalized title found in NEP,"Construction (Completion) of Multi-Purpose Building, Barangay Pisa, General Nakar, Quezon"
HB10858-3-0777-013145,"Construction (Completion) of Multi-Purpose Building, Barangay Sablang, General Nakar, Quezon",8500000,Quezon 1st District Engineering Office,Region IV-A,3- HB 10858 FOR 3RD READING VOL I-C .pdf,777,"[""Quezon · 3rd District""]","[""Reynante Arrogancia""]","[{""place"": ""quezon"", ""jurisdiction"": ""quezon"", ""seats"": [""3rd""]}]","[""Local crosswalks disagree or the primary crosswalk lacks a named locality."", ""Quezon is being used as a municipality match; its role as province, city, barangay, bridge or road name must be established from geographic context.""]","[{""locality"": ""general nakar"", ""primaryDistrict"": null, ""alternativeDistrict"": ""1st District"", ""decision"": ""Unresolved; neither local crosswalk is treated as authoritative.""}]",Unresolved: flagged geographic evidence,Exact normalized title found in NEP,"Construction (Completion) of Multi-Purpose Building, Barangay Sablang, General Nakar, Quezon"
HB10858-3-0777-013156,"Construction/Completion of Multi-Purpose Building at Barangay Lual Rural, Mauban Quezon",3000000,Quezon 1st District Engineering Office,Region IV-A,3- HB 10858 FOR 3RD READING VOL I-C .pdf,777,"[""Quezon · 3rd District""]","[""Reynante Arrogancia""]","[{""place"": ""quezon"", ""jurisdiction"": ""quezon"", ""seats"": [""3rd""]}]","[""Local crosswalks disagree or the primary crosswalk lacks a named locality."", ""Quezon is being used as a municipality match; its role as province, city, barangay, bridge or road name must be established from geographic context.""]","[{""locality"": ""mauban"", ""primaryDistrict"": null, ""alternativeDistrict"": ""1st District"", ""decision"": ""Unresolved; neither local crosswalk is treated as authoritative.""}]",Unresolved: flagged geographic evidence,Plausible NEP title counterpart; review scope,"Construction of Multi-Purpose Building at Barangay Abo-Abo, Mauban Quezon"
HB10858-3-0777-013157,"Construction of Multi-Purpose Building at Barangay Rizaliana, Mauban, Quezon",3000000,Quezon 1st District Engineering Office,Region IV-A,3- HB 10858 FOR 3RD READING VOL I-C .pdf,777,"[""Quezon · 3rd District""]","[""Reynante Arrogancia""]","[{""place"": ""quezon"", ""jurisdiction"": ""quezon"", ""seats"": [""3rd""]}]","[""Local crosswalks disagree or the primary crosswalk lacks a named locality."", ""Quezon is being used as a municipality match; its role as province, city, barangay, bridge or road name must be established from geographic context.""]","[{""locality"": ""mauban"", ""primaryDistrict"": null, ""alternativeDistrict"": ""1st District"", ""decision"": ""Unresolved; neither local crosswalk is treated as authoritative.""}]",Unresolved: flagged geographic evidence,Plausible NEP title counterpart; review scope,"Construction of Multi-Purpose Building at Barangay Daungan, Mauban Quezon"
HB10858-3-0778-013158,"Construction/Completion of Multi-Purpose Building at Barangay Balay-Balay, Mauban, Quezon",2500000,Quezon 1st District Engineering Office,Region IV-A,3- HB 10858 FOR 3RD READING VOL I-C .pdf,778,"[""Quezon · 3rd District""]","[""Reynante Arrogancia""]","[{""place"": ""quezon"", ""jurisdiction"": ""quezon"", ""seats"": [""3rd""]}]","[""Local crosswalks disagree or the primary crosswalk lacks a named locality."", ""Quezon is being used as a municipality match; its role as province, city, barangay, bridge or road name must be established from geographic context.""]","[{""locality"": ""mauban"", ""primaryDistrict"": null, ""alternativeDistrict"": ""1st District"", ""decision"": ""Unresolved; neither local crosswalk is treated as authoritative.""}]",Unresolved: flagged geographic evidence,Multiple or already paired NEP counterparts; review scope,"Construction (Completion)of Multi-Purpose Building at Barangay Bantilan, Infanta, Quezon"
HB10858-3-0778-013159,"Construction of Multi-Purpose Building at Barangay Carlagan, Burdeos, Quezon",6000000,Quezon 1st District Engineering Office,Region IV-A,3- HB 10858 FOR 3RD READING VOL I-C .pdf,778,"[""Quezon · 3rd District""]","[""Reynante Arrogancia""]","[{""place"": ""quezon"", ""jurisdiction"": ""quezon"", ""seats"": [""3rd""]}]","[""Local crosswalks disagree or the primary crosswalk lacks a named locality."", ""Quezon is being used as a municipality match; its role as province, city, barangay, bridge or road name must be established from geographic context.""]","[{""locality"": ""burdeos"", ""primaryDistrict"": null, ""alternativeDistrict"": ""1st District"", ""decision"": ""Unresolved; neither local crosswalk is treated as authoritative.""}]",Unresolved: flagged geographic evidence,Exact normalized title found in NEP,"Construction of Multi-Purpose Building at Barangay Carlagan, Burdeos, Quezon"
HB10858-3-0778-013160,"Construction of Multi-Purpose Building at Barangay Polo, Mauban, Quezon",3000000,Quezon 1st District Engineering Office,Region IV-A,3- HB 10858 FOR 3RD READING VOL I-C .pdf,778,"[""Quezon · 3rd District""]","[""Reynante Arrogancia""]","[{""place"": ""quezon"", ""jurisdiction"": ""quezon"", ""seats"": [""3rd""]}]","[""Local crosswalks disagree or the primary crosswalk lacks a named locality."", ""Quezon is being used as a municipality match; its role as province, city, barangay, bridge or road name must be established from geographic context.""]","[{""locality"": ""mauban"", ""primaryDistrict"": null, ""alternativeDistrict"": ""1st District"", ""decision"": ""Unresolved; neither local crosswalk is treated as authoritative.""}]",Unresolved: flagged geographic evidence,Plausible NEP title counterpart; review scope,"Construction of Multi-Purpose Building at Barangay Baao, Mauban, Quezon"
HB10858-3-0778-013161,"Construction of Multi-Purpose Building at Barangay Concepcion, Mauban Quezon",5000000,Quezon 1st District Engineering Office,Region IV-A,3- HB 10858 FOR 3RD READING VOL I-C .pdf,778,"[""Quezon · 3rd District""]","[""Reynante Arrogancia""]","[{""place"": ""quezon"", ""jurisdiction"": ""quezon"", ""seats"": [""3rd""]}]","[""Local crosswalks disagree or the primary crosswalk lacks a named locality."", ""Quezon is being used as a municipality match; its role as province, city, barangay, bridge or road name must be established from geographic context.""]","[{""locality"": ""mauban"", ""primaryDistrict"": null, ""alternativeDistrict"": ""1st District"", ""decision"": ""Unresolved; neither local crosswalk is treated as authoritative.""}]",Unresolved: flagged geographic evidence,Exact normalized title found in NEP,"Construction of Multi-Purpose Building at Barangay Concepcion, Mauban Quezon"
HB10858-3-0778-013165,"Construction of Multi-Purpose Building at Barangay Kalyaat, Lucban, Quezon",5000000,Quezon 1st District Engineering Office,Region IV-A,3- HB 10858 FOR 3RD READING VOL I-C .pdf,778,"[""Quezon · 3rd District""]","[""Reynante Arrogancia""]","[{""place"": ""quezon"", ""jurisdiction"": ""quezon"", ""seats"": [""3rd""]}]","[""Local crosswalks disagree or the primary crosswalk lacks a named locality."", ""Quezon is being used as a municipality match; its role as province, city, barangay, bridge or road name must be established from geographic context.""]","[{""locality"": ""lucban"", ""primaryDistrict"": null, ""alternativeDistrict"": ""1st District"", ""decision"": ""Unresolved; neither local crosswalk is treated as authoritative.""}]",Unresolved: flagged geographic evidence,Exact normalized title found in NEP,"Construction of Multi-Purpose Building at Barangay Kalyaat, Lucban, Quezon"
HB10858-3-0778-013168,"Construction/Completion of Multi-Purpose Building at Barangay Magsikap, General Nakar, Quezon",6000000,Quezon 1st District Engineering Office,Region IV-A,3- HB 10858 FOR 3RD READING VOL I-C .pdf,778,"[""Quezon · 3rd District""]","[""Reynante Arrogancia""]","[{""place"": ""quezon"", ""jurisdiction"": ""quezon"", ""seats"": [""3rd""]}]","[""Local crosswalks disagree or the primary crosswalk lacks a named locality."", ""Quezon is being used as a municipality match; its role as province, city, barangay, bridge or road name must be established from geographic context.""]","[{""locality"": ""general nakar"", ""primaryDistrict"": null, ""alternativeDistrict"": ""1st District"", ""decision"": ""Unresolved; neither local crosswalk is treated as authoritative.""}]",Unresolved: flagged geographic evidence,Plausible NEP title counterpart; review scope,"Construction of Multi-Purpose Building at Barangay Magsikap, General Nakar, Quezon"
HB10858-3-0778-013169,"Construction of Multi-Purpose Building at Barangay Maligaya, General Nakar, Quezon",7000000,Quezon 1st District Engineering Office,Region IV-A,3- HB 10858 FOR 3RD READING VOL I-C .pdf,778,"[""Quezon · 3rd District""]","[""Reynante Arrogancia""]","[{""place"": ""quezon"", ""jurisdiction"": ""quezon"", ""seats"": [""3rd""]}]","[""Local crosswalks disagree or the primary crosswalk lacks a named locality."", ""Quezon is being used as a municipality match; its role as province, city, barangay, bridge or road name must be established from geographic context.""]","[{""locality"": ""general nakar"", ""primaryDistrict"": null, ""alternativeDistrict"": ""1st District"", ""decision"": ""Unresolved; neither local crosswalk is treated as authoritative.""}]",Unresolved: flagged geographic evidence,Exact normalized title found in NEP,"Construction of Multi-Purpose Building at Barangay Maligaya, General Nakar, Quezon"
HB10858-3-0778-013170,"Construction/Completion of Multi-Purpose Building at Barangay Poblacion 1, Real, Quezon",2500000,Quezon 1st District Engineering Office,Region IV-A,3- HB 10858 FOR 3RD READING VOL I-C .pdf,778,"[""Quezon · 3rd District""]","[""Reynante Arrogancia""]","[{""place"": ""quezon"", ""jurisdiction"": ""quezon"", ""seats"": [""3rd""]}]","[""Local crosswalks disagree or the primary crosswalk lacks a named locality."", ""Quezon is being used as a municipality match; its role as province, city, barangay, bridge or road name must be established from geographic context.""]","[{""locality"": ""real"", ""primaryDistrict"": ""4th District"", ""alternativeDistrict"": ""1st District"", ""decision"": ""Unresolved; neither local crosswalk is treated as authoritative.""}]",Unresolved: flagged geographic evidence,Multiple or already paired NEP counterparts; review scope,"Construction of Multi-Purpose Building at Barangay Poblacion 61, Real, Quezon"
HB10858-3-0778-013172,"Construction of Multi-Purpose Building at Barangay Palasan, Burdeos, Quezon",6000000,Quezon 1st District Engineering Office,Region IV-A,3- HB 10858 FOR 3RD READING VOL I-C .pdf,778,"[""Quezon · 3rd District""]","[""Reynante Arrogancia""]","[{""place"": ""quezon"", ""jurisdiction"": ""quezon"", ""seats"": [""3rd""]}]","[""Local crosswalks disagree or the primary crosswalk lacks a named locality."", ""Quezon is being used as a municipality match; its role as province, city, barangay, bridge or road name must be established from geographic context.""]","[{""locality"": ""burdeos"", ""primaryDistrict"": null, ""alternativeDistrict"": ""1st District"", ""decision"": ""Unresolved; neither local crosswalk is treated as authoritative.""}]",Unresolved: flagged geographic evidence,Exact normalized title found in NEP,"Construction of Multi-Purpose Building at Barangay Palasan, Burdeos, Quezon"
HB10858-3-0778-013174,"Construction/Completion of Multi-Purpose Building at Barangay Minahan Norte, General Nakar, Quezon",2500000,Quezon 1st District Engineering Office,Region IV-A,3- HB 10858 FOR 3RD READING VOL I-C .pdf,778,"[""Quezon · 3rd District""]","[""Reynante Arrogancia""]","[{""place"": ""quezon"", ""jurisdiction"": ""quezon"", ""seats"": [""3rd""]}]","[""Local crosswalks disagree or the primary crosswalk lacks a named locality."", ""Quezon is being used as a municipality match; its role as province, city, barangay, bridge or road name must be established from geographic context.""]","[{""locality"": ""general nakar"", ""primaryDistrict"": null, ""alternativeDistrict"": ""1st District"", ""decision"": ""Unresolved; neither local crosswalk is treated as authoritative.""}]",Unresolved: flagged geographic evidence,Plausible NEP title counterpart; review scope,"Construction of Multi-Purpose Building at Barangay Batangan, General Nakar, Quezon"
HB10858-3-0778-013176,"Construction/Completion of Multi-Purpose Building at Barangay Poblacion 4, Lucban, Quezon",3000000,Quezon 1st District Engineering Office,Region IV-A,3- HB 10858 FOR 3RD READING VOL I-C .pdf,778,"[""Quezon · 3rd District""]","[""Reynante Arrogancia""]","[{""place"": ""quezon"", ""jurisdiction"": ""quezon"", ""seats"": [""3rd""]}]","[""Local crosswalks disagree or the primary crosswalk lacks a named locality."", ""Quezon is being used as a municipality match; its role as province, city, barangay, bridge or road name must be established from geographic context.""]","[{""locality"": ""lucban"", ""primaryDistrict"": null, ""alternativeDistrict"": ""1st District"", ""decision"": ""Unresolved; neither local crosswalk is treated as authoritative.""}]",Unresolved: flagged geographic evidence,Plausible NEP title counterpart; review scope,"Construction of Multi-Purpose Building at Barangay Poblacion 4, Lucban, Quezon"
HB10858-3-0778-013178,"Construction of Multi-Purpose Building at Barangay Poblacion, General Nakar, Quezon",5500000,Quezon 1st District Engineering Office,Region IV-A,3- HB 10858 FOR 3RD READING VOL I-C .pdf,778,"[""Quezon · 3rd District""]","[""Reynante Arrogancia""]","[{""place"": ""quezon"", ""jurisdiction"": ""quezon"", ""seats"": [""3rd""]}]","[""Local crosswalks disagree or the primary crosswalk lacks a named locality."", ""Quezon is being used as a municipality match; its role as province, city, barangay, bridge or road name must be established from geographic context.""]","[{""locality"": ""general nakar"", ""primaryDistrict"": null, ""alternativeDistrict"": ""1st District"", ""decision"": ""Unresolved; neither local crosswalk is treated as authoritative.""}]",Unresolved: flagged geographic evidence,Exact normalized title found in NEP,"Construction of Multi-Purpose Building at Barangay Poblacion, General Nakar, Quezon"
HB10858-3-0779-013181,"Construction of Multi-Purpose Building at Barangay San Marcelino, General Nakar, Quezon",5500000,Quezon 1st District Engineering Office,Region IV-A,3- HB 10858 FOR 3RD READING VOL I-C .pdf,779,"[""Quezon · 3rd District""]","[""Reynante Arrogancia""]","[{""place"": ""quezon"", ""jurisdiction"": ""quezon"", ""seats"": [""3rd""]}]","[""Local crosswalks disagree or the primary crosswalk lacks a named locality."", ""Quezon is being used as a municipality match; its role as province, city, barangay, bridge or road name must be established from geographic context.""]","[{""locality"": ""general nakar"", ""primaryDistrict"": null, ""alternativeDistrict"": ""1st District"", ""decision"": ""Unresolved; neither local crosswalk is treated as authoritative.""}]",Unresolved: flagged geographic evidence,Exact normalized title found in NEP,"Construction of Multi-Purpose Building at Barangay San Marcelino, General Nakar, Quezon"
HB10858-3-0779-013182,"Construction of Multi-Purpose Building at Barangay San Rafael, Burdeos, Quezon",5000000,Quezon 1st District Engineering Office,Region IV-A,3- HB 10858 FOR 3RD READING VOL I-C .pdf,779,"[""Quezon · 3rd District""]","[""Reynante Arrogancia""]","[{""place"": ""quezon"", ""jurisdiction"": ""quezon"", ""seats"": [""3rd""]}]","[""Local crosswalks disagree or the primary crosswalk lacks a named locality."", ""Quezon is being used as a municipality match; its role as province, city, barangay, bridge or road name must be established from geographic context.""]","[{""locality"": ""burdeos"", ""primaryDistrict"": null, ""alternativeDistrict"": ""1st District"", ""decision"": ""Unresolved; neither local crosswalk is treated as authoritative.""}]",Unresolved: flagged geographic evidence,Exact normalized title found in NEP,"Construction of Multi-Purpose Building at Barangay San Rafael, Burdeos, Quezon"
HB10858-3-0779-013184,"Construction/Completion of Multi-Purpose Building at Barangay Cagsiay I, Mauban, Quezon",30000000,Quezon 1st District Engineering Office,Region IV-A,3- HB 10858 FOR 3RD READING VOL I-C .pdf,779,"[""Quezon · 3rd District""]","[""Reynante Arrogancia""]","[{""place"": ""quezon"", ""jurisdiction"": ""quezon"", ""seats"": [""3rd""]}]","[""Local crosswalks disagree or the primary crosswalk lacks a named locality."", ""Quezon is being used as a municipality match; its role as province, city, barangay, bridge or road name must be established from geographic context.""]","[{""locality"": ""mauban"", ""primaryDistrict"": null, ""alternativeDistrict"": ""1st District"", ""decision"": ""Unresolved; neither local crosswalk is treated as authoritative.""}]",Unresolved: flagged geographic evidence,Multiple or already paired NEP counterparts; review scope,"Construction (Completion) of Multi-Purpose Building at Barangay Bacong, Infanta, Quezon"
HB10858-3-0779-013185,"Construction/Completion of Multi-Purpose Building at Barangay Rizaliana, Mauban, Quezon",2500000,Quezon 1st District Engineering Office,Region IV-A,3- HB 10858 FOR 3RD READING VOL I-C .pdf,779,"[""Quezon · 3rd District""]","[""Reynante Arrogancia""]","[{""place"": ""quezon"", ""jurisdiction"": ""quezon"", ""seats"": [""3rd""]}]","[""Local crosswalks disagree or the primary crosswalk lacks a named locality."", ""Quezon is being used as a municipality match; its role as province, city, barangay, bridge or road name must be established from geographic context.""]","[{""locality"": ""mauban"", ""primaryDistrict"": null, ""alternativeDistrict"": ""1st District"", ""decision"": ""Unresolved; neither local crosswalk is treated as authoritative.""}]",Unresolved: flagged geographic evidence,Plausible NEP title counterpart; review scope,"Construction of Multi-Purpose Building at Barangay Sto Nino, Mauban, Quezon"
HB10858-3-0779-013196,"Completion of Multi-Purpose Building at Barangay Kulapi, Lucban, Quezon",5000000,Quezon 1st District Engineering Office,Region IV-A,3- HB 10858 FOR 3RD READING VOL I-C .pdf,779,"[""Quezon · 3rd District""]","[""Reynante Arrogancia""]","[{""place"": ""quezon"", ""jurisdiction"": ""quezon"", ""seats"": [""3rd""]}]","[""Local crosswalks disagree or the primary crosswalk lacks a named locality."", ""Quezon is being used as a municipality match; its role as province, city, barangay, bridge or road name must be established from geographic context.""]","[{""locality"": ""lucban"", ""primaryDistrict"": null, ""alternativeDistrict"": ""1st District"", ""decision"": ""Unresolved; neither local crosswalk is treated as authoritative.""}]",Unresolved: flagged geographic evidence,Multiple or already paired NEP counterparts; review scope,"Construction of Multi-Purpose Building at Barangay Kalyaat, Lucban, Quezon"
HB10858-3-0779-013198,"Rehabilitation/Completion of Multi-Purpose Building at Barangay Kiloloron, Real, Quezon",2500000,Quezon 1st District Engineering Office,Region IV-A,3- HB 10858 FOR 3RD READING VOL I-C .pdf,779,"[""Quezon · 3rd District""]","[""Reynante Arrogancia""]","[{""place"": ""quezon"", ""jurisdiction"": ""quezon"", ""seats"": [""3rd""]}]","[""Local crosswalks disagree or the primary crosswalk lacks a named locality."", ""Quezon is being used as a municipality match; its role as province, city, barangay, bridge or road name must be established from geographic context.""]","[{""locality"": ""real"", ""primaryDistrict"": ""4th District"", ""alternativeDistrict"": ""1st District"", ""decision"": ""Unresolved; neither local crosswalk is treated as authoritative.""}]",Unresolved: flagged geographic evidence,No plausible NEP title counterpart; review candidate,"Rehabilitation of Multi-Purpose Building at Barangay Siena, Quezon City"
HB10858-3-0779-013199,"Construction/Completion of Multi-Purpose Building at Barangay Tignoan, Real, Quezon",4000000,Quezon 1st District Engineering Office,Region IV-A,3- HB 10858 FOR 3RD READING VOL I-C .pdf,779,"[""Quezon · 3rd District""]","[""Reynante Arrogancia""]","[{""place"": ""quezon"", ""jurisdiction"": ""quezon"", ""seats"": [""3rd""]}]","[""Local crosswalks disagree or the primary crosswalk lacks a named locality."", ""Quezon is being used as a municipality match; its role as province, city, barangay, bridge or road name must be established from geographic context.""]","[{""locality"": ""real"", ""primaryDistrict"": ""4th District"", ""alternativeDistrict"": ""1st District"", ""decision"": ""Unresolved; neither local crosswalk is treated as authoritative.""}]",Unresolved: flagged geographic evidence,Multiple or already paired NEP counterparts; review scope,"Construction (Completion) of Multi-Purpose Building at Barangay Manresa, Quezon City"
HB10858-3-0780-013200,"Construction/Completion of Multi-Purpose Building at Sitio Pulang Lupa, Barangay Anoling, General Nakar, Quezon",3000000,Quezon 1st District Engineering Office,Region IV-A,3- HB 10858 FOR 3RD READING VOL I-C .pdf,780,"[""Quezon · 3rd District""]","[""Reynante Arrogancia""]","[{""place"": ""quezon"", ""jurisdiction"": ""quezon"", ""seats"": [""3rd""]}]","[""Local crosswalks disagree or the primary crosswalk lacks a named locality."", ""Quezon is being used as a municipality match; its role as province, city, barangay, bridge or road name must be established from geographic context.""]","[{""locality"": ""general nakar"", ""primaryDistrict"": null, ""alternativeDistrict"": ""1st District"", ""decision"": ""Unresolved; neither local crosswalk is treated as authoritative.""}]",Unresolved: flagged geographic evidence,Multiple or already paired NEP counterparts; review scope,"Construction (Completion) of Multi-Purpose Building, Barangay Sablang, General Nakar, Quezon"
HB10858-3-0780-013201,"Construction/Completion of Multi-Purpose Building at Barangay Anoling, General Nakar, Quezon",5000000,Quezon 1st District Engineering Office,Region IV-A,3- HB 10858 FOR 3RD READING VOL I-C .pdf,780,"[""Quezon · 3rd District""]","[""Reynante Arrogancia""]","[{""place"": ""quezon"", ""jurisdiction"": ""quezon"", ""seats"": [""3rd""]}]","[""Local crosswalks disagree or the primary crosswalk lacks a named locality."", ""Quezon is being used as a municipality match; its role as province, city, barangay, bridge or road name must be established from geographic context.""]","[{""locality"": ""general nakar"", ""primaryDistrict"": null, ""alternativeDistrict"": ""1st District"", ""decision"": ""Unresolved; neither local crosswalk is treated as authoritative.""}]",Unresolved: flagged geographic evidence,Plausible NEP title counterpart; review scope,"Construction (Completion) of Multi-Purpose Building at Barangay Mahabang Lalim, General Nakar, Quezon"
HB10858-3-0780-013216,"Construction/Completion of Multi-Purpose Building at Barangay Sadsaran, Mauban, Quezon",10000000,Quezon 1st District Engineering Office,Region IV-A,3- HB 10858 FOR 3RD READING VOL I-C .pdf,780,"[""Quezon · 3rd District""]","[""Reynante Arrogancia""]","[{""place"": ""quezon"", ""jurisdiction"": ""quezon"", ""seats"": [""3rd""]}]","[""Local crosswalks disagree or the primary crosswalk lacks a named locality."", ""Quezon is being used as a municipality match; its role as province, city, barangay, bridge or road name must be established from geographic context.""]","[{""locality"": ""mauban"", ""primaryDistrict"": null, ""alternativeDistrict"": ""1st District"", ""decision"": ""Unresolved; neither local crosswalk is treated as authoritative.""}]",Unresolved: flagged geographic evidence,Plausible NEP title counterpart; review scope,"Construction of Multi-Purpose Building at Barangay San Lorenzo, Mauban, Quezon"
HB10858-3-0780-013219,"Construction of Multi-Purpose Building at Barangay Poblacion I, Real, Quezon",15000000,Quezon 1st District Engineering Office,Region IV-A,3- HB 10858 FOR 3RD READING VOL I-C .pdf,780,"[""Quezon · 3rd District""]","[""Reynante Arrogancia""]","[{""place"": ""quezon"", ""jurisdiction"": ""quezon"", ""seats"": [""3rd""]}]","[""Local crosswalks disagree or the primary crosswalk lacks a named locality."", ""Quezon is being used as a municipality match; its role as province, city, barangay, bridge or road name must be established from geographic context.""]","[{""locality"": ""real"", ""primaryDistrict"": ""4th District"", ""alternativeDistrict"": ""1st District"", ""decision"": ""Unresolved; neither local crosswalk is treated as authoritative.""}]",Unresolved: flagged geographic evidence,Plausible NEP title counterpart; review scope,"Construction of Multi-Purpose Building at Barangay Poblacion 61, Real, Quezon"
HB10858-3-0781-013221,"Construction of Multi-Purpose Building, Barangay Ayusan 1,Tiaong, Quezon",8000000,Quezon 2nd District Engineering Office,Region IV-A,3- HB 10858 FOR 3RD READING VOL I-C .pdf,781,"[""Quezon · 2nd District"", ""Quezon · 3rd District""]","[""Reynante Arrogancia"", ""David Suarez""]","[{""place"": ""quezon"", ""jurisdiction"": ""quezon"", ""seats"": [""3rd""]}, {""place"": ""tiaong"", ""jurisdiction"": ""quezon"", ""seats"": [""2nd""]}]","[""Quezon is being used as a municipality match; its role as province, city, barangay, bridge or road name must be established from geographic context.""]",[],Unresolved: flagged geographic evidence,Exact normalized title found in NEP,"Construction of Multi-Purpose Building, Barangay Ayusan 1,Tiaong, Quezon"
HB10858-3-0781-013234,"Construction of Multi-Purpose Building (Phase II), Tiaong, Quezon",22000000,Quezon 2nd District Engineering Office,Region IV-A,3- HB 10858 FOR 3RD READING VOL I-C .pdf,781,"[""Quezon · 2nd District"", ""Quezon · 3rd District""]","[""David Suarez"", ""Reynante Arrogancia""]","[{""place"": ""quezon"", ""jurisdiction"": ""quezon"", ""seats"": [""3rd""]}, {""place"": ""tiaong"", ""jurisdiction"": ""quezon"", ""seats"": [""2nd""]}]","[""Quezon is being used as a municipality match; its role as province, city, barangay, bridge or road name must be established from geographic context.""]",[],Unresolved: flagged geographic evidence,Multiple or already paired NEP counterparts; review scope,"Construction of Multi-Purpose Building, Barangay Ayusan 1,Tiaong, Quezon"
HB10858-3-0781-013241,"Construction of Multi-Purpose Building, Barangay San Francisco, Tiaong, Quezon",9000000,Quezon 2nd District Engineering Office,Region IV-A,3- HB 10858 FOR 3RD READING VOL I-C .pdf,781,"[""Quezon · 2nd District"", ""Quezon · 3rd District""]","[""Reynante Arrogancia"", ""David Suarez""]","[{""place"": ""quezon"", ""jurisdiction"": ""quezon"", ""seats"": [""3rd""]}, {""place"": ""tiaong"", ""jurisdiction"": ""quezon"", ""seats"": [""2nd""]}]","[""Local crosswalks disagree or the primary crosswalk lacks a named locality."", ""Quezon is being used as a municipality match; its role as province, city, barangay, bridge or road name must be established from geographic context.""]","[{""locality"": ""san francisco"", ""primaryDistrict"": null, ""alternativeDistrict"": ""3rd District"", ""decision"": ""Unresolved; neither local crosswalk is treated as authoritative.""}]",Unresolved: flagged geographic evidence,Exact normalized title found in NEP,"Construction of Multi-Purpose Building, Barangay San Francisco, Tiaong, Quezon"
HB10858-3-0782-013243,"Construction (Completion) of Multi-Purpose Building, Barangay San Isidro, Municipality of Catanuan, Quezon",6000000,Quezon 3rd District Engineering Office,Region IV-A,3- HB 10858 FOR 3RD READING VOL I-C .pdf,782,"[""Quezon · 3rd District""]","[""Reynante Arrogancia""]","[{""place"": ""quezon"", ""jurisdiction"": ""quezon"", ""seats"": [""3rd""]}]","[""Quezon is being used as a municipality match; its role as province, city, barangay, bridge or road name must be established from geographic context.""]",[],Unresolved: flagged geographic evidence,Multiple or already paired NEP counterparts; review scope,"Construction of Multi-Purpose Building, Barangay San Isidro, Municipality of Macalelon, Quezon"
HB10858-3-0782-013244,"Construction (Completion) of Multi-Purpose Building, Barangay Gatasan, Municipality of Catanauan, Quezon",7000000,Quezon 3rd District Engineering Office,Region IV-A,3- HB 10858 FOR 3RD READING VOL I-C .pdf,782,"[""Quezon · 3rd District""]","[""Reynante Arrogancia""]","[{""place"": ""quezon"", ""jurisdiction"": ""quezon"", ""seats"": [""3rd""]}]","[""Local crosswalks disagree or the primary crosswalk lacks a named locality."", ""Quezon is being used as a municipality match; its role as province, city, barangay, bridge or road name must be established from geographic context.""]","[{""locality"": ""catanauan"", ""primaryDistrict"": null, ""alternativeDistrict"": ""3rd District"", ""decision"": ""Unresolved; neither local crosswalk is treated as authoritative.""}]",Unresolved: flagged geographic evidence,Exact normalized title found in NEP,"Construction (Completion) of Multi-Purpose Building, Barangay Gatasan, Municipality of Catanauan, Quezon"
HB10858-3-0782-013246,"Construction of Multi-Purpose Building, Ilayang Yuni Elementary School, Barangay Ilayang Yuni, Municipality of Mulanay, Quezon, 13.452468, 122.524648",10000000,Quezon 3rd District Engineering Office,Region IV-A,3- HB 10858 FOR 3RD READING VOL I-C .pdf,782,"[""Quezon · 3rd District""]","[""Reynante Arrogancia""]","[{""place"": ""mulanay"", ""jurisdiction"": ""quezon"", ""seats"": [""3rd""]}]",[],[],Not independently verified,No plausible NEP title counterpart; review candidate,"Construction of Multi-Purpose Building, Sitio Sumagonsong, Barangay Pakiing, Municipality of Mulanay, Quezon"
HB10858-3-0782-013247,"Construction of Multi-Purpose Building, Renato Edaño Vicencio National High School, Barangay Don Juan Vercelos, Municipality of San Francisco, Quezon, , 13.264567, 122.514767",10000000,Quezon 3rd District Engineering Office,Region IV-A,3- HB 10858 FOR 3RD READING VOL I-C .pdf,782,"[""Quezon · 3rd District""]","[""Reynante Arrogancia""]","[{""place"": ""quezon"", ""jurisdiction"": ""quezon"", ""seats"": [""3rd""]}]","[""Local crosswalks disagree or the primary crosswalk lacks a named locality."", ""Quezon is being used as a municipality match; its role as province, city, barangay, bridge or road name must be established from geographic context.""]","[{""locality"": ""san francisco"", ""primaryDistrict"": null, ""alternativeDistrict"": ""3rd District"", ""decision"": ""Unresolved; neither local crosswalk is treated as authoritative.""}]",Unresolved: flagged geographic evidence,No plausible NEP title counterpart; review candidate,"Construction of Multi-Purpose Building, Barangay Mabunga, Municipality of San Francisco, Quezon"
HB10858-3-0782-013248,"Construction of Multi-Purpose Building, Leonarda D Vera Cruz National High School (former Panaon National High School), Barangay Panaon Ibaba, Municipality of Unisan, Quezon, 13.879952, 121.977794",10000000,Quezon 3rd District Engineering Office,Region IV-A,3- HB 10858 FOR 3RD READING VOL I-C .pdf,782,"[""Quezon · 3rd District""]","[""Reynante Arrogancia""]","[{""place"": ""quezon"", ""jurisdiction"": ""quezon"", ""seats"": [""3rd""]}, {""place"": ""unisan"", ""jurisdiction"": ""quezon"", ""seats"": [""3rd""]}]","[""Quezon is being used as a municipality match; its role as province, city, barangay, bridge or road name must be established from geographic context.""]",[],Unresolved: flagged geographic evidence,No plausible NEP title counterpart; review candidate,"Construction of Multi-Purpose Building, Barangay Panaon Ibaba, Municipality of Unisan, Quezon"
HB10858-3-0782-013249,"Construction (Completion) of Multi-Purpose Building, Barangay Doongan Ilaya, Municipality of Catanauan, Quezon, 13.680932, 122.298816",3000000,Quezon 3rd District Engineering Office,Region IV-A,3- HB 10858 FOR 3RD READING VOL I-C .pdf,782,"[""Quezon · 3rd District""]","[""Reynante Arrogancia""]","[{""place"": ""quezon"", ""jurisdiction"": ""quezon"", ""seats"": [""3rd""]}]","[""Local crosswalks disagree or the primary crosswalk lacks a named locality."", ""Quezon is being used as a municipality match; its role as province, city, barangay, bridge or road name must be established from geographic context.""]","[{""locality"": ""catanauan"", ""primaryDistrict"": null, ""alternativeDistrict"": ""3rd District"", ""decision"": ""Unresolved; neither local crosswalk is treated as authoritative.""}]",Unresolved: flagged geographic evidence,Multiple or already paired NEP counterparts; review scope,"Construction (Completion) of Multi-Purpose Building, Barangay Gatasan, Municipality of Catanauan, Quezon"
HB10858-3-0782-013250,"Construction (Completion) of Multi-Purpose Building, Pitogo Central Elementary School II, Municipality of Pitogo, Quezon, 13.783444, 122.089353",3000000,Quezon 3rd District Engineering Office,Region IV-A,3- HB 10858 FOR 3RD READING VOL I-C .pdf,782,"[""Quezon · 3rd District""]","[""Reynante Arrogancia""]","[{""place"": ""pitogo"", ""jurisdiction"": ""quezon"", ""seats"": [""3rd""]}, {""place"": ""quezon"", ""jurisdiction"": ""quezon"", ""seats"": [""3rd""]}]","[""Quezon is being used as a municipality match; its role as province, city, barangay, bridge or road name must be established from geographic context.""]",[],Unresolved: flagged geographic evidence,No plausible NEP title counterpart; review candidate,"Construction (Completion) of Multi-Purpose Building, Barangay II, Municipality of Manapla, Negros Occidental"
HB10858-3-0782-013251,"Construction (Completion) of Multi-Purpose Building, Barangay Bulagsong, Municipality of Catanauan, Quezon, 13.783444, 122.089353",2500000,Quezon 3rd District Engineering Office,Region IV-A,3- HB 10858 FOR 3RD READING VOL I-C .pdf,782,"[""Quezon · 3rd District""]","[""Reynante Arrogancia""]","[{""place"": ""quezon"", ""jurisdiction"": ""quezon"", ""seats"": [""3rd""]}]","[""Local crosswalks disagree or the primary crosswalk lacks a named locality."", ""Quezon is being used as a municipality match; its role as province, city, barangay, bridge or road name must be established from geographic context.""]","[{""locality"": ""catanauan"", ""primaryDistrict"": null, ""alternativeDistrict"": ""3rd District"", ""decision"": ""Unresolved; neither local crosswalk is treated as authoritative.""}]",Unresolved: flagged geographic evidence,Multiple or already paired NEP counterparts; review scope,"Construction (Completion) of Multi-Purpose Building, Barangay Gatasan, Municipality of Catanauan, Quezon"
HB10858-3-0782-013252,"Construction (Completion) of Multi-Purpose Building, Matandang Sabang National High School, Barangay Matandang Sabang Silangan, Municipality of Catanauan, Quezon, 13.602094, 122.295772",2500000,Quezon 3rd District Engineering Office,Region IV-A,3- HB 10858 FOR 3RD READING VOL I-C .pdf,782,"[""Quezon · 3rd District""]","[""Reynante Arrogancia""]","[{""place"": ""quezon"", ""jurisdiction"": ""quezon"", ""seats"": [""3rd""]}]","[""Local crosswalks disagree or the primary crosswalk lacks a named locality."", ""Quezon is being used as a municipality match; its role as province, city, barangay, bridge or road name must be established from geographic context.""]","[{""locality"": ""catanauan"", ""primaryDistrict"": null, ""alternativeDistrict"": ""3rd District"", ""decision"": ""Unresolved; neither local crosswalk is treated as authoritative.""}]",Unresolved: flagged geographic evidence,No plausible NEP title counterpart; review candidate,"Construction (Completion) of Multi-Purpose Building, Barangay Gatasan, Municipality of Catanauan, Quezon"
HB10858-3-0782-013254,"Construction of Multi-Purpose Building, Barangay Gangahin, Municipality of Pitogo, Quezon, 13.807011, 122.114240",10000000,Quezon 3rd District Engineering Office,Region IV-A,3- HB 10858 FOR 3RD READING VOL I-C .pdf,782,"[""Quezon · 3rd District""]","[""Reynante Arrogancia""]","[{""place"": ""pitogo"", ""jurisdiction"": ""quezon"", ""seats"": [""3rd""]}, {""place"": ""quezon"", ""jurisdiction"": ""quezon"", ""seats"": [""3rd""]}]","[""Quezon is being used as a municipality match; its role as province, city, barangay, bridge or road name must be established from geographic context.""]",[],Unresolved: flagged geographic evidence,No plausible NEP title counterpart; review candidate,"Construction of Multi-Purpose Building, Zarraga, Iloilo (10.823044, 122.609778)"
HB10858-3-0782-013255,"Construction (Completion) of Evacuation Center, Barangay Poctol, Municipality of Pitogo, Quezon, 13.813102, 122.104088",40000000,Quezon 3rd District Engineering Office,Region IV-A,3- HB 10858 FOR 3RD READING VOL I-C .pdf,782,"[""Quezon · 3rd District""]","[""Reynante Arrogancia""]","[{""place"": ""pitogo"", ""jurisdiction"": ""quezon"", ""seats"": [""3rd""]}, {""place"": ""quezon"", ""jurisdiction"": ""quezon"", ""seats"": [""3rd""]}]","[""Quezon is being used as a municipality match; its role as province, city, barangay, bridge or road name must be established from geographic context.""]",[],Unresolved: flagged geographic evidence,No plausible NEP title counterpart; review candidate,"Construction (Completion) of Evacuation Center, Barangay Saog, Marilao, Bulacan"
HB10858-3-0782-013256,"Completion of Multi-Purpose Building, Ajos National High School, Barangay Ajos, Mulanay, Quezon, 13.54840555556, 122.3669",7500000,Quezon 3rd District Engineering Office,Region IV-A,3- HB 10858 FOR 3RD READING VOL I-C .pdf,782,"[""Quezon · 3rd District""]","[""Reynante Arrogancia""]","[{""place"": ""mulanay"", ""jurisdiction"": ""quezon"", ""seats"": [""3rd""]}]",[],[],Not independently verified,No plausible NEP title counterpart; review candidate,"Construction of Multi-Purpose Building (Completion) at Sitio Pajo, Barangay Baesa, Quezon City, 14.66249, 121.01425"
HB10858-3-0782-013257,"Construction (Completion) of Multi-Purpose Building (Building 2), Barangay Gatasan, Municipality of Catanauan, Quezon, 13.607290, 122.235417",7000000,Quezon 3rd District Engineering Office,Region IV-A,3- HB 10858 FOR 3RD READING VOL I-C .pdf,782,"[""Quezon · 3rd District""]","[""Reynante Arrogancia""]","[{""place"": ""quezon"", ""jurisdiction"": ""quezon"", ""seats"": [""3rd""]}]","[""Local crosswalks disagree or the primary crosswalk lacks a named locality."", ""Quezon is being used as a municipality match; its role as province, city, barangay, bridge or road name must be established from geographic context.""]","[{""locality"": ""catanauan"", ""primaryDistrict"": null, ""alternativeDistrict"": ""3rd District"", ""decision"": ""Unresolved; neither local crosswalk is treated as authoritative.""}]",Unresolved: flagged geographic evidence,Multiple or already paired NEP counterparts; review scope,"Construction (Completion) of Multi-Purpose Building, Barangay Gatasan, Municipality of Catanauan, Quezon"
HB10858-3-0782-013258,"Construction of Multi-Purpose Building, Barangay 3, Municipality of Mulanay, Quezon",10000000,Quezon 3rd District Engineering Office,Region IV-A,3- HB 10858 FOR 3RD READING VOL I-C .pdf,782,"[""Quezon · 3rd District""]","[""Reynante Arrogancia""]","[{""place"": ""mulanay"", ""jurisdiction"": ""quezon"", ""seats"": [""3rd""]}]",[],[],Not independently verified,Multiple or already paired NEP counterparts; review scope,"Construction of Multi-Purpose Building, Sitio Sumagonsong, Barangay Pakiing, Municipality of Mulanay, Quezon"
HB10858-3-0783-013260,"Rehabilitation of Multi-Purpose Building, Silangang Calutan, Municipality of Agdangan, Quezon",5000000,Quezon 3rd District Engineering Office,Region IV-A,3- HB 10858 FOR 3RD READING VOL I-C .pdf,783,"[""Quezon · 3rd District""]","[""Reynante Arrogancia""]","[{""place"": ""quezon"", ""jurisdiction"": ""quezon"", ""seats"": [""3rd""]}]","[""Local crosswalks disagree or the primary crosswalk lacks a named locality."", ""Quezon is being used as a municipality match; its role as province, city, barangay, bridge or road name must be established from geographic context.""]","[{""locality"": ""agdangan"", ""primaryDistrict"": null, ""alternativeDistrict"": ""3rd District"", ""decision"": ""Unresolved; neither local crosswalk is treated as authoritative.""}]",Unresolved: flagged geographic evidence,No plausible NEP title counterpart; review candidate,"Construction of Multi-Purpose Building, Barangay Binagbag, Municipality of Agdangan, Quezon"
HB10858-3-0783-013261,"Construction (Completion) of Multi-Purpose Building, Barangay Talisay, San Andres, Quezon",8500000,Quezon 3rd District Engineering Office,Region IV-A,3- HB 10858 FOR 3RD READING VOL I-C .pdf,783,"[""Quezon · 3rd District""]","[""Reynante Arrogancia""]","[{""place"": ""quezon"", ""jurisdiction"": ""quezon"", ""seats"": [""3rd""]}]","[""Local crosswalks disagree or the primary crosswalk lacks a named locality."", ""Quezon is being used as a municipality match; its role as province, city, barangay, bridge or road name must be established from geographic context.""]","[{""locality"": ""san andres"", ""primaryDistrict"": null, ""alternativeDistrict"": ""3rd District"", ""decision"": ""Unresolved; neither local crosswalk is treated as authoritative.""}]",Unresolved: flagged geographic evidence,Exact normalized title found in NEP,"Construction (Completion) of Multi-Purpose Building, Barangay Talisay, San Andres, Quezon"
HB10858-3-0783-013263,"Construction of Multi-Purpose Building, Barangay Binagbag, Municipality of Agdangan, Quezon",10000000,Quezon 3rd District Engineering Office,Region IV-A,3- HB 10858 FOR 3RD READING VOL I-C .pdf,783,"[""Quezon · 3rd District""]","[""Reynante Arrogancia""]","[{""place"": ""quezon"", ""jurisdiction"": ""quezon"", ""seats"": [""3rd""]}]","[""Local crosswalks disagree or the primary crosswalk lacks a named locality."", ""Quezon is being used as a municipality match; its role as province, city, barangay, bridge or road name must be established from geographic context.""]","[{""locality"": ""agdangan"", ""primaryDistrict"": null, ""alternativeDistrict"": ""3rd District"", ""decision"": ""Unresolved; neither local crosswalk is treated as authoritative.""}]",Unresolved: flagged geographic evidence,Exact normalized title found in NEP,"Construction of Multi-Purpose Building, Barangay Binagbag, Municipality of Agdangan, Quezon"
HB10858-3-0783-013264,"Construction of Multi-Purpose Building, Barangay Bulo, Municipality of Buenavista, Quezon",10000000,Quezon 3rd District Engineering Office,Region IV-A,3- HB 10858 FOR 3RD READING VOL I-C .pdf,783,"[""Quezon · 3rd District""]","[""Reynante Arrogancia""]","[{""place"": ""buenavista"", ""jurisdiction"": ""quezon"", ""seats"": [""3rd""]}]",[],[],Not independently verified,Exact normalized title found in NEP,"Construction of Multi-Purpose Building, Barangay Bulo, Municipality of Buenavista, Quezon"
HB10858-3-0783-013265,"Construction of Multi-Purpose Building, Barangay Calwit, Municipality of San Narciso, Quezon",10000000,Quezon 3rd District Engineering Office,Region IV-A,3- HB 10858 FOR 3RD READING VOL I-C .pdf,783,"[""Quezon · 3rd District""]","[""Reynante Arrogancia""]","[{""place"": ""quezon"", ""jurisdiction"": ""quezon"", ""seats"": [""3rd""]}]","[""Local crosswalks disagree or the primary crosswalk lacks a named locality."", ""Quezon is being used as a municipality match; its role as province, city, barangay, bridge or road name must be established from geographic context.""]","[{""locality"": ""san narciso"", ""primaryDistrict"": null, ""alternativeDistrict"": ""3rd District"", ""decision"": ""Unresolved; neither local crosswalk is treated as authoritative.""}]",Unresolved: flagged geographic evidence,Exact normalized title found in NEP,"Construction of Multi-Purpose Building, Barangay Calwit, Municipality of San Narciso, Quezon"
HB10858-3-0783-013266,"Construction of Multi-Purpose Building, Barangay Canculajao, Municipality of Catanauan, Quezon",10000000,Quezon 3rd District Engineering Office,Region IV-A,3- HB 10858 FOR 3RD READING VOL I-C .pdf,783,"[""Quezon · 3rd District""]","[""Reynante Arrogancia""]","[{""place"": ""quezon"", ""jurisdiction"": ""quezon"", ""seats"": [""3rd""]}]","[""Local crosswalks disagree or the primary crosswalk lacks a named locality."", ""Quezon is being used as a municipality match; its role as province, city, barangay, bridge or road name must be established from geographic context.""]","[{""locality"": ""catanauan"", ""primaryDistrict"": null, ""alternativeDistrict"": ""3rd District"", ""decision"": ""Unresolved; neither local crosswalk is treated as authoritative.""}]",Unresolved: flagged geographic evidence,Exact normalized title found in NEP,"Construction of Multi-Purpose Building, Barangay Canculajao, Municipality of Catanauan, Quezon"
HB10858-3-0783-013267,"Construction of Multi-Purpose Building, Barangay Cawayan I, San Francisco, Quezon",10000000,Quezon 3rd District Engineering Office,Region IV-A,3- HB 10858 FOR 3RD READING VOL I-C .pdf,783,"[""Quezon · 3rd District""]","[""Reynante Arrogancia""]","[{""place"": ""quezon"", ""jurisdiction"": ""quezon"", ""seats"": [""3rd""]}]","[""Local crosswalks disagree or the primary crosswalk lacks a named locality."", ""Quezon is being used as a municipality match; its role as province, city, barangay, bridge or road name must be established from geographic context.""]","[{""locality"": ""san francisco"", ""primaryDistrict"": null, ""alternativeDistrict"": ""3rd District"", ""decision"": ""Unresolved; neither local crosswalk is treated as authoritative.""}]",Unresolved: flagged geographic evidence,Exact normalized title found in NEP,"Construction of Multi-Purpose Building, Barangay Cawayan I, San Francisco, Quezon"
HB10858-3-0783-013268,"Construction of Multi-Purpose Building, Barangay Lilukin Buenavista, Quezon",10000000,Quezon 3rd District Engineering Office,Region IV-A,3- HB 10858 FOR 3RD READING VOL I-C .pdf,783,"[""Quezon · 3rd District""]","[""Reynante Arrogancia""]","[{""place"": ""buenavista"", ""jurisdiction"": ""quezon"", ""seats"": [""3rd""]}]",[],[],Not independently verified,Exact normalized title found in NEP,"Construction of Multi-Purpose Building, Barangay Lilukin Buenavista, Quezon"
HB10858-3-0783-013269,"Construction of Multi-Purpose Building, Barangay Mabini, Municipality of Buenavista, Quezon",10000000,Quezon 3rd District Engineering Office,Region IV-A,3- HB 10858 FOR 3RD READING VOL I-C .pdf,783,"[""Quezon · 3rd District""]","[""Reynante Arrogancia""]","[{""place"": ""buenavista"", ""jurisdiction"": ""quezon"", ""seats"": [""3rd""]}]",[],[],Not independently verified,Exact normalized title found in NEP,"Construction of Multi-Purpose Building, Barangay Mabini, Municipality of Buenavista, Quezon"
HB10858-3-0783-013270,"Construction of Multi-Purpose Building, Barangay Mabunga, Municipality of San Francisco, Quezon",10000000,Quezon 3rd District Engineering Office,Region IV-A,3- HB 10858 FOR 3RD READING VOL I-C .pdf,783,"[""Quezon · 3rd District""]","[""Reynante Arrogancia""]","[{""place"": ""quezon"", ""jurisdiction"": ""quezon"", ""seats"": [""3rd""]}]","[""Local crosswalks disagree or the primary crosswalk lacks a named locality."", ""Quezon is being used as a municipality match; its role as province, city, barangay, bridge or road name must be established from geographic context.""]","[{""locality"": ""san francisco"", ""primaryDistrict"": null, ""alternativeDistrict"": ""3rd District"", ""decision"": ""Unresolved; neither local crosswalk is treated as authoritative.""}]",Unresolved: flagged geographic evidence,Exact normalized title found in NEP,"Construction of Multi-Purpose Building, Barangay Mabunga, Municipality of San Francisco, Quezon"
HB10858-3-0783-013271,"Construction of Multi-Purpose Building, Barangay Milagrosa, Municipality of Catanauan, Quezon",10000000,Quezon 3rd District Engineering Office,Region IV-A,3- HB 10858 FOR 3RD READING VOL I-C .pdf,783,"[""Quezon · 3rd District""]","[""Reynante Arrogancia""]","[{""place"": ""quezon"", ""jurisdiction"": ""quezon"", ""seats"": [""3rd""]}]","[""Local crosswalks disagree or the primary crosswalk lacks a named locality."", ""Quezon is being used as a municipality match; its role as province, city, barangay, bridge or road name must be established from geographic context.""]","[{""locality"": ""catanauan"", ""primaryDistrict"": null, ""alternativeDistrict"": ""3rd District"", ""decision"": ""Unresolved; neither local crosswalk is treated as authoritative.""}]",Unresolved: flagged geographic evidence,Exact normalized title found in NEP,"Construction of Multi-Purpose Building, Barangay Milagrosa, Municipality of Catanauan, Quezon"
HB10858-3-0783-013272,"Construction of Multi-Purpose Building, Barangay Panaon Ibaba, Municipality of Unisan, Quezon",10000000,Quezon 3rd District Engineering Office,Region IV-A,3- HB 10858 FOR 3RD READING VOL I-C .pdf,783,"[""Quezon · 3rd District""]","[""Reynante Arrogancia""]","[{""place"": ""quezon"", ""jurisdiction"": ""quezon"", ""seats"": [""3rd""]}, {""place"": ""unisan"", ""jurisdiction"": ""quezon"", ""seats"": [""3rd""]}]","[""Quezon is being used as a municipality match; its role as province, city, barangay, bridge or road name must be established from geographic context.""]",[],Unresolved: flagged geographic evidence,Exact normalized title found in NEP,"Construction of Multi-Purpose Building, Barangay Panaon Ibaba, Municipality of Unisan, Quezon"
HB10858-3-0783-013273,"Construction of Multi-Purpose Building, Barangay Poblacion 2, Agdangan, Quezon",10000000,Quezon 3rd District Engineering Office,Region IV-A,3- HB 10858 FOR 3RD READING VOL I-C .pdf,783,"[""Quezon · 3rd District""]","[""Reynante Arrogancia""]","[{""place"": ""quezon"", ""jurisdiction"": ""quezon"", ""seats"": [""3rd""]}]","[""Local crosswalks disagree or the primary crosswalk lacks a named locality."", ""Quezon is being used as a municipality match; its role as province, city, barangay, bridge or road name must be established from geographic context.""]","[{""locality"": ""agdangan"", ""primaryDistrict"": null, ""alternativeDistrict"": ""3rd District"", ""decision"": ""Unresolved; neither local crosswalk is treated as authoritative.""}]",Unresolved: flagged geographic evidence,Exact normalized title found in NEP,"Construction of Multi-Purpose Building, Barangay Poblacion 2, Agdangan, Quezon"
HB10858-3-0783-013275,"Construction of Multi-Purpose Building, Barangay Siain, Municipality of Buenavista, Quezon",10000000,Quezon 3rd District Engineering Office,Region IV-A,3- HB 10858 FOR 3RD READING VOL I-C .pdf,783,"[""Quezon · 3rd District""]","[""Reynante Arrogancia""]","[{""place"": ""buenavista"", ""jurisdiction"": ""quezon"", ""seats"": [""3rd""]}]",[],[],Not independently verified,Exact normalized title found in NEP,"Construction of Multi-Purpose Building, Barangay Siain, Municipality of Buenavista, Quezon"
HB10858-3-0783-013276,"Construction of Multi-Purpose Building, Barangay Socorro, Municipality of Unisan, Quezon",10000000,Quezon 3rd District Engineering Office,Region IV-A,3- HB 10858 FOR 3RD READING VOL I-C .pdf,783,"[""Quezon · 3rd District""]","[""Reynante Arrogancia""]","[{""place"": ""quezon"", ""jurisdiction"": ""quezon"", ""seats"": [""3rd""]}, {""place"": ""unisan"", ""jurisdiction"": ""quezon"", ""seats"": [""3rd""]}]","[""Quezon is being used as a municipality match; its role as province, city, barangay, bridge or road name must be established from geographic context.""]",[],Unresolved: flagged geographic evidence,Exact normalized title found in NEP,"Construction of Multi-Purpose Building, Barangay Socorro, Municipality of Unisan, Quezon"
HB10858-3-0783-013278,"Construction of Multi-Purpose Building, Sitio Dinugsoyan, Barangay Camflora, Municipality of San Andres, Quezon",10000000,Quezon 3rd District Engineering Office,Region IV-A,3- HB 10858 FOR 3RD READING VOL I-C .pdf,783,"[""Quezon · 3rd District""]","[""Reynante Arrogancia""]","[{""place"": ""quezon"", ""jurisdiction"": ""quezon"", ""seats"": [""3rd""]}]","[""Local crosswalks disagree or the primary crosswalk lacks a named locality."", ""Quezon is being used as a municipality match; its role as province, city, barangay, bridge or road name must be established from geographic context.""]","[{""locality"": ""san andres"", ""primaryDistrict"": null, ""alternativeDistrict"": ""3rd District"", ""decision"": ""Unresolved; neither local crosswalk is treated as authoritative.""}]",Unresolved: flagged geographic evidence,Exact normalized title found in NEP,"Construction of Multi-Purpose Building, Sitio Dinugsoyan, Barangay Camflora, Municipality of San Andres, Quezon"
HB10858-3-0783-013279,"Construction of Multi-Purpose Building, Sitio Matikol, Barangay Pansoy, Municipality of San Andres, Quezon",10000000,Quezon 3rd District Engineering Office,Region IV-A,3- HB 10858 FOR 3RD READING VOL I-C .pdf,783,"[""Quezon · 3rd District""]","[""Reynante Arrogancia""]","[{""place"": ""quezon"", ""jurisdiction"": ""quezon"", ""seats"": [""3rd""]}]","[""Local crosswalks disagree or the primary crosswalk lacks a named locality."", ""Quezon is being used as a municipality match; its role as province, city, barangay, bridge or road name must be established from geographic context.""]","[{""locality"": ""san andres"", ""primaryDistrict"": null, ""alternativeDistrict"": ""3rd District"", ""decision"": ""Unresolved; neither local crosswalk is treated as authoritative.""}]",Unresolved: flagged geographic evidence,Exact normalized title found in NEP,"Construction of Multi-Purpose Building, Sitio Matikol, Barangay Pansoy, Municipality of San Andres, Quezon"
HB10858-3-0784-013280,"Construction of Multi-Purpose Building, Sitio Sumagonsong, Barangay Pakiing, Municipality of Mulanay, Quezon",10000000,Quezon 3rd District Engineering Office,Region IV-A,3- HB 10858 FOR 3RD READING VOL I-C .pdf,784,"[""Quezon · 3rd District""]","[""Reynante Arrogancia""]","[{""place"": ""mulanay"", ""jurisdiction"": ""quezon"", ""seats"": [""3rd""]}]",[],[],Not independently verified,Exact normalized title found in NEP,"Construction of Multi-Purpose Building, Sitio Sumagonsong, Barangay Pakiing, Municipality of Mulanay, Quezon"
HB10858-3-0784-013281,"Construction of Multi-Purpose Building, Sitio Tagaytay, Barangay Mangero, Municipality of San Andres, Quezon",10000000,Quezon 3rd District Engineering Office,Region IV-A,3- HB 10858 FOR 3RD READING VOL I-C .pdf,784,"[""Quezon · 3rd District""]","[""Reynante Arrogancia""]","[{""place"": ""quezon"", ""jurisdiction"": ""quezon"", ""seats"": [""3rd""]}]","[""Local crosswalks disagree or the primary crosswalk lacks a named locality."", ""Quezon is being used as a municipality match; its role as province, city, barangay, bridge or road name must be established from geographic context.""]","[{""locality"": ""san andres"", ""primaryDistrict"": null, ""alternativeDistrict"": ""3rd District"", ""decision"": ""Unresolved; neither local crosswalk is treated as authoritative.""}]",Unresolved: flagged geographic evidence,Exact normalized title found in NEP,"Construction of Multi-Purpose Building, Sitio Tagaytay, Barangay Mangero, Municipality of San Andres, Quezon"
HB10858-3-0784-013282,"Construction (Completion) of Multi-Purpose Building, Barangay Banabahin Ibaba, Lopez, Quezon",8500000,Quezon 4th District Engineering Office,Region IV-A,3- HB 10858 FOR 3RD READING VOL I-C .pdf,784,"[""Quezon · 3rd District""]","[""Reynante Arrogancia""]","[{""place"": ""quezon"", ""jurisdiction"": ""quezon"", ""seats"": [""3rd""]}]","[""Local crosswalks disagree or the primary crosswalk lacks a named locality."", ""Quezon is being used as a municipality match; its role as province, city, barangay, bridge or road name must be established from geographic context.""]","[{""locality"": ""lopez"", ""primaryDistrict"": ""3rd District"", ""alternativeDistrict"": ""4th District"", ""decision"": ""Unresolved; neither local crosswalk is treated as authoritative.""}]",Unresolved: flagged geographic evidence,Exact normalized title found in NEP,"Construction (Completion) of Multi-Purpose Building, Barangay Banabahin Ibaba, Lopez, Quezon"
HB10858-3-0784-013283,"Construction (Completion) of Multi-Purpose Building, Barangay Danlagan Poblacion, Lopez, Quezon",5000000,Quezon 4th District Engineering Office,Region IV-A,3- HB 10858 FOR 3RD READING VOL I-C .pdf,784,"[""Quezon · 3rd District""]","[""Reynante Arrogancia""]","[{""place"": ""quezon"", ""jurisdiction"": ""quezon"", ""seats"": [""3rd""]}]","[""Local crosswalks disagree or the primary crosswalk lacks a named locality."", ""Quezon is being used as a municipality match; its role as province, city, barangay, bridge or road name must be established from geographic context.""]","[{""locality"": ""lopez"", ""primaryDistrict"": ""3rd District"", ""alternativeDistrict"": ""4th District"", ""decision"": ""Unresolved; neither local crosswalk is treated as authoritative.""}]",Unresolved: flagged geographic evidence,Exact normalized title found in NEP,"Construction (Completion) of Multi-Purpose Building, Barangay Danlagan Poblacion, Lopez, Quezon"
HB10858-3-0784-013284,"Construction (Completion) of Multi-Purpose Building, Barangay Buenavista, Alabat, Quezon",3000000,Quezon 4th District Engineering Office,Region IV-A,3- HB 10858 FOR 3RD READING VOL I-C .pdf,784,"[""Quezon · 3rd District""]","[""Reynante Arrogancia""]","[{""place"": ""buenavista"", ""jurisdiction"": ""quezon"", ""seats"": [""3rd""]}]",[],[],Not independently verified,Multiple or already paired NEP counterparts; review scope,"Construction (Completion) of Multi-Purpose Building, Barangay Baguio, Tayabas City, Quezon"
HB10858-3-0784-013286,"Construction (Completion) of Multi-Purpose Building, Barangay Del Pilar Quezon, Quezon",4000000,Quezon 4th District Engineering Office,Region IV-A,3- HB 10858 FOR 3RD READING VOL I-C .pdf,784,"[""Quezon · 3rd District""]","[""Reynante Arrogancia""]","[{""place"": ""quezon"", ""jurisdiction"": ""quezon"", ""seats"": [""3rd""]}]","[""Quezon is being used as a municipality match; its role as province, city, barangay, bridge or road name must be established from geographic context.""]",[],Unresolved: flagged geographic evidence,Multiple or already paired NEP counterparts; review scope,"Construction (Completion) of Multi-Purpose Building, Barangay V (Pob.) Quezon, Quezon"
HB10858-3-0784-013287,"Construction (Completion) of Multi-Purpose Building, Barangay Poblacion 2, Quezon, Quezon",3000000,Quezon 4th District Engineering Office,Region IV-A,3- HB 10858 FOR 3RD READING VOL I-C .pdf,784,"[""Quezon · 3rd District""]","[""Reynante Arrogancia""]","[{""place"": ""quezon"", ""jurisdiction"": ""quezon"", ""seats"": [""3rd""]}]","[""Quezon is being used as a municipality match; its role as province, city, barangay, bridge or road name must be established from geographic context.""]",[],Unresolved: flagged geographic evidence,Multiple or already paired NEP counterparts; review scope,"Construction (Completion) of Multi-Purpose Building, Barangay Rizal Poblacion, Lopez, Quezon"
HB10858-3-0784-013288,"Construction (Completion) of Multi-Purpose Building, Barangay Magsino, Quezon, Quezon",3000000,Quezon 4th District Engineering Office,Region IV-A,3- HB 10858 FOR 3RD READING VOL I-C .pdf,784,"[""Quezon · 3rd District""]","[""Reynante Arrogancia""]","[{""place"": ""quezon"", ""jurisdiction"": ""quezon"", ""seats"": [""3rd""]}]","[""Quezon is being used as a municipality match; its role as province, city, barangay, bridge or road name must be established from geographic context.""]",[],Unresolved: flagged geographic evidence,Multiple or already paired NEP counterparts; review scope,"Construction (Completion) of Multi-Purpose Building, Barangay V (Pob.) Quezon, Quezon"
HB10858-3-0784-013289,"Construction (Completion) of Multi-Purpose Building, Barangay Villa Mercedes, Quezon, Quezon",2500000,Quezon 4th District Engineering Office,Region IV-A,3- HB 10858 FOR 3RD READING VOL I-C .pdf,784,"[""Quezon · 3rd District""]","[""Reynante Arrogancia""]","[{""place"": ""quezon"", ""jurisdiction"": ""quezon"", ""seats"": [""3rd""]}]","[""Quezon is being used as a municipality match; its role as province, city, barangay, bridge or road name must be established from geographic context.""]",[],Unresolved: flagged geographic evidence,Multiple or already paired NEP counterparts; review scope,"Construction (Completion) of Multi-Purpose Building, Barangay V (Pob.) Quezon, Quezon"
HB10858-3-0784-013290,"Rehabilitation of Multi-Purpose Building, Lagay Elementary School, Barangay Lagay, Calauag, Quezon",7000000,Quezon 4th District Engineering Office,Region IV-A,3- HB 10858 FOR 3RD READING VOL I-C .pdf,784,"[""Quezon · 3rd District""]","[""Reynante Arrogancia""]","[{""place"": ""calauag"", ""jurisdiction"": ""quezon"", ""seats"": [""3rd""]}]","[""Local crosswalks disagree or the primary crosswalk lacks a named locality.""]","[{""locality"": ""calauag"", ""primaryDistrict"": ""3rd District"", ""alternativeDistrict"": ""4th District"", ""decision"": ""Unresolved; neither local crosswalk is treated as authoritative.""}]",Unresolved: flagged geographic evidence,No plausible NEP title counterpart; review candidate,"Construction (Completion) of Multi-Purpose Building, Barangay Katangtang, Calauag, Quezon"
HB10858-3-0784-013291,"Construction (Completion) of Multi-Purpose Building, Camohaguin National High School, Barangay Camohaguin, Gumaca Quezon",5000000,Quezon 4th District Engineering Office,Region IV-A,3- HB 10858 FOR 3RD READING VOL I-C .pdf,784,"[""Quezon · 3rd District""]","[""Reynante Arrogancia""]","[{""place"": ""gumaca"", ""jurisdiction"": ""quezon"", ""seats"": [""3rd""]}, {""place"": ""quezon"", ""jurisdiction"": ""quezon"", ""seats"": [""3rd""]}]","[""Local crosswalks disagree or the primary crosswalk lacks a named locality."", ""Quezon is being used as a municipality match; its role as province, city, barangay, bridge or road name must be established from geographic context.""]","[{""locality"": ""gumaca"", ""primaryDistrict"": ""3rd District"", ""alternativeDistrict"": ""4th District"", ""decision"": ""Unresolved; neither local crosswalk is treated as authoritative.""}]",Unresolved: flagged geographic evidence,No plausible NEP title counterpart; review candidate,"Construction (Completion) of Multi-Purpose Building at Barangay Bacong, Infanta, Quezon"
HB10858-3-0784-013292,"Construction (Completion) of Multi-Purpose Building, Barangay Manguisian, Lopez, Quezon",4000000,Quezon 4th District Engineering Office,Region IV-A,3- HB 10858 FOR 3RD READING VOL I-C .pdf,784,"[""Quezon · 3rd District""]","[""Reynante Arrogancia""]","[{""place"": ""quezon"", ""jurisdiction"": ""quezon"", ""seats"": [""3rd""]}]","[""Local crosswalks disagree or the primary crosswalk lacks a named locality."", ""Quezon is being used as a municipality match; its role as province, city, barangay, bridge or road name must be established from geographic context.""]","[{""locality"": ""lopez"", ""primaryDistrict"": ""3rd District"", ""alternativeDistrict"": ""4th District"", ""decision"": ""Unresolved; neither local crosswalk is treated as authoritative.""}]",Unresolved: flagged geographic evidence,Multiple or already paired NEP counterparts; review scope,"Construction (Completion) of Multi-Purpose Building, Barangay Mabanban, Lopez, Quezon"
HB10858-3-0784-013293,"Construction (Completion) of Multi-Purpose Building, Santa Catalina National High School, Barangay Santa Catalina, Lopez, Quezon",7500000,Quezon 4th District Engineering Office,Region IV-A,3- HB 10858 FOR 3RD READING VOL I-C .pdf,784,"[""Quezon · 3rd District""]","[""Reynante Arrogancia""]","[{""place"": ""quezon"", ""jurisdiction"": ""quezon"", ""seats"": [""3rd""]}]","[""Local crosswalks disagree or the primary crosswalk lacks a named locality."", ""Quezon is being used as a municipality match; its role as province, city, barangay, bridge or road name must be established from geographic context.""]","[{""locality"": ""lopez"", ""primaryDistrict"": ""3rd District"", ""alternativeDistrict"": ""4th District"", ""decision"": ""Unresolved; neither local crosswalk is treated as authoritative.""}]",Unresolved: flagged geographic evidence,No plausible NEP title counterpart; review candidate,"Construction (Completion) of Multi-Purpose Building, Barangay Esperanza Ibaba, Lopez, Quezon"
HB10858-3-0784-013294,"Construction (Completion) of Multi-Purpose Building, Barangay Bamban, Tagkawayan, Quezon",10000000,Quezon 4th District Engineering Office,Region IV-A,3- HB 10858 FOR 3RD READING VOL I-C .pdf,784,"[""Quezon · 3rd District""]","[""Reynante Arrogancia""]","[{""place"": ""tagkawayan"", ""jurisdiction"": ""quezon"", ""seats"": [""3rd""]}]","[""Local crosswalks disagree or the primary crosswalk lacks a named locality.""]","[{""locality"": ""tagkawayan"", ""primaryDistrict"": ""3rd District"", ""alternativeDistrict"": ""4th District"", ""decision"": ""Unresolved; neither local crosswalk is treated as authoritative.""}]",Unresolved: flagged geographic evidence,Multiple or already paired NEP counterparts; review scope,"Construction (Completion) of Multi-Purpose Building, Barangay Katimo, Tagkawayan, Quezon"
HB10858-3-0784-013295,"Construction of Multi-Purpose Building, Kapaluhan Elementary School, Barangay Kapaluhan, Calauag, Quezon",10000000,Quezon 4th District Engineering Office,Region IV-A,3- HB 10858 FOR 3RD READING VOL I-C .pdf,784,"[""Quezon · 3rd District""]","[""Reynante Arrogancia""]","[{""place"": ""calauag"", ""jurisdiction"": ""quezon"", ""seats"": [""3rd""]}]","[""Local crosswalks disagree or the primary crosswalk lacks a named locality.""]","[{""locality"": ""calauag"", ""primaryDistrict"": ""3rd District"", ""alternativeDistrict"": ""4th District"", ""decision"": ""Unresolved; neither local crosswalk is treated as authoritative.""}]",Unresolved: flagged geographic evidence,No plausible NEP title counterpart; review candidate,"Construction (Completion) of Multi-Purpose Building, Barangay Katangtang, Calauag, Quezon"
HB10858-3-0784-013296,"Construction of Multi-Purpose Building, Severo Tejada Integrated School, Barangay Mainit Sur, Perez, Quezon",10000000,Quezon 4th District Engineering Office,Region IV-A,3- HB 10858 FOR 3RD READING VOL I-C .pdf,784,"[""Quezon · 3rd District""]","[""Reynante Arrogancia""]","[{""place"": ""quezon"", ""jurisdiction"": ""quezon"", ""seats"": [""3rd""]}]","[""Local crosswalks disagree or the primary crosswalk lacks a named locality."", ""Quezon is being used as a municipality match; its role as province, city, barangay, bridge or road name must be established from geographic context.""]","[{""locality"": ""perez"", ""primaryDistrict"": null, ""alternativeDistrict"": ""4th District"", ""decision"": ""Unresolved; neither local crosswalk is treated as authoritative.""}]",Unresolved: flagged geographic evidence,No plausible NEP title counterpart; review candidate,"Rehabilitation of Multi-Purpose Building, Barangay Villa Manzano Sur, Perez, Quezon"
HB10858-3-0784-013297,"Construction (Completion) of Multi-Purpose Building, Barangay Poblacion 2, Alabat, Quezon",4000000,Quezon 4th District Engineering Office,Region IV-A,3- HB 10858 FOR 3RD READING VOL I-C .pdf,784,"[""Quezon · 3rd District"", ""Quezon · 4th District""]","[""Keith Micah Tan"", ""Reynante Arrogancia""]","[{""place"": ""alabat"", ""jurisdiction"": ""quezon"", ""seats"": [""4th""]}, {""place"": ""quezon"", ""jurisdiction"": ""quezon"", ""seats"": [""3rd""]}]","[""Quezon is being used as a municipality match; its role as province, city, barangay, bridge or road name must be established from geographic context.""]",[],Unresolved: flagged geographic evidence,Multiple or already paired NEP counterparts; review scope,"Construction (Completion) of Multi-Purpose Building, Barangay Rizal Poblacion, Lopez, Quezon"
HB10858-3-0785-013298,"Construction of Multi-Purpose Building, San Francisco B National High School, San Francisco B, Lopez, Quezon",10000000,Quezon 4th District Engineering Office,Region IV-A,3- HB 10858 FOR 3RD READING VOL I-C .pdf,785,"[""Quezon · 3rd District""]","[""Reynante Arrogancia""]","[{""place"": ""quezon"", ""jurisdiction"": ""quezon"", ""seats"": [""3rd""]}]","[""Local crosswalks disagree or the primary crosswalk lacks a named locality."", ""Quezon is being used as a municipality match; its role as province, city, barangay, bridge or road name must be established from geographic context.""]","[{""locality"": ""lopez"", ""primaryDistrict"": ""3rd District"", ""alternativeDistrict"": ""4th District"", ""decision"": ""Unresolved; neither local crosswalk is treated as authoritative.""}, {""locality"": ""san francisco"", ""primaryDistrict"": null, ""alternativeDistrict"": ""3rd District"", ""decision"": ""Unresolved; neither local crosswalk is treated as authoritative.""}]",Unresolved: flagged geographic evidence,No plausible NEP title counterpart; review candidate,"Construction of Multi-Purpose Building, Barangay San Francisco, Tiaong, Quezon"
HB10858-3-0785-013299,"Construction (Completion) of Multi-Purpose Building, Barangay Villa Prinsipe, Gumaca, Quezon",4000000,Quezon 4th District Engineering Office,Region IV-A,3- HB 10858 FOR 3RD READING VOL I-C .pdf,785,"[""Quezon · 3rd District""]","[""Reynante Arrogancia""]","[{""place"": ""gumaca"", ""jurisdiction"": ""quezon"", ""seats"": [""3rd""]}, {""place"": ""quezon"", ""jurisdiction"": ""quezon"", ""seats"": [""3rd""]}]","[""Local crosswalks disagree or the primary crosswalk lacks a named locality."", ""Quezon is being used as a municipality match; its role as province, city, barangay, bridge or road name must be established from geographic context.""]","[{""locality"": ""gumaca"", ""primaryDistrict"": ""3rd District"", ""alternativeDistrict"": ""4th District"", ""decision"": ""Unresolved; neither local crosswalk is treated as authoritative.""}]",Unresolved: flagged geographic evidence,Multiple or already paired NEP counterparts; review scope,"Construction (Completion) of Multi-Purpose Building, Barangay Lipata, Panukulan, Quezon"
HB10858-3-0785-013300,"Construction of Multi-Purpose Building, Tagbakin Elementary School, Barangay Tagbakin, Atimonan, Quezon",8000000,Quezon 4th District Engineering Office,Region IV-A,3- HB 10858 FOR 3RD READING VOL I-C .pdf,785,"[""Quezon · 3rd District""]","[""Reynante Arrogancia""]","[{""place"": ""atimonan"", ""jurisdiction"": ""quezon"", ""seats"": [""3rd""]}]","[""Local crosswalks disagree or the primary crosswalk lacks a named locality.""]","[{""locality"": ""atimonan"", ""primaryDistrict"": ""3rd District"", ""alternativeDistrict"": ""4th District"", ""decision"": ""Unresolved; neither local crosswalk is treated as authoritative.""}]",Unresolved: flagged geographic evidence,No plausible NEP title counterpart; review candidate,"Construction of Multi-Purpose Building, Barangay Inalig, Atimonan, Quezon"
HB10858-3-0785-013302,"Rehabilitation of Multi-Purpose Building, Gumaca East Central School, Barangay Villa Nava, Gumaca, Quezon",4500000,Quezon 4th District Engineering Office,Region IV-A,3- HB 10858 FOR 3RD READING VOL I-C .pdf,785,"[""Quezon · 3rd District""]","[""Reynante Arrogancia""]","[{""place"": ""gumaca"", ""jurisdiction"": ""quezon"", ""seats"": [""3rd""]}, {""place"": ""quezon"", ""jurisdiction"": ""quezon"", ""seats"": [""3rd""]}]","[""Local crosswalks disagree or the primary crosswalk lacks a named locality."", ""Quezon is being used as a municipality match; its role as province, city, barangay, bridge or road name must be established from geographic context.""]","[{""locality"": ""gumaca"", ""primaryDistrict"": ""3rd District"", ""alternativeDistrict"": ""4th District"", ""decision"": ""Unresolved; neither local crosswalk is treated as authoritative.""}]",Unresolved: flagged geographic evidence,No plausible NEP title counterpart; review candidate,"Rehabilitation of Multi-Purpose Building, Barangay Villa Manzano Sur, Perez, Quezon"
HB10858-3-0785-013303,"Rehabilitation of Multi-Purpose Building, Barangay Tabing Dagat, Gumaca, Quezon",7000000,Quezon 4th District Engineering Office,Region IV-A,3- HB 10858 FOR 3RD READING VOL I-C .pdf,785,"[""Quezon · 3rd District""]","[""Reynante Arrogancia""]","[{""place"": ""gumaca"", ""jurisdiction"": ""quezon"", ""seats"": [""3rd""]}, {""place"": ""quezon"", ""jurisdiction"": ""quezon"", ""seats"": [""3rd""]}]","[""Local crosswalks disagree or the primary crosswalk lacks a named locality."", ""Quezon is being used as a municipality match; its role as province, city, barangay, bridge or road name must be established from geographic context.""]","[{""locality"": ""gumaca"", ""primaryDistrict"": ""3rd District"", ""alternativeDistrict"": ""4th District"", ""decision"": ""Unresolved; neither local crosswalk is treated as authoritative.""}]",Unresolved: flagged geographic evidence,No plausible NEP title counterpart; review candidate,"Construction of Multi-Purpose Building (Hall of Justice), Barangay Panikihan, Gumaca, Quezon"
HB10858-3-0785-013304,"Construction (Continuation) of Multi-Purpose Building, Barangay Maunlad, Gumaca, Quezon",25000000,Quezon 4th District Engineering Office,Region IV-A,3- HB 10858 FOR 3RD READING VOL I-C .pdf,785,"[""Quezon · 3rd District""]","[""Reynante Arrogancia""]","[{""place"": ""gumaca"", ""jurisdiction"": ""quezon"", ""seats"": [""3rd""]}, {""place"": ""quezon"", ""jurisdiction"": ""quezon"", ""seats"": [""3rd""]}]","[""Local crosswalks disagree or the primary crosswalk lacks a named locality."", ""Quezon is being used as a municipality match; its role as province, city, barangay, bridge or road name must be established from geographic context.""]","[{""locality"": ""gumaca"", ""primaryDistrict"": ""3rd District"", ""alternativeDistrict"": ""4th District"", ""decision"": ""Unresolved; neither local crosswalk is treated as authoritative.""}]",Unresolved: flagged geographic evidence,No plausible NEP title counterpart; review candidate,"Construction of Multi-Purpose Building (Hall of Justice), Barangay Panikihan, Gumaca, Quezon"
HB10858-3-0785-013305,"Construction (Completion) of Multi-Purpose Building, Barangay Esperanza Ibaba, Lopez, Quezon",8500000,Quezon 4th District Engineering Office,Region IV-A,3- HB 10858 FOR 3RD READING VOL I-C .pdf,785,"[""Quezon · 3rd District""]","[""Reynante Arrogancia""]","[{""place"": ""quezon"", ""jurisdiction"": ""quezon"", ""seats"": [""3rd""]}]","[""Local crosswalks disagree or the primary crosswalk lacks a named locality."", ""Quezon is being used as a municipality match; its role as province, city, barangay, bridge or road name must be established from geographic context.""]","[{""locality"": ""lopez"", ""primaryDistrict"": ""3rd District"", ""alternativeDistrict"": ""4th District"", ""decision"": ""Unresolved; neither local crosswalk is treated as authoritative.""}]",Unresolved: flagged geographic evidence,Exact normalized title found in NEP,"Construction (Completion) of Multi-Purpose Building, Barangay Esperanza Ibaba, Lopez, Quezon"
HB10858-3-0785-013306,"Construction (Completion) of Multi-Purpose Building, Barangay Katangtang, Calauag, Quezon",7000000,Quezon 4th District Engineering Office,Region IV-A,3- HB 10858 FOR 3RD READING VOL I-C .pdf,785,"[""Quezon · 3rd District""]","[""Reynante Arrogancia""]","[{""place"": ""calauag"", ""jurisdiction"": ""quezon"", ""seats"": [""3rd""]}]","[""Local crosswalks disagree or the primary crosswalk lacks a named locality.""]","[{""locality"": ""calauag"", ""primaryDistrict"": ""3rd District"", ""alternativeDistrict"": ""4th District"", ""decision"": ""Unresolved; neither local crosswalk is treated as authoritative.""}]",Unresolved: flagged geographic evidence,Exact normalized title found in NEP,"Construction (Completion) of Multi-Purpose Building, Barangay Katangtang, Calauag, Quezon"
HB10858-3-0785-013307,"Construction (Completion) of Multi-Purpose Building, Barangay Katimo, Tagkawayan, Quezon",7500000,Quezon 4th District Engineering Office,Region IV-A,3- HB 10858 FOR 3RD READING VOL I-C .pdf,785,"[""Quezon · 3rd District""]","[""Reynante Arrogancia""]","[{""place"": ""tagkawayan"", ""jurisdiction"": ""quezon"", ""seats"": [""3rd""]}]","[""Local crosswalks disagree or the primary crosswalk lacks a named locality.""]","[{""locality"": ""tagkawayan"", ""primaryDistrict"": ""3rd District"", ""alternativeDistrict"": ""4th District"", ""decision"": ""Unresolved; neither local crosswalk is treated as authoritative.""}]",Unresolved: flagged geographic evidence,Exact normalized title found in NEP,"Construction (Completion) of Multi-Purpose Building, Barangay Katimo, Tagkawayan, Quezon"
HB10858-3-0785-013308,"Construction (Completion) of Multi-Purpose Building, Barangay Mabanban, Lopez, Quezon",8000000,Quezon 4th District Engineering Office,Region IV-A,3- HB 10858 FOR 3RD READING VOL I-C .pdf,785,"[""Quezon · 3rd District""]","[""Reynante Arrogancia""]","[{""place"": ""quezon"", ""jurisdiction"": ""quezon"", ""seats"": [""3rd""]}]","[""Local crosswalks disagree or the primary crosswalk lacks a named locality."", ""Quezon is being used as a municipality match; its role as province, city, barangay, bridge or road name must be established from geographic context.""]","[{""locality"": ""lopez"", ""primaryDistrict"": ""3rd District"", ""alternativeDistrict"": ""4th District"", ""decision"": ""Unresolved; neither local crosswalk is treated as authoritative.""}]",Unresolved: flagged geographic evidence,Exact normalized title found in NEP,"Construction (Completion) of Multi-Purpose Building, Barangay Mabanban, Lopez, Quezon"
HB10858-3-0785-013309,"Construction (Completion) of Multi-Purpose Building, Barangay Maguibuay, Tagkawayan, Quezon",7000000,Quezon 4th District Engineering Office,Region IV-A,3- HB 10858 FOR 3RD READING VOL I-C .pdf,785,"[""Quezon · 3rd District""]","[""Reynante Arrogancia""]","[{""place"": ""tagkawayan"", ""jurisdiction"": ""quezon"", ""seats"": [""3rd""]}]","[""Local crosswalks disagree or the primary crosswalk lacks a named locality.""]","[{""locality"": ""tagkawayan"", ""primaryDistrict"": ""3rd District"", ""alternativeDistrict"": ""4th District"", ""decision"": ""Unresolved; neither local crosswalk is treated as authoritative.""}]",Unresolved: flagged geographic evidence,Exact normalized title found in NEP,"Construction (Completion) of Multi-Purpose Building, Barangay Maguibuay, Tagkawayan, Quezon"
HB10858-3-0785-013310,"Construction (Completion) of Multi-Purpose Building, Barangay Malbog, Tagkawayan, Quezon",5000000,Quezon 4th District Engineering Office,Region IV-A,3- HB 10858 FOR 3RD READING VOL I-C .pdf,785,"[""Quezon · 3rd District""]","[""Reynante Arrogancia""]","[{""place"": ""tagkawayan"", ""jurisdiction"": ""quezon"", ""seats"": [""3rd""]}]","[""Local crosswalks disagree or the primary crosswalk lacks a named locality.""]","[{""locality"": ""tagkawayan"", ""primaryDistrict"": ""3rd District"", ""alternativeDistrict"": ""4th District"", ""decision"": ""Unresolved; neither local crosswalk is treated as authoritative.""}]",Unresolved: flagged geographic evidence,Exact normalized title found in NEP,"Construction (Completion) of Multi-Purpose Building, Barangay Malbog, Tagkawayan, Quezon"
HB10858-3-0785-013312,"Construction (Completion) of Multi-Purpose Building, Barangay San Roque Ilaya, Calauag, Quezon",8000000,Quezon 4th District Engineering Office,Region IV-A,3- HB 10858 FOR 3RD READING VOL I-C .pdf,785,"[""Quezon · 3rd District""]","[""Reynante Arrogancia""]","[{""place"": ""calauag"", ""jurisdiction"": ""quezon"", ""seats"": [""3rd""]}]","[""Local crosswalks disagree or the primary crosswalk lacks a named locality.""]","[{""locality"": ""calauag"", ""primaryDistrict"": ""3rd District"", ""alternativeDistrict"": ""4th District"", ""decision"": ""Unresolved; neither local crosswalk is treated as authoritative.""}]",Unresolved: flagged geographic evidence,Exact normalized title found in NEP,"Construction (Completion) of Multi-Purpose Building, Barangay San Roque Ilaya, Calauag, Quezon"
HB10858-3-0785-013313,"Construction (Completion) of Multi-Purpose Building, Barangay V (Pob.) Quezon, Quezon",5000000,Quezon 4th District Engineering Office,Region IV-A,3- HB 10858 FOR 3RD READING VOL I-C .pdf,785,"[""Quezon · 3rd District""]","[""Reynante Arrogancia""]","[{""place"": ""quezon"", ""jurisdiction"": ""quezon"", ""seats"": [""3rd""]}]","[""Quezon is being used as a municipality match; its role as province, city, barangay, bridge or road name must be established from geographic context.""]",[],Unresolved: flagged geographic evidence,Exact normalized title found in NEP,"Construction (Completion) of Multi-Purpose Building, Barangay V (Pob.) Quezon, Quezon"
HB10858-3-0785-013314,"Construction of Multi-Purpose Building (City Hall), Lopez, Quezon",50000000,Quezon 4th District Engineering Office,Region IV-A,3- HB 10858 FOR 3RD READING VOL I-C .pdf,785,"[""Quezon · 3rd District""]","[""Reynante Arrogancia""]","[{""place"": ""quezon"", ""jurisdiction"": ""quezon"", ""seats"": [""3rd""]}]","[""Local crosswalks disagree or the primary crosswalk lacks a named locality."", ""Quezon is being used as a municipality match; its role as province, city, barangay, bridge or road name must be established from geographic context.""]","[{""locality"": ""lopez"", ""primaryDistrict"": ""3rd District"", ""alternativeDistrict"": ""4th District"", ""decision"": ""Unresolved; neither local crosswalk is treated as authoritative.""}]",Unresolved: flagged geographic evidence,Exact normalized title found in NEP,"Construction of Multi-Purpose Building (City Hall), Lopez, Quezon"
HB10858-3-0785-013315,"Construction of Multi-Purpose Building (Hall of Justice), Barangay Panikihan, Gumaca, Quezon",20000000,Quezon 4th District Engineering Office,Region IV-A,3- HB 10858 FOR 3RD READING VOL I-C .pdf,785,"[""Quezon · 3rd District""]","[""Reynante Arrogancia""]","[{""place"": ""gumaca"", ""jurisdiction"": ""quezon"", ""seats"": [""3rd""]}, {""place"": ""quezon"", ""jurisdiction"": ""quezon"", ""seats"": [""3rd""]}]","[""Local crosswalks disagree or the primary crosswalk lacks a named locality."", ""Quezon is being used as a municipality match; its role as province, city, barangay, bridge or road name must be established from geographic context.""]","[{""locality"": ""gumaca"", ""primaryDistrict"": ""3rd District"", ""alternativeDistrict"": ""4th District"", ""decision"": ""Unresolved; neither local crosswalk is treated as authoritative.""}]",Unresolved: flagged geographic evidence,Exact normalized title found in NEP,"Construction of Multi-Purpose Building (Hall of Justice), Barangay Panikihan, Gumaca, Quezon"
HB10858-3-0785-013316,"Construction of Multi-Purpose Building, Barangay Dungawan Pantay, Guinayangan, Quezon",10000000,Quezon 4th District Engineering Office,Region IV-A,3- HB 10858 FOR 3RD READING VOL I-C .pdf,785,"[""Quezon · 3rd District""]","[""Reynante Arrogancia""]","[{""place"": ""quezon"", ""jurisdiction"": ""quezon"", ""seats"": [""3rd""]}]","[""Local crosswalks disagree or the primary crosswalk lacks a named locality."", ""Quezon is being used as a municipality match; its role as province, city, barangay, bridge or road name must be established from geographic context.""]","[{""locality"": ""guinayangan"", ""primaryDistrict"": null, ""alternativeDistrict"": ""4th District"", ""decision"": ""Unresolved; neither local crosswalk is treated as authoritative.""}]",Unresolved: flagged geographic evidence,Exact normalized title found in NEP,"Construction of Multi-Purpose Building, Barangay Dungawan Pantay, Guinayangan, Quezon"
HB10858-3-0785-013317,"Construction of Multi-Purpose Building, Barangay Inalig, Atimonan, Quezon",7000000,Quezon 4th District Engineering Office,Region IV-A,3- HB 10858 FOR 3RD READING VOL I-C .pdf,785,"[""Quezon · 3rd District""]","[""Reynante Arrogancia""]","[{""place"": ""atimonan"", ""jurisdiction"": ""quezon"", ""seats"": [""3rd""]}]","[""Local crosswalks disagree or the primary crosswalk lacks a named locality.""]","[{""locality"": ""atimonan"", ""primaryDistrict"": ""3rd District"", ""alternativeDistrict"": ""4th District"", ""decision"": ""Unresolved; neither local crosswalk is treated as authoritative.""}]",Unresolved: flagged geographic evidence,Exact normalized title found in NEP,"Construction of Multi-Purpose Building, Barangay Inalig, Atimonan, Quezon"
HB10858-3-0786-013318,"Construction of Multi-Purpose Building, Barangay Manato Central, Tagkawayan, Quezon",7500000,Quezon 4th District Engineering Office,Region IV-A,3- HB 10858 FOR 3RD READING VOL I-C .pdf,786,"[""Quezon · 3rd District""]","[""Reynante Arrogancia""]","[{""place"": ""tagkawayan"", ""jurisdiction"": ""quezon"", ""seats"": [""3rd""]}]","[""Local crosswalks disagree or the primary crosswalk lacks a named locality.""]","[{""locality"": ""tagkawayan"", ""primaryDistrict"": ""3rd District"", ""alternativeDistrict"": ""4th District"", ""decision"": ""Unresolved; neither local crosswalk is treated as authoritative.""}]",Unresolved: flagged geographic evidence,Exact normalized title found in NEP,"Construction of Multi-Purpose Building, Barangay Manato Central, Tagkawayan, Quezon"
HB10858-3-0786-013319,"Construction of Multi-Purpose Building, Barangay San Rafael, Lopez, Quezon",8000000,Quezon 4th District Engineering Office,Region IV-A,3- HB 10858 FOR 3RD READING VOL I-C .pdf,786,"[""Quezon · 3rd District""]","[""Reynante Arrogancia""]","[{""place"": ""quezon"", ""jurisdiction"": ""quezon"", ""seats"": [""3rd""]}]","[""Local crosswalks disagree or the primary crosswalk lacks a named locality."", ""Quezon is being used as a municipality match; its role as province, city, barangay, bridge or road name must be established from geographic context.""]","[{""locality"": ""lopez"", ""primaryDistrict"": ""3rd District"", ""alternativeDistrict"": ""4th District"", ""decision"": ""Unresolved; neither local crosswalk is treated as authoritative.""}]",Unresolved: flagged geographic evidence,Exact normalized title found in NEP,"Construction of Multi-Purpose Building, Barangay San Rafael, Lopez, Quezon"
HB10858-3-0786-013320,"Construction of Multi-Purpose Building, Barangay Villa Norte, Alabat, Quezon",8000000,Quezon 4th District Engineering Office,Region IV-A,3- HB 10858 FOR 3RD READING VOL I-C .pdf,786,"[""Quezon · 3rd District"", ""Quezon · 4th District""]","[""Keith Micah Tan"", ""Reynante Arrogancia""]","[{""place"": ""alabat"", ""jurisdiction"": ""quezon"", ""seats"": [""4th""]}, {""place"": ""quezon"", ""jurisdiction"": ""quezon"", ""seats"": [""3rd""]}]","[""Quezon is being used as a municipality match; its role as province, city, barangay, bridge or road name must be established from geographic context.""]",[],Unresolved: flagged geographic evidence,Exact normalized title found in NEP,"Construction of Multi-Purpose Building, Barangay Villa Norte, Alabat, Quezon"
HB10858-3-0786-013321,"Rehabilitation of Multi-Purpose Building, Barangay Calantipayan, Lopez, Quezon",5000000,Quezon 4th District Engineering Office,Region IV-A,3- HB 10858 FOR 3RD READING VOL I-C .pdf,786,"[""Quezon · 3rd District""]","[""Reynante Arrogancia""]","[{""place"": ""quezon"", ""jurisdiction"": ""quezon"", ""seats"": [""3rd""]}]","[""Local crosswalks disagree or the primary crosswalk lacks a named locality."", ""Quezon is being used as a municipality match; its role as province, city, barangay, bridge or road name must be established from geographic context.""]","[{""locality"": ""lopez"", ""primaryDistrict"": ""3rd District"", ""alternativeDistrict"": ""4th District"", ""decision"": ""Unresolved; neither local crosswalk is treated as authoritative.""}]",Unresolved: flagged geographic evidence,Exact normalized title found in NEP,"Rehabilitation of Multi-Purpose Building, Barangay Calantipayan, Lopez, Quezon"
HB10858-3-0786-013322,"Rehabilitation of Multi-Purpose Building, Barangay Gomez, Lopez, Quezon",50000000,Quezon 4th District Engineering Office,Region IV-A,3- HB 10858 FOR 3RD READING VOL I-C .pdf,786,"[""Quezon · 3rd District""]","[""Reynante Arrogancia""]","[{""place"": ""quezon"", ""jurisdiction"": ""quezon"", ""seats"": [""3rd""]}]","[""Local crosswalks disagree or the primary crosswalk lacks a named locality."", ""Quezon is being used as a municipality match; its role as province, city, barangay, bridge or road name must be established from geographic context.""]","[{""locality"": ""lopez"", ""primaryDistrict"": ""3rd District"", ""alternativeDistrict"": ""4th District"", ""decision"": ""Unresolved; neither local crosswalk is treated as authoritative.""}]",Unresolved: flagged geographic evidence,Exact normalized title found in NEP,"Rehabilitation of Multi-Purpose Building, Barangay Gomez, Lopez, Quezon"
HB10858-3-0786-013323,"Rehabilitation of Multi-Purpose Building, Barangay Villa Manzano Sur, Perez, Quezon",5000000,Quezon 4th District Engineering Office,Region IV-A,3- HB 10858 FOR 3RD READING VOL I-C .pdf,786,"[""Quezon · 3rd District""]","[""Reynante Arrogancia""]","[{""place"": ""quezon"", ""jurisdiction"": ""quezon"", ""seats"": [""3rd""]}]","[""Local crosswalks disagree or the primary crosswalk lacks a named locality."", ""Quezon is being used as a municipality match; its role as province, city, barangay, bridge or road name must be established from geographic context.""]","[{""locality"": ""perez"", ""primaryDistrict"": null, ""alternativeDistrict"": ""4th District"", ""decision"": ""Unresolved; neither local crosswalk is treated as authoritative.""}]",Unresolved: flagged geographic evidence,Exact normalized title found in NEP,"Rehabilitation of Multi-Purpose Building, Barangay Villa Manzano Sur, Perez, Quezon"
HB10858-3-0862-014824,"Construction of Multi-Purpose Building in Barangay Quezon, Calbayog City",5000000,Samar 1st District Engineering Office,Region VIII,3- HB 10858 FOR 3RD READING VOL I-C .pdf,862,"[""Quezon · 3rd District""]","[""Reynante Arrogancia""]","[{""place"": ""quezon"", ""jurisdiction"": ""quezon"", ""seats"": [""3rd""]}]","[""Quezon is being used as a municipality match; its role as province, city, barangay, bridge or road name must be established from geographic context.""]",[],Unresolved: flagged geographic evidence,No plausible NEP title counterpart; review candidate,"Construction of Multi-Purpose Building (Barangay Hall), Barangay Helino, Calbayog City, Samar (124.717664, 12.236071)"
HB10858-3-0873-015027,"Construction of Muti-purpose Building in Barangay Carmen, Cagayan de Oro City (8.446667, 124.621389)",10000000,Cagayan de Oro City 1st District Engineering Office,Region X,3- HB 10858 FOR 3RD READING VOL I-C .pdf,873,"[""Cagayan de Oro · 2nd District""]","[""Rufus Rodriguez""]","[{""place"": ""cagayan de oro city"", ""jurisdiction"": ""cagayan de oro"", ""seats"": [""2nd""]}]","[""Cagayan de Oro barangay crosswalk omits the 1st District; a unique returned name does not prove a unique geographic assignment."", ""Whole-city name is indexed as a 2nd District barangay and overrides shorter locality matches.""]",[],Unresolved: flagged geographic evidence,No plausible NEP title counterpart; review candidate,"Construction of Multipurpose Building in Barangay Canitoan, Cagayan de Oro City, Misamis Oriental"
HB10858-3-0874-015049,"Construction (Completion) of Multi-Purpose Building (Barangay Hall), Barangay Camaman-an, Cagayan de Oro City",10000000,Cagayan de Oro City 2nd District Engineering Office,Region X,3- HB 10858 FOR 3RD READING VOL I-C .pdf,874,"[""Cagayan de Oro · 2nd District""]","[""Rufus Rodriguez""]","[{""place"": ""cagayan de oro city"", ""jurisdiction"": ""cagayan de oro"", ""seats"": [""2nd""]}]","[""Cagayan de Oro barangay crosswalk omits the 1st District; a unique returned name does not prove a unique geographic assignment."", ""Whole-city name is indexed as a 2nd District barangay and overrides shorter locality matches.""]",[],Unresolved: flagged geographic evidence,Exact normalized title found in NEP,"Construction (Completion) of Multi-Purpose Building (Barangay Hall), Barangay Camaman-an, Cagayan de Oro City"
HB10858-3-0874-015050,"Construction (Completion) of Multi-Purpose Building at Barangay Hall, Barangay Lapasan Cagayan de Oro City",10000000,Cagayan de Oro City 2nd District Engineering Office,Region X,3- HB 10858 FOR 3RD READING VOL I-C .pdf,874,"[""Cagayan de Oro · 2nd District""]","[""Rufus Rodriguez""]","[{""place"": ""cagayan de oro city"", ""jurisdiction"": ""cagayan de oro"", ""seats"": [""2nd""]}]","[""Cagayan de Oro barangay crosswalk omits the 1st District; a unique returned name does not prove a unique geographic assignment."", ""Whole-city name is indexed as a 2nd District barangay and overrides shorter locality matches.""]",[],Unresolved: flagged geographic evidence,Exact normalized title found in NEP,"Construction (Completion) of Multi-Purpose Building at Barangay Hall, Barangay Lapasan Cagayan de Oro City"
HB10858-3-0874-015051,"Construction of Multi-Purpose Building (Covered Court) at CDO National High School - Senior High School, Barangay Nazareth, Cagayan de Oro City (8.473933, 124.649619)",10000000,Cagayan de Oro City 2nd District Engineering Office,Region X,3- HB 10858 FOR 3RD READING VOL I-C .pdf,874,"[""Cagayan de Oro · 2nd District""]","[""Rufus Rodriguez""]","[{""place"": ""cagayan de oro city"", ""jurisdiction"": ""cagayan de oro"", ""seats"": [""2nd""]}]","[""Cagayan de Oro barangay crosswalk omits the 1st District; a unique returned name does not prove a unique geographic assignment."", ""Whole-city name is indexed as a 2nd District barangay and overrides shorter locality matches.""]",[],Unresolved: flagged geographic evidence,No plausible NEP title counterpart; review candidate,"Construction of Multi-purpose Building (Covered Court) at Cilrai, Barangay Puntod, Cagayan de Oro City"
HB10858-3-0874-015052,"Construction (Completion) of Multi-Purpose Building at Macasandig Elementary School, Barangay Macasandig, Cagayan de Oro City (8.463616, 124.643987)",5000000,Cagayan de Oro City 2nd District Engineering Office,Region X,3- HB 10858 FOR 3RD READING VOL I-C .pdf,874,"[""Cagayan de Oro · 2nd District""]","[""Rufus Rodriguez""]","[{""place"": ""cagayan de oro city"", ""jurisdiction"": ""cagayan de oro"", ""seats"": [""2nd""]}]","[""Cagayan de Oro barangay crosswalk omits the 1st District; a unique returned name does not prove a unique geographic assignment."", ""Whole-city name is indexed as a 2nd District barangay and overrides shorter locality matches.""]",[],Unresolved: flagged geographic evidence,No plausible NEP title counterpart; review candidate,"Construction (Completion) of Multi-Purpose Building at Barangay Hall, Barangay Lapasan Cagayan de Oro City"
HB10858-3-0874-015053,"Construction of Multi-Purpose Building at USTP Balubal Campus, Barangay Balubal, Cagayan de Oro City (8.459073, 124.778347)",20000000,Cagayan de Oro City 2nd District Engineering Office,Region X,3- HB 10858 FOR 3RD READING VOL I-C .pdf,874,"[""Cagayan de Oro · 2nd District""]","[""Rufus Rodriguez""]","[{""place"": ""cagayan de oro city"", ""jurisdiction"": ""cagayan de oro"", ""seats"": [""2nd""]}]","[""Cagayan de Oro barangay crosswalk omits the 1st District; a unique returned name does not prove a unique geographic assignment."", ""Whole-city name is indexed as a 2nd District barangay and overrides shorter locality matches.""]",[],Unresolved: flagged geographic evidence,No plausible NEP title counterpart; review candidate,"Construction of Multi-purpose Building (Covered Court) at Balacanas, Barangay Consolacion, Cagayan de Oro City"
HB10858-3-0874-015054,"Construction (Completion) of Multi-Purpose Building (Covered Court) at Corrales Elementary School, Barangay 22, Cagayan de Oro City, 8.490453°, 124.653851°",8000000,Cagayan de Oro City 2nd District Engineering Office,Region X,3- HB 10858 FOR 3RD READING VOL I-C .pdf,874,"[""Cagayan de Oro · 2nd District""]","[""Rufus Rodriguez""]","[{""place"": ""cagayan de oro city"", ""jurisdiction"": ""cagayan de oro"", ""seats"": [""2nd""]}]","[""Cagayan de Oro barangay crosswalk omits the 1st District; a unique returned name does not prove a unique geographic assignment."", ""Whole-city name is indexed as a 2nd District barangay and overrides shorter locality matches.""]",[],Unresolved: flagged geographic evidence,No plausible NEP title counterpart; review candidate,"Construction (Completion) of Multi-Purpose Building at Barangay Hall, Barangay Lapasan Cagayan de Oro City"
HB10858-3-0875-015065,"Rehabilitation of Multi-Purpose Building (Covered Court) Lower Puerto, Cagayan de Oro City",5000000,Cagayan de Oro City 2nd District Engineering Office,Region X,3- HB 10858 FOR 3RD READING VOL I-C .pdf,875,"[""Cagayan de Oro · 2nd District""]","[""Rufus Rodriguez""]","[{""place"": ""cagayan de oro city"", ""jurisdiction"": ""cagayan de oro"", ""seats"": [""2nd""]}]","[""Cagayan de Oro barangay crosswalk omits the 1st District; a unique returned name does not prove a unique geographic assignment."", ""Whole-city name is indexed as a 2nd District barangay and overrides shorter locality matches.""]",[],Unresolved: flagged geographic evidence,No plausible NEP title counterpart; review candidate,"Construction of Multi-purpose Building (Covered Court) at Cilrai, Barangay Puntod, Cagayan de Oro City"
HB10858-3-0875-015066,"Rehabilitation of Multi-Purpose Building (Health Center) at Barangay 7, Cagayan de Oro City",5000000,Cagayan de Oro City 2nd District Engineering Office,Region X,3- HB 10858 FOR 3RD READING VOL I-C .pdf,875,"[""Cagayan de Oro · 2nd District""]","[""Rufus Rodriguez""]","[{""place"": ""cagayan de oro city"", ""jurisdiction"": ""cagayan de oro"", ""seats"": [""2nd""]}]","[""Cagayan de Oro barangay crosswalk omits the 1st District; a unique returned name does not prove a unique geographic assignment."", ""Whole-city name is indexed as a 2nd District barangay and overrides shorter locality matches.""]",[],Unresolved: flagged geographic evidence,No plausible NEP title counterpart; review candidate,"Construction of Multi-purpose Building (Covered Court) at Cilrai, Barangay Puntod, Cagayan de Oro City"
HB10858-3-0875-015067,"Rehabilitation of Multi-Purpose Building (Covered Court) at Barangay Camaman-an, Cagayan de Oro City",5000000,Cagayan de Oro City 2nd District Engineering Office,Region X,3- HB 10858 FOR 3RD READING VOL I-C .pdf,875,"[""Cagayan de Oro · 2nd District""]","[""Rufus Rodriguez""]","[{""place"": ""cagayan de oro city"", ""jurisdiction"": ""cagayan de oro"", ""seats"": [""2nd""]}]","[""Cagayan de Oro barangay crosswalk omits the 1st District; a unique returned name does not prove a unique geographic assignment."", ""Whole-city name is indexed as a 2nd District barangay and overrides shorter locality matches.""]",[],Unresolved: flagged geographic evidence,No plausible NEP title counterpart; review candidate,"Construction of Multi-Purpose Building (Covered Court) at Buena Oro, Barangay Macasandig, Cagayan de Oro City"
HB10858-3-0875-015068,"Construction of Multi-purpose Building (Covered Court) at CDO National High School - Senior Hight School, Barangay Nazareth, Cagayan de Oro City",8000000,Cagayan de Oro City 2nd District Engineering Office,Region X,3- HB 10858 FOR 3RD READING VOL I-C .pdf,875,"[""Cagayan de Oro · 2nd District""]","[""Rufus Rodriguez""]","[{""place"": ""cagayan de oro city"", ""jurisdiction"": ""cagayan de oro"", ""seats"": [""2nd""]}]","[""Cagayan de Oro barangay crosswalk omits the 1st District; a unique returned name does not prove a unique geographic assignment."", ""Whole-city name is indexed as a 2nd District barangay and overrides shorter locality matches.""]",[],Unresolved: flagged geographic evidence,No plausible NEP title counterpart; review candidate,"Construction of Multi-purpose Building (Covered Court) at Cilrai, Barangay Puntod, Cagayan de Oro City"
HB10858-3-0875-015069,"Construction of Multi-Purpose Building (Covered Court) at Buena Oro, Barangay Macasandig, Cagayan de Oro City",8000000,Cagayan de Oro City 2nd District Engineering Office,Region X,3- HB 10858 FOR 3RD READING VOL I-C .pdf,875,"[""Cagayan de Oro · 2nd District""]","[""Rufus Rodriguez""]","[{""place"": ""cagayan de oro city"", ""jurisdiction"": ""cagayan de oro"", ""seats"": [""2nd""]}]","[""Cagayan de Oro barangay crosswalk omits the 1st District; a unique returned name does not prove a unique geographic assignment."", ""Whole-city name is indexed as a 2nd District barangay and overrides shorter locality matches.""]",[],Unresolved: flagged geographic evidence,Exact normalized title found in NEP,"Construction of Multi-Purpose Building (Covered Court) at Buena Oro, Barangay Macasandig, Cagayan de Oro City"
HB10858-3-0875-015070,"Construction of Multi-purpose Building at North City Central, Barangay Puntod, Cagayan de Oro City",7000000,Cagayan de Oro City 2nd District Engineering Office,Region X,3- HB 10858 FOR 3RD READING VOL I-C .pdf,875,"[""Cagayan de Oro · 2nd District""]","[""Rufus Rodriguez""]","[{""place"": ""cagayan de oro city"", ""jurisdiction"": ""cagayan de oro"", ""seats"": [""2nd""]}]","[""Cagayan de Oro barangay crosswalk omits the 1st District; a unique returned name does not prove a unique geographic assignment."", ""Whole-city name is indexed as a 2nd District barangay and overrides shorter locality matches.""]",[],Unresolved: flagged geographic evidence,Plausible NEP title counterpart; review scope,"Construction of Multi-purpose Building (Covered Court) at Cilrai, Barangay Puntod, Cagayan de Oro City"
HB10858-3-0875-015071,"Construction of Multi-Purpose Building (Materials Recovery Facility) at Barangay Indahag, Cagayan de Oro City",5000000,Cagayan de Oro City 2nd District Engineering Office,Region X,3- HB 10858 FOR 3RD READING VOL I-C .pdf,875,"[""Cagayan de Oro · 2nd District""]","[""Rufus Rodriguez""]","[{""place"": ""cagayan de oro city"", ""jurisdiction"": ""cagayan de oro"", ""seats"": [""2nd""]}]","[""Cagayan de Oro barangay crosswalk omits the 1st District; a unique returned name does not prove a unique geographic assignment."", ""Whole-city name is indexed as a 2nd District barangay and overrides shorter locality matches.""]",[],Unresolved: flagged geographic evidence,Exact normalized title found in NEP,"Construction of Multi-Purpose Building (Materials Recovery Facility) at Barangay Indahag, Cagayan de Oro City"
HB10858-3-0875-015072,"Construction (Completion) of Multi-Purpose Building (Covered Court) at Corrales Elementary School, Barangay 22, Cagayan de Oro City",8000000,Cagayan de Oro City 2nd District Engineering Office,Region X,3- HB 10858 FOR 3RD READING VOL I-C .pdf,875,"[""Cagayan de Oro · 2nd District""]","[""Rufus Rodriguez""]","[{""place"": ""cagayan de oro city"", ""jurisdiction"": ""cagayan de oro"", ""seats"": [""2nd""]}]","[""Cagayan de Oro barangay crosswalk omits the 1st District; a unique returned name does not prove a unique geographic assignment."", ""Whole-city name is indexed as a 2nd District barangay and overrides shorter locality matches.""]",[],Unresolved: flagged geographic evidence,No plausible NEP title counterpart; review candidate,"Construction (Completion) of Multi-Purpose Building at Barangay Hall, Barangay Lapasan Cagayan de Oro City"
HB10858-3-0875-015073,"Improvement of Multi-purpose Building, Purok 5, Barangay Tablon, Cagayan de Oro City",7000000,Cagayan de Oro City 2nd District Engineering Office,Region X,3- HB 10858 FOR 3RD READING VOL I-C .pdf,875,"[""Cagayan de Oro · 2nd District""]","[""Rufus Rodriguez""]","[{""place"": ""cagayan de oro city"", ""jurisdiction"": ""cagayan de oro"", ""seats"": [""2nd""]}]","[""Cagayan de Oro barangay crosswalk omits the 1st District; a unique returned name does not prove a unique geographic assignment."", ""Whole-city name is indexed as a 2nd District barangay and overrides shorter locality matches.""]",[],Unresolved: flagged geographic evidence,Exact normalized title found in NEP,"Improvement of Multi-purpose Building, Purok 5, Barangay Tablon, Cagayan de Oro City"
HB10858-3-0927-016039,"Construction (Completion) of DENR Building at Catanauan, Quezon",60000000,Central Office,National Capital Region,3- HB 10858 FOR 3RD READING VOL I-C .pdf,927,"[""Quezon · 3rd District""]","[""Reynante Arrogancia""]","[{""place"": ""quezon"", ""jurisdiction"": ""quezon"", ""seats"": [""3rd""]}]","[""Local crosswalks disagree or the primary crosswalk lacks a named locality."", ""Quezon is being used as a municipality match; its role as province, city, barangay, bridge or road name must be established from geographic context.""]","[{""locality"": ""catanauan"", ""primaryDistrict"": null, ""alternativeDistrict"": ""3rd District"", ""decision"": ""Unresolved; neither local crosswalk is treated as authoritative.""}]",Unresolved: flagged geographic evidence,Exact normalized title found in NEP,"Construction (Completion) of DENR Building at Catanauan, Quezon"
HB10858-3-0928-016055,"Construction of DENR NCR Annex Building National Ecology Center Compound, East Avenue, Diliman, Quezon",75000000,Central Office,National Capital Region,3- HB 10858 FOR 3RD READING VOL I-C .pdf,928,"[""Quezon · 3rd District""]","[""Reynante Arrogancia""]","[{""place"": ""quezon"", ""jurisdiction"": ""quezon"", ""seats"": [""3rd""]}]","[""Quezon is being used as a municipality match; its role as province, city, barangay, bridge or road name must be established from geographic context.""]",[],Unresolved: flagged geographic evidence,Exact normalized title found in NEP,"Construction of DENR NCR Annex Building National Ecology Center Compound, East Avenue, Diliman, Quezon"
HB10858-3-0932-016149,"Construction (Completion) of Multi-Purpose Building (DPWH Building), Laoag City, Ilocos Norte",10000000,Ilocos Norte 1st District Engineering Office,Region I,3- HB 10858 FOR 3RD READING VOL I-C .pdf,932,"[""Ilocos Norte · 1st District""]","[""Sandro Marcos""]","[{""place"": ""laoag"", ""jurisdiction"": ""ilocos norte"", ""seats"": [""1st""]}]",[],[],Not independently verified,Exact normalized title found in NEP,"Construction (Completion) of Multi-Purpose Building (DPWH Building), Laoag City, Ilocos Norte"
HB10858-3-0933-016150,"Construction of National Intelligence Coordinating Agency Ilocos Norte Field Office Building, Laoag City, Ilocos Norte",20000000,Ilocos Norte 1st District Engineering Office,Region I,3- HB 10858 FOR 3RD READING VOL I-C .pdf,933,"[""Ilocos Norte · 1st District""]","[""Sandro Marcos""]","[{""place"": ""laoag"", ""jurisdiction"": ""ilocos norte"", ""seats"": [""1st""]}]",[],[],Not independently verified,No plausible NEP title counterpart; review candidate,"Construction (Completion) of Multi-Purpose Building (DPWH Building), Laoag City, Ilocos Norte"
HB10858-3-0933-016151,"Construction of Civil Service Commission Ilocos Norte Field Office Building Extension, Laoag City, Ilocos Norte",10000000,Ilocos Norte 1st District Engineering Office,Region I,3- HB 10858 FOR 3RD READING VOL I-C .pdf,933,"[""Ilocos Norte · 1st District""]","[""Sandro Marcos""]","[{""place"": ""laoag"", ""jurisdiction"": ""ilocos norte"", ""seats"": [""1st""]}]",[],[],Not independently verified,No plausible NEP title counterpart; review candidate,"Construction (Completion) of Multi-Purpose Building (DPWH Building), Laoag City, Ilocos Norte"
HB10858-3-0937-016224,"Construction of Professional Regulation Commission (PRC), Barangay Iponan, Cagayan de Oro City",10000000,Cagayan de Oro City 1st District Engineering Office,Region X,3- HB 10858 FOR 3RD READING VOL I-C .pdf,937,"[""Cagayan de Oro · 2nd District""]","[""Rufus Rodriguez""]","[{""place"": ""cagayan de oro city"", ""jurisdiction"": ""cagayan de oro"", ""seats"": [""2nd""]}]","[""Cagayan de Oro barangay crosswalk omits the 1st District; a unique returned name does not prove a unique geographic assignment."", ""Whole-city name is indexed as a 2nd District barangay and overrides shorter locality matches.""]",[],Unresolved: flagged geographic evidence,No plausible NEP title counterpart; review candidate,"Construction of Professional Regulation Commission Testing Center, Regional Government Center, Carig Sur, Tuguegarao City, Cagayan (17.65742, 121.74972)"
