fiscal_year,category_rank,category,office,region,project_count,total_amount,category_share_pct,district_share_pct,median_project_amount,distinct_prices,most_common_amount,most_common_amount_count,most_common_amount_share_pct,largest_project_amount,largest_project_name
2027,1,BIP - Access Roads and/or Bridges from the National Roads leading to Major/ Strategic Public Buildings/ Facilities,Bulacan 2nd District Engineering Office,Region III,108,3652500000.0,3.5088744357953265,70.29459256080169,20000000.0,17,50000000.0,21,19.444444444444443,203000000.0,"Replacement of Marcos Bridge (Tawiran Bridge), Meycauayan, Bulacan (120.910624, 14.746335)"
2027,2,BIP - Access Roads and/or Bridges from the National Roads leading to Major/ Strategic Public Buildings/ Facilities,Butuan City District Engineering Office,Region XIII,13,3335403000.0,3.204246494120476,37.73734743819262,250000000.0,11,350000000.0,2,15.384615384615385,1200000000.0,"Construction of Daang Maharlika Alternate Route (Jct. BCIR-Baan Tiniwisan-NRJ Daang Maharlika, RTR), Butuan City"
2027,3,BIP - Access Roads and/or Bridges from the National Roads leading to Major/ Strategic Public Buildings/ Facilities,Bukidnon 2nd District Engineering Office,Region X,17,3105660000.0,2.9835375716008525,73.81493383024034,200000000.0,9,250000000.0,4,23.529411764705884,300000000.0,"Construction of Bukidnon-Davao (Jct. Sinuda-Kalagangan, San Fernando), Brgy. Kiulom Section, Sta. 20+052 - Sta. 22+052, Kitaotao, Bukidnon"
2027,4,BIP - Access Roads and/or Bridges from the National Roads leading to Major/ Strategic Public Buildings/ Facilities,Pampanga 1st District Engineering Office,Region III,62,2594240000.0,2.4922279031670547,60.43292903235425,5000000.0,13,5000000.0,47,75.80645161290323,750000000.0,"Construction of Road Dike along Abacan River, San Jose Malino - Tangle, Mexico, Pampanga Sta. 0 + 000 - Sta. 4 + 552"
2027,5,BIP - Access Roads and/or Bridges from the National Roads leading to Major/ Strategic Public Buildings/ Facilities,Misamis Oriental 2nd District Engineering Office,Region X,23,2580000000.0,2.478547856085405,46.89500535475526,20000000.0,7,5000000.0,7,30.434782608695652,300000000.0,"Construction of CDOC - Iligan Hinterland Road, Jct. CDO - Camp Kibaritan / Dansolihon - Jct. BCIR / Laguindingan Airport Road Extension, Lourdes Bridge, Brgy. Lourdes, Sta. 48+800 - Sta. 48+900, Misamis Oriental"
2027,6,BIP - Access Roads and/or Bridges from the National Roads leading to Major/ Strategic Public Buildings/ Facilities,Cavite 1st District Engineering Office,Region IV-A,50,2320628000.0,2.2293750209968066,36.83075246608004,25500000.0,25,100000000.0,9,18.0,120000000.0,"Construction of Punta - Open Canal Diversion Road, Tapia Section, General Trias City, Cavite"
2027,7,BIP - Access Roads and/or Bridges from the National Roads leading to Major/ Strategic Public Buildings/ Facilities,Nueva Ecija 1st District Engineering Office,Region III,128,2262018000.0,2.1730697148552696,43.60034186096806,6303000.0,41,5000000.0,44,34.375,250000000.0,"Construction of Pinagpanaan-Dinarayat, Talavera By-pass Road Sta. 0+000 - Sta. 2+300"
2027,8,BIP - Access Roads and/or Bridges from the National Roads leading to Major/ Strategic Public Buildings/ Facilities,Isabela 4th District Engineering Office,Region II,80,2111400000.0,2.0283743966429166,36.0685456111478,15000000.0,29,10000000.0,25,31.25,209000000.0,"Construction of Buenavista Bridge and Approach, Barangay Buenavista, Santiago City, Isabela"
2027,9,BIP - Access Roads and/or Bridges from the National Roads leading to Major/ Strategic Public Buildings/ Facilities,Zambales 1st District Engineering Office,Region III,27,1937750000.0,1.861552755088951,86.50862742471931,59750000.0,14,100000000.0,7,25.925925925925927,150000000.0,"Construction of Access Road/Diversion Road, Daang Kalikasan to Sta. Cruz, Lucapon South - Tubo-tubo South, Sta. 10+400 - Sta. 12+000, Sta. Cruz, Zambales"
2027,10,BIP - Access Roads and/or Bridges from the National Roads leading to Major/ Strategic Public Buildings/ Facilities,Bukidnon 1st District Engineering Office,Region X,7,1900000000.0,1.825287180838089,27.539424860853433,250000000.0,2,250000000.0,4,57.142857142857146,300000000.0,"Construction of Road, Malaybalay Circumferential Road, Barangay Kalasungay - Barangay Sumpong, Sta. 2+083 - Sta. 4+250, City of Malaybalay, Bukidnon"
2027,11,BIP - Access Roads and/or Bridges from the National Roads leading to Major/ Strategic Public Buildings/ Facilities,Bulacan 1st District Engineering Office,Region III,80,1741230000.0,1.6727604199424768,41.93013017573652,13000000.0,26,10000000.0,20,25.0,150000000.0,"Rehabilitation of Burol Overpass, Sta. 1+120 - Sta. 1+145, Provincial Road, Borol 2nd, Balagtas, Bulacan"
2027,12,BIP - Access Roads and/or Bridges from the National Roads leading to Major/ Strategic Public Buildings/ Facilities,Metro Manila 3rd District Engineering Office,NCR,109,1695196000.0,1.6285365935831606,37.578570587782814,13000000.0,58,20000000.0,10,9.174311926605505,85000000.0,"Construction of Roads and Drainage along Interconnecting Streets of Miramonte (C 0+000 - C 1+380), Barangay 180, Caloocan City"
2027,13,BIP - Access Roads and/or Bridges from the National Roads leading to Major/ Strategic Public Buildings/ Facilities,Batangas 4th District Engineering Office,Region IV-A,42,1665000000.0,1.5995279768923254,33.321212283739825,10000000.0,14,5000000.0,18,42.857142857142854,300000000.0,"Construction of Manila-Batangas-Bugtong na Pulo - STAR Tollway Interchange, Bugtong na Pulo, Lipa City, Batangas"
2027,14,BIP - Access Roads and/or Bridges from the National Roads leading to Major/ Strategic Public Buildings/ Facilities,Palawan 2nd District Engineering Office,MIMAROPA,9,1600000000.0,1.5370839417583908,57.53893048074496,195000000.0,8,195000000.0,2,22.22222222222222,295000000.0,"Construction of Road from Barangay Batang-Batang towards Barangay Caguisan and Barangay Teresa connecting to the National Highway Circuit Loop, Narra, Palawan"
2027,15,BIP - Access Roads and/or Bridges from the National Roads leading to Major/ Strategic Public Buildings/ Facilities,Batangas 2nd District Engineering Office,Region IV-A,58,1572000000.0,1.5101849727776189,35.27177779856988,15000000.0,15,10000000.0,21,36.206896551724135,145000000.0,"Construction of Tingloy Circumferential Road, Tingloy, Batangas – Sta. 4+523 – Sta. 4+900"
2027,16,BIP - Access Roads and/or Bridges from the National Roads leading to Major/ Strategic Public Buildings/ Facilities,Sultan Kudarat 2nd District Engineering Office,Region XII,12,1568500000.0,1.5068226016550226,51.41442947520241,130700000.0,11,200000000.0,2,16.666666666666668,250000000.0,"Construction of Esperanza-Lebak Bypass Road, Sta. 19 + 584 - Sta. 26 + 191, Esperanza, Sultan Kudarat"
2027,17,BIP - Access Roads and/or Bridges from the National Roads leading to Major/ Strategic Public Buildings/ Facilities,Quezon City 1st District Engineering Office,NCR,29,1556222000.0,1.495027403756954,29.899447669213266,40000000.0,24,30000000.0,4,13.793103448275861,173530000.0,"Rehabilitation of Road and Drainage System at Don Manuel St. (Don Jose to Banawe St.), Barangay Sto. Domingo, Quezon City"
2027,18,BIP - Access Roads and/or Bridges from the National Roads leading to Major/ Strategic Public Buildings/ Facilities,Tarlac District Engineering Office,Region III,30,1499500000.0,1.440535856666692,45.161853819557386,18000000.0,9,100000000.0,11,36.666666666666664,100000000.0,"Rehabilitation/Improvement of Tarlac City Road Network (Baras-Baras Mapalad Section)Tarlac City, Tarlac"
2027,19,BIP - Access Roads and/or Bridges from the National Roads leading to Major/ Strategic Public Buildings/ Facilities,Palawan 1st District Engineering Office,MIMAROPA,10,1494000000.0,1.4352521306168975,55.61443339724899,195000000.0,9,10000000.0,2,20.0,294000000.0,"Construction of Road, Barangay Marcilla, Coron, Palawan"
2027,20,BIP - Access Roads and/or Bridges from the National Roads leading to Major/ Strategic Public Buildings/ Facilities,Laguna 2nd District Engineering Office,Region IV-A,23,1397500000.0,1.3425467553795944,31.12415318918452,40000000.0,16,30000000.0,5,21.73913043478261,182000000.0,"Construction of Road and Drainage, Dalampasigan, Barangay Malaban, Biñan City, Laguna"
2027,21,BIP - Access Roads and/or Bridges from the National Roads leading to Major/ Strategic Public Buildings/ Facilities,Abra District Engineering Office,CAR,15,1304932000.0,1.2536187639291627,59.466026496343446,75800000.0,7,50000000.0,7,46.666666666666664,150000000.0,"Construction of Bucay-Peñarrubia Road, Bucay and Peñarrubia, Abra"
2027,22,BIP - Access Roads and/or Bridges from the National Roads leading to Major/ Strategic Public Buildings/ Facilities,Davao del Norte District Engineering Office,Region XI,12,1297000000.0,1.2459986702878956,43.66650506356389,25000000.0,7,25000000.0,6,50.0,600000000.0,"Construction of NRJ Tagum - Panabo Circum Road, Barangay Datu Balang - Barangay Gupitan, Sta. 1505+440.000 - Sta. 1517+440.000, Kapalong Section, to Loreto (Agusan del Sur), Davao del Norte"
2027,23,BIP - Access Roads and/or Bridges from the National Roads leading to Major/ Strategic Public Buildings/ Facilities,Isabela 3rd District Engineering Office,Region II,45,1220596000.0,1.172599069359078,40.62714998244233,15000000.0,18,10000000.0,14,31.11111111111111,200000000.0,"Rehabilitation of Concrete Road, Barangay Callao, Alicia, Isabela to Barangay San Sebastian, Ramon, Isabela"
2027,24,BIP - Access Roads and/or Bridges from the National Roads leading to Major/ Strategic Public Buildings/ Facilities,Isabela 2nd District Engineering Office,Region II,56,1210700000.0,1.1630922051793022,55.331463205742374,20000000.0,21,30000000.0,10,17.857142857142858,110000000.0,"Construction of Bridge, Barangay Imbiao, Roxas, Isabela"
2027,25,BIP - Access Roads and/or Bridges from the National Roads leading to Major/ Strategic Public Buildings/ Facilities,Tarlac 2nd District Engineering Office,Region III,18,1194000000.0,1.147048891537199,53.203814276802426,75000000.0,4,100000000.0,7,38.888888888888886,100000000.0,"Rehabilitation of Road at Barangay Tinang, Concepcion, Tarlac"
2027,26,BIP - Access Roads and/or Bridges from the National Roads leading to Major/ Strategic Public Buildings/ Facilities,Sorsogon 2nd District Engineering Office,Region V,15,1180000000.0,1.1335994070468132,71.7066735213385,105000000.0,13,10000000.0,3,20.0,149000000.0,"Construction of Road, Hidhid-Banogao, Matnog, Sorsogon- La Esperanza- San Antonio, Santa Magdalena, Sorsogon"
2027,27,BIP - Access Roads and/or Bridges from the National Roads leading to Major/ Strategic Public Buildings/ Facilities,Cebu 6th District Engineering Office,Region VII,30,1171075000.0,1.1250253606841922,24.92932000533892,27500000.0,17,5000000.0,5,16.666666666666668,200000000.0,Construction of Extension of Calawisa-Suba Basbas Diversion Road
2027,28,BIP - Access Roads and/or Bridges from the National Roads leading to Major/ Strategic Public Buildings/ Facilities,Mindoro Oriental District Engineering Office,MIMAROPA,57,1155000000.0,1.1095824704568384,58.54038298081548,5000000.0,9,5000000.0,40,70.17543859649123,205000000.0,"Construction of Road, Barangay San Cristobal, Victoria, Oriental Mindoro"
2027,29,BIP - Access Roads and/or Bridges from the National Roads leading to Major/ Strategic Public Buildings/ Facilities,Pampanga 3rd District Engineering Office,Region III,40,1151690000.0,1.1064026280523256,46.96380081825459,11800000.0,23,11800000.0,14,35.0,100000000.0,"Construction of New Bridge at Barangay Bucanan, Magalang, Pampanga"
2027,30,BIP - Access Roads and/or Bridges from the National Roads leading to Major/ Strategic Public Buildings/ Facilities,Romblon District Engineering Office,MIMAROPA,17,1105288000.0,1.0618252723864052,50.693238596076036,50000000.0,14,15000000.0,2,11.764705882352942,278889000.0,"Construction of Odiongan-Alcantara Access Road, leading to Tugdan Airport, Barangay Progreso Este - Barangay Tugdan, Alcantara, Romblon"
2027,31,BIP - Access Roads and/or Bridges from the National Roads leading to Major/ Strategic Public Buildings/ Facilities,South Manila District Engineering Office,NCR,18,1066000000.0,1.024082176196528,22.5580966214489,12000000.0,12,10000000.0,6,33.333333333333336,575000000.0,"Improvement of Road and Drainage System along Taft Ave. (From UN Ave. to Ayala Blvd.), Manila City"
2027,32,BIP - Access Roads and/or Bridges from the National Roads leading to Major/ Strategic Public Buildings/ Facilities,South Cotabato 2nd District Engineering Office,Region XII,15,1047537000.0,1.0063451881860996,39.880465619874734,68000000.0,15,62000000.0,1,6.666666666666667,142230000.0,"Construction of Bridge along Alah River connecting Barangay Dajay and Barangay Moloy, Surallah, South Cotabato"
2027,33,BIP - Access Roads and/or Bridges from the National Roads leading to Major/ Strategic Public Buildings/ Facilities,Misamis Oriental 1st District Engineering Office,Region X,6,1025000000.0,0.9846944001889691,26.343946045542385,143000000.0,6,300000000.0,1,16.666666666666668,400000000.0,"Construction of Kibungsod, Magsaysay to Talisayan, Gingoog City Circumferential Road, Magsaysay, Misamis Oriental"
2027,34,BIP - Access Roads and/or Bridges from the National Roads leading to Major/ Strategic Public Buildings/ Facilities,Northern Samar 2nd District Engineering Office,Region VIII,22,943000000.0,0.9059188481738516,45.097003990343595,27500000.0,12,5000000.0,4,18.181818181818183,165000000.0,"Construction of Vigo - San Antonio Bridge, Laoang, Northern Samar (Sta. 6+600 - Sta. 6+710)"
2027,35,BIP - Access Roads and/or Bridges from the National Roads leading to Major/ Strategic Public Buildings/ Facilities,Quezon 3rd District Engineering Office,Region IV-A,17,917000000.0,0.8809412341202777,29.76113202648319,50000000.0,7,100000000.0,6,35.294117647058826,100000000.0,"Construction of Road with Approach of Kaibayo Bridge, Barangay 1 - Barangay 5, Catanauan, Quezon"
2027,36,BIP - Access Roads and/or Bridges from the National Roads leading to Major/ Strategic Public Buildings/ Facilities,Bukidnon 3rd District Engineering Office,Region X,5,875000000.0,0.8405927806491199,53.41228177267733,160000000.0,5,200000000.0,1,20.0,260000000.0,"Construction of Jct Cagayan de Oro City - Dominorog - Camp Kibaritan Road to Jct SH - Aglayan - Alanib -Ticalaan Road (Aglayan - Basak), Brgy. San Miguel Section, Sta. 22+900 - Sta. 29+800, Talakag, Bukidnon"
2027,37,BIP - Access Roads and/or Bridges from the National Roads leading to Major/ Strategic Public Buildings/ Facilities,Southern Mindoro District Engineering Office,MIMAROPA,25,870000000.0,0.835789393331125,56.817625219188685,10000000.0,12,10000000.0,7,28.0,160000000.0,"Construction of Libtuan - Buho - Upper, Sigange Road, Sigange, Bongabong, Oriental Mindoro"
2027,38,BIP - Access Roads and/or Bridges from the National Roads leading to Major/ Strategic Public Buildings/ Facilities,Pangasinan 3rd District Engineering Office,Region I,30,864500000.0,0.8305056672813306,18.64343910528745,18000000.0,17,10000000.0,11,36.666666666666664,200000000.0,"Construction of By-pass and Diversion Road-Laoac-Manaoag-San Jacinto-Mangaldan Road (Laoac Section), Pangasinan"
2027,39,BIP - Access Roads and/or Bridges from the National Roads leading to Major/ Strategic Public Buildings/ Facilities,Palawan 3rd District Engineering Office,MIMAROPA,16,813000000.0,0.7810307779059823,38.31907012389833,20000000.0,9,10000000.0,5,31.25,225000000.0,"Construction of Road, Barangay Plaridel to Magsaysay, Aborlan, Palawan"
2027,40,BIP - Access Roads and/or Bridges from the National Roads leading to Major/ Strategic Public Buildings/ Facilities,Negros Oriental 2nd District Engineering Office,NIR,25,746000000.0,0.7166653878448497,33.87175499733249,10000000.0,7,10000000.0,14,56.0,300000000.0,"Construction of Magatas-Calabnugan Bridge, Sibulan, Negros Oriental (9.342847, 123.270291)"
2027,41,BIP - Access Roads and/or Bridges from the National Roads leading to Major/ Strategic Public Buildings/ Facilities,Ilocos Norte 2nd District Engineering Office,Region I,14,740000000.0,0.7109013230632557,27.324987149870907,25000000.0,12,22000000.0,2,14.285714285714286,237000000.0,"Construction of Bridge connecting Lacuben-Gabut Sur, Badoc, Ilocos Norte"
2027,42,BIP - Access Roads and/or Bridges from the National Roads leading to Major/ Strategic Public Buildings/ Facilities,Isabela 1st District Engineering Office,Region II,37,727000000.0,0.6984125160364688,31.622141936875767,12800000.0,29,5000000.0,7,18.91891891891892,100000000.0,"Construction of Canadam-Reina Mercedes Bridge (Blos River), Maconacon, Isabela"
2027,43,BIP - Access Roads and/or Bridges from the National Roads leading to Major/ Strategic Public Buildings/ Facilities,Negros Occidental 1st District Engineering Office,NIR,44,715766000.0,0.6876202654103977,24.18475625723288,5629000.0,22,5000000.0,22,50.0,100000000.0,"Construction of Road (Sta. 1 + 229- Sta. 7+ 759) at Monarch and PLDT Tower, Barangay Canlandog, Murcia, Negros Occidental (10.6092520, 10.6092520)"
2027,44,BIP - Access Roads and/or Bridges from the National Roads leading to Major/ Strategic Public Buildings/ Facilities,La Union 2nd District Engineering Office,Region I,44,711330000.0,0.6833587001818726,31.585243257836257,13750000.0,31,6000000.0,4,9.090909090909092,50000000.0,"Construction of Road, Barangay Inabaan Norte, Rosario to Linapew Tubao, La Union"
2027,45,BIP - Access Roads and/or Bridges from the National Roads leading to Major/ Strategic Public Buildings/ Facilities,Samar 1st District Engineering Office,Region VIII,32,702000000.0,0.674395579446494,29.86242864070649,5000000.0,8,5000000.0,23,71.875,320000000.0,"Construction & Concreting of Calbayog City, Samar to Bobon, Northern Samar Road (Sta. 0+000 - Sta. 5+040), Samar"
2027,46,BIP - Access Roads and/or Bridges from the National Roads leading to Major/ Strategic Public Buildings/ Facilities,Camiguin District Engineering Office,Region X,26,701000000.0,0.673434901982895,40.79841508924435,20000000.0,10,20000000.0,7,26.923076923076923,100000000.0,"Construction of Road, Sitio Volcan, Barangay Naasag, Mambajao to Sitio Bolangon, Barangay Bonbon, Catarman, Camiguin"
2027,47,BIP - Access Roads and/or Bridges from the National Roads leading to Major/ Strategic Public Buildings/ Facilities,Siquijor District Engineering Office,NIR,13,680000000.0,0.6532606752473161,58.877823321505815,44000000.0,10,30000000.0,2,15.384615384615385,114000000.0,"Construction of Road Barangay Nagerong, Lazi, Siquijor (Segment 1: 0 + 000 - 1 + 700 Segment 2: 1 + 280 - 3 + 080)"
2027,48,BIP - Access Roads and/or Bridges from the National Roads leading to Major/ Strategic Public Buildings/ Facilities,Cebu 7th District Engineering Office,Region VII,39,665000000.0,0.6388505132933312,43.52473088298916,7000000.0,13,7000000.0,9,23.076923076923077,200000000.0,"Construction of the Basak-Patong Road at Barangays Patong, Basak and Alawijao, Badian, Cebu"
2027,49,BIP - Access Roads and/or Bridges from the National Roads leading to Major/ Strategic Public Buildings/ Facilities,Pangasinan 2nd District Engineering Office,Region I,54,655000000.0,0.6292437386573412,17.561192713311517,5000000.0,9,5000000.0,44,81.48148148148148,300000000.0,"Construction of Bridge connecting Barangay Pangapisan North and Barangay Capandanan, Lingayen, Pangasinan"
2027,50,BIP - Access Roads and/or Bridges from the National Roads leading to Major/ Strategic Public Buildings/ Facilities,Surigao del Norte 2nd District Engineering Office,Region XIII,3,645000000.0,0.6196369640213513,23.195239545689766,30000000.0,3,600000000.0,1,33.333333333333336,600000000.0,"Construction of Lake Mainit Circumferential - Lipata Port By-Pass Road to Wind Power Generation, Brgy. Banbanon - Brgy. Oslao, San Francisco, Surigao del Norte"
2027,51,BIP - Access Roads and/or Bridges from the National Roads leading to Major/ Strategic Public Buildings/ Facilities,Rizal 1st District Engineering Office,Region IV-A,33,625000000.0,0.6004234147493714,22.86994793702092,15000000.0,14,10000000.0,8,24.242424242424242,74000000.0,"Improvement of Road with Drainage Systems, Palmera 5, Barangay Dela Paz, Antipolo City, Sta.(0+000 - Sta.0+526)"
2027,52,BIP - Access Roads and/or Bridges from the National Roads leading to Major/ Strategic Public Buildings/ Facilities,Sultan Kudarat 1st District Engineering Office,Region XII,27,621129000.0,0.5967046322877797,32.26650860573217,20000000.0,22,30000000.0,3,11.11111111111111,52500000.0,"Construction of Road, Purok 2 to Purok 8, Barangay Raja Muda, Tacurong City to connect Sampao Road, Isulan, Sultan Kudarat"
2027,53,BIP - Access Roads and/or Bridges from the National Roads leading to Major/ Strategic Public Buildings/ Facilities,Cebu 1st District Engineering Office,Region VII,20,620000000.0,0.5956200274313764,27.358573824022592,5000000.0,8,5000000.0,11,55.0,300000000.0,"Estaka Road leading to Naga Valley (NAVA) Industrial Park, Cebu"
2027,54,BIP - Access Roads and/or Bridges from the National Roads leading to Major/ Strategic Public Buildings/ Facilities,Davao Oriental 1st District Engineering Office,Region XI,2,610000000.0,0.5860132527953865,42.94017729365661,305000000.0,2,310000000.0,1,50.0,310000000.0,"Construction of Mawab-Maragusan-Caraga Road, Barangay Sobrecarey, Sta. 1676+785.00 - 1680+785.00, Caraga, Davao Oriental"
2027,55,BIP - Access Roads and/or Bridges from the National Roads leading to Major/ Strategic Public Buildings/ Facilities,Marinduque District Engineering Office,MIMAROPA,10,589500000.0,0.5663193647916072,35.21223510184967,24000000.0,7,200000000.0,2,20.0,200000000.0,"Construction of Bantay-Mainit Bridge, Boac, Marinduque"
2027,56,BIP - Access Roads and/or Bridges from the National Roads leading to Major/ Strategic Public Buildings/ Facilities,Aurora District Engineering Office,Region III,3,589000000.0,0.5658390260598076,32.91974066621954,159000000.0,3,400000000.0,1,33.333333333333336,400000000.0,"Construction of Concrete Road, Sta. 0 + 000 - 16 + 667, Barangay Umiray, Dingalan, Aurora"
2027,57,BIP - Access Roads and/or Bridges from the National Roads leading to Major/ Strategic Public Buildings/ Facilities,Surigao del Norte 1st District Engineering Office,Region XIII,10,574000000.0,0.5514288641058227,56.82093782264938,50000000.0,7,98000000.0,3,30.0,100000000.0,"Construction of Jct Sering-Calangugan Road, Socorro, Surigao del Norte 0+000 - 3+000"
2027,58,BIP - Access Roads and/or Bridges from the National Roads leading to Major/ Strategic Public Buildings/ Facilities,Albay 1st District Engineering Office,Region V,6,559460000.0,0.5374606137850934,30.82291780298147,114980000.0,5,30000000.0,2,33.333333333333336,140580000.0,"Construction of Tanagan-Napao Road, Bacacay, Albay"
2027,59,BIP - Access Roads and/or Bridges from the National Roads leading to Major/ Strategic Public Buildings/ Facilities,Davao del Sur District Engineering Office,Region XI,12,545000000.0,0.5235692176614518,21.40335306107221,50000000.0,4,50000000.0,6,50.0,60000000.0,"Concreting of Road Connecting Purok 1 and Purok 7, Barangay Asbang , Matanao Davao del Sur"
2027,60,BIP - Access Roads and/or Bridges from the National Roads leading to Major/ Strategic Public Buildings/ Facilities,Ifugao 1st District Engineering Office,CAR,12,540000000.0,0.5187658303434569,51.57558640964196,15000000.0,7,5000000.0,3,25.0,150000000.0,"Construction of Kiangan-Asipulo-Ambaguio-Bayombong Road, Sta. 32+514 - Sta. 32+899, Barangay Camandag, Asipulo, Ifugao"
2027,61,BIP - Access Roads and/or Bridges from the National Roads leading to Major/ Strategic Public Buildings/ Facilities,Nueva Ecija 2nd District Engineering Office,Region III,6,534000000.0,0.5130017655618629,22.99099002905734,82000000.0,4,150000000.0,2,33.333333333333336,200000000.0,"Improvement of Makabaclay Road leading to Minalungao National Park, Gapan City, Nueva Ecija"
2027,62,BIP - Access Roads and/or Bridges from the National Roads leading to Major/ Strategic Public Buildings/ Facilities,Guimaras District Engineering Office,Region VI,22,514900000.0,0.4946528260071221,54.846612697060074,17500000.0,14,10000000.0,3,13.636363636363637,100000000.0,"Construction of Maabay to Dasal Road, Sta. 4 + 367.50 - Sta. 6 + 564.5, Sta. 6 + 828.5 - Sta. 7 + 156, Barangay Maabay and Barangay Dasal, Sibunag, Guimaras"
2027,63,BIP - Access Roads and/or Bridges from the National Roads leading to Major/ Strategic Public Buildings/ Facilities,Albay 3rd District Engineering Office,Region V,7,510000000.0,0.48994550643548707,18.054279660791945,70000000.0,6,70000000.0,2,28.571428571428573,98000000.0,"Construction of Road leading to Pantao-Sitio Pentason-Cadawag, Libon and Oas, Albay. Sta 0+000.00 - Sta. 2+300.00"
2027,64,BIP - Access Roads and/or Bridges from the National Roads leading to Major/ Strategic Public Buildings/ Facilities,Cotabato 1st District Engineering Office,Region XII,21,495500000.0,0.4760156832133016,21.366931665490874,8000000.0,10,5000000.0,5,23.80952380952381,150000000.0,"Construction of Paruayan Bridge I along Guiling-Bao-Malitubog-Paruayan-Nicaan Road, Alamada Cotabato"
2027,65,BIP - Access Roads and/or Bridges from the National Roads leading to Major/ Strategic Public Buildings/ Facilities,Surigao del Sur 1st District Engineering Office,Region XIII,7,495000000.0,0.47553534448150214,14.301398358950653,45000000.0,6,30000000.0,2,28.571428571428573,200000000.0,"Construction of Sta. Irene - San Miguel Road, Barangay Bolhoon, Surigao del Sur"
2027,66,BIP - Access Roads and/or Bridges from the National Roads leading to Major/ Strategic Public Buildings/ Facilities,Negros Occidental 4th District Engineering Office,NIR,14,486000000.0,0.4668892473091112,36.45583293326932,17000000.0,7,5000000.0,5,35.714285714285715,150000000.0,"Construction of Buenos Aires Bridge, Bago City, Negros Occidental"
2027,67,BIP - Access Roads and/or Bridges from the National Roads leading to Major/ Strategic Public Buildings/ Facilities,Lower Kalinga District Engineering Office,CAR,24,485000000.0,0.46592856984551223,32.93577252721955,9750000.0,14,5000000.0,6,25.0,150000000.0,"Construction of Manuel S. Agyao Boulevard-Ileb junc.-Dilag-San Julian-Balong-Tuao Circumferential Road, Tabuk City, Kalinga"
2027,68,BIP - Access Roads and/or Bridges from the National Roads leading to Major/ Strategic Public Buildings/ Facilities,Bohol 1st District Engineering Office,Region VII,6,485000000.0,0.46592856984551223,42.48888499529118,70000000.0,4,70000000.0,3,50.0,150000000.0,"Construction of Road, Poblacion - Can-omay - Bicahan - Bantolinao - Angilan, Antequera, Bohol"
2027,69,BIP - Access Roads and/or Bridges from the National Roads leading to Major/ Strategic Public Buildings/ Facilities,Zamboanga del Norte 2nd District Engineering Office,Region IX,31,476000000.0,0.4572824726731213,25.08426415627286,5000000.0,5,5000000.0,27,87.09677419354838,160000000.0,"Construction of Barangay Disakan, Manukan - Barangay Siparok, Jose Dalman, Zamboanga del Norte"
2027,70,BIP - Access Roads and/or Bridges from the National Roads leading to Major/ Strategic Public Buildings/ Facilities,Davao de Oro 1st District Engineering Office,Region XI,5,465000000.0,0.44671502057353235,30.515014699706004,100000000.0,4,100000000.0,2,40.0,150000000.0,"Construction of Limbo Bridge, Barangay Limbo, Maco, Davao de Oro"
2027,71,BIP - Access Roads and/or Bridges from the National Roads leading to Major/ Strategic Public Buildings/ Facilities,Negros Occidental 2nd District Engineering Office,NIR,5,465000000.0,0.44671502057353235,32.20458011460675,90000000.0,5,100000000.0,1,20.0,250000000.0,"Construction of Bridge, Barangay 1 and Barangay Inolingan, Moises Padilla, Negros Occidental"
2027,72,BIP - Access Roads and/or Bridges from the National Roads leading to Major/ Strategic Public Buildings/ Facilities,Bataan 1st District Engineering Office,Region III,25,448000000.0,0.4303835036923494,20.4294190931162,6000000.0,9,5000000.0,12,48.0,120000000.0,"Construction of Road Barangay Almacen-Saba, Hermosa, Bataan"
2027,73,BIP - Access Roads and/or Bridges from the National Roads leading to Major/ Strategic Public Buildings/ Facilities,Camarines Sur 3rd District Engineering Office,Region V,13,432500000.0,0.415493003006565,16.388125372758804,20000000.0,8,5000000.0,4,30.76923076923077,112500000.0,"Rehabilitation of Matiway Road to Ateneo High School, Naga City, Camarines Sur"
2027,74,BIP - Access Roads and/or Bridges from the National Roads leading to Major/ Strategic Public Buildings/ Facilities,Benguet 2nd District Engineering Office,CAR,16,430000000.0,0.41309130934756755,55.68505568505569,30000000.0,3,30000000.0,8,50.0,50000000.0,"Improvement of Madaymen-Namul-acan-Masala Access Road, Madaymen, Kibungan, Benguet"
2027,75,BIP - Access Roads and/or Bridges from the National Roads leading to Major/ Strategic Public Buildings/ Facilities,Lanao del Norte 2nd District Engineering Office,Region X,9,422748000.0,0.40612447638154764,24.36211582303137,26500000.0,9,30000000.0,1,11.11111111111111,129248000.0,"Construction of Concrete Road from Barangay Darumawang Ilaya - Barangay Matampay Ilaya, Sta. 0+000 - Sta. 3+800, Lala, Lanao del Norte"
2027,76,BIP - Access Roads and/or Bridges from the National Roads leading to Major/ Strategic Public Buildings/ Facilities,Zambales 2nd District Engineering Office,Region III,27,414776000.0,0.3984659556417364,19.441324861399895,10000000.0,14,10000000.0,9,33.333333333333336,50000000.0,"Construction of Road and Drainage at Subic Market, Sta. 0 + 000 - Sta. 0 + 410, Barangay Baraca-Camachile, Subic, Zambales"
2027,77,BIP - Access Roads and/or Bridges from the National Roads leading to Major/ Strategic Public Buildings/ Facilities,Zamboanga Sibugay 1st District Engineering Office,Region IX,21,414500000.0,0.3982008086617831,24.33398556633609,5000000.0,6,5000000.0,11,52.38095238095238,150000000.0,"Construction of Mabuhay - Talusan Coastal Road (Mabuhay Boulevard), Mabuhay, Zamboanga Sibugay"
2027,78,BIP - Access Roads and/or Bridges from the National Roads leading to Major/ Strategic Public Buildings/ Facilities,Cotabato 3rd District Engineering Office,Region XII,13,407000000.0,0.3909957276847907,13.879596038961083,30000000.0,8,10000000.0,4,30.76923076923077,70000000.0,"Construction of Road, Barangay Ranzo to Sitio Sambag, Barangay Ranzo, Carmen, Cotabato"
2027,79,BIP - Access Roads and/or Bridges from the National Roads leading to Major/ Strategic Public Buildings/ Facilities,Surigao del Sur 2nd District Engineering Office,Region XIII,4,400000000.0,0.3842709854395977,19.47698453430043,100000000.0,1,100000000.0,4,100.0,100000000.0,"Construction of Gamut - Unidad - Sua, Unidad Road Section, Sta. 2+980 - Sta. 6+140, Barobo, Surigao del Sur"
2027,80,BIP - Access Roads and/or Bridges from the National Roads leading to Major/ Strategic Public Buildings/ Facilities,Cagayan 2nd District Engineering Office,Region II,13,399000000.0,0.3833103079759987,15.325800004839726,12000000.0,6,10000000.0,4,30.76923076923077,105000000.0,"Construction of Belado Avenue, Centro 1 - Centro 6, Claveria, Cagayan"
2027,81,BIP - Access Roads and/or Bridges from the National Roads leading to Major/ Strategic Public Buildings/ Facilities,Camarines Norte District Engineering Office,Region V,10,385000000.0,0.3698608234856128,18.173810547702004,30000000.0,4,30000000.0,6,60.0,65000000.0,"Concreting of Barangay Road at Mabilo II, Labo, Camarines Norte"
2027,82,BIP - Access Roads and/or Bridges from the National Roads leading to Major/ Strategic Public Buildings/ Facilities,Metro Manila 1st District Engineering Office,NCR,22,378000000.0,0.36313608124041985,12.577205910488225,15000000.0,12,10000000.0,4,18.181818181818183,50000000.0,"Rehabilitation of Road Network including Laterals at Barangay Sta. Elena (C. Cruz St., Deguangco St., Zapatero St.), Marikina City"
2027,83,BIP - Access Roads and/or Bridges from the National Roads leading to Major/ Strategic Public Buildings/ Facilities,Zamboanga Sibugay 2nd District Engineering Office,Region IX,7,366000000.0,0.3516079516772319,15.867063487762636,50000000.0,5,50000000.0,3,42.857142857142854,100000000.0,"Construction of Access Road, Brgy. Don Perfecto, R.T. Lim- Brgy. Kipit, Titay, Zamboanga Sibugay"
2027,84,BIP - Access Roads and/or Bridges from the National Roads leading to Major/ Strategic Public Buildings/ Facilities,Camarines Sur 2nd District Engineering Office,Region V,4,359472000.0,0.3453366491948577,22.80993308776639,108132000.0,4,100000000.0,1,25.0,128208000.0,Construction of Caranan Coastal Road - 427+230 - 432+275
2027,85,BIP - Access Roads and/or Bridges from the National Roads leading to Major/ Strategic Public Buildings/ Facilities,Las Piñas Muntinlupa District Engineering Office,NCR,24,357000000.0,0.34296185450484096,15.39327887188394,10000000.0,11,10000000.0,6,25.0,40000000.0,"Rehabilitation of Road and Drainage at Gathcalian, Barangay Manuyo 2, Las Piñas City"
2027,86,BIP - Access Roads and/or Bridges from the National Roads leading to Major/ Strategic Public Buildings/ Facilities,Masbate 1st District Engineering Office,Region V,6,350000000.0,0.336237112259648,31.4000755396103,54000000.0,6,50000000.0,1,16.666666666666668,89000000.0,"Construction of Road, San Fernando- San Jacinto- Monreal Road (Piña Section), San Jacinto Masbate Sta. 18 +818 - Sta.20 + 018"
2027,87,BIP - Access Roads and/or Bridges from the National Roads leading to Major/ Strategic Public Buildings/ Facilities,Upper Kalinga District Engineering Office,CAR,8,348000000.0,0.33431575733245,29.378517718707446,25000000.0,7,5000000.0,2,25.0,150000000.0,"Construction of Dao Balbalan - Bullaguian Road, Sta. 1+650 - Sta. 4+650, Balbalan, Kalinga"
2027,88,BIP - Access Roads and/or Bridges from the National Roads leading to Major/ Strategic Public Buildings/ Facilities,Zamboanga del Norte 1st District Engineering Office,Region IX,5,340000000.0,0.32663033762365806,18.97487670515776,50000000.0,4,50000000.0,2,40.0,120000000.0,"Construction of Desin Bridge, Brgy. Desin, Piñan, Zamboanga del Norte"
2027,89,BIP - Access Roads and/or Bridges from the National Roads leading to Major/ Strategic Public Buildings/ Facilities,Sulu 1st District Engineering Office,Region IX,7,330000000.0,0.3170235629876681,84.65879938429964,50000000.0,2,50000000.0,6,85.71428571428571,50000000.0,"Rehabilitation of Road, Barangay Darul Jambangan, Maimbung, Sulu Sta 00+000 to Sta. 1+700"
2027,90,BIP - Access Roads and/or Bridges from the National Roads leading to Major/ Strategic Public Buildings/ Facilities,Zamboanga del Sur 1st District Engineering Office,Region IX,21,325000000.0,0.31222017566967314,11.652086619819302,15000000.0,3,20000000.0,8,38.095238095238095,20000000.0,"Construction of Road from Barangay Upper Campo Islam to Barangay San Isidro, Labangan, Zamboanga del Sur"
2027,91,BIP - Access Roads and/or Bridges from the National Roads leading to Major/ Strategic Public Buildings/ Facilities,Aklan District Engineering Office,Region VI,46,324000000.0,0.3112594982060741,12.530819434372734,5000000.0,6,5000000.0,34,73.91304347826087,25000000.0,"Construction of Road, Barangay Mabusao to Barangay Antipolo, Ibajay, Aklan"
2027,92,BIP - Access Roads and/or Bridges from the National Roads leading to Major/ Strategic Public Buildings/ Facilities,Apayao 2nd District Engineering Office,CAR,3,323000000.0,0.31029882074247517,22.630235956992742,123000000.0,3,123000000.0,1,33.333333333333336,150000000.0,"Improvement of Poblacion - Langnao (Calanasan) - Baliwanan (Kabugao) Road, Barangay Ferdinand-Langnao-Kabugao, Apayao"
2027,93,BIP - Access Roads and/or Bridges from the National Roads leading to Major/ Strategic Public Buildings/ Facilities,North Manila District Engineering Office,NCR,2,315000000.0,0.30261340103368317,11.164670021974906,157500000.0,2,200000000.0,1,50.0,200000000.0,Rehabilitation of Drainage along JA Santos Ave. (Lorenzo St. to Bambang St. - South Bound)
2027,94,BIP - Access Roads and/or Bridges from the National Roads leading to Major/ Strategic Public Buildings/ Facilities,Bulacan 3rd District Engineering Office,Region III,22,315000000.0,0.30261340103368317,21.697681723250547,10000000.0,4,10000000.0,19,86.36363636363636,100000000.0,"Construction of Road Dike (Baywalk) along Angat River, Barangay Lico - Poblacion - Libis - Talacsan, San Rafael, Bulacan, Sta. 00+000 - Sta. 02+000"
2027,95,BIP - Access Roads and/or Bridges from the National Roads leading to Major/ Strategic Public Buildings/ Facilities,Mountain Province 1st District Engineering Office,CAR,50,315000000.0,0.30261340103368317,28.719388778468662,5000000.0,6,5000000.0,44,88.0,35000000.0,"Construction of Bridge, Sitio Salin, Barangay Sadsadan, Bauko, Mountain Province"
2027,96,BIP - Access Roads and/or Bridges from the National Roads leading to Major/ Strategic Public Buildings/ Facilities,Ifugao 2nd District Engineering Office,CAR,13,310000000.0,0.2978100137156882,25.690302573753957,10000000.0,6,10000000.0,4,30.76923076923077,150000000.0,"Construction of Abagong Bridge along Mongol - Nalbu - Alimit - Nattum - Dulao Road, Nattum, Mayoyao, Ifugao"
2027,97,BIP - Access Roads and/or Bridges from the National Roads leading to Major/ Strategic Public Buildings/ Facilities,Camarines Sur 5th District Engineering Office,Region V,8,310000000.0,0.2978100137156882,12.07060290325256,32500000.0,7,15000000.0,2,25.0,80000000.0,"Concreting of Road, Barangay San Francisco - Barangay Sta. Eulalia, Baao, Camarines Sur"
2027,98,BIP - Access Roads and/or Bridges from the National Roads leading to Major/ Strategic Public Buildings/ Facilities,Ilocos Norte 1st District Engineering Office,Region I,15,307000000.0,0.29492798132489123,8.287889422817342,10000000.0,8,10000000.0,5,33.333333333333336,100000000.0,"Construction of Datag-Dampig Bridge, Barangay San Isidro, Dumalneg, Ilocos Norte"
2027,99,BIP - Access Roads and/or Bridges from the National Roads leading to Major/ Strategic Public Buildings/ Facilities,Davao del Norte 2nd District Engineering Office,Region XI,6,297250000.0,0.28556137605480103,14.056513568496008,29625000.0,6,7000000.0,1,16.666666666666668,150000000.0,"Construction of Bridge, Barangay San Isidro, Carmen, Davao del Norte - Sta. 2+600 - Sta. 2+670"
2027,100,BIP - Access Roads and/or Bridges from the National Roads leading to Major/ Strategic Public Buildings/ Facilities,Laguna 3rd District Engineering Office,Region IV-A,16,293000000.0,0.2814784968345053,17.08518568622969,15000000.0,7,15000000.0,5,31.25,100000000.0,"Construction of Bridge connecting Barangay Del Remedio and Barangay San Lucas I, San Pablo City, Laguna"
2027,101,BIP - Access Roads and/or Bridges from the National Roads leading to Major/ Strategic Public Buildings/ Facilities,Camarines Norte Sub District Engineering Office,Region V,25,290650000.0,0.2792209047950477,20.597333295537894,8000000.0,17,8000000.0,7,28.0,49895110.0,"Construction of Road, Barangay Manmuntay - Barangay San Jose, Basud, Camarines Norte"
2027,102,BIP - Access Roads and/or Bridges from the National Roads leading to Major/ Strategic Public Buildings/ Facilities,Dinagat Islands District Engineering Office,Region XIII,10,290000000.0,0.27859646444370834,24.854195859633787,30000000.0,3,30000000.0,6,60.0,50000000.0,"Construction of Road from Purok 3 to Purok 5 (Sta. 0 + 000 - Sta. 2 + 500), Barangay Doña Helene, Basilisa, Dinagat Islands"
2027,103,BIP - Access Roads and/or Bridges from the National Roads leading to Major/ Strategic Public Buildings/ Facilities,Nueva Vizcaya 2nd District Engineering Office,Region II,10,290000000.0,0.27859646444370834,35.257844262454526,17500000.0,6,5000000.0,4,40.0,90000000.0,"Construction of Mungia-Parai Bridge, Barangay Parai, Dupax del Norte, Nueva Vizcaya"
2027,104,BIP - Access Roads and/or Bridges from the National Roads leading to Major/ Strategic Public Buildings/ Facilities,Bataan 2nd District Engineering Office,Region III,5,280000000.0,0.26898968980771837,19.90100670663926,20000000.0,4,20000000.0,2,40.0,210000000.0,"Rehabilitation of Wawa Bridge, Pilar, Bataan, 0+000 - 0+045, (14.672155, 120.563000)"
2027,105,BIP - Access Roads and/or Bridges from the National Roads leading to Major/ Strategic Public Buildings/ Facilities,Camarines Sur 1st District Engineering Office,Region V,21,276575000.0,0.2656993694948918,4.616753921632616,13000000.0,8,15000000.0,6,28.571428571428573,35575000.0,"Construction of Road, Barangay Palaspas to Barangay San Pablo, Sta. 8 + 015.00 to Sta. 8 + 665.00, Del Gallego, Camarines Sur"
2027,106,BIP - Access Roads and/or Bridges from the National Roads leading to Major/ Strategic Public Buildings/ Facilities,Northern Samar 1st District Engineering Office,Region VIII,10,276168000.0,0.26530837376720706,15.570971714155553,10000000.0,8,10000000.0,3,30.0,75000000.0,"Construction of Roads, Barangay Polangi-Paticua-San Pascual, Sta. 002+607 - Sta. 004+607, Catarman, Northern Samar"
2027,107,BIP - Access Roads and/or Bridges from the National Roads leading to Major/ Strategic Public Buildings/ Facilities,Quezon 2nd District Engineering Office,Region IV-A,14,276100000.0,0.2652430476996823,12.658483201032851,15000000.0,8,15000000.0,6,42.857142857142854,75000000.0,"Construction of Bridge, Barangay Lalig, Tiaong, Quezon"
2027,108,BIP - Access Roads and/or Bridges from the National Roads leading to Major/ Strategic Public Buildings/ Facilities,Iloilo 2nd District Engineering Office,Region VI,5,275000000.0,0.2641863024897234,18.488165557152634,5000000.0,3,5000000.0,3,60.0,250000000.0,Construction of Bridge Jct. Iloilo Capiz New Route - Jct Passi San Enrique Road
2027,109,BIP - Access Roads and/or Bridges from the National Roads leading to Major/ Strategic Public Buildings/ Facilities,Bacolod City District Engineering Office,NIR,17,272000000.0,0.26130427009892643,11.916382046218038,15000000.0,9,10000000.0,4,23.529411764705884,40000000.0,"Rehabilitation of Road, Barangay 4, Bacolod City"
2027,110,BIP - Access Roads and/or Bridges from the National Roads leading to Major/ Strategic Public Buildings/ Facilities,Sulu 2nd District Engineering Office,Region IX,6,270000000.0,0.25938291517172846,67.53376688344171,45000000.0,4,40000000.0,2,33.333333333333336,60000000.0,"Construction of Road, Kan Putlih -Neog Road, Luuk, Sulu"
2027,111,BIP - Access Roads and/or Bridges from the National Roads leading to Major/ Strategic Public Buildings/ Facilities,Batangas 3rd District Engineering Office,Region IV-A,40,269500000.0,0.2589025764399289,10.951705215043539,5000000.0,6,5000000.0,32,80.0,25000000.0,"Construction of Road at Barangay Calingatan, Mataasnakahoy, Batangas"
2027,112,BIP - Access Roads and/or Bridges from the National Roads leading to Major/ Strategic Public Buildings/ Facilities,Masbate 3rd District Engineering Office,Region V,15,267875000.0,0.2573414755615806,19.241460849777614,15000000.0,6,15000000.0,6,40.0,47875000.0,"Construction of Guindawahan - Tubog Road, Pio V. Corpus, Masbate, Sta. 8 + 000 - Sta. 8 + 320, Sta. 9 + 400 - Sta. 10 + 995"
2027,113,BIP - Access Roads and/or Bridges from the National Roads leading to Major/ Strategic Public Buildings/ Facilities,Zamboanga del Norte 4th District Engineering Office,Region IX,10,265000000.0,0.2545795278537335,16.984686222343,25000000.0,4,20000000.0,3,30.0,40000000.0,"Construction of Road, Barangay Tagaytay, Siocon, Zamboanga del Norte"
2027,114,BIP - Access Roads and/or Bridges from the National Roads leading to Major/ Strategic Public Buildings/ Facilities,Davao de Oro 2nd District Engineering Office,Region XI,3,261000000.0,0.2507368179993375,16.151189989975123,75000000.0,3,50000000.0,1,33.333333333333336,136000000.0,"Construction of Monkayo, Compostela Valley - Veruela Road, Barangay Awao, Monkayo - Barangay Kidawa, Laak Section, Davao de Oro"
2027,115,BIP - Access Roads and/or Bridges from the National Roads leading to Major/ Strategic Public Buildings/ Facilities,Masbate 2nd District Engineering Office,Region V,9,258000000.0,0.24785478560854052,13.918049660464323,30000000.0,8,25000000.0,2,22.22222222222222,43000000.0,"Construction of Jct National Road - Barangay Villa Alvarez - Barangay Salvacion, Balud and Mandaon, Masbate, Sta. 4+192 to Sta. 5+122"
2027,116,BIP - Access Roads and/or Bridges from the National Roads leading to Major/ Strategic Public Buildings/ Facilities,Capiz 2nd District Engineering Office,Region VI,15,250000000.0,0.24016936589974855,14.6958459546157,6000000.0,9,5000000.0,7,46.666666666666664,58000000.0,"Construction of Road, Barangay Sto. Rosario, Jamindan, Capiz"
2027,117,BIP - Access Roads and/or Bridges from the National Roads leading to Major/ Strategic Public Buildings/ Facilities,Zamboanga del Sur 2nd District Engineering Office,Region IX,15,241000000.0,0.23152326872735762,11.924406191785025,20000000.0,3,20000000.0,9,60.0,20000000.0,"Construction of Road, Brgy. Liba - Brgy. Bantal, Bayog, Zamboanga del Sur"
2027,118,BIP - Access Roads and/or Bridges from the National Roads leading to Major/ Strategic Public Buildings/ Facilities,Iloilo 6th District Engineering Office,Region VI,17,240000000.0,0.2305625912637586,17.86001321640978,10000000.0,5,10000000.0,11,64.70588235294117,50000000.0,"Construction of Balaguiao Bridge, Station 0 + 000 - Station 0 + 075, Barangay Balaguiao, Lambunao, Iloilo"
2027,119,BIP - Access Roads and/or Bridges from the National Roads leading to Major/ Strategic Public Buildings/ Facilities,Leyte 3rd District Engineering Office,Region VIII,12,240000000.0,0.2305625912637586,18.29095420859614,20000000.0,7,5000000.0,3,25.0,40000000.0,"Construction of Road, Barangay Catagbacan to Barangay Jalas, Villaba, Leyte (Station 0+000 - 1+000)"
2027,120,BIP - Access Roads and/or Bridges from the National Roads leading to Major/ Strategic Public Buildings/ Facilities,Mindoro Occidental District Engineering Office,MIMAROPA,11,236000000.0,0.22671988140936264,7.985923118570655,10000000.0,6,55000000.0,2,18.181818181818183,55000000.0,"Construction of Road with Drainage System in Barangay Poypoy, Calintaan, Occidental Mindoro"
2027,121,BIP - Access Roads and/or Bridges from the National Roads leading to Major/ Strategic Public Buildings/ Facilities,La Union 1st District Engineering Office,Region I,9,235000000.0,0.22575920394576365,10.40800255815416,15000000.0,3,10000000.0,4,44.44444444444444,75000000.0,"Construction of Access Road leading to Sitio of Pines, Tubaday, Santol, La Union"
2027,122,BIP - Access Roads and/or Bridges from the National Roads leading to Major/ Strategic Public Buildings/ Facilities,Catanduanes District Engineering Office,Region V,12,232000000.0,0.22287717155496667,13.891092636224018,5500000.0,7,5000000.0,6,50.0,140000000.0,"Construction of Comagaycay-Alibuag Coastal Road, Barangay Comagaycay and Barangay Alibuag, San Andres, Catanduanes"
2027,123,BIP - Access Roads and/or Bridges from the National Roads leading to Major/ Strategic Public Buildings/ Facilities,Negros Occidental 3rd District Engineering Office,NIR,12,232000000.0,0.22287717155496667,13.520451722954288,15000000.0,6,15000000.0,4,33.333333333333336,51000000.0,"Construction of Bocana Bridge, Barangay Bocana, Ilog, Negros Occidental"
2027,124,BIP - Access Roads and/or Bridges from the National Roads leading to Major/ Strategic Public Buildings/ Facilities,Negros Oriental 3rd District Engineering Office,NIR,13,230000000.0,0.22095581662776867,11.555408182233812,15000000.0,4,15000000.0,7,53.84615384615385,35000000.0,"Construction of Tayak RCDG Bridge, Siaton, Negros Oriental"
2027,125,BIP - Access Roads and/or Bridges from the National Roads leading to Major/ Strategic Public Buildings/ Facilities,Eastern Samar District Engineering Office,Region VIII,3,230000000.0,0.22095581662776867,7.681571475853648,100000000.0,2,100000000.0,2,66.66666666666667,100000000.0,"Construction of Road, Barangay Cagpili, Oras - Barangay Campacion, Arteche, Eastern Samar (Sta. 3+483 - Sta. 4+350)"
2027,126,BIP - Access Roads and/or Bridges from the National Roads leading to Major/ Strategic Public Buildings/ Facilities,Cavite 3rd District Engineering Office,Region IV-A,15,226000000.0,0.2171131067733727,6.359080386935973,10000000.0,5,10000000.0,7,46.666666666666664,100000000.0,"Construction of Congressional Road, General Mariano Alvarez, Cavite"
2027,127,BIP - Access Roads and/or Bridges from the National Roads leading to Major/ Strategic Public Buildings/ Facilities,Metro Manila 2nd District Engineering Office,NCR,3,219800000.0,0.21115690649905894,8.405013028152588,60000000.0,3,60000000.0,1,33.333333333333336,150000000.0,"Construction of Drainage along Dr. A. Santos Avenue, District 1, Parañaque City"
2027,128,BIP - Access Roads and/or Bridges from the National Roads leading to Major/ Strategic Public Buildings/ Facilities,Cagayan 1st District Engineering Office,Region II,27,215000000.0,0.20654565467378377,8.643070147157314,5000000.0,3,5000000.0,17,62.96296296296296,20000000.0,"Concreting of Barangay Road at Barangay Tanglagan, Gattaran, Cagayan"
2027,129,BIP - Access Roads and/or Bridges from the National Roads leading to Major/ Strategic Public Buildings/ Facilities,Misamis Occidental 1st District Engineering Office,Region X,3,210000000.0,0.2017422673557888,14.261847520475937,100000000.0,2,100000000.0,2,66.66666666666667,100000000.0,"Construction of Corrales-Mialem Road, Jimenez, Misamis Occidental"
2027,130,BIP - Access Roads and/or Bridges from the National Roads leading to Major/ Strategic Public Buildings/ Facilities,Albay 2nd District Engineering Office,Region V,31,203000000.0,0.19501752511059584,10.04732637180651,6000000.0,4,6000000.0,21,67.74193548387096,10000000.0,"Improvement of Road along Barangay 16, Legazpi City, Albay"
2027,131,BIP - Access Roads and/or Bridges from the National Roads leading to Major/ Strategic Public Buildings/ Facilities,Pangasinan 1st District Engineering Office,Region I,17,199000000.0,0.19117481525619986,9.365203890842196,5000000.0,4,5000000.0,14,82.3529411764706,100000000.0,"Construction of New Bridge - Barangay San Juan, Agno, Pangasinan (16.100800, 119.838638)"
2027,132,BIP - Access Roads and/or Bridges from the National Roads leading to Major/ Strategic Public Buildings/ Facilities,Quezon City 2nd District Engineering Office,NCR,4,195000000.0,0.18733210540180387,7.644741417601645,37500000.0,4,50000000.0,1,25.0,100000000.0,"Construction of Road at MWSS Compound, Barangay Matandang Balara, Quezon City"
2027,133,BIP - Access Roads and/or Bridges from the National Roads leading to Major/ Strategic Public Buildings/ Facilities,Cagayan de Oro City 2nd District Engineering Office,Region X,28,195000000.0,0.18733210540180387,6.441838784890816,5000000.0,2,5000000.0,17,60.714285714285715,10000000.0,"Construction (Completion) of Road with Drainage along Gaabucayan Street Agora, Barangay Lapasan, Cagayan de Oro City"
2027,134,BIP - Access Roads and/or Bridges from the National Roads leading to Major/ Strategic Public Buildings/ Facilities,Baguio City District Engineering Office,CAR,11,190485000.0,0.18299464665365442,11.516222526658678,12765000.0,8,20000000.0,2,18.181818181818183,40320000.0,"Rehabilitation of Road at Fort Del Pilar Barangay, Sta. 0+000 - Sta. 0+502, Baguio City"
2027,135,BIP - Access Roads and/or Bridges from the National Roads leading to Major/ Strategic Public Buildings/ Facilities,Capiz 1st District Engineering Office,Region VI,8,185000000.0,0.17772533076581393,11.431671662616147,10000000.0,3,5000000.0,3,37.5,50000000.0,"Construction of Road, Barangay San Pedro to Barangay Sta. Fe. Pilar, Capiz"
2027,136,BIP - Access Roads and/or Bridges from the National Roads leading to Major/ Strategic Public Buildings/ Facilities,Iloilo 3rd District Engineering Office,Region VI,9,184000000.0,0.17676465330221494,17.749053464200447,10000000.0,3,10000000.0,6,66.66666666666667,114000000.0,"Construction of Road, Sta. 0 + 000 - Sta. 5 + 700, Barangay Macatunao - Barangay Tambaliza, Concepcion, Iloilo"
2027,137,BIP - Access Roads and/or Bridges from the National Roads leading to Major/ Strategic Public Buildings/ Facilities,Cebu 2nd District Engineering Office,Region VII,33,177000000.0,0.170039911057022,16.38681019167013,5000000.0,4,5000000.0,30,90.9090909090909,10000000.0,"Concreting of Road, Sitio Dungoan, Barangay Cawayan, Dalaguete, Cebu"
2027,138,BIP - Access Roads and/or Bridges from the National Roads leading to Major/ Strategic Public Buildings/ Facilities,Leyte 2nd District Engineering Office,Region VIII,15,170500000.0,0.1637955075436285,8.447079911357681,13000000.0,9,13000000.0,4,26.666666666666668,20800000.0,"Construction of Road, Barangay Macanip - Barangay Pitogo, Jaro, Leyte"
2027,139,BIP - Access Roads and/or Bridges from the National Roads leading to Major/ Strategic Public Buildings/ Facilities,Leyte 5th District Engineering Office,Region VIII,24,170000000.0,0.16331516881182903,7.4896268667894965,5000000.0,3,5000000.0,22,91.66666666666667,50000000.0,"Junction Himay-angan-Silago-Abuyog Boundary Road (Kikilo-San Roque-Sta. Lucia), Sta. 0+000 - 4+570, Abuyog, Leyte"
2027,140,BIP - Access Roads and/or Bridges from the National Roads leading to Major/ Strategic Public Buildings/ Facilities,Cagayan 3rd District Engineering Office,Region II,17,164000000.0,0.15755110403023506,6.800644900179803,5000000.0,5,5000000.0,11,64.70588235294117,25000000.0,"Rehabilitation of Road - Barangay Sisim to Minanga, Peñablanca, Cagayan"
2027,141,BIP - Access Roads and/or Bridges from the National Roads leading to Major/ Strategic Public Buildings/ Facilities,South Cotabato 1st District Engineering Office,Region XII,2,150000000.0,0.14410161953984912,14.937263493328022,75000000.0,2,100000000.0,1,50.0,100000000.0,"Improvement of Road, Purok Estrebilla Hills, Barangay Maligo, Polomolok, South Cotabato"
2027,142,BIP - Access Roads and/or Bridges from the National Roads leading to Major/ Strategic Public Buildings/ Facilities,Quezon 4th District Engineering Office,Region IV-A,6,150000000.0,0.14410161953984912,2.0670991405553,20000000.0,2,20000000.0,5,83.33333333333333,50000000.0,"Construction of Road, Barangay Bocboc, Lopez, Quezon"
2027,143,BIP - Access Roads and/or Bridges from the National Roads leading to Major/ Strategic Public Buildings/ Facilities,Quirino District Engineering Office,Region II,10,150000000.0,0.14410161953984912,23.46683354192741,10000000.0,4,10000000.0,6,60.0,40000000.0,"Construction of Road, San Dionisio II, Nagtipunan, Quirino"
2027,144,BIP - Access Roads and/or Bridges from the National Roads leading to Major/ Strategic Public Buildings/ Facilities,Benguet 1st District Engineering Office,CAR,3,150000000.0,0.14410161953984912,15.16013652208276,50000000.0,1,50000000.0,3,100.0,50000000.0,"Improvement of Road along Anovang-Domolpos at Barangay Tinongdan, Itogon, Benguet"
2027,145,BIP - Access Roads and/or Bridges from the National Roads leading to Major/ Strategic Public Buildings/ Facilities,Biliran District Engineering Office,Region VIII,9,148000000.0,0.14218026461265115,8.344144074050895,10000000.0,5,10000000.0,3,33.333333333333336,50000000.0,"Construction/Improvement of Road, Barangay Lucsoon to Barangay Imelda, Naval, Biliran (Sta. 0 + 850 - Sta. 2 + 150)"
2027,146,BIP - Access Roads and/or Bridges from the National Roads leading to Major/ Strategic Public Buildings/ Facilities,Negros Oriental 1st District Engineering Office,NIR,22,147000000.0,0.14121958714905217,8.977718767768401,5000000.0,5,5000000.0,16,72.72727272727273,20000000.0,"Construction of Road, Barangays Tiguib-Manogtong, Ayungon, Negros Oriental"
2027,147,BIP - Access Roads and/or Bridges from the National Roads leading to Major/ Strategic Public Buildings/ Facilities,Iligan City District Engineering Office,Region X,12,140160000.0,0.13464855329803505,6.8888233559422,6750000.0,9,5000000.0,4,33.333333333333336,45400000.0,"Construction of Road leading to DPWH UPMO Office, Barangay Maria Cristina, Sta. 0 + 000 - Sta. 0 + 789, Iligan City"
2027,148,BIP - Access Roads and/or Bridges from the National Roads leading to Major/ Strategic Public Buildings/ Facilities,Lanao del Norte 1st District Engineering Office,Region X,6,140000000.0,0.13449484490385918,10.129872197190986,20000000.0,2,20000000.0,5,83.33333333333333,40000000.0,"Construction of Road, Brgy. Princesa to Brgy. Andil, Baroy Lanao Del Norte"
2027,149,BIP - Access Roads and/or Bridges from the National Roads leading to Major/ Strategic Public Buildings/ Facilities,Camarines Sur 4th District Engineering Office,Region V,14,136000000.0,0.13065213504946321,6.820457963662004,8500000.0,6,5000000.0,5,35.714285714285715,15000000.0,"Construction of Roads, Barangay Lagha, Presentacion, Camarines Sur"
2027,150,BIP - Access Roads and/or Bridges from the National Roads leading to Major/ Strategic Public Buildings/ Facilities,Bataan 3rd District Engineering Office,Region III,25,125000000.0,0.12008468294987427,6.750812392763345,5000000.0,1,5000000.0,25,100.0,5000000.0,"Construction of Road, Barangay Bayan-Bayanan, Dinalupihan, Bataan, Sta. 0 + 000 - Sta. 0 + 210"
2027,151,BIP - Access Roads and/or Bridges from the National Roads leading to Major/ Strategic Public Buildings/ Facilities,Cebu 5th District Engineering Office,Region VII,23,125000000.0,0.12008468294987427,5.578862804605909,5000000.0,2,5000000.0,21,91.30434782608695,10000000.0,"Construction of Road, Barangay Cantukong, Carmen, Cebu"
2027,152,BIP - Access Roads and/or Bridges from the National Roads leading to Major/ Strategic Public Buildings/ Facilities,Mountain Province 2nd District Engineering Office,CAR,17,125000000.0,0.12008468294987427,11.939637015931297,5000000.0,3,5000000.0,15,88.23529411764706,40000000.0,"Construction of Dallug Bridge, Barangay Saliok and Barangay Maducayan, Natonin, Mountain Province"
2027,153,BIP - Access Roads and/or Bridges from the National Roads leading to Major/ Strategic Public Buildings/ Facilities,Pampanga 2nd District Engineering Office,Region III,11,111000000.0,0.10663519845948836,15.249158892114261,10000000.0,3,10000000.0,9,81.81818181818181,13000000.0,"Concreting of Sitio Bana, Purok 1 Barangay Calantas Floridablanca Pampanga"
2027,154,BIP - Access Roads and/or Bridges from the National Roads leading to Major/ Strategic Public Buildings/ Facilities,Cebu City District Engineering Office,Region VII,3,110000000.0,0.10567452099588936,4.065942189694685,40000000.0,2,40000000.0,2,66.66666666666667,40000000.0,"Construction of Road Slope Protection Structure, Barangay Sudlon I, Cebu City, Cebu"
2027,155,BIP - Access Roads and/or Bridges from the National Roads leading to Major/ Strategic Public Buildings/ Facilities,Zamboanga del Norte 3rd District Engineering Office,Region IX,6,106500000.0,0.10231214987329289,10.641795175919366,13250000.0,5,12000000.0,2,33.333333333333336,40000000.0,"Road Concreting from Brgy. San Vicente to Brgy. Tipan, Gutalac, Zamboanga del Norte"
2027,156,BIP - Access Roads and/or Bridges from the National Roads leading to Major/ Strategic Public Buildings/ Facilities,Malabon Navotas District Engineering Office,NCR,2,100000000.0,0.09606774635989943,3.332674574659076,50000000.0,2,35000000.0,1,50.0,65000000.0,"Construction of Drainage System along Yanga St., (C0+000 - C0+680), From Gov. I Santiago St. to Tongco St., Malabon City"
2027,157,BIP - Access Roads and/or Bridges from the National Roads leading to Major/ Strategic Public Buildings/ Facilities,Nueva Vizcaya District Engineering Office,Region II,1,100000000.0,0.09606774635989943,6.613529164340909,100000000.0,1,100000000.0,1,100.0,100000000.0,"Construction of Nansiakan Br., Barangay Labang, Ambaguio, Nueva Vizcaya"
2027,158,BIP - Access Roads and/or Bridges from the National Roads leading to Major/ Strategic Public Buildings/ Facilities,Misamis Occidental 2nd District Engineering Office,Region X,1,100000000.0,0.09606774635989943,3.8458875923974496,100000000.0,1,100000000.0,1,100.0,100000000.0,"Constrution of Road, (Diguan-Gala), Ozamiz City, Misamis Occidental"
2027,159,BIP - Access Roads and/or Bridges from the National Roads leading to Major/ Strategic Public Buildings/ Facilities,Iloilo City District Engineering Office,Region VI,4,90000000.0,0.08646097172390949,6.765391265128167,7500000.0,3,5000000.0,2,50.0,70000000.0,"Rehabilitation of Jalandoni Br along Nabitasan Road, Iloilo City, Iloilo"
2027,160,BIP - Access Roads and/or Bridges from the National Roads leading to Major/ Strategic Public Buildings/ Facilities,Laguna 1st District Engineering Office,Region IV-A,6,85000000.0,0.08165758440591452,5.855938403795199,15000000.0,2,15000000.0,5,83.33333333333333,15000000.0,"Construction of Road at Barangay Layasin, Cavinti, Laguna"
2027,161,BIP - Access Roads and/or Bridges from the National Roads leading to Major/ Strategic Public Buildings/ Facilities,Leyte 4th District Engineering Office,Region VIII,2,80000000.0,0.07685419708791955,3.427931384811436,40000000.0,2,50000000.0,1,50.0,50000000.0,"Construction of Concrete Road, Sta. 2 + 290 - Sta. 3 + 700, Barangay Montealegre, Isabel, Leyte"
2027,162,BIP - Access Roads and/or Bridges from the National Roads leading to Major/ Strategic Public Buildings/ Facilities,Cotabato 2nd District Engineering Office,Region XII,4,76000000.0,0.07301148723352356,3.0891910424841,15000000.0,3,10000000.0,2,50.0,36000000.0,"Construction of Magpet (Pangao-An - Don Panaca) to Davao City Via Salaysay (Indawhong-Ballah-Masawang) to Lumondao (Junction Bukidnon to Davao) Road, Cotabato"
2027,163,BIP - Access Roads and/or Bridges from the National Roads leading to Major/ Strategic Public Buildings/ Facilities,Pangasinan 4th District Engineering Office,Region I,11,75000000.0,0.07205080976992456,3.036036539306958,5000000.0,2,5000000.0,7,63.63636363636363,10000000.0,"Construction of Road, Barangay Mangayao, Bayambang, Pangasinan"
2027,164,BIP - Access Roads and/or Bridges from the National Roads leading to Major/ Strategic Public Buildings/ Facilities,Quezon 1st District Engineering Office,Region IV-A,9,75000000.0,0.07205080976992456,1.9593745885313365,5000000.0,3,5000000.0,7,77.77777777777777,25000000.0,"Construction of Libo-Pandan Bridge, Barangay Libo and Pandan, Panukulan, Quezon"
2027,165,BIP - Access Roads and/or Bridges from the National Roads leading to Major/ Strategic Public Buildings/ Facilities,Davao Oriental 2nd District Engineering Office,Region XI,1,70000000.0,0.06724742245192959,8.669965382066795,70000000.0,1,70000000.0,1,100.0,70000000.0,"Construction of Road, Barangay Langka , Municipality of Lupon - Barangay Poblacion, Municipality of Banaybanay, Davao Oriental - (Sta. 0+500.000 – Sta. 2+882.000)"
2027,166,BIP - Access Roads and/or Bridges from the National Roads leading to Major/ Strategic Public Buildings/ Facilities,Cebu 4th District Engineering Office,Region VII,12,65000000.0,0.06244403513393463,11.419536191145466,5000000.0,2,5000000.0,11,91.66666666666667,10000000.0,"Concreting of Road, Silvino Du Road, Barangay Bantigue, Bantayan, Cebu"
2027,167,BIP - Access Roads and/or Bridges from the National Roads leading to Major/ Strategic Public Buildings/ Facilities,Iloilo 1st District Engineering Office,Region VI,7,53000000.0,0.0509159055707467,1.8105792487120973,7000000.0,4,10000000.0,2,28.571428571428573,10000000.0,"Construction of Camangahan-Sitio Igtuba Bridge, Barangay Camangahan, Guimbal, Iloilo"
2027,168,BIP - Access Roads and/or Bridges from the National Roads leading to Major/ Strategic Public Buildings/ Facilities,Batanes District Engineering Office,Region II,3,50000000.0,0.04803387317994971,5.490577619746753,10000000.0,2,10000000.0,2,66.66666666666667,30000000.0,"Construction of Road, Sitio Mahat (Sta. 0 + 000 - Sta. 0 + 830), Barangay Savidug, Sabtang, Batanes"
2027,169,BIP - Access Roads and/or Bridges from the National Roads leading to Major/ Strategic Public Buildings/ Facilities,Cebu 3rd District Engineering Office,Region VII,8,50000000.0,0.04803387317994971,9.022013713460844,5000000.0,2,5000000.0,6,75.0,10000000.0,"Concreting of Road, Barangay Anopog to Barangay Tanibag, Pinamungajan, Cebu"
2027,170,BIP - Access Roads and/or Bridges from the National Roads leading to Major/ Strategic Public Buildings/ Facilities,Apayao 1st District Engineering Office,CAR,1,50000000.0,0.04803387317994971,4.087979867516748,50000000.0,1,50000000.0,1,100.0,50000000.0,"Improvement of Cabetayan-Karagawan Road, Barangay Karagawan, Kabugao, Apayao"
2027,171,BIP - Access Roads and/or Bridges from the National Roads leading to Major/ Strategic Public Buildings/ Facilities,Isabela City District Engineering Office,Region IX,1,50000000.0,0.04803387317994971,23.90057361376673,50000000.0,1,50000000.0,1,100.0,50000000.0,"Construction of Road at Junction National Highway - Ubit Elementary School to Barangay Buahan Road, Brgy. Buahan, Lamitan City, Basilan Province"
2027,172,BIP - Access Roads and/or Bridges from the National Roads leading to Major/ Strategic Public Buildings/ Facilities,Cagayan de Oro City 1st District Engineering Office,Region X,3,35000000.0,0.033623711225964796,1.1952735468888738,10000000.0,2,10000000.0,2,66.66666666666667,15000000.0,"Construction of Access Roads in Barangay Dansolihon, Cagayan de Oro City, Misamis Oriental"
2027,173,BIP - Access Roads and/or Bridges from the National Roads leading to Major/ Strategic Public Buildings/ Facilities,Negros Occidental 5th District Engineering Office,NIR,1,34000000.0,0.032663033762365803,2.4985982129143722,34000000.0,1,34000000.0,1,100.0,34000000.0,"Construction of Road in So. Cabungahan to Rizal Proper in Barangay Rizal, San Carlos City, Negros Occidental"
2027,174,BIP - Access Roads and/or Bridges from the National Roads leading to Major/ Strategic Public Buildings/ Facilities,Cavite 2nd District Engineering Office,Region IV-A,1,30000000.0,0.028820323907969826,1.3980304546954252,30000000.0,1,30000000.0,1,100.0,30000000.0,"Construction of F. Mendoza-Alfonso Road, Barangay Galicia III, Mendez, Cavite"
2027,175,BIP - Access Roads and/or Bridges from the National Roads leading to Major/ Strategic Public Buildings/ Facilities,Ilocos Sur 1st District Engineering Office,Region I,1,20000000.0,0.019213549271979886,3.927729772191673,20000000.0,1,20000000.0,1,100.0,20000000.0,"Construction of Road, Sabang-Daclapan Road, Cabugao, Ilocos Sur"
2027,176,BIP - Access Roads and/or Bridges from the National Roads leading to Major/ Strategic Public Buildings/ Facilities,Iloilo 4th District Engineering Office,Region VI,1,10000000.0,0.009606774635989943,0.831739166597355,10000000.0,1,10000000.0,1,100.0,10000000.0,"Construction of Road, Barangay Pajo, Zarraga, Iloilo"
2027,177,BIP - Access Roads and/or Bridges from the National Roads leading to Major/ Strategic Public Buildings/ Facilities,Zamboanga City 2nd District Engineering Office,Region IX,1,5000000.0,0.004803387317994972,0.49358000487657044,5000000.0,1,5000000.0,1,100.0,5000000.0,"Construction of Road Brgy. Talon Talon, Zamboanga City"
2027,1,BIP - Multi-Purpose Buildings/ Facilities to support Social Services,Bulacan 1st District Engineering Office,Region III,60,1760658000.0,4.385327306724859,42.39797105204477,15000000.0,19,15000000.0,16,26.666666666666668,150000000.0,"Construction of Multi-Purpose Building (Evacuation Center), Calumpang, Calumpit, Bulacan (120.773575, 14.888856)"
2027,2,BIP - Multi-Purpose Buildings/ Facilities to support Social Services,Batangas 4th District Engineering Office,Region IV-A,54,1376520000.0,3.42854247914865,27.547937016704836,10000000.0,19,10000000.0,18,33.333333333333336,150000000.0,"Construction of Multi-Purpose Building, Department of Education Region 4A, Barangay Talisay, Lipa City, Batangas"
2027,3,BIP - Multi-Purpose Buildings/ Facilities to support Social Services,Quezon City 1st District Engineering Office,NCR,26,1183360000.0,2.947432676695832,22.735708911607862,46500000.0,22,48000000.0,3,11.538461538461538,149000000.0,"Construction of Multi-Purpose Building (Completion) at Sitio Pajo, Barangay Baesa, Quezon City, 14.66249, 121.01425"
2027,4,BIP - Multi-Purpose Buildings/ Facilities to support Social Services,Laguna 2nd District Engineering Office,Region IV-A,40,1178500000.0,2.9353277189410134,26.246736696568124,12000000.0,15,10000000.0,9,22.5,100000000.0,"Construction of Multi-Purpose Building, Barangay 3, Calamba City, Laguna"
2027,5,BIP - Multi-Purpose Buildings/ Facilities to support Social Services,Metro Manila 1st District Engineering Office,NCR,25,1157000000.0,2.8817769799022086,38.496897456176924,30000000.0,17,15000000.0,4,16.0,250000000.0,"Construction of Multi-Purpose Building (Evacuation Center) at Barangay Santa Elena, Marikina City"
2027,6,BIP - Multi-Purpose Buildings/ Facilities to support Social Services,Zambales 2nd District Engineering Office,Region III,47,987000000.0,2.458352531688401,46.26253119322645,15000000.0,10,10000000.0,12,25.53191489361702,60000000.0,"Rehabilitation of Multi-Purpose Building, Pavillion, Barangay San Juan, Castillejos, Zambales (14.933128, 120.200506)"
2027,7,BIP - Multi-Purpose Buildings/ Facilities to support Social Services,Isabela 4th District Engineering Office,Region II,37,953000000.0,2.373667642045639,16.279873054572253,5000000.0,10,5000000.0,27,72.97297297297297,535000000.0,"Construction of Multi-Purpose Building, Barangay San Luis, Cauayan City, Isabela"
2027,8,BIP - Multi-Purpose Buildings/ Facilities to support Social Services,Baguio City District Engineering Office,CAR,13,875425000.0,2.1804491033974855,52.92589498070805,46000000.0,13,200000000.0,1,7.6923076923076925,225000000.0,"Rehabilitation of Maharlika Likelihood Complex, Baguio City"
2027,9,BIP - Multi-Purpose Buildings/ Facilities to support Social Services,Pampanga 3rd District Engineering Office,Region III,13,870000000.0,2.1669368820353685,35.47700050524142,72000000.0,4,72000000.0,7,53.84615384615385,72000000.0,"Construction of Multi-Purpose Building (Covered Court), Magalang, Pampanga (Cluster Barangays I) Ayala - 120.7034, 15.2275 Bucanan - 120.6737, 15.2340 Camias - 120.6513, 15.1918 Dolores - 120.6517, 15.2520 Escaler - 120.7329, 15.2728 La Paz - 120.6449, 15.2261 Navaling - 120.6583, 15.2735 San Agustin - 120.6905, 15.2233 San Antonio - 120.6626 15.2416"
2027,10,BIP - Multi-Purpose Buildings/ Facilities to support Social Services,Ilocos Norte 1st District Engineering Office,Region I,1,835000000.0,2.0797612603442905,22.54197937476378,835000000.0,1,835000000.0,1,100.0,835000000.0,"Construction of Multi-Purpose Building (INSPIRE BUILDING), Laoag City, Ilocos Norte"
2027,11,BIP - Multi-Purpose Buildings/ Facilities to support Social Services,North Manila District Engineering Office,NCR,7,755000000.0,1.880502696478969,26.759764655844616,50000000.0,7,20000000.0,1,14.285714285714286,400000000.0,"Construction (Completion) of Multi-Purpose Building, Sentro Komuniudad de Santa Cruz, Manila City (14.61236745, 120.98225658)"
2027,12,BIP - Multi-Purpose Buildings/ Facilities to support Social Services,Butuan City District Engineering Office,Region XIII,32,705000000.0,1.7559660940631434,7.976496376577522,10000000.0,6,10000000.0,27,84.375,400000000.0,"Construction of Multi-Purpose Building, Butuan City 8.942260, 125.508396"
2027,13,BIP - Multi-Purpose Buildings/ Facilities to support Social Services,Batangas 2nd District Engineering Office,Region IV-A,47,696000000.0,1.7335495056282948,15.616512307763763,8000000.0,10,5000000.0,19,40.42553191489362,150000000.0,"Construction of Multi-Purpose Building, Barangay San Antonio, San Pascual, Batangas"
2027,14,BIP - Multi-Purpose Buildings/ Facilities to support Social Services,La Union 1st District Engineering Office,Region I,14,683900000.0,1.703411647843665,30.289501912858,22500000.0,13,30000000.0,2,14.285714285714286,200000000.0,"Construction of Multi-Storey Multi-Purpose Building, City of San Fernando, La Union"
2027,15,BIP - Multi-Purpose Buildings/ Facilities to support Social Services,Isabela 3rd District Engineering Office,Region II,47,664000000.0,1.6538460800821662,22.10102899595092,6000000.0,12,5000000.0,21,44.680851063829785,200000000.0,"Construction (Completion) of Evacuation Center, Barangay Minanga, San Mariano, Isabela"
2027,16,BIP - Multi-Purpose Buildings/ Facilities to support Social Services,Nueva Ecija 1st District Engineering Office,Region III,66,619000000.0,1.541763137907923,11.93120992491626,6000000.0,6,6000000.0,45,68.18181818181819,50000000.0,"Construction of Multi-Purpose Building (Senior Citizens Center), Aliaga, Nueva Ecija"
2027,17,BIP - Multi-Purpose Buildings/ Facilities to support Social Services,Tarlac District Engineering Office,Region III,38,610000000.0,1.5193465494730745,18.37194453479827,7000000.0,14,7000000.0,13,34.21052631578947,75000000.0,"Construction (Completion) of Multi-Purpose Building, Tarlac City Convention Hall, Tarlac City, Tarlac"
2027,18,BIP - Multi-Purpose Buildings/ Facilities to support Social Services,Ilocos Norte 2nd District Engineering Office,Region I,31,604000000.0,1.5044021571831754,22.303097619624364,5000000.0,7,5000000.0,18,58.064516129032256,350000000.0,"Construction of Ecotourism Building, Mount Sicapo Reserve, Nueva Era, Ilocos Norte"
2027,19,BIP - Multi-Purpose Buildings/ Facilities to support Social Services,Bulacan 2nd District Engineering Office,Region III,38,600000000.0,1.4944392289899093,11.547366334423277,10000000.0,11,10000000.0,12,31.57894736842105,60000000.0,"Rehabilitation of Multi-Purpose Facility (Atty. Amador dela Merced Bldg.) Barangay Poblacion, Norzagaray, Bulacan"
2027,20,BIP - Multi-Purpose Buildings/ Facilities to support Social Services,Cavite 3rd District Engineering Office,Region IV-A,22,547000000.0,1.362430430429134,15.391225538291934,10000000.0,12,10000000.0,6,27.272727272727273,296500000.0,"Construction of Multi-Purpose Building (Museo de Bacoor) at Barangay Poblacion, formerly Tabing Dagat, Camposanto and Daaang Bukid, Bacoor City, Cavite"
2027,21,BIP - Multi-Purpose Buildings/ Facilities to support Social Services,Camarines Sur 3rd District Engineering Office,Region V,9,540000000.0,1.3449953060909183,20.461474453849146,10000000.0,5,10000000.0,5,55.55555555555556,360000000.0,"Construction of Camarines Sur Iconic Capitol Building, CamSur Uptown Center, Pili, Camarines Sur"
2027,22,BIP - Multi-Purpose Buildings/ Facilities to support Social Services,South Manila District Engineering Office,NCR,5,534000000.0,1.3300509138010193,11.300209752207985,15000000.0,5,9000000.0,1,20.0,452190000.0,"Construction of Multi-Purpose Building (PSRG Barracks), Manila"
2027,23,BIP - Multi-Purpose Buildings/ Facilities to support Social Services,Isabela 2nd District Engineering Office,Region II,38,482000000.0,1.2005328472885604,22.028384624735956,6000000.0,8,5000000.0,16,42.10526315789474,100000000.0,"Construction of of Multi-Purpose Building, Barangay San Placido, Roxas, Isabela"
2027,24,BIP - Multi-Purpose Buildings/ Facilities to support Social Services,Metro Manila 3rd District Engineering Office,NCR,30,479000000.0,1.1930606511436108,10.618321015120356,14250000.0,13,5000000.0,9,30.0,70000000.0,"Construction of Pariancillo Villa Multi-Purpose Hall (Barangay Center), Barangay Pariancillo Villa, Valenzuela City, 14.707205, 120.944432"
2027,25,BIP - Multi-Purpose Buildings/ Facilities to support Social Services,Laguna 1st District Engineering Office,Region IV-A,20,464500000.0,1.1569450364430214,32.00098104191612,7250000.0,9,6500000.0,8,40.0,200000000.0,"Construction of Multi-Purpose Building at Barangay Poblacion 5, Santa Cruz, Laguna (14.285327, 121412438)"
2027,26,BIP - Multi-Purpose Buildings/ Facilities to support Social Services,Lanao del Norte 2nd District Engineering Office,Region X,71,462000000.0,1.15071820632223,26.62412952927156,5500000.0,5,5500000.0,38,53.521126760563384,40000000.0,"Construction of Multi-Purpose Building (Evacuation Center), Barangay Poblacion, Kapatagan, Lanao del Norte (123.77607°, 7.90121°)"
2027,27,BIP - Multi-Purpose Buildings/ Facilities to support Social Services,Pangasinan 3rd District Engineering Office,Region I,59,456000000.0,1.135773814032331,9.833901945646126,5250000.0,10,5000000.0,29,49.152542372881356,30000000.0,"Construction of Multi-Purpose Building at Barangay Canarvacanan, Binalonan, Pangasinan"
2027,28,BIP - Multi-Purpose Buildings/ Facilities to support Social Services,Laguna 3rd District Engineering Office,Region IV-A,33,455000000.0,1.1332830819840145,26.53160234551027,7000000.0,10,7000000.0,15,45.45454545454545,50000000.0,"Construction (Completion) of Multi-Purpose Building at Barangay San Gabriel, San Pablo City, Laguna"
2027,29,BIP - Multi-Purpose Buildings/ Facilities to support Social Services,Cavite 1st District Engineering Office,Region IV-A,54,445000000.0,1.1083757615008494,7.062607555974339,7000000.0,7,5000000.0,19,35.18518518518518,25000000.0,"Construction of Multi-Purpose Building, Barangay Tabon II, Kawit, Cavite"
2027,30,BIP - Multi-Purpose Buildings/ Facilities to support Social Services,Pangasinan 2nd District Engineering Office,Region I,42,440000000.0,1.0959221012592668,11.796831746346669,10000000.0,13,11000000.0,10,23.80952380952381,39000000.0,"Construction of Multi-Purpose Building, Bugallon, Pangasinan"
2027,31,BIP - Multi-Purpose Buildings/ Facilities to support Social Services,Cagayan 2nd District Engineering Office,Region II,9,430000000.0,1.0710147807761017,16.51652632100522,10000000.0,3,100000000.0,4,44.44444444444444,100000000.0,"Construction of Multi-Purpose Building, Barangay Libertad, Abulug, Cagayan"
2027,32,BIP - Multi-Purpose Buildings/ Facilities to support Social Services,Davao del Norte 2nd District Engineering Office,Region XI,48,415000000.0,1.033653800051354,19.624737194031432,5000000.0,7,5000000.0,25,52.083333333333336,50000000.0,"Construction (Completion) of Multi-Purpose Building, Purok 18, Ising, Carmen, Davao del Norte"
2027,33,BIP - Multi-Purpose Buildings/ Facilities to support Social Services,Bacolod City District Engineering Office,NIR,39,400000000.0,0.9962928193266062,17.524091244438292,6000000.0,9,6000000.0,12,30.76923076923077,30000000.0,"Construction of Multi-Purpose Building, Barangay Handumanan, Bacolod City"
2027,34,BIP - Multi-Purpose Buildings/ Facilities to support Social Services,Cagayan 1st District Engineering Office,Region II,72,370000000.0,0.9215708578771107,14.87412071836375,5000000.0,2,5000000.0,70,97.22222222222223,10000000.0,"Construction of Multi-Purpose Building, Barangay Linao, Aparri, Cagayan"
2027,35,BIP - Multi-Purpose Buildings/ Facilities to support Social Services,Bulacan 3rd District Engineering Office,Region III,18,355000000.0,0.884209877152363,24.452942894456967,12500000.0,5,10000000.0,9,50.0,60000000.0,"Construction of Multi-Purpose Building (Evacuation Center), Barangay Batasan Bata, San Miguel, Bulacan"
2027,36,BIP - Multi-Purpose Buildings/ Facilities to support Social Services,Quezon 1st District Engineering Office,Region IV-A,55,339000000.0,0.8443581643792988,8.85637314016164,5000000.0,8,5000000.0,38,69.0909090909091,15000000.0,"Construction of Multi-Purpose Building, Mauban, Quezon"
2027,37,BIP - Multi-Purpose Buildings/ Facilities to support Social Services,Cebu 7th District Engineering Office,Region VII,14,329000000.0,0.8194508438961335,21.53328791053148,13500000.0,6,5000000.0,5,35.714285714285715,70000000.0,"Construction of Ginatilan Multi-Purpose Building, Ginatilan, Cebu"
2027,38,BIP - Multi-Purpose Buildings/ Facilities to support Social Services,Camiguin District Engineering Office,Region X,27,327000000.0,0.8144693797995005,19.03150033406976,7000000.0,9,5000000.0,9,33.333333333333336,45000000.0,"Construction of Multi-Purpose Facility, White Island Entry Point, Barangay Yumbing, Mambajao, Camiguin (9.242991, 124.6611771)"
2027,39,BIP - Multi-Purpose Buildings/ Facilities to support Social Services,Catanduanes District Engineering Office,Region V,42,316000000.0,0.7870713272680189,18.92062617692582,5500000.0,12,5000000.0,20,47.61904761904762,50000000.0,"Construction of Multi-Purpose Building in the Municipality of Virac, Catanduanes"
2027,40,BIP - Multi-Purpose Buildings/ Facilities to support Social Services,Lanao del Norte 1st District Engineering Office,Region X,24,311500000.0,0.7758630330505946,22.538965638749946,6000000.0,9,6000000.0,6,25.0,100000000.0,"Construction of Multipurpose Building, Barangayt Nangka, Balo-I, Lanao del Norte"
2027,41,BIP - Multi-Purpose Buildings/ Facilities to support Social Services,Zamboanga Sibugay 1st District Engineering Office,Region IX,15,309000000.0,0.7696362029298033,18.140413848004467,10000000.0,8,5000000.0,4,26.666666666666668,50000000.0,"Construction of Multi-Purpose Building (ZPPSU) in Barangay Mabini, Malangas, Zamboanga Sibugay"
2027,42,BIP - Multi-Purpose Buildings/ Facilities to support Social Services,Cebu 6th District Engineering Office,Region VII,9,305000000.0,0.7596732747365372,6.492703372224981,15000000.0,6,15000000.0,4,44.44444444444444,150000000.0,"Construction of Multi-Purpose Facility, Consolacion, Cebu (10.375407069015017, 123.96088157532101)"
2027,43,BIP - Multi-Purpose Buildings/ Facilities to support Social Services,Iloilo 2nd District Engineering Office,Region VI,13,288000000.0,0.7173308299151564,19.36215156530894,10500000.0,9,5000000.0,3,23.076923076923077,135500000.0,"Construction of Multi-Purpose Building, Barangay Bantud, Dumangas, Iloilo"
2027,44,BIP - Multi-Purpose Buildings/ Facilities to support Social Services,Leyte 4th District Engineering Office,Region VIII,9,280000000.0,0.6974049735286243,11.997759846840026,20000000.0,4,10000000.0,4,44.44444444444444,100000000.0,"Construction of Multi-Purpose Building , Barangay Libungao, Kananga, Leyte (11.166444, 124.556908)"
2027,45,BIP - Multi-Purpose Buildings/ Facilities to support Social Services,Cotabato 2nd District Engineering Office,Region XII,31,278000000.0,0.6924235094319913,11.299935655402365,6000000.0,3,6000000.0,28,90.3225806451613,100000000.0,"Construction of Multi-Purpose Building, Makilala Institute of Science & Technology (MIST) Administration Building, Makilala, North Cotabato"
2027,46,BIP - Multi-Purpose Buildings/ Facilities to support Social Services,Iloilo 4th District Engineering Office,Region VI,31,264100000.0,0.6578023339603918,21.966231389836146,5000000.0,9,5000000.0,16,51.61290322580645,30000000.0,"Construction of Multi-Purpose Building, Barangay Poblacion, Leon, Iloilo"
2027,47,BIP - Multi-Purpose Buildings/ Facilities to support Social Services,Iloilo City District Engineering Office,Region VI,11,260000000.0,0.647590332562294,19.544463654814702,20000000.0,5,40000000.0,4,36.36363636363637,40000000.0,"Construction of Multi-Purpose Building/ Evacuation Center, Barangay Mcarthur, lapaz, Iloilo City, Iloilo"
2027,48,BIP - Multi-Purpose Buildings/ Facilities to support Social Services,Quezon 4th District Engineering Office,Region IV-A,21,245000000.0,0.6102293518375463,3.3762619295736567,7500000.0,8,5000000.0,6,28.571428571428573,50000000.0,"Construction of Multi-Purpose Building (City Hall), Lopez, Quezon"
2027,49,BIP - Multi-Purpose Buildings/ Facilities to support Social Services,Zambales 1st District Engineering Office,Region III,12,241000000.0,0.6002664236442802,10.759168731444898,17250000.0,11,20000000.0,2,16.666666666666668,50000000.0,"Construction of Multi-Purpose Building, Naval Station Leovigildo Gantioqui (NSLG) (Multi-Purpose Hall), San Miguel, San Antonio, Zambales 14.959169, 120.069629"
2027,50,BIP - Multi-Purpose Buildings/ Facilities to support Social Services,Iloilo 1st District Engineering Office,Region VI,29,232500000.0,0.5790952012335898,7.942635383501182,8000000.0,4,8000000.0,22,75.86206896551724,9000000.0,"Construction of Multi-Purpose Building, Barangay Lubacan, Guimbal, Iloilo"
2027,51,BIP - Multi-Purpose Buildings/ Facilities to support Social Services,Malabon Navotas District Engineering Office,NCR,4,229000000.0,0.570377639064482,7.631824775969283,70000000.0,4,80000000.0,1,25.0,84000000.0,"Construction (Completion) of Multi-Purpose Building, M. de Vera St., Barangay Sipac-Almacen, Navotas City (14.657236, 120.948131)"
2027,52,BIP - Multi-Purpose Buildings/ Facilities to support Social Services,Northern Samar 1st District Engineering Office,Region VIII,22,225209000.0,0.5609352738693141,12.697788913897547,10000000.0,9,10000000.0,7,31.818181818181817,25000000.0,"Construction (Completion) of Multi-Purpose Building (New Municipal Building), Victoria, Northern Samar (12.447525, 124.313751)"
2027,53,BIP - Multi-Purpose Buildings/ Facilities to support Social Services,Quezon 3rd District Engineering Office,Region IV-A,23,223500000.0,0.5566786127987412,7.253667402310788,10000000.0,5,10000000.0,19,82.6086956521739,13000000.0,"Construction (Completion) of Multi-Purpose Building, Barangay Gatasan, Municipality of Catanauan, Quezon"
2027,54,BIP - Multi-Purpose Buildings/ Facilities to support Social Services,Aklan District Engineering Office,Region VI,29,221000000.0,0.5504517826779499,8.547256466038192,5000000.0,5,5000000.0,25,86.20689655172414,50000000.0,"Construction (Completion) of Multi-Purpose Building, Bliss Site, Cawayan, New Washington, Aklan"
2027,55,BIP - Multi-Purpose Buildings/ Facilities to support Social Services,Isabela 1st District Engineering Office,Region II,13,220000000.0,0.5479610506296334,9.569286418311787,15000000.0,5,15000000.0,6,46.15384615384615,40000000.0,"Construction of Multi-Purpose Building, Barangay Centro, Cabagan, Isabela, 17.427314, 121.765396"
2027,56,BIP - Multi-Purpose Buildings/ Facilities to support Social Services,Batangas 3rd District Engineering Office,Region IV-A,27,217000000.0,0.5404888544846839,8.818256147177914,5000000.0,5,5000000.0,17,62.96296296296296,50000000.0,"Construction of Multi-Purpose Building (Senior Citizens Center), Barangay Darasa, Tanauan, Batangas"
2027,57,BIP - Multi-Purpose Buildings/ Facilities to support Social Services,Zamboanga Sibugay 2nd District Engineering Office,Region IX,19,206000000.0,0.5130908019532022,8.93064229092651,6000000.0,7,6000000.0,10,52.63157894736842,50000000.0,"Construction of Multi-Purpose Building (Gymnasium), Brgy. Poblacion, Ipil, Zamboanga Sibugay"
2027,58,BIP - Multi-Purpose Buildings/ Facilities to support Social Services,Bataan 2nd District Engineering Office,Region III,14,205000000.0,0.5106000699048857,14.57037991021803,10000000.0,7,5000000.0,6,42.857142857142854,40000000.0,"Construction of Multi-Purpose Building, Bataan Convention Center, Provincial Capitol Compound, Barangay San Jose, Balanga City, Bataan (14.674898, 120.529098)"
2027,59,BIP - Multi-Purpose Buildings/ Facilities to support Social Services,Abra District Engineering Office,CAR,3,200000000.0,0.4981464096633031,9.114042187078475,50000000.0,2,50000000.0,2,66.66666666666667,100000000.0,"Construction (Completion) of Bucay Multi-Purpose Building, Bucay, Abra"
2027,60,BIP - Multi-Purpose Buildings/ Facilities to support Social Services,Sorsogon 2nd District Engineering Office,Region V,21,196000000.0,0.48818348147003704,11.910600008629109,10000000.0,3,10000000.0,17,80.95238095238095,10000000.0,"Construction of Multi-Purpose Building (Covered Court) at Barangay San Bernardo, Bulusan, Sorsogon"
2027,61,BIP - Multi-Purpose Buildings/ Facilities to support Social Services,Biliran District Engineering Office,Region VIII,16,196000000.0,0.48818348147003704,11.050352962932267,9500000.0,9,10000000.0,4,25.0,50000000.0,"Construction of Multi-Purpose Building - Provincial Capitol, Barangay Calumpang, Naval, Biliran (124.409201°, 11.566649°)"
2027,62,BIP - Multi-Purpose Buildings/ Facilities to support Social Services,Pangasinan 1st District Engineering Office,Region I,14,191000000.0,0.4757298212284545,8.988713282165122,8000000.0,5,5000000.0,6,42.857142857142854,50000000.0,"Construction (Completion) of Multi-Purpose Building, Barangay Germinal, Bolinao, Pangasinan"
2027,63,BIP - Multi-Purpose Buildings/ Facilities to support Social Services,Bataan 3rd District Engineering Office,Region III,30,190000000.0,0.47323908918013796,10.261234837000284,5000000.0,3,5000000.0,23,76.66666666666667,15000000.0,"Construction of Multi-Purpose Building, Barangay Baseco Country, Mariveles, Bataan"
2027,64,BIP - Multi-Purpose Buildings/ Facilities to support Social Services,Palawan 1st District Engineering Office,MIMAROPA,23,179000000.0,0.44584103664865626,6.663308954556605,6000000.0,4,6000000.0,12,52.17391304347826,12000000.0,"Construction of Multi-Purpose Building, Barangay Magara, Roxas, Palawan"
2027,65,BIP - Multi-Purpose Buildings/ Facilities to support Social Services,Rizal 1st District Engineering Office,Region IV-A,11,179000000.0,0.44584103664865626,6.549953089162791,10000000.0,5,10000000.0,6,54.54545454545455,68000000.0,"Construction of 3-Storey Evacuation Center Antipolo Valley Subdivision, Barangay Mambugan, Antipolo City"
2027,66,BIP - Multi-Purpose Buildings/ Facilities to support Social Services,Mindoro Occidental District Engineering Office,MIMAROPA,22,173500000.0,0.43214201038291544,5.871007038440714,5500000.0,6,5000000.0,10,45.45454545454545,55000000.0,"Construction of Multi-Purpose Building, Barangay Payompon, Mamburao, Occidental Mindoro"
2027,67,BIP - Multi-Purpose Buildings/ Facilities to support Social Services,Camarines Sur 4th District Engineering Office,Region V,29,172500000.0,0.42965127833459893,8.650948520085999,5000000.0,6,5000000.0,20,68.96551724137932,10000000.0,"Construction of Multi-Purpose Building (Evacuation Center), Sitio Pagsimbugan Barangay Mapid, Lagonoy, Camarines Sur"
2027,68,BIP - Multi-Purpose Buildings/ Facilities to support Social Services,Cebu City District Engineering Office,Region VII,3,170000000.0,0.42342444821380765,6.283728838619059,50000000.0,2,50000000.0,2,66.66666666666667,70000000.0,"Construction (Completion) of Multi-Purpose Building, Barangay Labangon, Cebu City, Cebu"
2027,69,BIP - Multi-Purpose Buildings/ Facilities to support Social Services,Pampanga 1st District Engineering Office,Region III,17,169000000.0,0.42093371616549113,3.93686205072309,7000000.0,6,5000000.0,6,35.294117647058826,57000000.0,"Construction of Multi-Purpose Building, Barangay Lourdes, City of San Fernando, Pampanga"
2027,70,BIP - Multi-Purpose Buildings/ Facilities to support Social Services,Leyte 2nd District Engineering Office,Region VIII,16,155800000.0,0.38805605312771313,7.71879794832567,10000000.0,4,10000000.0,13,81.25,14300000.0,"Construction of Evacuation Center, Brgy. Duka, Barugo, Leyte ( 11.35416667 , 124.7868111 )"
2027,71,BIP - Multi-Purpose Buildings/ Facilities to support Social Services,Batanes District Engineering Office,Region II,13,150000000.0,0.37360980724747733,16.47173285924026,10000000.0,6,10000000.0,4,30.76923076923077,25000000.0,"Construction of Multi-Purpose Building (Shelter Port), Barangay Kayvaluganan, Uyugan, Batanes"
2027,72,BIP - Multi-Purpose Buildings/ Facilities to support Social Services,Benguet 1st District Engineering Office,CAR,1,150000000.0,0.37360980724747733,15.16013652208276,150000000.0,1,150000000.0,1,100.0,150000000.0,"Construction (Completion) of Multi Purpose Building at Wangal, La Trinidad, Benguet"
2027,73,BIP - Multi-Purpose Buildings/ Facilities to support Social Services,Sultan Kudarat 2nd District Engineering Office,Region XII,23,148000000.0,0.3686283431508443,4.851345592814764,5000000.0,7,5000000.0,13,56.52173913043478,13000000.0,"Construction of Multi-Purpose Building, Barangay Kulaman, Sen. Ninoy Aquino, Sultan Kudarat"
2027,74,BIP - Multi-Purpose Buildings/ Facilities to support Social Services,Misamis Oriental 1st District Engineering Office,Region X,20,146000000.0,0.3636468790542113,3.7524059733162813,8000000.0,3,8000000.0,12,60.0,8000000.0,"Construction of Multi-Purpose Building (Covered Court), Barangay Tup-on, Medina, Misamis Oriental"
2027,75,BIP - Multi-Purpose Buildings/ Facilities to support Social Services,Davao del Sur District Engineering Office,Region XI,15,145000000.0,0.36115614700589477,5.694470080468753,10000000.0,4,5000000.0,7,46.666666666666664,20000000.0,"Construction of Multi-Purpose Building, Executive Building, Barangay Poblacion, Sulop, Davao del Sur"
2027,76,BIP - Multi-Purpose Buildings/ Facilities to support Social Services,Negros Occidental 1st District Engineering Office,NIR,24,143000000.0,0.3561746829092617,4.831774832535077,5000000.0,3,5000000.0,13,54.166666666666664,10000000.0,"Construction of Multi-Purpose Building, Barangay Cabatangan, Talisay City, Negros Occidental"
2027,77,BIP - Multi-Purpose Buildings/ Facilities to support Social Services,Cotabato 3rd District Engineering Office,Region XII,23,142000000.0,0.3536839508609452,4.842512622929911,5000000.0,4,5000000.0,20,86.95652173913044,17000000.0,"Rehabilitation (Completion) of Multi-Purpose Building, Barangay Malapag, Carmen, Cotabato"
2027,78,BIP - Multi-Purpose Buildings/ Facilities to support Social Services,Zamboanga City 1st District Engineering Office,Region IX,3,140000000.0,0.34870248676431215,6.875039285938777,30000000.0,3,30000000.0,1,33.333333333333336,100000000.0,"Construction of DOH Region 9 Office Building, Brgy. Calarian, Zamboanga City"
2027,79,BIP - Multi-Purpose Buildings/ Facilities to support Social Services,Surigao del Norte 1st District Engineering Office,Region XIII,24,140000000.0,0.34870248676431215,13.85876532259741,5000000.0,3,5000000.0,22,91.66666666666667,20000000.0,"Construction of Multi-Purpose Building (TESDA Building), Dapa, Siargao Island, Surigao del Norte"
2027,80,BIP - Multi-Purpose Buildings/ Facilities to support Social Services,Cebu 2nd District Engineering Office,Region VII,7,140000000.0,0.34870248676431215,12.96131879567129,15000000.0,4,5000000.0,3,42.857142857142854,50000000.0,"Construction of Multi-Purpose Building, Barangay Poblacion, Oslob, Cebu"
2027,81,BIP - Multi-Purpose Buildings/ Facilities to support Social Services,Albay 2nd District Engineering Office,Region V,18,138500000.0,0.3449663886918374,6.854949273375377,7500000.0,6,7500000.0,9,50.0,10000000.0,"Construction of Multi-Purpose Building(Covered Court) at Barangay 16, Legazpi City, Albay"
2027,82,BIP - Multi-Purpose Buildings/ Facilities to support Social Services,Camarines Sur 5th District Engineering Office,Region V,5,135000000.0,0.3362488265227296,5.256552877222889,10000000.0,4,10000000.0,2,40.0,60000000.0,"Construction of Multi-purpose Building, Barangay Santiago Old, Nabua, Camarines Sur"
2027,83,BIP - Multi-Purpose Buildings/ Facilities to support Social Services,Leyte 5th District Engineering Office,Region VIII,17,135000000.0,0.3362488265227296,5.947644864803424,5000000.0,3,5000000.0,14,82.3529411764706,25000000.0,"Construction of Multi-Purpose Building (Tourist Center), Barangay Inayupan, Javier, Leyte (10.783900, 124.973339)"
2027,84,BIP - Multi-Purpose Buildings/ Facilities to support Social Services,Zamboanga del Norte 3rd District Engineering Office,Region IX,16,130000000.0,0.323795166281147,12.989984721779509,7000000.0,5,7000000.0,7,43.75,12000000.0,"Construction of Multi-Purpose building in Liloy, Zamboanga del Norte"
2027,85,BIP - Multi-Purpose Buildings/ Facilities to support Social Services,Las Piñas Muntinlupa District Engineering Office,NCR,6,130000000.0,0.323795166281147,5.6053956676328065,22500000.0,4,25000000.0,2,33.333333333333336,30000000.0,"Construction of Multi-Purpose Building (Covered Court), Pedro E. Diaz, Alabang, Muntinlupa City"
2027,86,BIP - Multi-Purpose Buildings/ Facilities to support Social Services,Cotabato 1st District Engineering Office,Region XII,10,129000000.0,0.3213044342328305,5.562732966394194,6000000.0,4,6000000.0,7,70.0,75000000.0,"Construction of Two-Storey Multi-Purpose Building, Cotabato 1st District Engineering Office, Villarica, Midsayap, Cotabato"
2027,87,BIP - Multi-Purpose Buildings/ Facilities to support Social Services,Cavite 2nd District Engineering Office,Region IV-A,4,125000000.0,0.31134150603956445,5.825126894564272,20000000.0,4,80000000.0,1,25.0,80000000.0,"Construction of Multi-Purpose Building, Barangay Kaybagal South, Tagaytay City, Cavite"
2027,88,BIP - Multi-Purpose Buildings/ Facilities to support Social Services,Sulu 2nd District Engineering Office,Region IX,14,125000000.0,0.31134150603956445,31.265632816408203,5000000.0,2,5000000.0,13,92.85714285714286,60000000.0,"Construction of Multi-Purpose Building (Gymnasium), Tandu- Bato, Luuk, Sulu"
2027,89,BIP - Multi-Purpose Buildings/ Facilities to support Social Services,Samar 1st District Engineering Office,Region VIII,22,125000000.0,0.31134150603956445,5.317384017219816,5000000.0,2,5000000.0,21,95.45454545454545,20000000.0,"Construction of Multi-Purpose Building, Land Transportation Office (LTO Building), Gandara, Samar (124.807122, 12.015912)"
2027,90,BIP - Multi-Purpose Buildings/ Facilities to support Social Services,Romblon District Engineering Office,MIMAROPA,14,124000000.0,0.30885077399124794,5.687170751798109,5500000.0,4,5000000.0,7,50.0,45000000.0,"Construction of Multi-Purpose Building, Barangay Poblacion, Santa Fe, Romblon"
2027,91,BIP - Multi-Purpose Buildings/ Facilities to support Social Services,Capiz 1st District Engineering Office,Region VI,14,124000000.0,0.30885077399124794,7.662309654942715,7000000.0,3,7000000.0,12,85.71428571428571,30000000.0,"Construction of Multi-Purpose Facilities, Pilar, Capiz"
2027,92,BIP - Multi-Purpose Buildings/ Facilities to support Social Services,Iloilo 6th District Engineering Office,Region VI,5,122500000.0,0.30511467591877317,9.116048412542492,20500000.0,5,20500000.0,1,20.0,62000000.0,"Construction (Completion) of Multi-Purpose Building, Barangay San Jose Ward, Pototan, Iloilo"
2027,93,BIP - Multi-Purpose Buildings/ Facilities to support Social Services,Southern Mindoro District Engineering Office,MIMAROPA,20,122000000.0,0.30386930989461486,7.967529053725309,5000000.0,4,5000000.0,17,85.0,20000000.0,"Construction of Multi-Purpose Building, Barangay Poblacion, Bansud, Oriental Mindoro (121.457500°,12.863888°)"
2027,94,BIP - Multi-Purpose Buildings/ Facilities to support Social Services,Iloilo 3rd District Engineering Office,Region VI,7,120750000.0,0.3007558948342192,11.647816335881544,12250000.0,7,22250000.0,1,14.285714285714286,50000000.0,"Construction (Completion) of Multi-Purpose Building, NISU, Barangay Anoring, Sara, Iloilo"
2027,95,BIP - Multi-Purpose Buildings/ Facilities to support Social Services,Mindoro Oriental District Engineering Office,MIMAROPA,24,120000000.0,0.29888784579798183,6.082117712292518,5000000.0,1,5000000.0,24,100.0,5000000.0,"Construction of Multi-Purpose Building, Barangay Sapul, City of Calapan, Oriental Mindoro"
2027,96,BIP - Multi-Purpose Buildings/ Facilities to support Social Services,Davao de Oro 1st District Engineering Office,Region XI,11,113000000.0,0.28145272145976624,7.415476690466191,10000000.0,4,10000000.0,7,63.63636363636363,25000000.0,"Construction of Multi-Purpose Building, Barangay Kingking, Pantukan, Davao de Oro"
2027,97,BIP - Multi-Purpose Buildings/ Facilities to support Social Services,Cagayan de Oro City 1st District Engineering Office,Region X,12,112000000.0,0.27896198941144973,3.8248753500443957,10000000.0,4,10000000.0,7,58.333333333333336,20000000.0,"Construction of Multipurpose Building in Barangay Iponan, Cagayan de Oro City, Misamis Oriental"
2027,98,BIP - Multi-Purpose Buildings/ Facilities to support Social Services,Surigao del Sur 1st District Engineering Office,Region XIII,12,112000000.0,0.27896198941144973,3.2358719519241883,9500000.0,7,12000000.0,3,25.0,15000000.0,"Construction of Multi- Purpose Building (ABC Federation), Telaje, Tandag City, Surigao del Sur"
2027,99,BIP - Multi-Purpose Buildings/ Facilities to support Social Services,Mountain Province 1st District Engineering Office,CAR,22,110000000.0,0.2739805253148167,10.028992906766835,5000000.0,1,5000000.0,22,100.0,5000000.0,"Construction of Multi-Purpose Building, Barangay Abatan, Bauko, Mountain Province"
2027,100,BIP - Multi-Purpose Buildings/ Facilities to support Social Services,Bataan 1st District Engineering Office,Region III,18,109000000.0,0.2714897932665002,4.970550627566218,5000000.0,5,5000000.0,10,55.55555555555556,10000000.0,"Construction (Completion) of Multi-Purpose Building, Barangay Tabing Ilog, Samal, Bataan"
2027,101,BIP - Multi-Purpose Buildings/ Facilities to support Social Services,Surigao del Norte 2nd District Engineering Office,Region XIII,16,107500000.0,0.2677536951940254,3.865873257614961,5000000.0,6,5000000.0,10,62.5,15000000.0,"Construction of Multi-Purpose Building (Philippine Coast Guard Station), San Francisco, Surigao del Norte"
2027,102,BIP - Multi-Purpose Buildings/ Facilities to support Social Services,Cagayan de Oro City 2nd District Engineering Office,Region X,16,105500000.0,0.2627722310973924,3.48519995797939,6000000.0,6,5000000.0,6,37.5,10000000.0,"Construction (Completion) of Multi-Purpose Building at Barangay Hall, Barangay Lapasan Cagayan de Oro City"
2027,103,BIP - Multi-Purpose Buildings/ Facilities to support Social Services,Pampanga 2nd District Engineering Office,Region III,2,100000000.0,0.24907320483165155,13.737980983886722,50000000.0,1,50000000.0,2,100.0,50000000.0,"Construction of Multi-Purpose Building, Barangay Sta. Monica, Floridablanca, Pampanga"
2027,104,BIP - Multi-Purpose Buildings/ Facilities to support Social Services,Camarines Sur 1st District Engineering Office,Region V,10,97000000.0,0.241601008686702,1.6191815254392614,9500000.0,6,12000000.0,3,30.0,20000000.0,"Construction of Multi-Purpose Building, Cabusao, Camarines Sur"
2027,105,BIP - Multi-Purpose Buildings/ Facilities to support Social Services,Tarlac 2nd District Engineering Office,Region III,8,96000000.0,0.2391102766383855,4.27769361019517,8000000.0,2,8000000.0,7,87.5,40000000.0,"Construction of Multi-Purpose Building-Lyceum Bldg., Barangay Sto.Rosario, Capas, Tarlac"
2027,106,BIP - Multi-Purpose Buildings/ Facilities to support Social Services,Aurora District Engineering Office,Region III,13,96000000.0,0.2391102766383855,5.365526492287056,8000000.0,4,5000000.0,6,46.15384615384615,12000000.0,"Construction of Multi-Purpose Facility, Barangay Zone 1, Dinalungan, Aurora"
2027,107,BIP - Multi-Purpose Buildings/ Facilities to support Social Services,Negros Occidental 3rd District Engineering Office,NIR,8,95000000.0,0.23661954459006898,5.536391869313179,6000000.0,3,6000000.0,5,62.5,30000000.0,"Construction (Completion) of Multi-Purpose Building, Barangay 1, Hinoba-an, Negros Occidental"
2027,108,BIP - Multi-Purpose Buildings/ Facilities to support Social Services,Palawan 3rd District Engineering Office,MIMAROPA,12,91500000.0,0.22790198242096116,4.312662873722874,7500000.0,2,7500000.0,11,91.66666666666667,9000000.0,"Construction of Multi-Purpose Building, Barangay San Miguel, Puerto Princesa City, Palawan"
2027,109,BIP - Multi-Purpose Buildings/ Facilities to support Social Services,Davao de Oro 2nd District Engineering Office,Region XI,6,90500000.0,0.22541125037264464,5.600316835604401,8000000.0,5,8000000.0,2,33.333333333333336,50000000.0,"Construction (Completion) of Multi-Purpose Building, Barangay Poblacion, Monkayo, Davao de Oro"
2027,110,BIP - Multi-Purpose Buildings/ Facilities to support Social Services,Nueva Ecija 2nd District Engineering Office,Region III,3,90000000.0,0.2241658843484864,3.874885959953484,15000000.0,3,15000000.0,1,33.333333333333336,65000000.0,"Construction of Multi-Purpose Building, Barangay Burgos, San Leonardo, Nueva Ecija"
2027,111,BIP - Multi-Purpose Buildings/ Facilities to support Social Services,Surigao del Sur 2nd District Engineering Office,Region XIII,10,90000000.0,0.2241658843484864,4.382321520217597,10000000.0,2,10000000.0,8,80.0,10000000.0,"Construction of Mutli-Purpose Building, Barangay Bitoon, Municipality of Hinatuan, Surigao del Sur (8.38078, 126.31257)"
2027,112,BIP - Multi-Purpose Buildings/ Facilities to support Social Services,Misamis Oriental 2nd District Engineering Office,Region X,10,88000000.0,0.21918442025185336,1.5995195624877765,8000000.0,3,8000000.0,7,70.0,20000000.0,"Construction of Multi-Purpose Building, Brgy. Poblacion, Lugait, Misamis Oriental"
2027,113,BIP - Multi-Purpose Buildings/ Facilities to support Social Services,Metro Manila 2nd District Engineering Office,NCR,4,87000000.0,0.21669368820353685,3.326824992944837,17500000.0,4,7000000.0,1,25.0,45000000.0,"Construction of Multi-Purpose Building (Event Hall Complex) Barangay Sun Valley, Parañaque City"
2027,114,BIP - Multi-Purpose Buildings/ Facilities to support Social Services,Cagayan 3rd District Engineering Office,Region II,12,86000000.0,0.21420295615522034,3.5661918378991646,6000000.0,4,5000000.0,6,50.0,15000000.0,"Construction of Multi-Purpose Building, CSU Solana, Solana, Cagayan"
2027,115,BIP - Multi-Purpose Buildings/ Facilities to support Social Services,Palawan 2nd District Engineering Office,MIMAROPA,2,85000000.0,0.21171222410690382,3.056755681789576,42500000.0,2,5000000.0,1,50.0,80000000.0,"Construction of Multi-Purpose Building, Barangay West Marangas, Bataraza, Palawan"
2027,116,BIP - Multi-Purpose Buildings/ Facilities to support Social Services,Leyte 3rd District Engineering Office,Region VIII,13,85000000.0,0.21171222410690382,6.478046282211133,5000000.0,3,5000000.0,10,76.92307692307692,15000000.0,"Construction of Multipurpose Building, Barangay Hinabuyan, Villaba, Leyte (11.23887, 124.40451)"
2027,117,BIP - Multi-Purpose Buildings/ Facilities to support Social Services,Quezon 2nd District Engineering Office,Region IV-A,9,81000000.0,0.20174929591363774,3.7136441118567944,9000000.0,7,10000000.0,3,33.333333333333336,12000000.0,"Construction of Multi-Purpose Building, Barangay Kinabuhayan, Dolores, Quezon"
2027,118,BIP - Multi-Purpose Buildings/ Facilities to support Social Services,Zamboanga del Sur 1st District Engineering Office,Region IX,1,80000000.0,0.19925856386532123,2.86820593718629,80000000.0,1,80000000.0,1,100.0,80000000.0,"Construction of Multi-Purpose Building, Provincial Government Compound, Pagadian City, Zamboanga del Sur"
2027,119,BIP - Multi-Purpose Buildings/ Facilities to support Social Services,Samar 2nd District Engineering Office,Region VIII,4,80000000.0,0.19925856386532123,1.4593746579590645,20000000.0,4,25000000.0,1,25.0,30000000.0,"Construction of Multi-Purpose Building, Jiabong, Samar"
2027,120,BIP - Multi-Purpose Buildings/ Facilities to support Social Services,South Cotabato 2nd District Engineering Office,Region XII,6,80000000.0,0.19925856386532123,3.045655904841527,10000000.0,3,5000000.0,3,50.0,25000000.0,"Construction of Multi-Purpose Building, Chinatown, Barangay GPS, Koronadal City, South Cotabato"
2027,121,BIP - Multi-Purpose Buildings/ Facilities to support Social Services,Camarines Norte Sub District Engineering Office,Region V,14,78200000.0,0.1947752461783515,5.541756283196502,5000000.0,6,5000000.0,9,64.28571428571429,10000000.0,"Construction of Multi-Purpose Building (Evacuation Center) Barangay Mambungalon, Mercedes, Camarines Norte"
2027,122,BIP - Multi-Purpose Buildings/ Facilities to support Social Services,Negros Occidental 4th District Engineering Office,NIR,14,74000000.0,0.18431417157542215,5.550888142102736,5000000.0,2,5000000.0,10,71.42857142857143,6000000.0,"Construction of Multi-Purpose Building in Barangay Bacong-Montilla, Bago City, Negros Occidental"
2027,123,BIP - Multi-Purpose Buildings/ Facilities to support Social Services,Ifugao 2nd District Engineering Office,CAR,12,73000000.0,0.18182343952710564,6.049651896400126,6000000.0,3,5000000.0,6,50.0,8000000.0,"Construction of PNP Multi-purpose Building, Bato-alatbang, Mayoyao, Ifugao"
2027,124,BIP - Multi-Purpose Buildings/ Facilities to support Social Services,Capiz 2nd District Engineering Office,Region VI,11,69550000.0,0.17323041396041364,4.088384344574088,5000000.0,4,5000000.0,8,72.72727272727273,12000000.0,"Construction of Multi-Purpose Building (LTO), Barangay Poblacion, Dumalag, Capiz"
2027,125,BIP - Multi-Purpose Buildings/ Facilities to support Social Services,Batangas 1st District Engineering Office,Region IV-A,5,69000000.0,0.17186051133383956,11.933586994119683,5000000.0,3,5000000.0,3,60.0,34000000.0,"Construction of Multi-Purpose Building (LMB Bldg.), LGU Compound Barangay Matingain II, Lemery, Batangas"
2027,126,BIP - Multi-Purpose Buildings/ Facilities to support Social Services,Dinagat Islands District Engineering Office,Region XIII,5,66000000.0,0.16438831518889002,5.656472161158034,10000000.0,3,10000000.0,2,40.0,30000000.0,"Construction of Multi-Purpose Building (Barangay Hall), Barangay Villa Ecleo, Basilisa, Dinagat Islands, (10.113123, 125.582197)"
2027,127,BIP - Multi-Purpose Buildings/ Facilities to support Social Services,Cebu 1st District Engineering Office,Region VII,4,65000000.0,0.1618975831405735,2.8682375783249494,17500000.0,3,25000000.0,2,50.0,25000000.0,"Construction of Multi-Purpose Building - Minglanilla, Poblacion Ward I, Minglanilla, Cebu"
2027,128,BIP - Multi-Purpose Buildings/ Facilities to support Social Services,Negros Oriental 1st District Engineering Office,NIR,12,61000000.0,0.15193465494730743,3.725447924039949,5000000.0,2,5000000.0,11,91.66666666666667,6000000.0,"Construction of Multi-Purpose Building in Barangay Puan, Vallehermoso, Negros Oriental"
2027,129,BIP - Multi-Purpose Buildings/ Facilities to support Social Services,Misamis Occidental 1st District Engineering Office,Region X,2,60000000.0,0.14944392289899092,4.07481357727884,30000000.0,2,40000000.0,1,50.0,40000000.0,"Construction of Siloy Man-made Lake Multi-Purpose Building, Calamba, Misamis Occidental"
2027,130,BIP - Multi-Purpose Buildings/ Facilities to support Social Services,La Union 2nd District Engineering Office,Region I,9,58000000.0,0.1444624588023579,2.5753786694705734,6000000.0,4,6000000.0,4,44.44444444444444,10000000.0,"Construction of Multi-Purpose Building (Justice Hall), Barangay Poblacion, Tubao, La Union"
2027,131,BIP - Multi-Purpose Buildings/ Facilities to support Social Services,Marinduque District Engineering Office,MIMAROPA,5,57000000.0,0.14197172675404138,3.4047453788048028,14000000.0,3,14000000.0,3,60.0,14000000.0,"Construction of Multi-Purpose Building (Covered Court), Barangay Tres, Gasan, Marinduque"
2027,132,BIP - Multi-Purpose Buildings/ Facilities to support Social Services,Apayao 2nd District Engineering Office,CAR,5,55000000.0,0.13699026265740835,3.8534457511907148,10000000.0,4,5000000.0,2,40.0,20000000.0,"Construction of Multi-purpose Building (MPB) (Evacuation Center), Barangay Barocboc, Santa Marcela, Apayao"
2027,133,BIP - Multi-Purpose Buildings/ Facilities to support Social Services,Eastern Samar District Engineering Office,Region VIII,3,55000000.0,0.13699026265740835,1.836897526834568,25000000.0,2,25000000.0,2,66.66666666666667,25000000.0,"Construction of Multi-Purpose Building (Covered Court), Barangay 4, Taft, Eastern Samar, 11.90179478, 125.42048597"
2027,134,BIP - Multi-Purpose Buildings/ Facilities to support Social Services,Siquijor District Engineering Office,NIR,10,52300000.0,0.13026528612695376,4.528397293698168,5150000.0,3,5000000.0,5,50.0,5500000.0,"Construction (Completion) of Multi-Purpose Building, Barangay Candaping A, Maria, Siquijor"
2027,135,BIP - Multi-Purpose Buildings/ Facilities to support Social Services,Ifugao 1st District Engineering Office,CAR,8,49000000.0,0.12204587036750926,4.680006914948993,6000000.0,3,5000000.0,4,50.0,8000000.0,"Construction of Caba Multi-Purpose Building, Caba, Lagawe, Ifugao"
2027,136,BIP - Multi-Purpose Buildings/ Facilities to support Social Services,Davao del Norte District Engineering Office,Region XI,3,47000000.0,0.11706440627087622,1.5823637147166558,17000000.0,3,10000000.0,1,33.333333333333336,20000000.0,"Construction of Multi-Purpose Building (Gymnasium) Barangay Tiburcia, Kapalong, Davao del Norte"
2027,137,BIP - Multi-Purpose Buildings/ Facilities to support Social Services,Negros Oriental 2nd District Engineering Office,NIR,6,46000000.0,0.11457367422255971,2.0886068765111183,5000000.0,3,5000000.0,4,66.66666666666667,20000000.0,"Construction of Multi-Purpose Building, Barangay Taclobo, Dumaguete City, Negros Oriental"
2027,138,BIP - Multi-Purpose Buildings/ Facilities to support Social Services,Negros Oriental 3rd District Engineering Office,NIR,3,45000000.0,0.1120829421742432,2.2608407313066152,15000000.0,3,20000000.0,1,33.333333333333336,20000000.0,"Construction of Multi-Purpose Building, Barangay Jawa, Valencia, Negros Oriental"
2027,139,BIP - Multi-Purpose Buildings/ Facilities to support Social Services,Guimaras District Engineering Office,Region VI,3,45000000.0,0.1120829421742432,4.793353216872603,10000000.0,2,10000000.0,2,66.66666666666667,25000000.0,"Construction of Multi-Purpose Building, Capitol Grounds, San Miguel, Jordan, Guimaras"
2027,140,BIP - Multi-Purpose Buildings/ Facilities to support Social Services,Agusan del Norte District Engineering Office,Region XIII,6,45000000.0,0.1120829421742432,9.236453201970443,7500000.0,2,7000000.0,3,50.0,8000000.0,"Construction of Multi-Purpose Building (Covered Court), Barangay A. Beltran, Jabonga, Lanao del Norte"
2027,141,BIP - Multi-Purpose Buildings/ Facilities to support Social Services,Camarines Norte District Engineering Office,Region V,9,45000000.0,0.1120829421742432,2.124211622458676,5000000.0,1,5000000.0,9,100.0,5000000.0,"Construction of Multi-purpose Building (Covered Court), Barangay Bagumbayan , Paracale, Camarines Norte"
2027,142,BIP - Multi-Purpose Buildings/ Facilities to support Social Services,Camarines Sur 2nd District Engineering Office,Region V,2,40000000.0,0.09962928193266062,2.538159643896202,20000000.0,1,20000000.0,2,100.0,20000000.0,"Construction of Multi-Purpose Building (Evacuation Center), Barangay Antipolo, Minalabac, Camarines Sur (13.529994, 123.159102)"
2027,143,BIP - Multi-Purpose Buildings/ Facilities to support Social Services,Zamboanga del Norte 4th District Engineering Office,Region IX,5,38000000.0,0.09464781783602759,2.4355399111284304,8000000.0,4,8000000.0,2,40.0,10000000.0,"Construction of Multi-Purpose Building (Senior Citizen Center) in Brgy. Malayal, Sibuco, Zamboanga del Norte"
2027,144,BIP - Multi-Purpose Buildings/ Facilities to support Social Services,Northern Samar 2nd District Engineering Office,Region VIII,3,34567000.0,0.08609713471415699,1.653094524850697,10000000.0,2,10000000.0,2,66.66666666666667,14567000.0,"Construction of Evacuation Center, Brgy. Guibuangan, Catubig, Northern Samar ( 12.38961111 , 125.04828611 )"
2027,145,BIP - Multi-Purpose Buildings/ Facilities to support Social Services,Albay 1st District Engineering Office,Region V,3,34000000.0,0.08468488964276152,1.873197735854878,12000000.0,3,12000000.0,1,33.333333333333336,15000000.0,"Construction of Multi-purpose Building (Covered Court) at Brgy. Sta. Teresa, Malilipot, Albay"
2027,146,BIP - Multi-Purpose Buildings/ Facilities to support Social Services,Zamboanga del Norte 1st District Engineering Office,Region IX,2,30000000.0,0.07472196144949546,1.6742538269256848,15000000.0,1,15000000.0,2,100.0,15000000.0,"Construction of Multi-Purpose Building, Brgy. Poblacion, Sibutad, Zamboanga del Norte"
2027,147,BIP - Multi-Purpose Buildings/ Facilities to support Social Services,Sulu 1st District Engineering Office,Region IX,1,30000000.0,0.07472196144949546,7.6962544894817855,30000000.0,1,30000000.0,1,100.0,30000000.0,"Construction of Multi-Purpose Building, at Pantuconan Island, Barangay Kabuukan, Hadji Panglima Tahil, Sulu"
2027,148,BIP - Multi-Purpose Buildings/ Facilities to support Social Services,Mountain Province 2nd District Engineering Office,CAR,6,30000000.0,0.07472196144949546,2.865512883823511,5000000.0,1,5000000.0,6,100.0,5000000.0,"Construction of Multi-Purpose Building, Barangay Gawana, Barlig, Mountain Province"
2027,149,BIP - Multi-Purpose Buildings/ Facilities to support Social Services,Benguet 2nd District Engineering Office,CAR,3,30000000.0,0.07472196144949546,3.885003885003885,5000000.0,2,5000000.0,2,66.66666666666667,20000000.0,"Construction of Multi-Purpose Building, Buguias, Benguet (Municipal Grounds)"
2027,150,BIP - Multi-Purpose Buildings/ Facilities to support Social Services,Cebu 5th District Engineering Office,Region VII,6,30000000.0,0.07472196144949546,1.3389270731054181,5000000.0,1,5000000.0,6,100.0,5000000.0,"Construction of Multi-Purpose Building, Barangay Basak, Compostela, Cebu"
2027,151,BIP - Multi-Purpose Buildings/ Facilities to support Social Services,Negros Occidental 2nd District Engineering Office,NIR,5,30000000.0,0.07472196144949546,2.077714846103661,6000000.0,1,6000000.0,5,100.0,6000000.0,"Construction of Multi-Purpose Building in Barangay San Pedro, Binalbagan, Negros Occidental"
2027,152,BIP - Multi-Purpose Buildings/ Facilities to support Social Services,Bohol 1st District Engineering Office,Region VII,5,25000000.0,0.062268301207912886,2.1901487110974833,5000000.0,1,5000000.0,5,100.0,5000000.0,"Construction of Multi-Purpose Building (Covered Court), Barangay Totolan, Dauis, Bohol"
2027,153,BIP - Multi-Purpose Buildings/ Facilities to support Social Services,Bukidnon 3rd District Engineering Office,Region X,3,24000000.0,0.05977756915959637,1.4650225857648638,8000000.0,1,8000000.0,3,100.0,8000000.0,"Construction of Multi-Purpose Building at Brgy. Imbatug (LGU Covered Court), Baungon, Bukidnon"
2027,154,BIP - Multi-Purpose Buildings/ Facilities to support Social Services,Nueva Vizcaya 2nd District Engineering Office,Region II,2,20000000.0,0.04981464096633031,2.4315754663761746,10000000.0,1,10000000.0,2,100.0,10000000.0,"Construction of Multi-Purpose Building (Market Area), Pampang, Kayapa, Nueva Vizcaya"
2027,155,BIP - Multi-Purpose Buildings/ Facilities to support Social Services,Upper Kalinga District Engineering Office,CAR,4,20000000.0,0.04981464096633031,1.688420558546405,5000000.0,1,5000000.0,4,100.0,5000000.0,"Construction of Multi-Purpose Building (Open Gym of LNS), Barangay Lower Uma, Lubuagan, Kalinga"
2027,156,BIP - Multi-Purpose Buildings/ Facilities to support Social Services,Apayao 1st District Engineering Office,CAR,2,20000000.0,0.04981464096633031,1.6351919470066993,10000000.0,1,10000000.0,2,100.0,10000000.0,"Construction of Multi-Purpose Building (MPB), (Barangay Hall), Barangay Madduang, Kabugao, Apayao"
2027,157,BIP - Multi-Purpose Buildings/ Facilities to support Social Services,Nueva Vizcaya District Engineering Office,Region II,1,20000000.0,0.04981464096633031,1.3227058328681818,20000000.0,1,20000000.0,1,100.0,20000000.0,"Construction of Multi-Purpose Building, Barangay Poblacion South, Solano, Nueva Vizcaya"
2027,158,BIP - Multi-Purpose Buildings/ Facilities to support Social Services,Pangasinan 4th District Engineering Office,Region I,3,20000000.0,0.04981464096633031,0.8096097438151888,5000000.0,2,5000000.0,2,66.66666666666667,10000000.0,"Construction of Multi-Purpose Building, Barangay Nalsian, Calasiao, Pangasinan"
2027,159,BIP - Multi-Purpose Buildings/ Facilities to support Social Services,Iligan City District Engineering Office,Region X,3,18000000.0,0.044833176869697275,0.8846947803007962,6000000.0,1,6000000.0,3,100.0,6000000.0,"Rehabilitation of Multi-Purpose Building (Covered Court) at Purok Mabination, Barangay Ubaldo Laya, Iligan City (124.245019°,8.22338°)"
2027,160,BIP - Multi-Purpose Buildings/ Facilities to support Social Services,Negros Occidental 5th District Engineering Office,NIR,3,18000000.0,0.044833176869697275,1.322787289189962,6000000.0,1,6000000.0,3,100.0,6000000.0,"Construction of Multi-Purpose Building in Barangay III, San Carlos City, Negros Occidental"
2027,161,BIP - Multi-Purpose Buildings/ Facilities to support Social Services,Bohol 2nd District Engineering Office,Region VII,1,15000000.0,0.03736098072474773,2.635277582572031,15000000.0,1,15000000.0,1,100.0,15000000.0,"Construction/Improvement of Multi-Purpose Building at Barangay Merryland, Buenavista, Bohol"
2027,162,BIP - Multi-Purpose Buildings/ Facilities to support Social Services,Quezon City 2nd District Engineering Office,NCR,1,15000000.0,0.03736098072474773,0.5880570321232035,15000000.0,1,15000000.0,1,100.0,15000000.0,"Rehabilitation Multi-Purpose Building, Barangay St. Ignatius, Quezon City"
2027,163,BIP - Multi-Purpose Buildings/ Facilities to support Social Services,Misamis Occidental 2nd District Engineering Office,Region X,1,14000000.0,0.034870248676431216,0.5384242629356429,14000000.0,1,14000000.0,1,100.0,14000000.0,"Construction of Public Building - Region X, Tangub City, Misamis Occidental (123.728974°, 8.099450°)"
2027,164,BIP - Multi-Purpose Buildings/ Facilities to support Social Services,Bukidnon 2nd District Engineering Office,Region X,1,10000000.0,0.024907320483165154,0.23767873440827503,10000000.0,1,10000000.0,1,100.0,10000000.0,"Construction of Multipurpose Building (Senior Citizens Center), Brgy. Poblacion, Kitaotao, Bukidnon"
2027,165,BIP - Multi-Purpose Buildings/ Facilities to support Social Services,Sultan Kudarat 1st District Engineering Office,Region XII,2,10000000.0,0.024907320483165154,0.519481598922803,5000000.0,1,5000000.0,2,100.0,5000000.0,"Construction of Multi-Purpose Building (Maligaya Barangay Hall), Barangay Maligaya, Lambayong, Sultan Kudarat"
2027,166,BIP - Multi-Purpose Buildings/ Facilities to support Social Services,Lower Kalinga District Engineering Office,CAR,1,5000000.0,0.012453660241582577,0.3395440466723665,5000000.0,1,5000000.0,1,100.0,5000000.0,"Construction of Multi-Purpose Building, Bulanao, Tabuk City, Kalinga (Capitol Grounds)"
2027,167,BIP - Multi-Purpose Buildings/ Facilities to support Social Services,Zamboanga del Sur 2nd District Engineering Office,Region IX,1,5000000.0,0.012453660241582577,0.2473943193316395,5000000.0,1,5000000.0,1,100.0,5000000.0,"Construction of Multi-Purpose Building (Covered Court), Zamboanga del Sur Provincial Government - Pitogo Campus, Barangay Poblacion, Pitogo, Zamboanga del Sur"
2027,1,Construction/ Maintenance of Flood Mitigation Structures and Drainage Systems,Malabon Navotas District Engineering Office,NCR,42,2647393000.0,4.285971095894008,88.22899340230414,50900000.0,25,42000000.0,7,16.666666666666668,150000000.0,"Construction of Pumping Station at Tinajeros Bridge, M.H. Del Pilar St., Barangay Maysilo, Malabon City"
2027,2,Construction/ Maintenance of Flood Mitigation Structures and Drainage Systems,South Manila District Engineering Office,NCR,16,2614164000.0,4.232175330193388,55.31947851436523,130482000.0,11,150000000.0,4,25.0,575000000.0,Construction of Drainage along Taft Ave S02958LZ K0004 + (-330) - K0003 + 875
2027,3,Construction/ Maintenance of Flood Mitigation Structures and Drainage Systems,Cebu 6th District Engineering Office,Region VII,38,2282490000.0,3.6952149403836585,48.58862465596655,50000000.0,21,50000000.0,6,15.789473684210526,300000000.0,Lapu-lapu Urban Drainage System
2027,4,Construction/ Maintenance of Flood Mitigation Structures and Drainage Systems,Metro Manila 3rd District Engineering Office,NCR,36,2275000000.0,3.683089077881096,50.43148290062382,50000000.0,12,50000000.0,13,36.111111111111114,100000000.0,"Construction of Flood Control Wall Along Pasolo Creek (C0+000 to C0+350), Barangay Pasolo, Valenzuela City"
2027,5,Construction/ Maintenance of Flood Mitigation Structures and Drainage Systems,Cavite 3rd District Engineering Office,Region IV-A,11,2120000000.0,3.4321533385089773,59.651550532319746,150000000.0,6,300000000.0,2,18.181818181818183,450000000.0,"Construction of Revetment along Carmona River, Barangay Cabilang Baybay, Carmona City, Cavite"
2027,6,Construction/ Maintenance of Flood Mitigation Structures and Drainage Systems,Iloilo 1st District Engineering Office,Region VI,22,2037047000.0,3.2978573876177815,69.58934012926852,92330000.0,5,92330000.0,12,54.54545454545455,99294000.0,"Construction of Baguingin River Control Project, Barangay Baguingin, Tigbauan, Iloilo"
2027,7,Construction/ Maintenance of Flood Mitigation Structures and Drainage Systems,Metro Manila 2nd District Engineering Office,NCR,39,1988981000.0,3.2200414053683604,76.0573758769243,42000000.0,38,60000000.0,2,5.128205128205129,140120000.0,"Construction of Flood Mitigation Structure along Moonwalk Creek (North Side) (Sta. 0+000 - Sta. 0+452), Parañaque City"
2027,8,Construction/ Maintenance of Flood Mitigation Structures and Drainage Systems,Butuan City District Engineering Office,Region XIII,12,1782450000.0,2.8856800557666635,20.16695881763206,50000000.0,6,50000000.0,5,41.666666666666664,400000000.0,"Breakwater Construction at the Proposed Butuan Logistical Seaport, Section 1, Brgy. Lumbocan, Butuan City"
2027,9,Construction/ Maintenance of Flood Mitigation Structures and Drainage Systems,Rizal 1st District Engineering Office,Region IV-A,34,1607000000.0,2.6016369881999655,58.80321013566819,50000000.0,9,50000000.0,12,35.294117647058826,275000000.0,"Rehabilitation of Drainage System along Felix Avenue (Village East to Junction), Barangay San Isidro, Cainta, Rizal"
2027,10,Construction/ Maintenance of Flood Mitigation Structures and Drainage Systems,North Manila District Engineering Office,NCR,39,1509700000.0,2.4441141014844354,53.50889629262068,28000000.0,24,5000000.0,4,10.256410256410257,150000000.0,"Rehabilitation of Drainage System along J. P. Rizal Avenue (near Remigio St.) K0003+387.0 to K0004+266.1, Manila City"
2027,11,Construction/ Maintenance of Flood Mitigation Structures and Drainage Systems,Zamboanga City 1st District Engineering Office,Region IX,15,1365500000.0,2.2106629168556644,67.05618674963857,95000000.0,10,100000000.0,3,20.0,160000000.0,"Construction of Tumaga River Flood Control (Sta Maria Section), Downstream, Zamboanga City"
2027,12,Construction/ Maintenance of Flood Mitigation Structures and Drainage Systems,Albay 2nd District Engineering Office,Region V,10,1315000000.0,2.128906434027974,65.08489743313083,137500000.0,6,100000000.0,3,30.0,180000000.0,"Construction of Flood Control Dike (Sta. 0 + 000 - Sta. 1 + 333) along Cagsawa Ruins ""Tributary D"", Daraga, Albay"
2027,13,Construction/ Maintenance of Flood Mitigation Structures and Drainage Systems,Cavite 1st District Engineering Office,Region IV-A,21,1250000000.0,2.023675317517086,19.83878526959084,50000000.0,12,10000000.0,3,14.285714285714286,150000000.0,"Construction of Seawall, Barangay Capipisa, Tanza, Cavite"
2027,14,Construction/ Maintenance of Flood Mitigation Structures and Drainage Systems,Quezon City 1st District Engineering Office,NCR,20,1189301000.0,1.92540726303871,22.849852406946443,29520000.0,20,18600000.0,1,5.0,410000000.0,"Construction of Matalahib Creek Pumping Station, Quezon City"
2027,15,Construction/ Maintenance of Flood Mitigation Structures and Drainage Systems,Aklan District Engineering Office,Region VI,14,1094000000.0,1.7711206378909534,42.310853275320284,75000000.0,8,150000000.0,5,35.714285714285715,150000000.0,"Rehabilitation of Seawall, Barangay Tambak, New Washington, Aklan"
2027,16,Construction/ Maintenance of Flood Mitigation Structures and Drainage Systems,Cebu City District Engineering Office,Region VII,21,1066000000.0,1.7257903107785708,39.40267612922303,20000000.0,10,5000000.0,8,38.095238095238095,150000000.0,"Construction of Drainage Main Structure along Leon Kilat St. - Escaño St. to Outfall (C-CO-CEB01) Sta. 0+000 - Sta. 0+548, Barangay Kalubihan - Barangay Ermita, Cebu City"
2027,17,Construction/ Maintenance of Flood Mitigation Structures and Drainage Systems,Bataan 1st District Engineering Office,Region III,18,1045000000.0,1.6917925654442836,47.6534440899697,8000000.0,7,5000000.0,7,38.888888888888886,388000000.0,"Construction of Concrete Revetment along Almacen Cut-Off Channel, Hermosa, Bataan, Sta. 0+000 -Sta.1 + 058 ( Right Side Downstream)"
2027,18,Construction/ Maintenance of Flood Mitigation Structures and Drainage Systems,Batangas 3rd District Engineering Office,Region IV-A,21,998000000.0,1.6157023735056413,40.55585085199797,5000000.0,7,5000000.0,12,57.142857142857146,300000000.0,"Construction of Flood Mitigation Structure along Bugaan River (Upstream), Laurel, Batangas"
2027,19,Construction/ Maintenance of Flood Mitigation Structures and Drainage Systems,Aurora District Engineering Office,Region III,12,940000000.0,1.5218038387728485,52.53744690364409,75000000.0,5,75000000.0,6,50.0,150000000.0,"Construction of Drainage System, Barangay Suklayin - Barangay Pingit, Baler, Aurora, Sta. 0+000 - 1+500"
2027,20,Construction/ Maintenance of Flood Mitigation Structures and Drainage Systems,Quezon City 2nd District Engineering Office,NCR,5,900000000.0,1.4570462286123018,35.283421927392205,140000000.0,5,270000000.0,1,20.0,330000000.0,"Construction of Flood Mitigation Structure, G. Araneta Avenue to San Juan River, Quezon City"
2027,21,Construction/ Maintenance of Flood Mitigation Structures and Drainage Systems,Bacolod City District Engineering Office,NIR,4,899100000.0,1.4555891823836895,39.38977609468617,289550000.0,4,5000000.0,1,25.0,315000000.0,"Construction of Drainage Structure (including Pumping Station) along Lacson Street, Bacolod City (Sta. 0+000 - Sta. 0+180)"
2027,22,Construction/ Maintenance of Flood Mitigation Structures and Drainage Systems,Zamboanga City 2nd District Engineering Office,Region IX,10,895844000.0,1.4503179129166208,88.43413717772927,66875000.0,9,200000000.0,2,20.0,200000000.0,"Construction of Tumaga River Flood Control (Tugbungan Section), Zamboanga City"
2027,23,Construction/ Maintenance of Flood Mitigation Structures and Drainage Systems,Bataan 2nd District Engineering Office,Region III,8,809764000.0,1.3109595358511243,57.55399569569655,100000000.0,7,100000000.0,2,25.0,150000000.0,"Construction of Slope Protection with Road along Talisay River, Pilar, Bataan, Sta. 7+945 - Sta. 8+445"
2027,24,Construction/ Maintenance of Flood Mitigation Structures and Drainage Systems,Batangas 2nd District Engineering Office,Region IV-A,19,790000000.0,1.2789628006707983,17.72563897001921,10000000.0,4,10000000.0,7,36.8421052631579,100000000.0,"Rehabilitation of Damaged Flood Control Structure, Barangay Banalo, Lobo, Batangas"
2027,25,Construction/ Maintenance of Flood Mitigation Structures and Drainage Systems,Surigao del Norte 2nd District Engineering Office,Region XIII,6,769000000.0,1.2449650553365113,27.654479396334,150000000.0,4,152000000.0,2,33.333333333333336,152000000.0,"Construction of Drainage Structure along Ricardo Murcia St. and Carlos Villalba St., Surigao City, Surigao del Norte"
2027,26,Construction/ Maintenance of Flood Mitigation Structures and Drainage Systems,Cagayan de Oro City 1st District Engineering Office,Region X,12,763000000.0,1.235251413812429,26.056963322177445,40000000.0,10,30000000.0,3,25.0,164000000.0,"Construction of Drainage System from BCIR to Iponan River (Iponan Bridge II), Bulua Section, Sta. 0+287- Sta. 0+330 (Alignment 1), Sta. 0+650- Sta. 1+345 (Alignment 2), Cagayan de Oro City"
2027,27,Construction/ Maintenance of Flood Mitigation Structures and Drainage Systems,Pampanga 1st District Engineering Office,Region III,10,749010000.0,1.212602439658778,17.448219198888175,75000000.0,7,150000000.0,3,30.0,150000000.0,"Construction of Slope Protection Structure at Cansinala Creek Tributaries, Pampanga River, Apalit, Pampanga"
2027,28,Construction/ Maintenance of Flood Mitigation Structures and Drainage Systems,Iloilo City District Engineering Office,Region VI,8,716100000.0,1.1593231158991881,53.829963166203115,57500000.0,7,5000000.0,2,25.0,200000000.0,"Construction of Revetment Wall along Buntatala Creek, Sta. 2 + 140 - Sta. 2 + 670, Iloilo City, Iloilo"
2027,29,Construction/ Maintenance of Flood Mitigation Structures and Drainage Systems,Cagayan 3rd District Engineering Office,Region II,6,670000000.0,1.084689970189158,27.783122458051633,115000000.0,4,20000000.0,2,33.333333333333336,200000000.0,"Construction of Tuguegarao Circumferential Dike Road (Sta. 0+000 - Sta. 0+280), Cataggaman Section, Tuguegarao City Cagayan"
2027,30,Construction/ Maintenance of Flood Mitigation Structures and Drainage Systems,Laguna 2nd District Engineering Office,Region IV-A,13,636500000.0,1.0304554716797,14.175687660047188,30000000.0,10,15000000.0,2,15.384615384615385,185000000.0,"Construction of Drainage along Barangay Fatima, Nueva and Landayan, San Pedro City Laguna"
2027,31,Construction/ Maintenance of Flood Mitigation Structures and Drainage Systems,Isabela 4th District Engineering Office,Region II,10,617000000.0,0.9988861367264336,10.540064716339014,50000000.0,8,50000000.0,2,20.0,160000000.0,"Construction of Carabatan Chica - Carabatan Grande Flood Control Structure, Barangay Carabatan Chica & Barangay Carabatan Grande, Cauayan City, Isabela"
2027,32,Construction/ Maintenance of Flood Mitigation Structures and Drainage Systems,Zamboanga Sibugay 1st District Engineering Office,Region IX,5,600000000.0,0.9713641524082012,35.224104559231975,120000000.0,1,120000000.0,5,100.0,120000000.0,"Construction of Flood Control along Imelda - Bayog - Kumalarang - Lapuyan - Margosatubig Road, part of Sibuguey River, Barangay Pilar, Diplahan, Zamboanga Sibugay"
2027,33,Construction/ Maintenance of Flood Mitigation Structures and Drainage Systems,Tacloban City District Engineering Office,Region VIII,6,593000000.0,0.9600315706301055,67.4476797088262,105000000.0,4,150000000.0,3,50.0,150000000.0,"Construction of Flood Control Structure along San Roque River, Sta. 0+000 - Sta. 057 (Right Side), Sta. 0+000 - Sta. 0+213 (Left Side), Sta. 0+433 - Sta. 0+523 (Right Side), Sta. 0+367 - Sta. 0+909 (Left Side), Sta. 0+964 - Sta. 1+234, Tacloban City"
2027,34,Construction/ Maintenance of Flood Mitigation Structures and Drainage Systems,Nueva Ecija 1st District Engineering Office,Region III,21,585870000.0,0.948488526618988,11.292629981762017,27000000.0,10,50000000.0,9,42.857142857142854,50000000.0,"Rehabilitation/ Improvement of Waterways, Barangay San Cristobal, Licab, Nueva Ecija"
2027,35,Construction/ Maintenance of Flood Mitigation Structures and Drainage Systems,Eastern Samar District Engineering Office,Region VIII,6,574500000.0,0.9300811759308526,19.187229621208353,100000000.0,5,100000000.0,2,33.333333333333336,150000000.0,"Construction of Flood Control Structure, Barangay Jicontol, Dolores, Eastern Samar (Sta. 5+155 - Sta. 5+450)"
2027,36,Construction/ Maintenance of Flood Mitigation Structures and Drainage Systems,Bulacan 2nd District Engineering Office,Region III,22,565000000.0,0.9147012435177228,10.873769964915253,20000000.0,8,20000000.0,7,31.818181818181817,150000000.0,"Rehabilitation of Riverwall along Marilao River, Ibayo - Saog Section, Sta. 07+660 - Sta. 07+893, Marilao, Bulacan"
2027,37,Construction/ Maintenance of Flood Mitigation Structures and Drainage Systems,Catanduanes District Engineering Office,Region V,8,551000000.0,0.8920360799615313,32.991345011032045,60000000.0,5,150000000.0,2,25.0,150000000.0,"Construction of Bagamanoc Flood Mitigation Structure and Drainage System, Bagamanoc, Catanduanes"
2027,38,Construction/ Maintenance of Flood Mitigation Structures and Drainage Systems,Negros Occidental 4th District Engineering Office,NIR,5,532920000.0,0.8627656401689643,39.97539606337014,100000000.0,4,30000000.0,2,40.0,268920000.0,"Construction of Flood Mitigation Structure, Najalin Bridge Upstream and Downstream, La Carlota, Negros Occidental"
2027,39,Construction/ Maintenance of Flood Mitigation Structures and Drainage Systems,Pangasinan 4th District Engineering Office,Region I,34,516500000.0,0.8361826411980599,20.90817163402725,15000000.0,6,15000000.0,12,35.294117647058826,44000000.0,"Rehabilitation of Slope Protection Structure along Angalacan River Bank, Barangay Poblacion, Mapandan, Pangasinan"
2027,40,Construction/ Maintenance of Flood Mitigation Structures and Drainage Systems,Surigao del Sur 1st District Engineering Office,Region XIII,9,514360000.0,0.8327181090544705,14.860741939211835,50000000.0,8,50000000.0,2,22.22222222222222,100080000.0,"Construction of Seawall (Sta. 0 + 000 - Sta. 0 + 556), Barangay Antipolo, Marihatag, Surigao del Sur"
2027,41,Construction/ Maintenance of Flood Mitigation Structures and Drainage Systems,Sorsogon District Engineering Office,Region V,9,508000000.0,0.8224216490389437,42.220990314937005,32000000.0,8,24000000.0,2,22.22222222222222,126000000.0,"Construction of Flood Mitigation Structure, Barangay Incarizan, Magallanes, Sorsogon, Sta. 0 + 000 - Sta. 0 + 750"
2027,42,Construction/ Maintenance of Flood Mitigation Structures and Drainage Systems,Bataan 3rd District Engineering Office,Region III,10,494225000.0,0.8001207470399053,26.691362038507712,39360000.0,6,5000000.0,3,30.0,148985000.0,"Construction of Slope Protection along Dila-Dila River Tributary to Colo River, Dinalupihan Bataan, Sta. 0 + 500 - Sta. 6 + 000"
2027,43,Construction/ Maintenance of Flood Mitigation Structures and Drainage Systems,Iligan City District Engineering Office,Region X,5,492300000.0,0.7970042870509291,24.196402241226778,108000000.0,4,108000000.0,2,40.0,121500000.0,"Construction of Flood Mitigation Structure and Drainage System along Iligan River (Puga-an Section, R/S), Barangay Puga-an, Sta. 0+000 - Sta. 0+675, Iligan City"
2027,44,Construction/ Maintenance of Flood Mitigation Structures and Drainage Systems,Tarlac District Engineering Office,Region III,9,482575000.0,0.7812600930806461,14.534165793246352,60000000.0,7,15000000.0,2,22.22222222222222,100000000.0,"Construction of Concrete Slope Protection Structure Along Camiling River Left Bank Sta. 0+000.00 - Sta. 0+496.00, Barangay Anoling 1st - Barangay Pao 3rd Section, Camiling, Tarlac"
2027,45,Construction/ Maintenance of Flood Mitigation Structures and Drainage Systems,Camiguin District Engineering Office,Region X,12,447000000.0,0.7236662935441098,26.015537153911875,30000000.0,7,10000000.0,3,25.0,100000000.0,"Construction of River Control Structure (Sta. 44.75+450-Sta. 44.75+970) along Timayog Bridge I, Catarman, Camiguin"
2027,46,Construction/ Maintenance of Flood Mitigation Structures and Drainage Systems,Albay 3rd District Engineering Office,Region V,5,444400000.0,0.7194570488836743,15.732003688737139,95000000.0,4,75000000.0,2,40.0,100000000.0,"Construction of Urban Drainage System, Guinobatan, Albay, Sta. 0 + 000 - Sta. 2 + 643"
2027,47,Construction/ Maintenance of Flood Mitigation Structures and Drainage Systems,Cagayan de Oro City 2nd District Engineering Office,Region X,10,444000000.0,0.7188094727820689,14.667571387136011,12500000.0,7,180000000.0,2,20.0,180000000.0,"Construction of Drainage System, Bitan-ag Catchment, Barangay Lapasan: Sta. 0+000 - Sta. 0+310, Barangay Puntod: Sta. 0+000 - Sta. 0+170, Barangay 22: Sta. 0+170 - Sta. 0+370, Cagayan de Oro City"
2027,48,Construction/ Maintenance of Flood Mitigation Structures and Drainage Systems,Nueva Vizcaya 2nd District Engineering Office,Region II,4,427520000.0,0.6921293373959236,51.977357169257104,98920000.0,4,148800000.0,1,25.0,148800000.0,"Construction of Flood Control Structures along Apean River (Sta. 13+180.00- Sta. 15+040.00) (RS), Bitnong, Dupax del Norte, Nueva Vizcaya"
2027,49,Construction/ Maintenance of Flood Mitigation Structures and Drainage Systems,Pampanga 3rd District Engineering Office,Region III,45,426403000.0,0.6903209811321903,17.387930398202826,5571000.0,37,11800000.0,8,17.77777777777778,60000000.0,"Construction of Drainage, Cluster I and II, Barangays Agapito Del Rosario, Amsic, Anunas, Balibago, Capaya, Claro M. Recto, Cuayan, Cutcut, Cutud, Lourdes North West, Lourdes Sur (Talimundoc), Lourdes Sur East, Malabañas, Margot, Marisol ( Ninoy Aquino), Mining, Angeles City, Pampanga"
2027,50,Construction/ Maintenance of Flood Mitigation Structures and Drainage Systems,Cebu 1st District Engineering Office,Region VII,4,420000000.0,0.6799549066857408,18.533227429176595,120000000.0,2,120000000.0,3,75.0,120000000.0,"Construction of Flood Mitigation Structure and Drainage System, Barangay Lagtang, Talisay City, Cebu"
2027,51,Construction/ Maintenance of Flood Mitigation Structures and Drainage Systems,Isabela 1st District Engineering Office,Region II,12,404490000.0,0.6548451433459888,17.594003015195156,30000000.0,8,30000000.0,4,33.333333333333336,100000000.0,"Construction of Slope Protection along Aga-Concepcion-San Antonio-San Juan-San Isidro-Angadanan-Calinaoan Creek, Delfin Albano, Isabela"
2027,52,Construction/ Maintenance of Flood Mitigation Structures and Drainage Systems,Mindoro Occidental District Engineering Office,MIMAROPA,13,400000000.0,0.6475761016054674,13.535462912831619,20000000.0,8,15000000.0,4,30.76923076923077,100000000.0,"Construction of Seawall at Sitio Tadlok, Barangay Alibog, Magsaysay, Occidental Mindoro"
2027,53,Construction/ Maintenance of Flood Mitigation Structures and Drainage Systems,Davao del Norte 2nd District Engineering Office,Region XI,3,372900000.0,0.603702820721697,17.63389036061282,150000000.0,2,150000000.0,2,66.66666666666667,150000000.0,"Construction of Earthdike with Concrete Slope Protection along Libuganon River, Barangay Esperanza, Sto. Tomas, Davao del Norte - 0+000 - 1+247"
2027,54,Construction/ Maintenance of Flood Mitigation Structures and Drainage Systems,Misamis Oriental 1st District Engineering Office,Region X,4,352160000.0,0.5701259998534536,9.05100881892508,91500000.0,3,165000000.0,2,50.0,165000000.0,"Construction of Drainage System,Gingoog City, Barangay 20, Sta. 0+000 - Sta. 0+917,Misamis Oriental"
2027,55,Construction/ Maintenance of Flood Mitigation Structures and Drainage Systems,Zamboanga del Norte 2nd District Engineering Office,Region IX,7,339500000.0,0.5496302162376405,17.890982523224025,30000000.0,5,30000000.0,3,42.857142857142854,200000000.0,"Construction of Flood Control Structure at Ponot Diut River Jose Dalman, Zamboanga del Norte"
2027,56,Construction/ Maintenance of Flood Mitigation Structures and Drainage Systems,Negros Occidental 5th District Engineering Office,NIR,5,335500000.0,0.5431544552215858,24.65528530684623,50000000.0,5,14500000.0,1,20.0,150000000.0,"Construction of Flood Control Structure of Andoon River (Urban Area), San Carlos City, Negros Occidental"
2027,57,Construction/ Maintenance of Flood Mitigation Structures and Drainage Systems,Negros Oriental 3rd District Engineering Office,NIR,3,320000000.0,0.518060881284374,16.077089644847042,150000000.0,2,150000000.0,2,66.66666666666667,150000000.0,"Construction of Drainage Canal within Barangay Poblacion 1, 2 and 3, Dauin, Negros Oriental"
2027,58,Construction/ Maintenance of Flood Mitigation Structures and Drainage Systems,Nueva Ecija 2nd District Engineering Office,Region III,3,320000000.0,0.518060881284374,13.777372302056833,120000000.0,3,120000000.0,1,33.333333333333336,150000000.0,"Construction of Water Impounding System at Macabaklay Swip, Gapan City, Nueva Ecija"
2027,59,Construction/ Maintenance of Flood Mitigation Structures and Drainage Systems,Nueva Vizcaya District Engineering Office,Region II,2,310000000.0,0.5018714787442372,20.501940409456818,155000000.0,2,77000000.0,1,50.0,233000000.0,"Construction (Completion) of Flood Control and Drainage Structure (FCDS) along Sta. Cruz River, Barat Section (Sta. 0+000 - Sta. 0+700), Bambang, Nueva Vizcaya"
2027,60,Construction/ Maintenance of Flood Mitigation Structures and Drainage Systems,Bohol 2nd District Engineering Office,Region VII,5,305000000.0,0.4937767774741689,53.58397751229796,75000000.0,2,75000000.0,4,80.0,75000000.0,"Construction of Drainage (Flood Mitigation Structure) and Sewerage System in Metro Ubay, Barangay Poblacion-Barangay Fatima, Ubay, Bohol"
2027,61,Construction/ Maintenance of Flood Mitigation Structures and Drainage Systems,Lower Kalinga District Engineering Office,CAR,1,300000000.0,0.4856820762041006,20.37264280034199,300000000.0,1,300000000.0,1,100.0,300000000.0,"Construction of Drainage Canal along Bulana-Bulanao Norte-Laya West-Laya East Road, Sta.0+000 - Sta.12+819, Tabuk City, Kalinga"
2027,62,Construction/ Maintenance of Flood Mitigation Structures and Drainage Systems,Leyte 4th District Engineering Office,Region VIII,3,300000000.0,0.4856820762041006,12.854742693042885,100000000.0,1,100000000.0,3,100.0,100000000.0,"Construction of Ormoc Bay Seawall, Sta 0 + 000 - Sta. 0 + 600, Barangay South, Ormoc City, Leyte"
2027,63,Construction/ Maintenance of Flood Mitigation Structures and Drainage Systems,Camarines Sur 3rd District Engineering Office,Region V,1,300000000.0,0.4856820762041006,11.367485807693969,300000000.0,1,300000000.0,1,100.0,300000000.0,"Construction of Retarding Basin in Barangay Balatas, Naga City, Camarines Sur"
2027,64,Construction/ Maintenance of Flood Mitigation Structures and Drainage Systems,Surigao del Sur 2nd District Engineering Office,Region XIII,6,292000000.0,0.4727305541719912,14.218198710039314,48500000.0,6,70000000.0,1,16.666666666666668,80000000.0,"Upgrading of Drainage Structure at Poblacion, Sta. 0+000 - Sta. 1+260, Sta. 0+150 - Sta. 0+720, Sta. 0+000 - Sta. 0+600, Sta. 0+000 - Sta. 0+720, Sta. 0+000 - Sta. 0+515, Bislig City, Surigao del Sur"
2027,65,Construction/ Maintenance of Flood Mitigation Structures and Drainage Systems,Leyte 2nd District Engineering Office,Region VIII,3,280000000.0,0.4533032711238272,13.872037391085929,98000000.0,3,82000000.0,1,33.333333333333336,100000000.0,"Construction of Flood Control Structure and Drainage System along Hibuga River Basin Upstream (Leftside) Sta. 0+000 - Sta. 0+630, Barangay Canbañez, La Paz, Leyte"
2027,66,Construction/ Maintenance of Flood Mitigation Structures and Drainage Systems,Batanes District Engineering Office,Region II,8,275000000.0,0.44520856985375884,30.198176908607138,22500000.0,6,25000000.0,2,25.0,140000000.0,"Construction of Busbusan Seawall, Barangay Hanib, Mahatao, Batanes"
2027,67,Construction/ Maintenance of Flood Mitigation Structures and Drainage Systems,Apayao 1st District Engineering Office,CAR,4,270900000.0,0.4385709148123028,22.148674922205743,65500000.0,4,99900000.0,1,25.0,99900000.0,"Construction of Flood Control Structure along Chico River Basin, Barren River, Sta. 36+077 - Sta. 37+076 Left Side, Barangay Malama, Conner, Apayao"
2027,68,Construction/ Maintenance of Flood Mitigation Structures and Drainage Systems,Sultan Kudarat 2nd District Engineering Office,Region XII,5,270340000.0,0.43766430827005515,8.861572753794212,26340000.0,5,20000000.0,1,20.0,128000000.0,"Construction of Protection Dike, Tuka CIS, Upstream, Tuka Sarip, Bagumbayan, Sultan Kudarat"
2027,69,Construction/ Maintenance of Flood Mitigation Structures and Drainage Systems,Dinagat Islands District Engineering Office,Region XIII,2,268754000.0,0.43509666902718946,23.033326048482824,134377000.0,2,118754000.0,1,50.0,150000000.0,"Construction of Shore Protection, Sta. 0 + 417 - Sta. 0 + 792, Barangay Poblacion and Barangay San Juan, San Jose, Dinagat Islands"
2027,70,Construction/ Maintenance of Flood Mitigation Structures and Drainage Systems,Misamis Occidental 1st District Engineering Office,Region X,5,262260000.0,0.4245832710176247,17.811010146285806,60400000.0,5,73600000.0,1,20.0,73600000.0,"Construction of Flood Control along Layawan River Sta.1+140 - Sta.1+460, Barangay Layawan, Oroquieta City, Misamis Occidental"
2027,71,Construction/ Maintenance of Flood Mitigation Structures and Drainage Systems,Bukidnon 1st District Engineering Office,Region X,2,250000000.0,0.40473506350341715,3.62360853432282,125000000.0,2,150000000.0,1,50.0,150000000.0,"Construction of Flood Control Structure along Kulasihan River, Right Bank, Barangay Kulasihan, Sta. 0+000 - Sta. 0+860, Lantapan, Bukidnon"
2027,72,Construction/ Maintenance of Flood Mitigation Structures and Drainage Systems,Ilocos Norte 2nd District Engineering Office,Region I,3,235000000.0,0.38045095969321213,8.677529702999545,100000000.0,2,100000000.0,2,66.66666666666667,100000000.0,"Construction of Quiaoit River Diversion Canal, Batac Section, Batac City, Ilocos Norte"
2027,73,Construction/ Maintenance of Flood Mitigation Structures and Drainage Systems,Davao City 3rd District Engineering Office,Region XI,1,217000000.0,0.3513100351209661,42.98732171156894,217000000.0,1,217000000.0,1,100.0,217000000.0,"Construction of Pumping Station Protecting Davao City Coastal Bypass Road (Bago Aplaya-Times Beach-Roxas Avenue-Sta. Ana Wharf-R. Castillo), Barangay Centro, Davao City"
2027,74,Construction/ Maintenance of Flood Mitigation Structures and Drainage Systems,Negros Occidental 2nd District Engineering Office,NIR,1,216000000.0,0.34969109486695243,14.959546891946362,216000000.0,1,216000000.0,1,100.0,216000000.0,"Construction of Flood Control Structure along Buhangin River, Barangay Robles, La Castellana, Negros Occidental"
2027,75,Construction/ Maintenance of Flood Mitigation Structures and Drainage Systems,Batangas 1st District Engineering Office,Region IV-A,2,200000000.0,0.3237880508027337,34.59010722933241,100000000.0,1,100000000.0,2,100.0,100000000.0,"Construction of Sabo Dam along Barangay Cahilan, Lemery Batangas"
2027,76,Construction/ Maintenance of Flood Mitigation Structures and Drainage Systems,Metro Manila 1st District Engineering Office,NCR,4,196775000.0,0.31856696848353966,6.547300775228361,28387500.0,4,120000000.0,1,25.0,120000000.0,"Construction of Marikina River Esplanade in Barangay Sta. Elena, Barangay Sto. Niño, Barangay Malanday (East Side), Marikina City"
2027,77,Construction/ Maintenance of Flood Mitigation Structures and Drainage Systems,Bulacan 3rd District Engineering Office,Region III,5,196500000.0,0.31812175991368585,13.535220503551532,4400000.0,5,173900000.0,1,20.0,173900000.0,"Construction of Concrete Slope Protection Structure with Steel Sheet Pile Foundation along Angat River, Sta. 00 + 000 - Sta. 01 + 348.80, Barangay Pulo, San Rafael, Bulacan (14.961361, 121.005369)"
2027,78,Construction/ Maintenance of Flood Mitigation Structures and Drainage Systems,Pangasinan 2nd District Engineering Office,Region I,14,191000000.0,0.3092175885166107,5.120897417164122,5000000.0,6,5000000.0,9,64.28571428571429,120000000.0,"Construction of Flood Mitigation Facilities in Lingayen-Binmaley, Pangasinan (Aplaya Floodgate)"
2027,79,Construction/ Maintenance of Flood Mitigation Structures and Drainage Systems,Zamboanga del Sur 1st District Engineering Office,Region IX,1,180000000.0,0.29140924572246035,6.453463358669152,180000000.0,1,180000000.0,1,100.0,180000000.0,"Construction of Dipolo River Flood Control Structure, Mapangi River Basin, Barangay Miligan, Molave, Zamboanga del Sur"
2027,80,Construction/ Maintenance of Flood Mitigation Structures and Drainage Systems,South Cotabato 2nd District Engineering Office,Region XII,2,180000000.0,0.29140924572246035,6.852725785893435,90000000.0,2,100000000.0,1,50.0,100000000.0,"Construction of Protection Works U/S L/S and R/S Buenavista CIS along Ala River, Barangay Tubiala, Surallah, South Cotabato"
2027,81,Construction/ Maintenance of Flood Mitigation Structures and Drainage Systems,Leyte 1st District Engineering Office,Region VIII,1,180000000.0,0.29140924572246035,19.37246140037066,180000000.0,1,180000000.0,1,100.0,180000000.0,"Construction of Flood Mitigation Structure along Bangon River, Brgy. Salvacion, Palo, Leyte"
2027,82,Construction/ Maintenance of Flood Mitigation Structures and Drainage Systems,Quezon 3rd District Engineering Office,Region IV-A,3,180000000.0,0.29140924572246035,5.8418797870959365,50000000.0,3,100000000.0,1,33.333333333333336,100000000.0,"Construction of Drainage System at Poblacion Wide, Catanauan, Quezon"
2027,83,Construction/ Maintenance of Flood Mitigation Structures and Drainage Systems,Laguna 1st District Engineering Office,Region IV-A,4,166000000.0,0.268744082166269,11.436303235647095,20000000.0,3,20000000.0,2,50.0,124000000.0,"Construction of Box Culvert along Barangay Gatid, Santa Cruz, Laguna"
2027,84,Construction/ Maintenance of Flood Mitigation Structures and Drainage Systems,Isabela City District Engineering Office,Region IX,1,155000000.0,0.2509357393721186,74.09177820267686,155000000.0,1,155000000.0,1,100.0,155000000.0,"Construction of Flood Control Structure at Aguada River, Aguada Br. Section (B00001BL) with Esplanade along Basilan Circumferential Road (S00002BL), Isabela City"
2027,85,Construction/ Maintenance of Flood Mitigation Structures and Drainage Systems,Rizal 2nd District Engineering Office,Region IV-A,1,150000000.0,0.2428410381020503,9.97207818109294,150000000.0,1,150000000.0,1,100.0,150000000.0,"Construction of Flood Control Structure along Pakiing River (Left Side), Barangay San Isidro, Montalban, Rizal"
2027,86,Construction/ Maintenance of Flood Mitigation Structures and Drainage Systems,Cebu 4th District Engineering Office,Region VII,1,138000000.0,0.22341375505388628,24.244553759662683,138000000.0,1,138000000.0,1,100.0,138000000.0,"Construction of Drainage System at the Municipality of Madridejos, Cebu"
2027,87,Construction/ Maintenance of Flood Mitigation Structures and Drainage Systems,Northern Samar 1st District Engineering Office,Region VIII,3,132300000.0,0.21418579560600837,7.459370954573953,60000000.0,3,2300000.0,1,33.333333333333336,70000000.0,"Construction of Drainage Canal with Site Development and Facilities, Barangay Macagtas, Catarman, Northern Samar"
2027,88,Construction/ Maintenance of Flood Mitigation Structures and Drainage Systems,Laguna 3rd District Engineering Office,Region IV-A,3,114000000.0,0.1845591889575582,6.647478389864111,10000000.0,3,100000000.0,1,33.333333333333336,100000000.0,"Construction of Slope Protection Structure, Barangay Paliparan, Calauan, Laguna"
2027,89,Construction/ Maintenance of Flood Mitigation Structures and Drainage Systems,Negros Oriental 2nd District Engineering Office,NIR,2,105000000.0,0.1699887266714352,4.767472218123205,52500000.0,2,5000000.0,1,50.0,100000000.0,"Construction of Riverbank Protection, Banica River, Dumaguete City, Negros Oriental"
2027,90,Construction/ Maintenance of Flood Mitigation Structures and Drainage Systems,Tarlac 2nd District Engineering Office,Region III,1,100000000.0,0.16189402540136685,4.455930843953301,100000000.0,1,100000000.0,1,100.0,100000000.0,"Construction of Concrete Slope Protection along Bangut Creek, O'Donnell Section, Capas, Tarlac"
2027,91,Construction/ Maintenance of Flood Mitigation Structures and Drainage Systems,Davao de Oro 2nd District Engineering Office,Region XI,1,100000000.0,0.16189402540136685,6.188195398457902,100000000.0,1,100000000.0,1,100.0,100000000.0,"Construction of Revetment along Agusan River at Barangay Poblacion (Kalaw Bridge Downstream Right Side), (Sta. 22+331.274 to Sta. 22+633.114), Monkayo, Davao De Oro"
2027,92,Construction/ Maintenance of Flood Mitigation Structures and Drainage Systems,Bukidnon 4th District Engineering Office,Region X,1,100000000.0,0.16189402540136685,9.898216638308275,100000000.0,1,100000000.0,1,100.0,100000000.0,"Construction of Flood Control Structure along Sagayaran River, Barangay Nabaliwa, Sta. 0+072.00 - Sta. 0+462.00 (Right Side), Pangantucan, Bukidnon"
2027,93,Construction/ Maintenance of Flood Mitigation Structures and Drainage Systems,Leyte 5th District Engineering Office,Region VIII,1,90000000.0,0.14570462286123018,3.9650965765356156,90000000.0,1,90000000.0,1,100.0,90000000.0,"Construction of Drainage Structure, Barangay Hipusngo, Baybay City, Leyte (Sta. 0+596.40 - 1+320.20)"
2027,94,Construction/ Maintenance of Flood Mitigation Structures and Drainage Systems,Las Piñas Muntinlupa District Engineering Office,NCR,3,90000000.0,0.14570462286123018,3.8806585391304047,30000000.0,1,30000000.0,3,100.0,30000000.0,"Construction of Slope Protection Works, Cupang Senior High School"
2027,95,Construction/ Maintenance of Flood Mitigation Structures and Drainage Systems,Batangas 4th District Engineering Office,Region IV-A,9,88000000.0,0.14246674235320284,1.7611211297111742,8000000.0,4,5000000.0,4,44.44444444444444,30000000.0,"Construction of Drainage System At Poblacion, Lipa City, Batangas"
2027,96,Construction/ Maintenance of Flood Mitigation Structures and Drainage Systems,Samar 1st District Engineering Office,Region VIII,7,85000000.0,0.13760992159116184,3.6158211317094753,10000000.0,3,10000000.0,3,42.857142857142854,40000000.0,"Construction of Drainage System, Sta. 0+000 - Sta. 0+214, Barangay Adela Heights, Gandara, Samar"
2027,97,Construction/ Maintenance of Flood Mitigation Structures and Drainage Systems,Biliran District Engineering Office,Region VIII,10,81000000.0,0.13113416057510716,4.566727499987315,6500000.0,7,5000000.0,4,40.0,18000000.0,"Construction of Drainage Structure along Caraycaray - Lupa Rd (Sta. 0 + 000 - 0 + 211, Sta. 0 + 598 - Sta. 1 + 614)"
2027,98,Construction/ Maintenance of Flood Mitigation Structures and Drainage Systems,Zamboanga del Sur 2nd District Engineering Office,Region IX,2,80000000.0,0.1295152203210935,3.958309109306232,40000000.0,2,60000000.0,1,50.0,60000000.0,"Construction of Poblacion Margosatubig Flood Control Project, Poblacion, Margosatubig, Zamboanga del Sur"
2027,99,Construction/ Maintenance of Flood Mitigation Structures and Drainage Systems,Siquijor District Engineering Office,NIR,3,70000000.0,0.1133258177809568,6.060952400743246,10000000.0,2,10000000.0,2,66.66666666666667,50000000.0,"Construction of Slope Protection Works along Larena Wharf, Larena, Siquijor"
2027,100,Construction/ Maintenance of Flood Mitigation Structures and Drainage Systems,Camarines Sur 4th District Engineering Office,Region V,2,70000000.0,0.1133258177809568,3.510529834237796,35000000.0,2,30000000.0,1,50.0,40000000.0,"Construction of Flood Mitigation Structure, Barangay Bagong Sirang, Presentacion, Camarines Sur"
2027,101,Construction/ Maintenance of Flood Mitigation Structures and Drainage Systems,Davao Oriental 1st District Engineering Office,Region XI,1,70000000.0,0.1133258177809568,4.927561328780267,70000000.0,1,70000000.0,1,100.0,70000000.0,"Construction of Flood Mitigation Structure along Baganga-Mahan-Ub River Protecting Baganga Diversion Road (Saoquigue Section), Sta. 0+000 - Sta. 0+400, Baganga, Davao Oriental"
2027,102,Construction/ Maintenance of Flood Mitigation Structures and Drainage Systems,Zambales 2nd District Engineering Office,Region III,7,70000000.0,0.1133258177809568,3.2810305810798903,10000000.0,4,5000000.0,3,42.857142857142854,20000000.0,"Construction of Drainage at Purok 1 to Purok 2, Sta. 0+000 - Sta. 1+100, Barangay San Isidro, Subic, Zambales"
2027,103,Construction/ Maintenance of Flood Mitigation Structures and Drainage Systems,Cotabato 1st District Engineering Office,Region XII,8,68000000.0,0.11008793727292947,2.9322933466263965,6500000.0,4,5000000.0,4,50.0,20000000.0,"Construction of Libungan Bridge and Slope Protection and Groundsill, Poblacion, Libungan, Cotabato"
2027,104,Construction/ Maintenance of Flood Mitigation Structures and Drainage Systems,Zamboanga del Norte 3rd District Engineering Office,Region IX,2,65234000.0,0.10560994853032765,6.518374333388957,32617000.0,2,26634000.0,1,50.0,38600000.0,"Construction of Flood Control Structure at Talinga River (Downstream), Leon T. Postigo, Zamboanga del Norte"
2027,105,Construction/ Maintenance of Flood Mitigation Structures and Drainage Systems,Negros Occidental 1st District Engineering Office,NIR,7,65000000.0,0.10523111651088846,2.196261287515944,5000000.0,2,5000000.0,5,71.42857142857143,20000000.0,"Construction of Drainage System, Barangay Poblacion I, EB Magalona, Negros Occidental"
2027,106,Construction/ Maintenance of Flood Mitigation Structures and Drainage Systems,Pangasinan 3rd District Engineering Office,Region I,3,65000000.0,0.10523111651088846,1.401762338743417,15000000.0,3,10000000.0,1,33.333333333333336,40000000.0,"Construction of Drainage along Pangasinan Nueva-Ecija Road (KM 171+138 - KM 174+622), Barangay Carmen East - Tomana East, Rosales, Pangasinan"
2027,107,Construction/ Maintenance of Flood Mitigation Structures and Drainage Systems,Capiz 1st District Engineering Office,Region VI,7,64000000.0,0.10361217625687479,3.9547404670672077,8000000.0,6,9000000.0,2,28.571428571428573,23000000.0,"Construction of Drainage System, Barangay Tiza, Roxas City, Capiz"
2027,108,Construction/ Maintenance of Flood Mitigation Structures and Drainage Systems,Cebu 7th District Engineering Office,Region VII,3,51350000.0,0.08313258204360188,3.360894632844351,11350000.0,3,11350000.0,1,33.333333333333336,30000000.0,"Construction of Drainage System at Purok Manga to Purok Caimito, Sta. Cruz, Ronda, Cebu"
2027,109,Construction/ Maintenance of Flood Mitigation Structures and Drainage Systems,Cebu 5th District Engineering Office,Region VII,4,51000000.0,0.0825659529546971,2.276176024279211,12500000.0,4,15000000.0,1,25.0,20000000.0,"Construction of Drainage System, Tayud, Liloan, Cebu"
2027,110,Construction/ Maintenance of Flood Mitigation Structures and Drainage Systems,Cotabato 3rd District Engineering Office,Region XII,1,50000000.0,0.08094701270068343,1.7051100784964475,50000000.0,1,50000000.0,1,100.0,50000000.0,"Rehabilitation of Bual River Revetment, Barangay Bual, Tulunan, Cotabato"
2027,111,Construction/ Maintenance of Flood Mitigation Structures and Drainage Systems,Zamboanga del Norte 1st District Engineering Office,Region IX,2,50000000.0,0.08094701270068343,2.7904230448761416,25000000.0,2,35000000.0,1,50.0,35000000.0,"Construction of Flood Mitigation Structures - Construction / Extension of Revetment Structure Polanco Bridge Downstream, Brgy. Poblacion North, Polanco, Zamboanga del Norte"
2027,112,Construction/ Maintenance of Flood Mitigation Structures and Drainage Systems,Quezon 2nd District Engineering Office,Region IV-A,4,48000000.0,0.07770913219265609,2.2006779922114337,8500000.0,4,10000000.0,1,25.0,26000000.0,"Construction of Open Canal, Barangay Masin Norte, Candelaria, Quezon"
2027,113,Construction/ Maintenance of Flood Mitigation Structures and Drainage Systems,Palawan 2nd District Engineering Office,MIMAROPA,2,40000000.0,0.06475761016054675,1.438473262018624,20000000.0,2,10000000.0,1,50.0,30000000.0,"Construction of Drainage Canal, from Rotonda Circle to Sitio Balacan, Barangay Pangobilian, Brooke's Point, Palawan"
2027,114,Construction/ Maintenance of Flood Mitigation Structures and Drainage Systems,La Union 2nd District Engineering Office,Region I,2,39270000.0,0.06357578377511676,1.7437089715536105,19635000.0,2,34270000.0,1,50.0,34270000.0,Construction of Drainage Structures Along Pugo Processional Road
2027,115,Construction/ Maintenance of Flood Mitigation Structures and Drainage Systems,Masbate 3rd District Engineering Office,Region V,1,35000000.0,0.0566629088904784,2.514049947707761,35000000.0,1,35000000.0,1,100.0,35000000.0,"Construction of Seawall, Barangay Bugtong, Pio V. Corpuz, Masbate"
2027,116,Construction/ Maintenance of Flood Mitigation Structures and Drainage Systems,Ilocos Norte 1st District Engineering Office,Region I,4,32000000.0,0.05180608812843739,0.8638842395119054,8000000.0,1,8000000.0,4,100.0,8000000.0,"Construction of Flood Control Structure, Barangay 18 Abkir, Vintar, Ilocos Norte"
2027,117,Construction/ Maintenance of Flood Mitigation Structures and Drainage Systems,Albay 1st District Engineering Office,Region V,2,30000000.0,0.04856820762041006,1.652821531636657,15000000.0,2,10000000.0,1,50.0,20000000.0,"Construction of Drainage System at Barangay Biyong to Barangay Tigbi, Tiwi, Albay"
2027,118,Construction/ Maintenance of Flood Mitigation Structures and Drainage Systems,Camarines Norte Sub District Engineering Office,Region V,3,30000000.0,0.04856820762041006,2.125993459026791,10000000.0,1,10000000.0,3,100.0,10000000.0,"Construction (Completion) of Waterways Protection, Barangay Magang, Daet, Camarines Norte"
2027,119,Construction/ Maintenance of Flood Mitigation Structures and Drainage Systems,Cavite 2nd District Engineering Office,Region IV-A,2,30000000.0,0.04856820762041006,1.3980304546954252,15000000.0,2,25000000.0,1,50.0,25000000.0,"Construction of Drainage System at Development Academy of the Philippines (DAP), Tagaytay City, Cavite"
2027,120,Construction/ Maintenance of Flood Mitigation Structures and Drainage Systems,Quezon 1st District Engineering Office,Region IV-A,4,30000000.0,0.04856820762041006,0.7837498354125345,5000000.0,2,5000000.0,3,75.0,15000000.0,"Construction of Drainage Canal with Concrete Cover along Rizal and Racelis Avenues, Lucban, Quezon"
2027,121,Construction/ Maintenance of Flood Mitigation Structures and Drainage Systems,Palawan 1st District Engineering Office,MIMAROPA,2,26000000.0,0.042092446604355384,0.9678549319467694,13000000.0,2,16000000.0,1,50.0,16000000.0,"Construction of Drainage at F.B. Reyes Airport, Barangay Decalacaho, Coron, Palawan"
2027,122,Construction/ Maintenance of Flood Mitigation Structures and Drainage Systems,Sulu 1st District Engineering Office,Region IX,2,25000000.0,0.04047350635034171,6.413545407901488,12500000.0,2,10000000.0,1,50.0,15000000.0,"Construction of Flood Control Structure along San Raymundo, Jolo, Sulu"
2027,123,Construction/ Maintenance of Flood Mitigation Structures and Drainage Systems,Mindoro Oriental District Engineering Office,MIMAROPA,5,25000000.0,0.04047350635034171,1.2671078567276077,5000000.0,1,5000000.0,5,100.0,5000000.0,"Construction of Drainage Canal Along Barangay Lumangbayan, City of Calapan, Oriental Mindoro"
2027,124,Construction/ Maintenance of Flood Mitigation Structures and Drainage Systems,Bulacan 1st District Engineering Office,Region III,7,20650000.0,0.03343111624538225,0.4972675569160646,3000000.0,5,3000000.0,3,42.857142857142854,6000000.0,"Rehabilitation of Drainage Canal, Sta. 0+621 - Sta. 0+839, Lumang Bayan, Plaridel, Bulacan"
2027,125,Construction/ Maintenance of Flood Mitigation Structures and Drainage Systems,Apayao 2nd District Engineering Office,CAR,1,15000000.0,0.02428410381020503,1.0509397503247404,15000000.0,1,15000000.0,1,100.0,15000000.0,"Construction of Drainage System, Cabatacan, Pudtol, Apayao"
2027,126,Construction/ Maintenance of Flood Mitigation Structures and Drainage Systems,Quirino District Engineering Office,Region II,1,14252000.0,0.023073136500202804,2.229662077596996,14252000.0,1,14252000.0,1,100.0,14252000.0,"Rehabilitation of Drainage of Pilak Pilak Creek, Sta. 0+000 - 5+930, Addalam River Irrigation System, Saguday, Quirino"
2027,127,Construction/ Maintenance of Flood Mitigation Structures and Drainage Systems,Marinduque District Engineering Office,MIMAROPA,1,10500000.0,0.01699887266714352,0.6271899382008848,10500000.0,1,10500000.0,1,100.0,10500000.0,"Rehabilitation of Riverbank Protection, Barangay Mataas na Bayan, Boac, Marinduque"
2027,128,Construction/ Maintenance of Flood Mitigation Structures and Drainage Systems,Negros Oriental 1st District Engineering Office,NIR,1,10000000.0,0.016189402540136687,0.6107291678754014,10000000.0,1,10000000.0,1,100.0,10000000.0,"Construction of Seawall, Barangay Poblacion, La Libertad, Negros Oriental"
2027,129,Construction/ Maintenance of Flood Mitigation Structures and Drainage Systems,Southern Mindoro District Engineering Office,MIMAROPA,2,10000000.0,0.016189402540136687,0.6530761519446975,5000000.0,1,5000000.0,2,100.0,5000000.0,"Construction of Drainage Canal at Sitio Semilya, Barangay G. Antonino, Gloria, Oriental Mindoro"
2027,130,Construction/ Maintenance of Flood Mitigation Structures and Drainage Systems,Pampanga 2nd District Engineering Office,Region III,1,10000000.0,0.016189402540136687,1.3737980983886722,10000000.0,1,10000000.0,1,100.0,10000000.0,"Rehabilitation & Improvement of Canal at San Nicolas Extension Floridablanca, Pampanga"
2027,131,Construction/ Maintenance of Flood Mitigation Structures and Drainage Systems,Antique District Engineering Office,Region VI,1,8250000.0,0.013356257095612766,1.633825131201109,8250000.0,1,8250000.0,1,100.0,8250000.0,"Construction of Drainage Stucture, Sta. 00 + 000.00 - Sta. 00 + 520, Barangay Sto. Rosario, Tibiao, Antique"
2027,132,Construction/ Maintenance of Flood Mitigation Structures and Drainage Systems,Lanao del Norte 1st District Engineering Office,Region X,1,8000000.0,0.012951522032109348,0.5788498398394849,8000000.0,1,8000000.0,1,100.0,8000000.0,"Construction of Drainage at Barangay Bagumbayan, Kauswagan, Lanao del Norte"
2027,133,Construction/ Maintenance of Flood Mitigation Structures and Drainage Systems,Camarines Norte District Engineering Office,Region V,1,5000000.0,0.008094701270068344,0.23602351360651955,5000000.0,1,5000000.0,1,100.0,5000000.0,"Construction of Drainage Canal, Barangay Cabusay, Labo, Camarines Norte"
2027,134,Construction/ Maintenance of Flood Mitigation Structures and Drainage Systems,Guimaras District Engineering Office,Region VI,1,5000000.0,0.008094701270068344,0.5325948018747337,5000000.0,1,5000000.0,1,100.0,5000000.0,"Construction of Drainage System along Catalino G. Nava Farm School Compound, Sta. 0 + 000 - Sta. 0 + 200, Barangay Constancia, San Lorenzo, Guimaras"
2027,135,Construction/ Maintenance of Flood Mitigation Structures and Drainage Systems,Iloilo 3rd District Engineering Office,Region VI,1,5000000.0,0.008094701270068344,0.4823112354402296,5000000.0,1,5000000.0,1,100.0,5000000.0,"Construction of Drainage System, Bucana Bunglas NHS, Barangay Bucana Bunglas, Ajuy, Iloilo"
2027,136,Construction/ Maintenance of Flood Mitigation Structures and Drainage Systems,Northern Samar 2nd District Engineering Office,Region VIII,1,5000000.0,0.008094701270068344,0.23911454925951006,5000000.0,1,5000000.0,1,100.0,5000000.0,"Rehabilitation of Cross Drainage along Poblacion to Siljagon Road, Mapanas, Northern Samar (12.466844, 125.246758)"
2027,137,Construction/ Maintenance of Flood Mitigation Structures and Drainage Systems,Mountain Province 1st District Engineering Office,CAR,1,5000000.0,0.008094701270068344,0.455863313943947,5000000.0,1,5000000.0,1,100.0,5000000.0,"Construction of Drainage, Barangay Tocucan, Bontoc, Mountain Province"
2027,1,Construction/ Rehabilitation of Flood Mitigation Facilities within Major River Basins and Principal Rivers,Las Piñas Muntinlupa District Engineering Office,NCR,19,1240000000.0,6.09092912309974,53.46685098357447,30000000.0,6,20000000.0,7,36.8421052631579,250000000.0,"Construction of Pumping Station along Las Piñas River Mouth, Las Piñas City"
2027,2,Construction/ Rehabilitation of Flood Mitigation Facilities within Major River Basins and Principal Rivers,Misamis Occidental 2nd District Engineering Office,Region X,8,1080000000.0,5.305002784635258,41.535585997892454,135000000.0,1,135000000.0,8,100.0,135000000.0,"Construction of Flood Control Structure along Clarin River (Both Banks), Barangay Mialen and Masabud, Sta. 1+200- Sta. 1+425, Clarin, Misamis Occidental"
2027,3,Construction/ Rehabilitation of Flood Mitigation Facilities within Major River Basins and Principal Rivers,Pangasinan 4th District Engineering Office,Region I,10,1015000000.0,4.985720209634062,41.08769449862083,100000000.0,2,100000000.0,9,90.0,115000000.0,"Rehabilitation of Slope Protection Structure along Agno River, Barangay Darawey, Bayambang, Pangasinan"
2027,4,Construction/ Rehabilitation of Flood Mitigation Facilities within Major River Basins and Principal Rivers,Davao del Sur District Engineering Office,Region XI,2,1000000000.0,4.912039615403017,39.27220745150864,500000000.0,1,500000000.0,2,100.0,500000000.0,"Construction of Flood Mitigation Structure along Padada-Mainit River, Sta. 0+700.00 to Sta. 1+700.00, Kiblawan, Davao del Sur"
2027,5,Construction/ Rehabilitation of Flood Mitigation Facilities within Major River Basins and Principal Rivers,Metro Manila 1st District Engineering Office,NCR,15,957000000.0,4.700821911940687,31.8422911543313,30000000.0,12,10000000.0,3,20.0,260000000.0,"Improvement of Buting-San Joaquin Linear Park, Pasig City"
2027,6,Construction/ Rehabilitation of Flood Mitigation Facilities within Major River Basins and Principal Rivers,Cagayan 1st District Engineering Office,Region II,8,865000000.0,4.2489142673236096,34.773282219958496,105000000.0,6,150000000.0,3,37.5,150000000.0,"Construction of Flood Control Structure along Cagayan River Revetment 13 (F040035LZ), Sta. 0+000 - Sta. 0+412.46, Barangay Tallungan, Aparri, Cagayan"
2027,7,Construction/ Rehabilitation of Flood Mitigation Facilities within Major River Basins and Principal Rivers,Misamis Occidental 1st District Engineering Office,Region X,6,765000000.0,3.757710305783308,51.9538731103052,97500000.0,3,95000000.0,3,50.0,190000000.0,"Construction of Flood Control Structure along Layawan River, Barangay Langcangan Upper, Sta. 1+416 - Sta. 1+816, Oroquieta City, Misamis Occidental"
2027,8,Construction/ Rehabilitation of Flood Mitigation Facilities within Major River Basins and Principal Rivers,Cebu 5th District Engineering Office,Region VII,3,750000000.0,3.6840297115522627,33.473176827635456,300000000.0,2,300000000.0,2,66.66666666666667,300000000.0,"Construction of Flood Control Structure along Cotcot River (Upstream), Liloan, Cebu"
2027,9,Construction/ Rehabilitation of Flood Mitigation Facilities within Major River Basins and Principal Rivers,Camarines Sur 5th District Engineering Office,Region V,5,729910000.0,3.585346835678816,28.420818597138954,145000000.0,3,145000000.0,3,60.0,148220000.0,"Construction of Flood Mitigation Structure along Pawili River, Barangay Casugad, Bula, Camarines Sur, Sta. 32 + 396.00 - Sta. 32 + 703.00, L/S"
2027,10,Construction/ Rehabilitation of Flood Mitigation Facilities within Major River Basins and Principal Rivers,Rizal 2nd District Engineering Office,Region IV-A,5,700000000.0,3.4384277307821116,46.53636484510039,150000000.0,2,150000000.0,4,80.0,150000000.0,"Construction of Flood Mitigation Structure along Upper Marikina River (Sta. 20+006 - Sta. 20+156, Left Side), San Mateo, Rizal"
2027,11,Construction/ Rehabilitation of Flood Mitigation Facilities within Major River Basins and Principal Rivers,Iloilo 3rd District Engineering Office,Region VI,1,688925000.0,3.3840268920415233,66.45525357513203,688925000.0,1,688925000.0,1,100.0,688925000.0,"Construction of Flood Control Structure along Lamunan River, Downstream, Barangay San Andres, San Rafael, Iloilo"
2027,12,Construction/ Rehabilitation of Flood Mitigation Facilities within Major River Basins and Principal Rivers,Misamis Oriental 1st District Engineering Office,Region X,3,685000000.0,3.3647471365510664,17.605466381655155,260000000.0,2,260000000.0,2,66.66666666666667,260000000.0,"Construction of Flood Control Structure along Gingoog River,Barangay Santiago, Right Bank, Sta. 2+374 - Sta. 3+024, Gingoog City, Misamis Oriental"
2027,13,Construction/ Rehabilitation of Flood Mitigation Facilities within Major River Basins and Principal Rivers,Nueva Ecija 2nd District Engineering Office,Region III,10,679905000.0,3.339720294710588,29.272825984468597,73500000.0,9,78000000.0,2,20.0,85000000.0,"Construction of Concrete Slope Protection with Steel Sheet Pile along Pampanga River, Barangay Polilio, Cabanatuan City, Nueva Ecija"
2027,14,Construction/ Rehabilitation of Flood Mitigation Facilities within Major River Basins and Principal Rivers,Leyte 2nd District Engineering Office,Region VIII,5,575000000.0,2.8244227788567344,28.4872196424086,100000000.0,3,100000000.0,3,60.0,180000000.0,"Construction of Flood Mitigation Structure along Daguitan River, Brgy. Barbo, Dulag, Leyte"
2027,15,Construction/ Rehabilitation of Flood Mitigation Facilities within Major River Basins and Principal Rivers,Iloilo 6th District Engineering Office,Region VI,5,545000000.0,2.677061590394644,40.55711334559721,145500000.0,5,145500000.0,1,20.0,151500000.0,"Construction of River Control Structure along Suage River, Sta. 5 +000 - Sta. 6 + 120, Mina, Iloilo"
2027,16,Construction/ Rehabilitation of Flood Mitigation Facilities within Major River Basins and Principal Rivers,Albay 3rd District Engineering Office,Region V,2,500000000.0,2.4560198077015083,17.700274177247007,250000000.0,2,100000000.0,1,50.0,400000000.0,"Construction of Sabo Dam Structures, Kabang (Masarawag) River, Main Dam per Final Master Plan Report for the Bicol River Basin, Guinobatan, Albay"
2027,17,Construction/ Rehabilitation of Flood Mitigation Facilities within Major River Basins and Principal Rivers,Nueva Vizcaya District Engineering Office,Region II,4,473552000.0,2.3261061839533292,31.31849962831966,119776000.0,4,67000000.0,1,25.0,167000000.0,"Construction (Completion) of Flood Control and Drainage Structure (FCDS) along Magat River, Baretbet Section (Sta.0+832-Sta.1+332), Bagabag, Nueva Vizcaya"
2027,18,Construction/ Rehabilitation of Flood Mitigation Facilities within Major River Basins and Principal Rivers,Cagayan de Oro City 1st District Engineering Office,Region X,3,469000000.0,2.303746579624015,16.01666552831091,154000000.0,3,84000000.0,1,33.333333333333336,231000000.0,"Construction of Flood Control Structure along Iponan River, Canitoan Section, Sta. 0+180- Sta. 0+310, Sta. 0+490- Sta. 1+020, Cagayan de Oro City"
2027,19,Construction/ Rehabilitation of Flood Mitigation Facilities within Major River Basins and Principal Rivers,Cavite 1st District Engineering Office,Region IV-A,6,465000000.0,2.284098421162403,7.380028120287792,100000000.0,4,100000000.0,3,50.0,150000000.0,"Construction of Retaning Wall along Cañas River, Barangay Biwas, Tanza, Cavite"
2027,20,Construction/ Rehabilitation of Flood Mitigation Facilities within Major River Basins and Principal Rivers,La Union 1st District Engineering Office,Region I,4,400000000.0,1.9648158461612066,17.71574903515602,100000000.0,1,100000000.0,4,100.0,100000000.0,"Rehabilitation of Baroro River Control, Barangay Sto. Rosario, San Juan, La Union"
2027,21,Construction/ Rehabilitation of Flood Mitigation Facilities within Major River Basins and Principal Rivers,Isabela 1st District Engineering Office,Region II,3,382000000.0,1.8763991330839525,16.61576096270501,152000000.0,3,30000000.0,1,33.333333333333336,200000000.0,"Construction of Flood Mitigation Structure along Cagayan River, Barangay Casibarag Norte, Cabagan, Isabela"
2027,22,Construction/ Rehabilitation of Flood Mitigation Facilities within Major River Basins and Principal Rivers,Bukidnon 4th District Engineering Office,Region X,2,350000000.0,1.7192138653910558,34.643758234078966,175000000.0,2,200000000.0,1,50.0,200000000.0,"Construction of Flood Mitigation Structure within Mindanao River Basin (along Pulangui River), Downstream of Old Batangan Br., Sta. 1+610.000-Sta. 1+960.000, Barangay Lumbo, Valencia City, Bukidnon"
2027,23,Construction/ Rehabilitation of Flood Mitigation Facilities within Major River Basins and Principal Rivers,Misamis Oriental 2nd District Engineering Office,Region X,2,320000000.0,1.5718526769289654,5.816434772682824,160000000.0,2,180000000.0,1,50.0,180000000.0,"Construction of Flood Control at Alubijid River, Barangay Lourdes (Right Bank), Sta. 15+440- Sta. 15+800, Misamis Oriental"
2027,24,Construction/ Rehabilitation of Flood Mitigation Facilities within Major River Basins and Principal Rivers,Aklan District Engineering Office,Region VI,3,312000000.0,1.5325563600057412,12.066715010877447,150000000.0,2,150000000.0,2,66.66666666666667,150000000.0,"Construction of Revetment Wall along Aklan River, Barangay Mina, Lezo, Aklan"
2027,25,Construction/ Rehabilitation of Flood Mitigation Facilities within Major River Basins and Principal Rivers,Cebu 1st District Engineering Office,Region VII,1,300000000.0,1.473611884620905,13.238019592268996,300000000.0,1,300000000.0,1,100.0,300000000.0,"Construction of Mananga River System, Cebu"
2027,26,Construction/ Rehabilitation of Flood Mitigation Facilities within Major River Basins and Principal Rivers,Tarlac 2nd District Engineering Office,Region III,3,300000000.0,1.473611884620905,13.367792531859905,100000000.0,1,100000000.0,3,100.0,100000000.0,"Construction of Concrete Slope Protection along O'Donnell River, Sta. Lucia Section, Capas, Tarlac"
2027,27,Construction/ Rehabilitation of Flood Mitigation Facilities within Major River Basins and Principal Rivers,Capiz 1st District Engineering Office,Region VI,2,300000000.0,1.473611884620905,18.537845939377537,150000000.0,1,150000000.0,2,100.0,150000000.0,"Construction of Flood Mitigation Structure along Panay River (Downstream), Barangay Salocon, Panitan, Capiz"
2027,28,Construction/ Rehabilitation of Flood Mitigation Facilities within Major River Basins and Principal Rivers,Cebu City District Engineering Office,Region VII,2,274200000.0,1.3468812625435072,10.135284985584386,137100000.0,2,124200000.0,1,50.0,150000000.0,"Construction of Sabo Dam at Bulacao River, Sta. 8+918.00, Barangay Toong, Cebu City"
2027,29,Construction/ Rehabilitation of Flood Mitigation Facilities within Major River Basins and Principal Rivers,Bulacan 3rd District Engineering Office,Region III,1,250000000.0,1.2280099038507541,17.220382320040116,250000000.0,1,250000000.0,1,100.0,250000000.0,"Construction of Concrete Slope Protection Structure with Steel Sheet Pile Foundation along Angat River, Sta. 00 + 000 - Sta. 00+518.40, Barangay Maronquillo, San Rafael, Bulacan (14.956247, 120.993658)"
2027,30,Construction/ Rehabilitation of Flood Mitigation Facilities within Major River Basins and Principal Rivers,Cotabato 3rd District Engineering Office,Region XII,3,231250000.0,1.1359091610619476,7.88613411304607,87500000.0,3,93750000.0,1,33.333333333333336,93750000.0,"Construction of Pulangi River Flood Control Project (Upstream of Lumayong Bridge) Sta. 0 + 000.00 - Sta. 0 + 375.00, Barangay Kayaga, Kabacan, Cotabato"
2027,31,Construction/ Rehabilitation of Flood Mitigation Facilities within Major River Basins and Principal Rivers,Iloilo 2nd District Engineering Office,Region VI,2,210175000.0,1.032387926167329,14.130000712634745,105087500.0,2,10000000.0,1,50.0,200175000.0,"Construction of Flood Control Structure along Ulian River, Downstream, Dueñas, Iloilo"
2027,32,Construction/ Rehabilitation of Flood Mitigation Facilities within Major River Basins and Principal Rivers,Batangas 1st District Engineering Office,Region IV-A,1,200000000.0,0.9824079230806033,34.59010722933241,200000000.0,1,200000000.0,1,100.0,200000000.0,"Construction of Flood Control Structure along Pansipit River, Lemery, Batangas"
2027,33,Construction/ Rehabilitation of Flood Mitigation Facilities within Major River Basins and Principal Rivers,Cagayan 2nd District Engineering Office,Region II,2,200000000.0,0.9824079230806033,7.6821052655838225,100000000.0,1,100000000.0,2,100.0,100000000.0,"Construction of Simayung Flood Control along Abulug River, Abulug, Cagayan"
2027,34,Construction/ Rehabilitation of Flood Mitigation Facilities within Major River Basins and Principal Rivers,Cagayan de Oro City 2nd District Engineering Office,Region X,1,180000000.0,0.8841671307725429,5.946312724514599,180000000.0,1,180000000.0,1,100.0,180000000.0,"Construction of Drainage System Along Jct. BCIR-Jct. Eastern Interior Bypass Road (Access Road), Barangay Tablon, Sta.0+000 - Sta. 0+530, Cagayan De Oro City"
2027,35,Construction/ Rehabilitation of Flood Mitigation Facilities within Major River Basins and Principal Rivers,Apayao 2nd District Engineering Office,CAR,2,175000000.0,0.8596069326955279,12.260963753788637,87500000.0,2,25000000.0,1,50.0,150000000.0,"Construction of Flood Control Structure, Apayao-Abulug River Basin, Tumog Section, Sta. 18 + 979 - Sta. 19 + 555 (L/S), Luna, Apayao"
2027,36,Construction/ Rehabilitation of Flood Mitigation Facilities within Major River Basins and Principal Rivers,Pangasinan 3rd District Engineering Office,Region I,2,173800000.0,0.8537124851570443,3.748096838055475,86900000.0,2,85800000.0,1,50.0,88000000.0,"Construction of Flood Control Structure along Aloragat River, Barangay Calmay, Laoac, Pangasinan"
2027,37,Construction/ Rehabilitation of Flood Mitigation Facilities within Major River Basins and Principal Rivers,Agusan del Norte District Engineering Office,Region XIII,1,155000000.0,0.7613661403874675,31.814449917898195,155000000.0,1,155000000.0,1,100.0,155000000.0,"Construction of Dike with Revetment along Lake Mainit-Tubay River, Barangay Lapaz, Santiago, Agusan del Norte"
2027,38,Construction/ Rehabilitation of Flood Mitigation Facilities within Major River Basins and Principal Rivers,Davao Oriental 2nd District Engineering Office,Region XI,1,150000000.0,0.7368059423104525,18.57849724728599,150000000.0,1,150000000.0,1,100.0,150000000.0,"Construction of Flood Mitigation Structure along Sumlog River, Barangay Ilangay, Sta. 0+000 - Sta. 0+750, Lupon, Davao Oriental"
2027,39,Construction/ Rehabilitation of Flood Mitigation Facilities within Major River Basins and Principal Rivers,Leyte 4th District Engineering Office,Region VIII,1,150000000.0,0.7368059423104525,6.427371346521443,150000000.0,1,150000000.0,1,100.0,150000000.0,"Construction of Pagsanga-an (Upstream,) Flood Control Structure, Sta 0 + 000 - Sta 1+235 Left Side, Barangay Liloan, Ormoc City, Leyte"
2027,40,Construction/ Rehabilitation of Flood Mitigation Facilities within Major River Basins and Principal Rivers,Pampanga 2nd District Engineering Office,Region III,5,150000000.0,0.7368059423104525,20.606971475830083,25000000.0,5,50000000.0,1,20.0,50000000.0,"Construction of Slope Protection Structure along Porac River, Solib Section, Floridablanca, Pampanga, Sta. 0 + 192 - Sta. 0 + 606.26 (R/S), Sta. 0 + 175.66 - Sta. 0 + 391.40 (L/S)"
2027,41,Construction/ Rehabilitation of Flood Mitigation Facilities within Major River Basins and Principal Rivers,Pangasinan 2nd District Engineering Office,Region I,1,149537000.0,0.7345316679685209,4.009233701939641,149537000.0,1,149537000.0,1,100.0,149537000.0,"Rehabilitation of Flood Control Structure along Agno River at Barangay Capandaan-Barangay Domalandan East, Lingayen, Pangasinan"
2027,42,Construction/ Rehabilitation of Flood Mitigation Facilities within Major River Basins and Principal Rivers,Quezon 2nd District Engineering Office,Region IV-A,1,124296000.0,0.6105468760361333,5.698655660831508,124296000.0,1,124296000.0,1,100.0,124296000.0,"Construction of Iyam River Flood Control Structure, Sta. 4 + 370 - Sta. 4 + 680, Lucena City, Quezon"
2027,43,Construction/ Rehabilitation of Flood Mitigation Facilities within Major River Basins and Principal Rivers,Davao del Norte District Engineering Office,Region XI,2,115000000.0,0.5648845557713469,3.8717410040939453,57500000.0,2,75000000.0,1,50.0,75000000.0,"Construction of Box Culvert Leading to Hijo River Outfall along Magdum Section, Barangay Magdum, Tagum City (Sta. 0+000 - Sta. 0+875), Davao del Norte"
2027,44,Construction/ Rehabilitation of Flood Mitigation Facilities within Major River Basins and Principal Rivers,Cagayan 3rd District Engineering Office,Region II,1,100000000.0,0.49120396154030166,4.146734695231586,100000000.0,1,100000000.0,1,100.0,100000000.0,"Construction of Flood Control Structure along Cagayan River, Sta. 0+322.26 - Sta. 0+657.64, Barangay Basi, Solana, Cagayan"
2027,45,Construction/ Rehabilitation of Flood Mitigation Facilities within Major River Basins and Principal Rivers,Pampanga 1st District Engineering Office,Region III,1,100000000.0,0.49120396154030166,2.329504172025497,100000000.0,1,100000000.0,1,100.0,100000000.0,"Repair/Improvement of Collapsed/Eroded Bank along Pampanga River at Barangay Candating, Arayat, Pampanga"
2027,46,Construction/ Rehabilitation of Flood Mitigation Facilities within Major River Basins and Principal Rivers,Apayao 1st District Engineering Office,CAR,1,100000000.0,0.49120396154030166,8.175959735033496,100000000.0,1,100000000.0,1,100.0,100000000.0,"Construction of Flood Control Structure along Apayao-Abulug River Basin, Madduang River, Sta. 106+083 - Sta. 106+925, Barangay Dagara , Kabugao, Apayao"
2027,47,Construction/ Rehabilitation of Flood Mitigation Facilities within Major River Basins and Principal Rivers,Quezon City 1st District Engineering Office,NCR,2,90000000.0,0.44208356538627147,1.7291557954001382,45000000.0,2,15000000.0,1,50.0,75000000.0,"Construction of Revetment Wall, Sta. 7+230 to Sta. 7+480 along Tullahan River at Barangay Gulod, Quezon City"
2027,48,Construction/ Rehabilitation of Flood Mitigation Facilities within Major River Basins and Principal Rivers,Antique District Engineering Office,Region VI,1,80000000.0,0.39296316923224134,15.843152787404694,80000000.0,1,80000000.0,1,100.0,80000000.0,"Construction of Flood Control Structure along Cangaranan River, Sta. 0 + 000 - Sta. 0 + 340, Barangay Ilaures, Bugasong, Antique"
2027,49,Construction/ Rehabilitation of Flood Mitigation Facilities within Major River Basins and Principal Rivers,Eastern Samar District Engineering Office,Region VIII,1,75000000.0,0.36840297115522624,2.50486026386532,75000000.0,1,75000000.0,1,100.0,75000000.0,"Construction of Flood Control in Barangay Canteros along Ulot River, Can-avid, Eastern Samar (Sta. 0+000 - Sta. 0+286)"
2027,50,Construction/ Rehabilitation of Flood Mitigation Facilities within Major River Basins and Principal Rivers,Nueva Ecija 1st District Engineering Office,Region III,1,50000000.0,0.24560198077015083,0.9637487823034135,50000000.0,1,50000000.0,1,100.0,50000000.0,"Rehabilitation of the Dike along Talavera River, Barangay Sta. Lucia Old, Zaragoza, Nueva Ecija, Section I - Sta. 0+000 - Sta. 0+104, Section II - Sta. 0+000 - Sta. 0+126"
2027,51,Construction/ Rehabilitation of Flood Mitigation Facilities within Major River Basins and Principal Rivers,Bulacan 1st District Engineering Office,Region III,1,13000000.0,0.06385651500023921,0.31304979370018593,13000000.0,1,13000000.0,1,100.0,13000000.0,"Construction of Pumping Station, San Jose, Calumpit, Bulacan (120.731042, 14.885722)"
2027,52,Construction/ Rehabilitation of Flood Mitigation Facilities within Major River Basins and Principal Rivers,Negros Occidental 2nd District Engineering Office,NIR,1,5812000.0,0.02854877424472233,0.402522622851816,5812000.0,1,5812000.0,1,100.0,5812000.0,"Rehabilitation of Binalbagan River Bank Slope Protection (Upstream of Guintubhan Bridge Right Bank) along Binalbagan - Isabela Rd. (S00419NR), Barangay Bagroy, Binalbagan, Negros Occidental"
2027,53,Construction/ Rehabilitation of Flood Mitigation Facilities within Major River Basins and Principal Rivers,Leyte 1st District Engineering Office,Region VIII,1,4780000.0,0.02347954936162642,0.5144464749653986,4780000.0,1,4780000.0,1,100.0,4780000.0,"Construction of Flood Control along Binahaan River, Barangay Cogon, Palo, Leyte (11.145992, 125.001724)"
2027,54,Construction/ Rehabilitation of Flood Mitigation Facilities within Major River Basins and Principal Rivers,Iloilo 4th District Engineering Office,Region VI,1,4000000.0,0.019648158461612067,0.332695666638942,4000000.0,1,4000000.0,1,100.0,4000000.0,"Rehabilitation of Aganan Flood Control Structure (Jaro-Aganan River), Barangay Jibao-an, Sta. Barbara, Iloilo (10.779801, 122.505634) (10.779923, 122.505644)"
2027,1,Rainwater Collector System,Mountain Province 2nd District Engineering Office,CAR,1,4200000.0,0.5025125628140703,0.40117180373529154,4200000.0,1,4200000.0,1,100.0,4200000.0,Rainwater Collector System - Mountain Province 2nd District Engineering Office
2027,2,Rainwater Collector System,Southern Leyte 2nd District Engineering Office,Region VIII,1,4200000.0,0.5025125628140703,0.5224023542932766,4200000.0,1,4200000.0,1,100.0,4200000.0,Rainwater Collector System - Southern Leyte 2nd District Engineering Office
2027,3,Rainwater Collector System,Ilocos Norte 2nd District Engineering Office,Region I,1,4200000.0,0.5025125628140703,0.15508776490467271,4200000.0,1,4200000.0,1,100.0,4200000.0,Rainwater Collector System - Ilocos Norte 2nd District Engineering Office
2027,4,Rainwater Collector System,Ifugao 2nd District Engineering Office,CAR,1,4200000.0,0.5025125628140703,0.34806216390247297,4200000.0,1,4200000.0,1,100.0,4200000.0,Rainwater Collector System - Ifugao 2nd District Engineering Office
2027,5,Rainwater Collector System,Batangas 1st District Engineering Office,Region IV-A,1,4200000.0,0.5025125628140703,0.7263922518159807,4200000.0,1,4200000.0,1,100.0,4200000.0,Rainwater Collector System - Batangas 1st District Engineering Office
2027,6,Rainwater Collector System,Cavite 1st District Engineering Office,Region IV-A,1,4200000.0,0.5025125628140703,0.06665831850582522,4200000.0,1,4200000.0,1,100.0,4200000.0,Rainwater Collector System - Cavite 1st District Engineering Office
2027,7,Rainwater Collector System,Camarines Sur 4th District Engineering Office,Region V,1,4200000.0,0.5025125628140703,0.21063179005426777,4200000.0,1,4200000.0,1,100.0,4200000.0,Rainwater Collector System - Camarines Sur 4th District Engineering Office
2027,8,Rainwater Collector System,Samar 2nd District Engineering Office,Region VIII,1,4200000.0,0.5025125628140703,0.07661716954285089,4200000.0,1,4200000.0,1,100.0,4200000.0,Rainwater Collector System - Samar 2nd District Engineering Office
2027,9,Rainwater Collector System,Zamboanga City 1st District Engineering Office,Region IX,1,4200000.0,0.5025125628140703,0.2062511785781633,4200000.0,1,4200000.0,1,100.0,4200000.0,Rainwater Collector System - Zamboanga City 1st District Engineering Office
2027,10,Rainwater Collector System,Lanao del Norte 2nd District Engineering Office,Region X,1,4200000.0,0.5025125628140703,0.242037541175196,4200000.0,1,4200000.0,1,100.0,4200000.0,Rainwater Collector System - Lanao del Norte 2nd District Engineering Office
2027,11,Rainwater Collector System,Agusan del Norte District Engineering Office,Region XIII,1,4200000.0,0.5025125628140703,0.8620689655172413,4200000.0,1,4200000.0,1,100.0,4200000.0,Rainwater Collector System - Agusan del Norte District Engineering Office
2027,12,Rainwater Collector System,Ilocos Sur 2nd District Engineering Office,Region I,1,4200000.0,0.5025125628140703,0.8300132802124834,4200000.0,1,4200000.0,1,100.0,4200000.0,Rainwater Collector System - Ilocos Sur 2nd District Engineering Office
2027,13,Rainwater Collector System,Benguet 2nd District Engineering Office,CAR,1,4200000.0,0.5025125628140703,0.5439005439005439,4200000.0,1,4200000.0,1,100.0,4200000.0,Rainwater Collector System - Benguet 2nd District Engineering Office
2027,14,Rainwater Collector System,Negros Occidental 1st District Engineering Office,NIR,1,4200000.0,0.5025125628140703,0.14191226780872254,4200000.0,1,4200000.0,1,100.0,4200000.0,Rainwater Collector System - Negros Occidental 1st District Engineering Office
2027,15,Rainwater Collector System,Negros Occidental 3rd District Engineering Office,NIR,1,4200000.0,0.5025125628140703,0.24476679843279317,4200000.0,1,4200000.0,1,100.0,4200000.0,Rainwater Collector System - Negros Occidental 3rd District Engineering Office
2027,16,Rainwater Collector System,Zamboanga Sibugay 2nd District Engineering Office,Region IX,1,4200000.0,0.5025125628140703,0.18208105641694827,4200000.0,1,4200000.0,1,100.0,4200000.0,Rainwater Collector System - Zamboanga Sibugay 2nd District Engineering Office
2027,17,Rainwater Collector System,Bohol 3rd District Engineering Office,Region VII,1,4200000.0,0.5025125628140703,0.8330027766759223,4200000.0,1,4200000.0,1,100.0,4200000.0,Rainwater Collector System - Bohol 3rd District Engineering Office
2027,18,Rainwater Collector System,Davao Occidental District Engineering Office,Region XI,1,4200000.0,0.5025125628140703,0.8423991527871377,4200000.0,1,4200000.0,1,100.0,4200000.0,Rainwater Collector System - Davao Occidental District Engineering Office
2027,19,Rainwater Collector System,Sarangani District Engineering Office,Region XII,1,4200000.0,0.5025125628140703,0.9047824213700991,4200000.0,1,4200000.0,1,100.0,4200000.0,Rainwater Collector System - Sarangani District Engineering Office
2027,20,Rainwater Collector System,Sulu 1st District Engineering Office,Region IX,1,4200000.0,0.5025125628140703,1.07747562852745,4200000.0,1,4200000.0,1,100.0,4200000.0,Rainwater Collector System - Sulu 1st District Engineering Office
2027,21,Rainwater Collector System,North Manila District Engineering Office,NCR,1,4200000.0,0.5025125628140703,0.14886226695966542,4200000.0,1,4200000.0,1,100.0,4200000.0,Rainwater Collector System - North Manila District Engineering Office
2027,22,Rainwater Collector System,Cagayan 2nd District Engineering Office,Region II,1,4200000.0,0.5025125628140703,0.1613242105772603,4200000.0,1,4200000.0,1,100.0,4200000.0,Rainwater Collector System - Cagayan 2nd District Engineering Office
2027,23,Rainwater Collector System,Isabela 4th District Engineering Office,Region II,1,4200000.0,0.5025125628140703,0.07174760422791548,4200000.0,1,4200000.0,1,100.0,4200000.0,Rainwater Collector System - Isabela 4th District Engineering Office
2027,24,Rainwater Collector System,Iloilo 1st District Engineering Office,Region VI,1,4200000.0,0.5025125628140703,0.1434798649922794,4200000.0,1,4200000.0,1,100.0,4200000.0,Rainwater Collector System - Iloilo 1st District Engineering Office
2027,25,Rainwater Collector System,Tacloban City District Engineering Office,Region VIII,1,4200000.0,0.5025125628140703,0.47770700636942676,4200000.0,1,4200000.0,1,100.0,4200000.0,Rainwater Collector System - Tacloban City District Engineering Office
2027,26,Rainwater Collector System,Sultan Kudarat 2nd District Engineering Office,Region XII,1,4200000.0,0.5025125628140703,0.13767332087717574,4200000.0,1,4200000.0,1,100.0,4200000.0,Rainwater Collector System - Sultan Kudarat 2nd District Engineering Office
2027,27,Rainwater Collector System,Surigao del Sur 1st District Engineering Office,Region XIII,1,4200000.0,0.5025125628140703,0.12134519819715706,4200000.0,1,4200000.0,1,100.0,4200000.0,Rainwater Collector System - Surigao del Sur 1st District Engineering Office
2027,28,Rainwater Collector System,Surigao del Sur 2nd District Engineering Office,Region XIII,1,4200000.0,0.5025125628140703,0.20450833761015452,4200000.0,1,4200000.0,1,100.0,4200000.0,Rainwater Collector System - Surigao del Sur 2nd District Engineering Office
2027,29,Rainwater Collector System,Bukidnon 4th District Engineering Office,Region X,1,4200000.0,0.5025125628140703,0.4157250988089476,4200000.0,1,4200000.0,1,100.0,4200000.0,Rainwater Collector System - Bukidnon 4th District Engineering Office
2027,30,Rainwater Collector System,Pampanga 3rd District Engineering Office,Region III,1,4200000.0,0.5025125628140703,0.17126827830116548,4200000.0,1,4200000.0,1,100.0,4200000.0,Rainwater Collector System - Pampanga 3rd District Engineering Office
2027,31,Rainwater Collector System,Capiz 1st District Engineering Office,Region VI,1,4200000.0,0.5025125628140703,0.2595298431512855,4200000.0,1,4200000.0,1,100.0,4200000.0,Rainwater Collector System - Capiz 1st District Engineering Office
2027,32,Rainwater Collector System,Eastern Samar District Engineering Office,Region VIII,1,4200000.0,0.5025125628140703,0.14027217477645793,4200000.0,1,4200000.0,1,100.0,4200000.0,Rainwater Collector System - Eastern Samar District Engineering Office
2027,33,Rainwater Collector System,Bataan 3rd District Engineering Office,Region III,1,4200000.0,0.5025125628140703,0.2268272963968484,4200000.0,1,4200000.0,1,100.0,4200000.0,Rainwater Collector System - Bataan 3rd District Engineering Office
2027,34,Rainwater Collector System,Upper Kalinga District Engineering Office,CAR,1,4200000.0,0.5025125628140703,0.35456831729474503,4200000.0,1,4200000.0,1,100.0,4200000.0,Rainwater Collector System - Upper Kalinga District Engineering Office
2027,35,Rainwater Collector System,Albay 2nd District Engineering Office,Region V,1,4200000.0,0.5025125628140703,0.20787571803737606,4200000.0,1,4200000.0,1,100.0,4200000.0,Rainwater Collector System - Albay 2nd District Engineering Office
2027,36,Rainwater Collector System,Camarines Sur 1st District Engineering Office,Region V,1,4200000.0,0.5025125628140703,0.07010889079221544,4200000.0,1,4200000.0,1,100.0,4200000.0,Rainwater Collector System - Camarines Sur 1st District Engineering Office
2027,37,Rainwater Collector System,Leyte 1st District Engineering Office,Region VIII,1,4200000.0,0.5025125628140703,0.45202409934198207,4200000.0,1,4200000.0,1,100.0,4200000.0,Rainwater Collector System - Leyte 1st District Engineering Office
2027,38,Rainwater Collector System,Cagayan de Oro City 1st District Engineering Office,Region X,1,4200000.0,0.5025125628140703,0.14343282562666484,4200000.0,1,4200000.0,1,100.0,4200000.0,Rainwater Collector System - Cagayan de Oro City 1st District Engineering Office
2027,39,Rainwater Collector System,Camiguin District Engineering Office,Region X,1,4200000.0,0.5025125628140703,0.24444128869447398,4200000.0,1,4200000.0,1,100.0,4200000.0,Rainwater Collector System - Camiguin District Engineering Office
2027,40,Rainwater Collector System,Davao del Sur District Engineering Office,Region XI,1,4200000.0,0.5025125628140703,0.1649432712963363,4200000.0,1,4200000.0,1,100.0,4200000.0,Rainwater Collector System - Davao del Sur District Engineering Office
2027,41,Rainwater Collector System,Ifugao 1st District Engineering Office,CAR,1,4200000.0,0.5025125628140703,0.4011434498527708,4200000.0,1,4200000.0,1,100.0,4200000.0,Rainwater Collector System - Ifugao 1st District Engineering Office
2027,42,Rainwater Collector System,Nueva Vizcaya 2nd District Engineering Office,Region II,1,4200000.0,0.5025125628140703,0.5106308479389966,4200000.0,1,4200000.0,1,100.0,4200000.0,Rainwater Collector System - Nueva Vizcaya 2nd District Engineering Office
2027,43,Rainwater Collector System,Samar 1st District Engineering Office,Region VIII,1,4200000.0,0.5025125628140703,0.17866410297858584,4200000.0,1,4200000.0,1,100.0,4200000.0,Rainwater Collector System - Samar 1st District Engineering Office
2027,44,Rainwater Collector System,Bukidnon 3rd District Engineering Office,Region X,1,4200000.0,0.5025125628140703,0.2563789525088512,4200000.0,1,4200000.0,1,100.0,4200000.0,Rainwater Collector System - Bukidnon 3rd District Engineering Office
2027,45,Rainwater Collector System,Misamis Oriental 1st District Engineering Office,Region X,1,4200000.0,0.5025125628140703,0.10794592525978343,4200000.0,1,4200000.0,1,100.0,4200000.0,Rainwater Collector System - Misamis Oriental 1st District Engineering Office
2027,46,Rainwater Collector System,Surigao del Norte 1st District Engineering Office,Region XIII,1,4200000.0,0.5025125628140703,0.4157629596779223,4200000.0,1,4200000.0,1,100.0,4200000.0,Rainwater Collector System - Surigao del Norte 1st District Engineering Office
2027,47,Rainwater Collector System,Mountain Province 1st District Engineering Office,CAR,1,4200000.0,0.5025125628140703,0.3829251837129155,4200000.0,1,4200000.0,1,100.0,4200000.0,Rainwater Collector System - Mountain Province 1st District Engineering Office
2027,48,Rainwater Collector System,Isabela 1st District Engineering Office,Region II,1,4200000.0,0.5025125628140703,0.1826863770768614,4200000.0,1,4200000.0,1,100.0,4200000.0,Rainwater Collector System - Isabela 1st District Engineering Office
2027,49,Rainwater Collector System,Quirino District Engineering Office,Region II,1,4200000.0,0.5025125628140703,0.6570713391739674,4200000.0,1,4200000.0,1,100.0,4200000.0,Rainwater Collector System - Quirino District Engineering Office
2027,50,Rainwater Collector System,Quezon 4th District Engineering Office,Region IV-A,1,4200000.0,0.5025125628140703,0.0578787759355484,4200000.0,1,4200000.0,1,100.0,4200000.0,Rainwater Collector System - Quezon 4th District Engineering Office
2027,51,Rainwater Collector System,Palawan 1st District Engineering Office,MIMAROPA,1,4200000.0,0.5025125628140703,0.15634579669909354,4200000.0,1,4200000.0,1,100.0,4200000.0,Rainwater Collector System - Palawan 1st District Engineering Office
2027,52,Rainwater Collector System,Bacolod City District Engineering Office,NIR,1,4200000.0,0.5025125628140703,0.18400295806660205,4200000.0,1,4200000.0,1,100.0,4200000.0,Rainwater Collector System - Bacolod City District Engineering Office
2027,53,Rainwater Collector System,Siquijor District Engineering Office,NIR,1,4200000.0,0.5025125628140703,0.36365714404459476,4200000.0,1,4200000.0,1,100.0,4200000.0,Rainwater Collector System - Siquijor District Engineering Office
2027,54,Rainwater Collector System,Davao de Oro 1st District Engineering Office,Region XI,1,4200000.0,0.5025125628140703,0.2756194876102478,4200000.0,1,4200000.0,1,100.0,4200000.0,Rainwater Collector System - Davao de Oro 1st District Engineering Office
2027,55,Rainwater Collector System,Bukidnon 2nd District Engineering Office,Region X,1,4200000.0,0.5025125628140703,0.09982506845147551,4200000.0,1,4200000.0,1,100.0,4200000.0,Rainwater Collector System - Bukidnon 2nd District Engineering Office
2027,56,Rainwater Collector System,Negros Occidental 5th District Engineering Office,NIR,1,4200000.0,0.5025125628140703,0.3086503674776577,4200000.0,1,4200000.0,1,100.0,4200000.0,Rainwater Collector System - Negros Occidental 5th District Engineering Office
2027,57,Rainwater Collector System,Metro Manila 2nd District Engineering Office,NCR,1,4200000.0,0.5025125628140703,0.16060534448699212,4200000.0,1,4200000.0,1,100.0,4200000.0,Rainwater Collector System - Metro Manila 2nd District Engineering Office
2027,58,Rainwater Collector System,Isabela City District Engineering Office,Region IX,1,4200000.0,0.5025125628140703,2.0076481835564053,4200000.0,1,4200000.0,1,100.0,4200000.0,Rainwater Collector System - Isabela City District Engineering Office
2027,59,Rainwater Collector System,Cavite 2nd District Engineering Office,Region IV-A,1,4200000.0,0.5025125628140703,0.1957242636573595,4200000.0,1,4200000.0,1,100.0,4200000.0,Rainwater Collector System - Cavite 2nd District Engineering Office
2027,60,Rainwater Collector System,Leyte 5th District Engineering Office,Region VIII,1,4200000.0,0.5025125628140703,0.18503784023832873,4200000.0,1,4200000.0,1,100.0,4200000.0,Rainwater Collector System - Leyte 5th District Engineering Office
2027,61,Rainwater Collector System,Northern Samar 1st District Engineering Office,Region VIII,1,4200000.0,0.5025125628140703,0.23680542712933184,4200000.0,1,4200000.0,1,100.0,4200000.0,Rainwater Collector System - Northern Samar 1st District Engineering Office
2027,62,Rainwater Collector System,Cagayan de Oro City 2nd District Engineering Office,Region X,1,4200000.0,0.5025125628140703,0.13874729690534066,4200000.0,1,4200000.0,1,100.0,4200000.0,Rainwater Collector System - Cagayan de Oro City 2nd District Engineering Office
2027,63,Rainwater Collector System,Lanao del Norte 1st District Engineering Office,Region X,1,4200000.0,0.5025125628140703,0.3038961659157296,4200000.0,1,4200000.0,1,100.0,4200000.0,Rainwater Collector System - Lanao del Norte 1st District Engineering Office
2027,64,Rainwater Collector System,South Cotabato 2nd District Engineering Office,Region XII,1,4200000.0,0.5025125628140703,0.15989693500418017,4200000.0,1,4200000.0,1,100.0,4200000.0,Rainwater Collector System - South Cotabato 2nd District Engineering Office
2027,65,Rainwater Collector System,Pampanga 1st District Engineering Office,Region III,1,4200000.0,0.5025125628140703,0.09783917522507087,4200000.0,1,4200000.0,1,100.0,4200000.0,Rainwater Collector System - Pampanga 1st District Engineering Office
2027,66,Rainwater Collector System,Pampanga 2nd District Engineering Office,Region III,1,4200000.0,0.5025125628140703,0.5769952013232423,4200000.0,1,4200000.0,1,100.0,4200000.0,Rainwater Collector System - Pampanga 2nd District Engineering Office
2027,67,Rainwater Collector System,Tarlac District Engineering Office,Region III,1,4200000.0,0.5025125628140703,0.12649535581336513,4200000.0,1,4200000.0,1,100.0,4200000.0,Rainwater Collector System - Tarlac District Engineering Office
2027,68,Rainwater Collector System,Laguna 3rd District Engineering Office,Region IV-A,1,4200000.0,0.5025125628140703,0.24490709857394094,4200000.0,1,4200000.0,1,100.0,4200000.0,Rainwater Collector System - Laguna 3rd District Engineering Office
2027,69,Rainwater Collector System,Quezon 1st District Engineering Office,Region IV-A,1,4200000.0,0.5025125628140703,0.10972497695775484,4200000.0,1,4200000.0,1,100.0,4200000.0,Rainwater Collector System - Quezon 1st District Engineering Office
2027,70,Rainwater Collector System,Palawan 2nd District Engineering Office,MIMAROPA,1,4200000.0,0.5025125628140703,0.1510396925119555,4200000.0,1,4200000.0,1,100.0,4200000.0,Rainwater Collector System - Palawan 2nd District Engineering Office
2027,71,Rainwater Collector System,Albay 1st District Engineering Office,Region V,1,4200000.0,0.5025125628140703,0.23139501442913196,4200000.0,1,4200000.0,1,100.0,4200000.0,Rainwater Collector System - Albay 1st District Engineering Office
2027,72,Rainwater Collector System,Antique District Engineering Office,Region VI,1,4200000.0,0.5025125628140703,0.8317655213387464,4200000.0,1,4200000.0,1,100.0,4200000.0,Rainwater Collector System - Antique District Engineering Office
2027,73,Rainwater Collector System,Cebu 5th District Engineering Office,Region VII,1,4200000.0,0.5025125628140703,0.18744979023475855,4200000.0,1,4200000.0,1,100.0,4200000.0,Rainwater Collector System - Cebu 5th District Engineering Office
2027,74,Rainwater Collector System,Cebu City District Engineering Office,Region VII,1,4200000.0,0.5025125628140703,0.15524506542470615,4200000.0,1,4200000.0,1,100.0,4200000.0,Rainwater Collector System - Cebu City District Engineering Office
2027,75,Rainwater Collector System,Misamis Occidental 1st District Engineering Office,Region X,1,4200000.0,0.5025125628140703,0.28523695040951874,4200000.0,1,4200000.0,1,100.0,4200000.0,Rainwater Collector System - Misamis Occidental 1st District Engineering Office
2027,76,Rainwater Collector System,Sultan Kudarat 1st District Engineering Office,Region XII,1,4200000.0,0.5025125628140703,0.21818227154757724,4200000.0,1,4200000.0,1,100.0,4200000.0,Rainwater Collector System - Sultan Kudarat 1st District Engineering Office
2027,77,Rainwater Collector System,Agusan del Sur 2nd District Engineering Office,Region XIII,1,4200000.0,0.5025125628140703,0.8330027766759223,4200000.0,1,4200000.0,1,100.0,4200000.0,Rainwater Collector System - Agusan del Sur 2nd District Engineering Office
2027,78,Rainwater Collector System,Masbate 1st District Engineering Office,Region V,1,4200000.0,0.5025125628140703,0.3768009064753236,4200000.0,1,4200000.0,1,100.0,4200000.0,Rainwater Collector System - Masbate 1st District Engineering Office
2027,79,Rainwater Collector System,Sorsogon District Engineering Office,Region V,1,4200000.0,0.5025125628140703,0.34907117976916424,4200000.0,1,4200000.0,1,100.0,4200000.0,Rainwater Collector System - Sorsogon District Engineering Office
2027,80,Rainwater Collector System,Metro Manila 3rd District Engineering Office,NCR,1,4200000.0,0.5025125628140703,0.09310427612422859,4200000.0,1,4200000.0,1,100.0,4200000.0,Rainwater Collector System - Metro Manila 3rd District Engineering Office
2027,81,Rainwater Collector System,Palawan 3rd District Engineering Office,MIMAROPA,1,4200000.0,0.5025125628140703,0.1979582958430172,4200000.0,1,4200000.0,1,100.0,4200000.0,Rainwater Collector System - Palawan 3rd District Engineering Office
2027,82,Rainwater Collector System,Bohol 1st District Engineering Office,Region VII,1,4200000.0,0.5025125628140703,0.3679449834643772,4200000.0,1,4200000.0,1,100.0,4200000.0,Rainwater Collector System - Bohol 1st District Engineering Office
2027,83,Rainwater Collector System,Northern Samar 2nd District Engineering Office,Region VIII,1,4200000.0,0.5025125628140703,0.20085622137798845,4200000.0,1,4200000.0,1,100.0,4200000.0,Rainwater Collector System - Northern Samar 2nd District Engineering Office
2027,84,Rainwater Collector System,Cagayan 1st District Engineering Office,Region II,1,4200000.0,0.5025125628140703,0.1688413703165615,4200000.0,1,4200000.0,1,100.0,4200000.0,Rainwater Collector System - Cagayan 1st District Engineering Office
2027,85,Rainwater Collector System,Laguna 2nd District Engineering Office,Region IV-A,1,4200000.0,0.5025125628140703,0.09353949437894453,4200000.0,1,4200000.0,1,100.0,4200000.0,Rainwater Collector System - Laguna 2nd District Engineering Office
2027,86,Rainwater Collector System,Guimaras District Engineering Office,Region VI,1,4200000.0,0.5025125628140703,0.44737963357477634,4200000.0,1,4200000.0,1,100.0,4200000.0,Rainwater Collector System - Guimaras District Engineering Office
2027,87,Rainwater Collector System,Leyte 4th District Engineering Office,Region VIII,1,4200000.0,0.5025125628140703,0.1799663977026004,4200000.0,1,4200000.0,1,100.0,4200000.0,Rainwater Collector System - Leyte 4th District Engineering Office
2027,88,Rainwater Collector System,Zamboanga Sibugay 1st District Engineering Office,Region IX,1,4200000.0,0.5025125628140703,0.2465687319146238,4200000.0,1,4200000.0,1,100.0,4200000.0,Rainwater Collector System - Zamboanga Sibugay 1st District Engineering Office
2027,89,Rainwater Collector System,Cotabato 1st District Engineering Office,Region XII,1,4200000.0,0.5025125628140703,0.18111223611515978,4200000.0,1,4200000.0,1,100.0,4200000.0,Rainwater Collector System - Cotabato 1st District Engineering Office
2027,90,Rainwater Collector System,Bulacan 3rd District Engineering Office,Region III,1,4200000.0,0.5025125628140703,0.28930242297667397,4200000.0,1,4200000.0,1,100.0,4200000.0,Rainwater Collector System - Bulacan 3rd District Engineering Office
2027,91,Rainwater Collector System,Ilocos Norte 1st District Engineering Office,Region I,1,4200000.0,0.5025125628140703,0.11338480643593758,4200000.0,1,4200000.0,1,100.0,4200000.0,Rainwater Collector System - Ilocos Norte 1st District Engineering Office
2027,92,Rainwater Collector System,Apayao 2nd District Engineering Office,CAR,1,4200000.0,0.5025125628140703,0.2942631300909273,4200000.0,1,4200000.0,1,100.0,4200000.0,Rainwater Collector System - Apayao 2nd District Engineering Office
2027,93,Rainwater Collector System,Agusan del Sur 1st District Engineering Office,Region XIII,1,4200000.0,0.5025125628140703,0.8330027766759223,4200000.0,1,4200000.0,1,100.0,4200000.0,Rainwater Collector System - Agusan del Sur 1st District Engineering Office
2027,94,Rainwater Collector System,Zambales 1st District Engineering Office,Region III,1,4200000.0,0.5025125628140703,0.18750418536128038,4200000.0,1,4200000.0,1,100.0,4200000.0,Rainwater Collector System - Zambales 1st District Engineering Office
2027,95,Rainwater Collector System,Camarines Sur 2nd District Engineering Office,Region V,1,4200000.0,0.5025125628140703,0.2665067626091012,4200000.0,1,4200000.0,1,100.0,4200000.0,Rainwater Collector System - Camarines Sur 2nd District Engineering Office
2027,96,Rainwater Collector System,Capiz 2nd District Engineering Office,Region VI,1,4200000.0,0.5025125628140703,0.24689021203754377,4200000.0,1,4200000.0,1,100.0,4200000.0,Rainwater Collector System - Capiz 2nd District Engineering Office
2027,97,Rainwater Collector System,Leyte 3rd District Engineering Office,Region VIII,1,4200000.0,0.5025125628140703,0.3200916986504324,4200000.0,1,4200000.0,1,100.0,4200000.0,Rainwater Collector System - Leyte 3rd District Engineering Office
2027,98,Rainwater Collector System,Davao Oriental 2nd District Engineering Office,Region XI,1,4200000.0,0.5025125628140703,0.5201979229240078,4200000.0,1,4200000.0,1,100.0,4200000.0,Rainwater Collector System - Davao Oriental 2nd District Engineering Office
2027,99,Rainwater Collector System,Malabon Navotas District Engineering Office,NCR,1,4200000.0,0.5025125628140703,0.1399723321356812,4200000.0,1,4200000.0,1,100.0,4200000.0,Rainwater Collector System - Malabon-Navotas District Engineering Office
2027,100,Rainwater Collector System,Bulacan 2nd District Engineering Office,Region III,1,4200000.0,0.5025125628140703,0.08083156434096293,4200000.0,1,4200000.0,1,100.0,4200000.0,Rainwater Collector System - Bulacan 2nd District Engineering Office
2027,101,Rainwater Collector System,Tarlac 2nd District Engineering Office,Region III,1,4200000.0,0.5025125628140703,0.18714909544603867,4200000.0,1,4200000.0,1,100.0,4200000.0,Rainwater Collector System - Tarlac 2nd District Engineering Office
2027,102,Rainwater Collector System,Rizal 1st District Engineering Office,Region IV-A,1,4200000.0,0.5025125628140703,0.15368605013678058,4200000.0,1,4200000.0,1,100.0,4200000.0,Rainwater Collector System - Rizal 1st District Engineering Office
2027,103,Rainwater Collector System,Negros Occidental 2nd District Engineering Office,NIR,1,4200000.0,0.5025125628140703,0.2908800784545126,4200000.0,1,4200000.0,1,100.0,4200000.0,Rainwater Collector System - Negros Occidental 2nd District Engineering Office
2027,104,Rainwater Collector System,Negros Occidental 4th District Engineering Office,NIR,1,4200000.0,0.5025125628140703,0.31505040806529044,4200000.0,1,4200000.0,1,100.0,4200000.0,Rainwater Collector System - Negros Occidental 4th District Engineering Office
2027,105,Rainwater Collector System,Zamboanga del Norte 2nd District Engineering Office,Region IX,1,4200000.0,0.5025125628140703,0.22133174255534874,4200000.0,1,4200000.0,1,100.0,4200000.0,Rainwater Collector System - Zamboanga del Norte 2nd District Engineering Office
2027,106,Rainwater Collector System,Zamboanga del Sur 1st District Engineering Office,Region IX,1,4200000.0,0.5025125628140703,0.15058081170228022,4200000.0,1,4200000.0,1,100.0,4200000.0,Rainwater Collector System - Zamboanga del Sur 1st District Engineering Office
2027,107,Rainwater Collector System,Surigao del Norte 2nd District Engineering Office,Region XIII,1,4200000.0,0.5025125628140703,0.15103876913472405,4200000.0,1,4200000.0,1,100.0,4200000.0,Rainwater Collector System - Surigao del Norte 2nd District Engineering Office
2027,108,Rainwater Collector System,South Manila District Engineering Office,NCR,1,4200000.0,0.5025125628140703,0.08887805423084932,4200000.0,1,4200000.0,1,100.0,4200000.0,Rainwater Collector System - South Manila District Engineering Office
2027,109,Rainwater Collector System,Abra District Engineering Office,CAR,1,4200000.0,0.5025125628140703,0.19139488592864798,4200000.0,1,4200000.0,1,100.0,4200000.0,Rainwater Collector System - Abra District Engineering Office
2027,110,Rainwater Collector System,Isabela 3rd District Engineering Office,Region II,1,4200000.0,0.5025125628140703,0.13979566533583412,4200000.0,1,4200000.0,1,100.0,4200000.0,Rainwater Collector System - Isabela 3rd District Engineering Office
2027,111,Rainwater Collector System,Cavite 3rd District Engineering Office,Region IV-A,1,4200000.0,0.5025125628140703,0.11817760011119949,4200000.0,1,4200000.0,1,100.0,4200000.0,Rainwater Collector System - Cavite 3rd District Engineering Office
2027,112,Rainwater Collector System,Southern Mindoro District Engineering Office,MIMAROPA,1,4200000.0,0.5025125628140703,0.27429198381677294,4200000.0,1,4200000.0,1,100.0,4200000.0,Rainwater Collector System - Southern Mindoro District Engineering Office
2027,113,Rainwater Collector System,Camarines Sur 3rd District Engineering Office,Region V,1,4200000.0,0.5025125628140703,0.15914480130771558,4200000.0,1,4200000.0,1,100.0,4200000.0,Rainwater Collector System - Camarines Sur 3rd District Engineering Office
2027,114,Rainwater Collector System,Cotabato 2nd District Engineering Office,Region XII,1,4200000.0,0.5025125628140703,0.17071845234780553,4200000.0,1,4200000.0,1,100.0,4200000.0,Rainwater Collector System - Cotabato 2nd District Engineering Office
2027,115,Rainwater Collector System,Batangas 3rd District Engineering Office,Region IV-A,1,4200000.0,0.5025125628140703,0.17067592542924995,4200000.0,1,4200000.0,1,100.0,4200000.0,Rainwater Collector System - Batangas 3rd District Engineering Office
2027,116,Rainwater Collector System,Iloilo 3rd District Engineering Office,Region VI,1,4200000.0,0.5025125628140703,0.40514143776979283,4200000.0,1,4200000.0,1,100.0,4200000.0,Rainwater Collector System - Iloilo 3rd District Engineering Office
2027,117,Rainwater Collector System,Zamboanga del Norte 1st District Engineering Office,Region IX,1,4200000.0,0.5025125628140703,0.23439553576959588,4200000.0,1,4200000.0,1,100.0,4200000.0,Rainwater Collector System - Zamboanga del Norte 1st District Engineering Office
2027,118,Rainwater Collector System,Zamboanga del Norte 3rd District Engineering Office,Region IX,1,4200000.0,0.5025125628140703,0.4196764294728764,4200000.0,1,4200000.0,1,100.0,4200000.0,Rainwater Collector System - Zamboanga del Norte 3rd District Engineering Office
2027,119,Rainwater Collector System,Cagayan 3rd District Engineering Office,Region II,1,4200000.0,0.5025125628140703,0.17416285719972666,4200000.0,1,4200000.0,1,100.0,4200000.0,Rainwater Collector System - Cagayan 3rd District Engineering Office
2027,120,Rainwater Collector System,Nueva Ecija 2nd District Engineering Office,Region III,1,4200000.0,0.5025125628140703,0.18082801146449592,4200000.0,1,4200000.0,1,100.0,4200000.0,Rainwater Collector System - Nueva Ecija 2nd District Engineering Office
2027,121,Rainwater Collector System,Southern Leyte 1st District Engineering Office,Region VIII,1,4200000.0,0.5025125628140703,0.8349900596421471,4200000.0,1,4200000.0,1,100.0,4200000.0,Rainwater Collector System - Southern Leyte 1st District Engineering Office
2027,122,Rainwater Collector System,Davao City District Engineering Office,Region XI,1,4200000.0,0.5025125628140703,0.8330027766759223,4200000.0,1,4200000.0,1,100.0,4200000.0,Rainwater Collector System - Davao City District Engineering Office
2027,123,Rainwater Collector System,Masbate 2nd District Engineering Office,Region V,1,4200000.0,0.5025125628140703,0.22657290144941922,4200000.0,1,4200000.0,1,100.0,4200000.0,Rainwater Collector System - Masbate 2nd District Engineering Office
2027,124,Rainwater Collector System,La Union 1st District Engineering Office,Region I,1,4200000.0,0.5025125628140703,0.1860153648691382,4200000.0,1,4200000.0,1,100.0,4200000.0,Rainwater Collector System - La Union 1st District Engineering Office
2027,125,Rainwater Collector System,Cebu 6th District Engineering Office,Region VII,1,4200000.0,0.5025125628140703,0.08940771856834401,4200000.0,1,4200000.0,1,100.0,4200000.0,Rainwater Collector System - Cebu 6th District Engineering Office
2027,126,Rainwater Collector System,Las Piñas Muntinlupa District Engineering Office,NCR,1,4200000.0,0.5025125628140703,0.18109739849275222,4200000.0,1,4200000.0,1,100.0,4200000.0,Rainwater Collector System - Las Piñas-Muntinlupa District Engineering Office
2027,127,Rainwater Collector System,Nueva Vizcaya District Engineering Office,Region II,1,4200000.0,0.5025125628140703,0.2777682249023182,4200000.0,1,4200000.0,1,100.0,4200000.0,Rainwater Collector System - Nueva Vizcaya District Engineering Office
2027,128,Rainwater Collector System,Butuan City District Engineering Office,Region XIII,1,4200000.0,0.5025125628140703,0.047519552881738425,4200000.0,1,4200000.0,1,100.0,4200000.0,Rainwater Collector System - Butuan City District Engineering Office
2027,129,Rainwater Collector System,Iloilo 6th District Engineering Office,Region VI,1,4200000.0,0.5025125628140703,0.31255023128717113,4200000.0,1,4200000.0,1,100.0,4200000.0,Rainwater Collector System - Iloilo 6th District Engineering Office
2027,130,Rainwater Collector System,Pangasinan 1st District Engineering Office,Region I,1,4200000.0,0.5025125628140703,0.19765756955546343,4200000.0,1,4200000.0,1,100.0,4200000.0,Rainwater Collector System - Pangasinan 1st District Engineering Office
2027,131,Rainwater Collector System,Baguio City District Engineering Office,CAR,1,4200000.0,0.5025125628140703,0.2539209628682912,4200000.0,1,4200000.0,1,100.0,4200000.0,Rainwater Collector System - Baguio City District Engineering Office
2027,132,Rainwater Collector System,Romblon District Engineering Office,MIMAROPA,1,4200000.0,0.5025125628140703,0.19262997707703272,4200000.0,1,4200000.0,1,100.0,4200000.0,Rainwater Collector System - Romblon District Engineering Office
2027,133,Rainwater Collector System,Sorsogon 2nd District Engineering Office,Region V,1,4200000.0,0.5025125628140703,0.2552271430420523,4200000.0,1,4200000.0,1,100.0,4200000.0,Rainwater Collector System - Sorsogon 2nd District Engineering Office
2027,134,Rainwater Collector System,Cebu 7th District Engineering Office,Region VII,1,4200000.0,0.5025125628140703,0.274893037155721,4200000.0,1,4200000.0,1,100.0,4200000.0,Rainwater Collector System - Cebu 7th District Engineering Office
2027,135,Rainwater Collector System,Quezon City 2nd District Engineering Office,NCR,1,4200000.0,0.5025125628140703,0.16465596899449697,4200000.0,1,4200000.0,1,100.0,4200000.0,Rainwater Collector System - Quezon City 2nd District Engineering Office
2027,136,Rainwater Collector System,La Union 2nd District Engineering Office,Region I,1,4200000.0,0.5025125628140703,0.186492938134076,4200000.0,1,4200000.0,1,100.0,4200000.0,Rainwater Collector System - La Union 2nd District Engineering Office
2027,137,Rainwater Collector System,Pangasinan 3rd District Engineering Office,Region I,1,4200000.0,0.5025125628140703,0.09057541265726696,4200000.0,1,4200000.0,1,100.0,4200000.0,Rainwater Collector System - Pangasinan 3rd District Engineering Office
2027,138,Rainwater Collector System,Pangasinan 4th District Engineering Office,Region I,1,4200000.0,0.5025125628140703,0.17001804620118965,4200000.0,1,4200000.0,1,100.0,4200000.0,Rainwater Collector System - Pangasinan 4th District Engineering Office
2027,139,Rainwater Collector System,Batanes District Engineering Office,Region II,1,4200000.0,0.5025125628140703,0.4612085200587272,4200000.0,1,4200000.0,1,100.0,4200000.0,Rainwater Collector System - Batanes District Engineering Office
2027,140,Rainwater Collector System,Bataan 2nd District Engineering Office,Region III,1,4200000.0,0.5025125628140703,0.2985151005995889,4200000.0,1,4200000.0,1,100.0,4200000.0,Rainwater Collector System - Bataan 2nd District Engineering Office
2027,141,Rainwater Collector System,Aklan District Engineering Office,Region VI,1,4200000.0,0.5025125628140703,0.16243654822335024,4200000.0,1,4200000.0,1,100.0,4200000.0,Rainwater Collector System - Aklan District Engineering Office
2027,142,Rainwater Collector System,Iloilo City District Engineering Office,Region VI,1,4200000.0,0.5025125628140703,0.31571825903931444,4200000.0,1,4200000.0,1,100.0,4200000.0,Rainwater Collector System - Iloilo City District Engineering Office
2027,143,Rainwater Collector System,Negros Oriental 2nd District Engineering Office,NIR,1,4200000.0,0.5025125628140703,0.1906988887249282,4200000.0,1,4200000.0,1,100.0,4200000.0,Rainwater Collector System - Negros Oriental 2nd District Engineering Office
2027,144,Rainwater Collector System,Cebu 1st District Engineering Office,Region VII,1,4200000.0,0.5025125628140703,0.18533227429176596,4200000.0,1,4200000.0,1,100.0,4200000.0,Rainwater Collector System - Cebu 1st District Engineering Office
2027,145,Rainwater Collector System,Bukidnon 1st District Engineering Office,Region X,1,4200000.0,0.5025125628140703,0.060876623376623376,4200000.0,1,4200000.0,1,100.0,4200000.0,Rainwater Collector System - Bukidnon 1st District Engineering Office
2027,146,Rainwater Collector System,Zamboanga del Norte 4th District Engineering Office,Region IX,1,4200000.0,0.5025125628140703,0.26919125333524757,4200000.0,1,4200000.0,1,100.0,4200000.0,Rainwater Collector System - Zamboanga del Norte 4th District Engineering Office
2027,147,Rainwater Collector System,Iligan City District Engineering Office,Region X,1,4200000.0,0.5025125628140703,0.20642878207018578,4200000.0,1,4200000.0,1,100.0,4200000.0,Rainwater Collector System - Iligan City District Engineering Office
2027,148,Rainwater Collector System,Davao de Oro 2nd District Engineering Office,Region XI,1,4200000.0,0.5025125628140703,0.25990420673523185,4200000.0,1,4200000.0,1,100.0,4200000.0,Rainwater Collector System - Davao de Oro 2nd District Engineering Office
2027,149,Rainwater Collector System,Davao del Norte 2nd District Engineering Office,Region XI,1,4200000.0,0.5025125628140703,0.1986117981082699,4200000.0,1,4200000.0,1,100.0,4200000.0,Rainwater Collector System - Davao del Norte 2nd District Engineering Office
2027,150,Rainwater Collector System,Cotabato 3rd District Engineering Office,Region XII,1,4200000.0,0.5025125628140703,0.1432292465937016,4200000.0,1,4200000.0,1,100.0,4200000.0,Rainwater Collector System - Cotabato 3rd District Engineering Office
2027,151,Rainwater Collector System,Quezon City 1st District Engineering Office,NCR,1,4200000.0,0.5025125628140703,0.08069393711867312,4200000.0,1,4200000.0,1,100.0,4200000.0,Rainwater Collector System - Quezon City 1st District Engineering Office
2027,152,Rainwater Collector System,Pangasinan 2nd District Engineering Office,Region I,1,4200000.0,0.5025125628140703,0.1126061212151273,4200000.0,1,4200000.0,1,100.0,4200000.0,Rainwater Collector System - Pangasinan 2nd District Engineering Office
2027,153,Rainwater Collector System,Iloilo 2nd District Engineering Office,Region VI,1,4200000.0,0.5025125628140703,0.28236471032742205,4200000.0,1,4200000.0,1,100.0,4200000.0,Rainwater Collector System - Iloilo 2nd District Engineering Office
2027,154,Rainwater Collector System,Iloilo 4th District Engineering Office,Region VI,1,4200000.0,0.5025125628140703,0.34933044997088913,4200000.0,1,4200000.0,1,100.0,4200000.0,Rainwater Collector System - Iloilo 4th District Engineering Office
2027,155,Rainwater Collector System,Negros Oriental 1st District Engineering Office,NIR,1,4200000.0,0.5025125628140703,0.2565062505076686,4200000.0,1,4200000.0,1,100.0,4200000.0,Rainwater Collector System - Negros Oriental 1st District Engineering Office
2027,156,Rainwater Collector System,Davao del Norte District Engineering Office,Region XI,1,4200000.0,0.5025125628140703,0.1414027149321267,4200000.0,1,4200000.0,1,100.0,4200000.0,Rainwater Collector System - Davao del Norte District Engineering Office
2027,157,Rainwater Collector System,Davao Oriental 1st District Engineering Office,Region XI,1,4200000.0,0.5025125628140703,0.295653679726816,4200000.0,1,4200000.0,1,100.0,4200000.0,Rainwater Collector System - Davao Oriental 1st District Engineering Office
2027,158,Rainwater Collector System,South Cotabato 1st District Engineering Office,Region XII,1,4200000.0,0.5025125628140703,0.4182433778131846,4200000.0,1,4200000.0,1,100.0,4200000.0,Rainwater Collector System - South Cotabato 1st District Engineering Office
2027,159,Rainwater Collector System,Zambales 2nd District Engineering Office,Region III,1,4200000.0,0.5025125628140703,0.19686183486479342,4200000.0,1,4200000.0,1,100.0,4200000.0,Rainwater Collector System - Zambales 2nd District Engineering Office
2027,160,Rainwater Collector System,Dinagat Islands District Engineering Office,Region XIII,1,4200000.0,0.5025125628140703,0.35995731934642033,4200000.0,1,4200000.0,1,100.0,4200000.0,Rainwater Collector System - Dinagat Islands District Engineering Office
2027,161,Rainwater Collector System,Davao City 2nd District Engineering Office,Region XI,1,4200000.0,0.5025125628140703,0.16771823336794187,4200000.0,1,4200000.0,1,100.0,4200000.0,Rainwater Collector System - Davao City 2nd District Engineering Office
2027,162,Rainwater Collector System,Camarines Norte Sub District Engineering Office,Region V,1,4200000.0,0.5025125628140703,0.29763908426375074,4200000.0,1,4200000.0,1,100.0,4200000.0,Rainwater Collector System - Camarines Norte Sub District Engineering Office
2027,163,Rainwater Collector System,Isabela 2nd District Engineering Office,Region II,1,4200000.0,0.5025125628140703,0.19194857971761622,4200000.0,1,4200000.0,1,100.0,4200000.0,Rainwater Collector System - Isabela 2nd District Engineering Office
2027,164,Rainwater Collector System,Laguna 1st District Engineering Office,Region IV-A,1,4200000.0,0.5025125628140703,0.28935225054046865,4200000.0,1,4200000.0,1,100.0,4200000.0,Rainwater Collector System - Laguna 1st District Engineering Office
2027,165,Rainwater Collector System,Rizal 2nd District Engineering Office,Region IV-A,1,4200000.0,0.5025125628140703,0.2792181890706023,4200000.0,1,4200000.0,1,100.0,4200000.0,Rainwater Collector System - Rizal 2nd District Engineering Office
2027,166,Rainwater Collector System,Marinduque District Engineering Office,MIMAROPA,1,4200000.0,0.5025125628140703,0.2508759752803539,4200000.0,1,4200000.0,1,100.0,4200000.0,Rainwater Collector System - Marinduque District Engineering Office
2027,167,Rainwater Collector System,Bohol 2nd District Engineering Office,Region VII,1,4200000.0,0.5025125628140703,0.7378777231201686,4200000.0,1,4200000.0,1,100.0,4200000.0,Rainwater Collector System - Bohol 2nd District Engineering Office
2027,168,Rainwater Collector System,Batangas 2nd District Engineering Office,Region IV-A,1,4200000.0,0.5025125628140703,0.09423757427098822,4200000.0,1,4200000.0,1,100.0,4200000.0,Rainwater Collector System - Batangas 2nd District Engineering Office
2027,169,Rainwater Collector System,Metro Manila 1st District Engineering Office,NCR,1,4200000.0,0.5025125628140703,0.13974673233875806,4200000.0,1,4200000.0,1,100.0,4200000.0,Rainwater Collector System - Metro Manila 1st District Engineering Office
2027,170,Rainwater Collector System,Batangas 4th District Engineering Office,Region IV-A,1,4200000.0,0.5025125628140703,0.08405350846348786,4200000.0,1,4200000.0,1,100.0,4200000.0,Rainwater Collector System - Batangas 4th District Engineering Office
2027,171,Rainwater Collector System,Mindoro Occidental District Engineering Office,MIMAROPA,1,4200000.0,0.5025125628140703,0.142122360584732,4200000.0,1,4200000.0,1,100.0,4200000.0,Rainwater Collector System - Mindoro Occidental District Engineering Office
2027,172,Rainwater Collector System,Catanduanes District Engineering Office,Region V,1,4200000.0,0.5025125628140703,0.25147667703508997,4200000.0,1,4200000.0,1,100.0,4200000.0,Rainwater Collector System - Catanduanes District Engineering Office
2027,173,Rainwater Collector System,Cebu 2nd District Engineering Office,Region VII,1,4200000.0,0.5025125628140703,0.3888395638701387,4200000.0,1,4200000.0,1,100.0,4200000.0,Rainwater Collector System - Cebu 2nd District Engineering Office
2027,174,Rainwater Collector System,Nueva Ecija 1st District Engineering Office,Region III,1,4200000.0,0.5025125628140703,0.08095489771348674,4200000.0,1,4200000.0,1,100.0,4200000.0,Rainwater Collector System - Nueva Ecija 1st District Engineering Office
2027,175,Rainwater Collector System,Misamis Oriental 2nd District Engineering Office,Region X,1,4200000.0,0.5025125628140703,0.07634070639146205,4200000.0,1,4200000.0,1,100.0,4200000.0,Rainwater Collector System - Misamis Oriental 2nd District Engineering Office
2027,176,Rainwater Collector System,Sulu 2nd District Engineering Office,Region IX,1,4200000.0,0.5025125628140703,1.0505252626313157,4200000.0,1,4200000.0,1,100.0,4200000.0,Rainwater Collector System - Sulu 2nd District Engineering Office
2027,177,Rainwater Collector System,Zamboanga City 2nd District Engineering Office,Region IX,1,4200000.0,0.5025125628140703,0.4146072040963192,4200000.0,1,4200000.0,1,100.0,4200000.0,Rainwater Collector System - Zamboanga City 2nd District Engineering Office
2027,178,Rainwater Collector System,Ilocos Sur 1st District Engineering Office,Region I,1,4200000.0,0.5025125628140703,0.8248232521602514,4200000.0,1,4200000.0,1,100.0,4200000.0,Rainwater Collector System - Ilocos Sur 1st District Engineering Office
2027,179,Rainwater Collector System,Lower Kalinga District Engineering Office,CAR,1,4200000.0,0.5025125628140703,0.2852169992047878,4200000.0,1,4200000.0,1,100.0,4200000.0,Rainwater Collector System - Lower Kalinga District Engineering Office
2027,180,Rainwater Collector System,Camarines Norte District Engineering Office,Region V,1,4200000.0,0.5025125628140703,0.1982597514294764,4200000.0,1,4200000.0,1,100.0,4200000.0,Rainwater Collector System - Camarines Norte District Engineering Office
2027,181,Rainwater Collector System,Cebu 3rd District Engineering Office,Region VII,1,4200000.0,0.5025125628140703,0.7578491519307109,4200000.0,1,4200000.0,1,100.0,4200000.0,Rainwater Collector System - Cebu 3rd District Engineering Office
2027,182,Rainwater Collector System,Cebu 4th District Engineering Office,Region VII,1,4200000.0,0.5025125628140703,0.7378777231201686,4200000.0,1,4200000.0,1,100.0,4200000.0,Rainwater Collector System - Cebu 4th District Engineering Office
2027,183,Rainwater Collector System,Zamboanga del Sur 2nd District Engineering Office,Region IX,1,4200000.0,0.5025125628140703,0.20781122823857717,4200000.0,1,4200000.0,1,100.0,4200000.0,Rainwater Collector System - Zamboanga del Sur 2nd District Engineering Office
2027,184,Rainwater Collector System,Apayao 1st District Engineering Office,CAR,1,4200000.0,0.5025125628140703,0.34339030887140687,4200000.0,1,4200000.0,1,100.0,4200000.0,Rainwater Collector System - Apayao 1st District Engineering Office
2027,185,Rainwater Collector System,Bulacan 1st District Engineering Office,Region III,1,4200000.0,0.5025125628140703,0.10113916411852161,4200000.0,1,4200000.0,1,100.0,4200000.0,Rainwater Collector System - Bulacan 1st District Engineering Office
2027,186,Rainwater Collector System,Negros Oriental 3rd District Engineering Office,NIR,1,4200000.0,0.5025125628140703,0.21101180158861743,4200000.0,1,4200000.0,1,100.0,4200000.0,Rainwater Collector System - Negros Oriental 3rd District Engineering Office
2027,187,Rainwater Collector System,Leyte 2nd District Engineering Office,Region VIII,1,4200000.0,0.5025125628140703,0.20808056086628893,4200000.0,1,4200000.0,1,100.0,4200000.0,Rainwater Collector System - Leyte 2nd District Engineering Office
2027,188,Rainwater Collector System,Misamis Occidental 2nd District Engineering Office,Region X,1,4200000.0,0.5025125628140703,0.16152727888069288,4200000.0,1,4200000.0,1,100.0,4200000.0,Rainwater Collector System - Misamis Occidental 2nd District Engineering Office
2027,189,Rainwater Collector System,Davao City 3rd District Engineering Office,Region XI,1,4200000.0,0.5025125628140703,0.8320126782884311,4200000.0,1,4200000.0,1,100.0,4200000.0,Rainwater Collector System - Davao City 3rd District Engineering Office
2027,190,Rainwater Collector System,Benguet 1st District Engineering Office,CAR,1,4200000.0,0.5025125628140703,0.4244838226183173,4200000.0,1,4200000.0,1,100.0,4200000.0,Rainwater Collector System - Benguet 1st District Engineering Office
2027,191,Rainwater Collector System,Aurora District Engineering Office,Region III,1,4200000.0,0.5025125628140703,0.2347417840375587,4200000.0,1,4200000.0,1,100.0,4200000.0,Rainwater Collector System - Aurora District Engineering Office
2027,192,Rainwater Collector System,Bataan 1st District Engineering Office,Region III,1,4200000.0,0.5025125628140703,0.19152580399796434,4200000.0,1,4200000.0,1,100.0,4200000.0,Rainwater Collector System - Bataan 1st District Engineering Office
2027,193,Rainwater Collector System,Quezon 2nd District Engineering Office,Region IV-A,1,4200000.0,0.5025125628140703,0.19255932431850045,4200000.0,1,4200000.0,1,100.0,4200000.0,Rainwater Collector System - Quezon 2nd District Engineering Office
2027,194,Rainwater Collector System,Quezon 3rd District Engineering Office,Region IV-A,1,4200000.0,0.5025125628140703,0.13631052836557186,4200000.0,1,4200000.0,1,100.0,4200000.0,Rainwater Collector System - Quezon 3rd District Engineering Office
2027,195,Rainwater Collector System,Mindoro Oriental District Engineering Office,MIMAROPA,1,4200000.0,0.5025125628140703,0.2128741199302381,4200000.0,1,4200000.0,1,100.0,4200000.0,Rainwater Collector System - Mindoro Oriental District Engineering Office
2027,196,Rainwater Collector System,Albay 3rd District Engineering Office,Region V,1,4200000.0,0.5025125628140703,0.14868230308887484,4200000.0,1,4200000.0,1,100.0,4200000.0,Rainwater Collector System - Albay 3rd District Engineering Office
2027,197,Rainwater Collector System,Camarines Sur 5th District Engineering Office,Region V,1,4200000.0,0.5025125628140703,0.1635372006247121,4200000.0,1,4200000.0,1,100.0,4200000.0,Rainwater Collector System - Camarines Sur 5th District Engineering Office
2027,198,Rainwater Collector System,Masbate 3rd District Engineering Office,Region V,1,4200000.0,0.5025125628140703,0.3016859937249313,4200000.0,1,4200000.0,1,100.0,4200000.0,Rainwater Collector System - Masbate 3rd District Engineering Office
2027,199,Rainwater Collector System,Biliran District Engineering Office,Region VIII,1,4200000.0,0.5025125628140703,0.23679327777712003,4200000.0,1,4200000.0,1,100.0,4200000.0,Rainwater Collector System - Biliran District Engineering Office
2027,1,Water Supply System,Butuan City District Engineering Office,Region XIII,3,850000000.0,15.099300103030519,9.617052368923254,300000000.0,2,300000000.0,2,66.66666666666667,300000000.0,"Construction of Butuan City Water System, Main Bypass Pipeline , (Barangay Villa Kanangga - Barangay Bancasi Section ), Butuan City"
2027,2,Water Supply System,Abra District Engineering Office,CAR,13,660000000.0,11.724162432941343,30.07633921735897,50000000.0,7,60000000.0,3,23.076923076923077,100000000.0,"Construction of Bucay Water Supply System, Bucay, Abra"
2027,3,Water Supply System,Pangasinan 3rd District Engineering Office,Region I,62,400000000.0,7.105552989661421,8.626229776882568,5000000.0,5,5000000.0,43,69.35483870967742,15000000.0,"Construction of Public Water Supply System, Barangay Bantog, Asingan, Pangasinan"
2027,4,Water Supply System,Zambales 2nd District Engineering Office,Region III,4,335000000.0,5.950900628841439,15.702074923739476,35000000.0,4,30000000.0,1,25.0,250000000.0,"Construction of Water Supply, Subic, Zambales"
2027,5,Water Supply System,Negros Oriental 3rd District Engineering Office,NIR,4,285000000.0,5.062706505133762,14.318657964941897,12500000.0,3,10000000.0,2,50.0,250000000.0,"Construction of Waterworks System, Valencia, Negros Oriental"
2027,6,Water Supply System,Davao del Sur District Engineering Office,Region XI,45,203000000.0,3.606068142253171,7.972258112656254,5000000.0,6,5000000.0,31,68.88888888888889,10000000.0,"Construction of Public Water Supply System, Barangay Poblacion, Magsaysay, Davao del Sur"
2027,7,Water Supply System,Cavite 2nd District Engineering Office,Region IV-A,8,180000000.0,3.1974988453476394,8.38818272817255,22500000.0,2,15000000.0,4,50.0,30000000.0,"Construction of Public Water Supply System, Barangay Maitim 2nd East, Tagaytay City, Cavite"
2027,8,Water Supply System,Isabela 1st District Engineering Office,Region II,7,145000000.0,2.575762958752265,6.3070296847964045,15000000.0,3,15000000.0,5,71.42857142857143,50000000.0,"Rehabilitation of Water Supply System, Barangay Poblacion 1, Santa Maria, Isabela, 17.469815, 121.751574"
2027,9,Water Supply System,Davao de Oro 1st District Engineering Office,Region XI,15,144500000.0,2.566881017515188,9.482622847543048,10000000.0,6,10000000.0,9,60.0,20000000.0,"Construction of Water System Level II, Highland Side, Pantukan, Davao de Oro"
2027,10,Water Supply System,La Union 2nd District Engineering Office,Region I,11,143000000.0,2.540235193803958,6.349640512660207,14000000.0,4,14000000.0,8,72.72727272727273,20000000.0,"Construction of Water System, Barangay Pangaoaoan East, Aringay, La Union"
2027,11,Water Supply System,Nueva Ecija 1st District Engineering Office,Region III,20,120000000.0,2.131665896898426,2.3129970775281925,6000000.0,1,6000000.0,20,100.0,6000000.0,"Construction of Water System, Barangay San Agustin, Carranglan, Nueva Ecija"
2027,12,Water Supply System,Albay 3rd District Engineering Office,Region V,2,100000000.0,1.7763882474153552,3.5400548354494012,50000000.0,1,50000000.0,2,100.0,50000000.0,"Construction of Water System, Oas, Albay"
2027,13,Water Supply System,Zamboanga del Norte 1st District Engineering Office,Region IX,1,100000000.0,1.7763882474153552,5.580846089752283,100000000.0,1,100000000.0,1,100.0,100000000.0,"Construction of Water System - Level II/III, Brgy. Opao, Dapitan City to Dapitan City, Zamboanga del Norte"
2027,14,Water Supply System,Bohol 2nd District Engineering Office,Region VII,2,95000000.0,1.6875688350445874,16.69009135628953,47500000.0,2,45000000.0,1,50.0,50000000.0,"Construction of Water System, Inabanga, Bohol"
2027,15,Water Supply System,Batangas 2nd District Engineering Office,Region IV-A,13,85000000.0,1.5099300103030517,1.9071890031033332,5000000.0,5,10000000.0,4,30.76923076923077,12000000.0,"Construction of Water Supply System at Sitio Sta. Monic, Barangay San Tedoro, Mabini, Batangas"
2027,16,Water Supply System,Palawan 1st District Engineering Office,MIMAROPA,10,84000000.0,1.4921661278288982,3.1269159339818704,8500000.0,5,10000000.0,4,40.0,15000000.0,"Construction of Water Supply System (Lake Manguao), Barangay Bantolan, Taytay, Palawan"
2027,17,Water Supply System,Albay 1st District Engineering Office,Region V,2,80000000.0,1.421110597932284,4.407524084364418,40000000.0,2,30000000.0,1,50.0,50000000.0,"Construction of Malinao Water System, Malinao, Albay"
2027,18,Water Supply System,Zamboanga Sibugay 1st District Engineering Office,Region IX,9,66000000.0,1.1724162432941343,3.874651501515517,5000000.0,4,5000000.0,4,44.44444444444444,20000000.0,"Construction of Public Water Supply System in Brgy. Goling, Diplahan, Zamboanga Sibugay"
2027,19,Water Supply System,Cagayan 3rd District Engineering Office,Region II,12,65000000.0,1.1546523608199808,2.6953775519005316,5000000.0,2,5000000.0,11,91.66666666666667,10000000.0,"Construction (Completion) of Water Supply System (Level II), Barangay Quibal, Peñablanca, Cagayan"
2027,20,Water Supply System,Mindoro Occidental District Engineering Office,MIMAROPA,7,61500000.0,1.0924787721604434,2.0810774228478612,5000000.0,4,5000000.0,4,57.142857142857146,30000000.0,"Construction of Level III Water System with Desalination Facility, Barangay Poblacion, Looc, Occidental Mindoro"
2027,21,Water Supply System,Cagayan de Oro City 1st District Engineering Office,Region X,6,60000000.0,1.065832948449213,2.049040366095212,10000000.0,1,10000000.0,6,100.0,10000000.0,"Construction of Solar Water System in Barangay Balulang, Cagayan de Oro City"
2027,22,Water Supply System,Misamis Occidental 1st District Engineering Office,Region X,1,60000000.0,1.065832948449213,4.07481357727884,60000000.0,1,60000000.0,1,100.0,60000000.0,"Construction of Water Supply System, Aloran, Misamis occidental"
2027,23,Water Supply System,Davao del Norte 2nd District Engineering Office,Region XI,6,60000000.0,1.065832948449213,2.837311401546713,5000000.0,3,5000000.0,4,66.66666666666667,25000000.0,"Construction of Water System Facility, Samal and Kaputian District, IGACOS, Davao del Norte"
2027,24,Water Supply System,Camarines Sur 1st District Engineering Office,Region V,5,57000000.0,1.0125413010267523,0.9514778036086381,8000000.0,2,8000000.0,4,80.0,25000000.0,"Construction of Water System, Cabusao, Camarines Sur"
2027,25,Water Supply System,Isabela 3rd District Engineering Office,Region II,2,55000000.0,0.9770135360784453,1.8306575222549706,27500000.0,2,30000000.0,1,50.0,30000000.0,"Construction of Public Water Supply System (Level II) at Barangays Andabuen, Balliao, Capuseran, Gomez, Guilingan, Makindol, Maluno Norte, Maluno Sur, Nacalma, Santiago, Villaluz, Yeban Norte, Yeban Sur, Municipality of Benito Soliven, Isabela"
2027,26,Water Supply System,Palawan 2nd District Engineering Office,MIMAROPA,1,50000000.0,0.8881941237076776,1.79809157752328,50000000.0,1,50000000.0,1,100.0,50000000.0,"Construction of Water Supply System at Poblacion , Barangay Marangas, Bataraza Palawan"
2027,27,Water Supply System,Bohol 1st District Engineering Office,Region VII,1,50000000.0,0.8881941237076776,4.380297422194967,50000000.0,1,50000000.0,1,100.0,50000000.0,Improvement/Rehabilitation of Baclayon Waterworks System
2027,28,Water Supply System,Northern Samar 1st District Engineering Office,Region VIII,4,39900000.0,0.7087789107187267,2.2496515577286527,9000000.0,3,3000000.0,2,50.0,18900000.0,"Construction of Water Supply System Level II, Barangay San Pedro, Biri, Northern Samar (12.651643, 124.389982)"
2027,29,Water Supply System,Quezon 1st District Engineering Office,Region IV-A,6,38500000.0,0.6839094752549117,1.0058122887794194,6500000.0,6,5000000.0,1,16.666666666666668,10000000.0,"Construction of Water Supply System Level II, Barangay Ungos, Real Quezon"
2027,30,Water Supply System,Zambales 1st District Engineering Office,Region III,2,37000000.0,0.6572636515436814,1.6518225853255653,18500000.0,2,30000000.0,1,50.0,30000000.0,"Construction of Solar Water System in Barangay Salaza, Garreta and Bulawen, Palauig, Zambales 15.455430, 119.956124"
2027,31,Water Supply System,Davao del Norte District Engineering Office,Region XI,4,36000000.0,0.6394997690695279,1.2120232708468002,10000000.0,2,10000000.0,3,75.0,10000000.0,"Construction of Water Supply System Level II, Barangay Libuton, Sawata, Davao del Norte"
2027,32,Water Supply System,Cebu 5th District Engineering Office,Region VII,4,35000000.0,0.6217358865953743,1.5620815852896546,6250000.0,3,2500000.0,2,50.0,20000000.0,"Rehabilitation of Water Distribution Lines - Barangay Upper Pob., Lower Pob., Villahermosa, Esperanza, Dapdap, Imelda, Lanao, Biasong, Cawit, Moabog, Montserrat, San Isidro & San Juan, Pilar, Cebu"
2027,33,Water Supply System,Bacolod City District Engineering Office,NIR,4,31500000.0,0.5595622979358369,1.3800221854995154,5750000.0,3,5000000.0,2,50.0,15000000.0,"Construction of Water System (Level 2), Barangay Cabug, Bacolod City"
2027,34,Water Supply System,Lanao del Norte 1st District Engineering Office,Region X,5,30000000.0,0.5329164742246065,2.1706868993980684,5000000.0,2,5000000.0,4,80.0,10000000.0,"Construction of Solar Water System, Barangay Banco, Matungao (Sabmersible)"
2027,35,Water Supply System,Rizal 1st District Engineering Office,Region IV-A,3,30000000.0,0.5329164742246065,1.0977575009770042,10000000.0,1,10000000.0,3,100.0,10000000.0,"Construction of Solar Water System at Canumay Elementary School, Barangay San Jose, Antipolo City 2nd L.D."
2027,36,Water Supply System,Benguet 2nd District Engineering Office,CAR,1,30000000.0,0.5329164742246065,3.885003885003885,30000000.0,1,30000000.0,1,100.0,30000000.0,"Construction of Waterworks at Sayangan, Paoay, Atok, Benguet"
2027,37,Water Supply System,Guimaras District Engineering Office,Region VI,2,30000000.0,0.5329164742246065,3.1955688112484024,15000000.0,2,20000000.0,1,50.0,20000000.0,"Construction of Public Water Supply System (Level III), Municipality of Nueva Valencia, Guimaras"
2027,38,Water Supply System,Isabela 4th District Engineering Office,Region II,1,30000000.0,0.5329164742246065,0.5124828873422534,30000000.0,1,30000000.0,1,100.0,30000000.0,"Construction of Public Water Supply System (Level II) at Barangays Buena Suerte, Carabatan Bacareno, Dabburab, Disimuray, Gappal, Guayabal, Linglingay, Minante 2 (Purok 2), Santa Luciana, San Luis, Tagaran (Purok 3), Villa Luna (Purok 12), City of Cauayan, Isabela"
2027,39,Water Supply System,Quezon 4th District Engineering Office,Region IV-A,7,30000000.0,0.5329164742246065,0.41341982811106,5000000.0,3,3000000.0,3,42.857142857142854,6000000.0,"Construction (Completion) of Water Supply System, Barangay Matinik, Lopez, Quezon"
2027,40,Water Supply System,Misamis Oriental 2nd District Engineering Office,Region X,6,30000000.0,0.5329164742246065,0.5452907599390147,5000000.0,1,5000000.0,6,100.0,5000000.0,"Construction of New Water System, Barangay Tipolohon, Claveria, Misamis Oriental"
2027,41,Water Supply System,Catanduanes District Engineering Office,Region V,6,28500000.0,0.5062706505133762,1.7064488798809676,4000000.0,4,4000000.0,2,33.333333333333336,8500000.0,"Construction of Water System Level II and III at Progreso,Mabato,Obo,Boton , San Miguel ,Catanduanes"
2027,42,Water Supply System,Batangas 3rd District Engineering Office,Region IV-A,6,28000000.0,0.4973887092762994,1.1378395028616664,5000000.0,2,5000000.0,5,83.33333333333333,5000000.0,"Rehabilitation of Water System, Barangay San Jose, Sto Tomas City, Batangas"
2027,43,Water Supply System,Quezon 2nd District Engineering Office,Region IV-A,3,27500000.0,0.48850676803922266,1.2608050997044673,10000000.0,2,10000000.0,2,66.66666666666667,10000000.0,"Construction of Water Supply System, Barangay Silanganan, Dolores, Quezon"
2027,44,Water Supply System,Batangas 4th District Engineering Office,Region IV-A,5,25000000.0,0.4440970618538388,0.5003185027588563,5000000.0,1,5000000.0,5,100.0,5000000.0,"Construction of Water Supply System at Barangay San Felipe, Padre Garcia, Batangas"
2027,45,Water Supply System,Cebu 1st District Engineering Office,Region VII,7,25000000.0,0.4440970618538388,1.1031682993557497,2500000.0,2,2500000.0,4,57.142857142857146,5000000.0,"Construction of Public Water System Level II, Jaguimit, Naga City, Cebu"
2027,46,Water Supply System,Cotabato 3rd District Engineering Office,Region XII,5,25000000.0,0.4440970618538388,0.8525550392482237,5000000.0,1,5000000.0,5,100.0,5000000.0,"Construction of Solar Water System, Barangay Pantar, Banisilan, Cotabato"
2027,47,Water Supply System,Capiz 2nd District Engineering Office,Region VI,2,22000000.0,0.3908054144313781,1.2932344440061816,11000000.0,2,10000000.0,1,50.0,12000000.0,"Construction of Water Supply System, Barangay Balingasag, Cuartero, Capiz"
2027,48,Water Supply System,Cebu 2nd District Engineering Office,Region VII,4,20000000.0,0.355277649483071,1.8516169708101842,5000000.0,1,5000000.0,4,100.0,5000000.0,"Construction of Water Supply System, Barangay Nueva Caceres, Oslob, Cebu"
2027,49,Water Supply System,Bataan 3rd District Engineering Office,Region III,3,20000000.0,0.355277649483071,1.0801299828421351,5000000.0,2,5000000.0,2,66.66666666666667,10000000.0,"Construction of Water Supply System, Barangay Saysain, Bagac, Bataan"
2027,50,Water Supply System,Zamboanga del Norte 2nd District Engineering Office,Region IX,4,20000000.0,0.355277649483071,1.053960678834994,5000000.0,1,5000000.0,4,100.0,5000000.0,"Construction of Public Water Supply System, Brgy. Libuton, Manukan, Zamboanga del Norte"
2027,51,Water Supply System,Bataan 1st District Engineering Office,Region III,4,20000000.0,0.355277649483071,0.9120276380855445,5000000.0,1,5000000.0,4,100.0,5000000.0,"Construction of Water System, Barangay Gugo, Samal, Bataan"
2027,52,Water Supply System,Laguna 2nd District Engineering Office,Region IV-A,2,20000000.0,0.355277649483071,0.44542616370925964,10000000.0,1,10000000.0,2,100.0,10000000.0,"Construction of Solar Water System at Barangay Chrysanthemum, San Pedro City, Laguna"
2027,53,Water Supply System,Bulacan 2nd District Engineering Office,Region III,2,20000000.0,0.355277649483071,0.38491221114744256,10000000.0,1,10000000.0,2,100.0,10000000.0,"Construction of Solar-Powered Water System at Ospital ng Meycauayan, Barangay Malhacan, Meycauyan City, Bulacan"
2027,54,Water Supply System,Tarlac District Engineering Office,Region III,1,20000000.0,0.355277649483071,0.6023588372065006,20000000.0,1,20000000.0,1,100.0,20000000.0,"Rehabilitation of Public Water Supply System (Level 3), Barangay Maasin, Municipality of Pura, Province of Tarlac"
2027,55,Water Supply System,Negros Occidental 3rd District Engineering Office,NIR,2,18000000.0,0.31974988453476394,1.0490005647119707,9000000.0,1,9000000.0,2,100.0,9000000.0,"Construction of Water Supply System Level 2, Barangay Oringao, Kabankalan, Negros Occidental"
2027,56,Water Supply System,Surigao del Norte 2nd District Engineering Office,Region XIII,5,17500000.0,0.31086794329768713,0.629328204728017,3500000.0,1,3500000.0,5,100.0,3500000.0,"Rehabilitation of Water Supply System, Barangay Amoslog, Placer, Surigao del Norte"
2027,57,Water Supply System,Leyte 5th District Engineering Office,Region VIII,7,17500000.0,0.31086794329768713,0.7709910009930364,2500000.0,1,2500000.0,7,100.0,2500000.0,"Construction (Completion) of Public Water Supply System, Barangay New Taligue, Abuyog, Leyte"
2027,58,Water Supply System,Cotabato 2nd District Engineering Office,Region XII,3,17000000.0,0.3019860020606104,0.6910032595030223,5000000.0,3,2000000.0,1,33.333333333333336,10000000.0,"Construction of Solar Water System, BSP Camp Old Bulatukan, Makilala, North Cotabato"
2027,59,Water Supply System,Siquijor District Engineering Office,NIR,2,16000000.0,0.2842221195864568,1.3853605487413134,8000000.0,1,8000000.0,2,100.0,8000000.0,"Construction of Water Supply System (Level III), Barangay Tag-Ibo, San Juan, Siquijor"
2027,60,Water Supply System,Ilocos Sur 2nd District Engineering Office,Region I,1,15000000.0,0.26645823711230326,2.9643331436160123,15000000.0,1,15000000.0,1,100.0,15000000.0,"Construction of Solar Water System, Poblacion Sur, Salcedo, Ilocos Sur"
2027,61,Water Supply System,Negros Occidental 1st District Engineering Office,NIR,3,15000000.0,0.26645823711230326,0.5068295278882947,5000000.0,1,5000000.0,3,100.0,5000000.0,"Construction of Water System, Barangay Purisima, Municipality of Manapla, Negros Occidental"
2027,62,Water Supply System,Cagayan 1st District Engineering Office,Region II,2,15000000.0,0.26645823711230326,0.6030048939877196,7500000.0,2,5000000.0,1,50.0,10000000.0,"Construction of of Water Supply (Level II), Palaui Island, Barangay San Vicente, Sta. Ana, Cagayan"
2027,63,Water Supply System,Negros Occidental 4th District Engineering Office,NIR,3,14000000.0,0.2486943546381497,1.0501680268843014,5000000.0,2,5000000.0,2,66.66666666666667,5000000.0,"Construction of Water Supply System at Purok Ramos, Barangay Dulao, Bago City, Negros Occidental"
2027,64,Water Supply System,Iligan City District Engineering Office,Region X,1,12000000.0,0.21316658968984262,0.5897965202005309,12000000.0,1,12000000.0,1,100.0,12000000.0,"Construction of Solar Water Supply System at Purok 10A Matuog, Barangay Kiwalan, Iligan City"
2027,65,Water Supply System,Cotabato 1st District Engineering Office,Region XII,3,11000000.0,0.19540270721568906,0.4743415707777994,3000000.0,2,3000000.0,2,66.66666666666667,5000000.0,"Construction of Water System Level II, Barangay Cabpangi, Libungan, Cotabato"
2027,66,Water Supply System,Negros Oriental 1st District Engineering Office,NIR,2,10500000.0,0.18652076597861228,0.6412656262691716,5250000.0,2,2500000.0,1,50.0,8000000.0,"Construction of Water Works System, Barangays Poblacion - Pisong, La Libertad, Negros Oriental"
2027,67,Water Supply System,Palawan 3rd District Engineering Office,MIMAROPA,1,10000000.0,0.1776388247415355,0.4713292758167076,10000000.0,1,10000000.0,1,100.0,10000000.0,"Construction of Public Water Supply System, Isla Sombrero, Barangay Poblacion, Aborlan, Palawan"
2027,68,Water Supply System,Batanes District Engineering Office,Region II,1,10000000.0,0.1776388247415355,1.0981155239493505,10000000.0,1,10000000.0,1,100.0,10000000.0,"Rehabilitation of Water System, Barangay San Joaquin, Basco, Batanes"
2027,69,Water Supply System,Dinagat Islands District Engineering Office,Region XIII,1,10000000.0,0.1776388247415355,0.857041236539096,10000000.0,1,10000000.0,1,100.0,10000000.0,"Construction of Water Supply System at Barangay Benglen, Basilisa, Dinagat Islands, (10.12833, 125.609166)"
2027,70,Water Supply System,Quezon 3rd District Engineering Office,Region IV-A,1,7000000.0,0.12434717731907485,0.22718421394261976,7000000.0,1,7000000.0,1,100.0,7000000.0,"Rehabilitation of Water Supply System Level II, Barangay Poblacion, San Andres, Quezon"
2027,71,Water Supply System,Nueva Ecija 2nd District Engineering Office,Region III,1,7000000.0,0.12434717731907485,0.30138001910749324,7000000.0,1,7000000.0,1,100.0,7000000.0,"Construction of Level II Solar Water Supply System, Barangay Betania, Laur, Nueva Ecija"
2027,72,Water Supply System,South Cotabato 2nd District Engineering Office,Region XII,2,5500000.0,0.09770135360784453,0.20938884345785497,2750000.0,2,3000000.0,1,50.0,3000000.0,"Construction of Water System, Sitio Paglaum, Barangay Maibo, Tantangan, South Cotabato"
2027,73,Water Supply System,Quirino District Engineering Office,Region II,1,5000000.0,0.08881941237076775,0.7822277847309136,5000000.0,1,5000000.0,1,100.0,5000000.0,"Construction of Water System, Barangay Dingasan, Cabarroguis Quirino"
2027,74,Water Supply System,Zamboanga Sibugay 2nd District Engineering Office,Region IX,1,5000000.0,0.08881941237076775,0.2167631624011289,5000000.0,1,5000000.0,1,100.0,5000000.0,"Construction of Water Supply System, Brgy. Gango, R.T. Lim Zamboanga Sibugay"
2027,75,Water Supply System,Bataan 2nd District Engineering Office,Region III,1,5000000.0,0.08881941237076775,0.35537511976141534,5000000.0,1,5000000.0,1,100.0,5000000.0,"Rehabilitation of Water System, Barangay Daan Pare, Orion Bataan (14.601694, 120.581978)"
2027,76,Water Supply System,Leyte 3rd District Engineering Office,Region VIII,1,5000000.0,0.08881941237076775,0.38106154601241954,5000000.0,1,5000000.0,1,100.0,5000000.0,"Construction of Water Supply System (Level II), Barangay Catagbacan, Villaba, Leyte (11.189046, 124.408966)"
2027,77,Water Supply System,Sorsogon 2nd District Engineering Office,Region V,1,5000000.0,0.08881941237076775,0.3038418369548242,5000000.0,1,5000000.0,1,100.0,5000000.0,"Rehabilitation of Water System at Barangay Sigad, Bulan, Sorsogon"
2027,78,Water Supply System,Pangasinan 1st District Engineering Office,Region I,1,5000000.0,0.08881941237076775,0.23530663042317074,5000000.0,1,5000000.0,1,100.0,5000000.0,"Construction of Water Supply System, Barangay Baruan, Agno, Pangasinan"
2027,79,Water Supply System,Upper Kalinga District Engineering Office,CAR,1,5000000.0,0.08881941237076775,0.42210513963660123,5000000.0,1,5000000.0,1,100.0,5000000.0,"Construction of Sukiyap/Dinakan Waterworks, Barangay Tanglag and Barangay Dangoy, Lubuagan, Kalinga"
2027,80,Water Supply System,Masbate 3rd District Engineering Office,Region V,1,5000000.0,0.08881941237076775,0.35914999252968016,5000000.0,1,5000000.0,1,100.0,5000000.0,"Construction of Public Water System, Barangay Bunducan, Pio V. Corpuz, Masbate"
2027,81,Water Supply System,Cagayan 2nd District Engineering Office,Region II,1,5000000.0,0.08881941237076775,0.19205263163959557,5000000.0,1,5000000.0,1,100.0,5000000.0,"Construction of Water System (Level II), Barangay Sta. Cruz, Pamplona, Cagayan"
2027,82,Water Supply System,Apayao 2nd District Engineering Office,CAR,1,5000000.0,0.08881941237076775,0.3503132501082468,5000000.0,1,5000000.0,1,100.0,5000000.0,"Construction of Water Sytem (Spring Development), Andres Sipagarra Lying-in Clinic (ASLIC), Namaltugan, Calanasan"
2027,83,Water Supply System,Mountain Province 1st District Engineering Office,CAR,1,3000000.0,0.053291647422460654,0.2735179883663682,3000000.0,1,3000000.0,1,100.0,3000000.0,"Construction of Water Supply System, Barangay Antadao, Sagada, Mountain Province"
2027,84,Water Supply System,Aklan District Engineering Office,Region VI,1,3000000.0,0.053291647422460654,0.11602610587382162,3000000.0,1,3000000.0,1,100.0,3000000.0,"Construction of Potable Water System of Sitio 1, 2, 3, 6, and 7, Barangay Dapdap, Tangalan, Aklan"
2027,85,Water Supply System,Zamboanga del Norte 3rd District Engineering Office,Region IX,1,2500000.0,0.044409706185383875,0.24980739849575978,2500000.0,1,2500000.0,1,100.0,2500000.0,"Construction of Water System in Brgy. Maigang, Liloy, Zamboanga del Norte"
