fiscal_year,region,office,category,project_name,amount
2027,Region VI,Aklan District Engineering Office,BIP - Access Roads and/or Bridges from the National Roads leading to Major/ Strategic Public Buildings/ Facilities,"Construction of Barangay Road, Sitio Eahog to Sitio Cabilan, Barangay Catmon, Altavas, Aklan",5000000.0
2027,Region VI,Aklan District Engineering Office,BIP - Access Roads and/or Bridges from the National Roads leading to Major/ Strategic Public Buildings/ Facilities,"Construction of Road at Isberto Road, Barangay Tigayon, Kalibo, Aklan",5000000.0
2027,Region VI,Aklan District Engineering Office,BIP - Access Roads and/or Bridges from the National Roads leading to Major/ Strategic Public Buildings/ Facilities,"Construction of Road at Sitio Hinonok, Barangay Pagsanghan, Banga, Aklan",5000000.0
2027,Region VI,Aklan District Engineering Office,BIP - Access Roads and/or Bridges from the National Roads leading to Major/ Strategic Public Buildings/ Facilities,"Construction of Road leading to Kalibo Slaughter House, Barangay Tinigao, Kalibo, Aklan",5000000.0
2027,Region VI,Aklan District Engineering Office,BIP - Access Roads and/or Bridges from the National Roads leading to Major/ Strategic Public Buildings/ Facilities,"Construction of Road, Along Quimpo-Quimpo Street, Barangay Andagaw to Sitio Kawatihan, Barangay Pook, Kalibo, Aklan",5000000.0
2027,Region VI,Aklan District Engineering Office,BIP - Access Roads and/or Bridges from the National Roads leading to Major/ Strategic Public Buildings/ Facilities,"Construction of Road, Barangay Ambolong, Batan, Aklan",5000000.0
2027,Region VI,Aklan District Engineering Office,BIP - Access Roads and/or Bridges from the National Roads leading to Major/ Strategic Public Buildings/ Facilities,"Construction of Road, Barangay Bulwang, Numancia, Aklan",5000000.0
2027,Region VI,Aklan District Engineering Office,BIP - Access Roads and/or Bridges from the National Roads leading to Major/ Strategic Public Buildings/ Facilities,"Construction of Road, Barangay Cabugao, Batan, Aklan",5000000.0
2027,Region VI,Aklan District Engineering Office,BIP - Access Roads and/or Bridges from the National Roads leading to Major/ Strategic Public Buildings/ Facilities,"Construction of Road, Barangay Camaligan, Batan, Aklan",5000000.0
2027,Region VI,Aklan District Engineering Office,BIP - Access Roads and/or Bridges from the National Roads leading to Major/ Strategic Public Buildings/ Facilities,"Construction of Road, Barangay Daguitan, Banga, Aklan",5000000.0
2027,Region VI,Aklan District Engineering Office,BIP - Access Roads and/or Bridges from the National Roads leading to Major/ Strategic Public Buildings/ Facilities,"Construction of Road, Barangay Laguinbanwa East, Numancia, Aklan",5000000.0
2027,Region VI,Aklan District Engineering Office,BIP - Access Roads and/or Bridges from the National Roads leading to Major/ Strategic Public Buildings/ Facilities,"Construction of Road, Barangay Libas, Banga, Aklan",5000000.0
2027,Region VI,Aklan District Engineering Office,BIP - Access Roads and/or Bridges from the National Roads leading to Major/ Strategic Public Buildings/ Facilities,"Construction of Road, Barangay Matabana, Nabas, Aklan",5000000.0
2027,Region VI,Aklan District Engineering Office,BIP - Access Roads and/or Bridges from the National Roads leading to Major/ Strategic Public Buildings/ Facilities,"Construction of Road, Barangay Navitas, Malinao, Aklan",5000000.0
2027,Region VI,Aklan District Engineering Office,BIP - Access Roads and/or Bridges from the National Roads leading to Major/ Strategic Public Buildings/ Facilities,"Construction of Road, Barangay Palale, Banga, Aklan",5000000.0
2027,Region VI,Aklan District Engineering Office,BIP - Access Roads and/or Bridges from the National Roads leading to Major/ Strategic Public Buildings/ Facilities,"Construction of Road, Barangay Polocate, Banga, Aklan",5000000.0
2027,Region VI,Aklan District Engineering Office,BIP - Access Roads and/or Bridges from the National Roads leading to Major/ Strategic Public Buildings/ Facilities,"Construction of Road, Barangay Rosario, Malinao, Aklan",5000000.0
2027,Region VI,Aklan District Engineering Office,BIP - Access Roads and/or Bridges from the National Roads leading to Major/ Strategic Public Buildings/ Facilities,"Construction of Road, Barangay Tayhawan to Barangay Agcawilan, Lezo, Aklan",5000000.0
2027,Region VI,Aklan District Engineering Office,BIP - Access Roads and/or Bridges from the National Roads leading to Major/ Strategic Public Buildings/ Facilities,"Construction of Road, Barangay Venturanza, Banga, Aklan",5000000.0
2027,Region VI,Aklan District Engineering Office,BIP - Access Roads and/or Bridges from the National Roads leading to Major/ Strategic Public Buildings/ Facilities,"Construction of Road, Purok 3A, Barangay Tinigao, Kalibo, Aklan",5000000.0
2027,Region VI,Aklan District Engineering Office,BIP - Access Roads and/or Bridges from the National Roads leading to Major/ Strategic Public Buildings/ Facilities,"Construction of Road, Sitio Aglunay, Barangay Talon, Altavas, Aklan",5000000.0
2027,Region VI,Aklan District Engineering Office,BIP - Access Roads and/or Bridges from the National Roads leading to Major/ Strategic Public Buildings/ Facilities,"Construction of Road, Sitio Bonghoe, Barangay Torralba, Banga, Aklan",5000000.0
2027,Region VI,Aklan District Engineering Office,BIP - Access Roads and/or Bridges from the National Roads leading to Major/ Strategic Public Buildings/ Facilities,"Construction of Road, Sitio Bukid, Barangay Tinapuay, Banga, Aklan",5000000.0
2027,Region VI,Aklan District Engineering Office,BIP - Access Roads and/or Bridges from the National Roads leading to Major/ Strategic Public Buildings/ Facilities,"Construction of Road, Sitio Bungad 2 to Sitio Bungad 1, Barangay Linayasan, Altavas, Aklan",5000000.0
2027,Region VI,Aklan District Engineering Office,BIP - Access Roads and/or Bridges from the National Roads leading to Major/ Strategic Public Buildings/ Facilities,"Construction of Road, Sitio Dusog, Barangay Calimbajan, Makato, Aklan",5000000.0
2027,Region VI,Aklan District Engineering Office,BIP - Access Roads and/or Bridges from the National Roads leading to Major/ Strategic Public Buildings/ Facilities,"Construction of Road, Sitio Guinbaryuhan to Sitio Quinasayan, Barangay Ginictan, Altavas, Aklan",5000000.0
2027,Region VI,Aklan District Engineering Office,BIP - Access Roads and/or Bridges from the National Roads leading to Major/ Strategic Public Buildings/ Facilities,"Construction of Road, Sitio Himbis, Barangay Lalab, Batan, Aklan",5000000.0
2027,Region VI,Aklan District Engineering Office,BIP - Access Roads and/or Bridges from the National Roads leading to Major/ Strategic Public Buildings/ Facilities,"Construction of Road, Sitio Karumahan, Barangay Bakhaw Norte Kalibo, Aklan",5000000.0
2027,Region VI,Aklan District Engineering Office,BIP - Access Roads and/or Bridges from the National Roads leading to Major/ Strategic Public Buildings/ Facilities,"Construction of Road, Sitio Laguyod to Sitio Balotbot, Barangay Ogsip, Libacao, Aklan",5000000.0
2027,Region VI,Aklan District Engineering Office,BIP - Access Roads and/or Bridges from the National Roads leading to Major/ Strategic Public Buildings/ Facilities,"Construction of Road, Sitio Pulahan, Barangay Arcangel, Balete, Aklan",5000000.0
2027,Region VI,Aklan District Engineering Office,BIP - Access Roads and/or Bridges from the National Roads leading to Major/ Strategic Public Buildings/ Facilities,"Construction of Road, Sitio Sangaeay, Barangay Lumaynay, Altavas, Aklan",5000000.0
2027,Region VI,Aklan District Engineering Office,BIP - Access Roads and/or Bridges from the National Roads leading to Major/ Strategic Public Buildings/ Facilities,"Construction of Road, Sitio Tacubi, Barangay Castillo, Makato, Aklan",5000000.0
2027,Region VI,Aklan District Engineering Office,BIP - Access Roads and/or Bridges from the National Roads leading to Major/ Strategic Public Buildings/ Facilities,"Construction of Road, Sitio Tino-ungan, Barangay Rizal to Barangay Naligusan, Ibajay, Aklan",5000000.0
2027,Region VI,Aklan District Engineering Office,BIP - Access Roads and/or Bridges from the National Roads leading to Major/ Strategic Public Buildings/ Facilities,"Construction of Road, Sitio Tugbungan, Barangay Candelaria, New Washington, Aklan",5000000.0
2027,Region VI,Aklan District Engineering Office,Construction/ Maintenance of Flood Mitigation Structures and Drainage Systems,"Construction of Slope Protection for Naile Creek, Barangay Naile, Ibajay, Aklan",5000000.0
2027,NIR,Bacolod City District Engineering Office,BIP - Access Roads and/or Bridges from the National Roads leading to Major/ Strategic Public Buildings/ Facilities,"Construction of Road, Barangay 8, Bacolod City",5000000.0
2027,NIR,Bacolod City District Engineering Office,BIP - Access Roads and/or Bridges from the National Roads leading to Major/ Strategic Public Buildings/ Facilities,"Construction of Road, Barangay Mandalagan, Bacolod City",5000000.0
2027,NIR,Bacolod City District Engineering Office,Construction/ Maintenance of Flood Mitigation Structures and Drainage Systems,"Rehabilitation of Drainage, Barangay Granada, Bacolod City",5000000.0
2027,CAR,Baguio City District Engineering Office,BIP - Access Roads and/or Bridges from the National Roads leading to Major/ Strategic Public Buildings/ Facilities,"Rehabilitation of Road, Barangay Imelda Village, Baguio City",5000000.0
2027,Region III,Bataan 1st District Engineering Office,BIP - Access Roads and/or Bridges from the National Roads leading to Major/ Strategic Public Buildings/ Facilities,"Concreting of Road Barangay A. Rivera, Hermosa, Bataan",5000000.0
2027,Region III,Bataan 1st District Engineering Office,BIP - Access Roads and/or Bridges from the National Roads leading to Major/ Strategic Public Buildings/ Facilities,"Concreting of Road at Purok 05 Barangay Cataning, Hermosa, Bataan",5000000.0
2027,Region III,Bataan 1st District Engineering Office,BIP - Access Roads and/or Bridges from the National Roads leading to Major/ Strategic Public Buildings/ Facilities,"Concreting of Road at Sitio Apalang, Barangay Apalang, Barangay Maite, Hermosa, Bataan",5000000.0
2027,Region III,Bataan 1st District Engineering Office,BIP - Access Roads and/or Bridges from the National Roads leading to Major/ Strategic Public Buildings/ Facilities,"Concreting of Road, Sitio Upland, Purok 2 and Providence Estate, Barangay JRC Mandama, Hermosa, Bataan",5000000.0
2027,Region III,Bataan 1st District Engineering Office,BIP - Access Roads and/or Bridges from the National Roads leading to Major/ Strategic Public Buildings/ Facilities,"Construction of Road Cataning-Pulo, Barangay Pulo, Hermosa, Bataan",5000000.0
2027,Region III,Bataan 1st District Engineering Office,BIP - Access Roads and/or Bridges from the National Roads leading to Major/ Strategic Public Buildings/ Facilities,"Construction of Road including Box Culvert, Purok 1, Barangay Tipo, Hermosa, Bataan",5000000.0
2027,Region III,Bataan 1st District Engineering Office,BIP - Access Roads and/or Bridges from the National Roads leading to Major/ Strategic Public Buildings/ Facilities,"Construction of Road, Labina Street, Barangay Talimundoc, Orani, Bataan",5000000.0
2027,Region III,Bataan 1st District Engineering Office,BIP - Access Roads and/or Bridges from the National Roads leading to Major/ Strategic Public Buildings/ Facilities,"Construction of Road, Sitio Albon Purok II, Barangay Palili, Samal, Bataan",5000000.0
2027,Region III,Bataan 1st District Engineering Office,BIP - Access Roads and/or Bridges from the National Roads leading to Major/ Strategic Public Buildings/ Facilities,"Construction of Road, Sitio Bulog, Butcheki at Buor-Abo, Barangay Bangkal, Abucay, Bataan",5000000.0
2027,Region III,Bataan 1st District Engineering Office,BIP - Access Roads and/or Bridges from the National Roads leading to Major/ Strategic Public Buildings/ Facilities,"Construction of Road, Sitio Lati, Barangay Kaparangan, Orani, Bataan",5000000.0
2027,Region III,Bataan 1st District Engineering Office,BIP - Access Roads and/or Bridges from the National Roads leading to Major/ Strategic Public Buildings/ Facilities,"Improvement of Road, Barangay Tagumapay, Orani, Bataan",5000000.0
2027,Region III,Bataan 1st District Engineering Office,BIP - Access Roads and/or Bridges from the National Roads leading to Major/ Strategic Public Buildings/ Facilities,"Upgrading of Road Barangay Tenejero, Orani, Bataan",5000000.0
2027,Region III,Bataan 1st District Engineering Office,Construction/ Maintenance of Flood Mitigation Structures and Drainage Systems,"Construction of Drainage Canal, Purok 2 and Purok 3, Barangay Balsik, Hermosa, Bataan",5000000.0
2027,Region III,Bataan 1st District Engineering Office,Construction/ Maintenance of Flood Mitigation Structures and Drainage Systems,"Construction of Waterways Protection, Barangay Sitio Sta. Rita, Barangay Sapa, Samal, Bataan",5000000.0
2027,Region III,Bataan 1st District Engineering Office,Construction/ Maintenance of Flood Mitigation Structures and Drainage Systems,"Construction of Waterways including Floodgate, Barangay Daungan, Hermosa, Bataan",5000000.0
2027,Region III,Bataan 1st District Engineering Office,Construction/ Maintenance of Flood Mitigation Structures and Drainage Systems,"Improvement of Waterways, Tapulao-Kabalutan Mainstream Waterway, Barangay Balut, Orani, Bataan",5000000.0
2027,Region III,Bataan 1st District Engineering Office,Construction/ Maintenance of Flood Mitigation Structures and Drainage Systems,"Improvement/Rehabilitation of Existing Riverbank Protection, Barangay San Pedro, Hermosa, Bataan",5000000.0
2027,Region III,Bataan 1st District Engineering Office,Construction/ Maintenance of Flood Mitigation Structures and Drainage Systems,"Rehabilitation of Drainage Canal, Barangay Paking Carbonero, Orani, Bataan",5000000.0
2027,Region III,Bataan 1st District Engineering Office,Construction/ Maintenance of Flood Mitigation Structures and Drainage Systems,"Rehabilitation of Drainage Canal, Barangay Silahis, Orani, Bataan",5000000.0
2027,Region III,Bataan 2nd District Engineering Office,BIP - Access Roads and/or Bridges from the National Roads leading to Major/ Strategic Public Buildings/ Facilities,"Construction of Road, Barangay Kitang I, Limay, Bataan (0+00-0+170)",5000000.0
2027,Region III,Bataan 3rd District Engineering Office,BIP - Access Roads and/or Bridges from the National Roads leading to Major/ Strategic Public Buildings/ Facilities,"Construction of Bridge, Barangay Sisiman, Mariveles, Bataan, Sta. 0 + 000 - Sta. 0 + 005",5000000.0
2027,Region III,Bataan 3rd District Engineering Office,BIP - Access Roads and/or Bridges from the National Roads leading to Major/ Strategic Public Buildings/ Facilities,"Construction of Road, Barangay Bangal, Dinalupihan, Bataan, Sta. 0+ 000 - Sta. 0 + 200",5000000.0
2027,Region III,Bataan 3rd District Engineering Office,BIP - Access Roads and/or Bridges from the National Roads leading to Major/ Strategic Public Buildings/ Facilities,"Construction of Road, Barangay Bayan-Bayanan, Dinalupihan, Bataan, Sta. 0 + 000 - Sta. 0 + 210",5000000.0
2027,Region III,Bataan 3rd District Engineering Office,BIP - Access Roads and/or Bridges from the National Roads leading to Major/ Strategic Public Buildings/ Facilities,"Construction of Road, Barangay Binaritan, Morong, Bataan, Sta. 0 + 000 - Sta. 0 + 200",5000000.0
2027,Region III,Bataan 3rd District Engineering Office,BIP - Access Roads and/or Bridges from the National Roads leading to Major/ Strategic Public Buildings/ Facilities,"Construction of Road, Barangay Cabcaben, Mariveles, Bataan, Sta. 0 + 000 - Sta. 0 + 220",5000000.0
2027,Region III,Bataan 3rd District Engineering Office,BIP - Access Roads and/or Bridges from the National Roads leading to Major/ Strategic Public Buildings/ Facilities,"Construction of Road, Barangay Colo, Dinalupihan, Bataan, Sta. 0 + 000 - Sta. 0 + 220",5000000.0
2027,Region III,Bataan 3rd District Engineering Office,BIP - Access Roads and/or Bridges from the National Roads leading to Major/ Strategic Public Buildings/ Facilities,"Construction of Road, Barangay Happy Valley, Dinalupihan, Bataan, Sta. 0 + 000 - Sta. 0 + 220",5000000.0
2027,Region III,Bataan 3rd District Engineering Office,BIP - Access Roads and/or Bridges from the National Roads leading to Major/ Strategic Public Buildings/ Facilities,"Construction of Road, Barangay JC Payumo, Dinalupihan, Bataan, Sta. 0 + 000 - Sta. 0 + 220",5000000.0
2027,Region III,Bataan 3rd District Engineering Office,BIP - Access Roads and/or Bridges from the National Roads leading to Major/ Strategic Public Buildings/ Facilities,"Construction of Road, Barangay Kataasan, Dinalupihan, Bataan, Sta. 0 + 000 - Sta. 0 + 230",5000000.0
2027,Region III,Bataan 3rd District Engineering Office,BIP - Access Roads and/or Bridges from the National Roads leading to Major/ Strategic Public Buildings/ Facilities,"Construction of Road, Barangay Maligaya, Dinalupihan, Bataan, Sta. 0 + 000 - Sta. 0 + 220",5000000.0
2027,Region III,Bataan 3rd District Engineering Office,BIP - Access Roads and/or Bridges from the National Roads leading to Major/ Strategic Public Buildings/ Facilities,"Construction of Road, Barangay Mt. View, Mariveles, Bataan, Sta. 0 + 000 - Sta. 0 + 220",5000000.0
2027,Region III,Bataan 3rd District Engineering Office,BIP - Access Roads and/or Bridges from the National Roads leading to Major/ Strategic Public Buildings/ Facilities,"Construction of Road, Barangay New San Jose, Dinalupihan, Bataan, Sta. 0 + 000 - Sta. 0 + 230",5000000.0
2027,Region III,Bataan 3rd District Engineering Office,BIP - Access Roads and/or Bridges from the National Roads leading to Major/ Strategic Public Buildings/ Facilities,"Construction of Road, Barangay Old San Jose, Dinalupihan, Bataan, Sta. 0 + 000 - Sta. 0 + 240",5000000.0
2027,Region III,Bataan 3rd District Engineering Office,BIP - Access Roads and/or Bridges from the National Roads leading to Major/ Strategic Public Buildings/ Facilities,"Construction of Road, Barangay Payangan, Dinalupihan, Bataan, Sta. 0 + 000 - Sta. 0 + 210",5000000.0
2027,Region III,Bataan 3rd District Engineering Office,BIP - Access Roads and/or Bridges from the National Roads leading to Major/ Strategic Public Buildings/ Facilities,"Construction of Road, Barangay Pentor, Dinalupihan, Bataan, Sta. 0 + 000 - Sta. 0 + 220",5000000.0
2027,Region III,Bataan 3rd District Engineering Office,BIP - Access Roads and/or Bridges from the National Roads leading to Major/ Strategic Public Buildings/ Facilities,"Construction of Road, Barangay Pinulot, Dinalupihan, Bataan, Sta. 0 + 000 - Sta. 0 + 220",5000000.0
2027,Region III,Bataan 3rd District Engineering Office,BIP - Access Roads and/or Bridges from the National Roads leading to Major/ Strategic Public Buildings/ Facilities,"Construction of Road, Barangay Poblacion, Dinalupihan, Bataan, Sta. 0 + 000 - Sta. 0 + 100",5000000.0
2027,Region III,Bataan 3rd District Engineering Office,BIP - Access Roads and/or Bridges from the National Roads leading to Major/ Strategic Public Buildings/ Facilities,"Construction of Road, Barangay Roosevelt, Dinalupihan, Bataan, Sta. 0 + 000 - Sta. 0 + 220",5000000.0
2027,Region III,Bataan 3rd District Engineering Office,BIP - Access Roads and/or Bridges from the National Roads leading to Major/ Strategic Public Buildings/ Facilities,"Construction of Road, Barangay San Antonio, Bagac, Bataan, Sta. 0 + 000 - Sta. 0 + 220",5000000.0
2027,Region III,Bataan 3rd District Engineering Office,BIP - Access Roads and/or Bridges from the National Roads leading to Major/ Strategic Public Buildings/ Facilities,"Construction of Road, Barangay San Isidro, Mariveles, Bataan, Sta. 0 + 000 - Sta. 0 + 220",5000000.0
2027,Region III,Bataan 3rd District Engineering Office,BIP - Access Roads and/or Bridges from the National Roads leading to Major/ Strategic Public Buildings/ Facilities,"Construction of Road, Barangay San Ramon, Dinalupihan, Bataan, Sta. 0 + 000 - Sta. 0 + 230",5000000.0
2027,Region III,Bataan 3rd District Engineering Office,BIP - Access Roads and/or Bridges from the National Roads leading to Major/ Strategic Public Buildings/ Facilities,"Rehabilitation of Road, Barangay Bagumbayan, Bagac, Bataan, Sta. 0 + 000 - Sta. 0 + 220",5000000.0
2027,Region III,Bataan 3rd District Engineering Office,BIP - Access Roads and/or Bridges from the National Roads leading to Major/ Strategic Public Buildings/ Facilities,"Rehabilitation of Road, Barangay Daang Bago, Dinalupihan, Bataan, Sta. 0 + 000 - Sta. 0 + 210",5000000.0
2027,Region III,Bataan 3rd District Engineering Office,BIP - Access Roads and/or Bridges from the National Roads leading to Major/ Strategic Public Buildings/ Facilities,"Rehabilitation of Road, Barangay San Pablo, Dinalupihan, Bataan, Sta. 0 + 000 - Sta. 0 + 200",5000000.0
2027,Region III,Bataan 3rd District Engineering Office,BIP - Access Roads and/or Bridges from the National Roads leading to Major/ Strategic Public Buildings/ Facilities,"Rehabilitation of Road, Barangay Sto. Niño, Dinalupihan, Bataan, Sta. 0 + 000 - Sta. 0 + 230",5000000.0
2027,Region III,Bataan 3rd District Engineering Office,Construction/ Maintenance of Flood Mitigation Structures and Drainage Systems,"Construction of Drainage, Barangay Poblacion, Dinalupihan, Bataan, Sta. 0 + 000 - Sta. 0 + 100",5000000.0
2027,Region III,Bataan 3rd District Engineering Office,Construction/ Maintenance of Flood Mitigation Structures and Drainage Systems,"Construction of Slope Protection Structure, Barangay Ipag, Mariveles, Bataan, Sta. 0 + 000 - Sta. 0 + 025",5000000.0
2027,Region III,Bataan 3rd District Engineering Office,Construction/ Maintenance of Flood Mitigation Structures and Drainage Systems,"Construction of Slope Protection Structure, Barangay Ipag, Mariveles, Bataan, Sta. 0 + 025 - Sta. 0 + 050",5000000.0
2027,Region II,Batanes District Engineering Office,Construction/ Maintenance of Flood Mitigation Structures and Drainage Systems,"Rehabilitation of Flood Control and Box Culvert at Barangay Sumnanga, Sabtang, Batanes",5000000.0
2027,Region IV-A,Batangas 2nd District Engineering Office,BIP - Access Roads and/or Bridges from the National Roads leading to Major/ Strategic Public Buildings/ Facilities,"Construction of Road with Drainage, Sitio Hagonoy, Barangay Poblacion, San Pascual, Batangas",5000000.0
2027,Region IV-A,Batangas 2nd District Engineering Office,BIP - Access Roads and/or Bridges from the National Roads leading to Major/ Strategic Public Buildings/ Facilities,"Construction of Road, Barangay Abiacao, San Luis, Batangas",5000000.0
2027,Region IV-A,Batangas 2nd District Engineering Office,BIP - Access Roads and/or Bridges from the National Roads leading to Major/ Strategic Public Buildings/ Facilities,"Construction of Road, Barangay San Roque, Bauan, Batangas",5000000.0
2027,Region IV-A,Batangas 2nd District Engineering Office,BIP - Access Roads and/or Bridges from the National Roads leading to Major/ Strategic Public Buildings/ Facilities,"Construction of Road, Sitio Ayala, Barangay Poblacion, San Pascual, Batangas",5000000.0
2027,Region IV-A,Batangas 2nd District Engineering Office,BIP - Access Roads and/or Bridges from the National Roads leading to Major/ Strategic Public Buildings/ Facilities,"Construction of Road, Sitio Punto Baba, Barangay Bagalangit, Mabini, Batangas",5000000.0
2027,Region IV-A,Batangas 2nd District Engineering Office,Construction/ Maintenance of Flood Mitigation Structures and Drainage Systems,"Construction of Lined Canal, Barangay Poblacion, San Luis, Batangas",5000000.0
2027,Region IV-A,Batangas 2nd District Engineering Office,Construction/ Maintenance of Flood Mitigation Structures and Drainage Systems,"Construction of Seawall, Sitio Gabihan, Barangay San Agustin Kanluran Isla Verde, Batangas City",5000000.0
2027,Region IV-A,Batangas 2nd District Engineering Office,Construction/ Maintenance of Flood Mitigation Structures and Drainage Systems,"Construction of Slope Protection Structure, Barangay Sampaguita, Bauan, Batangas",5000000.0
2027,Region IV-A,Batangas 2nd District Engineering Office,Construction/ Maintenance of Flood Mitigation Structures and Drainage Systems,"Construction of Slope Protection Structure, Barangay San Pedro, Bauan, Batangas",5000000.0
2027,Region IV-A,Batangas 3rd District Engineering Office,BIP - Access Roads and/or Bridges from the National Roads leading to Major/ Strategic Public Buildings/ Facilities,"Construction of Road - Barangay Pagaspas, Tanauan City, Batangas",5000000.0
2027,Region IV-A,Batangas 3rd District Engineering Office,BIP - Access Roads and/or Bridges from the National Roads leading to Major/ Strategic Public Buildings/ Facilities,"Construction of Road Sito Manggahan to Sitio Pulong Parang, Barangay Montana, Tanauan City & Barangay Tranca, Talisay, Batangas",5000000.0
2027,Region IV-A,Batangas 3rd District Engineering Office,BIP - Access Roads and/or Bridges from the National Roads leading to Major/ Strategic Public Buildings/ Facilities,"Construction of Road at Barangay San Sebastian, Mataasnakahoy, Batangas",5000000.0
2027,Region IV-A,Batangas 3rd District Engineering Office,BIP - Access Roads and/or Bridges from the National Roads leading to Major/ Strategic Public Buildings/ Facilities,"Construction of Road at Sitio Sampalocan, Barangay Malabanan, Balete, Batangas",5000000.0
2027,Region IV-A,Batangas 3rd District Engineering Office,BIP - Access Roads and/or Bridges from the National Roads leading to Major/ Strategic Public Buildings/ Facilities,"Construction of Road in Barangay Ping-As, Alitagtag, Batangas",5000000.0
2027,Region IV-A,Batangas 3rd District Engineering Office,BIP - Access Roads and/or Bridges from the National Roads leading to Major/ Strategic Public Buildings/ Facilities,"Construction of Road in Purok 1 to Purok 5, Barangay Bugaan East, Laurel, Batangas",5000000.0
2027,Region IV-A,Batangas 3rd District Engineering Office,BIP - Access Roads and/or Bridges from the National Roads leading to Major/ Strategic Public Buildings/ Facilities,"Construction of Road in Purok 1, Barangay Santa Elena, Sto. Tomas City, Batangas",5000000.0
2027,Region IV-A,Batangas 3rd District Engineering Office,BIP - Access Roads and/or Bridges from the National Roads leading to Major/ Strategic Public Buildings/ Facilities,"Construction of Road with Drainage at Barangay Loob, Mataasnakahoy, Batangas",5000000.0
2027,Region IV-A,Batangas 3rd District Engineering Office,BIP - Access Roads and/or Bridges from the National Roads leading to Major/ Strategic Public Buildings/ Facilities,"Construction of Road with Slope Protection, Poblacion 2, Laurel, Batangas",5000000.0
2027,Region IV-A,Batangas 3rd District Engineering Office,BIP - Access Roads and/or Bridges from the National Roads leading to Major/ Strategic Public Buildings/ Facilities,"Construction of Road, Bagumbayan, Tanauan City, Batangas",5000000.0
2027,Region IV-A,Batangas 3rd District Engineering Office,BIP - Access Roads and/or Bridges from the National Roads leading to Major/ Strategic Public Buildings/ Facilities,"Construction of Road, Barangay Bancoro, San Nicolas, Batangas",5000000.0
2027,Region IV-A,Batangas 3rd District Engineering Office,BIP - Access Roads and/or Bridges from the National Roads leading to Major/ Strategic Public Buildings/ Facilities,"Construction of Road, Barangay Bangin, San Nicolas, Batangas",5000000.0
2027,Region IV-A,Batangas 3rd District Engineering Office,BIP - Access Roads and/or Bridges from the National Roads leading to Major/ Strategic Public Buildings/ Facilities,"Construction of Road, Barangay Banyaga, Agoncillo, Batangas",5000000.0
2027,Region IV-A,Batangas 3rd District Engineering Office,BIP - Access Roads and/or Bridges from the National Roads leading to Major/ Strategic Public Buildings/ Facilities,"Construction of Road, Barangay Calangay, San Nicolas, Batangas",5000000.0
2027,Region IV-A,Batangas 3rd District Engineering Office,BIP - Access Roads and/or Bridges from the National Roads leading to Major/ Strategic Public Buildings/ Facilities,"Construction of Road, Barangay Maabud North, San Nicolas, Batangas",5000000.0
2027,Region IV-A,Batangas 3rd District Engineering Office,BIP - Access Roads and/or Bridges from the National Roads leading to Major/ Strategic Public Buildings/ Facilities,"Construction of Road, Barangay Pansipit, San Nicolas, Batangas",5000000.0
2027,Region IV-A,Batangas 3rd District Engineering Office,BIP - Access Roads and/or Bridges from the National Roads leading to Major/ Strategic Public Buildings/ Facilities,"Construction of Road, Barangay Sinturisan, San Nicolas, Batangas",5000000.0
2027,Region IV-A,Batangas 3rd District Engineering Office,BIP - Access Roads and/or Bridges from the National Roads leading to Major/ Strategic Public Buildings/ Facilities,"Construction of Road, Barangay Sta. Maria, Sto. Tomas City, Batangas",5000000.0
2027,Region IV-A,Batangas 3rd District Engineering Office,BIP - Access Roads and/or Bridges from the National Roads leading to Major/ Strategic Public Buildings/ Facilities,"Construction of Road, Barangay Trapiche, Tanauan City, Batangas",5000000.0
2027,Region IV-A,Batangas 3rd District Engineering Office,BIP - Access Roads and/or Bridges from the National Roads leading to Major/ Strategic Public Buildings/ Facilities,"Improvement of Road at Barangay Bayorbor, Mataasnakahoy, Batangas",5000000.0
2027,Region IV-A,Batangas 3rd District Engineering Office,BIP - Access Roads and/or Bridges from the National Roads leading to Major/ Strategic Public Buildings/ Facilities,"Improvement of Road at Barangay I, Mataasnakahoy, Batangas",5000000.0
2027,Region IV-A,Batangas 3rd District Engineering Office,BIP - Access Roads and/or Bridges from the National Roads leading to Major/ Strategic Public Buildings/ Facilities,"Improvement of Road at Barangay II, Mataasnakahoy, Batangas",5000000.0
2027,Region IV-A,Batangas 3rd District Engineering Office,BIP - Access Roads and/or Bridges from the National Roads leading to Major/ Strategic Public Buildings/ Facilities,"Improvement of Road at Barangay II-A, Mataasnakahoy, Batangas",5000000.0
2027,Region IV-A,Batangas 3rd District Engineering Office,BIP - Access Roads and/or Bridges from the National Roads leading to Major/ Strategic Public Buildings/ Facilities,"Improvement of Road at Barangay III, Mataasnakahoy, Batangas",5000000.0
2027,Region IV-A,Batangas 3rd District Engineering Office,BIP - Access Roads and/or Bridges from the National Roads leading to Major/ Strategic Public Buildings/ Facilities,"Improvement of Road at Barangay IV, Mataasnakahoy, Batangas",5000000.0
2027,Region IV-A,Batangas 3rd District Engineering Office,BIP - Access Roads and/or Bridges from the National Roads leading to Major/ Strategic Public Buildings/ Facilities,"Improvement of Road, Barangay Balagbag, Taliisay, Batangas",5000000.0
2027,Region IV-A,Batangas 3rd District Engineering Office,BIP - Access Roads and/or Bridges from the National Roads leading to Major/ Strategic Public Buildings/ Facilities,"Rehabilitation of Road with Slope Protection, Barangay Molinete, Laurel, Batangas",5000000.0
2027,Region IV-A,Batangas 3rd District Engineering Office,BIP - Access Roads and/or Bridges from the National Roads leading to Major/ Strategic Public Buildings/ Facilities,"Rehabilitation of Road, Barangay Abelo, San Nicolas, Batangas",5000000.0
2027,Region IV-A,Batangas 3rd District Engineering Office,BIP - Access Roads and/or Bridges from the National Roads leading to Major/ Strategic Public Buildings/ Facilities,"Rehabilitation of Road, Barangay Aya, Talisay, Batangas",5000000.0
2027,Region IV-A,Batangas 3rd District Engineering Office,BIP - Access Roads and/or Bridges from the National Roads leading to Major/ Strategic Public Buildings/ Facilities,"Rehabilitation of Road, Barangay Bangin, Agoncillo, Batangas",5000000.0
2027,Region IV-A,Batangas 3rd District Engineering Office,BIP - Access Roads and/or Bridges from the National Roads leading to Major/ Strategic Public Buildings/ Facilities,"Rehabilitation of Road, Barangay Hipit, San Nicolas, Batangas",5000000.0
2027,Region IV-A,Batangas 3rd District Engineering Office,BIP - Access Roads and/or Bridges from the National Roads leading to Major/ Strategic Public Buildings/ Facilities,"Rehabilitation of Road, Barangay Maabud South, San Nicolas, Batangas",5000000.0
2027,Region IV-A,Batangas 3rd District Engineering Office,Construction/ Maintenance of Flood Mitigation Structures and Drainage Systems,"Construction of Flood Control Structure - Bridge connecting Sta. Maria and San Gabriel, Laurel, Batangas",5000000.0
2027,Region IV-A,Batangas 3rd District Engineering Office,Construction/ Maintenance of Flood Mitigation Structures and Drainage Systems,"Construction of Flood Control Structure - Canal along F. Platon, Avelino and Castillo Sts, Poblacion 5, Tanauan City, Batangas",5000000.0
2027,Region IV-A,Batangas 3rd District Engineering Office,Construction/ Maintenance of Flood Mitigation Structures and Drainage Systems,"Construction of Flood Control Structure - Canal, Barangay Sulpoc, Tanauan City, Batangas",5000000.0
2027,Region IV-A,Batangas 3rd District Engineering Office,Construction/ Maintenance of Flood Mitigation Structures and Drainage Systems,"Construction of Flood Control Structure - Drainage Canal, Barangay Munlawin, San Nicolas, Batangas",5000000.0
2027,Region IV-A,Batangas 3rd District Engineering Office,Construction/ Maintenance of Flood Mitigation Structures and Drainage Systems,"Construction of Flood Control Structure - Slope Protection Structure (Purok 6 Aplaya) Barangay Bañadero, Tanauan City, Batangas",5000000.0
2027,Region IV-A,Batangas 3rd District Engineering Office,Construction/ Maintenance of Flood Mitigation Structures and Drainage Systems,"Construction of Flood Control Structure -Riprap, Barangay Ticub, Laurel, Batangas",5000000.0
2027,Region IV-A,Batangas 3rd District Engineering Office,Construction/ Maintenance of Flood Mitigation Structures and Drainage Systems,"Construction of Flood Control Structure -Slope Protection, Barangay Buso-Buso, Laurel, Batangas",5000000.0
2027,Region IV-A,Batangas 3rd District Engineering Office,Construction/ Maintenance of Flood Mitigation Structures and Drainage Systems,"Construction of Flood Control Structure, Barangay Looc, Balete, Batangas",5000000.0
2027,Region IV-A,Batangas 3rd District Engineering Office,Construction/ Maintenance of Flood Mitigation Structures and Drainage Systems,"Construction of Lakewall Protection at Barangay Kinalaglagan, Mataasnakahoy, Batangas",5000000.0
2027,Region IV-A,Batangas 3rd District Engineering Office,Construction/ Maintenance of Flood Mitigation Structures and Drainage Systems,"Rehabilitation of Covered Line Canal, Zone 8, Talisay, Batangas",5000000.0
2027,Region IV-A,Batangas 3rd District Engineering Office,Construction/ Maintenance of Flood Mitigation Structures and Drainage Systems,"Rehabilitation of Flood Control Structure - Drainage Canal, Barangay Paligawan, Balete, Batangas",5000000.0
2027,Region IV-A,Batangas 3rd District Engineering Office,Construction/ Maintenance of Flood Mitigation Structures and Drainage Systems,"Rehabilitation of Flood Control Structure -Slope Protection, Barangay Paliparan, Laurel, Batangas",5000000.0
2027,Region IV-A,Batangas 4th District Engineering Office,BIP - Access Roads and/or Bridges from the National Roads leading to Major/ Strategic Public Buildings/ Facilities,"Construction of Barangay Road at Barangay Marawoy, Lipa City, Batangas",5000000.0
2027,Region IV-A,Batangas 4th District Engineering Office,BIP - Access Roads and/or Bridges from the National Roads leading to Major/ Strategic Public Buildings/ Facilities,"Construction of Road at Barangay Bataan, San Juan, Batangas",5000000.0
2027,Region IV-A,Batangas 4th District Engineering Office,BIP - Access Roads and/or Bridges from the National Roads leading to Major/ Strategic Public Buildings/ Facilities,"Construction of Road at Barangay Buhaynasapa, San Juan, Batangas",5000000.0
2027,Region IV-A,Batangas 4th District Engineering Office,BIP - Access Roads and/or Bridges from the National Roads leading to Major/ Strategic Public Buildings/ Facilities,"Construction of Road at Barangay Calubcub 1, San Juan, Batangas",5000000.0
2027,Region IV-A,Batangas 4th District Engineering Office,BIP - Access Roads and/or Bridges from the National Roads leading to Major/ Strategic Public Buildings/ Facilities,"Construction of Road at Barangay Putingbuhangin, San Juan, Batangas",5000000.0
2027,Region IV-A,Batangas 4th District Engineering Office,BIP - Access Roads and/or Bridges from the National Roads leading to Major/ Strategic Public Buildings/ Facilities,"Construction of Road at Barangay Ticalan, San Juan, Batangas",5000000.0
2027,Region IV-A,Batangas 4th District Engineering Office,BIP - Access Roads and/or Bridges from the National Roads leading to Major/ Strategic Public Buildings/ Facilities,"Construction of Road at Sitio Lasuerte, Barangay Putingkahoy, Rosario, Batangas",5000000.0
2027,Region IV-A,Batangas 4th District Engineering Office,BIP - Access Roads and/or Bridges from the National Roads leading to Major/ Strategic Public Buildings/ Facilities,"Construction of Road, Barangay Malaya, Rosario, Batangas",5000000.0
2027,Region IV-A,Batangas 4th District Engineering Office,BIP - Access Roads and/or Bridges from the National Roads leading to Major/ Strategic Public Buildings/ Facilities,"Construction of Road, Barangay Marilag, Rosario, Batangas",5000000.0
2027,Region IV-A,Batangas 4th District Engineering Office,BIP - Access Roads and/or Bridges from the National Roads leading to Major/ Strategic Public Buildings/ Facilities,"Construction of Road, Barangay Quipot, San Juan, Batangas",5000000.0
2027,Region IV-A,Batangas 4th District Engineering Office,BIP - Access Roads and/or Bridges from the National Roads leading to Major/ Strategic Public Buildings/ Facilities,"Construction of Road, Barangay Sta Cruz, Rosario, Batangas",5000000.0
2027,Region IV-A,Batangas 4th District Engineering Office,BIP - Access Roads and/or Bridges from the National Roads leading to Major/ Strategic Public Buildings/ Facilities,"Construction of Road, Sitio Bayante, BarangayPinagtung-ulan, San Jose, Batangas",5000000.0
2027,Region IV-A,Batangas 4th District Engineering Office,BIP - Access Roads and/or Bridges from the National Roads leading to Major/ Strategic Public Buildings/ Facilities,"Improvement of Road At Barangay Bulacnin, Lipa City, Batangas",5000000.0
2027,Region IV-A,Batangas 4th District Engineering Office,BIP - Access Roads and/or Bridges from the National Roads leading to Major/ Strategic Public Buildings/ Facilities,"Improvement of Road at Barangay Balagbag, San Juan, Batangas",5000000.0
2027,Region IV-A,Batangas 4th District Engineering Office,BIP - Access Roads and/or Bridges from the National Roads leading to Major/ Strategic Public Buildings/ Facilities,"Improvement of Road, Barangay Kahingan, Rosario, Batangas",5000000.0
2027,Region IV-A,Batangas 4th District Engineering Office,BIP - Access Roads and/or Bridges from the National Roads leading to Major/ Strategic Public Buildings/ Facilities,"Rehabilitation of Maalas-as - Bulihan Road (Maalas-as Section), Rosario, Batangas",5000000.0
2027,Region IV-A,Batangas 4th District Engineering Office,BIP - Access Roads and/or Bridges from the National Roads leading to Major/ Strategic Public Buildings/ Facilities,"Rehabilitation of Road at Barangay Escribano, San Juan, Batangas",5000000.0
2027,Region IV-A,Batangas 4th District Engineering Office,BIP - Access Roads and/or Bridges from the National Roads leading to Major/ Strategic Public Buildings/ Facilities,"Rehabilitation of Road at Barangay Macalamcam B, Rosario, Batangas",5000000.0
2027,Region IV-A,Batangas 4th District Engineering Office,Construction/ Maintenance of Flood Mitigation Structures and Drainage Systems,"Construction Of Drainage System At Barangay Bulacnin, Lipa City, Batangas",5000000.0
2027,Region IV-A,Batangas 4th District Engineering Office,Construction/ Maintenance of Flood Mitigation Structures and Drainage Systems,"Construction of Drainage System at Barangay Lalayat, San Jose, Batangas",5000000.0
2027,Region IV-A,Batangas 4th District Engineering Office,Construction/ Maintenance of Flood Mitigation Structures and Drainage Systems,"Construction of Open Canal at Barangay Poblacion East, Taysan, Batangas",5000000.0
2027,Region IV-A,Batangas 4th District Engineering Office,Construction/ Maintenance of Flood Mitigation Structures and Drainage Systems,"Constuction of Drainage System at Barangay Abung, San Juan, Batangas",5000000.0
2027,Region VIII,Biliran District Engineering Office,BIP - Access Roads and/or Bridges from the National Roads leading to Major/ Strategic Public Buildings/ Facilities,"Rehabilitation of Road, Barangay Manlabang, Caibiran, Biliran (Sta. 0+000 - Sta. 0+177)",5000000.0
2027,Region VIII,Biliran District Engineering Office,BIP - Access Roads and/or Bridges from the National Roads leading to Major/ Strategic Public Buildings/ Facilities,"Rehabilitation of Road, Barangay Ungale, Kawayan, Biliran (Sta. 1+030 - Sta. 1+280)",5000000.0
2027,Region VIII,Biliran District Engineering Office,Construction/ Maintenance of Flood Mitigation Structures and Drainage Systems,"Construction of Drainage, Barangay Poblacion, Kawayan, Biliran (Sta. 0+000 - Sta. 0+160)",5000000.0
2027,Region VIII,Biliran District Engineering Office,Construction/ Maintenance of Flood Mitigation Structures and Drainage Systems,"Construction of Seawall, Barangay Langgao, Cabucgayan, Biliran (Sta. 0+000 - Sta. 0+035; Sta. 0+283 - Sta. 0+324)",5000000.0
2027,Region VIII,Biliran District Engineering Office,Construction/ Maintenance of Flood Mitigation Structures and Drainage Systems,"Construction of Seawall, Barangay Manlabang, Caibiran, Biliran (Sta. 0+167 - Sta. 0+267)",5000000.0
2027,Region VIII,Biliran District Engineering Office,Construction/ Maintenance of Flood Mitigation Structures and Drainage Systems,"Rehabilitation of Seawall, Barangay Uson, Caibiran, Biliran (Sta. 0+000 - Sta. 0+100)",5000000.0
2027,Region VII,Bohol 2nd District Engineering Office,Construction/ Maintenance of Flood Mitigation Structures and Drainage Systems,"Construction of single barrel RCBC at Mahagbo, Trinidad, Bohol",5000000.0
2027,Region III,Bulacan 1st District Engineering Office,BIP - Access Roads and/or Bridges from the National Roads leading to Major/ Strategic Public Buildings/ Facilities,"Construction of Road, Sta. 0+000 - Sta. 0+239, Igulot, Bocaue, Bulacan",5000000.0
2027,Region III,Bulacan 1st District Engineering Office,BIP - Access Roads and/or Bridges from the National Roads leading to Major/ Strategic Public Buildings/ Facilities,"Construction of Road, Sta. 0+000 - Sta. 0+302.82, Sta. 0+000 - Sta. 0+196.69, & Sta. 0+000 - Sta. 0+089.29, Catulinan, Baliwag, Bulacan",5000000.0
2027,Region III,Bulacan 1st District Engineering Office,BIP - Access Roads and/or Bridges from the National Roads leading to Major/ Strategic Public Buildings/ Facilities,"Construction of Road, Sta. 0+000 - Sta. 0+688, Lalangan, Plaridel, Bulacan",5000000.0
2027,Region III,Bulacan 1st District Engineering Office,BIP - Access Roads and/or Bridges from the National Roads leading to Major/ Strategic Public Buildings/ Facilities,"Rehabilitation of Road including Drainage Canal, Sta. 0+000 - Sta. 0+405.25, T. Bugallion St., Subic, Baliwag, Bulacan",5000000.0
2027,Region III,Bulacan 1st District Engineering Office,BIP - Access Roads and/or Bridges from the National Roads leading to Major/ Strategic Public Buildings/ Facilities,"Rehabilitation of Road including Drainage Canal, Sta. 0+000 - Sta. 0+420, M. Ponce St., Poblacion, Baliwag, Bulacan",5000000.0
2027,Region III,Bulacan 1st District Engineering Office,BIP - Access Roads and/or Bridges from the National Roads leading to Major/ Strategic Public Buildings/ Facilities,"Rehabilitation of Road including Drainage Canal, Sta. 0+000 - Sta. 0+466.22, Aldama St., Virgen Delas Flores, Baliwag, Bulacan",5000000.0
2027,Region III,Bulacan 1st District Engineering Office,BIP - Access Roads and/or Bridges from the National Roads leading to Major/ Strategic Public Buildings/ Facilities,"Rehabilitation of Road including Drainage System, Sta. 0+000 - Sta. 0+125, Gregorio del Pilar St., Poblacion, Calumpit, Bulacan",5000000.0
2027,Region III,Bulacan 1st District Engineering Office,BIP - Access Roads and/or Bridges from the National Roads leading to Major/ Strategic Public Buildings/ Facilities,"Rehabilitation of Road, Sta. 0+000 - Sta. 0+110, E. Bautista St., Dampol, Plaridel, Bulacan",5000000.0
2027,Region III,Bulacan 1st District Engineering Office,BIP - Access Roads and/or Bridges from the National Roads leading to Major/ Strategic Public Buildings/ Facilities,"Rehabilitation of Road, Sta. 0+000 - Sta. 0+640.53, Sulivan, Baliuag, Bulacan",5000000.0
2027,Region III,Bulacan 1st District Engineering Office,BIP - Access Roads and/or Bridges from the National Roads leading to Major/ Strategic Public Buildings/ Facilities,"Rehabilitation of Road, Sta. 0+000 - Sta. 0+779.14, P. Angeles St., Sto. Cristo, Baliwag, Bulacan",5000000.0
2027,Region III,Bulacan 1st District Engineering Office,BIP - Access Roads and/or Bridges from the National Roads leading to Major/ Strategic Public Buildings/ Facilities,"Rehabilitation/Improvement of Road and Drainage System at Lugam, City of Malolos, Bulacan",5000000.0
2027,Region III,Bulacan 2nd District Engineering Office,BIP - Access Roads and/or Bridges from the National Roads leading to Major/ Strategic Public Buildings/ Facilities,"Concreting of Road at Malaysia Street, Sitio Catmon, Barangay Binagbag, Angat, Bulacan",5000000.0
2027,Region III,Bulacan 2nd District Engineering Office,BIP - Access Roads and/or Bridges from the National Roads leading to Major/ Strategic Public Buildings/ Facilities,"Concreting of Road at Purok Ibabaw and Sitio Bakawan, Barangay Camangyanan, Santa Maria, Bulacan",5000000.0
2027,Region III,Bulacan 2nd District Engineering Office,BIP - Access Roads and/or Bridges from the National Roads leading to Major/ Strategic Public Buildings/ Facilities,"Concreting of Road at Sitio Centro, Barangay Caysio, Santa Maria, Bulacan",5000000.0
2027,Region III,Bulacan 2nd District Engineering Office,BIP - Access Roads and/or Bridges from the National Roads leading to Major/ Strategic Public Buildings/ Facilities,"Construction of Drainage Canal at F. Santiago Street., Barangay Poblacion, Santa Maria, Bulacan",5000000.0
2027,Region III,Bulacan 2nd District Engineering Office,BIP - Access Roads and/or Bridges from the National Roads leading to Major/ Strategic Public Buildings/ Facilities,"Construction of Drainage Canal at Macaiban-By Pass Road, Barangay San Jose Patag, Santa Maria, Bulacan",5000000.0
2027,Region III,Bulacan 2nd District Engineering Office,BIP - Access Roads and/or Bridges from the National Roads leading to Major/ Strategic Public Buildings/ Facilities,"Construction of Road Concreting at Sitio Lingunan, Barangay Partida, Norzagaray, Bulacan",5000000.0
2027,Region III,Bulacan 2nd District Engineering Office,Construction/ Maintenance of Flood Mitigation Structures and Drainage Systems,"Construction of Drainage Canal at His Land, Sitio Luwasan, Barangay Balasing, Santa Maria, Bulacan",5000000.0
2027,Region III,Bulacan 2nd District Engineering Office,Construction/ Maintenance of Flood Mitigation Structures and Drainage Systems,"Construction of Drainage Canal at Sitio Pakiling and Sitio Looban, Barangay Camangyanan, Santa Maria, Bulacan",5000000.0
2027,Region III,Bulacan 3rd District Engineering Office,BIP - Access Roads and/or Bridges from the National Roads leading to Major/ Strategic Public Buildings/ Facilities,"Rehabilitation of Road, Barangay Poblacion, San Ildefonso, Bulacan Sta. 00+000 - 00+400",5000000.0
2027,Region II,Cagayan 1st District Engineering Office,BIP - Access Roads and/or Bridges from the National Roads leading to Major/ Strategic Public Buildings/ Facilities,"Concreting of Barangay Road at Barangay Agaman Norte, Baggao, Cagayan",5000000.0
2027,Region II,Cagayan 1st District Engineering Office,BIP - Access Roads and/or Bridges from the National Roads leading to Major/ Strategic Public Buildings/ Facilities,"Concreting of Barangay Road at Barangay Imurung-San Miguel, Baggao, Cagayan",5000000.0
2027,Region II,Cagayan 1st District Engineering Office,BIP - Access Roads and/or Bridges from the National Roads leading to Major/ Strategic Public Buildings/ Facilities,"Concreting of Barangay Road at Barangay Maura, Aparri, Cagayan",5000000.0
2027,Region II,Cagayan 1st District Engineering Office,BIP - Access Roads and/or Bridges from the National Roads leading to Major/ Strategic Public Buildings/ Facilities,"Concreting of Barangay Road, Barangay Afunan Cabayu, Camalaniugan, Cagayan",5000000.0
2027,Region II,Cagayan 1st District Engineering Office,BIP - Access Roads and/or Bridges from the National Roads leading to Major/ Strategic Public Buildings/ Facilities,"Concreting of Barangay Road, Barangay Agaman Sur, Baggao, Cagayan",5000000.0
2027,Region II,Cagayan 1st District Engineering Office,BIP - Access Roads and/or Bridges from the National Roads leading to Major/ Strategic Public Buildings/ Facilities,"Concreting of Barangay Road, Barangay Bagunot, Baggao, Cagayan",5000000.0
2027,Region II,Cagayan 1st District Engineering Office,BIP - Access Roads and/or Bridges from the National Roads leading to Major/ Strategic Public Buildings/ Facilities,"Concreting of Barangay Road, Barangay Ballang, Buguey, Cagayan",5000000.0
2027,Region II,Cagayan 1st District Engineering Office,BIP - Access Roads and/or Bridges from the National Roads leading to Major/ Strategic Public Buildings/ Facilities,"Concreting of Barangay Road, Barangay Linao, Aparri, Cagayan",5000000.0
2027,Region II,Cagayan 1st District Engineering Office,BIP - Access Roads and/or Bridges from the National Roads leading to Major/ Strategic Public Buildings/ Facilities,"Concreting of Barangay Road, Barangay Masical, Baggao, Cagayan",5000000.0
2027,Region II,Cagayan 1st District Engineering Office,BIP - Access Roads and/or Bridges from the National Roads leading to Major/ Strategic Public Buildings/ Facilities,"Concreting of Barangay Road, Barangay San Antonio, Baggao, Cagayan",5000000.0
2027,Region II,Cagayan 1st District Engineering Office,BIP - Access Roads and/or Bridges from the National Roads leading to Major/ Strategic Public Buildings/ Facilities,"Concreting of Barangay Road, Barangay San Esteban, Alcala, Cagayan",5000000.0
2027,Region II,Cagayan 1st District Engineering Office,BIP - Access Roads and/or Bridges from the National Roads leading to Major/ Strategic Public Buildings/ Facilities,"Concreting of Barangay Road, Barangay San Vicente, Buguey, Cagayan",5000000.0
2027,Region II,Cagayan 1st District Engineering Office,BIP - Access Roads and/or Bridges from the National Roads leading to Major/ Strategic Public Buildings/ Facilities,"Concreting of Barangay Road, Barangay Simbaluca, Sta. Teresita, Cagayan",5000000.0
2027,Region II,Cagayan 1st District Engineering Office,BIP - Access Roads and/or Bridges from the National Roads leading to Major/ Strategic Public Buildings/ Facilities,"Concreting of Barangay Road, Barangay Sta. Isabel, Buguey, Cagayan",5000000.0
2027,Region II,Cagayan 1st District Engineering Office,BIP - Access Roads and/or Bridges from the National Roads leading to Major/ Strategic Public Buildings/ Facilities,"Concreting of Barangay Road, Barangay Tallang, Baggao, Cagayan",5000000.0
2027,Region II,Cagayan 1st District Engineering Office,BIP - Access Roads and/or Bridges from the National Roads leading to Major/ Strategic Public Buildings/ Facilities,"Concreting of Barangay Road, Barangay Tamban, Alcala, Cagayan",5000000.0
2027,Region II,Cagayan 1st District Engineering Office,BIP - Access Roads and/or Bridges from the National Roads leading to Major/ Strategic Public Buildings/ Facilities,"Construction of Barangay Road, Barangay Afusing Bato, Alcala, Cagayan",5000000.0
2027,Region II,Cagayan 2nd District Engineering Office,BIP - Access Roads and/or Bridges from the National Roads leading to Major/ Strategic Public Buildings/ Facilities,"Concreting of Road along Barangay Mabitnong, Santo Nino, Cagayan",5000000.0
2027,Region II,Cagayan 3rd District Engineering Office,BIP - Access Roads and/or Bridges from the National Roads leading to Major/ Strategic Public Buildings/ Facilities,"Construction of Road, Barangay Bical, Peñablanca, Cagayan",5000000.0
2027,Region II,Cagayan 3rd District Engineering Office,BIP - Access Roads and/or Bridges from the National Roads leading to Major/ Strategic Public Buildings/ Facilities,"Construction of Road, Barangay Calintaan, Amulung, Cagayan",5000000.0
2027,Region II,Cagayan 3rd District Engineering Office,BIP - Access Roads and/or Bridges from the National Roads leading to Major/ Strategic Public Buildings/ Facilities,"Construction of Road, Barangay Carig Sur, Tuguegarao City, Cagayan",5000000.0
2027,Region II,Cagayan 3rd District Engineering Office,BIP - Access Roads and/or Bridges from the National Roads leading to Major/ Strategic Public Buildings/ Facilities,"Construction of Road, Barangay Gosi, Tuguegarao City, Cagayan",5000000.0
2027,Region II,Cagayan 3rd District Engineering Office,BIP - Access Roads and/or Bridges from the National Roads leading to Major/ Strategic Public Buildings/ Facilities,"Construction of Road, Barangay Iraga, Solana, Cagayan",5000000.0
2027,Region II,Cagayan 3rd District Engineering Office,BIP - Access Roads and/or Bridges from the National Roads leading to Major/ Strategic Public Buildings/ Facilities,"Construction of Road, Barangay Liwan Norte, Enrile, Cagayan",5000000.0
2027,Region II,Cagayan 3rd District Engineering Office,BIP - Access Roads and/or Bridges from the National Roads leading to Major/ Strategic Public Buildings/ Facilities,"Construction of Road, Barangay Padul, Solana, Cagayan",5000000.0
2027,Region II,Cagayan 3rd District Engineering Office,BIP - Access Roads and/or Bridges from the National Roads leading to Major/ Strategic Public Buildings/ Facilities,"Construction of Road, Barangay Roma Norte, Enrile, Cagayan",5000000.0
2027,Region II,Cagayan 3rd District Engineering Office,BIP - Access Roads and/or Bridges from the National Roads leading to Major/ Strategic Public Buildings/ Facilities,"Construction of Road, Barangay Roma Sur, Enrile, Cagayan",5000000.0
2027,Region II,Cagayan 3rd District Engineering Office,BIP - Access Roads and/or Bridges from the National Roads leading to Major/ Strategic Public Buildings/ Facilities,"Rehabilitation of Road, Callao to Cabbo Road, Peñablanca, Cagayan",5000000.0
2027,Region II,Cagayan 3rd District Engineering Office,BIP - Access Roads and/or Bridges from the National Roads leading to Major/ Strategic Public Buildings/ Facilities,"Rehabilitation of Road, Sisim to Manga Road, Peñablanca, Cagayan",5000000.0
2027,Region X,Cagayan de Oro City 2nd District Engineering Office,BIP - Access Roads and/or Bridges from the National Roads leading to Major/ Strategic Public Buildings/ Facilities,"Construction (Completion) of Bridge along Malasag River, Barangay Cugman, Cagayan de Oro City",5000000.0
2027,Region X,Cagayan de Oro City 2nd District Engineering Office,BIP - Access Roads and/or Bridges from the National Roads leading to Major/ Strategic Public Buildings/ Facilities,"Construction (Completion) of Bridge along Malasag River, Barangay Cugman, Cagayan de Oro City, Misamis Oriental, 8.452176°, 124.689299°",5000000.0
2027,Region X,Cagayan de Oro City 2nd District Engineering Office,BIP - Access Roads and/or Bridges from the National Roads leading to Major/ Strategic Public Buildings/ Facilities,"Construction of Drainage Structure at Agora Valenzuela Street (Lapaz 01 Ext.), Barangay Lapasan, Cagayan de Oro City",5000000.0
2027,Region X,Cagayan de Oro City 2nd District Engineering Office,BIP - Access Roads and/or Bridges from the National Roads leading to Major/ Strategic Public Buildings/ Facilities,"Construction of Foot Bridge (Bagumbilid Area), Barangay Balubal, Cagayan de Oro City, Misamis Oriental, 8.465193°, 124.759374",5000000.0
2027,Region X,Cagayan de Oro City 2nd District Engineering Office,BIP - Access Roads and/or Bridges from the National Roads leading to Major/ Strategic Public Buildings/ Facilities,"Construction of Road at Purok 9 (Kamakawan), Barangay Gusa, Cagayan de Oro City",5000000.0
2027,Region X,Cagayan de Oro City 2nd District Engineering Office,BIP - Access Roads and/or Bridges from the National Roads leading to Major/ Strategic Public Buildings/ Facilities,"Construction of Road at Upper Camaman-an, Barangay Camaman-an, Cagayan de Oro City",5000000.0
2027,Region X,Cagayan de Oro City 2nd District Engineering Office,BIP - Access Roads and/or Bridges from the National Roads leading to Major/ Strategic Public Buildings/ Facilities,"Construction of Road at VTS Phase 3B - Sta. 0+000 to Sta. 0+250, Barangay Bugo, Cagayan de Oro City, Cagayan de Oro City,Misamis Oriental",5000000.0
2027,Region X,Cagayan de Oro City 2nd District Engineering Office,BIP - Access Roads and/or Bridges from the National Roads leading to Major/ Strategic Public Buildings/ Facilities,"Construction of Road at VTS Phase 3B, Barangay Bugo, Cagayan de Oro City, Cagayan de Oro City",5000000.0
2027,Region X,Cagayan de Oro City 2nd District Engineering Office,BIP - Access Roads and/or Bridges from the National Roads leading to Major/ Strategic Public Buildings/ Facilities,"Construction of Road at Zone 2 Upper Agusan - Sta. 0+000 to Sta. 0+250, Barangay Agusan, Cagayan de Oro City, Misamis Oriental",5000000.0
2027,Region X,Cagayan de Oro City 2nd District Engineering Office,BIP - Access Roads and/or Bridges from the National Roads leading to Major/ Strategic Public Buildings/ Facilities,"Construction of Road at Zone 2 Upper Agusan, Barangay Agusan, Cagayan de Oro City",5000000.0
2027,Region X,Cagayan de Oro City 2nd District Engineering Office,BIP - Access Roads and/or Bridges from the National Roads leading to Major/ Strategic Public Buildings/ Facilities,"Construction of Road at Zone 7 near Mother Theresa Foundation - Sta.0+000 to Sta. 0+250, Barangay Puerto, Cagayan de Oro City, Misamis Oriental",5000000.0
2027,Region X,Cagayan de Oro City 2nd District Engineering Office,BIP - Access Roads and/or Bridges from the National Roads leading to Major/ Strategic Public Buildings/ Facilities,"Construction of Road at Zone 7 near Mother Theresa Foundation, Barangay Puerto, Cagayan de Oro City",5000000.0
2027,Region X,Cagayan de Oro City 2nd District Engineering Office,BIP - Access Roads and/or Bridges from the National Roads leading to Major/ Strategic Public Buildings/ Facilities,"Construction of Road leading to Apo Malaki Integrated School, Barangay FS Catanico, Cagayan de Oro City",5000000.0
2027,Region X,Cagayan de Oro City 2nd District Engineering Office,BIP - Access Roads and/or Bridges from the National Roads leading to Major/ Strategic Public Buildings/ Facilities,"Construction of Road with Drainage at D.S. Abejo Street, Barangay Puntod, Cagayan de Oro City",5000000.0
2027,Region X,Cagayan de Oro City 2nd District Engineering Office,BIP - Access Roads and/or Bridges from the National Roads leading to Major/ Strategic Public Buildings/ Facilities,"Construction of Road with Drainage at Purok 13, Barangay Tablon, Cagayan de Oro City",5000000.0
2027,Region X,Cagayan de Oro City 2nd District Engineering Office,BIP - Access Roads and/or Bridges from the National Roads leading to Major/ Strategic Public Buildings/ Facilities,"Construction of Road with Drainage at Villaflora, Barangay Cugman, Cagayan de Oro City",5000000.0
2027,Region X,Cagayan de Oro City 2nd District Engineering Office,BIP - Access Roads and/or Bridges from the National Roads leading to Major/ Strategic Public Buildings/ Facilities,"Construction of Roads (Pathway) along Barangay Balubal, Cagayan de Oro City",5000000.0
2027,Region X,Cagayan de Oro City 2nd District Engineering Office,Construction/ Maintenance of Flood Mitigation Structures and Drainage Systems,"Construction of Drainage Structure at Purok 4B Cluster Muswagon, Barangay Gusa, Cagayan de Oro City",5000000.0
2027,Region X,Cagayan de Oro City 2nd District Engineering Office,Construction/ Maintenance of Flood Mitigation Structures and Drainage Systems,"Construction of Drainage System at Purok 4-A, Barangay Gusa, Cagayan de Oro City",5000000.0
2027,Region V,Camarines Norte District Engineering Office,Construction/ Maintenance of Flood Mitigation Structures and Drainage Systems,"Construction of Drainage Canal, Barangay Cabusay, Labo, Camarines Norte",5000000.0
2027,Region V,Camarines Norte Sub District Engineering Office,BIP - Access Roads and/or Bridges from the National Roads leading to Major/ Strategic Public Buildings/ Facilities,"Concreting of Barangay Road, Purok 5, Barangay III, Daet, Camarines Norte",5000000.0
2027,Region V,Camarines Norte Sub District Engineering Office,BIP - Access Roads and/or Bridges from the National Roads leading to Major/ Strategic Public Buildings/ Facilities,"Concreting of Barangay Road, Purok 6 Barangay II, Daet, Camarines Norte",5000000.0
2027,Region V,Camarines Norte Sub District Engineering Office,BIP - Access Roads and/or Bridges from the National Roads leading to Major/ Strategic Public Buildings/ Facilities,"Construction of Road Purok Bayabas, Barangay Gubat, Daet, Camarines Norte",5000000.0
2027,Region V,Camarines Sur 1st District Engineering Office,BIP - Access Roads and/or Bridges from the National Roads leading to Major/ Strategic Public Buildings/ Facilities,"Construction of Road, Barangay San Pablo, Sta. 8 + 925.00 to Sta. 9 + 015.00, Del Gallego, Camarines Sur",5000000.0
2027,Region V,Camarines Sur 1st District Engineering Office,BIP - Access Roads and/or Bridges from the National Roads leading to Major/ Strategic Public Buildings/ Facilities,"Construction of Road, Barangay San Pablo, Sta. 9 + 015.00 to Sta. 9 + 105.00, Del Gallego, Camarines Sur",5000000.0
2027,Region V,Camarines Sur 1st District Engineering Office,BIP - Access Roads and/or Bridges from the National Roads leading to Major/ Strategic Public Buildings/ Facilities,"Construction of Road, Barangay Tabion, Sta. 6 + 800.00 to Sta. 6 + 890.00, Del Gallego, Camarines Sur",5000000.0
2027,Region V,Camarines Sur 1st District Engineering Office,BIP - Access Roads and/or Bridges from the National Roads leading to Major/ Strategic Public Buildings/ Facilities,"Construction of Road, Barangay Tabion, Sta. 6 + 890.00 to Sta. 6 + 980.00, Del Gallego, Camarines Sur",5000000.0
2027,Region V,Camarines Sur 1st District Engineering Office,BIP - Access Roads and/or Bridges from the National Roads leading to Major/ Strategic Public Buildings/ Facilities,"Construction of Road, Zone 5, Barangay Poblacion, Sta. 0 + 888.00 to Sta. 1 + 088.00, Lupi, Camarines Sur",5000000.0
2027,Region V,Camarines Sur 3rd District Engineering Office,BIP - Access Roads and/or Bridges from the National Roads leading to Major/ Strategic Public Buildings/ Facilities,"Construction of Bridge, Barangay Paolbo, Calabanga, Camarines Sur",5000000.0
2027,Region V,Camarines Sur 3rd District Engineering Office,BIP - Access Roads and/or Bridges from the National Roads leading to Major/ Strategic Public Buildings/ Facilities,"Construction of Road, Barangay San Agustin, Canaman, Camarines Sur",5000000.0
2027,Region V,Camarines Sur 3rd District Engineering Office,BIP - Access Roads and/or Bridges from the National Roads leading to Major/ Strategic Public Buildings/ Facilities,"Construction of Road, Zone 3, Barangay San Jose East, Canaman, Camarines Sur",5000000.0
2027,Region V,Camarines Sur 3rd District Engineering Office,BIP - Access Roads and/or Bridges from the National Roads leading to Major/ Strategic Public Buildings/ Facilities,"Construction of Road, Zone 6, Barangay Panicuason, Naga City, Camarines Sur",5000000.0
2027,Region V,Camarines Sur 4th District Engineering Office,BIP - Access Roads and/or Bridges from the National Roads leading to Major/ Strategic Public Buildings/ Facilities,"Construction of Bridge (Box Culvert), Barangay Patitinan, Sagñay, Camarines Sur",5000000.0
2027,Region V,Camarines Sur 4th District Engineering Office,BIP - Access Roads and/or Bridges from the National Roads leading to Major/ Strategic Public Buildings/ Facilities,"Construction of Road, Sitio Carantas Barangay Buyo, Goa, Camarines Sur",5000000.0
2027,Region V,Camarines Sur 4th District Engineering Office,BIP - Access Roads and/or Bridges from the National Roads leading to Major/ Strategic Public Buildings/ Facilities,"Construction of Roads, Sitio Kiloon Barangay Boboan, Siruma, Camarines Sur",5000000.0
2027,Region V,Camarines Sur 4th District Engineering Office,BIP - Access Roads and/or Bridges from the National Roads leading to Major/ Strategic Public Buildings/ Facilities,"Rehabilitation of Bridge (Box Culvert), Barangay Bantugan, Presentacion, Camarines Sur",5000000.0
2027,Region V,Camarines Sur 4th District Engineering Office,BIP - Access Roads and/or Bridges from the National Roads leading to Major/ Strategic Public Buildings/ Facilities,"Rehabilitation of Road with Drainage Canal, Barangay Gingaroy, Tigaon, Camarines Sur",5000000.0
2027,Region V,Camarines Sur 5th District Engineering Office,BIP - Access Roads and/or Bridges from the National Roads leading to Major/ Strategic Public Buildings/ Facilities,"Construction of Road, Barangay San Rafael, Iriga, Camarines Sur",5000000.0
2027,Region X,Camiguin District Engineering Office,BIP - Access Roads and/or Bridges from the National Roads leading to Major/ Strategic Public Buildings/ Facilities,"Concreting of Road, Barangay San Roque, Municipality of Mahinog, Province of Camiguin",5000000.0
2027,Region X,Camiguin District Engineering Office,BIP - Access Roads and/or Bridges from the National Roads leading to Major/ Strategic Public Buildings/ Facilities,"Construction of Road, Sitio Lisbong to Barangay Cabu-an, Guinsiliban, Camigiun",5000000.0
2027,Region X,Camiguin District Engineering Office,BIP - Access Roads and/or Bridges from the National Roads leading to Major/ Strategic Public Buildings/ Facilities,"Construction of Road, Sitio Luangan, Barangay Anito, Mambajao, Camiguin",5000000.0
2027,Region X,Camiguin District Engineering Office,Construction/ Maintenance of Flood Mitigation Structures and Drainage Systems,"Rehabilitation of Drainage System (Sta. 11.63+113 - Sta. 11.63+217), Catohugan, Mahinog, Camiguin",5000000.0
2027,Region VI,Capiz 1st District Engineering Office,BIP - Access Roads and/or Bridges from the National Roads leading to Major/ Strategic Public Buildings/ Facilities,"Construction of Road, Barangay Bato, Panay, Capiz",5000000.0
2027,Region VI,Capiz 1st District Engineering Office,BIP - Access Roads and/or Bridges from the National Roads leading to Major/ Strategic Public Buildings/ Facilities,"Construction of Road, Barangay Casanayan, Pilar, Capiz",5000000.0
2027,Region VI,Capiz 1st District Engineering Office,BIP - Access Roads and/or Bridges from the National Roads leading to Major/ Strategic Public Buildings/ Facilities,"Construction of Road, Sitio Ilaya, Barangay Cabugao, Roxas City, Capiz",5000000.0
2027,Region VI,Capiz 1st District Engineering Office,Construction/ Maintenance of Flood Mitigation Structures and Drainage Systems,"Construction of Slope Protection Structure, Barangay Marita, President Roxas, Capiz",5000000.0
2027,Region VI,Capiz 2nd District Engineering Office,BIP - Access Roads and/or Bridges from the National Roads leading to Major/ Strategic Public Buildings/ Facilities,"Construction of Road, Barangay Acuña, Tapaz, Capiz",5000000.0
2027,Region VI,Capiz 2nd District Engineering Office,BIP - Access Roads and/or Bridges from the National Roads leading to Major/ Strategic Public Buildings/ Facilities,"Construction of Road, Barangay Aglinab, Tapaz, Capiz",5000000.0
2027,Region VI,Capiz 2nd District Engineering Office,BIP - Access Roads and/or Bridges from the National Roads leading to Major/ Strategic Public Buildings/ Facilities,"Construction of Road, Barangay Daan Sur, Tapaz, Capiz",5000000.0
2027,Region VI,Capiz 2nd District Engineering Office,BIP - Access Roads and/or Bridges from the National Roads leading to Major/ Strategic Public Buildings/ Facilities,"Construction of Road, Barangay Nayawan, Tapaz, Capiz",5000000.0
2027,Region VI,Capiz 2nd District Engineering Office,BIP - Access Roads and/or Bridges from the National Roads leading to Major/ Strategic Public Buildings/ Facilities,"Construction of Road, Barangay Taslan, Tapaz, Capiz",5000000.0
2027,Region VI,Capiz 2nd District Engineering Office,BIP - Access Roads and/or Bridges from the National Roads leading to Major/ Strategic Public Buildings/ Facilities,"Construction of Road, Sitio Agkawayan Road, Barangay Burias, Mambusao, Capiz",5000000.0
2027,Region VI,Capiz 2nd District Engineering Office,BIP - Access Roads and/or Bridges from the National Roads leading to Major/ Strategic Public Buildings/ Facilities,"Construction of Road, Sitio Dam Road, Barangay Tumalalud, Mambusao, Capiz",5000000.0
2027,Region V,Catanduanes District Engineering Office,BIP - Access Roads and/or Bridges from the National Roads leading to Major/ Strategic Public Buildings/ Facilities,"Construction of Box Culvert , Bagumbayan, Bato, Catanduanes",5000000.0
2027,Region V,Catanduanes District Engineering Office,BIP - Access Roads and/or Bridges from the National Roads leading to Major/ Strategic Public Buildings/ Facilities,"Construction of Road and Slope protection Structure at Barangay Lumabao and Balangonan, Pandan, Catanduanes",5000000.0
2027,Region V,Catanduanes District Engineering Office,BIP - Access Roads and/or Bridges from the National Roads leading to Major/ Strategic Public Buildings/ Facilities,"Construction of Road at Barangay District II and Dororian, Gigmoto, Catanduanes",5000000.0
2027,Region V,Catanduanes District Engineering Office,BIP - Access Roads and/or Bridges from the National Roads leading to Major/ Strategic Public Buildings/ Facilities,"Construction of Road at Barangay Salvacion and Cahan , Bagamanoc,Catanduanes",5000000.0
2027,Region V,Catanduanes District Engineering Office,BIP - Access Roads and/or Bridges from the National Roads leading to Major/ Strategic Public Buildings/ Facilities,"Construction of Road at Barangay San Miguel and Abihao, Baras, Catanduanes",5000000.0
2027,Region V,Catanduanes District Engineering Office,BIP - Access Roads and/or Bridges from the National Roads leading to Major/ Strategic Public Buildings/ Facilities,"Construction of Slope Protection Structure at Barangay Osmena and Pedro Vera(Summit), Viga, Ctanduanes",5000000.0
2027,Region V,Catanduanes District Engineering Office,Construction/ Maintenance of Flood Mitigation Structures and Drainage Systems,"Construction of Flood Control Structure, San Miguel, Panganiban, Catanduanes",5000000.0
2027,Region IV-A,Cavite 1st District Engineering Office,BIP - Access Roads and/or Bridges from the National Roads leading to Major/ Strategic Public Buildings/ Facilities,"Construction of Road connecting Barangay Banaba Cerca to Barangay Banaba Lejos, Indang, Cavite",5000000.0
2027,Region IV-A,Cavite 1st District Engineering Office,BIP - Access Roads and/or Bridges from the National Roads leading to Major/ Strategic Public Buildings/ Facilities,"Construction of Road connecting Barangay Gregorio to Barangay De Ocampo, Trece Martires City, Cavite",5000000.0
2027,Region IV-A,Cavite 1st District Engineering Office,BIP - Access Roads and/or Bridges from the National Roads leading to Major/ Strategic Public Buildings/ Facilities,"Construction of Road with Canal Lining at Barangay Poblacion 4, Indang, Cavite",5000000.0
2027,Region IV-A,Cavite 1st District Engineering Office,BIP - Access Roads and/or Bridges from the National Roads leading to Major/ Strategic Public Buildings/ Facilities,"Construction of Road, Barangay Panungyanan, General Trias City, Cavite",5000000.0
2027,Region IV-A,Cavite 1st District Engineering Office,BIP - Access Roads and/or Bridges from the National Roads leading to Major/ Strategic Public Buildings/ Facilities,"Construction of Storm Drainage along Daang Bakal St., Barangay Potol, Kawit, Cavite",5000000.0
2027,Region IV-A,Cavite 1st District Engineering Office,BIP - Access Roads and/or Bridges from the National Roads leading to Major/ Strategic Public Buildings/ Facilities,"Rehabilitation of Road at Barangay Calumpang Cerca, Indang, Cavite",5000000.0
2027,Region IV-A,Cavite 1st District Engineering Office,Construction/ Maintenance of Flood Mitigation Structures and Drainage Systems,"Construction of Canal Lining along Road at Barangay Calumpang Cerca, Indang, Cavite",5000000.0
2027,Region IV-A,Cavite 1st District Engineering Office,Construction/ Maintenance of Flood Mitigation Structures and Drainage Systems,"Construction of Storm Drainage along Daang Bakal St., Barangay Putol, Kawit, Cavite",5000000.0
2027,Region IV-A,Cavite 1st District Engineering Office,Construction/ Rehabilitation of Flood Mitigation Facilities within Major River Basins and Principal Rivers,"Construction of Flood Control Structure along Imus River, Barangay Tanzang Luma I, Imus Cavite",5000000.0
2027,Region IV-A,Cavite 2nd District Engineering Office,Construction/ Maintenance of Flood Mitigation Structures and Drainage Systems,"Construction of Slope Protection Structure at DPWH Cavite 2nd District Engineering Office, Alfonso, Cavite",5000000.0
2027,Region IV-A,Cavite 3rd District Engineering Office,BIP - Access Roads and/or Bridges from the National Roads leading to Major/ Strategic Public Buildings/ Facilities,"Construction of Road with Drainage, Barangay Adlas, Silang, Cavite",5000000.0
2027,Region IV-A,Cavite 3rd District Engineering Office,BIP - Access Roads and/or Bridges from the National Roads leading to Major/ Strategic Public Buildings/ Facilities,"Construction of Road with Drainage, Barangay Bernardo Pulido, Gen. Mariano Alvarez, Cavite",5000000.0
2027,Region IV-A,Cavite 3rd District Engineering Office,BIP - Access Roads and/or Bridges from the National Roads leading to Major/ Strategic Public Buildings/ Facilities,"Construction of Road with Drainage, Barangay Lucsuhin, Silang, Cavite",5000000.0
2027,Region IV-A,Cavite 3rd District Engineering Office,BIP - Access Roads and/or Bridges from the National Roads leading to Major/ Strategic Public Buildings/ Facilities,"Construction of Road with Drainage, Barangay Malaking Tatiao, Silang, Cavite",5000000.0
2027,Region VII,Cebu 1st District Engineering Office,BIP - Access Roads and/or Bridges from the National Roads leading to Major/ Strategic Public Buildings/ Facilities,"Concreting of Road, Barangay Cagay, Sibonga, Cebu",5000000.0
2027,Region VII,Cebu 1st District Engineering Office,BIP - Access Roads and/or Bridges from the National Roads leading to Major/ Strategic Public Buildings/ Facilities,"Concreting of Road, Barangay Cantaoan, Naga City, Cebu",5000000.0
2027,Region VII,Cebu 1st District Engineering Office,BIP - Access Roads and/or Bridges from the National Roads leading to Major/ Strategic Public Buildings/ Facilities,"Concreting of Road, Barangay Jaguimit, Naga City, Cebu",5000000.0
2027,Region VII,Cebu 1st District Engineering Office,BIP - Access Roads and/or Bridges from the National Roads leading to Major/ Strategic Public Buildings/ Facilities,"Concreting of Road, Barangay Lantawan, San Fernando, Cebu",5000000.0
2027,Region VII,Cebu 1st District Engineering Office,BIP - Access Roads and/or Bridges from the National Roads leading to Major/ Strategic Public Buildings/ Facilities,"Concreting of Road, Barangay Libo, Sibonga, Cebu",5000000.0
2027,Region VII,Cebu 1st District Engineering Office,BIP - Access Roads and/or Bridges from the National Roads leading to Major/ Strategic Public Buildings/ Facilities,"Concreting of Road, Barangay Liburon, San Fernando, Cebu",5000000.0
2027,Region VII,Cebu 1st District Engineering Office,BIP - Access Roads and/or Bridges from the National Roads leading to Major/ Strategic Public Buildings/ Facilities,"Concreting of Road, Kayam Road, Napo, Carcar City, Cebu",5000000.0
2027,Region VII,Cebu 1st District Engineering Office,BIP - Access Roads and/or Bridges from the National Roads leading to Major/ Strategic Public Buildings/ Facilities,"Concreting of Road, Pobreng Pungtod, Can-asujan, Carcar City, Cebu",5000000.0
2027,Region VII,Cebu 1st District Engineering Office,BIP - Access Roads and/or Bridges from the National Roads leading to Major/ Strategic Public Buildings/ Facilities,"Concreting of Road, Sitio Lomboy to Sitio Magsipit, Barangay Liburon, Carcar City, Cebu",5000000.0
2027,Region VII,Cebu 1st District Engineering Office,BIP - Access Roads and/or Bridges from the National Roads leading to Major/ Strategic Public Buildings/ Facilities,"Concreting of Road, Sitio Magsipit, Can-asujan, Carcar City, Cebu",5000000.0
2027,Region VII,Cebu 1st District Engineering Office,BIP - Access Roads and/or Bridges from the National Roads leading to Major/ Strategic Public Buildings/ Facilities,"Concreting of Road, Sitio Tumpag, Guadalupe, Carcar City, Cebu",5000000.0
2027,Region VII,Cebu 2nd District Engineering Office,BIP - Access Roads and/or Bridges from the National Roads leading to Major/ Strategic Public Buildings/ Facilities,"Concreting of Road, Barangay Canukban, Oslob, Cebu",5000000.0
2027,Region VII,Cebu 2nd District Engineering Office,BIP - Access Roads and/or Bridges from the National Roads leading to Major/ Strategic Public Buildings/ Facilities,"Concreting of Road, Barangay Liloan to Barangay Bunlan, Santander, Cebu",5000000.0
2027,Region VII,Cebu 2nd District Engineering Office,BIP - Access Roads and/or Bridges from the National Roads leading to Major/ Strategic Public Buildings/ Facilities,"Concreting of Road, Barangay Monteverde, Samboan, Cebu",5000000.0
2027,Region VII,Cebu 2nd District Engineering Office,BIP - Access Roads and/or Bridges from the National Roads leading to Major/ Strategic Public Buildings/ Facilities,"Concreting of Road, Barangay South Granada, Boljoon, Cebu",5000000.0
2027,Region VII,Cebu 2nd District Engineering Office,BIP - Access Roads and/or Bridges from the National Roads leading to Major/ Strategic Public Buildings/ Facilities,"Concreting of Road, Barangay Tulang, Argao, Cebu",5000000.0
2027,Region VII,Cebu 2nd District Engineering Office,BIP - Access Roads and/or Bridges from the National Roads leading to Major/ Strategic Public Buildings/ Facilities,"Concreting of Road, Sitio Upper Bulalacao to Research Center, Barangay Nug-as, Alcoy, Cebu.",5000000.0
2027,Region VII,Cebu 2nd District Engineering Office,BIP - Access Roads and/or Bridges from the National Roads leading to Major/ Strategic Public Buildings/ Facilities,"Construction of Road, Barangay Road leading to Tabayag Elementary School, Barangay Tabayag, Argao, Cebu",5000000.0
2027,Region VII,Cebu 2nd District Engineering Office,BIP - Access Roads and/or Bridges from the National Roads leading to Major/ Strategic Public Buildings/ Facilities,"Construction of Road, Barangay Road, Barangay Anajao, Argao, Cebu",5000000.0
2027,Region VII,Cebu 2nd District Engineering Office,BIP - Access Roads and/or Bridges from the National Roads leading to Major/ Strategic Public Buildings/ Facilities,"Construction of Road, Barangay Road, Barangay Caleriohan, Dalaguete, Cebu",5000000.0
2027,Region VII,Cebu 2nd District Engineering Office,BIP - Access Roads and/or Bridges from the National Roads leading to Major/ Strategic Public Buildings/ Facilities,"Construction of Road, Barangay Road, Barangay Colawin, Argao, Cebu",5000000.0
2027,Region VII,Cebu 2nd District Engineering Office,BIP - Access Roads and/or Bridges from the National Roads leading to Major/ Strategic Public Buildings/ Facilities,"Construction of Road, Barangay Road, Barangay Dugyan, Dalaguete, Cebu",5000000.0
2027,Region VII,Cebu 2nd District Engineering Office,BIP - Access Roads and/or Bridges from the National Roads leading to Major/ Strategic Public Buildings/ Facilities,"Construction of Road, Barangay Road, Barangay Jomgao, Argao, Cebu",5000000.0
2027,Region VII,Cebu 2nd District Engineering Office,BIP - Access Roads and/or Bridges from the National Roads leading to Major/ Strategic Public Buildings/ Facilities,"Construction of Road, Barangay Road, Barangay Linut-od, Argao, Cebu",5000000.0
2027,Region VII,Cebu 2nd District Engineering Office,BIP - Access Roads and/or Bridges from the National Roads leading to Major/ Strategic Public Buildings/ Facilities,"Construction of Road, Barangay Road, Barangay Mompeller, Argao, Cebu",5000000.0
2027,Region VII,Cebu 2nd District Engineering Office,BIP - Access Roads and/or Bridges from the National Roads leading to Major/ Strategic Public Buildings/ Facilities,"Construction of Road, Barangay Road, Barangay Panadtaran, Argao, Cebu",5000000.0
2027,Region VII,Cebu 2nd District Engineering Office,BIP - Access Roads and/or Bridges from the National Roads leading to Major/ Strategic Public Buildings/ Facilities,"Construction of Road, Barangay Road, Barangay Poblacion, Argao, Cebu",5000000.0
2027,Region VII,Cebu 2nd District Engineering Office,BIP - Access Roads and/or Bridges from the National Roads leading to Major/ Strategic Public Buildings/ Facilities,"Construction of Road, Barangay Road, Barangay Sumaguan, Argao, Cebu",5000000.0
2027,Region VII,Cebu 2nd District Engineering Office,BIP - Access Roads and/or Bridges from the National Roads leading to Major/ Strategic Public Buildings/ Facilities,"Construction of Road, Barangay Road, Barangay Usmad, Argao, Cebu",5000000.0
2027,Region VII,Cebu 2nd District Engineering Office,BIP - Access Roads and/or Bridges from the National Roads leading to Major/ Strategic Public Buildings/ Facilities,"Construction of Road, Barangay Road, Sitio Candulunon, Barangay Balisong, Argao, Cebu",5000000.0
2027,Region VII,Cebu 2nd District Engineering Office,BIP - Access Roads and/or Bridges from the National Roads leading to Major/ Strategic Public Buildings/ Facilities,"Construction of Road, Bulak Barangay Road, Barangay Bulak, Dalaguete, Cebu",5000000.0
2027,Region VII,Cebu 2nd District Engineering Office,BIP - Access Roads and/or Bridges from the National Roads leading to Major/ Strategic Public Buildings/ Facilities,"Construction of Road, Canbanua Barangay Road, Barangay Canbanua, Argao, Cebu",5000000.0
2027,Region VII,Cebu 2nd District Engineering Office,BIP - Access Roads and/or Bridges from the National Roads leading to Major/ Strategic Public Buildings/ Facilities,"Construction of Road, Conalum Barangay Road, Barangay Conalum, Argao, Cebu",5000000.0
2027,Region VII,Cebu 2nd District Engineering Office,BIP - Access Roads and/or Bridges from the National Roads leading to Major/ Strategic Public Buildings/ Facilities,"Construction of Road, Daanglungsod Barangay Road, Sitio Nonok, Barangay Daanglungsod, Alcoy, Cebu",5000000.0
2027,Region VII,Cebu 2nd District Engineering Office,BIP - Access Roads and/or Bridges from the National Roads leading to Major/ Strategic Public Buildings/ Facilities,"Construction of Road, Gutlang Barangay Road, Barangay Gutlang, Argao, Cebu",5000000.0
2027,Region VII,Cebu 2nd District Engineering Office,BIP - Access Roads and/or Bridges from the National Roads leading to Major/ Strategic Public Buildings/ Facilities,"Construction of Road, Langub Barangay Road, Barangay Langub, Argao, Cebu",5000000.0
2027,Region VII,Cebu 2nd District Engineering Office,BIP - Access Roads and/or Bridges from the National Roads leading to Major/ Strategic Public Buildings/ Facilities,"Construction of Road, Lengigon Barangay Road, Barangay Lengigon, Argao, Cebu",5000000.0
2027,Region VII,Cebu 2nd District Engineering Office,BIP - Access Roads and/or Bridges from the National Roads leading to Major/ Strategic Public Buildings/ Facilities,"Construction of Road, Mabasa Barangay Road, Sitio Baclao, Barangay Mabasa, Argao, Cebu",5000000.0
2027,Region VII,Cebu 2nd District Engineering Office,BIP - Access Roads and/or Bridges from the National Roads leading to Major/ Strategic Public Buildings/ Facilities,"Construction of Road, Mandilikit Barangay Road, Barangay Mandilikit, Argao, Cebu",5000000.0
2027,Region VII,Cebu 2nd District Engineering Office,BIP - Access Roads and/or Bridges from the National Roads leading to Major/ Strategic Public Buildings/ Facilities,"Construction of Road, Sua Barangay Road, Sitio Proper, Barangay Sua, Argao, Cebu",5000000.0
2027,Region VII,Cebu 2nd District Engineering Office,BIP - Access Roads and/or Bridges from the National Roads leading to Major/ Strategic Public Buildings/ Facilities,"Constructionof Road, Barangay Road, Barangay Capio-an, Argao, Cebu",5000000.0
2027,Region VII,Cebu 3rd District Engineering Office,BIP - Access Roads and/or Bridges from the National Roads leading to Major/ Strategic Public Buildings/ Facilities,"Concreting of Road, Barangay Bojo, Aloguinsan, Cebu",5000000.0
2027,Region VII,Cebu 3rd District Engineering Office,BIP - Access Roads and/or Bridges from the National Roads leading to Major/ Strategic Public Buildings/ Facilities,"Concreting of Road, Barangay Cabcaban, Barili, Cebu",5000000.0
2027,Region VII,Cebu 3rd District Engineering Office,BIP - Access Roads and/or Bridges from the National Roads leading to Major/ Strategic Public Buildings/ Facilities,"Concreting of Road, Barangay Kaluangan, Asturias, Cebu",5000000.0
2027,Region VII,Cebu 3rd District Engineering Office,BIP - Access Roads and/or Bridges from the National Roads leading to Major/ Strategic Public Buildings/ Facilities,"Concreting of Road, Barangay Kawasan, Aloguinsan, Cebu",5000000.0
2027,Region VII,Cebu 3rd District Engineering Office,BIP - Access Roads and/or Bridges from the National Roads leading to Major/ Strategic Public Buildings/ Facilities,"Concreting of Road, Barangay Marmol, Tuburan, Cebu",5000000.0
2027,Region VII,Cebu 3rd District Engineering Office,BIP - Access Roads and/or Bridges from the National Roads leading to Major/ Strategic Public Buildings/ Facilities,"Concreting of Road, Sitio Ibo, Barangay Pondol, Balamban, Cebu",5000000.0
2027,Region VII,Cebu 4th District Engineering Office,BIP - Access Roads and/or Bridges from the National Roads leading to Major/ Strategic Public Buildings/ Facilities,"Concreting of Road, Barangay Caputatan, Medellin, Cebu",5000000.0
2027,Region VII,Cebu 4th District Engineering Office,BIP - Access Roads and/or Bridges from the National Roads leading to Major/ Strategic Public Buildings/ Facilities,"Concreting of Road, Barangay Curva, Medellin, Cebu",5000000.0
2027,Region VII,Cebu 4th District Engineering Office,BIP - Access Roads and/or Bridges from the National Roads leading to Major/ Strategic Public Buildings/ Facilities,"Concreting of Road, Barangay Malingin, Daanbantayan, Cebu",5000000.0
2027,Region VII,Cebu 4th District Engineering Office,BIP - Access Roads and/or Bridges from the National Roads leading to Major/ Strategic Public Buildings/ Facilities,"Concreting of Road, Barangay Maricaban, Santa Fe, Cebu",5000000.0
2027,Region VII,Cebu 4th District Engineering Office,BIP - Access Roads and/or Bridges from the National Roads leading to Major/ Strategic Public Buildings/ Facilities,"Concreting of Road, Barangay Maya, Daanbantayan, Cebu",5000000.0
2027,Region VII,Cebu 4th District Engineering Office,BIP - Access Roads and/or Bridges from the National Roads leading to Major/ Strategic Public Buildings/ Facilities,"Concreting of Road, Barangay Okoy, Santa Fe, Cebu",5000000.0
2027,Region VII,Cebu 4th District Engineering Office,BIP - Access Roads and/or Bridges from the National Roads leading to Major/ Strategic Public Buildings/ Facilities,"Concreting of Road, Barangay Poblacion, Tabuelan, Cebu",5000000.0
2027,Region VII,Cebu 4th District Engineering Office,BIP - Access Roads and/or Bridges from the National Roads leading to Major/ Strategic Public Buildings/ Facilities,"Concreting of Road, Kayam-Dapdap-Toong, Barangay Kayam, San Remigio, Cebu",5000000.0
2027,Region VII,Cebu 4th District Engineering Office,BIP - Access Roads and/or Bridges from the National Roads leading to Major/ Strategic Public Buildings/ Facilities,"Concreting of Road, Roa St. Extension, Barangay Poblacion, Madridejos, Cebu",5000000.0
2027,Region VII,Cebu 4th District Engineering Office,BIP - Access Roads and/or Bridges from the National Roads leading to Major/ Strategic Public Buildings/ Facilities,"Concreting of Road, Sitio Guzo, Barangay Taba-ao , Tabogon, Cebu",5000000.0
2027,Region VII,Cebu 4th District Engineering Office,BIP - Access Roads and/or Bridges from the National Roads leading to Major/ Strategic Public Buildings/ Facilities,"Concreting of Sitio Puthaw, Barangay Loong , Tabogon Cebu",5000000.0
2027,Region VII,Cebu 5th District Engineering Office,BIP - Access Roads and/or Bridges from the National Roads leading to Major/ Strategic Public Buildings/ Facilities,"Concreting of Road with Drainage System, Barangay Poblacion, Sogod, Cebu",5000000.0
2027,Region VII,Cebu 5th District Engineering Office,BIP - Access Roads and/or Bridges from the National Roads leading to Major/ Strategic Public Buildings/ Facilities,"Concreting of Road, Barangay Ipil, Carmen, Cebu",5000000.0
2027,Region VII,Cebu 5th District Engineering Office,BIP - Access Roads and/or Bridges from the National Roads leading to Major/ Strategic Public Buildings/ Facilities,"Concreting of Road, Barangay Lupa, Compostela, Cebu",5000000.0
2027,Region VII,Cebu 5th District Engineering Office,BIP - Access Roads and/or Bridges from the National Roads leading to Major/ Strategic Public Buildings/ Facilities,"Concreting of Road, Barangay Moabog, Pilar, Camotes, Cebu",5000000.0
2027,Region VII,Cebu 5th District Engineering Office,BIP - Access Roads and/or Bridges from the National Roads leading to Major/ Strategic Public Buildings/ Facilities,"Concreting of Road, Barangay Puertobello, Tudela, Cebu",5000000.0
2027,Region VII,Cebu 5th District Engineering Office,BIP - Access Roads and/or Bridges from the National Roads leading to Major/ Strategic Public Buildings/ Facilities,"Concreting of Road, Sitio Awihaw, Barangay San Isidro, San Francisco, Camotes, Cebu",5000000.0
2027,Region VII,Cebu 5th District Engineering Office,BIP - Access Roads and/or Bridges from the National Roads leading to Major/ Strategic Public Buildings/ Facilities,"Concreting of Road, Sitio Bagacay, Barangay Santa Rita, Poro, Camotes, Cebu",5000000.0
2027,Region VII,Cebu 5th District Engineering Office,BIP - Access Roads and/or Bridges from the National Roads leading to Major/ Strategic Public Buildings/ Facilities,"Concreting of Road, Sitio Corazon, Barangay Poblacion, Catmon, Cebu",5000000.0
2027,Region VII,Cebu 5th District Engineering Office,BIP - Access Roads and/or Bridges from the National Roads leading to Major/ Strategic Public Buildings/ Facilities,"Concreting of Road, Sitio Flores, Barangay Poblacion, Catmon, Cebu",5000000.0
2027,Region VII,Cebu 5th District Engineering Office,BIP - Access Roads and/or Bridges from the National Roads leading to Major/ Strategic Public Buildings/ Facilities,"Concreting of Road, Sitio Kinamagan, Barangay Poblacion, Borbon Cebu",5000000.0
2027,Region VII,Cebu 5th District Engineering Office,BIP - Access Roads and/or Bridges from the National Roads leading to Major/ Strategic Public Buildings/ Facilities,"Concreting of Road, Sitio Luayan, Barangay Tabunan, Borbon, Cebu",5000000.0
2027,Region VII,Cebu 5th District Engineering Office,BIP - Access Roads and/or Bridges from the National Roads leading to Major/ Strategic Public Buildings/ Facilities,"Construction of Road, Barangay Cabangahan, Sogod, Cebu",5000000.0
2027,Region VII,Cebu 5th District Engineering Office,BIP - Access Roads and/or Bridges from the National Roads leading to Major/ Strategic Public Buildings/ Facilities,"Construction of Road, Barangay Catarman, Liloan, Cebu",5000000.0
2027,Region VII,Cebu 5th District Engineering Office,BIP - Access Roads and/or Bridges from the National Roads leading to Major/ Strategic Public Buildings/ Facilities,"Construction of Road, Barangay Esperanza, San Francisco, Cebu",5000000.0
2027,Region VII,Cebu 5th District Engineering Office,BIP - Access Roads and/or Bridges from the National Roads leading to Major/ Strategic Public Buildings/ Facilities,"Construction of Road, Barangay Flores (Poblacion), Catmon, Cebu",5000000.0
2027,Region VII,Cebu 5th District Engineering Office,BIP - Access Roads and/or Bridges from the National Roads leading to Major/ Strategic Public Buildings/ Facilities,"Construction of Road, Barangay General, Tudela, Cebu",5000000.0
2027,Region VII,Cebu 5th District Engineering Office,BIP - Access Roads and/or Bridges from the National Roads leading to Major/ Strategic Public Buildings/ Facilities,"Construction of Road, Barangay Lower Poblacion, Pilar, Cebu",5000000.0
2027,Region VII,Cebu 5th District Engineering Office,BIP - Access Roads and/or Bridges from the National Roads leading to Major/ Strategic Public Buildings/ Facilities,"Construction of Road, Barangay Montserrat - Barangay Biasong, Pilar, Cebu",5000000.0
2027,Region VII,Cebu 5th District Engineering Office,BIP - Access Roads and/or Bridges from the National Roads leading to Major/ Strategic Public Buildings/ Facilities,"Construction of Road, Barangay Mulao-Barangay Dapdap, Compostela, Cebu",5000000.0
2027,Region VII,Cebu 5th District Engineering Office,BIP - Access Roads and/or Bridges from the National Roads leading to Major/ Strategic Public Buildings/ Facilities,"Construction of Road, Barangay Pagsa - Barangay Altavista, Poro, Cebu",5000000.0
2027,Region VII,Cebu 5th District Engineering Office,BIP - Access Roads and/or Bridges from the National Roads leading to Major/ Strategic Public Buildings/ Facilities,"Construction of Road, Barangay San Roque, Liloan, Cebu",5000000.0
2027,Region VII,Cebu 6th District Engineering Office,BIP - Access Roads and/or Bridges from the National Roads leading to Major/ Strategic Public Buildings/ Facilities,"Concreting of Road, Sitio Roadside, Barangay Looc, Mandaue City, Cebu",5000000.0
2027,Region VII,Cebu 6th District Engineering Office,BIP - Access Roads and/or Bridges from the National Roads leading to Major/ Strategic Public Buildings/ Facilities,"Concreting of Road, Sitio Tikyan, Barangay Banilad, Mandaue City, Cebu",5000000.0
2027,Region VII,Cebu 6th District Engineering Office,BIP - Access Roads and/or Bridges from the National Roads leading to Major/ Strategic Public Buildings/ Facilities,"Concreting of Road, Zone 6, Don Sergio Suico St., Barangay Canduman, Mandaue City, Cebu",5000000.0
2027,Region VII,Cebu 6th District Engineering Office,BIP - Access Roads and/or Bridges from the National Roads leading to Major/ Strategic Public Buildings/ Facilities,"Construction of Road with Drainage along A.G. Cabahug, Sitio Centro, Barangay Looc, Mandaue City, Cebu. Sta. 0+000.00 to Sta. 0+122.00",5000000.0
2027,Region VII,Cebu 6th District Engineering Office,BIP - Access Roads and/or Bridges from the National Roads leading to Major/ Strategic Public Buildings/ Facilities,"Construction of Road with Drainage at M. Ceniza St., Mandaue City, Cebu",5000000.0
2027,Region VII,Cebu 6th District Engineering Office,Construction/ Maintenance of Flood Mitigation Structures and Drainage Systems,"Construction of Drainage along San Jose Rd, Barangay, Jagobiao, Mandaue City, Cebu",5000000.0
2027,Region VII,Cebu 6th District Engineering Office,Construction/ Maintenance of Flood Mitigation Structures and Drainage Systems,"Construction of drainage system at Barangay Poblacion, Cordova, Cebu",5000000.0
2027,Region VII,Cebu 7th District Engineering Office,BIP - Access Roads and/or Bridges from the National Roads leading to Major/ Strategic Public Buildings/ Facilities,"Concreting of Road, Barangay Batadbatad, Moalboal, Cebu",5000000.0
2027,Region VII,Cebu 7th District Engineering Office,BIP - Access Roads and/or Bridges from the National Roads leading to Major/ Strategic Public Buildings/ Facilities,"Concreting of Road, Barangay Cabadiangan, Alcantara, Cebu",5000000.0
2027,Region VII,Cebu 7th District Engineering Office,BIP - Access Roads and/or Bridges from the National Roads leading to Major/ Strategic Public Buildings/ Facilities,"Concreting of Road, Barangay Cansalonoy, Ronda, Cebu",5000000.0
2027,Region VII,Cebu 7th District Engineering Office,BIP - Access Roads and/or Bridges from the National Roads leading to Major/ Strategic Public Buildings/ Facilities,"Concreting of Road, Barangay Manga, Alcantara, Cebu",5000000.0
2027,Region VII,Cebu 7th District Engineering Office,BIP - Access Roads and/or Bridges from the National Roads leading to Major/ Strategic Public Buildings/ Facilities,"Concreting of Road, Barangay San Roque to Barangay Poblacion, Ginatilan, Cebu",5000000.0
2027,Region VII,Cebu 7th District Engineering Office,BIP - Access Roads and/or Bridges from the National Roads leading to Major/ Strategic Public Buildings/ Facilities,"Concreting of Road, Sitio Bitoon to Sitio Kanghumaod, Barangay Tubod, Dumanjug, Cebu",5000000.0
2027,Region VII,Cebu 7th District Engineering Office,BIP - Access Roads and/or Bridges from the National Roads leading to Major/ Strategic Public Buildings/ Facilities,"Concreting of Road, Sitio Laguna, Barangay Tolosa, Malabuyoc, Cebu",5000000.0
2027,Region VII,Cebu 7th District Engineering Office,BIP - Access Roads and/or Bridges from the National Roads leading to Major/ Strategic Public Buildings/ Facilities,"Construction of Road at Sitio Elithon, Barangay Vive, Ronda, Cebu",5000000.0
2027,Region VII,Cebu City District Engineering Office,Construction/ Maintenance of Flood Mitigation Structures and Drainage Systems,"Construction of Drainage Structure, Sta. 0+000 - Sta. 0+164, Barangay Sto. Niño, Cebu City",5000000.0
2027,Region VII,Cebu City District Engineering Office,Construction/ Maintenance of Flood Mitigation Structures and Drainage Systems,"Construction of Drainage Structure, Sta. 0+000 - Sta. 0+303, Barangay Kasambagan, Cebu City",5000000.0
2027,Region VII,Cebu City District Engineering Office,Construction/ Maintenance of Flood Mitigation Structures and Drainage Systems,"Construction of Drainage Structure, Sta. 0+044 - Sta. 0+344, Barangay Sta. Cruz, Cebu City",5000000.0
2027,Region VII,Cebu City District Engineering Office,Construction/ Maintenance of Flood Mitigation Structures and Drainage Systems,"Construction of Drainage Structure, Sta. 0+057 - Sta. 0+357, Barangay Carreta, Cebu City",5000000.0
2027,Region VII,Cebu City District Engineering Office,Construction/ Maintenance of Flood Mitigation Structures and Drainage Systems,"Construction of Drainage Structure, Sta. 0+230 - Sta. 0+449, Barangay Kamagayan, Cebu City",5000000.0
2027,Region VII,Cebu City District Engineering Office,Construction/ Maintenance of Flood Mitigation Structures and Drainage Systems,"Construction of Drainage Structure, Sta. 0+290 - Sta. 0+480, Sta. 0+000 - Sta. 0+110, Barangay Ermita, Cebu City",5000000.0
2027,Region VII,Cebu City District Engineering Office,Construction/ Maintenance of Flood Mitigation Structures and Drainage Systems,"Construction of Drainage Structure, Sta. 0+591 - Sta. 0+861, Barangay Kamputhaw, Cebu City",5000000.0
2027,Region VII,Cebu City District Engineering Office,Construction/ Maintenance of Flood Mitigation Structures and Drainage Systems,"Construction of Road Slope Protection Structure, Sta. 2+800 - Sta. 2+850.00 Barangay Bonbon, Cebu City, Cebu",5000000.0
2027,Region XII,Cotabato 1st District Engineering Office,BIP - Access Roads and/or Bridges from the National Roads leading to Major/ Strategic Public Buildings/ Facilities,"Construction of Concrete Road, Barangay Balatican, Pikit, Cotabato",5000000.0
2027,Region XII,Cotabato 1st District Engineering Office,BIP - Access Roads and/or Bridges from the National Roads leading to Major/ Strategic Public Buildings/ Facilities,"Construction of Concrete Road, Purok Orchids to Purok Two Lovers, Barangay Sadaan, Midsayap, Cotabato",5000000.0
2027,Region XII,Cotabato 1st District Engineering Office,BIP - Access Roads and/or Bridges from the National Roads leading to Major/ Strategic Public Buildings/ Facilities,"Construction of Concrete Road, Sitio Riverside to Sitio Antara, Nicaan, Barangay Libungan, Cotabato",5000000.0
2027,Region XII,Cotabato 1st District Engineering Office,BIP - Access Roads and/or Bridges from the National Roads leading to Major/ Strategic Public Buildings/ Facilities,"Construction of Road, Barangay Sta. Cruz, Aleosan, Cotabato",5000000.0
2027,Region XII,Cotabato 1st District Engineering Office,BIP - Access Roads and/or Bridges from the National Roads leading to Major/ Strategic Public Buildings/ Facilities,"Construction of Road, Purok 2 to Purok Tres Rosas, Barangay Anonang, Midsayap, Cotabato",5000000.0
2027,Region XII,Cotabato 1st District Engineering Office,Construction/ Maintenance of Flood Mitigation Structures and Drainage Systems,"Rehabilitation of Dike Protection, Ginatilan Elementary School, Barangay Ginatilan, Pikit, Cotabato",5000000.0
2027,Region XII,Cotabato 1st District Engineering Office,Construction/ Maintenance of Flood Mitigation Structures and Drainage Systems,"Rehabilitation of Drainage Canal, Secondary Contributory Canal, Barangay Agriculture, Midsayap, Cotabato",5000000.0
2027,Region XII,Cotabato 1st District Engineering Office,Construction/ Maintenance of Flood Mitigation Structures and Drainage Systems,"Rehabilitation of Drainage Canal, Secondary Contributory Canal, Barangay Kiwanan, Midsayap, Cotabato",5000000.0
2027,Region XII,Cotabato 1st District Engineering Office,Construction/ Maintenance of Flood Mitigation Structures and Drainage Systems,"Rehabilitation of Drainage Canal, Sitio Lamak to Calawag Creek, Secondary Contributory Canal, Pikit, Cotabato",5000000.0
2027,Region XII,Cotabato 3rd District Engineering Office,BIP - Access Roads and/or Bridges from the National Roads leading to Major/ Strategic Public Buildings/ Facilities,"Construction of Road (Box Culvert), Barangay Lika, M'lang, Cotabato",5000000.0
2027,Region VI,Guimaras District Engineering Office,Construction/ Maintenance of Flood Mitigation Structures and Drainage Systems,"Construction of Drainage System along Catalino G. Nava Farm School Compound, Sta. 0 + 000 - Sta. 0 + 200, Barangay Constancia, San Lorenzo, Guimaras",5000000.0
2027,CAR,Ifugao 1st District Engineering Office,BIP - Access Roads and/or Bridges from the National Roads leading to Major/ Strategic Public Buildings/ Facilities,"Construction of Ambuwaya - to Ba-e Access Road, Barangay Ambabag, Kiangan, Ifugao",5000000.0
2027,CAR,Ifugao 1st District Engineering Office,BIP - Access Roads and/or Bridges from the National Roads leading to Major/ Strategic Public Buildings/ Facilities,"Construction of Mongkilong - Kahingyan Access Road, Tuplac, Kiangan, Ifugao",5000000.0
2027,CAR,Ifugao 1st District Engineering Office,BIP - Access Roads and/or Bridges from the National Roads leading to Major/ Strategic Public Buildings/ Facilities,"Construction of Sitio Humalophop, Mompolia,Hingyon, Ifugao to Barangay Montabiong, Lagawe, Ifugao Access Road, Mompolia, Hingyon, Ifugao",5000000.0
2027,CAR,Ifugao 2nd District Engineering Office,BIP - Access Roads and/or Bridges from the National Roads leading to Major/ Strategic Public Buildings/ Facilities,"Construction of Barangay Montabiong - Barangay Banao - Barangay Anaba Access Road, Banao, Banaue, Ifugao",5000000.0
2027,CAR,Ifugao 2nd District Engineering Office,BIP - Access Roads and/or Bridges from the National Roads leading to Major/ Strategic Public Buildings/ Facilities,"Construction of Barangay Nalbu Access Road, Nalbu, Mayoyao, Ifugao",5000000.0
2027,CAR,Ifugao 2nd District Engineering Office,BIP - Access Roads and/or Bridges from the National Roads leading to Major/ Strategic Public Buildings/ Facilities,"Construction of Barangay Palaad - Barangay Ayangan Access Road, Ayangan, Mayoyao, Ifugao",5000000.0
2027,CAR,Ifugao 2nd District Engineering Office,BIP - Access Roads and/or Bridges from the National Roads leading to Major/ Strategic Public Buildings/ Facilities,"Construction of Sitio Caravania Access Road, Sta. Maria, Alfonso Lista, Ifugao",5000000.0
2027,Region X,Iligan City District Engineering Office,BIP - Access Roads and/or Bridges from the National Roads leading to Major/ Strategic Public Buildings/ Facilities,"Construction of Road at Permites Compound, Barangay San Miguel, Section A: Sta. 0+000 - Sta. 0+062, Section B: Sta. 0+000 -Sta. 0+047, Iligan City",5000000.0
2027,Region X,Iligan City District Engineering Office,BIP - Access Roads and/or Bridges from the National Roads leading to Major/ Strategic Public Buildings/ Facilities,"Construction of Road at Purok 1, Barangay Tambacan, Sta. 0+000 -Sta. 0+125, Iligan City",5000000.0
2027,Region X,Iligan City District Engineering Office,BIP - Access Roads and/or Bridges from the National Roads leading to Major/ Strategic Public Buildings/ Facilities,"Construction of Road from Zone 11 to Zone 12, Barangay Bagong Silang, Section A: Sta. 0+000 - Sta. 0+092, Section B: Sta. 0+000 -Sta. 0+169, Iligan City",5000000.0
2027,Region X,Iligan City District Engineering Office,BIP - Access Roads and/or Bridges from the National Roads leading to Major/ Strategic Public Buildings/ Facilities,"Construction of Road with Drainage, Barangay Acmac, Sta. 0+000 -Sta. 0+133, Iligan City",5000000.0
2027,Region I,Ilocos Norte 1st District Engineering Office,BIP - Access Roads and/or Bridges from the National Roads leading to Major/ Strategic Public Buildings/ Facilities,"Construction of Calambeg-Mabanbanag Bridge, Piddig, Ilocos Norte",5000000.0
2027,Region I,Ilocos Norte 2nd District Engineering Office,BIP - Access Roads and/or Bridges from the National Roads leading to Major/ Strategic Public Buildings/ Facilities,"Construction of Road, Sitio Tamurong, Barangay San Lorenzo, San Nicolas, Ilocos Norte",5000000.0
2027,Region VI,Iloilo 1st District Engineering Office,BIP - Access Roads and/or Bridges from the National Roads leading to Major/ Strategic Public Buildings/ Facilities,"Construction of Cubay Ubos to Pungtod Monteclaro Bridge, Barangay Cubay Ubos and Barangay Puntod Monteclaro, Miagao, Iloilo",5000000.0
2027,Region VI,Iloilo 1st District Engineering Office,BIP - Access Roads and/or Bridges from the National Roads leading to Major/ Strategic Public Buildings/ Facilities,"Construction of Napnapan Norte Bridge, Barangay Napnapan Norte, Tigbauan, Iloilo",5000000.0
2027,Region VI,Iloilo 2nd District Engineering Office,BIP - Access Roads and/or Bridges from the National Roads leading to Major/ Strategic Public Buildings/ Facilities,"Construction of Road, Barangay Cag-an, Anilao, Iloilo",5000000.0
2027,Region VI,Iloilo 2nd District Engineering Office,BIP - Access Roads and/or Bridges from the National Roads leading to Major/ Strategic Public Buildings/ Facilities,"Construction of Road, Barangay Luag, Dueñas, Iloilo",5000000.0
2027,Region VI,Iloilo 2nd District Engineering Office,BIP - Access Roads and/or Bridges from the National Roads leading to Major/ Strategic Public Buildings/ Facilities,"Construction of Road, Barangay Manganese, Anilao, Iloilo",5000000.0
2027,Region VI,Iloilo 3rd District Engineering Office,BIP - Access Roads and/or Bridges from the National Roads leading to Major/ Strategic Public Buildings/ Facilities,"Construction of Road, Barangay Tagubanhan, Ajuy, Iloilo",5000000.0
2027,Region VI,Iloilo 3rd District Engineering Office,BIP - Access Roads and/or Bridges from the National Roads leading to Major/ Strategic Public Buildings/ Facilities,"Construction of Road, Sitio Naburot, Barangay Buenavista, Carles, Iloilo",5000000.0
2027,Region VI,Iloilo 3rd District Engineering Office,Construction/ Maintenance of Flood Mitigation Structures and Drainage Systems,"Construction of Drainage System, Bucana Bunglas NHS, Barangay Bucana Bunglas, Ajuy, Iloilo",5000000.0
2027,Region VI,Iloilo 6th District Engineering Office,BIP - Access Roads and/or Bridges from the National Roads leading to Major/ Strategic Public Buildings/ Facilities,"Construction of Road, Barangay Guibuangan to Barangay Talibong Pequeño, Mina, Iloilo",5000000.0
2027,Region VI,Iloilo City District Engineering Office,BIP - Access Roads and/or Bridges from the National Roads leading to Major/ Strategic Public Buildings/ Facilities,"Construction of Road and Drainage within Arevalo District, Arevalo, Iloilo City, Iloilo",5000000.0
2027,Region VI,Iloilo City District Engineering Office,BIP - Access Roads and/or Bridges from the National Roads leading to Major/ Strategic Public Buildings/ Facilities,"Construction of Road and Drainage, Barangay Javellana, Jaro, Iloilo City, Iloilo",5000000.0
2027,Region VI,Iloilo City District Engineering Office,Construction/ Maintenance of Flood Mitigation Structures and Drainage Systems,"Construction of Drainage System, Barangay Cochero, Molo, Iloilo City, Iloilo",5000000.0
2027,Region VI,Iloilo City District Engineering Office,Construction/ Maintenance of Flood Mitigation Structures and Drainage Systems,"Construction of Drainage System, Barangay Navais, Mandurriao, Iloilo City, Iloilo",5000000.0
2027,Region II,Isabela 1st District Engineering Office,BIP - Access Roads and/or Bridges from the National Roads leading to Major/ Strategic Public Buildings/ Facilities,"Concreting of Road with RCBC at Dacque to Sitio Annaronan, Barangay San Antonio, Cabagan, Isabela",5000000.0
2027,Region II,Isabela 1st District Engineering Office,BIP - Access Roads and/or Bridges from the National Roads leading to Major/ Strategic Public Buildings/ Facilities,"Construction of Concrete Road (Sta. 1+250 - Sta. 1+673) at Sitio Alibagu, Barangay Tallag, Cabagan, Isabela",5000000.0
2027,Region II,Isabela 1st District Engineering Office,BIP - Access Roads and/or Bridges from the National Roads leading to Major/ Strategic Public Buildings/ Facilities,"Construction of Road at Barangay Balasig, Cabagan, Isabela",5000000.0
2027,Region II,Isabela 1st District Engineering Office,BIP - Access Roads and/or Bridges from the National Roads leading to Major/ Strategic Public Buildings/ Facilities,"Construction of Road at Barangay Union, Cabagan, Isabela",5000000.0
2027,Region II,Isabela 1st District Engineering Office,BIP - Access Roads and/or Bridges from the National Roads leading to Major/ Strategic Public Buildings/ Facilities,"Rehabilitation of Concrete Road at Barangay Angancasilian, Cabagan, Isabela",5000000.0
2027,Region II,Isabela 1st District Engineering Office,BIP - Access Roads and/or Bridges from the National Roads leading to Major/ Strategic Public Buildings/ Facilities,"Rehabilitation of Concrete Road at Barangay Catabayungan, Cabagan, Isabela",5000000.0
2027,Region II,Isabela 1st District Engineering Office,BIP - Access Roads and/or Bridges from the National Roads leading to Major/ Strategic Public Buildings/ Facilities,"Rehabilitation of Concrete Road at Barangay San Antonio, Cabagan, Isabela",5000000.0
2027,Region II,Isabela 2nd District Engineering Office,BIP - Access Roads and/or Bridges from the National Roads leading to Major/ Strategic Public Buildings/ Facilities,"Concreting of Road, Barangay Aurora, Quezon, Isabela",5000000.0
2027,Region II,Isabela 2nd District Engineering Office,BIP - Access Roads and/or Bridges from the National Roads leading to Major/ Strategic Public Buildings/ Facilities,"Concreting of Road, Barangay Camaal, Quirino, Isabela",5000000.0
2027,Region II,Isabela 2nd District Engineering Office,BIP - Access Roads and/or Bridges from the National Roads leading to Major/ Strategic Public Buildings/ Facilities,"Concreting of Road, Barangay Masigun, Burgos, Isabela",5000000.0
2027,Region II,Isabela 2nd District Engineering Office,BIP - Access Roads and/or Bridges from the National Roads leading to Major/ Strategic Public Buildings/ Facilities,"Concreting of Road, Barangay San Jose, Roxas, Isabela",5000000.0
2027,Region II,Isabela 2nd District Engineering Office,BIP - Access Roads and/or Bridges from the National Roads leading to Major/ Strategic Public Buildings/ Facilities,"Concreting of Road, Barangay Simimbaan, Roxas, Isabela",5000000.0
2027,Region II,Isabela 2nd District Engineering Office,BIP - Access Roads and/or Bridges from the National Roads leading to Major/ Strategic Public Buildings/ Facilities,"Concreting of Road, Purok Pag-asa 1, Barangay Matusalem, Roxas, Isabela",5000000.0
2027,Region II,Isabela 2nd District Engineering Office,BIP - Access Roads and/or Bridges from the National Roads leading to Major/ Strategic Public Buildings/ Facilities,"Construction of Road, Barangay Sta. Catalina, Quirino, Isabela",5000000.0
2027,Region II,Isabela 3rd District Engineering Office,BIP - Access Roads and/or Bridges from the National Roads leading to Major/ Strategic Public Buildings/ Facilities,"Construction of Access Road of Barangay La Salette to Barangay District 1, Benito Soliven, Isabela",5000000.0
2027,Region II,Isabela 3rd District Engineering Office,BIP - Access Roads and/or Bridges from the National Roads leading to Major/ Strategic Public Buildings/ Facilities,"Construction of Road Slope Protection Structure, Barangay Malasin, San Mateo, Isabela",5000000.0
2027,Region II,Isabela 4th District Engineering Office,BIP - Access Roads and/or Bridges from the National Roads leading to Major/ Strategic Public Buildings/ Facilities,"Construction of Road, Barangay Bacradal, Echague, Isabela",5000000.0
2027,Region II,Isabela 4th District Engineering Office,BIP - Access Roads and/or Bridges from the National Roads leading to Major/ Strategic Public Buildings/ Facilities,"Construction of Road, Barangay Dabubu Grande, San Agustin, Isabela",5000000.0
2027,Region II,Isabela 4th District Engineering Office,Construction/ Maintenance of Flood Mitigation Structures and Drainage Systems,"Construction of Drainage Canal, Barangay Duminit, Cauayan City, Isabela",5000000.0
2027,Region II,Isabela 4th District Engineering Office,Construction/ Maintenance of Flood Mitigation Structures and Drainage Systems,"Construction of Drainage Canal, Barangay Mabantad, Cauayan City, Isabela",5000000.0
2027,Region I,La Union 2nd District Engineering Office,BIP - Access Roads and/or Bridges from the National Roads leading to Major/ Strategic Public Buildings/ Facilities,"Construction of Road, Barangay Baay, Bagulin, La Union",5000000.0
2027,Region I,La Union 2nd District Engineering Office,BIP - Access Roads and/or Bridges from the National Roads leading to Major/ Strategic Public Buildings/ Facilities,"Construction of Road, Barangay Dulao, Aringay, La Union",5000000.0
2027,Region I,La Union 2nd District Engineering Office,BIP - Access Roads and/or Bridges from the National Roads leading to Major/ Strategic Public Buildings/ Facilities,"Construction of Road, Barangay San Benito Norte, Aringay, La Union",5000000.0
2027,Region I,La Union 2nd District Engineering Office,BIP - Access Roads and/or Bridges from the National Roads leading to Major/ Strategic Public Buildings/ Facilities,"Construction of Road, Purok 3, San Benito Sur, Aringay, La Union",5000000.0
2027,Region I,La Union 2nd District Engineering Office,Construction/ Maintenance of Flood Mitigation Structures and Drainage Systems,"Construction of Slope Protection, Baay Elementary School, Bagulin, La Union",5000000.0
2027,Region IV-A,Laguna 3rd District Engineering Office,BIP - Access Roads and/or Bridges from the National Roads leading to Major/ Strategic Public Buildings/ Facilities,"Construction of Road, Barangay San Jose, San Pablo City, Laguna",5000000.0
2027,Region IV-A,Laguna 3rd District Engineering Office,BIP - Access Roads and/or Bridges from the National Roads leading to Major/ Strategic Public Buildings/ Facilities,"Construction of Road, Barangay San Miguel, Alaminos, Laguna",5000000.0
2027,Region IV-A,Laguna 3rd District Engineering Office,BIP - Access Roads and/or Bridges from the National Roads leading to Major/ Strategic Public Buildings/ Facilities,"Rehabilitation of Riprap along Road in Purok 2 and Purok 6, Barangay San Benito, Victoria, Laguna",5000000.0
2027,Region IV-A,Laguna 3rd District Engineering Office,BIP - Access Roads and/or Bridges from the National Roads leading to Major/ Strategic Public Buildings/ Facilities,"Rehabilitation of Slope Protection along Road in Purok 2 and Purok 6, Barangay San Benito, Victoria, Laguna",5000000.0
2027,NCR,Las Piñas Muntinlupa District Engineering Office,BIP - Access Roads and/or Bridges from the National Roads leading to Major/ Strategic Public Buildings/ Facilities,"Construction of Road and Drainage at Cleanville, Barangay Manuyo 1, Las Piñas City",5000000.0
2027,NCR,Las Piñas Muntinlupa District Engineering Office,BIP - Access Roads and/or Bridges from the National Roads leading to Major/ Strategic Public Buildings/ Facilities,"Rehabilitation of Road and Drainage at Renesance Street, Barangay Talon 2, Las Piñas City",5000000.0
2027,Region VIII,Leyte 2nd District Engineering Office,BIP - Access Roads and/or Bridges from the National Roads leading to Major/ Strategic Public Buildings/ Facilities,"Construction of Road, Barangay San Joaquin, Capoocan, Leyte",5000000.0
2027,Region VIII,Leyte 2nd District Engineering Office,BIP - Access Roads and/or Bridges from the National Roads leading to Major/ Strategic Public Buildings/ Facilities,"Construction of Road, Barangay Visares - Barangay Balugo, Capoocan, Leyte",5000000.0
2027,Region VIII,Leyte 3rd District Engineering Office,BIP - Access Roads and/or Bridges from the National Roads leading to Major/ Strategic Public Buildings/ Facilities,"Construction of Footbridge, Barangay Parasan, Leyte, Leyte (11.387463, 124.429612)",5000000.0
2027,Region VIII,Leyte 3rd District Engineering Office,BIP - Access Roads and/or Bridges from the National Roads leading to Major/ Strategic Public Buildings/ Facilities,"Construction of Road, Barangay Baco, Leyte Leyte (Station 0+000 - 0+200)",5000000.0
2027,Region VIII,Leyte 3rd District Engineering Office,BIP - Access Roads and/or Bridges from the National Roads leading to Major/ Strategic Public Buildings/ Facilities,"Construction of Road, Sitio San Vicente, Barangay Daja Daku, San Isidro, Leyte (Station 0+000 - 0+200)",5000000.0
2027,Region VIII,Leyte 5th District Engineering Office,BIP - Access Roads and/or Bridges from the National Roads leading to Major/ Strategic Public Buildings/ Facilities,"Construction of Road, Barangay Abuyogay, Sta. 0+000 - 0+355, Javier, Leyte",5000000.0
2027,Region VIII,Leyte 5th District Engineering Office,BIP - Access Roads and/or Bridges from the National Roads leading to Major/ Strategic Public Buildings/ Facilities,"Construction of Road, Barangay Alangilan, Sta. 0+000 - 0+375, Abuyog, Leyte",5000000.0
2027,Region VIII,Leyte 5th District Engineering Office,BIP - Access Roads and/or Bridges from the National Roads leading to Major/ Strategic Public Buildings/ Facilities,"Construction of Road, Barangay Alegria, Sta. 0+000 - 0+374, Bato, Leyte",5000000.0
2027,Region VIII,Leyte 5th District Engineering Office,BIP - Access Roads and/or Bridges from the National Roads leading to Major/ Strategic Public Buildings/ Facilities,"Construction of Road, Barangay Amagos, Sta. 0+000 - 0+376, Bato, Leyte",5000000.0
2027,Region VIII,Leyte 5th District Engineering Office,BIP - Access Roads and/or Bridges from the National Roads leading to Major/ Strategic Public Buildings/ Facilities,"Construction of Road, Barangay Atabay, Sta. 0+000 - 0+371, Hilongos, Leyte",5000000.0
2027,Region VIII,Leyte 5th District Engineering Office,BIP - Access Roads and/or Bridges from the National Roads leading to Major/ Strategic Public Buildings/ Facilities,"Construction of Road, Barangay Cancayang, Sta. 0+000 - 0+357, Javier, Leyte",5000000.0
2027,Region VIII,Leyte 5th District Engineering Office,BIP - Access Roads and/or Bridges from the National Roads leading to Major/ Strategic Public Buildings/ Facilities,"Construction of Road, Barangay Gacat, Sta. 0+000 - 0+380, Baybay City, Leyte",5000000.0
2027,Region VIII,Leyte 5th District Engineering Office,BIP - Access Roads and/or Bridges from the National Roads leading to Major/ Strategic Public Buildings/ Facilities,"Construction of Road, Barangay Hitoog, Sta. 0+000 - 0+342, Matalom, Leyte",5000000.0
2027,Region VIII,Leyte 5th District Engineering Office,BIP - Access Roads and/or Bridges from the National Roads leading to Major/ Strategic Public Buildings/ Facilities,"Construction of Road, Barangay Itum, Sta. 0+450 - 0+821, Matalom, Leyte",5000000.0
2027,Region VIII,Leyte 5th District Engineering Office,BIP - Access Roads and/or Bridges from the National Roads leading to Major/ Strategic Public Buildings/ Facilities,"Construction of Road, Barangay Mabunga, Sta. 0+000 - 0+355, Mahaplag, Leyte",5000000.0
2027,Region VIII,Leyte 5th District Engineering Office,BIP - Access Roads and/or Bridges from the National Roads leading to Major/ Strategic Public Buildings/ Facilities,"Construction of Road, Barangay Malitbogay, Sta. 0+000 - 0+365, Javier, Leyte",5000000.0
2027,Region VIII,Leyte 5th District Engineering Office,BIP - Access Roads and/or Bridges from the National Roads leading to Major/ Strategic Public Buildings/ Facilities,"Construction of Road, Barangay Old Taligue, Sta. 0+500 - 0+875, Abuyog, Leyte",5000000.0
2027,Region VIII,Leyte 5th District Engineering Office,BIP - Access Roads and/or Bridges from the National Roads leading to Major/ Strategic Public Buildings/ Facilities,"Construction of Road, Barangay Pinocawan, Sta. 1+390 - 1+750, Javier, Leyte",5000000.0
2027,Region VIII,Leyte 5th District Engineering Office,BIP - Access Roads and/or Bridges from the National Roads leading to Major/ Strategic Public Buildings/ Facilities,"Construction of Road, Barangay Pomponan, Sta. 0+000 - 0+372, Baybay City, Leyte",5000000.0
2027,Region VIII,Leyte 5th District Engineering Office,BIP - Access Roads and/or Bridges from the National Roads leading to Major/ Strategic Public Buildings/ Facilities,"Construction of Road, Barangay Punta, Sta. 0+000 - 0+374, Baybay City, Leyte",5000000.0
2027,Region VIII,Leyte 5th District Engineering Office,BIP - Access Roads and/or Bridges from the National Roads leading to Major/ Strategic Public Buildings/ Facilities,"Construction of Road, Barangay Rivilla, Sta. 0+800 - 1+156, Bato, Leyte",5000000.0
2027,Region VIII,Leyte 5th District Engineering Office,BIP - Access Roads and/or Bridges from the National Roads leading to Major/ Strategic Public Buildings/ Facilities,"Construction of Road, Barangay San Francisco, Sta. 0+000 - 0+300, Abuyog, Leyte",5000000.0
2027,Region VIII,Leyte 5th District Engineering Office,BIP - Access Roads and/or Bridges from the National Roads leading to Major/ Strategic Public Buildings/ Facilities,"Construction of Road, Barangay San Isidro, Sta. 0+000 - 0+367, Mahaplag, Leyte",5000000.0
2027,Region VIII,Leyte 5th District Engineering Office,BIP - Access Roads and/or Bridges from the National Roads leading to Major/ Strategic Public Buildings/ Facilities,"Construction of Road, Barangay Santo Rosario, Sta. 0+000 - 0+362, Baybay City, Leyte",5000000.0
2027,Region VIII,Leyte 5th District Engineering Office,BIP - Access Roads and/or Bridges from the National Roads leading to Major/ Strategic Public Buildings/ Facilities,"Construction of Road, Barangay Tagaytay, Sta. 0+000 - 0+365, Mahaplag, Leyte",5000000.0
2027,Region VIII,Leyte 5th District Engineering Office,BIP - Access Roads and/or Bridges from the National Roads leading to Major/ Strategic Public Buildings/ Facilities,"Construction of Road, Barangay Tuy-a, Sta. 0+600 - 0+968, Abuyog, Leyte",5000000.0
2027,Region VIII,Leyte 5th District Engineering Office,BIP - Access Roads and/or Bridges from the National Roads leading to Major/ Strategic Public Buildings/ Facilities,"Construction of Road, Barangay Villa Mag-aso, Sta. 0+000 - 0+370, Baybay City, Leyte",5000000.0
2027,CAR,Lower Kalinga District Engineering Office,BIP - Access Roads and/or Bridges from the National Roads leading to Major/ Strategic Public Buildings/ Facilities,"Construction of Allaguia Access Road, Barangay Allaguia, Pinukpuk, Kalinga",5000000.0
2027,CAR,Lower Kalinga District Engineering Office,BIP - Access Roads and/or Bridges from the National Roads leading to Major/ Strategic Public Buildings/ Facilities,"Construction of Bulagot, Gobgob Access Road, Barangay Gobgob, Tabuk City, Kalinga",5000000.0
2027,CAR,Lower Kalinga District Engineering Office,BIP - Access Roads and/or Bridges from the National Roads leading to Major/ Strategic Public Buildings/ Facilities,"Construction of Catabbogan-Daga Access Road, Barangay Catabbogan, Pinukpuk, Kalinga",5000000.0
2027,CAR,Lower Kalinga District Engineering Office,BIP - Access Roads and/or Bridges from the National Roads leading to Major/ Strategic Public Buildings/ Facilities,"Construction of Makilo-Aselap Road, Barangay Calaccad, Tabuk City, Kalinga",5000000.0
2027,CAR,Lower Kalinga District Engineering Office,BIP - Access Roads and/or Bridges from the National Roads leading to Major/ Strategic Public Buildings/ Facilities,"Construction of Patol-Bakir Access Road, Barangay Calaocan, Rizal, Kalinga",5000000.0
2027,CAR,Lower Kalinga District Engineering Office,BIP - Access Roads and/or Bridges from the National Roads leading to Major/ Strategic Public Buildings/ Facilities,"Construction of Romualdez Access Road, Barangay Romualdez, Rizal, Kalinga",5000000.0
2027,MIMAROPA,Marinduque District Engineering Office,BIP - Access Roads and/or Bridges from the National Roads leading to Major/ Strategic Public Buildings/ Facilities,"Construction of Road, Sitio Matahimik, Barangay Tungib, Buenavista, Marinduque",5000000.0
2027,MIMAROPA,Marinduque District Engineering Office,BIP - Access Roads and/or Bridges from the National Roads leading to Major/ Strategic Public Buildings/ Facilities,"Rehabilitation of Road, Barangay Timbo, Buenavista, Marinduque",5000000.0
2027,Region V,Masbate 3rd District Engineering Office,BIP - Access Roads and/or Bridges from the National Roads leading to Major/ Strategic Public Buildings/ Facilities,"Construction of Road, Barangay Panisijan, Uson, Masbate",5000000.0
2027,NCR,Metro Manila 1st District Engineering Office,Construction/ Rehabilitation of Flood Mitigation Facilities within Major River Basins and Principal Rivers,"Improvement of Drainage at F. Atanacio St., Barangay Progreso, San Juan City",5000000.0
2027,NCR,Metro Manila 1st District Engineering Office,Construction/ Rehabilitation of Flood Mitigation Facilities within Major River Basins and Principal Rivers,"Improvement of Drainage at Tabing Ilog St., Barangay Salapan, San Juan City",5000000.0
2027,NCR,Metro Manila 2nd District Engineering Office,Construction/ Maintenance of Flood Mitigation Structures and Drainage Systems,"Rehabilitation of Drainage System at Mañalac Ave. (Sta. 0+000 - Sta. 0+084), Barangay San Martin de Porres, Parañaque City",5000000.0
2027,NCR,Metro Manila 3rd District Engineering Office,BIP - Access Roads and/or Bridges from the National Roads leading to Major/ Strategic Public Buildings/ Facilities,"Construction of Drainage including Pathwalk along LNAI, Sitio 6, Laloma Camarin (C 0+000 - C 0+200), Barangay 178, Caloocan City",5000000.0
2027,NCR,Metro Manila 3rd District Engineering Office,BIP - Access Roads and/or Bridges from the National Roads leading to Major/ Strategic Public Buildings/ Facilities,"Construction of Roads and Drainage (Sectional Reblocking) along Dominic St. (C0+000 - C0+112), Barangay 186, Caloocan City",5000000.0
2027,NCR,Metro Manila 3rd District Engineering Office,BIP - Access Roads and/or Bridges from the National Roads leading to Major/ Strategic Public Buildings/ Facilities,"Rehabilitation of Road along Sampaguita St. (C 0+000 - C 0+145) and Ilang-Ilang St. (C 0+000 - C 0+148), Barangay 97, Caloocan City",5000000.0
2027,NCR,Metro Manila 3rd District Engineering Office,BIP - Access Roads and/or Bridges from the National Roads leading to Major/ Strategic Public Buildings/ Facilities,"Rehabilitation of Roads and Drainage Purok 7, along Ubas St. (C0+000 - C0+082.40), Ascoville, Barangay 185, Caloocan City",5000000.0
2027,NCR,Metro Manila 3rd District Engineering Office,BIP - Access Roads and/or Bridges from the National Roads leading to Major/ Strategic Public Buildings/ Facilities,"Rehabilitation of Roads and Drainage along General Luna Street (C 0+000 - C 0+120), Barangay 13, Caloocan City",5000000.0
2027,NCR,Metro Manila 3rd District Engineering Office,BIP - Access Roads and/or Bridges from the National Roads leading to Major/ Strategic Public Buildings/ Facilities,"Rehabilitation of Roads and Drainage along Magsaysay St. (C 0+000 - C 0+144), Barangay 123, Caloocan City",5000000.0
2027,NCR,Metro Manila 3rd District Engineering Office,Construction/ Maintenance of Flood Mitigation Structures and Drainage Systems,"Construction of Flood Control Structure from Dao St. leading to Bagong Silang Creek (C 0+000 - C 0+070), Barangay 179, Caloocan City",5000000.0
2027,MIMAROPA,Mindoro Occidental District Engineering Office,BIP - Access Roads and/or Bridges from the National Roads leading to Major/ Strategic Public Buildings/ Facilities,"Construction of Road at Sitio Lagnas, Barangay Naibuan, San Jose, Occidental Mindoro",5000000.0
2027,MIMAROPA,Mindoro Occidental District Engineering Office,BIP - Access Roads and/or Bridges from the National Roads leading to Major/ Strategic Public Buildings/ Facilities,"Construction of Road in Palanas, Barangay Vigo, Lubang, Occidental Mindoro",5000000.0
2027,MIMAROPA,Mindoro Oriental District Engineering Office,BIP - Access Roads and/or Bridges from the National Roads leading to Major/ Strategic Public Buildings/ Facilities,"Construction of Road Along Barangay Balingayan, City of Calapan, Oriental Mindoro",5000000.0
2027,MIMAROPA,Mindoro Oriental District Engineering Office,BIP - Access Roads and/or Bridges from the National Roads leading to Major/ Strategic Public Buildings/ Facilities,"Construction of Road Along Barangay Balite, City of Calapan, Oriental Mindoro",5000000.0
2027,MIMAROPA,Mindoro Oriental District Engineering Office,BIP - Access Roads and/or Bridges from the National Roads leading to Major/ Strategic Public Buildings/ Facilities,"Construction of Road Along Barangay Caagutayan, San Teodoro, Oriental Mindoro",5000000.0
2027,MIMAROPA,Mindoro Oriental District Engineering Office,BIP - Access Roads and/or Bridges from the National Roads leading to Major/ Strategic Public Buildings/ Facilities,"Construction of Road Along Barangay Canubing 2, City of Calapan, Oriental Mindoro",5000000.0
2027,MIMAROPA,Mindoro Oriental District Engineering Office,BIP - Access Roads and/or Bridges from the National Roads leading to Major/ Strategic Public Buildings/ Facilities,"Construction of Road Along Barangay Malad, City of Calapan, Oriental Mindoro",5000000.0
2027,MIMAROPA,Mindoro Oriental District Engineering Office,BIP - Access Roads and/or Bridges from the National Roads leading to Major/ Strategic Public Buildings/ Facilities,"Construction of Road Along Barangay Managpi, City of Calapan, Oriental Mindoro",5000000.0
2027,MIMAROPA,Mindoro Oriental District Engineering Office,BIP - Access Roads and/or Bridges from the National Roads leading to Major/ Strategic Public Buildings/ Facilities,"Construction of Road Along Barangay Nag-Iba 1, City of Calapan, Oriental Mindoro",5000000.0
2027,MIMAROPA,Mindoro Oriental District Engineering Office,BIP - Access Roads and/or Bridges from the National Roads leading to Major/ Strategic Public Buildings/ Facilities,"Construction of Road Along Barangay Pachoca, City of Calapan, Oriental Mindoro",5000000.0
2027,MIMAROPA,Mindoro Oriental District Engineering Office,BIP - Access Roads and/or Bridges from the National Roads leading to Major/ Strategic Public Buildings/ Facilities,"Construction of Road Along Barangay Parang, City of Calapan, Oriental Mindoro",5000000.0
2027,MIMAROPA,Mindoro Oriental District Engineering Office,BIP - Access Roads and/or Bridges from the National Roads leading to Major/ Strategic Public Buildings/ Facilities,"Construction of Road Along Barangay Sta. Cruz, City of Calapan, Oriental Mindoro",5000000.0
2027,MIMAROPA,Mindoro Oriental District Engineering Office,BIP - Access Roads and/or Bridges from the National Roads leading to Major/ Strategic Public Buildings/ Facilities,"Construction of Road Along Barangay Sta. Rita, City of Calapan, Oriental Mindoro",5000000.0
2027,MIMAROPA,Mindoro Oriental District Engineering Office,BIP - Access Roads and/or Bridges from the National Roads leading to Major/ Strategic Public Buildings/ Facilities,"Construction of Road, Agsambalilo - Pagturian, Barangay Ilag,San Teodoro, Oriental Mindoro",5000000.0
2027,MIMAROPA,Mindoro Oriental District Engineering Office,BIP - Access Roads and/or Bridges from the National Roads leading to Major/ Strategic Public Buildings/ Facilities,"Construction of Road, Barangay Baclayan, Puerto Galera, Oriental Mindoro",5000000.0
2027,MIMAROPA,Mindoro Oriental District Engineering Office,BIP - Access Roads and/or Bridges from the National Roads leading to Major/ Strategic Public Buildings/ Facilities,"Construction of Road, Barangay Bagong Silang, Victoria, Oriental Mindoro",5000000.0
2027,MIMAROPA,Mindoro Oriental District Engineering Office,BIP - Access Roads and/or Bridges from the National Roads leading to Major/ Strategic Public Buildings/ Facilities,"Construction of Road, Barangay Balatero, Puerto Galera, Oriental Mindoro",5000000.0
2027,MIMAROPA,Mindoro Oriental District Engineering Office,BIP - Access Roads and/or Bridges from the National Roads leading to Major/ Strategic Public Buildings/ Facilities,"Construction of Road, Barangay Balingayan , City of Calapan, Oriental Mindoro",5000000.0
2027,MIMAROPA,Mindoro Oriental District Engineering Office,BIP - Access Roads and/or Bridges from the National Roads leading to Major/ Strategic Public Buildings/ Facilities,"Construction of Road, Barangay Baras, Baco, Oriental Mindoro",5000000.0
2027,MIMAROPA,Mindoro Oriental District Engineering Office,BIP - Access Roads and/or Bridges from the National Roads leading to Major/ Strategic Public Buildings/ Facilities,"Construction of Road, Barangay Calubasanhon - Barangay Matulatula, Pola, Oriental Mindoro",5000000.0
2027,MIMAROPA,Mindoro Oriental District Engineering Office,BIP - Access Roads and/or Bridges from the National Roads leading to Major/ Strategic Public Buildings/ Facilities,"Construction of Road, Barangay Calubayan, Socorro, Oriental Mindoro",5000000.0
2027,MIMAROPA,Mindoro Oriental District Engineering Office,BIP - Access Roads and/or Bridges from the National Roads leading to Major/ Strategic Public Buildings/ Facilities,"Construction of Road, Barangay Camansihan , City of Calapan, Oriental Mindoro",5000000.0
2027,MIMAROPA,Mindoro Oriental District Engineering Office,BIP - Access Roads and/or Bridges from the National Roads leading to Major/ Strategic Public Buildings/ Facilities,"Construction of Road, Barangay Canubing II, City of Calapan, Oriental Mindoro",5000000.0
2027,MIMAROPA,Mindoro Oriental District Engineering Office,BIP - Access Roads and/or Bridges from the National Roads leading to Major/ Strategic Public Buildings/ Facilities,"Construction of Road, Barangay Comunal , City of Calapan, Oriental Mindoro",5000000.0
2027,MIMAROPA,Mindoro Oriental District Engineering Office,BIP - Access Roads and/or Bridges from the National Roads leading to Major/ Strategic Public Buildings/ Facilities,"Construction of Road, Barangay Dulangan II, Baco, Oriental Mindoro",5000000.0
2027,MIMAROPA,Mindoro Oriental District Engineering Office,BIP - Access Roads and/or Bridges from the National Roads leading to Major/ Strategic Public Buildings/ Facilities,"Construction of Road, Barangay Kalinisan - Barangay Melgar B, Naujan, Oriental Mindoro",5000000.0
2027,MIMAROPA,Mindoro Oriental District Engineering Office,BIP - Access Roads and/or Bridges from the National Roads leading to Major/ Strategic Public Buildings/ Facilities,"Construction of Road, Barangay Malamig , City of Calapan, Oriental Mindoro",5000000.0
2027,MIMAROPA,Mindoro Oriental District Engineering Office,BIP - Access Roads and/or Bridges from the National Roads leading to Major/ Strategic Public Buildings/ Facilities,"Construction of Road, Barangay Managpi, City of Calapan, Oriental Mindoro",5000000.0
2027,MIMAROPA,Mindoro Oriental District Engineering Office,BIP - Access Roads and/or Bridges from the National Roads leading to Major/ Strategic Public Buildings/ Facilities,"Construction of Road, Barangay Mangangan II, Baco, Oriental Mindoro",5000000.0
2027,MIMAROPA,Mindoro Oriental District Engineering Office,BIP - Access Roads and/or Bridges from the National Roads leading to Major/ Strategic Public Buildings/ Facilities,"Construction of Road, Barangay Masipit, City of Calapan, Oriental Mindoro",5000000.0
2027,MIMAROPA,Mindoro Oriental District Engineering Office,BIP - Access Roads and/or Bridges from the National Roads leading to Major/ Strategic Public Buildings/ Facilities,"Construction of Road, Barangay Mayabig , Baco, Oriental Mindoro",5000000.0
2027,MIMAROPA,Mindoro Oriental District Engineering Office,BIP - Access Roads and/or Bridges from the National Roads leading to Major/ Strategic Public Buildings/ Facilities,"Construction of Road, Barangay Nag-Iba II, City of Calapan, Oriental Mindoro",5000000.0
2027,MIMAROPA,Mindoro Oriental District Engineering Office,BIP - Access Roads and/or Bridges from the National Roads leading to Major/ Strategic Public Buildings/ Facilities,"Construction of Road, Barangay Parang - Barangay Maidlang, City of Calapan, Oriental Mindoro",5000000.0
2027,MIMAROPA,Mindoro Oriental District Engineering Office,BIP - Access Roads and/or Bridges from the National Roads leading to Major/ Strategic Public Buildings/ Facilities,"Construction of Road, Barangay San Isidro, Naujan, Oriental Mindoro",5000000.0
2027,MIMAROPA,Mindoro Oriental District Engineering Office,BIP - Access Roads and/or Bridges from the National Roads leading to Major/ Strategic Public Buildings/ Facilities,"Construction of Road, Barangay Sta. Putican Cabulo, Baco, Oriental Mindoro",5000000.0
2027,MIMAROPA,Mindoro Oriental District Engineering Office,BIP - Access Roads and/or Bridges from the National Roads leading to Major/ Strategic Public Buildings/ Facilities,"Construction of Road, Barangay Sta. Rita, City of Calapan, Oriental Mindoro",5000000.0
2027,MIMAROPA,Mindoro Oriental District Engineering Office,BIP - Access Roads and/or Bridges from the National Roads leading to Major/ Strategic Public Buildings/ Facilities,"Construction of Road, Barangay Sta. Rosa I, Baco, Oriental Mindoro",5000000.0
2027,MIMAROPA,Mindoro Oriental District Engineering Office,BIP - Access Roads and/or Bridges from the National Roads leading to Major/ Strategic Public Buildings/ Facilities,"Construction of Road, BarangayGuinobatan , City of Calapan, Oriental Mindoro",5000000.0
2027,MIMAROPA,Mindoro Oriental District Engineering Office,BIP - Access Roads and/or Bridges from the National Roads leading to Major/ Strategic Public Buildings/ Facilities,"Construction of Road, BarangayNag-Iba I , City of Calapan, Oriental Mindoro",5000000.0
2027,MIMAROPA,Mindoro Oriental District Engineering Office,BIP - Access Roads and/or Bridges from the National Roads leading to Major/ Strategic Public Buildings/ Facilities,"Construction of Road, Pag-ulingan, Barangay Calsapa, San Teodoro, Oriental Mindoro",5000000.0
2027,MIMAROPA,Mindoro Oriental District Engineering Office,BIP - Access Roads and/or Bridges from the National Roads leading to Major/ Strategic Public Buildings/ Facilities,"Rehabilitation of Road, Barangay Calucmoy - Barangay Bayuin, Socorro, Oriental Mindoro",5000000.0
2027,MIMAROPA,Mindoro Oriental District Engineering Office,BIP - Access Roads and/or Bridges from the National Roads leading to Major/ Strategic Public Buildings/ Facilities,"Rehabilitation of Road, Barangay Tawiran, City of Calapan, Oriental Mindoro",5000000.0
2027,MIMAROPA,Mindoro Oriental District Engineering Office,Construction/ Maintenance of Flood Mitigation Structures and Drainage Systems,"Construction of Drainage Canal Along Barangay Bayanan 2, City of Calapan, Oriental Mindoro",5000000.0
2027,MIMAROPA,Mindoro Oriental District Engineering Office,Construction/ Maintenance of Flood Mitigation Structures and Drainage Systems,"Construction of Drainage Canal Along Barangay Bucayao, City of Calapan, Oriental Mindoro",5000000.0
2027,MIMAROPA,Mindoro Oriental District Engineering Office,Construction/ Maintenance of Flood Mitigation Structures and Drainage Systems,"Construction of Drainage Canal Along Barangay Buhuan, City of Calapan, Oriental Mindoro",5000000.0
2027,MIMAROPA,Mindoro Oriental District Engineering Office,Construction/ Maintenance of Flood Mitigation Structures and Drainage Systems,"Construction of Drainage Canal Along Barangay Lumangbayan, City of Calapan, Oriental Mindoro",5000000.0
2027,MIMAROPA,Mindoro Oriental District Engineering Office,Construction/ Maintenance of Flood Mitigation Structures and Drainage Systems,"Construction of Drainage Canal Along Barangay Sapul, City of Calapan, Oriental Mindoro",5000000.0
2027,Region X,Misamis Oriental 2nd District Engineering Office,BIP - Access Roads and/or Bridges from the National Roads leading to Major/ Strategic Public Buildings/ Facilities,Concreting of Road/Circumferential Road at Initao Bus Terminal,5000000.0
2027,Region X,Misamis Oriental 2nd District Engineering Office,BIP - Access Roads and/or Bridges from the National Roads leading to Major/ Strategic Public Buildings/ Facilities,"Construction of Road, Barangay Digkilaan, Manticao, Misamis Oriental",5000000.0
2027,Region X,Misamis Oriental 2nd District Engineering Office,BIP - Access Roads and/or Bridges from the National Roads leading to Major/ Strategic Public Buildings/ Facilities,"Construction of Road, Barangay Lanise, Claveria, Misamis Oriental",5000000.0
2027,Region X,Misamis Oriental 2nd District Engineering Office,BIP - Access Roads and/or Bridges from the National Roads leading to Major/ Strategic Public Buildings/ Facilities,"Construction of Road, Barangay Mapulog, Naawan, Misamis Oriental",5000000.0
2027,Region X,Misamis Oriental 2nd District Engineering Office,BIP - Access Roads and/or Bridges from the National Roads leading to Major/ Strategic Public Buildings/ Facilities,"Construction of Road, Barangay Retablo, Libertad, Misamis Oriental",5000000.0
2027,Region X,Misamis Oriental 2nd District Engineering Office,BIP - Access Roads and/or Bridges from the National Roads leading to Major/ Strategic Public Buildings/ Facilities,"Construction of Road, Barangay Sambulawan, Laguindingan, Misamis Oriental",5000000.0
2027,Region X,Misamis Oriental 2nd District Engineering Office,BIP - Access Roads and/or Bridges from the National Roads leading to Major/ Strategic Public Buildings/ Facilities,"Construction of Road, Barangay Tubigan, Initao, Misamis Oriental",5000000.0
2027,CAR,Mountain Province 1st District Engineering Office,BIP - Access Roads and/or Bridges from the National Roads leading to Major/ Strategic Public Buildings/ Facilities,"Construction of Road, Balili-Alab, Bontoc, Mountain Province",5000000.0
2027,CAR,Mountain Province 1st District Engineering Office,BIP - Access Roads and/or Bridges from the National Roads leading to Major/ Strategic Public Buildings/ Facilities,"Construction of Road, Barangay Abatan, Bauko, Mountain Province",5000000.0
2027,CAR,Mountain Province 1st District Engineering Office,BIP - Access Roads and/or Bridges from the National Roads leading to Major/ Strategic Public Buildings/ Facilities,"Construction of Road, Barangay Ambasing, Sagada, Mountain Province",5000000.0
2027,CAR,Mountain Province 1st District Engineering Office,BIP - Access Roads and/or Bridges from the National Roads leading to Major/ Strategic Public Buildings/ Facilities,"Construction of Road, Barangay Ankileng, Sagada, Mountain Province",5000000.0
2027,CAR,Mountain Province 1st District Engineering Office,BIP - Access Roads and/or Bridges from the National Roads leading to Major/ Strategic Public Buildings/ Facilities,"Construction of Road, Barangay Bagnen Proper, Bauko, Mountain Province",5000000.0
2027,CAR,Mountain Province 1st District Engineering Office,BIP - Access Roads and/or Bridges from the National Roads leading to Major/ Strategic Public Buildings/ Facilities,"Construction of Road, Barangay Balintaugan, Bauko, Mountain Province",5000000.0
2027,CAR,Mountain Province 1st District Engineering Office,BIP - Access Roads and/or Bridges from the National Roads leading to Major/ Strategic Public Buildings/ Facilities,"Construction of Road, Barangay Bana-ao, Tadian, Mountain Province",5000000.0
2027,CAR,Mountain Province 1st District Engineering Office,BIP - Access Roads and/or Bridges from the National Roads leading to Major/ Strategic Public Buildings/ Facilities,"Construction of Road, Barangay Banao, Bauko, Mountain Province",5000000.0
2027,CAR,Mountain Province 1st District Engineering Office,BIP - Access Roads and/or Bridges from the National Roads leading to Major/ Strategic Public Buildings/ Facilities,"Construction of Road, Barangay Besao East, Besao, Mountain Province",5000000.0
2027,CAR,Mountain Province 1st District Engineering Office,BIP - Access Roads and/or Bridges from the National Roads leading to Major/ Strategic Public Buildings/ Facilities,"Construction of Road, Barangay Betwagan, Sadanga, Mountain Province",5000000.0
2027,CAR,Mountain Province 1st District Engineering Office,BIP - Access Roads and/or Bridges from the National Roads leading to Major/ Strategic Public Buildings/ Facilities,"Construction of Road, Barangay Bun-ayan, Sabangan, Mountain Province",5000000.0
2027,CAR,Mountain Province 1st District Engineering Office,BIP - Access Roads and/or Bridges from the National Roads leading to Major/ Strategic Public Buildings/ Facilities,"Construction of Road, Barangay Can-eo, Bontoc, Mountain Province",5000000.0
2027,CAR,Mountain Province 1st District Engineering Office,BIP - Access Roads and/or Bridges from the National Roads leading to Major/ Strategic Public Buildings/ Facilities,"Construction of Road, Barangay Dacudac, Tadian, Mountain Province",5000000.0
2027,CAR,Mountain Province 1st District Engineering Office,BIP - Access Roads and/or Bridges from the National Roads leading to Major/ Strategic Public Buildings/ Facilities,"Construction of Road, Barangay Fidelisan, Sagada, Mountain Province",5000000.0
2027,CAR,Mountain Province 1st District Engineering Office,BIP - Access Roads and/or Bridges from the National Roads leading to Major/ Strategic Public Buildings/ Facilities,"Construction of Road, Barangay Gayang, Sabangan, Mountain Province",5000000.0
2027,CAR,Mountain Province 1st District Engineering Office,BIP - Access Roads and/or Bridges from the National Roads leading to Major/ Strategic Public Buildings/ Facilities,"Construction of Road, Barangay Gueday, Besao, Mountain Province",5000000.0
2027,CAR,Mountain Province 1st District Engineering Office,BIP - Access Roads and/or Bridges from the National Roads leading to Major/ Strategic Public Buildings/ Facilities,"Construction of Road, Barangay Guinzadan Central, Bauko, Mountain Province",5000000.0
2027,CAR,Mountain Province 1st District Engineering Office,BIP - Access Roads and/or Bridges from the National Roads leading to Major/ Strategic Public Buildings/ Facilities,"Construction of Road, Barangay Kayan West, Tadian, Mountain Province",5000000.0
2027,CAR,Mountain Province 1st District Engineering Office,BIP - Access Roads and/or Bridges from the National Roads leading to Major/ Strategic Public Buildings/ Facilities,"Construction of Road, Barangay Lagawa-Coputan, Bauko, Mountain Province",5000000.0
2027,CAR,Mountain Province 1st District Engineering Office,BIP - Access Roads and/or Bridges from the National Roads leading to Major/ Strategic Public Buildings/ Facilities,"Construction of Road, Barangay Lenga, Tadian, Mountain Province",5000000.0
2027,CAR,Mountain Province 1st District Engineering Office,BIP - Access Roads and/or Bridges from the National Roads leading to Major/ Strategic Public Buildings/ Facilities,"Construction of Road, Barangay Leseb, Bauko, Mountain Province",5000000.0
2027,CAR,Mountain Province 1st District Engineering Office,BIP - Access Roads and/or Bridges from the National Roads leading to Major/ Strategic Public Buildings/ Facilities,"Construction of Road, Barangay Mainit, Bontoc, Mountain Province",5000000.0
2027,CAR,Mountain Province 1st District Engineering Office,BIP - Access Roads and/or Bridges from the National Roads leading to Major/ Strategic Public Buildings/ Facilities,"Construction of Road, Barangay Maligcong, Bontoc, Mountain Province",5000000.0
2027,CAR,Mountain Province 1st District Engineering Office,BIP - Access Roads and/or Bridges from the National Roads leading to Major/ Strategic Public Buildings/ Facilities,"Construction of Road, Barangay Masla, Tadian, Mountain Province",5000000.0
2027,CAR,Mountain Province 1st District Engineering Office,BIP - Access Roads and/or Bridges from the National Roads leading to Major/ Strategic Public Buildings/ Facilities,"Construction of Road, Barangay Mayag, Bauko, Mountain Province",5000000.0
2027,CAR,Mountain Province 1st District Engineering Office,BIP - Access Roads and/or Bridges from the National Roads leading to Major/ Strategic Public Buildings/ Facilities,"Construction of Road, Barangay Napua, Sabangan, Mountain Province",5000000.0
2027,CAR,Mountain Province 1st District Engineering Office,BIP - Access Roads and/or Bridges from the National Roads leading to Major/ Strategic Public Buildings/ Facilities,"Construction of Road, Barangay Otucan Sur, Bauko, Mountain Province",5000000.0
2027,CAR,Mountain Province 1st District Engineering Office,BIP - Access Roads and/or Bridges from the National Roads leading to Major/ Strategic Public Buildings/ Facilities,"Construction of Road, Barangay Poblacion, Sagada, Mountain Province",5000000.0
2027,CAR,Mountain Province 1st District Engineering Office,BIP - Access Roads and/or Bridges from the National Roads leading to Major/ Strategic Public Buildings/ Facilities,"Construction of Road, Barangay Saclit, Sadanga, Mountain Province",5000000.0
2027,CAR,Mountain Province 1st District Engineering Office,BIP - Access Roads and/or Bridges from the National Roads leading to Major/ Strategic Public Buildings/ Facilities,"Construction of Road, Barangay Sinto, Bauko, Mountain Province",5000000.0
2027,CAR,Mountain Province 1st District Engineering Office,BIP - Access Roads and/or Bridges from the National Roads leading to Major/ Strategic Public Buildings/ Facilities,"Construction of Road, Barangay Sumadel, Tadian, Mountain Province",5000000.0
2027,CAR,Mountain Province 1st District Engineering Office,BIP - Access Roads and/or Bridges from the National Roads leading to Major/ Strategic Public Buildings/ Facilities,"Construction of Road, Barangay Supang, Sabangan, Mountain Province",5000000.0
2027,CAR,Mountain Province 1st District Engineering Office,BIP - Access Roads and/or Bridges from the National Roads leading to Major/ Strategic Public Buildings/ Facilities,"Construction of Road, Barangay Talubin, Bontoc, Mountain Province",5000000.0
2027,CAR,Mountain Province 1st District Engineering Office,BIP - Access Roads and/or Bridges from the National Roads leading to Major/ Strategic Public Buildings/ Facilities,"Construction of Road, Barangay Tambingan, Sabangan, Mountain Province",5000000.0
2027,CAR,Mountain Province 1st District Engineering Office,BIP - Access Roads and/or Bridges from the National Roads leading to Major/ Strategic Public Buildings/ Facilities,"Construction of Road, Barangay Tanulong, Sagada, Mountain Province",5000000.0
2027,CAR,Mountain Province 1st District Engineering Office,BIP - Access Roads and/or Bridges from the National Roads leading to Major/ Strategic Public Buildings/ Facilities,"Construction of Road, Barangay Tapapan, Bauko, Mountain Province",5000000.0
2027,CAR,Mountain Province 1st District Engineering Office,BIP - Access Roads and/or Bridges from the National Roads leading to Major/ Strategic Public Buildings/ Facilities,"Construction of Road, Barangay Tocucan, Bontoc, Mountain Province",5000000.0
2027,CAR,Mountain Province 1st District Engineering Office,BIP - Access Roads and/or Bridges from the National Roads leading to Major/ Strategic Public Buildings/ Facilities,"Construction of Road, Bila-Otucan Norte, Bauko, Mountain Province",5000000.0
2027,CAR,Mountain Province 1st District Engineering Office,BIP - Access Roads and/or Bridges from the National Roads leading to Major/ Strategic Public Buildings/ Facilities,"Construction of Road, Bontoc-Dalican, Bontoc, Mountain Province",5000000.0
2027,CAR,Mountain Province 1st District Engineering Office,BIP - Access Roads and/or Bridges from the National Roads leading to Major/ Strategic Public Buildings/ Facilities,"Construction of Road, Kayan-Guidao-Lengao, Barangay Poblacion, Tadian, Mountain Province",5000000.0
2027,CAR,Mountain Province 1st District Engineering Office,BIP - Access Roads and/or Bridges from the National Roads leading to Major/ Strategic Public Buildings/ Facilities,"Construction of Road, Poblacion-Belwang, Sadanga, Mountain Province",5000000.0
2027,CAR,Mountain Province 1st District Engineering Office,BIP - Access Roads and/or Bridges from the National Roads leading to Major/ Strategic Public Buildings/ Facilities,"Construction of Road, Sinto-Asbiagan-Bebe, Barangay Monamon Sur, Bauko, Mountain Province",5000000.0
2027,CAR,Mountain Province 1st District Engineering Office,BIP - Access Roads and/or Bridges from the National Roads leading to Major/ Strategic Public Buildings/ Facilities,"Construction of Road, Sitio Karatula, Sadsadan-Sitio Bansa, Monamon Norte, Bauko, Mountain Province",5000000.0
2027,CAR,Mountain Province 1st District Engineering Office,BIP - Access Roads and/or Bridges from the National Roads leading to Major/ Strategic Public Buildings/ Facilities,"Construction of Road, Sitio Legleg, Barangay Camatagan, Sabangan, Mountain Province",5000000.0
2027,CAR,Mountain Province 1st District Engineering Office,Construction/ Maintenance of Flood Mitigation Structures and Drainage Systems,"Construction of Drainage, Barangay Tocucan, Bontoc, Mountain Province",5000000.0
2027,CAR,Mountain Province 2nd District Engineering Office,BIP - Access Roads and/or Bridges from the National Roads leading to Major/ Strategic Public Buildings/ Facilities,"Construction of Road, Barangay Alunogan, Natonin, Mountain Province",5000000.0
2027,CAR,Mountain Province 2nd District Engineering Office,BIP - Access Roads and/or Bridges from the National Roads leading to Major/ Strategic Public Buildings/ Facilities,"Construction of Road, Barangay Anonat, Paracelis, Mountain Province",5000000.0
2027,CAR,Mountain Province 2nd District Engineering Office,BIP - Access Roads and/or Bridges from the National Roads leading to Major/ Strategic Public Buildings/ Facilities,"Construction of Road, Barangay Bacarri, Paracelis, Mountain Province",5000000.0
2027,CAR,Mountain Province 2nd District Engineering Office,BIP - Access Roads and/or Bridges from the National Roads leading to Major/ Strategic Public Buildings/ Facilities,"Construction of Road, Barangay Buringal, Paracelis, Mountain Province",5000000.0
2027,CAR,Mountain Province 2nd District Engineering Office,BIP - Access Roads and/or Bridges from the National Roads leading to Major/ Strategic Public Buildings/ Facilities,"Construction of Road, Barangay Butigue, Paracelis, Mountain Province",5000000.0
2027,CAR,Mountain Province 2nd District Engineering Office,BIP - Access Roads and/or Bridges from the National Roads leading to Major/ Strategic Public Buildings/ Facilities,"Construction of Road, Barangay Kaleo, Barlig, Mountain Province",5000000.0
2027,CAR,Mountain Province 2nd District Engineering Office,BIP - Access Roads and/or Bridges from the National Roads leading to Major/ Strategic Public Buildings/ Facilities,"Construction of Road, Barangay Lingoy, Barlig, Mountain Province",5000000.0
2027,CAR,Mountain Province 2nd District Engineering Office,BIP - Access Roads and/or Bridges from the National Roads leading to Major/ Strategic Public Buildings/ Facilities,"Construction of Road, Barangay Palitod, Paracelis, Mountain Province",5000000.0
2027,CAR,Mountain Province 2nd District Engineering Office,BIP - Access Roads and/or Bridges from the National Roads leading to Major/ Strategic Public Buildings/ Facilities,"Construction of Road, Barangay Tonglayan, Natonin, Mountain Province",5000000.0
2027,CAR,Mountain Province 2nd District Engineering Office,BIP - Access Roads and/or Bridges from the National Roads leading to Major/ Strategic Public Buildings/ Facilities,"Construction of Road, Gayang-Alino-Arapang-Dalanao, Barangay Bantay, Paracelis, Mountain Province",5000000.0
2027,CAR,Mountain Province 2nd District Engineering Office,BIP - Access Roads and/or Bridges from the National Roads leading to Major/ Strategic Public Buildings/ Facilities,"Construction of Road, Poblacion - Sitio Batnong, Barangay Banawel, Natonin, Mountain Province",5000000.0
2027,CAR,Mountain Province 2nd District Engineering Office,BIP - Access Roads and/or Bridges from the National Roads leading to Major/ Strategic Public Buildings/ Facilities,"Construction of Road, Sitio Ambatotong-Addang, Barangay Bunot, Paracelis, Mountain Province",5000000.0
2027,CAR,Mountain Province 2nd District Engineering Office,BIP - Access Roads and/or Bridges from the National Roads leading to Major/ Strategic Public Buildings/ Facilities,"Construction of Road, Sitio Asilap, Barangay Bantay, Paracelis, Mountain Province",5000000.0
2027,CAR,Mountain Province 2nd District Engineering Office,BIP - Access Roads and/or Bridges from the National Roads leading to Major/ Strategic Public Buildings/ Facilities,"Construction of Road, Sitio Licoy, Barangay Poblacion, Paracelis, Mountain Province",5000000.0
2027,CAR,Mountain Province 2nd District Engineering Office,BIP - Access Roads and/or Bridges from the National Roads leading to Major/ Strategic Public Buildings/ Facilities,"Construction of Road, Sitio Mulliang to Sitio Anonat Proper, Barangay Anonat, Paracelis, Mountain Province",5000000.0
2027,NIR,Negros Occidental 1st District Engineering Office,BIP - Access Roads and/or Bridges from the National Roads leading to Major/ Strategic Public Buildings/ Facilities,"Construction of Road, Barangay Baviera, Sagay City, Negros Occidental",5000000.0
2027,NIR,Negros Occidental 1st District Engineering Office,BIP - Access Roads and/or Bridges from the National Roads leading to Major/ Strategic Public Buildings/ Facilities,"Construction of Road, Barangay Campo Himoga-an, Sagay City, Negros Occidental",5000000.0
2027,NIR,Negros Occidental 1st District Engineering Office,BIP - Access Roads and/or Bridges from the National Roads leading to Major/ Strategic Public Buildings/ Facilities,"Construction of Road, Barangay Daga, Cadiz City, Negros Occidental",5000000.0
2027,NIR,Negros Occidental 1st District Engineering Office,BIP - Access Roads and/or Bridges from the National Roads leading to Major/ Strategic Public Buildings/ Facilities,"Construction of Road, Barangay Jerusalem, Cadiz City, Negros Occidental",5000000.0
2027,NIR,Negros Occidental 1st District Engineering Office,BIP - Access Roads and/or Bridges from the National Roads leading to Major/ Strategic Public Buildings/ Facilities,"Construction of Road, Barangay Luna, Cadiz City, Negros Occidental",5000000.0
2027,NIR,Negros Occidental 1st District Engineering Office,BIP - Access Roads and/or Bridges from the National Roads leading to Major/ Strategic Public Buildings/ Facilities,"Construction of Road, Barangay Magsaysay, Cadiz City, Negros Occidental",5000000.0
2027,NIR,Negros Occidental 1st District Engineering Office,BIP - Access Roads and/or Bridges from the National Roads leading to Major/ Strategic Public Buildings/ Facilities,"Construction of Road, Barangay Old Sagay, Sagay City, Negros Occidental",5000000.0
2027,NIR,Negros Occidental 1st District Engineering Office,BIP - Access Roads and/or Bridges from the National Roads leading to Major/ Strategic Public Buildings/ Facilities,"Construction of Road, Barangay Paraiso, Sagay City, Negros Occidental",5000000.0
2027,NIR,Negros Occidental 1st District Engineering Office,BIP - Access Roads and/or Bridges from the National Roads leading to Major/ Strategic Public Buildings/ Facilities,"Construction of Road, Barangay Plaridel, Sagay City, Negros Occidental",5000000.0
2027,NIR,Negros Occidental 1st District Engineering Office,BIP - Access Roads and/or Bridges from the National Roads leading to Major/ Strategic Public Buildings/ Facilities,"Construction of Road, Barangay Poblacion I, Sagay City, Negros Occidental",5000000.0
2027,NIR,Negros Occidental 1st District Engineering Office,BIP - Access Roads and/or Bridges from the National Roads leading to Major/ Strategic Public Buildings/ Facilities,"Construction of Road, Barangay Tiglawigan, Cadiz City, Negros Occidental",5000000.0
2027,NIR,Negros Occidental 1st District Engineering Office,BIP - Access Roads and/or Bridges from the National Roads leading to Major/ Strategic Public Buildings/ Facilities,"Construction of Road, Barangay Tinampa-an, Cadiz City, Negros Occidental",5000000.0
2027,NIR,Negros Occidental 1st District Engineering Office,BIP - Access Roads and/or Bridges from the National Roads leading to Major/ Strategic Public Buildings/ Facilities,"Construction of Road, Barangay Zone 2, Cadiz City, Negros Occidental",5000000.0
2027,NIR,Negros Occidental 1st District Engineering Office,BIP - Access Roads and/or Bridges from the National Roads leading to Major/ Strategic Public Buildings/ Facilities,"Construction of Road, Hacienda Barbara to Hacienda Dau, Barangay Burgos, Cadiz City, Negros Occidental",5000000.0
2027,NIR,Negros Occidental 1st District Engineering Office,BIP - Access Roads and/or Bridges from the National Roads leading to Major/ Strategic Public Buildings/ Facilities,"Construction of Road, Purok Gemilina, Barangay Vito, Sagay City, Negros Occidental",5000000.0
2027,NIR,Negros Occidental 1st District Engineering Office,BIP - Access Roads and/or Bridges from the National Roads leading to Major/ Strategic Public Buildings/ Facilities,"Construction of Road, Purok Kabungahan, Barangay Puey, Sagay City, Negros Occidental",5000000.0
2027,NIR,Negros Occidental 1st District Engineering Office,BIP - Access Roads and/or Bridges from the National Roads leading to Major/ Strategic Public Buildings/ Facilities,"Construction of Road, Purok Kakahuyan, Barangay Rizal, Sagay City, Negros Occidental",5000000.0
2027,NIR,Negros Occidental 1st District Engineering Office,BIP - Access Roads and/or Bridges from the National Roads leading to Major/ Strategic Public Buildings/ Facilities,"Construction of Road, Purok Maalwan to Purok Liwayway, Barangay Sewahon I, Sagay City, Negros Occidental",5000000.0
2027,NIR,Negros Occidental 1st District Engineering Office,BIP - Access Roads and/or Bridges from the National Roads leading to Major/ Strategic Public Buildings/ Facilities,"Construction of Road, Purok Magay, Barangay Molocaboc, Sagay City, Negros Occidental",5000000.0
2027,NIR,Negros Occidental 1st District Engineering Office,BIP - Access Roads and/or Bridges from the National Roads leading to Major/ Strategic Public Buildings/ Facilities,"Construction of Road, Purok Pinetree, Barangay Malubon, Sagay City, Negros Occidental",5000000.0
2027,NIR,Negros Occidental 1st District Engineering Office,BIP - Access Roads and/or Bridges from the National Roads leading to Major/ Strategic Public Buildings/ Facilities,"Construction of Road, Purok Proper B, Barangay Rafaela Barrera, Sagay City, Negros Occidental",5000000.0
2027,NIR,Negros Occidental 1st District Engineering Office,BIP - Access Roads and/or Bridges from the National Roads leading to Major/ Strategic Public Buildings/ Facilities,"Construction of Road, Sitio Patyo, Barangay I, Municipality of Manapla, Negros Occidental",5000000.0
2027,NIR,Negros Occidental 1st District Engineering Office,Construction/ Maintenance of Flood Mitigation Structures and Drainage Systems,"Construction of Drainage System, Barangay Zone 5, Cadiz City, Negros Occidental",5000000.0
2027,NIR,Negros Occidental 1st District Engineering Office,Construction/ Maintenance of Flood Mitigation Structures and Drainage Systems,"Construction of Drainage System, Purok Kabugwason, Barangay Zone 3, Cadiz City, Negros Occidental",5000000.0
2027,NIR,Negros Occidental 1st District Engineering Office,Construction/ Maintenance of Flood Mitigation Structures and Drainage Systems,"Construction of Riverbank Protection, Purok Maligaya, Barangay Sicaba, Cadiz City, Negros Occidental",5000000.0
2027,NIR,Negros Occidental 1st District Engineering Office,Construction/ Maintenance of Flood Mitigation Structures and Drainage Systems,"Construction of Seawall, Barangay II-A, Municipality of Manapla, Negros Occidental",5000000.0
2027,NIR,Negros Occidental 1st District Engineering Office,Construction/ Maintenance of Flood Mitigation Structures and Drainage Systems,"Construction of Water Ways Protection, Purok Benita to Hacienda Faraon, Barangay Cabahug, Cadiz City, Negros Occidental",5000000.0
2027,NIR,Negros Occidental 2nd District Engineering Office,BIP - Access Roads and/or Bridges from the National Roads leading to Major/ Strategic Public Buildings/ Facilities,"Construction of Road, Barangay 9, Isabela, Negros Occidental",5000000.0
2027,NIR,Negros Occidental 4th District Engineering Office,BIP - Access Roads and/or Bridges from the National Roads leading to Major/ Strategic Public Buildings/ Facilities,"Construction of Barangay Site Road, Barangay General Malvar, Municipality of Pontevedra, Negros Occidental",5000000.0
2027,NIR,Negros Occidental 4th District Engineering Office,BIP - Access Roads and/or Bridges from the National Roads leading to Major/ Strategic Public Buildings/ Facilities,"Construction of Najalin Relocation Site Road, Barangay Nagasi, La Carlota City, Negros Occidental",5000000.0
2027,NIR,Negros Occidental 4th District Engineering Office,BIP - Access Roads and/or Bridges from the National Roads leading to Major/ Strategic Public Buildings/ Facilities,"Construction of Nanas-Batuan Road, Barangay Bagonawa and Barangay Batuan, Municipality of San Enrique, Negros Occidental",5000000.0
2027,NIR,Negros Occidental 4th District Engineering Office,BIP - Access Roads and/or Bridges from the National Roads leading to Major/ Strategic Public Buildings/ Facilities,"Construction of Papaya 2 Road, Barangay Tabao-Rizal, Municipality of San Enrique, Negros Occidental",5000000.0
2027,NIR,Negros Occidental 4th District Engineering Office,BIP - Access Roads and/or Bridges from the National Roads leading to Major/ Strategic Public Buildings/ Facilities,"Construction of Sampaguita Barangay Antipolo Road, Barangay Antipolo, Municipality of Pontevedra, Negros Occidental",5000000.0
2027,NIR,Negros Oriental 1st District Engineering Office,BIP - Access Roads and/or Bridges from the National Roads leading to Major/ Strategic Public Buildings/ Facilities,"Construction of Road, Alibabay, Barangay Panubigan, Canlaon City, Negros Oriental",5000000.0
2027,NIR,Negros Oriental 1st District Engineering Office,BIP - Access Roads and/or Bridges from the National Roads leading to Major/ Strategic Public Buildings/ Facilities,"Construction of Road, Bangkal, Barangay Libjo, Manjuyod, Negros Oriental",5000000.0
2027,NIR,Negros Oriental 1st District Engineering Office,BIP - Access Roads and/or Bridges from the National Roads leading to Major/ Strategic Public Buildings/ Facilities,"Construction of Road, Barangay Awa-an, Ayungon, Negros Oriental",5000000.0
2027,NIR,Negros Oriental 1st District Engineering Office,BIP - Access Roads and/or Bridges from the National Roads leading to Major/ Strategic Public Buildings/ Facilities,"Construction of Road, Barangay Bakid, Guihulngan City, Negros Oriental",5000000.0
2027,NIR,Negros Oriental 1st District Engineering Office,BIP - Access Roads and/or Bridges from the National Roads leading to Major/ Strategic Public Buildings/ Facilities,"Construction of Road, Barangay Canluto, Bindoy, Negros Oriental",5000000.0
2027,NIR,Negros Oriental 1st District Engineering Office,BIP - Access Roads and/or Bridges from the National Roads leading to Major/ Strategic Public Buildings/ Facilities,"Construction of Road, Barangay Hibaiyo, Guihulngan City, Negros Oriental",5000000.0
2027,NIR,Negros Oriental 1st District Engineering Office,BIP - Access Roads and/or Bridges from the National Roads leading to Major/ Strategic Public Buildings/ Facilities,"Construction of Road, Barangay Panubigan, Canlaon City, Negros Oriental",5000000.0
2027,NIR,Negros Oriental 1st District Engineering Office,BIP - Access Roads and/or Bridges from the National Roads leading to Major/ Strategic Public Buildings/ Facilities,"Construction of Road, Barangay Pindahan, Tayasan, Negros Oriental",5000000.0
2027,NIR,Negros Oriental 1st District Engineering Office,BIP - Access Roads and/or Bridges from the National Roads leading to Major/ Strategic Public Buildings/ Facilities,"Construction of Road, Barangay San Isidro, Manuyod, Negros Oriental",5000000.0
2027,NIR,Negros Oriental 1st District Engineering Office,BIP - Access Roads and/or Bridges from the National Roads leading to Major/ Strategic Public Buildings/ Facilities,"Construction of Road, Barangay Saying, Tayasan, Negros Oriental",5000000.0
2027,NIR,Negros Oriental 1st District Engineering Office,BIP - Access Roads and/or Bridges from the National Roads leading to Major/ Strategic Public Buildings/ Facilities,"Construction of Road, Barangay South Poblacion, La Libertad, Negros Oriental",5000000.0
2027,NIR,Negros Oriental 1st District Engineering Office,BIP - Access Roads and/or Bridges from the National Roads leading to Major/ Strategic Public Buildings/ Facilities,"Construction of Road, Barangay Tanlad, Tayasan, Negros Oriental",5000000.0
2027,NIR,Negros Oriental 1st District Engineering Office,BIP - Access Roads and/or Bridges from the National Roads leading to Major/ Strategic Public Buildings/ Facilities,"Construction of Road, Lupac, Barangay San Jose, Manjuyod, Negros Oriental",5000000.0
2027,NIR,Negros Oriental 1st District Engineering Office,BIP - Access Roads and/or Bridges from the National Roads leading to Major/ Strategic Public Buildings/ Facilities,"Construction of Spillway Bridge and Trail, Orchid-Daffodil, Barangay Tinaogan, Bindoy, Negros Oriental",5000000.0
2027,NIR,Negros Oriental 1st District Engineering Office,BIP - Access Roads and/or Bridges from the National Roads leading to Major/ Strategic Public Buildings/ Facilities,"Construction of Spillway Bridge, Barangays Linao-Pinocawan, Tayasan, Negros Oriental",5000000.0
2027,NIR,Negros Oriental 1st District Engineering Office,BIP - Access Roads and/or Bridges from the National Roads leading to Major/ Strategic Public Buildings/ Facilities,"Rehabilitation of Spillway Bridge and Trail, Barangay Solonggon, La Libertad, Negros Oriental",5000000.0
2027,NIR,Negros Oriental 2nd District Engineering Office,BIP - Access Roads and/or Bridges from the National Roads leading to Major/ Strategic Public Buildings/ Facilities,"Construction of Box Culvert Bridge, Barangay Canggohob, Mabinay, Negros Oriental",5000000.0
2027,NIR,Negros Oriental 2nd District Engineering Office,BIP - Access Roads and/or Bridges from the National Roads leading to Major/ Strategic Public Buildings/ Facilities,"Construction of Road, Barangay Cambanjao, Bais City, Negros Oriental",5000000.0
2027,NIR,Negros Oriental 2nd District Engineering Office,BIP - Access Roads and/or Bridges from the National Roads leading to Major/ Strategic Public Buildings/ Facilities,"Construction of Road, Barangay Mag-abo, Amlan, Negros Oriental",5000000.0
2027,NIR,Negros Oriental 2nd District Engineering Office,BIP - Access Roads and/or Bridges from the National Roads leading to Major/ Strategic Public Buildings/ Facilities,"Construction of Road, Barangay Polo, Tanjay City, Negros Oriental",5000000.0
2027,NIR,Negros Oriental 2nd District Engineering Office,BIP - Access Roads and/or Bridges from the National Roads leading to Major/ Strategic Public Buildings/ Facilities,"Construction of Road, Barangay Tugas, Tanjay City, Negros Oriental",5000000.0
2027,NIR,Negros Oriental 2nd District Engineering Office,Construction/ Maintenance of Flood Mitigation Structures and Drainage Systems,"Construction of Waterways, Barangay Poblacion VI, Tanjay City, Negros Oriental",5000000.0
2027,NCR,North Manila District Engineering Office,Construction/ Maintenance of Flood Mitigation Structures and Drainage Systems,"Rehabilitation of Drainage System along San Antonio St.(P. Noval to M.V. Delos Reyes), Manila City",5000000.0
2027,NCR,North Manila District Engineering Office,Construction/ Maintenance of Flood Mitigation Structures and Drainage Systems,"Rehabilitation of Drainage at Barangay 164, Zone 14, Manila City",5000000.0
2027,NCR,North Manila District Engineering Office,Construction/ Maintenance of Flood Mitigation Structures and Drainage Systems,"Rehabilitation of Drainage at Barangay 182, Zone 16, Manila City",5000000.0
2027,NCR,North Manila District Engineering Office,Construction/ Maintenance of Flood Mitigation Structures and Drainage Systems,"Rehabilitation of Drainage at Barangay 234, Zone 22, Manila City",5000000.0
2027,Region VIII,Northern Samar 2nd District Engineering Office,BIP - Access Roads and/or Bridges from the National Roads leading to Major/ Strategic Public Buildings/ Facilities,"Construction of Road, Barangay Cababto-an (Sta. 0+214.50 - Sta. 0+274.50), Pambujan, Northern Samar",5000000.0
2027,Region VIII,Northern Samar 2nd District Engineering Office,BIP - Access Roads and/or Bridges from the National Roads leading to Major/ Strategic Public Buildings/ Facilities,"Construction of Road, Barangay Cabulaloan (Sta. 0+000 - Sta. 0+125), Laoang, Northern Samar",5000000.0
2027,Region VIII,Northern Samar 2nd District Engineering Office,BIP - Access Roads and/or Bridges from the National Roads leading to Major/ Strategic Public Buildings/ Facilities,"Construction of Road, Barangay Lawaan (Sta. 0+000 - Sta. 0+125), Laoang, Northern Samar",5000000.0
2027,Region VIII,Northern Samar 2nd District Engineering Office,BIP - Access Roads and/or Bridges from the National Roads leading to Major/ Strategic Public Buildings/ Facilities,"Rehabilitation of Footbridge leading to Pinusilan Blue Lagoon, Barangay Magtaon, Mapanas, Northern Samar (12.506514, 125.248756)",5000000.0
2027,Region VIII,Northern Samar 2nd District Engineering Office,Construction/ Maintenance of Flood Mitigation Structures and Drainage Systems,"Rehabilitation of Cross Drainage along Poblacion to Siljagon Road, Mapanas, Northern Samar (12.466844, 125.246758)",5000000.0
2027,Region III,Nueva Ecija 1st District Engineering Office,BIP - Access Roads and/or Bridges from the National Roads leading to Major/ Strategic Public Buildings/ Facilities,"Construction of Road Barangay Balbalino, Guimba, Nueva Ecija",5000000.0
2027,Region III,Nueva Ecija 1st District Engineering Office,BIP - Access Roads and/or Bridges from the National Roads leading to Major/ Strategic Public Buildings/ Facilities,"Construction of Road Barangay Batitang, Zaragoza, Nueva Ecija",5000000.0
2027,Region III,Nueva Ecija 1st District Engineering Office,BIP - Access Roads and/or Bridges from the National Roads leading to Major/ Strategic Public Buildings/ Facilities,"Construction of Road, Barangay Ambassador Alzate Village, Nampicuan, Nueva Ecija",5000000.0
2027,Region III,Nueva Ecija 1st District Engineering Office,BIP - Access Roads and/or Bridges from the National Roads leading to Major/ Strategic Public Buildings/ Facilities,"Construction of Road, Barangay Bagong Sikat, Talavera, Nueva Ecija",5000000.0
2027,Region III,Nueva Ecija 1st District Engineering Office,BIP - Access Roads and/or Bridges from the National Roads leading to Major/ Strategic Public Buildings/ Facilities,"Construction of Road, Barangay Bagong Silang, Talavera, Nueva Ecija",5000000.0
2027,Region III,Nueva Ecija 1st District Engineering Office,BIP - Access Roads and/or Bridges from the National Roads leading to Major/ Strategic Public Buildings/ Facilities,"Construction of Road, Barangay Baloc, Sto. Domingo, Nueva Ecija",5000000.0
2027,Region III,Nueva Ecija 1st District Engineering Office,BIP - Access Roads and/or Bridges from the National Roads leading to Major/ Strategic Public Buildings/ Facilities,"Construction of Road, Barangay Baluga, Talavera, Nueva Ecija",5000000.0
2027,Region III,Nueva Ecija 1st District Engineering Office,BIP - Access Roads and/or Bridges from the National Roads leading to Major/ Strategic Public Buildings/ Facilities,"Construction of Road, Barangay Bertese, Quezon, Nueva Ecija",5000000.0
2027,Region III,Nueva Ecija 1st District Engineering Office,BIP - Access Roads and/or Bridges from the National Roads leading to Major/ Strategic Public Buildings/ Facilities,"Construction of Road, Barangay Bibiclat, Aliaga, Nueva Ecija",5000000.0
2027,Region III,Nueva Ecija 1st District Engineering Office,BIP - Access Roads and/or Bridges from the National Roads leading to Major/ Strategic Public Buildings/ Facilities,"Construction of Road, Barangay Bibiclat, Cuyapo, Nueva Ecija",5000000.0
2027,Region III,Nueva Ecija 1st District Engineering Office,BIP - Access Roads and/or Bridges from the National Roads leading to Major/ Strategic Public Buildings/ Facilities,"Construction of Road, Barangay Bugtong na Buli, Talavera, Nueva Ecija",5000000.0
2027,Region III,Nueva Ecija 1st District Engineering Office,BIP - Access Roads and/or Bridges from the National Roads leading to Major/ Strategic Public Buildings/ Facilities,"Construction of Road, Barangay Caaninaplahan, Talavera, Nueva Ecija",5000000.0
2027,Region III,Nueva Ecija 1st District Engineering Office,BIP - Access Roads and/or Bridges from the National Roads leading to Major/ Strategic Public Buildings/ Facilities,"Construction of Road, Barangay Collado, Talavera, Nueva Ecija",5000000.0
2027,Region III,Nueva Ecija 1st District Engineering Office,BIP - Access Roads and/or Bridges from the National Roads leading to Major/ Strategic Public Buildings/ Facilities,"Construction of Road, Barangay Comitang, Sto. Domingo, Nueva Ecija",5000000.0
2027,Region III,Nueva Ecija 1st District Engineering Office,BIP - Access Roads and/or Bridges from the National Roads leading to Major/ Strategic Public Buildings/ Facilities,"Construction of Road, Barangay Concepcion, Zaragoza, Nueva Ecija",5000000.0
2027,Region III,Nueva Ecija 1st District Engineering Office,BIP - Access Roads and/or Bridges from the National Roads leading to Major/ Strategic Public Buildings/ Facilities,"Construction of Road, Barangay Culong, Guimba, Nueva Ecija",5000000.0
2027,Region III,Nueva Ecija 1st District Engineering Office,BIP - Access Roads and/or Bridges from the National Roads leading to Major/ Strategic Public Buildings/ Facilities,"Construction of Road, Barangay Dimasalang Sur, Talavera, Nueva Ecija",5000000.0
2027,Region III,Nueva Ecija 1st District Engineering Office,BIP - Access Roads and/or Bridges from the National Roads leading to Major/ Strategic Public Buildings/ Facilities,"Construction of Road, Barangay District V, Cuyapo, Nueva Ecija",5000000.0
2027,Region III,Nueva Ecija 1st District Engineering Office,BIP - Access Roads and/or Bridges from the National Roads leading to Major/ Strategic Public Buildings/ Facilities,"Construction of Road, Barangay Dulong Bayan, Quezon, Nueva Ecija",5000000.0
2027,Region III,Nueva Ecija 1st District Engineering Office,BIP - Access Roads and/or Bridges from the National Roads leading to Major/ Strategic Public Buildings/ Facilities,"Construction of Road, Barangay Esguerra, Talavera, Nueva Ecija",5000000.0
2027,Region III,Nueva Ecija 1st District Engineering Office,BIP - Access Roads and/or Bridges from the National Roads leading to Major/ Strategic Public Buildings/ Facilities,"Construction of Road, Barangay Estacion, Nampicuan, Nueva Ecija",5000000.0
2027,Region III,Nueva Ecija 1st District Engineering Office,BIP - Access Roads and/or Bridges from the National Roads leading to Major/ Strategic Public Buildings/ Facilities,"Construction of Road, Barangay Hulo, Sto. Domingo, Nueva Ecija",5000000.0
2027,Region III,Nueva Ecija 1st District Engineering Office,BIP - Access Roads and/or Bridges from the National Roads leading to Major/ Strategic Public Buildings/ Facilities,"Construction of Road, Barangay Ilog Baliwag, Quezon, Nueva Ecija",5000000.0
2027,Region III,Nueva Ecija 1st District Engineering Office,BIP - Access Roads and/or Bridges from the National Roads leading to Major/ Strategic Public Buildings/ Facilities,"Construction of Road, Barangay Kinalanguyan, Talavera, Nueva Ecija",5000000.0
2027,Region III,Nueva Ecija 1st District Engineering Office,BIP - Access Roads and/or Bridges from the National Roads leading to Major/ Strategic Public Buildings/ Facilities,"Construction of Road, Barangay Latap, Cuyapo, Nueva Ecija",5000000.0
2027,Region III,Nueva Ecija 1st District Engineering Office,BIP - Access Roads and/or Bridges from the National Roads leading to Major/ Strategic Public Buildings/ Facilities,"Construction of Road, Barangay Malaya, Sto. Domingo, Nueva Ecija",5000000.0
2027,Region III,Nueva Ecija 1st District Engineering Office,BIP - Access Roads and/or Bridges from the National Roads leading to Major/ Strategic Public Buildings/ Facilities,"Construction of Road, Barangay Malayantoc, Sto. Domingo, Nueva Ecija",5000000.0
2027,Region III,Nueva Ecija 1st District Engineering Office,BIP - Access Roads and/or Bridges from the National Roads leading to Major/ Strategic Public Buildings/ Facilities,"Construction of Road, Barangay Mambarao, Sto. Domingo, Nueva Ecija",5000000.0
2027,Region III,Nueva Ecija 1st District Engineering Office,BIP - Access Roads and/or Bridges from the National Roads leading to Major/ Strategic Public Buildings/ Facilities,"Construction of Road, Barangay Monic, Nampicuan, Nueva Ecija",5000000.0
2027,Region III,Nueva Ecija 1st District Engineering Office,BIP - Access Roads and/or Bridges from the National Roads leading to Major/ Strategic Public Buildings/ Facilities,"Construction of Road, Barangay Narvacan II, Guimba, Nueva Ecija",5000000.0
2027,Region III,Nueva Ecija 1st District Engineering Office,BIP - Access Roads and/or Bridges from the National Roads leading to Major/ Strategic Public Buildings/ Facilities,"Construction of Road, Barangay Northwest Poblacion, Nampicuan, Nueva Ecija",5000000.0
2027,Region III,Nueva Ecija 1st District Engineering Office,BIP - Access Roads and/or Bridges from the National Roads leading to Major/ Strategic Public Buildings/ Facilities,"Construction of Road, Barangay Pag-asa (Bridge Approach), Talavera, Nueva Ecija",5000000.0
2027,Region III,Nueva Ecija 1st District Engineering Office,BIP - Access Roads and/or Bridges from the National Roads leading to Major/ Strategic Public Buildings/ Facilities,"Construction of Road, Barangay Pasong Inchic, Guimba, Nueva Ecija",5000000.0
2027,Region III,Nueva Ecija 1st District Engineering Office,BIP - Access Roads and/or Bridges from the National Roads leading to Major/ Strategic Public Buildings/ Facilities,"Construction of Road, Barangay Pulong Bahay, Quezon, Nueva Ecija",5000000.0
2027,Region III,Nueva Ecija 1st District Engineering Office,BIP - Access Roads and/or Bridges from the National Roads leading to Major/ Strategic Public Buildings/ Facilities,"Construction of Road, Barangay San Agustin, Sto. Domingo, Nueva Ecija",5000000.0
2027,Region III,Nueva Ecija 1st District Engineering Office,BIP - Access Roads and/or Bridges from the National Roads leading to Major/ Strategic Public Buildings/ Facilities,"Construction of Road, Barangay San Andres, Guimba, Nueva Ecija",5000000.0
2027,Region III,Nueva Ecija 1st District Engineering Office,BIP - Access Roads and/or Bridges from the National Roads leading to Major/ Strategic Public Buildings/ Facilities,"Construction of Road, Barangay San Cristobal, Licab, Nueva Ecija",5000000.0
2027,Region III,Nueva Ecija 1st District Engineering Office,BIP - Access Roads and/or Bridges from the National Roads leading to Major/ Strategic Public Buildings/ Facilities,"Construction of Road, Barangay San Fabian, Sto. Domingo, Nueva Ecija",5000000.0
2027,Region III,Nueva Ecija 1st District Engineering Office,BIP - Access Roads and/or Bridges from the National Roads leading to Major/ Strategic Public Buildings/ Facilities,"Construction of Road, Barangay San Francisco, Sto. Domingo, Nueva Ecija",5000000.0
2027,Region III,Nueva Ecija 1st District Engineering Office,BIP - Access Roads and/or Bridges from the National Roads leading to Major/ Strategic Public Buildings/ Facilities,"Construction of Road, Barangay San Jose, Cuyapo, Nueva Ecija",5000000.0
2027,Region III,Nueva Ecija 1st District Engineering Office,BIP - Access Roads and/or Bridges from the National Roads leading to Major/ Strategic Public Buildings/ Facilities,"Construction of Road, Barangay San Manuel, Quezon, Nueva Ecija",5000000.0
2027,Region III,Nueva Ecija 1st District Engineering Office,BIP - Access Roads and/or Bridges from the National Roads leading to Major/ Strategic Public Buildings/ Facilities,"Construction of Road, Barangay Sta. Rita, Quezon, Nueva Ecija",5000000.0
2027,Region III,Nueva Ecija 1st District Engineering Office,BIP - Access Roads and/or Bridges from the National Roads leading to Major/ Strategic Public Buildings/ Facilities,"Construction of Road, Barangay Tony, Nampicuan, Nueva Ecija",5000000.0
2027,Region III,Nueva Ecija 1st District Engineering Office,BIP - Access Roads and/or Bridges from the National Roads leading to Major/ Strategic Public Buildings/ Facilities,"Construction of Road, Barangay West Central Poblacion, Nampicuan, Nueva Ecija",5000000.0
2027,Region III,Nueva Ecija 1st District Engineering Office,Construction/ Maintenance of Flood Mitigation Structures and Drainage Systems,"Construction of Drainage, Barangay Cabubulaunan, Talavera, Nueva Ecija",5000000.0
2027,Region III,Nueva Ecija 1st District Engineering Office,Construction/ Maintenance of Flood Mitigation Structures and Drainage Systems,"Construction of Drainage, Barangay Campos, Talavera, Nueva Ecija",5000000.0
2027,Region III,Nueva Ecija 1st District Engineering Office,Construction/ Maintenance of Flood Mitigation Structures and Drainage Systems,"Construction of Drainage, Barangay San Casimiro, Licab, Nueva Ecija",5000000.0
2027,Region II,Nueva Vizcaya 2nd District Engineering Office,BIP - Access Roads and/or Bridges from the National Roads leading to Major/ Strategic Public Buildings/ Facilities,"Construction of Baan-San Fabian Road, Kayapa, Nueva Vizcaya",5000000.0
2027,Region II,Nueva Vizcaya 2nd District Engineering Office,BIP - Access Roads and/or Bridges from the National Roads leading to Major/ Strategic Public Buildings/ Facilities,"Construction of Keon Road, Bitnong, Dupax Del Norte, Nueva Vizcaya",5000000.0
2027,Region II,Nueva Vizcaya 2nd District Engineering Office,BIP - Access Roads and/or Bridges from the National Roads leading to Major/ Strategic Public Buildings/ Facilities,"Construction of Old Ressetlement Road, Baan, Kayapa, Nueva Vizcaya",5000000.0
2027,Region II,Nueva Vizcaya 2nd District Engineering Office,BIP - Access Roads and/or Bridges from the National Roads leading to Major/ Strategic Public Buildings/ Facilities,"Construction of Road Bone- Ocao- Capiniaan Road, Aritao, Nueva Vizcaya",5000000.0
2027,MIMAROPA,Palawan 1st District Engineering Office,BIP - Access Roads and/or Bridges from the National Roads leading to Major/ Strategic Public Buildings/ Facilities,"Construction of Road, Barangay New Cuyo, Roxas, Palawan",5000000.0
2027,Region III,Pampanga 1st District Engineering Office,BIP - Access Roads and/or Bridges from the National Roads leading to Major/ Strategic Public Buildings/ Facilities,"Construction of Road, Bahay Pare, Candaba, Pampanga",5000000.0
2027,Region III,Pampanga 1st District Engineering Office,BIP - Access Roads and/or Bridges from the National Roads leading to Major/ Strategic Public Buildings/ Facilities,"Construction of Road, Bambang, Candaba, Pampanga",5000000.0
2027,Region III,Pampanga 1st District Engineering Office,BIP - Access Roads and/or Bridges from the National Roads leading to Major/ Strategic Public Buildings/ Facilities,"Construction of Road, Bebe Matua, Masantol, Pampanga",5000000.0
2027,Region III,Pampanga 1st District Engineering Office,BIP - Access Roads and/or Bridges from the National Roads leading to Major/ Strategic Public Buildings/ Facilities,"Construction of Road, Bulacus, Masantol, Pampanga",5000000.0
2027,Region III,Pampanga 1st District Engineering Office,BIP - Access Roads and/or Bridges from the National Roads leading to Major/ Strategic Public Buildings/ Facilities,"Construction of Road, Caduang Tete, Macabebe, Pampanga",5000000.0
2027,Region III,Pampanga 1st District Engineering Office,BIP - Access Roads and/or Bridges from the National Roads leading to Major/ Strategic Public Buildings/ Facilities,"Construction of Road, Calantipe, Apalit, Pampanga",5000000.0
2027,Region III,Pampanga 1st District Engineering Office,BIP - Access Roads and/or Bridges from the National Roads leading to Major/ Strategic Public Buildings/ Facilities,"Construction of Road, Candelaria, Macabebe, Pampanga",5000000.0
2027,Region III,Pampanga 1st District Engineering Office,BIP - Access Roads and/or Bridges from the National Roads leading to Major/ Strategic Public Buildings/ Facilities,"Construction of Road, Cauayan, Candaba, Pampanga",5000000.0
2027,Region III,Pampanga 1st District Engineering Office,BIP - Access Roads and/or Bridges from the National Roads leading to Major/ Strategic Public Buildings/ Facilities,"Construction of Road, Dalayap, Candaba, Pampanga",5000000.0
2027,Region III,Pampanga 1st District Engineering Office,BIP - Access Roads and/or Bridges from the National Roads leading to Major/ Strategic Public Buildings/ Facilities,"Construction of Road, Dulong Ilog, Candaba, Pampanga",5000000.0
2027,Region III,Pampanga 1st District Engineering Office,BIP - Access Roads and/or Bridges from the National Roads leading to Major/ Strategic Public Buildings/ Facilities,"Construction of Road, Lourdes, Minalin, Pampanga",5000000.0
2027,Region III,Pampanga 1st District Engineering Office,BIP - Access Roads and/or Bridges from the National Roads leading to Major/ Strategic Public Buildings/ Facilities,"Construction of Road, Mandasig, Candaba, Pampanga",5000000.0
2027,Region III,Pampanga 1st District Engineering Office,BIP - Access Roads and/or Bridges from the National Roads leading to Major/ Strategic Public Buildings/ Facilities,"Construction of Road, Mataguiti, Macabebe, Pampanga",5000000.0
2027,Region III,Pampanga 1st District Engineering Office,BIP - Access Roads and/or Bridges from the National Roads leading to Major/ Strategic Public Buildings/ Facilities,"Construction of Road, Moras Dela Paz, Sto. Tomas, Pampanga",5000000.0
2027,Region III,Pampanga 1st District Engineering Office,BIP - Access Roads and/or Bridges from the National Roads leading to Major/ Strategic Public Buildings/ Facilities,"Construction of Road, Paguiaba, Masantol, Pampanga",5000000.0
2027,Region III,Pampanga 1st District Engineering Office,BIP - Access Roads and/or Bridges from the National Roads leading to Major/ Strategic Public Buildings/ Facilities,"Construction of Road, Paligui, Apalit, Pampanga",5000000.0
2027,Region III,Pampanga 1st District Engineering Office,BIP - Access Roads and/or Bridges from the National Roads leading to Major/ Strategic Public Buildings/ Facilities,"Construction of Road, Palimpe, Masantol, Pampanga",5000000.0
2027,Region III,Pampanga 1st District Engineering Office,BIP - Access Roads and/or Bridges from the National Roads leading to Major/ Strategic Public Buildings/ Facilities,"Construction of Road, Pangclara, Candaba, Pampanga",5000000.0
2027,Region III,Pampanga 1st District Engineering Office,BIP - Access Roads and/or Bridges from the National Roads leading to Major/ Strategic Public Buildings/ Facilities,"Construction of Road, Poblacion, Sto. Tomas, Pampanga",5000000.0
2027,Region III,Pampanga 1st District Engineering Office,BIP - Access Roads and/or Bridges from the National Roads leading to Major/ Strategic Public Buildings/ Facilities,"Construction of Road, Sagrada, Masantol, Pampanga",5000000.0
2027,Region III,Pampanga 1st District Engineering Office,BIP - Access Roads and/or Bridges from the National Roads leading to Major/ Strategic Public Buildings/ Facilities,"Construction of Road, San Francisco, Macabebe, Pampanga",5000000.0
2027,Region III,Pampanga 1st District Engineering Office,BIP - Access Roads and/or Bridges from the National Roads leading to Major/ Strategic Public Buildings/ Facilities,"Construction of Road, San Isidro Anac, Masantol, Pampanga",5000000.0
2027,Region III,Pampanga 1st District Engineering Office,BIP - Access Roads and/or Bridges from the National Roads leading to Major/ Strategic Public Buildings/ Facilities,"Construction of Road, San Isidro, Minalin, Pampanga",5000000.0
2027,Region III,Pampanga 1st District Engineering Office,BIP - Access Roads and/or Bridges from the National Roads leading to Major/ Strategic Public Buildings/ Facilities,"Construction of Road, San Jose, San Luis, Pampanga",5000000.0
2027,Region III,Pampanga 1st District Engineering Office,BIP - Access Roads and/or Bridges from the National Roads leading to Major/ Strategic Public Buildings/ Facilities,"Construction of Road, San Juan, Macabebe, Pampanga",5000000.0
2027,Region III,Pampanga 1st District Engineering Office,BIP - Access Roads and/or Bridges from the National Roads leading to Major/ Strategic Public Buildings/ Facilities,"Construction of Road, San Juan, San Luis, Pampanga",5000000.0
2027,Region III,Pampanga 1st District Engineering Office,BIP - Access Roads and/or Bridges from the National Roads leading to Major/ Strategic Public Buildings/ Facilities,"Construction of Road, San Matias, Sto. Tomas, Pampanga",5000000.0
2027,Region III,Pampanga 1st District Engineering Office,BIP - Access Roads and/or Bridges from the National Roads leading to Major/ Strategic Public Buildings/ Facilities,"Construction of Road, San Miguel, San Simon, Pampanga",5000000.0
2027,Region III,Pampanga 1st District Engineering Office,BIP - Access Roads and/or Bridges from the National Roads leading to Major/ Strategic Public Buildings/ Facilities,"Construction of Road, San Nicolas, Minalin, Pampanga",5000000.0
2027,Region III,Pampanga 1st District Engineering Office,BIP - Access Roads and/or Bridges from the National Roads leading to Major/ Strategic Public Buildings/ Facilities,"Construction of Road, San Nicolas, San Luis, Pampanga",5000000.0
2027,Region III,Pampanga 1st District Engineering Office,BIP - Access Roads and/or Bridges from the National Roads leading to Major/ Strategic Public Buildings/ Facilities,"Construction of Road, San Pablo Libutad, San Simon, Pampanga",5000000.0
2027,Region III,Pampanga 1st District Engineering Office,BIP - Access Roads and/or Bridges from the National Roads leading to Major/ Strategic Public Buildings/ Facilities,"Construction of Road, San Roque, Macabebe, Pampanga",5000000.0
2027,Region III,Pampanga 1st District Engineering Office,BIP - Access Roads and/or Bridges from the National Roads leading to Major/ Strategic Public Buildings/ Facilities,"Construction of Road, San Vicente, Apalit, Pampanga",5000000.0
2027,Region III,Pampanga 1st District Engineering Office,BIP - Access Roads and/or Bridges from the National Roads leading to Major/ Strategic Public Buildings/ Facilities,"Construction of Road, San Vicente, Sto. Tomas, Pampanga",5000000.0
2027,Region III,Pampanga 1st District Engineering Office,BIP - Access Roads and/or Bridges from the National Roads leading to Major/ Strategic Public Buildings/ Facilities,"Construction of Road, Sta. Lucia Matua, Masantol, Pampanga",5000000.0
2027,Region III,Pampanga 1st District Engineering Office,BIP - Access Roads and/or Bridges from the National Roads leading to Major/ Strategic Public Buildings/ Facilities,"Construction of Road, Sta. Maria, Macabebe, Pampanga",5000000.0
2027,Region III,Pampanga 1st District Engineering Office,BIP - Access Roads and/or Bridges from the National Roads leading to Major/ Strategic Public Buildings/ Facilities,"Construction of Road, Sta. Rita, Macabebe, Pampanga",5000000.0
2027,Region III,Pampanga 1st District Engineering Office,BIP - Access Roads and/or Bridges from the National Roads leading to Major/ Strategic Public Buildings/ Facilities,"Construction of Road, Sta. Rita, Minalin, Pampanga",5000000.0
2027,Region III,Pampanga 1st District Engineering Office,BIP - Access Roads and/or Bridges from the National Roads leading to Major/ Strategic Public Buildings/ Facilities,"Construction of Road, Sta. Rita, San Luis, Pampanga",5000000.0
2027,Region III,Pampanga 1st District Engineering Office,BIP - Access Roads and/or Bridges from the National Roads leading to Major/ Strategic Public Buildings/ Facilities,"Construction of Road, Sta.Cruz, San Simon, Pampanga",5000000.0
2027,Region III,Pampanga 1st District Engineering Office,BIP - Access Roads and/or Bridges from the National Roads leading to Major/ Strategic Public Buildings/ Facilities,"Construction of Road, Sta.Monica, San Simon, Pampanga",5000000.0
2027,Region III,Pampanga 1st District Engineering Office,BIP - Access Roads and/or Bridges from the National Roads leading to Major/ Strategic Public Buildings/ Facilities,"Construction of Road, Sto. Rosario, Minalin, Pampanga",5000000.0
2027,Region III,Pampanga 1st District Engineering Office,BIP - Access Roads and/or Bridges from the National Roads leading to Major/ Strategic Public Buildings/ Facilities,"Construction of Road, Sucad, Apalit, Pampanga",5000000.0
2027,Region III,Pampanga 1st District Engineering Office,BIP - Access Roads and/or Bridges from the National Roads leading to Major/ Strategic Public Buildings/ Facilities,"Construction of Road, Tacasan, Macabebe, Pampanga",5000000.0
2027,Region III,Pampanga 1st District Engineering Office,BIP - Access Roads and/or Bridges from the National Roads leading to Major/ Strategic Public Buildings/ Facilities,"Construction of Road, Tagulod, Candaba, Pampanga",5000000.0
2027,Region III,Pampanga 1st District Engineering Office,BIP - Access Roads and/or Bridges from the National Roads leading to Major/ Strategic Public Buildings/ Facilities,"Construction of Road, Talang, Candaba, Pampanga",5000000.0
2027,Region III,Pampanga 1st District Engineering Office,BIP - Access Roads and/or Bridges from the National Roads leading to Major/ Strategic Public Buildings/ Facilities,"Construction of Road, Telacsa, Macabebe, Pampanga",5000000.0
2027,Region I,Pangasinan 1st District Engineering Office,BIP - Access Roads and/or Bridges from the National Roads leading to Major/ Strategic Public Buildings/ Facilities,"Construction of Amandiego - Bisocol Road, Barangay Amandiego, Alaminos City, Pangasinan",5000000.0
2027,Region I,Pangasinan 1st District Engineering Office,BIP - Access Roads and/or Bridges from the National Roads leading to Major/ Strategic Public Buildings/ Facilities,"Construction of Road, Barangay Ambabaay, Bani, Pangasinan",5000000.0
2027,Region I,Pangasinan 1st District Engineering Office,BIP - Access Roads and/or Bridges from the National Roads leading to Major/ Strategic Public Buildings/ Facilities,"Construction of Road, Barangay Banog Norte, Bani, Pangasinan",5000000.0
2027,Region I,Pangasinan 1st District Engineering Office,BIP - Access Roads and/or Bridges from the National Roads leading to Major/ Strategic Public Buildings/ Facilities,"Construction of Road, Barangay Baruan, Agno, Pangasinan",5000000.0
2027,Region I,Pangasinan 1st District Engineering Office,BIP - Access Roads and/or Bridges from the National Roads leading to Major/ Strategic Public Buildings/ Facilities,"Construction of Road, Barangay Calabeng, Bani, Pangasinan",5000000.0
2027,Region I,Pangasinan 1st District Engineering Office,BIP - Access Roads and/or Bridges from the National Roads leading to Major/ Strategic Public Buildings/ Facilities,"Construction of Road, Barangay Cato, Infanta, Pangasinan",5000000.0
2027,Region I,Pangasinan 1st District Engineering Office,BIP - Access Roads and/or Bridges from the National Roads leading to Major/ Strategic Public Buildings/ Facilities,"Construction of Road, Barangay Gais-Guipe, Dasol, Pangasinan",5000000.0
2027,Region I,Pangasinan 1st District Engineering Office,BIP - Access Roads and/or Bridges from the National Roads leading to Major/ Strategic Public Buildings/ Facilities,"Construction of Road, Barangay Luna, Mabini, Pangasinan",5000000.0
2027,Region I,Pangasinan 1st District Engineering Office,BIP - Access Roads and/or Bridges from the National Roads leading to Major/ Strategic Public Buildings/ Facilities,"Construction of Road, Barangay Palamis, Alaminos City, Pangasinan",5000000.0
2027,Region I,Pangasinan 1st District Engineering Office,BIP - Access Roads and/or Bridges from the National Roads leading to Major/ Strategic Public Buildings/ Facilities,"Construction of Road, Barangay Pogoruac, Burgos, Pangasinan",5000000.0
2027,Region I,Pangasinan 1st District Engineering Office,BIP - Access Roads and/or Bridges from the National Roads leading to Major/ Strategic Public Buildings/ Facilities,"Construction of Road, Barangay Sablig, Anda, Pangasinan",5000000.0
2027,Region I,Pangasinan 1st District Engineering Office,BIP - Access Roads and/or Bridges from the National Roads leading to Major/ Strategic Public Buildings/ Facilities,"Construction of Road, Barangay San Vicente, Burgos, Pangasinan",5000000.0
2027,Region I,Pangasinan 1st District Engineering Office,BIP - Access Roads and/or Bridges from the National Roads leading to Major/ Strategic Public Buildings/ Facilities,"Construction of Road, Barangay Tipor, Bani, Pangasinan",5000000.0
2027,Region I,Pangasinan 1st District Engineering Office,BIP - Access Roads and/or Bridges from the National Roads leading to Major/ Strategic Public Buildings/ Facilities,"Construction of Road, Barangay Viga, Agno, Pangasinan",5000000.0
2027,Region I,Pangasinan 2nd District Engineering Office,BIP - Access Roads and/or Bridges from the National Roads leading to Major/ Strategic Public Buildings/ Facilities,"Construction of Road & Drainage, Barangay Casibong, San Jacinto, Pangasinan",5000000.0
2027,Region I,Pangasinan 2nd District Engineering Office,BIP - Access Roads and/or Bridges from the National Roads leading to Major/ Strategic Public Buildings/ Facilities,"Construction of Road & Drainage, Barangay Mayombo, Dagupan City, Pangasinan",5000000.0
2027,Region I,Pangasinan 2nd District Engineering Office,BIP - Access Roads and/or Bridges from the National Roads leading to Major/ Strategic Public Buildings/ Facilities,"Construction of Road & Drainage, Barangay Pantal, Dagupan City, Pangasinan",5000000.0
2027,Region I,Pangasinan 2nd District Engineering Office,BIP - Access Roads and/or Bridges from the National Roads leading to Major/ Strategic Public Buildings/ Facilities,"Construction of Road & Drainage, Barangay Pogo Chico, Dagupan City, Pangasinan",5000000.0
2027,Region I,Pangasinan 2nd District Engineering Office,BIP - Access Roads and/or Bridges from the National Roads leading to Major/ Strategic Public Buildings/ Facilities,"Construction of Road & Drainage, Barangay Salisay, Dagupan City, Pangasinan",5000000.0
2027,Region I,Pangasinan 2nd District Engineering Office,BIP - Access Roads and/or Bridges from the National Roads leading to Major/ Strategic Public Buildings/ Facilities,"Construction of Road, Barangay Anolid, Mangaldan, Pangasinan",5000000.0
2027,Region I,Pangasinan 2nd District Engineering Office,BIP - Access Roads and/or Bridges from the National Roads leading to Major/ Strategic Public Buildings/ Facilities,"Construction of Road, Barangay Awai, San Jacinto, Pangasinan",5000000.0
2027,Region I,Pangasinan 2nd District Engineering Office,BIP - Access Roads and/or Bridges from the National Roads leading to Major/ Strategic Public Buildings/ Facilities,"Construction of Road, Barangay Bacayao Sur, Dagupan City, Pangasinan",5000000.0
2027,Region I,Pangasinan 2nd District Engineering Office,BIP - Access Roads and/or Bridges from the National Roads leading to Major/ Strategic Public Buildings/ Facilities,"Construction of Road, Barangay Baguinay, Manaoag, Pangasinan",5000000.0
2027,Region I,Pangasinan 2nd District Engineering Office,BIP - Access Roads and/or Bridges from the National Roads leading to Major/ Strategic Public Buildings/ Facilities,"Construction of Road, Barangay Bantayan, Mangaldan, Pangasinan",5000000.0
2027,Region I,Pangasinan 2nd District Engineering Office,BIP - Access Roads and/or Bridges from the National Roads leading to Major/ Strategic Public Buildings/ Facilities,"Construction of Road, Barangay Bonuan Binloc, Dagupan City, Pangasinan",5000000.0
2027,Region I,Pangasinan 2nd District Engineering Office,BIP - Access Roads and/or Bridges from the National Roads leading to Major/ Strategic Public Buildings/ Facilities,"Construction of Road, Barangay Bonuan Boquig, Dagupan City, Pangasinan",5000000.0
2027,Region I,Pangasinan 2nd District Engineering Office,BIP - Access Roads and/or Bridges from the National Roads leading to Major/ Strategic Public Buildings/ Facilities,"Construction of Road, Barangay Buenlag, Mangaldan, Pangasinan",5000000.0
2027,Region I,Pangasinan 2nd District Engineering Office,BIP - Access Roads and/or Bridges from the National Roads leading to Major/ Strategic Public Buildings/ Facilities,"Construction of Road, Barangay Cabanbanan, Manaoag, Pangasinan",5000000.0
2027,Region I,Pangasinan 2nd District Engineering Office,BIP - Access Roads and/or Bridges from the National Roads leading to Major/ Strategic Public Buildings/ Facilities,"Construction of Road, Barangay Cabaruan, San Fabian, Pangasinan",5000000.0
2027,Region I,Pangasinan 2nd District Engineering Office,BIP - Access Roads and/or Bridges from the National Roads leading to Major/ Strategic Public Buildings/ Facilities,"Construction of Road, Barangay Capaoay, San Jacinto, Pangasinan",5000000.0
2027,Region I,Pangasinan 2nd District Engineering Office,BIP - Access Roads and/or Bridges from the National Roads leading to Major/ Strategic Public Buildings/ Facilities,"Construction of Road, Barangay Caranglaan, Dagupan City, Pangasinan",5000000.0
2027,Region I,Pangasinan 2nd District Engineering Office,BIP - Access Roads and/or Bridges from the National Roads leading to Major/ Strategic Public Buildings/ Facilities,"Construction of Road, Barangay Cayanga, San Fabian, Pangasinan",5000000.0
2027,Region I,Pangasinan 2nd District Engineering Office,BIP - Access Roads and/or Bridges from the National Roads leading to Major/ Strategic Public Buildings/ Facilities,"Construction of Road, Barangay Labney to Bolo, San Jacinto, Pangasinan",5000000.0
2027,Region I,Pangasinan 2nd District Engineering Office,BIP - Access Roads and/or Bridges from the National Roads leading to Major/ Strategic Public Buildings/ Facilities,"Construction of Road, Barangay Landas, Mangaldan, Pangasinan",5000000.0
2027,Region I,Pangasinan 2nd District Engineering Office,BIP - Access Roads and/or Bridges from the National Roads leading to Major/ Strategic Public Buildings/ Facilities,"Construction of Road, Barangay Lobong, San Jacinto, Pangasinan",5000000.0
2027,Region I,Pangasinan 2nd District Engineering Office,BIP - Access Roads and/or Bridges from the National Roads leading to Major/ Strategic Public Buildings/ Facilities,"Construction of Road, Barangay Lucao, Dagupan City, Pangasinan",5000000.0
2027,Region I,Pangasinan 2nd District Engineering Office,BIP - Access Roads and/or Bridges from the National Roads leading to Major/ Strategic Public Buildings/ Facilities,"Construction of Road, Barangay Maasin, Mangaldan, Pangasinan",5000000.0
2027,Region I,Pangasinan 2nd District Engineering Office,BIP - Access Roads and/or Bridges from the National Roads leading to Major/ Strategic Public Buildings/ Facilities,"Construction of Road, Barangay Mangin, Dagupan City, Pangasinan",5000000.0
2027,Region I,Pangasinan 2nd District Engineering Office,BIP - Access Roads and/or Bridges from the National Roads leading to Major/ Strategic Public Buildings/ Facilities,"Construction of Road, Barangay Mermer, Manaoag, Pangasinan",5000000.0
2027,Region I,Pangasinan 2nd District Engineering Office,BIP - Access Roads and/or Bridges from the National Roads leading to Major/ Strategic Public Buildings/ Facilities,"Construction of Road, Barangay Nalsian, Manaoag, Pangasinan",5000000.0
2027,Region I,Pangasinan 2nd District Engineering Office,BIP - Access Roads and/or Bridges from the National Roads leading to Major/ Strategic Public Buildings/ Facilities,"Construction of Road, Barangay Palua, Mangaldan, Pangasinan",5000000.0
2027,Region I,Pangasinan 2nd District Engineering Office,BIP - Access Roads and/or Bridges from the National Roads leading to Major/ Strategic Public Buildings/ Facilities,"Construction of Road, Barangay Pugaro, Dagupan City, Pangasinan",5000000.0
2027,Region I,Pangasinan 2nd District Engineering Office,BIP - Access Roads and/or Bridges from the National Roads leading to Major/ Strategic Public Buildings/ Facilities,"Construction of Road, Barangay Salaan, Mangaldan, Pangasinan",5000000.0
2027,Region I,Pangasinan 2nd District Engineering Office,BIP - Access Roads and/or Bridges from the National Roads leading to Major/ Strategic Public Buildings/ Facilities,"Construction of Road, Barangay Salay, Mangaldan, Pangasinan",5000000.0
2027,Region I,Pangasinan 2nd District Engineering Office,BIP - Access Roads and/or Bridges from the National Roads leading to Major/ Strategic Public Buildings/ Facilities,"Construction of Road, Barangay San Guillermo to San Vicente, San Jacinto, Pangasinan",5000000.0
2027,Region I,Pangasinan 2nd District Engineering Office,BIP - Access Roads and/or Bridges from the National Roads leading to Major/ Strategic Public Buildings/ Facilities,"Construction of Road, Barangay San Ramon, Manaoag, Pangasinan",5000000.0
2027,Region I,Pangasinan 2nd District Engineering Office,BIP - Access Roads and/or Bridges from the National Roads leading to Major/ Strategic Public Buildings/ Facilities,"Construction of Road, Barangay Sapang, Manaoag, Pangasinan",5000000.0
2027,Region I,Pangasinan 2nd District Engineering Office,BIP - Access Roads and/or Bridges from the National Roads leading to Major/ Strategic Public Buildings/ Facilities,"Construction of Road, Barangay Sitio Dalumat to Sto Tomas, San Jacinto, Pangasinan",5000000.0
2027,Region I,Pangasinan 2nd District Engineering Office,BIP - Access Roads and/or Bridges from the National Roads leading to Major/ Strategic Public Buildings/ Facilities,"Construction of Road, Barangay Tambac, Dagupan City, Pangasinan",5000000.0
2027,Region I,Pangasinan 2nd District Engineering Office,BIP - Access Roads and/or Bridges from the National Roads leading to Major/ Strategic Public Buildings/ Facilities,"Construction of Road, Barangay Tapuac, Dagupan City, Pangasinan",5000000.0
2027,Region I,Pangasinan 2nd District Engineering Office,BIP - Access Roads and/or Bridges from the National Roads leading to Major/ Strategic Public Buildings/ Facilities,"Construction of Road, Barangay Tiblong, San Fabian, Pangasinan",5000000.0
2027,Region I,Pangasinan 2nd District Engineering Office,BIP - Access Roads and/or Bridges from the National Roads leading to Major/ Strategic Public Buildings/ Facilities,"Construction of Road, Barangay Tobuan, Labrador, Pangasinan",5000000.0
2027,Region I,Pangasinan 2nd District Engineering Office,BIP - Access Roads and/or Bridges from the National Roads leading to Major/ Strategic Public Buildings/ Facilities,"Construction of Road, Barangay Tocok, San Fabian, Pangasinan",5000000.0
2027,Region I,Pangasinan 2nd District Engineering Office,BIP - Access Roads and/or Bridges from the National Roads leading to Major/ Strategic Public Buildings/ Facilities,"Construction of Road, Barangay Torre 2nd, Mangatarem, Pangasinan",5000000.0
2027,Region I,Pangasinan 2nd District Engineering Office,BIP - Access Roads and/or Bridges from the National Roads leading to Major/ Strategic Public Buildings/ Facilities,"Construction of Road, Guilig, Mangaldan, Pangasinan",5000000.0
2027,Region I,Pangasinan 2nd District Engineering Office,BIP - Access Roads and/or Bridges from the National Roads leading to Major/ Strategic Public Buildings/ Facilities,"Construction of Road, Mabilao, San Fabian, Pangasinan",5000000.0
2027,Region I,Pangasinan 2nd District Engineering Office,BIP - Access Roads and/or Bridges from the National Roads leading to Major/ Strategic Public Buildings/ Facilities,"Construction of Road, Tebag, Mangaldan, Pangasinan",5000000.0
2027,Region I,Pangasinan 2nd District Engineering Office,BIP - Access Roads and/or Bridges from the National Roads leading to Major/ Strategic Public Buildings/ Facilities,"Rehabilitation of Mamalingling Bridge, Barangay Mamalingling, Dagupan City, Pangasinan",5000000.0
2027,Region I,Pangasinan 2nd District Engineering Office,Construction/ Maintenance of Flood Mitigation Structures and Drainage Systems,"Construction of Box Culvert, Barangay Bonuan Binloc, Dagupan City, Pangasinan",5000000.0
2027,Region I,Pangasinan 2nd District Engineering Office,Construction/ Maintenance of Flood Mitigation Structures and Drainage Systems,"Construction of Drainage System, Barangay Longos Proper, San Fabian, Pangasinan",5000000.0
2027,Region I,Pangasinan 2nd District Engineering Office,Construction/ Maintenance of Flood Mitigation Structures and Drainage Systems,"Construction of Drainage System, Barangay Navaluan, Mangaldan, Pangasinan",5000000.0
2027,Region I,Pangasinan 2nd District Engineering Office,Construction/ Maintenance of Flood Mitigation Structures and Drainage Systems,"Construction of Drainage System, Barangay Nibaliw Center, San Fabian, Pangasinan",5000000.0
2027,Region I,Pangasinan 2nd District Engineering Office,Construction/ Maintenance of Flood Mitigation Structures and Drainage Systems,"Construction of Drainage System, Barangay Pag Asa, San Jacinto, Pangasinan",5000000.0
2027,Region I,Pangasinan 2nd District Engineering Office,Construction/ Maintenance of Flood Mitigation Structures and Drainage Systems,"Construction of Drainage System, Barangay Poblacion, San Fabian, Pangasinan",5000000.0
2027,Region I,Pangasinan 2nd District Engineering Office,Construction/ Maintenance of Flood Mitigation Structures and Drainage Systems,"Construction of Drainage System, Barangay San Roque, San Jacinto, Pangasinan",5000000.0
2027,Region I,Pangasinan 2nd District Engineering Office,Construction/ Maintenance of Flood Mitigation Structures and Drainage Systems,"Construction of Drainage System, Barangay Sta. Maria, San Jacinto, Pangasinan",5000000.0
2027,Region I,Pangasinan 2nd District Engineering Office,Construction/ Maintenance of Flood Mitigation Structures and Drainage Systems,"Construction of Drainage System, Barangay Talogtog, Mangaldan, Pangasinan",5000000.0
2027,Region I,Pangasinan 3rd District Engineering Office,BIP - Access Roads and/or Bridges from the National Roads leading to Major/ Strategic Public Buildings/ Facilities,"Construction of Road, Barangay Legaspi, Tayug, Pangasinan",5000000.0
2027,Region I,Pangasinan 4th District Engineering Office,BIP - Access Roads and/or Bridges from the National Roads leading to Major/ Strategic Public Buildings/ Facilities,"Construction of Local Road, Barangay Abonagan, Malasiqui, Pangasinan",5000000.0
2027,Region I,Pangasinan 4th District Engineering Office,BIP - Access Roads and/or Bridges from the National Roads leading to Major/ Strategic Public Buildings/ Facilities,"Construction of Local Road, Barangay Bongato East, Bayambang, Pangasinan",5000000.0
2027,Region I,Pangasinan 4th District Engineering Office,BIP - Access Roads and/or Bridges from the National Roads leading to Major/ Strategic Public Buildings/ Facilities,"Construction of Local Road, Barangay Telbang, Bayambang, Pangasinan",5000000.0
2027,Region I,Pangasinan 4th District Engineering Office,BIP - Access Roads and/or Bridges from the National Roads leading to Major/ Strategic Public Buildings/ Facilities,"Construction of Road, Barangay Bobon, Malasiqui, Pangasinan",5000000.0
2027,Region I,Pangasinan 4th District Engineering Office,BIP - Access Roads and/or Bridges from the National Roads leading to Major/ Strategic Public Buildings/ Facilities,"Construction of Road, Barangay Gabon, Calasiao, Pangasinan",5000000.0
2027,Region I,Pangasinan 4th District Engineering Office,BIP - Access Roads and/or Bridges from the National Roads leading to Major/ Strategic Public Buildings/ Facilities,"Construction of Road, Barangay Iton, Bayambang, Pangasinan",5000000.0
2027,Region I,Pangasinan 4th District Engineering Office,BIP - Access Roads and/or Bridges from the National Roads leading to Major/ Strategic Public Buildings/ Facilities,"Construction of Road, Barangay Mestizo Norte, San Carlos City, Pangasinan",5000000.0
2027,Region I,Pangasinan 4th District Engineering Office,Construction/ Maintenance of Flood Mitigation Structures and Drainage Systems,"Construction of Drainage Structure along Barangay Amanoaoac, Mapandan, Pangasinan",5000000.0
2027,Region IV-A,Quezon 1st District Engineering Office,BIP - Access Roads and/or Bridges from the National Roads leading to Major/ Strategic Public Buildings/ Facilities,"Construction of Bridge at Barangay Alupay, Tayabas, Quezon",5000000.0
2027,Region IV-A,Quezon 1st District Engineering Office,BIP - Access Roads and/or Bridges from the National Roads leading to Major/ Strategic Public Buildings/ Facilities,"Construction of Road at Barangay Ibabang Bagumbungan, Pagbilao, Quezon",5000000.0
2027,Region IV-A,Quezon 1st District Engineering Office,BIP - Access Roads and/or Bridges from the National Roads leading to Major/ Strategic Public Buildings/ Facilities,"Construction of Road at Barangay Lual Poblacion, Mauban Quezon",5000000.0
2027,Region IV-A,Quezon 1st District Engineering Office,BIP - Access Roads and/or Bridges from the National Roads leading to Major/ Strategic Public Buildings/ Facilities,"Construction of Road at Barangay Poblacion 1, Lucban, Quezon",5000000.0
2027,Region IV-A,Quezon 1st District Engineering Office,BIP - Access Roads and/or Bridges from the National Roads leading to Major/ Strategic Public Buildings/ Facilities,"Construction of Road at Barangay Samil, Lucban, Quezon",5000000.0
2027,Region IV-A,Quezon 1st District Engineering Office,BIP - Access Roads and/or Bridges from the National Roads leading to Major/ Strategic Public Buildings/ Facilities,"Construction of Road at Barangay Tudturan, Infanta, Quezon",5000000.0
2027,Region IV-A,Quezon 1st District Engineering Office,BIP - Access Roads and/or Bridges from the National Roads leading to Major/ Strategic Public Buildings/ Facilities,"Construction of Road at San Roque Zone 1, Tayabas City, Quezon",5000000.0
2027,Region IV-A,Quezon 1st District Engineering Office,Construction/ Maintenance of Flood Mitigation Structures and Drainage Systems,"Construction of Drainage System at Barangay Pob 38, Infanta, Quezon",5000000.0
2027,Region IV-A,Quezon 1st District Engineering Office,Construction/ Maintenance of Flood Mitigation Structures and Drainage Systems,"Construction of Drainage System at Barangay Sta. Catalina, Pagbilao, Quezon",5000000.0
2027,Region IV-A,Quezon 1st District Engineering Office,Construction/ Maintenance of Flood Mitigation Structures and Drainage Systems,"Construction of Riverbank Protection at Barangay Cawayan, Real, Quezon",5000000.0
2027,Region IV-A,Quezon 2nd District Engineering Office,Construction/ Maintenance of Flood Mitigation Structures and Drainage Systems,"Construction of Riverbank Protection Fence, Barangay 8, Lucena City, Quezon",5000000.0
2027,NCR,Quezon City 1st District Engineering Office,BIP - Access Roads and/or Bridges from the National Roads leading to Major/ Strategic Public Buildings/ Facilities,"Imporvement of Road and Drainage, Chainage 000 - Chainage 050 at Bagbag Elementary School at Barangay Bagbag, Quezon City",5000000.0
2027,NCR,Quezon City 1st District Engineering Office,Construction/ Maintenance of Flood Mitigation Structures and Drainage Systems,"Construction of Flood Control Structure, Sta. 0+214.70 to Sta. 0+230.50, Barangay Gulod, Quezon City",5000000.0
2027,Region IV-A,Rizal 1st District Engineering Office,BIP - Access Roads and/or Bridges from the National Roads leading to Major/ Strategic Public Buildings/ Facilities,"Construction of Road with Drainage Systems, Ruhat V, Barangay Mambugan, Antipolo City",5000000.0
2027,Region IV-A,Rizal 1st District Engineering Office,BIP - Access Roads and/or Bridges from the National Roads leading to Major/ Strategic Public Buildings/ Facilities,"Improvement of Road With Drainage Systems Narcissus St. Antipolo Valley, Barangay Mambugan, Antipolo City (Sta.0+000-Sta.0+140)",5000000.0
2027,Region IV-A,Rizal 1st District Engineering Office,BIP - Access Roads and/or Bridges from the National Roads leading to Major/ Strategic Public Buildings/ Facilities,"Rehabilitation of Drainage Systems Along Gertrudes St. Barangay Mambugan, Antipolo City",5000000.0
2027,Region IV-A,Rizal 1st District Engineering Office,BIP - Access Roads and/or Bridges from the National Roads leading to Major/ Strategic Public Buildings/ Facilities,"Rehabilitation of Road with Drainage Systems, Sunflower and Cattleya, Barangay Mayamot, Antipolo City",5000000.0
2027,Region IV-A,Rizal 1st District Engineering Office,BIP - Access Roads and/or Bridges from the National Roads leading to Major/ Strategic Public Buildings/ Facilities,"Rehabilitation of Road with Slope Protection at Sitio Corina, Barangay Bagong Nayon, Antipolo City",5000000.0
2027,Region VIII,Samar 1st District Engineering Office,BIP - Access Roads and/or Bridges from the National Roads leading to Major/ Strategic Public Buildings/ Facilities,"Construction of Road, Barangay Cagmanipis Norte, Sta. 0+000 - Sta. 0+225, Calbayog City, Samar",5000000.0
2027,Region VIII,Samar 1st District Engineering Office,BIP - Access Roads and/or Bridges from the National Roads leading to Major/ Strategic Public Buildings/ Facilities,"Construction of Road, Barangay Carayman, Sta. 0+000 - Sta. 0+172, Calbayog City, Samar",5000000.0
2027,Region VIII,Samar 1st District Engineering Office,BIP - Access Roads and/or Bridges from the National Roads leading to Major/ Strategic Public Buildings/ Facilities,"Construction of Road, Barangay Guin-on, Sta. 0+000 - Sta. 0+504, Calbayog City, Samar",5000000.0
2027,Region VIII,Samar 1st District Engineering Office,BIP - Access Roads and/or Bridges from the National Roads leading to Major/ Strategic Public Buildings/ Facilities,"Construction of Road, Barangay Nijaga, Sta. 0+000 - Sta. 0+300, Calbayog City, Samar",5000000.0
2027,Region VIII,Samar 1st District Engineering Office,BIP - Access Roads and/or Bridges from the National Roads leading to Major/ Strategic Public Buildings/ Facilities,"Construction of Road, Barangay Payahan, Sta. 0+000 - Sta. 0+247, Calbayog City, Samar",5000000.0
2027,Region VIII,Samar 1st District Engineering Office,BIP - Access Roads and/or Bridges from the National Roads leading to Major/ Strategic Public Buildings/ Facilities,"Rehabilitation of Road, Barangay Begaho, Sta. 0+000 - Sta. 0+227.96, Calbayog City, Samar",5000000.0
2027,Region VIII,Samar 1st District Engineering Office,BIP - Access Roads and/or Bridges from the National Roads leading to Major/ Strategic Public Buildings/ Facilities,"Rehabilitation of Road, Barangay Cabacungan, Sta. 0+000 - Sta. 0+400, Calbayog City, Samar",5000000.0
2027,Region VIII,Samar 1st District Engineering Office,BIP - Access Roads and/or Bridges from the National Roads leading to Major/ Strategic Public Buildings/ Facilities,"Rehabilitation of Road, Barangay Cag-olango, Sta. 0+000 - Sta. 0+458, Calbayog City, Samar",5000000.0
2027,Region VIII,Samar 1st District Engineering Office,BIP - Access Roads and/or Bridges from the National Roads leading to Major/ Strategic Public Buildings/ Facilities,"Rehabilitation of Road, Barangay Cagbilwang, Sta. 0+000 - Sta. 0+140, Calbayog City, Samar",5000000.0
2027,Region VIII,Samar 1st District Engineering Office,BIP - Access Roads and/or Bridges from the National Roads leading to Major/ Strategic Public Buildings/ Facilities,"Rehabilitation of Road, Barangay Cagnipa, Sta. 0+000 - Sta. 0+472, Calbayog City, Samar",5000000.0
2027,Region VIII,Samar 1st District Engineering Office,BIP - Access Roads and/or Bridges from the National Roads leading to Major/ Strategic Public Buildings/ Facilities,"Rehabilitation of Road, Barangay Carmen, Sta. 0+000 - Sta. 0+235, Calbayog City, Samar",5000000.0
2027,Region VIII,Samar 1st District Engineering Office,BIP - Access Roads and/or Bridges from the National Roads leading to Major/ Strategic Public Buildings/ Facilities,"Rehabilitation of Road, Barangay Danao I, Sta. 0+000 - Sta. 0+200, Calbayog City, Samar",5000000.0
2027,Region VIII,Samar 1st District Engineering Office,BIP - Access Roads and/or Bridges from the National Roads leading to Major/ Strategic Public Buildings/ Facilities,"Rehabilitation of Road, Barangay Dinagan, Sta. 0+000 - Sta. 0+210, Calbayog City, Samar",5000000.0
2027,Region VIII,Samar 1st District Engineering Office,BIP - Access Roads and/or Bridges from the National Roads leading to Major/ Strategic Public Buildings/ Facilities,"Rehabilitation of Road, Barangay Jimautan, Sta. 0+000 - Sta. 0+225, Calbayog City, Samar",5000000.0
2027,Region VIII,Samar 1st District Engineering Office,BIP - Access Roads and/or Bridges from the National Roads leading to Major/ Strategic Public Buildings/ Facilities,"Rehabilitation of Road, Barangay La Paz, Sta. 0+000 - Sta. 0+227.41, Calbayog City, Samar",5000000.0
2027,Region VIII,Samar 1st District Engineering Office,BIP - Access Roads and/or Bridges from the National Roads leading to Major/ Strategic Public Buildings/ Facilities,"Rehabilitation of Road, Barangay Malayog, Sta. 0+000 - Sta. 0+460, Calbayog City, Samar",5000000.0
2027,Region VIII,Samar 1st District Engineering Office,BIP - Access Roads and/or Bridges from the National Roads leading to Major/ Strategic Public Buildings/ Facilities,"Rehabilitation of Road, Barangay Migara, Sta. 0+000 - Sta. 0+200, Calbayog City, Samar",5000000.0
2027,Region VIII,Samar 1st District Engineering Office,BIP - Access Roads and/or Bridges from the National Roads leading to Major/ Strategic Public Buildings/ Facilities,"Rehabilitation of Road, Barangay Palanas Cara, Sta. 0+000 - Sta. 0+231.10, Calbayog City, Samar",5000000.0
2027,Region VIII,Samar 1st District Engineering Office,BIP - Access Roads and/or Bridges from the National Roads leading to Major/ Strategic Public Buildings/ Facilities,"Rehabilitation of Road, Barangay Patong, Sta. 0+000 - Sta. 0+272, Calbayog City, Samar",5000000.0
2027,Region VIII,Samar 1st District Engineering Office,BIP - Access Roads and/or Bridges from the National Roads leading to Major/ Strategic Public Buildings/ Facilities,"Rehabilitation of Road, Barangay Sinidman Occidental, Sta. 0+000 - Sta. 0+352, Calbayog City, Samar",5000000.0
2027,Region VIII,Samar 1st District Engineering Office,BIP - Access Roads and/or Bridges from the National Roads leading to Major/ Strategic Public Buildings/ Facilities,"Rehabilitation of Road, Barangay Sinidman Oriental, Sta. 0+000 - Sta. 0+348, Calbayog City, Samar",5000000.0
2027,Region VIII,Samar 1st District Engineering Office,BIP - Access Roads and/or Bridges from the National Roads leading to Major/ Strategic Public Buildings/ Facilities,"Rehabilitation of Road, Barangay Tomaligues, Sta. 0+000 - Sta. 0+347, Calbayog City, Samar",5000000.0
2027,Region VIII,Samar 1st District Engineering Office,BIP - Access Roads and/or Bridges from the National Roads leading to Major/ Strategic Public Buildings/ Facilities,"Rehabilitation of Road, Barangay Victory, Sta. 0+000 - Sta. 0+236, Calbayog City, Samar",5000000.0
2027,Region VIII,Samar 1st District Engineering Office,Construction/ Maintenance of Flood Mitigation Structures and Drainage Systems,"Construction of Drainage System, Barangay Cagmanipis Sur, Sta. 0+000 - Sta. 0+194.50, Calbayog City, Samar",5000000.0
2027,Region VIII,Samar 1st District Engineering Office,Construction/ Maintenance of Flood Mitigation Structures and Drainage Systems,"Construction of Drainage System, Barangay Libertad, Sta. 0+000 - Sta. 0+150, Calbayog City, Samar",5000000.0
2027,Region VIII,Samar 1st District Engineering Office,Construction/ Maintenance of Flood Mitigation Structures and Drainage Systems,"Construction of Drainage System, Barangay Naga, Sta. 0+000 - Sta. 0+585, Calbayog City, Samar",5000000.0
2027,Region V,Sorsogon 2nd District Engineering Office,BIP - Access Roads and/or Bridges from the National Roads leading to Major/ Strategic Public Buildings/ Facilities,"Rehabilitation/Improvement of Road Sitio Danlog, Sta. Lourdes, Barcelona, Sorsogon",5000000.0
2027,NCR,South Manila District Engineering Office,BIP - Access Roads and/or Bridges from the National Roads leading to Major/ Strategic Public Buildings/ Facilities,"Improvement of Road and Drainage System along B. Mayor Street, Barangay 177 Zone 18 and its vicinity, Pasay City",5000000.0
2027,MIMAROPA,Southern Mindoro District Engineering Office,BIP - Access Roads and/or Bridges from the National Roads leading to Major/ Strategic Public Buildings/ Facilities,"Construction of Road at Barangay Bagong Bayan II, Bongabong, Oriental Mindoro",5000000.0
2027,MIMAROPA,Southern Mindoro District Engineering Office,BIP - Access Roads and/or Bridges from the National Roads leading to Major/ Strategic Public Buildings/ Facilities,"Construction of Road at Barangay Pagalagala, Pinamalayan, Oriental Mindoro",5000000.0
2027,MIMAROPA,Southern Mindoro District Engineering Office,BIP - Access Roads and/or Bridges from the National Roads leading to Major/ Strategic Public Buildings/ Facilities,"Construction of Road at Barangay Sagana, Bongabong, Oriental Mindoro",5000000.0
2027,MIMAROPA,Southern Mindoro District Engineering Office,BIP - Access Roads and/or Bridges from the National Roads leading to Major/ Strategic Public Buildings/ Facilities,"Construction of Road at Sitio Proper, Barangay San Isidro, Bulalacao,Oriental Mindoro",5000000.0
2027,MIMAROPA,Southern Mindoro District Engineering Office,BIP - Access Roads and/or Bridges from the National Roads leading to Major/ Strategic Public Buildings/ Facilities,"Construction of Road, Sta 0 + 000- Sta 0 + 250, Sitio Amihan, Barangay San Aquilino, Roxas, Oriental Mindoro",5000000.0
2027,MIMAROPA,Southern Mindoro District Engineering Office,Construction/ Maintenance of Flood Mitigation Structures and Drainage Systems,"Construction of Drainage Canal at Sitio Semilya, Barangay G. Antonino, Gloria, Oriental Mindoro",5000000.0
2027,MIMAROPA,Southern Mindoro District Engineering Office,Construction/ Maintenance of Flood Mitigation Structures and Drainage Systems,"Construction of Drainage Canal from High Way to Sitio Pagkakaisa, Sta 0 + 000- Sta 0 + 250, Barangay Lucio Laurel, Gloria, Oriental Mindoro",5000000.0
2027,Region XII,Sultan Kudarat 1st District Engineering Office,BIP - Access Roads and/or Bridges from the National Roads leading to Major/ Strategic Public Buildings/ Facilities,"Construction of Road, Lasedeco Road, Barangay Kalawag I, Isulan, Sultan Kudarat",5000000.0
2027,Region XIII,Surigao del Norte 1st District Engineering Office,BIP - Access Roads and/or Bridges from the National Roads leading to Major/ Strategic Public Buildings/ Facilities,"Construction of Road, Barangay Jubang, Dapa Siargao Island, Surigao del Norte",5000000.0
2027,Region III,Tarlac 2nd District Engineering Office,BIP - Access Roads and/or Bridges from the National Roads leading to Major/ Strategic Public Buildings/ Facilities,"Construction of Road, Barangay Balanoy, La Paz, Tarlac",5000000.0
2027,Region III,Tarlac 2nd District Engineering Office,BIP - Access Roads and/or Bridges from the National Roads leading to Major/ Strategic Public Buildings/ Facilities,"Construction of Road, Barangay San Roque, La Paz, Tarlac.",5000000.0
2027,Region III,Tarlac 2nd District Engineering Office,BIP - Access Roads and/or Bridges from the National Roads leading to Major/ Strategic Public Buildings/ Facilities,"Construction/Concreting of Road From Tumbaga Creek to Barangay Paludpud, La Paz, Tarlac",5000000.0
2027,Region III,Tarlac 2nd District Engineering Office,BIP - Access Roads and/or Bridges from the National Roads leading to Major/ Strategic Public Buildings/ Facilities,"Construction/Concreting of Road, Barangay Mayang, La Paz, Tarlac",5000000.0
2027,CAR,Upper Kalinga District Engineering Office,BIP - Access Roads and/or Bridges from the National Roads leading to Major/ Strategic Public Buildings/ Facilities,"Construction of Batongbuhay National Road Junction, Puapo-Dangtalan-Amdalao Road, Barangays Puapo, Dangtalan, Pasil, Kalinga",5000000.0
2027,CAR,Upper Kalinga District Engineering Office,BIP - Access Roads and/or Bridges from the National Roads leading to Major/ Strategic Public Buildings/ Facilities,"Construction of Char-ig Arong Access Road, Barangay Mallango, Tinglayan, Kalinga",5000000.0
2027,Region III,Zambales 2nd District Engineering Office,BIP - Access Roads and/or Bridges from the National Roads leading to Major/ Strategic Public Buildings/ Facilities,"Construction of Drainage along Washington Street, Sta. 0+000 - Sta. 0 + 360, Barangay San Kalaklan, Olongapo City",5000000.0
2027,Region III,Zambales 2nd District Engineering Office,BIP - Access Roads and/or Bridges from the National Roads leading to Major/ Strategic Public Buildings/ Facilities,"Construction of Road at Barangay Consuelo Sur, Sta. 0+000 - Sta. 0+305, Barangay Consuelo Sur, San Marcelino, Zambales",5000000.0
2027,Region III,Zambales 2nd District Engineering Office,BIP - Access Roads and/or Bridges from the National Roads leading to Major/ Strategic Public Buildings/ Facilities,"Construction of Road at Purok 6, Sta. 0 + 000 - Sta. 0 + 250, Barangay Magsaysay, Castillejos, Zambales",5000000.0
2027,Region III,Zambales 2nd District Engineering Office,BIP - Access Roads and/or Bridges from the National Roads leading to Major/ Strategic Public Buildings/ Facilities,"Construction of Road near Bahay Kubo, Sta. 0 + 000 - Sta. 0+160, Barangay Cawag, Subic, Zambales",5000000.0
2027,Region III,Zambales 2nd District Engineering Office,BIP - Access Roads and/or Bridges from the National Roads leading to Major/ Strategic Public Buildings/ Facilities,"Construction of Road with Drainage at Barangay Sto. Tomas, Sta. 0+600 - Sta. 0+760, Subic, Zambales",5000000.0
2027,Region III,Zambales 2nd District Engineering Office,Construction/ Maintenance of Flood Mitigation Structures and Drainage Systems,"Construction of Drainage at Purok 5, Sta. 0 + 000 - Sta. 0+160, Barangay Calapacuan, Subic, Zambales",5000000.0
2027,Region III,Zambales 2nd District Engineering Office,Construction/ Maintenance of Flood Mitigation Structures and Drainage Systems,"Construction of Slope Protection Purok 13, Sta. 0+000 - Sta. 0 + 70, Barangay Balaybay Resettlement, Castillejos, Zambales",5000000.0
2027,Region III,Zambales 2nd District Engineering Office,Construction/ Maintenance of Flood Mitigation Structures and Drainage Systems,"Construction of Slope Protection at Agusuhin Elementary School, Barangay Cawag, Subic, Zambales",5000000.0
2027,Region IX,Zamboanga City 2nd District Engineering Office,BIP - Access Roads and/or Bridges from the National Roads leading to Major/ Strategic Public Buildings/ Facilities,"Construction of Road Brgy. Talon Talon, Zamboanga City",5000000.0
2027,Region IX,Zamboanga Sibugay 1st District Engineering Office,BIP - Access Roads and/or Bridges from the National Roads leading to Major/ Strategic Public Buildings/ Facilities,"Construction of Road in Brgy. San Isidro, Payao, Zamboanga Sibugay",5000000.0
2027,Region IX,Zamboanga Sibugay 1st District Engineering Office,BIP - Access Roads and/or Bridges from the National Roads leading to Major/ Strategic Public Buildings/ Facilities,"Construction of Road in Brgy. Villagonzalo, Olutanga, Zamboanga Sibugay",5000000.0
2027,Region IX,Zamboanga Sibugay 1st District Engineering Office,BIP - Access Roads and/or Bridges from the National Roads leading to Major/ Strategic Public Buildings/ Facilities,"Construction of Road in Purok 1-2 Barangay Guitom, Buug, Zamboanga Sibugay",5000000.0
2027,Region IX,Zamboanga Sibugay 1st District Engineering Office,BIP - Access Roads and/or Bridges from the National Roads leading to Major/ Strategic Public Buildings/ Facilities,"Construction of Road in Purok 1-4 Brgy. Basak-Bawang, Malangas, Zamboanga Sibugay",5000000.0
2027,Region IX,Zamboanga Sibugay 1st District Engineering Office,BIP - Access Roads and/or Bridges from the National Roads leading to Major/ Strategic Public Buildings/ Facilities,"Construction of Road in Purok 3 Brgy. Guintoloan, Buug, Zamboanga Sibugay",5000000.0
2027,Region IX,Zamboanga Sibugay 1st District Engineering Office,BIP - Access Roads and/or Bridges from the National Roads leading to Major/ Strategic Public Buildings/ Facilities,"Construction of Road in Purok 5, Brgy. Basalem, Buug, Zamboanga Sibugay",5000000.0
2027,Region IX,Zamboanga Sibugay 1st District Engineering Office,BIP - Access Roads and/or Bridges from the National Roads leading to Major/ Strategic Public Buildings/ Facilities,"Construction of Road in Purok 7 Barangay Gandiangan, Imelda, Zamboanga Sibugay",5000000.0
2027,Region IX,Zamboanga Sibugay 1st District Engineering Office,BIP - Access Roads and/or Bridges from the National Roads leading to Major/ Strategic Public Buildings/ Facilities,"Construction of Road in Purok District 1 Barangay Punawan, Mabuhay, Zamboanga Sibugay",5000000.0
2027,Region IX,Zamboanga Sibugay 1st District Engineering Office,BIP - Access Roads and/or Bridges from the National Roads leading to Major/ Strategic Public Buildings/ Facilities,"Construction of Road in Purok Kalubian Barangay Talaptap, Alicia, Zamboanga Sibugay",5000000.0
2027,Region IX,Zamboanga Sibugay 1st District Engineering Office,BIP - Access Roads and/or Bridges from the National Roads leading to Major/ Strategic Public Buildings/ Facilities,"Construction of Road in Purok Lerio, Brgy. Poblacion, Alicia, Zamboanga Sibugay",5000000.0
2027,Region IX,Zamboanga Sibugay 1st District Engineering Office,BIP - Access Roads and/or Bridges from the National Roads leading to Major/ Strategic Public Buildings/ Facilities,"Construction of Road in Purok Santing Barangay Tandiong Muslim, Alicia, Zamboanga Sibugay",5000000.0
2027,Region IX,Zamboanga Sibugay 2nd District Engineering Office,BIP - Access Roads and/or Bridges from the National Roads leading to Major/ Strategic Public Buildings/ Facilities,"Construction of Access Road, Brgy. Gubawang, Naga, Zamboanga Sibugay",5000000.0
2027,Region IX,Zamboanga del Norte 2nd District Engineering Office,BIP - Access Roads and/or Bridges from the National Roads leading to Major/ Strategic Public Buildings/ Facilities,"Construction of Road, Brgy. Bato, Sindangan, Zamboanga del Norte",5000000.0
2027,Region IX,Zamboanga del Norte 2nd District Engineering Office,BIP - Access Roads and/or Bridges from the National Roads leading to Major/ Strategic Public Buildings/ Facilities,"Construction of Road, Brgy. Bitoon, Jose Dalman, Zamboanga del Norte",5000000.0
2027,Region IX,Zamboanga del Norte 2nd District Engineering Office,BIP - Access Roads and/or Bridges from the National Roads leading to Major/ Strategic Public Buildings/ Facilities,"Construction of Road, Brgy. Bucana, Sindangan, Zamboanga del Norte",5000000.0
2027,Region IX,Zamboanga del Norte 2nd District Engineering Office,BIP - Access Roads and/or Bridges from the National Roads leading to Major/ Strategic Public Buildings/ Facilities,"Construction of Road, Brgy. Labakid, Sindangan, Zamboanga del Norte",5000000.0
2027,Region IX,Zamboanga del Norte 2nd District Engineering Office,BIP - Access Roads and/or Bridges from the National Roads leading to Major/ Strategic Public Buildings/ Facilities,"Construction of Road, Brgy. Lagag, Sindangan, Zamboanga del Norte",5000000.0
2027,Region IX,Zamboanga del Norte 2nd District Engineering Office,BIP - Access Roads and/or Bridges from the National Roads leading to Major/ Strategic Public Buildings/ Facilities,"Construction of Road, Brgy. Sanao, Katipunan, Zamboanga del Norte",5000000.0
2027,Region IX,Zamboanga del Norte 2nd District Engineering Office,BIP - Access Roads and/or Bridges from the National Roads leading to Major/ Strategic Public Buildings/ Facilities,"Construction of Road, Centro, Brgy. Mate, Manukan, Zamboanga del Norte",5000000.0
2027,Region IX,Zamboanga del Norte 2nd District Engineering Office,BIP - Access Roads and/or Bridges from the National Roads leading to Major/ Strategic Public Buildings/ Facilities,"Construction of Road, Centro, Brgy. Nato, Sindangan, Zamboanga del Norte",5000000.0
2027,Region IX,Zamboanga del Norte 2nd District Engineering Office,BIP - Access Roads and/or Bridges from the National Roads leading to Major/ Strategic Public Buildings/ Facilities,"Construction of Road, Highway to Sitio Labaluran, Brgy. Nipaan, Sindangan, Zamboanga del Norte",5000000.0
2027,Region IX,Zamboanga del Norte 2nd District Engineering Office,BIP - Access Roads and/or Bridges from the National Roads leading to Major/ Strategic Public Buildings/ Facilities,"Construction of Road, Lower Dequis, Brgy. Poblacion, Manukan, Zamboanga del Norte",5000000.0
2027,Region IX,Zamboanga del Norte 2nd District Engineering Office,BIP - Access Roads and/or Bridges from the National Roads leading to Major/ Strategic Public Buildings/ Facilities,"Construction of Road, Purok 1, Brgy. Tamarok, Jose Dalman, Zamboanga del Norte",5000000.0
2027,Region IX,Zamboanga del Norte 2nd District Engineering Office,BIP - Access Roads and/or Bridges from the National Roads leading to Major/ Strategic Public Buildings/ Facilities,"Construction of Road, Purok 4, Brgy. Lower Inuman, Sindangan, Zamboanga del Norte",5000000.0
2027,Region IX,Zamboanga del Norte 2nd District Engineering Office,BIP - Access Roads and/or Bridges from the National Roads leading to Major/ Strategic Public Buildings/ Facilities,"Construction of Road, Purok 5, Brgy. Uno, Katipunan, Zamboanga del Norte",5000000.0
2027,Region IX,Zamboanga del Norte 2nd District Engineering Office,BIP - Access Roads and/or Bridges from the National Roads leading to Major/ Strategic Public Buildings/ Facilities,"Construction of Road, Purok Lomboy to Boundary Tanayan Section, Brgy. Lower Irasan, Pres. Manuel Roxas, Zamboanga del Norte",5000000.0
2027,Region IX,Zamboanga del Norte 2nd District Engineering Office,BIP - Access Roads and/or Bridges from the National Roads leading to Major/ Strategic Public Buildings/ Facilities,"Construction of Road, Purok Lovebird, Brgy. Sigamok, Jose Dalman, Zamboanga del Norte",5000000.0
2027,Region IX,Zamboanga del Norte 2nd District Engineering Office,BIP - Access Roads and/or Bridges from the National Roads leading to Major/ Strategic Public Buildings/ Facilities,"Construction of Road, Sector 1 & 7, Brgy. Datu Tangkilan, Sindangan, Zamboanga del Norte",5000000.0
2027,Region IX,Zamboanga del Norte 2nd District Engineering Office,BIP - Access Roads and/or Bridges from the National Roads leading to Major/ Strategic Public Buildings/ Facilities,"Construction of Road, Sector 5 & 6, Brgy. Benigno Aquino, Sindangan, Zamboanga del Norte",5000000.0
2027,Region IX,Zamboanga del Norte 2nd District Engineering Office,BIP - Access Roads and/or Bridges from the National Roads leading to Major/ Strategic Public Buildings/ Facilities,"Construction of Road, Sitio Bayol, Brgy. San Antonio, Manukan, Zamboanga del Norte",5000000.0
2027,Region IX,Zamboanga del Norte 2nd District Engineering Office,BIP - Access Roads and/or Bridges from the National Roads leading to Major/ Strategic Public Buildings/ Facilities,"Construction of Road, Sitio Cacawan, Brgy. Bago, Sindangan, Zamboanga del Norte",5000000.0
2027,Region IX,Zamboanga del Norte 2nd District Engineering Office,BIP - Access Roads and/or Bridges from the National Roads leading to Major/ Strategic Public Buildings/ Facilities,"Construction of Road, Sitio Dequis, Brgy. Palaranan, Manukan, Zamboanga del Norte",5000000.0
2027,Region IX,Zamboanga del Norte 2nd District Engineering Office,BIP - Access Roads and/or Bridges from the National Roads leading to Major/ Strategic Public Buildings/ Facilities,"Construction of Road, Sitio Dinuman, Brgy. Marupay, Jose Dalman, Zamboanga del Norte",5000000.0
2027,Region IX,Zamboanga del Norte 2nd District Engineering Office,BIP - Access Roads and/or Bridges from the National Roads leading to Major/ Strategic Public Buildings/ Facilities,"Construction of Road, Sitio Purok Bato, Brgy. Punta Blanca, Manukan, Zamboanga del Norte",5000000.0
2027,Region IX,Zamboanga del Norte 2nd District Engineering Office,BIP - Access Roads and/or Bridges from the National Roads leading to Major/ Strategic Public Buildings/ Facilities,"Construction of Road, Sitio Tambad to Matam, Brgy. Upper Disakan, Manukan, Zamboanga del Norte",5000000.0
2027,Region IX,Zamboanga del Norte 2nd District Engineering Office,BIP - Access Roads and/or Bridges from the National Roads leading to Major/ Strategic Public Buildings/ Facilities,"Construction of Road, Sitio Tingga, Brgy. Meses, Manukan, Zamboanga del Norte",5000000.0
2027,Region IX,Zamboanga del Norte 2nd District Engineering Office,BIP - Access Roads and/or Bridges from the National Roads leading to Major/ Strategic Public Buildings/ Facilities,"Construction of Road, South Baybay Mauswagon, Brgy. Galas, Dipolog City, Zamboanga del Norte",5000000.0
2027,Region IX,Zamboanga del Norte 2nd District Engineering Office,BIP - Access Roads and/or Bridges from the National Roads leading to Major/ Strategic Public Buildings/ Facilities,"Construction of Road, from Centro to Sitio Guevarra Hill, Brgy. Dumalogdog, Sindangan, Zamboanga del Norte",5000000.0
2027,Region IX,Zamboanga del Norte 2nd District Engineering Office,BIP - Access Roads and/or Bridges from the National Roads leading to Major/ Strategic Public Buildings/ Facilities,"Rehabilitation of Road, Brgy. Mandih, Sindangan, Zamboanga del Norte",5000000.0
2027,Region IX,Zamboanga del Norte 2nd District Engineering Office,Construction/ Maintenance of Flood Mitigation Structures and Drainage Systems,"Construction of Drainage, Brgy. Goleo, Sindangan, Zamboanga del Norte",5000000.0
