kind,year,line_id,name,amount,prior_year,prior_name,prior_amount,similarity,rank,amount_difference,source,prior_source,current_chainage,prior_chainage,chainage_overlap,chainage_status,tranche_status,tranche_detail,tranche_conflict
fmr,2027,HB10858-FMR-0666-002,"Construction of Sitio Rango, Brgy. Tubburan FMR, Brgy. Tubburan, Bacarra, Ilocos Norte",15000000,2025,"Concreting of Brgy. Man-ogob FMR Phase II, Brgy. Man-ogob, San Vicente, Camarines Norte",50000000,0.505,1,-35000000,HB 10858 Vol I-B p. 666,GAA-2025 · Department of Agriculture (DA) · Office of the Secretary,,,,not stated,one side stated,Prior Phase 2 only,False
fmr,2027,HB10858-FMR-0666-002,"Construction of Sitio Rango, Brgy. Tubburan FMR, Brgy. Tubburan, Bacarra, Ilocos Norte",15000000,2025,"Concreting of Sitio Hulo, Brgy. Biga FMR (Phase II), Brgy. Biga, Lobo, Batangas",24000000,0.5,2,-9000000,HB 10858 Vol I-B p. 666,GAA-2025 · Department of Agriculture (DA) · Office of the Secretary,,,,not stated,one side stated,Prior Phase 2 only,False
fmr,2027,HB10858-FMR-0666-002,"Construction of Sitio Rango, Brgy. Tubburan FMR, Brgy. Tubburan, Bacarra, Ilocos Norte",15000000,2025,"Concreting of Sitio San Ysiro, Brgy. San Jose FMR Phase 6, Brgy. San Jose, Antipolo City Rizal",15000000,0.486,3,0,HB 10858 Vol I-B p. 666,GAA-2025 · Department of Agriculture (DA) · Office of the Secretary,,,,not stated,one side stated,Prior Phase 6 only,False
fmr,2027,HB10858-FMR-0666-003,"Construction of San Lorenzo FMR, Brgy. San Lorenzo, Bangui, Ilocos Norte",15000000,2025,"Concreting of Brgy. Maisog FMR Phase II, Brgy. Maisog, San Lorenzo Ruiz, Camarines Norte",50000000,0.619,1,-35000000,HB 10858 Vol I-B p. 666,GAA-2025 · Department of Agriculture (DA) · Office of the Secretary,,,,not stated,one side stated,Prior Phase 2 only,False
fmr,2027,HB10858-FMR-0666-003,"Construction of San Lorenzo FMR, Brgy. San Lorenzo, Bangui, Ilocos Norte",15000000,2025,"Concreting of Brgy. San Antonio to Brgy. Lugui FMR (Phase II), Brgy. San Antonio and Brgy. Lugui, Labo, Camarines Norte",15000000,0.545,2,0,HB 10858 Vol I-B p. 666,GAA-2025 · Department of Agriculture (DA) · Office of the Secretary,,,,not stated,one side stated,Prior Phase 2 only,False
fmr,2027,HB10858-FMR-0666-003,"Construction of San Lorenzo FMR, Brgy. San Lorenzo, Bangui, Ilocos Norte",15000000,2025,"Concreting of Brgy. Man-ogob FMR Phase II, Brgy. Man-ogob, San Vicente, Camarines Norte",50000000,0.542,3,-35000000,HB 10858 Vol I-B p. 666,GAA-2025 · Department of Agriculture (DA) · Office of the Secretary,,,,not stated,one side stated,Prior Phase 2 only,False
fmr,2027,HB10858-FMR-0666-004,"Construction of Brgy. Escoda - Brgy. Elizabeth FMR, Brgy. Escoda and Brgy. Elizabeth, Marcos, Ilocos Norte",30000000,2025,"Concreting of Brgy. San Antonio to Brgy. Lugui FMR (Phase II), Brgy. San Antonio and Brgy. Lugui, Labo, Camarines Norte",15000000,0.483,1,15000000,HB 10858 Vol I-B p. 666,GAA-2025 · Department of Agriculture (DA) · Office of the Secretary,,,,not stated,one side stated,Prior Phase 2 only,False
fmr,2027,HB10858-FMR-0666-004,"Construction of Brgy. Escoda - Brgy. Elizabeth FMR, Brgy. Escoda and Brgy. Elizabeth, Marcos, Ilocos Norte",30000000,2025,"Concreting of Brgy. Maisog FMR Phase II, Brgy. Maisog, San Lorenzo Ruiz, Camarines Norte",50000000,0.449,2,-20000000,HB 10858 Vol I-B p. 666,GAA-2025 · Department of Agriculture (DA) · Office of the Secretary,,,,not stated,one side stated,Prior Phase 2 only,False
fmr,2027,HB10858-FMR-0666-004,"Construction of Brgy. Escoda - Brgy. Elizabeth FMR, Brgy. Escoda and Brgy. Elizabeth, Marcos, Ilocos Norte",30000000,2025,"Concreting of Brgy. Man-ogob FMR Phase II, Brgy. Man-ogob, San Vicente, Camarines Norte",50000000,0.396,3,-20000000,HB 10858 Vol I-B p. 666,GAA-2025 · Department of Agriculture (DA) · Office of the Secretary,,,,not stated,one side stated,Prior Phase 2 only,False
fmr,2027,HB10858-FMR-0666-005,"Construction of Sitio Sao, Brgy. Daking FMR, Brgy. Daking, San Gabriel, La Union",15000000,2025,"Concreting of Brgy. Balaong FMR (Phase I), Brgy. Balaong, San Miguel, Bulacan",5000000,0.558,1,10000000,HB 10858 Vol I-B p. 666,GAA-2025 · Department of Agriculture (DA) · Office of the Secretary,,,,not stated,one side stated,Prior Phase 1 only,False
fmr,2027,HB10858-FMR-0666-005,"Construction of Sitio Sao, Brgy. Daking FMR, Brgy. Daking, San Gabriel, La Union",15000000,2025,"Concreting of FMR at Sitio Mainay, Brgy. Sta. Ines, San Miguel, Bulacan",20000000,0.543,2,-5000000,HB 10858 Vol I-B p. 666,GAA-2025 · Department of Agriculture (DA) · Office of the Secretary,,,,not stated,not stated,,False
fmr,2027,HB10858-FMR-0666-005,"Construction of Sitio Sao, Brgy. Daking FMR, Brgy. Daking, San Gabriel, La Union",15000000,2025,"Concreting of FMR at Camil-Bucutan, Brgy. San Fermin, Caba, La Union",21000000,0.511,3,-6000000,HB 10858 Vol I-B p. 666,GAA-2025 · Department of Agriculture (DA) · Office of the Secretary,,,,not stated,not stated,,False
fmr,2027,HB10858-FMR-0666-006,"Construction of Sitio Dayegdeg, Brgy. Lon-oy FMR, Brgy. Lon-oy, San Gabriel, La Union",15000000,2025,"Concreting of Brgy. Balaong FMR (Phase I), Brgy. Balaong, San Miguel, Bulacan",5000000,0.527,1,10000000,HB 10858 Vol I-B p. 666,GAA-2025 · Department of Agriculture (DA) · Office of the Secretary,,,,not stated,one side stated,Prior Phase 1 only,False
fmr,2027,HB10858-FMR-0666-006,"Construction of Sitio Dayegdeg, Brgy. Lon-oy FMR, Brgy. Lon-oy, San Gabriel, La Union",15000000,2025,"Concreting of FMR at Camil-Bucutan, Brgy. San Fermin, Caba, La Union",21000000,0.463,2,-6000000,HB 10858 Vol I-B p. 666,GAA-2025 · Department of Agriculture (DA) · Office of the Secretary,,,,not stated,not stated,,False
fmr,2027,HB10858-FMR-0666-006,"Construction of Sitio Dayegdeg, Brgy. Lon-oy FMR, Brgy. Lon-oy, San Gabriel, La Union",15000000,2025,"Concreting of FMR at Brgy. Balaong (Phase II), San Miguel, Bulacan",25000000,0.458,3,-10000000,HB 10858 Vol I-B p. 666,GAA-2025 · Department of Agriculture (DA) · Office of the Secretary,,,,not stated,one side stated,Prior Phase 2 only,False
fmr,2027,HB10858-FMR-0666-007,"Construction of Sitio Sinabugan to Sitio Centro, Brgy. Tio-angan FMR, Brgy. Tio-angan, Bagulin, La Union",15000000,2025,"Concreting of Sitio Dep-ang to Sitio Bilis, Brgy. Santo Tomas FMR Phase III, Brgy. Santo Tomas, Baguio City",10000000,0.586,1,5000000,HB 10858 Vol I-B p. 666,GAA-2025 · Department of Agriculture (DA) · Office of the Secretary,,,,not stated,one side stated,Prior Phase 3 only,False
fmr,2027,HB10858-FMR-0666-007,"Construction of Sitio Sinabugan to Sitio Centro, Brgy. Tio-angan FMR, Brgy. Tio-angan, Bagulin, La Union",15000000,2025,"Concreting of Purok 8 to Sitio Manangahon to Sitio Palo, Brgy. Mate FMR (Phase II), San Francisco, Agusan del Sur",15000000,0.503,2,0,HB 10858 Vol I-B p. 666,GAA-2025 · Department of Agriculture (DA) · Office of the Secretary,,,,not stated,one side stated,Prior Phase 2 only,False
fmr,2027,HB10858-FMR-0666-007,"Construction of Sitio Sinabugan to Sitio Centro, Brgy. Tio-angan FMR, Brgy. Tio-angan, Bagulin, La Union",15000000,2025,"Concreting of FMR at Camil-Bucutan, Brgy. San Fermin, Caba, La Union",21000000,0.474,3,-6000000,HB 10858 Vol I-B p. 666,GAA-2025 · Department of Agriculture (DA) · Office of the Secretary,,,,not stated,not stated,,False
fmr,2027,HB10858-FMR-0666-008,"Construction of Brgy. Alibangsay FMR, Brgy. Alibangsay, Bagulin, La Union",15000000,2025,"Concreting of Brgy. Caluangan FMR (Phase I), Brgy. Caluangan, Magallanes, Cavite",15000000,0.602,1,0,HB 10858 Vol I-B p. 666,GAA-2025 · Department of Agriculture (DA) · Office of the Secretary,,,,not stated,one side stated,Prior Phase 1 only,False
fmr,2027,HB10858-FMR-0666-008,"Construction of Brgy. Alibangsay FMR, Brgy. Alibangsay, Bagulin, La Union",15000000,2025,"Concreting of FMR at Brgy. Malioer, Bayambang, Pangasinan",10000000,0.432,2,5000000,HB 10858 Vol I-B p. 666,GAA-2025 · Department of Agriculture (DA) · Office of the Secretary,,,,not stated,not stated,,False
fmr,2027,HB10858-FMR-0666-008,"Construction of Brgy. Alibangsay FMR, Brgy. Alibangsay, Bagulin, La Union",15000000,2025,"Concreting of FMR at Camil-Bucutan, Brgy. San Fermin, Caba, La Union",21000000,0.429,3,-6000000,HB 10858 Vol I-B p. 666,GAA-2025 · Department of Agriculture (DA) · Office of the Secretary,,,,not stated,not stated,,False
fmr,2027,HB10858-FMR-0666-009,"Construction of Brgy. Banog Norte FMR, Brgy. Banog Norte, Bani, Pangasinan",30000000,2025,"Concreting of FMR at Brgy. Camanang, Urdaneta City, Pangasinan",10000000,0.575,1,20000000,HB 10858 Vol I-B p. 666,GAA-2025 · Department of Agriculture (DA) · Office of the Secretary,,,,not stated,not stated,,False
fmr,2027,HB10858-FMR-0666-009,"Construction of Brgy. Banog Norte FMR, Brgy. Banog Norte, Bani, Pangasinan",30000000,2025,"Concreting of FMR at Brgy. Malioer, Bayambang, Pangasinan",10000000,0.507,2,20000000,HB 10858 Vol I-B p. 666,GAA-2025 · Department of Agriculture (DA) · Office of the Secretary,,,,not stated,not stated,,False
fmr,2027,HB10858-FMR-0666-009,"Construction of Brgy. Banog Norte FMR, Brgy. Banog Norte, Bani, Pangasinan",30000000,2025,"Concreting of FMR at Brgy. Mangayao, Bayambang, Pangasinan",10000000,0.5,3,20000000,HB 10858 Vol I-B p. 666,GAA-2025 · Department of Agriculture (DA) · Office of the Secretary,,,,not stated,not stated,,False
fmr,2027,HB10858-FMR-0666-010,"Construction of Brgy. Gueteb FMR, Brgy. Gueteb, Urbiztondo, Pangasinan",15000000,2025,"Concreting of FMR at Brgy. Camanang, Urdaneta City, Pangasinan",10000000,0.553,1,5000000,HB 10858 Vol I-B p. 666,GAA-2025 · Department of Agriculture (DA) · Office of the Secretary,,,,not stated,not stated,,False
fmr,2027,HB10858-FMR-0666-010,"Construction of Brgy. Gueteb FMR, Brgy. Gueteb, Urbiztondo, Pangasinan",15000000,2025,"Concreting of FMR at Brgy. Mangayao, Bayambang, Pangasinan",10000000,0.528,2,5000000,HB 10858 Vol I-B p. 666,GAA-2025 · Department of Agriculture (DA) · Office of the Secretary,,,,not stated,not stated,,False
fmr,2027,HB10858-FMR-0666-010,"Construction of Brgy. Gueteb FMR, Brgy. Gueteb, Urbiztondo, Pangasinan",15000000,2025,"Concreting of FMR at Brgy. Inirangan, Bayambang, Pangasinan",10000000,0.521,3,5000000,HB 10858 Vol I-B p. 666,GAA-2025 · Department of Agriculture (DA) · Office of the Secretary,,,,not stated,not stated,,False
fmr,2027,HB10858-FMR-0666-011,"Construction of Brgy. Buenlag FMR, Brgy. Buenlag, Mangatarem, Pangasinan",15000000,2025,"Concreting of FMR at Brgy. Mangayao, Bayambang, Pangasinan",10000000,0.595,1,5000000,HB 10858 Vol I-B p. 666,GAA-2025 · Department of Agriculture (DA) · Office of the Secretary,,,,not stated,not stated,,False
fmr,2027,HB10858-FMR-0666-011,"Construction of Brgy. Buenlag FMR, Brgy. Buenlag, Mangatarem, Pangasinan",15000000,2025,"Concreting of FMR at Brgy. Camanang, Urdaneta City, Pangasinan",10000000,0.59,2,5000000,HB 10858 Vol I-B p. 666,GAA-2025 · Department of Agriculture (DA) · Office of the Secretary,,,,not stated,not stated,,False
fmr,2027,HB10858-FMR-0666-011,"Construction of Brgy. Buenlag FMR, Brgy. Buenlag, Mangatarem, Pangasinan",15000000,2025,"Concreting of FMR at Brgy. Inirangan, Bayambang, Pangasinan",10000000,0.587,3,5000000,HB 10858 Vol I-B p. 666,GAA-2025 · Department of Agriculture (DA) · Office of the Secretary,,,,not stated,not stated,,False
fmr,2027,HB10858-FMR-0666-012,"Construction of Brgy. Tobor FMR, Brgy. Tobor, Malasiqui, Pangasinan",15000000,2025,"Concreting of FMR at Brgy. Malioer, Bayambang, Pangasinan",10000000,0.559,1,5000000,HB 10858 Vol I-B p. 666,GAA-2025 · Department of Agriculture (DA) · Office of the Secretary,,,,not stated,not stated,,False
fmr,2027,HB10858-FMR-0666-012,"Construction of Brgy. Tobor FMR, Brgy. Tobor, Malasiqui, Pangasinan",15000000,2025,"Concreting of FMR at Brgy. Turu, Magalang, Pampanga",35000000,0.548,2,-20000000,HB 10858 Vol I-B p. 666,GAA-2025 · Department of Agriculture (DA) · Office of the Secretary,,,,not stated,not stated,,False
fmr,2027,HB10858-FMR-0666-012,"Construction of Brgy. Tobor FMR, Brgy. Tobor, Malasiqui, Pangasinan",15000000,2025,"Concreting of FMR at Brgy. Mangayao, Bayambang, Pangasinan",10000000,0.522,3,5000000,HB 10858 Vol I-B p. 666,GAA-2025 · Department of Agriculture (DA) · Office of the Secretary,,,,not stated,not stated,,False
fmr,2027,HB10858-FMR-0666-013,"Construction of Brgy. Mancup - Brgy. Talibaew FMR, Brgy. Mancup and Brgy. Talibaew, Calasiao, Pangasinan",15000000,2025,"Concreting of FMR at Brgy. Malioer, Bayambang, Pangasinan",10000000,0.529,1,5000000,HB 10858 Vol I-B p. 666,GAA-2025 · Department of Agriculture (DA) · Office of the Secretary,,,,not stated,not stated,,False
fmr,2027,HB10858-FMR-0666-013,"Construction of Brgy. Mancup - Brgy. Talibaew FMR, Brgy. Mancup and Brgy. Talibaew, Calasiao, Pangasinan",15000000,2025,"Concreting of FMR at Brgy. Mangayao, Bayambang, Pangasinan",10000000,0.523,2,5000000,HB 10858 Vol I-B p. 666,GAA-2025 · Department of Agriculture (DA) · Office of the Secretary,,,,not stated,not stated,,False
fmr,2027,HB10858-FMR-0666-013,"Construction of Brgy. Mancup - Brgy. Talibaew FMR, Brgy. Mancup and Brgy. Talibaew, Calasiao, Pangasinan",15000000,2025,"Concreting of FMR at Brgy. Camanang, Urdaneta City, Pangasinan",10000000,0.522,3,5000000,HB 10858 Vol I-B p. 666,GAA-2025 · Department of Agriculture (DA) · Office of the Secretary,,,,not stated,not stated,,False
fmr,2027,HB10858-FMR-0666-014,"Construction of Brgy. Alacan to Brgy. Mabilao FMR, Brgy. Alacan and Brgy. Mabilao, San Fabian, Pangasinan",15000000,2025,"Concreting of FMR at Brgy. Mangayao, Bayambang, Pangasinan",10000000,0.505,1,5000000,HB 10858 Vol I-B p. 666,GAA-2025 · Department of Agriculture (DA) · Office of the Secretary,,,,not stated,not stated,,False
fmr,2027,HB10858-FMR-0666-014,"Construction of Brgy. Alacan to Brgy. Mabilao FMR, Brgy. Alacan and Brgy. Mabilao, San Fabian, Pangasinan",15000000,2025,"Concreting of FMR at Brgy. Camanang, Urdaneta City, Pangasinan",10000000,0.505,2,5000000,HB 10858 Vol I-B p. 666,GAA-2025 · Department of Agriculture (DA) · Office of the Secretary,,,,not stated,not stated,,False
fmr,2027,HB10858-FMR-0666-014,"Construction of Brgy. Alacan to Brgy. Mabilao FMR, Brgy. Alacan and Brgy. Mabilao, San Fabian, Pangasinan",15000000,2025,"Concreting of FMR at Brgy. San Pablo to Brgy. San Agustin, Magalang, Pampanga",35000000,0.5,3,-20000000,HB 10858 Vol I-B p. 666,GAA-2025 · Department of Agriculture (DA) · Office of the Secretary,,,,not stated,not stated,,False
fmr,2027,HB10858-FMR-0666-015,"Construction of Brgy. Gumot to Brgy. Bigbiga FMR, Brgy. Gumot and Brgy. Bigbiga, San Fabian, Pangasinan",15000000,2025,"Concreting of FMR at Brgy. Inirangan, Bayambang, Pangasinan",10000000,0.511,1,5000000,HB 10858 Vol I-B p. 666,GAA-2025 · Department of Agriculture (DA) · Office of the Secretary,,,,not stated,not stated,,False
fmr,2027,HB10858-FMR-0666-015,"Construction of Brgy. Gumot to Brgy. Bigbiga FMR, Brgy. Gumot and Brgy. Bigbiga, San Fabian, Pangasinan",15000000,2025,"Concreting of FMR at Brgy. Malioer, Bayambang, Pangasinan",10000000,0.5,2,5000000,HB 10858 Vol I-B p. 666,GAA-2025 · Department of Agriculture (DA) · Office of the Secretary,,,,not stated,not stated,,False
fmr,2027,HB10858-FMR-0666-015,"Construction of Brgy. Gumot to Brgy. Bigbiga FMR, Brgy. Gumot and Brgy. Bigbiga, San Fabian, Pangasinan",15000000,2025,"Concreting of FMR at Brgy. Mangayao, Bayambang, Pangasinan",10000000,0.494,3,5000000,HB 10858 Vol I-B p. 666,GAA-2025 · Department of Agriculture (DA) · Office of the Secretary,,,,not stated,not stated,,False
fmr,2027,HB10858-FMR-0668-001,"Construction of Brgy. Bobonan - Brgy. Nama - Brgy. Palacpalac FMR, Brgy. Bobonan,",15000000,2025,"Concreting of FMR at Brgy. Paligue, Apalit, Pampanga",25000000,0.419,1,-10000000,HB 10858 Vol I-B p. 668,GAA-2025 · Department of Agriculture (DA) · Office of the Secretary,,,,not stated,not stated,,False
fmr,2027,HB10858-FMR-0668-001,"Construction of Brgy. Bobonan - Brgy. Nama - Brgy. Palacpalac FMR, Brgy. Bobonan,",15000000,2025,"Concreting of Brgy. Mabaca FMR Phase II, Brgy. Mabaca, Balbalan, Kalinga",10000000,0.406,2,5000000,HB 10858 Vol I-B p. 668,GAA-2025 · Department of Agriculture (DA) · Office of the Secretary,,,,not stated,one side stated,Prior Phase 2 only,False
fmr,2027,HB10858-FMR-0668-001,"Construction of Brgy. Bobonan - Brgy. Nama - Brgy. Palacpalac FMR, Brgy. Bobonan,",15000000,2025,"Concreting of FMR at Brgy. Salapungan, Candaba, Pampanga",30000000,0.394,3,-15000000,HB 10858 Vol I-B p. 668,GAA-2025 · Department of Agriculture (DA) · Office of the Secretary,,,,not stated,not stated,,False
fmr,2027,HB10858-FMR-0668-002,"Construction of Brgy. Estanza FMR Phase III, Brgy. Estanza, Lingayen, Pangasinan",5000000,2025,"Concreting of FMR at Brgy. Mangayao, Bayambang, Pangasinan",10000000,0.583,1,-5000000,HB 10858 Vol I-B p. 668,GAA-2025 · Department of Agriculture (DA) · Office of the Secretary,,,,not stated,one side stated,Current Phase 3 only,False
fmr,2027,HB10858-FMR-0668-002,"Construction of Brgy. Estanza FMR Phase III, Brgy. Estanza, Lingayen, Pangasinan",5000000,2025,"Concreting of FMR at Brgy. Inirangan, Bayambang, Pangasinan",10000000,0.575,2,-5000000,HB 10858 Vol I-B p. 668,GAA-2025 · Department of Agriculture (DA) · Office of the Secretary,,,,not stated,one side stated,Current Phase 3 only,False
fmr,2027,HB10858-FMR-0668-002,"Construction of Brgy. Estanza FMR Phase III, Brgy. Estanza, Lingayen, Pangasinan",5000000,2025,"Concreting of FMR at Brgy. Camanang, Urdaneta City, Pangasinan",10000000,0.553,3,-5000000,HB 10858 Vol I-B p. 668,GAA-2025 · Department of Agriculture (DA) · Office of the Secretary,,,,not stated,one side stated,Current Phase 3 only,False
fmr,2027,HB10858-FMR-0668-003,"Construction of Brgy. Parian to Brgy. Pagudpud to Brgy. San Vicente FMR, Brgy. Parian,",30000000,2025,"Concreting of Brgy. Tabason-Sto. Tomas-San Vicente FMR (Phase II), Tagkawayan, Quezon",10000000,0.568,1,20000000,HB 10858 Vol I-B p. 668,GAA-2025 · Department of Agriculture (DA) · Office of the Secretary,,,,not stated,one side stated,Prior Phase 2 only,False
fmr,2027,HB10858-FMR-0668-003,"Construction of Brgy. Parian to Brgy. Pagudpud to Brgy. San Vicente FMR, Brgy. Parian,",30000000,2025,"Concreting of Brgy. Man-ogob FMR Phase II, Brgy. Man-ogob, San Vicente, Camarines Norte",50000000,0.559,2,-20000000,HB 10858 Vol I-B p. 668,GAA-2025 · Department of Agriculture (DA) · Office of the Secretary,,,,not stated,one side stated,Prior Phase 2 only,False
fmr,2027,HB10858-FMR-0668-003,"Construction of Brgy. Parian to Brgy. Pagudpud to Brgy. San Vicente FMR, Brgy. Parian,",30000000,2025,"Concreting of FMR at Brgy. San Pablo to Brgy. San Agustin, Magalang, Pampanga",35000000,0.511,3,-5000000,HB 10858 Vol I-B p. 668,GAA-2025 · Department of Agriculture (DA) · Office of the Secretary,,,,not stated,not stated,,False
fmr,2027,HB10858-FMR-0668-004,"Construction of Brgy. San Vicente FMR, Brgy. San Vicente, Alcala, Pangasinan",15000000,2025,"Concreting of Brgy. San Vicente to Top Bridge FMR (Phase I), Brgy. San Vicente, Jabonga, Agusan Del Norte",45000000,0.631,1,-30000000,HB 10858 Vol I-B p. 668,GAA-2025 · Department of Agriculture (DA) · Office of the Secretary,,,,not stated,one side stated,Prior Phase 1 only,False
fmr,2027,HB10858-FMR-0668-004,"Construction of Brgy. San Vicente FMR, Brgy. San Vicente, Alcala, Pangasinan",15000000,2025,"Concreting of Brgy. Man-ogob FMR Phase II, Brgy. Man-ogob, San Vicente, Camarines Norte",50000000,0.553,2,-35000000,HB 10858 Vol I-B p. 668,GAA-2025 · Department of Agriculture (DA) · Office of the Secretary,,,,not stated,one side stated,Prior Phase 2 only,False
fmr,2027,HB10858-FMR-0668-004,"Construction of Brgy. San Vicente FMR, Brgy. San Vicente, Alcala, Pangasinan",15000000,2025,"Concreting of FMR at Brgy. San Juan, Apalit, Pampanga",25000000,0.521,3,-10000000,HB 10858 Vol I-B p. 668,GAA-2025 · Department of Agriculture (DA) · Office of the Secretary,,,,not stated,not stated,,False
fmr,2027,HB10858-FMR-0668-005,"Construction of Brgy. Luna Weste - Brgy. Concepcion FMR, Brgy. Luna Weste and",10000000,2025,"Concreting of Brgy. Caluangan FMR (Phase I), Brgy. Caluangan, Magallanes, Cavite",15000000,0.494,1,-5000000,HB 10858 Vol I-B p. 668,GAA-2025 · Department of Agriculture (DA) · Office of the Secretary,,,,not stated,one side stated,Prior Phase 1 only,False
fmr,2027,HB10858-FMR-0668-005,"Construction of Brgy. Luna Weste - Brgy. Concepcion FMR, Brgy. Luna Weste and",10000000,2025,"Concreting of Brgy. Caluangan FMR (Phase II), Brgy. Caluangan, Magallanes, Cavite",10000000,0.494,2,0,HB 10858 Vol I-B p. 668,GAA-2025 · Department of Agriculture (DA) · Office of the Secretary,,,,not stated,one side stated,Prior Phase 2 only,False
fmr,2027,HB10858-FMR-0668-005,"Construction of Brgy. Luna Weste - Brgy. Concepcion FMR, Brgy. Luna Weste and",10000000,2025,"Concreting of Brgy. Catacte FMR Brgy. Catacte, Bustos, Bulacan",5000000,0.314,3,5000000,HB 10858 Vol I-B p. 668,GAA-2025 · Department of Agriculture (DA) · Office of the Secretary,,,,not stated,not stated,,False
fmr,2027,HB10858-FMR-0668-006,"Construction of Brgy. Anduyan FMR, Brgy. Anduyan, Tubao, La Union",15000000,2025,"Concreting of FMR at Camil-Bucutan, Brgy. San Fermin, Caba, La Union",21000000,0.526,1,-6000000,HB 10858 Vol I-B p. 668,GAA-2025 · Department of Agriculture (DA) · Office of the Secretary,,,,not stated,not stated,,False
fmr,2027,HB10858-FMR-0668-006,"Construction of Brgy. Anduyan FMR, Brgy. Anduyan, Tubao, La Union",15000000,2025,"Concreting of Brgy. Caluangan FMR (Phase I), Brgy. Caluangan, Magallanes, Cavite",15000000,0.507,2,0,HB 10858 Vol I-B p. 668,GAA-2025 · Department of Agriculture (DA) · Office of the Secretary,,,,not stated,one side stated,Prior Phase 1 only,False
fmr,2027,HB10858-FMR-0668-006,"Construction of Brgy. Anduyan FMR, Brgy. Anduyan, Tubao, La Union",15000000,2025,"Concreting of FMR at Brgy. Inirangan, Bayambang, Pangasinan",10000000,0.471,3,5000000,HB 10858 Vol I-B p. 668,GAA-2025 · Department of Agriculture (DA) · Office of the Secretary,,,,not stated,not stated,,False
fmr,2027,HB10858-FMR-0668-007,"Construction of Sitio Carad, Brgy. Tubburan FMR, Brgy. Tubburan, Bacarra, Ilocos Norte",15000000,2025,"Concreting of FMR at Sitio Malapat, Brgy. Baay, Labo, Camarines Norte",15000000,0.474,1,0,HB 10858 Vol I-B p. 668,GAA-2025 · Department of Agriculture (DA) · Office of the Secretary,,,,not stated,not stated,,False
fmr,2027,HB10858-FMR-0668-007,"Construction of Sitio Carad, Brgy. Tubburan FMR, Brgy. Tubburan, Bacarra, Ilocos Norte",15000000,2025,"Concreting of FMR at Brgy. Binatagan, Basud, Camarines Norte",30000000,0.472,2,-15000000,HB 10858 Vol I-B p. 668,GAA-2025 · Department of Agriculture (DA) · Office of the Secretary,,,,not stated,not stated,,False
fmr,2027,HB10858-FMR-0668-007,"Construction of Sitio Carad, Brgy. Tubburan FMR, Brgy. Tubburan, Bacarra, Ilocos Norte",15000000,2025,"Concreting of Sitio Mainit, Brgy. San Jose FMR Phase 3, Brgy. San Jose, Antipolo City, Rizal",20000000,0.463,3,-5000000,HB 10858 Vol I-B p. 668,GAA-2025 · Department of Agriculture (DA) · Office of the Secretary,,,,not stated,one side stated,Prior Phase 3 only,False
fmr,2027,HB10858-FMR-0668-008,"Construction of Brgy. Macalong FMR, Brgy. Macalong, Asingan, Pangasinan",10000000,2025,"Concreting of FMR at Brgy. Camanang, Urdaneta City, Pangasinan",10000000,0.597,1,0,HB 10858 Vol I-B p. 668,GAA-2025 · Department of Agriculture (DA) · Office of the Secretary,,,,not stated,not stated,,False
fmr,2027,HB10858-FMR-0668-008,"Construction of Brgy. Macalong FMR, Brgy. Macalong, Asingan, Pangasinan",10000000,2025,"Concreting of FMR at Brgy. Mangayao, Bayambang, Pangasinan",10000000,0.575,2,0,HB 10858 Vol I-B p. 668,GAA-2025 · Department of Agriculture (DA) · Office of the Secretary,,,,not stated,not stated,,False
fmr,2027,HB10858-FMR-0668-008,"Construction of Brgy. Macalong FMR, Brgy. Macalong, Asingan, Pangasinan",10000000,2025,"Concreting of Brgy. Caluangan FMR (Phase I), Brgy. Caluangan, Magallanes, Cavite",15000000,0.568,3,-5000000,HB 10858 Vol I-B p. 668,GAA-2025 · Department of Agriculture (DA) · Office of the Secretary,,,,not stated,one side stated,Prior Phase 1 only,False
fmr,2027,HB10858-FMR-0668-009,"Construction of Brgy. Bani FMR, Brgy. Bani, Bacarra, Ilocos Norte",12000000,2025,"Concreting of FMR at Brgy. Binatagan, Basud, Camarines Norte",30000000,0.609,1,-18000000,HB 10858 Vol I-B p. 668,GAA-2025 · Department of Agriculture (DA) · Office of the Secretary,,,,not stated,not stated,,False
fmr,2027,HB10858-FMR-0668-009,"Construction of Brgy. Bani FMR, Brgy. Bani, Bacarra, Ilocos Norte",12000000,2025,"Concreting of Brgy. Man-ogob FMR Phase II, Brgy. Man-ogob, San Vicente, Camarines Norte",50000000,0.53,2,-38000000,HB 10858 Vol I-B p. 668,GAA-2025 · Department of Agriculture (DA) · Office of the Secretary,,,,not stated,one side stated,Prior Phase 2 only,False
fmr,2027,HB10858-FMR-0668-009,"Construction of Brgy. Bani FMR, Brgy. Bani, Bacarra, Ilocos Norte",12000000,2025,"Concreting of Brgy. Maisog FMR Phase II, Brgy. Maisog, San Lorenzo Ruiz, Camarines Norte",50000000,0.524,3,-38000000,HB 10858 Vol I-B p. 668,GAA-2025 · Department of Agriculture (DA) · Office of the Secretary,,,,not stated,one side stated,Prior Phase 2 only,False
fmr,2027,HB10858-FMR-0668-010,"Construction of Brgy. Flores-Brgy. Esperanza FMR, Brgy. Flores and Brgy. Esperanza, Umingan, Pangasinan",10000000,2025,"Concreting of FMR at Brgy. Malioer, Bayambang, Pangasinan",10000000,0.5,1,0,HB 10858 Vol I-B p. 668,GAA-2025 · Department of Agriculture (DA) · Office of the Secretary,,,,not stated,not stated,,False
fmr,2027,HB10858-FMR-0668-010,"Construction of Brgy. Flores-Brgy. Esperanza FMR, Brgy. Flores and Brgy. Esperanza, Umingan, Pangasinan",10000000,2025,"Concreting of FMR at Brgy. Lourdes, Candaba, Pampanga",20000000,0.476,2,-10000000,HB 10858 Vol I-B p. 668,GAA-2025 · Department of Agriculture (DA) · Office of the Secretary,,,,not stated,not stated,,False
fmr,2027,HB10858-FMR-0668-010,"Construction of Brgy. Flores-Brgy. Esperanza FMR, Brgy. Flores and Brgy. Esperanza, Umingan, Pangasinan",10000000,2025,"Concreting of FMR at Brgy. Inirangan, Bayambang, Pangasinan",10000000,0.467,3,0,HB 10858 Vol I-B p. 668,GAA-2025 · Department of Agriculture (DA) · Office of the Secretary,,,,not stated,not stated,,False
fmr,2027,HB10858-FMR-0668-011,"Construction of Brgy. San Lorenzo-Nagbalagan-Malasin-Lanao FMR, Bangui, Ilocos Norte",13500000,2025,"Concreting of Brgy. San Antonio to Brgy. Lugui FMR (Phase II), Brgy. San Antonio and Brgy. Lugui, Labo, Camarines Norte",15000000,0.472,1,-1500000,HB 10858 Vol I-B p. 668,GAA-2025 · Department of Agriculture (DA) · Office of the Secretary,,,,not stated,one side stated,Prior Phase 2 only,False
fmr,2027,HB10858-FMR-0668-011,"Construction of Brgy. San Lorenzo-Nagbalagan-Malasin-Lanao FMR, Bangui, Ilocos Norte",13500000,2025,"Concreting of Brgy. Man-ogob FMR Phase II, Brgy. Man-ogob, San Vicente, Camarines Norte",50000000,0.44,2,-36500000,HB 10858 Vol I-B p. 668,GAA-2025 · Department of Agriculture (DA) · Office of the Secretary,,,,not stated,one side stated,Prior Phase 2 only,False
fmr,2027,HB10858-FMR-0668-011,"Construction of Brgy. San Lorenzo-Nagbalagan-Malasin-Lanao FMR, Bangui, Ilocos Norte",13500000,2025,"Concreting of Brgy. Maisog FMR Phase II, Brgy. Maisog, San Lorenzo Ruiz, Camarines Norte",50000000,0.436,3,-36500000,HB 10858 Vol I-B p. 668,GAA-2025 · Department of Agriculture (DA) · Office of the Secretary,,,,not stated,one side stated,Prior Phase 2 only,False
fmr,2027,HB10858-FMR-0668-012,"Construction of Sitio Utoy, Estancia FMR, Piddig, Ilocos Norte",20000000,2025,"Concreting of Sitio Hulo, Brgy. Biga FMR (Phase II), Brgy. Biga, Lobo, Batangas",24000000,0.568,1,-4000000,HB 10858 Vol I-B p. 668,GAA-2025 · Department of Agriculture (DA) · Office of the Secretary,,,,not stated,one side stated,Prior Phase 2 only,False
fmr,2027,HB10858-FMR-0668-012,"Construction of Sitio Utoy, Estancia FMR, Piddig, Ilocos Norte",20000000,2025,"Concreting of FMR at Sitio Mainay, Brgy. Sta. Ines, San Miguel, Bulacan",20000000,0.483,2,0,HB 10858 Vol I-B p. 668,GAA-2025 · Department of Agriculture (DA) · Office of the Secretary,,,,not stated,not stated,,False
fmr,2027,HB10858-FMR-0668-012,"Construction of Sitio Utoy, Estancia FMR, Piddig, Ilocos Norte",20000000,2025,"Concreting of Sitio Bayawas Brgy. Salvacion FMR Phase III, Brgy. Salvacion, Magallanes, Sorsogon",15000000,0.48,3,5000000,HB 10858 Vol I-B p. 668,GAA-2025 · Department of Agriculture (DA) · Office of the Secretary,,,,not stated,one side stated,Prior Phase 3 only,False
fmr,2027,HB10858-FMR-0668-014,"Construction of Sitio Guiringan FMR, Sta. Maria, Piddig, Ilocos Norte",20000000,2025,"Upgrading/Rehabilitation of FMR at Brgy. Sta. Monica, Hagonoy, Bulacan",15000000,0.494,1,5000000,HB 10858 Vol I-B p. 668,GAA-2025 · Department of Agriculture (DA) · Office of the Secretary,,,,not stated,not stated,,False
fmr,2027,HB10858-FMR-0668-014,"Construction of Sitio Guiringan FMR, Sta. Maria, Piddig, Ilocos Norte",20000000,2025,"Concreting of FMR at Sitio Malapat, Brgy. Baay, Labo, Camarines Norte",15000000,0.478,2,5000000,HB 10858 Vol I-B p. 668,GAA-2025 · Department of Agriculture (DA) · Office of the Secretary,,,,not stated,not stated,,False
fmr,2027,HB10858-FMR-0668-014,"Construction of Sitio Guiringan FMR, Sta. Maria, Piddig, Ilocos Norte",20000000,2025,"Concreting of FMR at Brgy. Binatagan, Basud, Camarines Norte",30000000,0.476,3,-10000000,HB 10858 Vol I-B p. 668,GAA-2025 · Department of Agriculture (DA) · Office of the Secretary,,,,not stated,not stated,,False
fmr,2027,HB10858-FMR-0668-015,"Construction of Brgy. Tanap-Brgy. Nagsurot FMR, Burgos, Ilocos Norte",20000000,2025,"Concreting of Brgy. Man-ogob FMR Phase II, Brgy. Man-ogob, San Vicente, Camarines Norte",50000000,0.529,1,-30000000,HB 10858 Vol I-B p. 668,GAA-2025 · Department of Agriculture (DA) · Office of the Secretary,,,,not stated,one side stated,Prior Phase 2 only,False
fmr,2027,HB10858-FMR-0668-015,"Construction of Brgy. Tanap-Brgy. Nagsurot FMR, Burgos, Ilocos Norte",20000000,2025,"Concreting of Brgy. Maisog FMR Phase II, Brgy. Maisog, San Lorenzo Ruiz, Camarines Norte",50000000,0.455,2,-30000000,HB 10858 Vol I-B p. 668,GAA-2025 · Department of Agriculture (DA) · Office of the Secretary,,,,not stated,one side stated,Prior Phase 2 only,False
fmr,2027,HB10858-FMR-0668-015,"Construction of Brgy. Tanap-Brgy. Nagsurot FMR, Burgos, Ilocos Norte",20000000,2025,"Concreting of Brgy. San Antonio to Brgy. Lugui FMR (Phase II), Brgy. San Antonio and Brgy. Lugui, Labo, Camarines Norte",15000000,0.416,3,5000000,HB 10858 Vol I-B p. 668,GAA-2025 · Department of Agriculture (DA) · Office of the Secretary,,,,not stated,one side stated,Prior Phase 2 only,False
fmr,2027,HB10858-FMR-0668-016,"Construction of Brgy. Buenlag FMR, Calasiao, Pangasinan",20000000,2025,"Concreting of FMR at Brgy. Malioer, Bayambang, Pangasinan",10000000,0.603,1,10000000,HB 10858 Vol I-B p. 668,GAA-2025 · Department of Agriculture (DA) · Office of the Secretary,,,,not stated,not stated,,False
fmr,2027,HB10858-FMR-0668-016,"Construction of Brgy. Buenlag FMR, Calasiao, Pangasinan",20000000,2025,"Concreting of FMR at Brgy. Mangayao, Bayambang, Pangasinan",10000000,0.594,2,10000000,HB 10858 Vol I-B p. 668,GAA-2025 · Department of Agriculture (DA) · Office of the Secretary,,,,not stated,not stated,,False
fmr,2027,HB10858-FMR-0668-016,"Construction of Brgy. Buenlag FMR, Calasiao, Pangasinan",20000000,2025,"Concreting of FMR at Brgy. Camanang, Urdaneta City, Pangasinan",10000000,0.559,3,10000000,HB 10858 Vol I-B p. 668,GAA-2025 · Department of Agriculture (DA) · Office of the Secretary,,,,not stated,not stated,,False
fmr,2027,HB10858-FMR-0668-017,"Construction of Brgy. Cabungaan A FMR, Laoag City, Ilocos Norte",5000000,2025,"Concreting of Brgy. Cabunbata FMR Phase II, Brgy. Cabunbata, Isabela City, Basilan",21000000,0.554,1,-16000000,HB 10858 Vol I-B p. 668,GAA-2025 · Department of Agriculture (DA) · Office of the Secretary,,,,not stated,one side stated,Prior Phase 2 only,False
fmr,2027,HB10858-FMR-0668-017,"Construction of Brgy. Cabungaan A FMR, Laoag City, Ilocos Norte",5000000,2025,"Concreting of Brgy. Tagba-o FMR (Phase II), Brgy. Tagba-o, Cebu City, Cebu",15000000,0.521,2,-10000000,HB 10858 Vol I-B p. 668,GAA-2025 · Department of Agriculture (DA) · Office of the Secretary,,,,not stated,one side stated,Prior Phase 2 only,False
fmr,2027,HB10858-FMR-0668-017,"Construction of Brgy. Cabungaan A FMR, Laoag City, Ilocos Norte",5000000,2025,"Concreting of Brgy. Alangilan FMR Phase II, Brgy. Alangilan, Bacolod City, Negros Occidental",15000000,0.516,3,-10000000,HB 10858 Vol I-B p. 668,GAA-2025 · Department of Agriculture (DA) · Office of the Secretary,,,,not stated,one side stated,Prior Phase 2 only,False
fmr,2027,HB10858-FMR-0668-018,"Construction of Brgy. Gueteb to Brgy. Balangay FMR, Brgy. Gueteb, Urbiztondo, Pangasinan",5000000,2025,"Concreting of FMR at Brgy. Camanang, Urdaneta City, Pangasinan",10000000,0.477,1,-5000000,HB 10858 Vol I-B p. 668,GAA-2025 · Department of Agriculture (DA) · Office of the Secretary,,,,not stated,not stated,,False
fmr,2027,HB10858-FMR-0668-018,"Construction of Brgy. Gueteb to Brgy. Balangay FMR, Brgy. Gueteb, Urbiztondo, Pangasinan",5000000,2025,"Concreting of FMR at Brgy. Mangayao, Bayambang, Pangasinan",10000000,0.476,2,-5000000,HB 10858 Vol I-B p. 668,GAA-2025 · Department of Agriculture (DA) · Office of the Secretary,,,,not stated,not stated,,False
fmr,2027,HB10858-FMR-0668-018,"Construction of Brgy. Gueteb to Brgy. Balangay FMR, Brgy. Gueteb, Urbiztondo, Pangasinan",5000000,2025,"Concreting of FMR at Brgy. Inirangan, Bayambang, Pangasinan",10000000,0.447,3,-5000000,HB 10858 Vol I-B p. 668,GAA-2025 · Department of Agriculture (DA) · Office of the Secretary,,,,not stated,not stated,,False
fmr,2027,HB10858-FMR-0668-019,"Construction of Brgy. Cabungaan B FMR, Laoag City, Ilocos Norte",5000000,2025,"Concreting of Brgy. Cabunbata FMR Phase II, Brgy. Cabunbata, Isabela City, Basilan",21000000,0.554,1,-16000000,HB 10858 Vol I-B p. 668,GAA-2025 · Department of Agriculture (DA) · Office of the Secretary,,,,not stated,one side stated,Prior Phase 2 only,False
fmr,2027,HB10858-FMR-0668-019,"Construction of Brgy. Cabungaan B FMR, Laoag City, Ilocos Norte",5000000,2025,"Concreting of Brgy. Tagba-o FMR (Phase II), Brgy. Tagba-o, Cebu City, Cebu",15000000,0.521,2,-10000000,HB 10858 Vol I-B p. 668,GAA-2025 · Department of Agriculture (DA) · Office of the Secretary,,,,not stated,one side stated,Prior Phase 2 only,False
fmr,2027,HB10858-FMR-0668-019,"Construction of Brgy. Cabungaan B FMR, Laoag City, Ilocos Norte",5000000,2025,"Concreting of Brgy. Alangilan FMR Phase II, Brgy. Alangilan, Bacolod City, Negros Occidental",15000000,0.516,3,-10000000,HB 10858 Vol I-B p. 668,GAA-2025 · Department of Agriculture (DA) · Office of the Secretary,,,,not stated,one side stated,Prior Phase 2 only,False
fmr,2027,HB10858-FMR-0668-020,"Construction of Brgy. Dorongan Linmasangan FMR, Brgy. Dorongan Linmasangan,",5000000,2025,"Concreting of Brgy. Caluangan FMR (Phase I), Brgy. Caluangan, Magallanes, Cavite",15000000,0.512,1,-10000000,HB 10858 Vol I-B p. 668,GAA-2025 · Department of Agriculture (DA) · Office of the Secretary,,,,not stated,one side stated,Prior Phase 1 only,False
fmr,2027,HB10858-FMR-0668-020,"Construction of Brgy. Dorongan Linmasangan FMR, Brgy. Dorongan Linmasangan,",5000000,2025,"Concreting of Brgy. Caluangan FMR (Phase II), Brgy. Caluangan, Magallanes, Cavite",10000000,0.512,2,-5000000,HB 10858 Vol I-B p. 668,GAA-2025 · Department of Agriculture (DA) · Office of the Secretary,,,,not stated,one side stated,Prior Phase 2 only,False
fmr,2027,HB10858-FMR-0668-020,"Construction of Brgy. Dorongan Linmasangan FMR, Brgy. Dorongan Linmasangan,",5000000,2025,"Concreting of FMR at Brgy. Inirangan, Bayambang, Pangasinan",10000000,0.481,3,-5000000,HB 10858 Vol I-B p. 668,GAA-2025 · Department of Agriculture (DA) · Office of the Secretary,,,,not stated,not stated,,False
fmr,2027,HB10858-FMR-0668-021,"Construction of Brgy. Buttong FMR, Brgy. Buttong, Laoag City, Ilocos Norte",8500000,2025,"Concreting of Brgy. Tagpo FMR (Phase II), Brgy, Tagpo, Ligao City, Albay",10000000,0.533,1,-1500000,HB 10858 Vol I-B p. 668,GAA-2025 · Department of Agriculture (DA) · Office of the Secretary,,,,not stated,one side stated,Prior Phase 2 only,False
fmr,2027,HB10858-FMR-0668-021,"Construction of Brgy. Buttong FMR, Brgy. Buttong, Laoag City, Ilocos Norte",8500000,2025,"Concreting of Brgy. Cabunbata FMR Phase II, Brgy. Cabunbata, Isabela City, Basilan",21000000,0.529,2,-12500000,HB 10858 Vol I-B p. 668,GAA-2025 · Department of Agriculture (DA) · Office of the Secretary,,,,not stated,one side stated,Prior Phase 2 only,False
fmr,2027,HB10858-FMR-0668-021,"Construction of Brgy. Buttong FMR, Brgy. Buttong, Laoag City, Ilocos Norte",8500000,2025,"Concreting of Malundon FMR at Brgy. Bulo, Tabuk City, Kalinga",20000000,0.506,3,-11500000,HB 10858 Vol I-B p. 668,GAA-2025 · Department of Agriculture (DA) · Office of the Secretary,,,,not stated,not stated,,False
fmr,2027,HB10858-FMR-0668-022,"Construction of Brgy. Malabobo FMR, Brgy. Malabobo, Mangatarem, Pangasinan",5000000,2025,"Concreting of FMR at Brgy. Mangayao, Bayambang, Pangasinan",10000000,0.632,1,-5000000,HB 10858 Vol I-B p. 668,GAA-2025 · Department of Agriculture (DA) · Office of the Secretary,,,,not stated,not stated,,False
fmr,2027,HB10858-FMR-0668-022,"Construction of Brgy. Malabobo FMR, Brgy. Malabobo, Mangatarem, Pangasinan",5000000,2025,"Concreting of FMR at Brgy. Malioer, Bayambang, Pangasinan",10000000,0.613,2,-5000000,HB 10858 Vol I-B p. 668,GAA-2025 · Department of Agriculture (DA) · Office of the Secretary,,,,not stated,not stated,,False
fmr,2027,HB10858-FMR-0668-022,"Construction of Brgy. Malabobo FMR, Brgy. Malabobo, Mangatarem, Pangasinan",5000000,2025,"Concreting of FMR at Brgy. Camanang, Urdaneta City, Pangasinan",10000000,0.575,3,-5000000,HB 10858 Vol I-B p. 668,GAA-2025 · Department of Agriculture (DA) · Office of the Secretary,,,,not stated,not stated,,False
fmr,2027,HB10858-FMR-0668-023,"Construction of Camangaan - Brgy. 29 FMR, Laoag City, Ilocos Norte",11000000,2025,"Concreting of Brgy. Alangilan FMR Phase II, Brgy. Alangilan, Bacolod City, Negros Occidental",15000000,0.532,1,-4000000,HB 10858 Vol I-B p. 668,GAA-2025 · Department of Agriculture (DA) · Office of the Secretary,,,,not stated,one side stated,Prior Phase 2 only,False
fmr,2027,HB10858-FMR-0668-023,"Construction of Camangaan - Brgy. 29 FMR, Laoag City, Ilocos Norte",11000000,2025,"Concreting of Brgy. Alangilan FMR Phase I, Brgy. Alangilan, Bacolod City",15000000,0.5,2,-4000000,HB 10858 Vol I-B p. 668,GAA-2025 · Department of Agriculture (DA) · Office of the Secretary,,,,not stated,one side stated,Prior Phase 1 only,False
fmr,2027,HB10858-FMR-0668-023,"Construction of Camangaan - Brgy. 29 FMR, Laoag City, Ilocos Norte",11000000,2025,"Concreting of Malundon FMR at Brgy. Bulo, Tabuk City, Kalinga",20000000,0.5,3,-9000000,HB 10858 Vol I-B p. 668,GAA-2025 · Department of Agriculture (DA) · Office of the Secretary,,,,not stated,not stated,,False
fmr,2027,HB10858-FMR-0668-024,"Construction of Brgy. Nagpalanga FMR, Brgy. Nagpalanga, Binmaley, Pangasinan",5000000,2025,"Concreting of Brgy. Caluangan FMR (Phase I), Brgy. Caluangan, Magallanes, Cavite",15000000,0.581,1,-10000000,HB 10858 Vol I-B p. 668,GAA-2025 · Department of Agriculture (DA) · Office of the Secretary,,,,not stated,one side stated,Prior Phase 1 only,False
fmr,2027,HB10858-FMR-0668-024,"Construction of Brgy. Nagpalanga FMR, Brgy. Nagpalanga, Binmaley, Pangasinan",5000000,2025,"Concreting of FMR at Brgy. Camanang, Urdaneta City, Pangasinan",10000000,0.561,2,-5000000,HB 10858 Vol I-B p. 668,GAA-2025 · Department of Agriculture (DA) · Office of the Secretary,,,,not stated,not stated,,False
fmr,2027,HB10858-FMR-0668-024,"Construction of Brgy. Nagpalanga FMR, Brgy. Nagpalanga, Binmaley, Pangasinan",5000000,2025,"Concreting of FMR at Brgy. Inirangan, Bayambang, Pangasinan",10000000,0.532,3,-5000000,HB 10858 Vol I-B p. 668,GAA-2025 · Department of Agriculture (DA) · Office of the Secretary,,,,not stated,not stated,,False
fmr,2027,HB10858-FMR-0668-025,"Construction of Camangaan - Rioeng FMR, Laoag City, Ilocos Norte",20000000,2025,"Concreting of FMR at Brgy. Malativas to Brgy. San Roque, Panabo City, Davao del Norte",100000000,0.51,1,-80000000,HB 10858 Vol I-B p. 668,GAA-2025 · Department of Agriculture (DA) · Office of the Secretary,,,,not stated,not stated,,False
fmr,2027,HB10858-FMR-0668-025,"Construction of Camangaan - Rioeng FMR, Laoag City, Ilocos Norte",20000000,2025,"Concreting of Brgy. Alangilan FMR Phase II, Brgy. Alangilan, Bacolod City, Negros Occidental",15000000,0.51,2,5000000,HB 10858 Vol I-B p. 668,GAA-2025 · Department of Agriculture (DA) · Office of the Secretary,,,,not stated,one side stated,Prior Phase 2 only,False
fmr,2027,HB10858-FMR-0668-025,"Construction of Camangaan - Rioeng FMR, Laoag City, Ilocos Norte",20000000,2025,"Concreting of FMR at Brgy. Camanang, Urdaneta City, Pangasinan",10000000,0.494,3,10000000,HB 10858 Vol I-B p. 668,GAA-2025 · Department of Agriculture (DA) · Office of the Secretary,,,,not stated,not stated,,False
fmr,2027,HB10858-FMR-0668-026,"Construction of Brgy. Macarang FMR, Brgy. Macarang, Mangatarem, Pangasinan",5000000,2025,"Concreting of FMR at Brgy. Malioer, Bayambang, Pangasinan",10000000,0.56,1,-5000000,HB 10858 Vol I-B p. 668,GAA-2025 · Department of Agriculture (DA) · Office of the Secretary,,,,not stated,not stated,,False
fmr,2027,HB10858-FMR-0668-026,"Construction of Brgy. Macarang FMR, Brgy. Macarang, Mangatarem, Pangasinan",5000000,2025,"Concreting of FMR at Brgy. Mangayao, Bayambang, Pangasinan",10000000,0.553,2,-5000000,HB 10858 Vol I-B p. 668,GAA-2025 · Department of Agriculture (DA) · Office of the Secretary,,,,not stated,not stated,,False
fmr,2027,HB10858-FMR-0668-026,"Construction of Brgy. Macarang FMR, Brgy. Macarang, Mangatarem, Pangasinan",5000000,2025,"Concreting of FMR at Brgy. Camanang, Urdaneta City, Pangasinan",10000000,0.55,3,-5000000,HB 10858 Vol I-B p. 668,GAA-2025 · Department of Agriculture (DA) · Office of the Secretary,,,,not stated,not stated,,False
fmr,2027,HB10858-FMR-0668-027,"Construction of Brgy. 29 FMR, Laoag City, Ilocos Norte",10000000,2025,"Concreting of FMR at Brgy. Binatagan, Basud, Camarines Norte",30000000,0.523,1,-20000000,HB 10858 Vol I-B p. 668,GAA-2025 · Department of Agriculture (DA) · Office of the Secretary,,,,not stated,not stated,,False
fmr,2027,HB10858-FMR-0668-027,"Construction of Brgy. 29 FMR, Laoag City, Ilocos Norte",10000000,2025,"Concreting of FMR at Brgy. Malativas to Brgy. San Roque, Panabo City, Davao del Norte",100000000,0.5,2,-90000000,HB 10858 Vol I-B p. 668,GAA-2025 · Department of Agriculture (DA) · Office of the Secretary,,,,not stated,not stated,,False
fmr,2027,HB10858-FMR-0668-027,"Construction of Brgy. 29 FMR, Laoag City, Ilocos Norte",10000000,2025,"Concreting of Brgy. Puey FMR (Phase II), Brgy. Puey, Sagay City, Negros Occidental",15000000,0.5,3,-5000000,HB 10858 Vol I-B p. 668,GAA-2025 · Department of Agriculture (DA) · Office of the Secretary,,,,not stated,one side stated,Prior Phase 2 only,False
fmr,2027,HB10858-FMR-0668-028,"Construction of Brgy. Baug FMR, Brgy. Baug, Urbiztondo, Pangasinan",5000000,2025,"Concreting of FMR at Brgy. Camanang, Urdaneta City, Pangasinan",10000000,0.611,1,-5000000,HB 10858 Vol I-B p. 668,GAA-2025 · Department of Agriculture (DA) · Office of the Secretary,,,,not stated,not stated,,False
fmr,2027,HB10858-FMR-0668-028,"Construction of Brgy. Baug FMR, Brgy. Baug, Urbiztondo, Pangasinan",5000000,2025,"Concreting of FMR at Brgy. Malioer, Bayambang, Pangasinan",10000000,0.537,2,-5000000,HB 10858 Vol I-B p. 668,GAA-2025 · Department of Agriculture (DA) · Office of the Secretary,,,,not stated,not stated,,False
fmr,2027,HB10858-FMR-0668-028,"Construction of Brgy. Baug FMR, Brgy. Baug, Urbiztondo, Pangasinan",5000000,2025,"Concreting of FMR at Brgy. Mangayao, Bayambang, Pangasinan",10000000,0.529,3,-5000000,HB 10858 Vol I-B p. 668,GAA-2025 · Department of Agriculture (DA) · Office of the Secretary,,,,not stated,not stated,,False
fmr,2027,HB10858-FMR-0668-029,"Construction of Pamalian FMR, Brgy. Pila, Laoag City, Ilocos Norte",10000000,2025,"Concreting of Brgy. Alangilan FMR Phase II, Brgy. Alangilan, Bacolod City, Negros Occidental",15000000,0.568,1,-5000000,HB 10858 Vol I-B p. 668,GAA-2025 · Department of Agriculture (DA) · Office of the Secretary,,,,not stated,one side stated,Prior Phase 2 only,False
fmr,2027,HB10858-FMR-0668-029,"Construction of Pamalian FMR, Brgy. Pila, Laoag City, Ilocos Norte",10000000,2025,"Concreting of Brgy. Alangilan FMR Phase I, Brgy. Alangilan, Bacolod City",15000000,0.545,2,-5000000,HB 10858 Vol I-B p. 668,GAA-2025 · Department of Agriculture (DA) · Office of the Secretary,,,,not stated,one side stated,Prior Phase 1 only,False
fmr,2027,HB10858-FMR-0668-029,"Construction of Pamalian FMR, Brgy. Pila, Laoag City, Ilocos Norte",10000000,2025,"Concreting of Brgy. Paglaum to Brgy. Palanog FMR (Phase II), Brgy. Paglaum and Brgy. Palanog, Tacloban City",100000000,0.538,3,-90000000,HB 10858 Vol I-B p. 668,GAA-2025 · Department of Agriculture (DA) · Office of the Secretary,,,,not stated,one side stated,Prior Phase 2 only,False
fmr,2027,HB10858-FMR-0668-030,"Construction of Brgy. Osmeña FMR, Brgy. Osmeña, Basista, Pangasinan",5000000,2025,"Concreting of FMR at Brgy. Malioer, Bayambang, Pangasinan",10000000,0.618,1,-5000000,HB 10858 Vol I-B p. 668,GAA-2025 · Department of Agriculture (DA) · Office of the Secretary,,,,not stated,not stated,,False
fmr,2027,HB10858-FMR-0668-030,"Construction of Brgy. Osmeña FMR, Brgy. Osmeña, Basista, Pangasinan",5000000,2025,"Concreting of FMR at Brgy. Mangayao, Bayambang, Pangasinan",10000000,0.58,2,-5000000,HB 10858 Vol I-B p. 668,GAA-2025 · Department of Agriculture (DA) · Office of the Secretary,,,,not stated,not stated,,False
fmr,2027,HB10858-FMR-0668-030,"Construction of Brgy. Osmeña FMR, Brgy. Osmeña, Basista, Pangasinan",5000000,2025,"Concreting of FMR at Brgy. Camanang, Urdaneta City, Pangasinan",10000000,0.575,3,-5000000,HB 10858 Vol I-B p. 668,GAA-2025 · Department of Agriculture (DA) · Office of the Secretary,,,,not stated,not stated,,False
fmr,2027,HB10858-FMR-0668-031,"Construction of Brgy. 1 San Lorenzo FMR, Laoag City, Ilocos Norte",10000000,2025,"Concreting of Brgy. Maisog FMR Phase II, Brgy. Maisog, San Lorenzo Ruiz, Camarines Norte",50000000,0.527,1,-40000000,HB 10858 Vol I-B p. 668,GAA-2025 · Department of Agriculture (DA) · Office of the Secretary,,,,not stated,one side stated,Prior Phase 2 only,False
fmr,2027,HB10858-FMR-0668-031,"Construction of Brgy. 1 San Lorenzo FMR, Laoag City, Ilocos Norte",10000000,2025,"Concreting of FMR at Brgy. Malativas to Brgy. San Roque, Panabo City, Davao del Norte",100000000,0.463,2,-90000000,HB 10858 Vol I-B p. 668,GAA-2025 · Department of Agriculture (DA) · Office of the Secretary,,,,not stated,not stated,,False
fmr,2027,HB10858-FMR-0668-031,"Construction of Brgy. 1 San Lorenzo FMR, Laoag City, Ilocos Norte",10000000,2025,"Concreting of Sitio Mainit, Brgy. San Jose FMR Phase 3, Brgy. San Jose, Antipolo City, Rizal",20000000,0.463,3,-10000000,HB 10858 Vol I-B p. 668,GAA-2025 · Department of Agriculture (DA) · Office of the Secretary,,,,not stated,one side stated,Prior Phase 3 only,False
fmr,2027,HB10858-FMR-0668-032,"Construction of Brgy. Tampac FMR, Brgy. Tampac, Aguilar, Pangasinan",5000000,2025,"Concreting of Brgy. Mabaca FMR Phase II, Brgy. Mabaca, Balbalan, Kalinga",10000000,0.571,1,-5000000,HB 10858 Vol I-B p. 668,GAA-2025 · Department of Agriculture (DA) · Office of the Secretary,,,,not stated,one side stated,Prior Phase 2 only,False
fmr,2027,HB10858-FMR-0668-032,"Construction of Brgy. Tampac FMR, Brgy. Tampac, Aguilar, Pangasinan",5000000,2025,"Concreting of FMR at Brgy. Malioer, Bayambang, Pangasinan",10000000,0.559,2,-5000000,HB 10858 Vol I-B p. 668,GAA-2025 · Department of Agriculture (DA) · Office of the Secretary,,,,not stated,not stated,,False
fmr,2027,HB10858-FMR-0668-032,"Construction of Brgy. Tampac FMR, Brgy. Tampac, Aguilar, Pangasinan",5000000,2025,"Concreting of FMR at Brgy. Mangayao, Bayambang, Pangasinan",10000000,0.551,3,-5000000,HB 10858 Vol I-B p. 668,GAA-2025 · Department of Agriculture (DA) · Office of the Secretary,,,,not stated,not stated,,False
fmr,2027,HB10858-FMR-0668-033,"Construction of Brgy. 25 Santa Cayetana FMR, Laoag City, Ilocos Norte",10000000,2025,"Concreting of FMR at Brgy. Santor, Tanauan City, Batangas",20000000,0.468,1,-10000000,HB 10858 Vol I-B p. 668,GAA-2025 · Department of Agriculture (DA) · Office of the Secretary,,,,not stated,not stated,,False
fmr,2027,HB10858-FMR-0668-033,"Construction of Brgy. 25 Santa Cayetana FMR, Laoag City, Ilocos Norte",10000000,2025,"Concreting of FMR at Brgy. Malativas to Brgy. San Roque, Panabo City, Davao del Norte",100000000,0.465,2,-90000000,HB 10858 Vol I-B p. 668,GAA-2025 · Department of Agriculture (DA) · Office of the Secretary,,,,not stated,not stated,,False
fmr,2027,HB10858-FMR-0668-033,"Construction of Brgy. 25 Santa Cayetana FMR, Laoag City, Ilocos Norte",10000000,2025,"Concreting of Brgy. Alangilan FMR Phase II, Brgy. Alangilan, Bacolod City, Negros Occidental",15000000,0.465,3,-5000000,HB 10858 Vol I-B p. 668,GAA-2025 · Department of Agriculture (DA) · Office of the Secretary,,,,not stated,one side stated,Prior Phase 2 only,False
fmr,2027,HB10858-FMR-0668-034,"Construction of Brgy. Bocacliw FMR, Brgy. Bocacliw, Aguilar, Pangasinan",5000000,2025,"Concreting of FMR at Brgy. Malioer, Bayambang, Pangasinan",10000000,0.583,1,-5000000,HB 10858 Vol I-B p. 668,GAA-2025 · Department of Agriculture (DA) · Office of the Secretary,,,,not stated,not stated,,False
fmr,2027,HB10858-FMR-0668-034,"Construction of Brgy. Bocacliw FMR, Brgy. Bocacliw, Aguilar, Pangasinan",5000000,2025,"Concreting of FMR at Brgy. Escaler Road (Phase II), Magalang, Pampanga",35000000,0.522,2,-30000000,HB 10858 Vol I-B p. 668,GAA-2025 · Department of Agriculture (DA) · Office of the Secretary,,,,not stated,one side stated,Prior Phase 2 only,False
fmr,2027,HB10858-FMR-0668-034,"Construction of Brgy. Bocacliw FMR, Brgy. Bocacliw, Aguilar, Pangasinan",5000000,2025,"Concreting of FMR at Brgy. Mangayao, Bayambang, Pangasinan",10000000,0.521,3,-5000000,HB 10858 Vol I-B p. 668,GAA-2025 · Department of Agriculture (DA) · Office of the Secretary,,,,not stated,not stated,,False
fmr,2027,HB10858-FMR-0670-001,"Construction of Brgy. 27 FMR, Laoag City, Ilocos Norte",10000000,2025,"Concreting of FMR at Brgy. Binatagan, Basud, Camarines Norte",30000000,0.523,1,-20000000,HB 10858 Vol I-B p. 670,GAA-2025 · Department of Agriculture (DA) · Office of the Secretary,,,,not stated,not stated,,False
fmr,2027,HB10858-FMR-0670-001,"Construction of Brgy. 27 FMR, Laoag City, Ilocos Norte",10000000,2025,"Concreting of FMR at Brgy. Malativas to Brgy. San Roque, Panabo City, Davao del Norte",100000000,0.5,2,-90000000,HB 10858 Vol I-B p. 670,GAA-2025 · Department of Agriculture (DA) · Office of the Secretary,,,,not stated,not stated,,False
fmr,2027,HB10858-FMR-0670-001,"Construction of Brgy. 27 FMR, Laoag City, Ilocos Norte",10000000,2025,"Concreting of Brgy. Puey FMR (Phase II), Brgy. Puey, Sagay City, Negros Occidental",15000000,0.5,3,-5000000,HB 10858 Vol I-B p. 670,GAA-2025 · Department of Agriculture (DA) · Office of the Secretary,,,,not stated,one side stated,Prior Phase 2 only,False
fmr,2027,HB10858-FMR-0670-002,"Construction of Brgy. Tarrag Hardin FMR, Brgy. Tarrag, Pagudpud, Ilocos Norte",20000000,2025,"Concreting of FMR at Brgy. Binatagan, Basud, Camarines Norte",30000000,0.494,1,-10000000,HB 10858 Vol I-B p. 670,GAA-2025 · Department of Agriculture (DA) · Office of the Secretary,,,,not stated,not stated,,False
fmr,2027,HB10858-FMR-0670-002,"Construction of Brgy. Tarrag Hardin FMR, Brgy. Tarrag, Pagudpud, Ilocos Norte",20000000,2025,"Concreting of Brgy. San Vicente to Top Bridge FMR (Phase I), Brgy. San Vicente, Jabonga, Agusan Del Norte",45000000,0.411,2,-25000000,HB 10858 Vol I-B p. 670,GAA-2025 · Department of Agriculture (DA) · Office of the Secretary,,,,not stated,one side stated,Prior Phase 1 only,False
fmr,2027,HB10858-FMR-0670-002,"Construction of Brgy. Tarrag Hardin FMR, Brgy. Tarrag, Pagudpud, Ilocos Norte",20000000,2025,"Concreting of FMR at Brgy. Malativas to Brgy. San Roque, Panabo City, Davao del Norte",100000000,0.38,3,-80000000,HB 10858 Vol I-B p. 670,GAA-2025 · Department of Agriculture (DA) · Office of the Secretary,,,,not stated,not stated,,False
fmr,2027,HB10858-FMR-0670-003,"Construction of Brgy. Tarrag San Miguel FMR, Brgy. Tarrag, Pagudpud, Ilocos Norte",16000000,2025,"Concreting of FMR at Brgy. Tartaro, San Miguel, Bulacan",20000000,0.475,1,-4000000,HB 10858 Vol I-B p. 670,GAA-2025 · Department of Agriculture (DA) · Office of the Secretary,,,,not stated,not stated,,False
fmr,2027,HB10858-FMR-0670-003,"Construction of Brgy. Tarrag San Miguel FMR, Brgy. Tarrag, Pagudpud, Ilocos Norte",16000000,2025,"Concreting of FMR at Brgy. Sapang, San Miguel, Bulacan",20000000,0.456,2,-4000000,HB 10858 Vol I-B p. 670,GAA-2025 · Department of Agriculture (DA) · Office of the Secretary,,,,not stated,not stated,,False
fmr,2027,HB10858-FMR-0670-003,"Construction of Brgy. Tarrag San Miguel FMR, Brgy. Tarrag, Pagudpud, Ilocos Norte",16000000,2025,"Concreting of FMR at Brgy. Balaong (Phase II), San Miguel, Bulacan",25000000,0.45,3,-9000000,HB 10858 Vol I-B p. 670,GAA-2025 · Department of Agriculture (DA) · Office of the Secretary,,,,not stated,one side stated,Prior Phase 2 only,False
fmr,2027,HB10858-FMR-0670-004,"Construction of Brgy. 40 Balatong FMR, Laoag City, Ilocos Norte",10000000,2025,"Concreting of FMR at Brgy. Malativas to Brgy. San Roque, Panabo City, Davao del Norte",100000000,0.538,1,-90000000,HB 10858 Vol I-B p. 670,GAA-2025 · Department of Agriculture (DA) · Office of the Secretary,,,,not stated,not stated,,False
fmr,2027,HB10858-FMR-0670-004,"Construction of Brgy. 40 Balatong FMR, Laoag City, Ilocos Norte",10000000,2025,"Concreting of Brgy. Alangilan FMR Phase II, Brgy. Alangilan, Bacolod City, Negros Occidental",15000000,0.516,2,-5000000,HB 10858 Vol I-B p. 670,GAA-2025 · Department of Agriculture (DA) · Office of the Secretary,,,,not stated,one side stated,Prior Phase 2 only,False
fmr,2027,HB10858-FMR-0670-004,"Construction of Brgy. 40 Balatong FMR, Laoag City, Ilocos Norte",10000000,2025,"Concreting of Malundon FMR at Brgy. Bulo, Tabuk City, Kalinga",20000000,0.507,3,-10000000,HB 10858 Vol I-B p. 670,GAA-2025 · Department of Agriculture (DA) · Office of the Secretary,,,,not stated,not stated,,False
fmr,2027,HB10858-FMR-0670-005,"Construction of Cadaanan West FMR, Brgy. Pancian, Pagudpud, Ilocos Norte",10000000,2025,"Concreting of FMR at Brgy. Binatagan, Basud, Camarines Norte",30000000,0.488,1,-20000000,HB 10858 Vol I-B p. 670,GAA-2025 · Department of Agriculture (DA) · Office of the Secretary,,,,not stated,not stated,,False
fmr,2027,HB10858-FMR-0670-005,"Construction of Cadaanan West FMR, Brgy. Pancian, Pagudpud, Ilocos Norte",10000000,2025,"Concreting of Brgy. Man-ogob FMR Phase II, Brgy. Man-ogob, San Vicente, Camarines Norte",50000000,0.458,2,-40000000,HB 10858 Vol I-B p. 670,GAA-2025 · Department of Agriculture (DA) · Office of the Secretary,,,,not stated,one side stated,Prior Phase 2 only,False
fmr,2027,HB10858-FMR-0670-005,"Construction of Cadaanan West FMR, Brgy. Pancian, Pagudpud, Ilocos Norte",10000000,2025,"Concreting of Brgy. Maisog FMR Phase II, Brgy. Maisog, San Lorenzo Ruiz, Camarines Norte",50000000,0.454,3,-40000000,HB 10858 Vol I-B p. 670,GAA-2025 · Department of Agriculture (DA) · Office of the Secretary,,,,not stated,one side stated,Prior Phase 2 only,False
fmr,2027,HB10858-FMR-0670-006,"Construction of Brgy. 41 Balacad FMR, Laoag City, Ilocos Norte",10000000,2025,"Concreting of Brgy. Alangilan FMR Phase II, Brgy. Alangilan, Bacolod City, Negros Occidental",15000000,0.5,1,-5000000,HB 10858 Vol I-B p. 670,GAA-2025 · Department of Agriculture (DA) · Office of the Secretary,,,,not stated,one side stated,Prior Phase 2 only,False
fmr,2027,HB10858-FMR-0670-006,"Construction of Brgy. 41 Balacad FMR, Laoag City, Ilocos Norte",10000000,2025,"Concreting of Malundon FMR at Brgy. Bulo, Tabuk City, Kalinga",20000000,0.486,2,-10000000,HB 10858 Vol I-B p. 670,GAA-2025 · Department of Agriculture (DA) · Office of the Secretary,,,,not stated,not stated,,False
fmr,2027,HB10858-FMR-0670-006,"Construction of Brgy. 41 Balacad FMR, Laoag City, Ilocos Norte",10000000,2025,"Concreting of Brgy. Granada FMR Phase II, Brgy. Granada, Bacolod City, Negros Occidental",15000000,0.477,3,-5000000,HB 10858 Vol I-B p. 670,GAA-2025 · Department of Agriculture (DA) · Office of the Secretary,,,,not stated,one side stated,Prior Phase 2 only,False
fmr,2027,HB10858-FMR-0670-007,"Construction of Caparispisan FMR, Brgy. Caparispisan, Pagudpud, Ilocos Norte",10000000,2025,"Concreting of Brgy. Maisog FMR Phase II, Brgy. Maisog, San Lorenzo Ruiz, Camarines Norte",50000000,0.495,1,-40000000,HB 10858 Vol I-B p. 670,GAA-2025 · Department of Agriculture (DA) · Office of the Secretary,,,,not stated,one side stated,Prior Phase 2 only,False
fmr,2027,HB10858-FMR-0670-007,"Construction of Caparispisan FMR, Brgy. Caparispisan, Pagudpud, Ilocos Norte",10000000,2025,"Concreting of Brgy. San Antonio to Brgy. Lugui FMR (Phase II), Brgy. San Antonio and Brgy. Lugui, Labo, Camarines Norte",15000000,0.421,2,-5000000,HB 10858 Vol I-B p. 670,GAA-2025 · Department of Agriculture (DA) · Office of the Secretary,,,,not stated,one side stated,Prior Phase 2 only,False
fmr,2027,HB10858-FMR-0670-007,"Construction of Caparispisan FMR, Brgy. Caparispisan, Pagudpud, Ilocos Norte",10000000,2025,"Concreting of Brgy. Man-ogob FMR Phase II, Brgy. Man-ogob, San Vicente, Camarines Norte",50000000,0.42,3,-40000000,HB 10858 Vol I-B p. 670,GAA-2025 · Department of Agriculture (DA) · Office of the Secretary,,,,not stated,one side stated,Prior Phase 2 only,False
fmr,2027,HB10858-FMR-0670-008,"Construction of Zamboanga - Cavit FMR, Brgy. Zamboanga and Brgy. Cavit, Laoag City, Ilocos Norte",7000000,2025,"Concreting of FMR at Mantaha Road, Brgy. Buenavista, Zamboanga City",15000000,0.5,1,-8000000,HB 10858 Vol I-B p. 670,GAA-2025 · Department of Agriculture (DA) · Office of the Secretary,,,,not stated,not stated,,False
fmr,2027,HB10858-FMR-0670-008,"Construction of Zamboanga - Cavit FMR, Brgy. Zamboanga and Brgy. Cavit, Laoag City, Ilocos Norte",7000000,2025,"Concreting of Brgy. Cabunbata FMR Phase II, Brgy. Cabunbata, Isabela City, Basilan",21000000,0.485,2,-14000000,HB 10858 Vol I-B p. 670,GAA-2025 · Department of Agriculture (DA) · Office of the Secretary,,,,not stated,one side stated,Prior Phase 2 only,False
fmr,2027,HB10858-FMR-0670-008,"Construction of Zamboanga - Cavit FMR, Brgy. Zamboanga and Brgy. Cavit, Laoag City, Ilocos Norte",7000000,2025,"Concreting of Brgy. Alangilan FMR Phase I, Brgy. Alangilan, Bacolod City",15000000,0.484,3,-8000000,HB 10858 Vol I-B p. 670,GAA-2025 · Department of Agriculture (DA) · Office of the Secretary,,,,not stated,one side stated,Prior Phase 1 only,False
fmr,2027,HB10858-FMR-0670-009,"Construction of Brgy. 30-B Santa Maria FMR, Laoag City, Ilocos Norte",20000000,2025,"Concreting of Brgy. Granada FMR Phase II, Brgy. Granada, Bacolod City, Negros Occidental",15000000,0.468,1,5000000,HB 10858 Vol I-B p. 670,GAA-2025 · Department of Agriculture (DA) · Office of the Secretary,,,,not stated,one side stated,Prior Phase 2 only,False
fmr,2027,HB10858-FMR-0670-009,"Construction of Brgy. 30-B Santa Maria FMR, Laoag City, Ilocos Norte",20000000,2025,"Concreting of Brgy. Tagba-o FMR (Phase II), Brgy. Tagba-o, Cebu City, Cebu",15000000,0.462,2,5000000,HB 10858 Vol I-B p. 670,GAA-2025 · Department of Agriculture (DA) · Office of the Secretary,,,,not stated,one side stated,Prior Phase 2 only,False
fmr,2027,HB10858-FMR-0670-009,"Construction of Brgy. 30-B Santa Maria FMR, Laoag City, Ilocos Norte",20000000,2025,"Concreting of Brgy. Cabunbata FMR Phase II, Brgy. Cabunbata, Isabela City, Basilan",21000000,0.455,3,-1000000,HB 10858 Vol I-B p. 670,GAA-2025 · Department of Agriculture (DA) · Office of the Secretary,,,,not stated,one side stated,Prior Phase 2 only,False
fmr,2027,HB10858-FMR-0670-010,"Construction of Brgy. San Juan FMR (Eda and Mauemel Section), San Juan,",5000000,2025,"Concreting of Brgy. Balaong FMR (Phase I), Brgy. Balaong, San Miguel, Bulacan",5000000,0.481,1,0,HB 10858 Vol I-B p. 670,GAA-2025 · Department of Agriculture (DA) · Office of the Secretary,,,,not stated,one side stated,Prior Phase 1 only,False
fmr,2027,HB10858-FMR-0670-010,"Construction of Brgy. San Juan FMR (Eda and Mauemel Section), San Juan,",5000000,2025,"Concreting of FMR at Brgy. Lambakin, San Miguel, Bulacan",20000000,0.472,2,-15000000,HB 10858 Vol I-B p. 670,GAA-2025 · Department of Agriculture (DA) · Office of the Secretary,,,,not stated,not stated,,False
fmr,2027,HB10858-FMR-0670-010,"Construction of Brgy. San Juan FMR (Eda and Mauemel Section), San Juan,",5000000,2025,"Concreting of Brgy. Bagong Barrio FMR Phase I, Brgy. Bagong Barrio, San Ildefonso, Bulacan",15000000,0.468,3,-10000000,HB 10858 Vol I-B p. 670,GAA-2025 · Department of Agriculture (DA) · Office of the Secretary,,,,not stated,one side stated,Prior Phase 1 only,False
fmr,2027,HB10858-FMR-0670-011,"Construction of Brgy. 36 Araniw FMR, Laoag City, Ilocos Norte",5000000,2025,"Concreting of Brgy. Alangilan FMR Phase II, Brgy. Alangilan, Bacolod City, Negros Occidental",15000000,0.505,1,-10000000,HB 10858 Vol I-B p. 670,GAA-2025 · Department of Agriculture (DA) · Office of the Secretary,,,,not stated,one side stated,Prior Phase 2 only,False
fmr,2027,HB10858-FMR-0670-011,"Construction of Brgy. 36 Araniw FMR, Laoag City, Ilocos Norte",5000000,2025,"Concreting of Brgy. Granada FMR Phase II, Brgy. Granada, Bacolod City, Negros Occidental",15000000,0.483,2,-10000000,HB 10858 Vol I-B p. 670,GAA-2025 · Department of Agriculture (DA) · Office of the Secretary,,,,not stated,one side stated,Prior Phase 2 only,False
fmr,2027,HB10858-FMR-0670-011,"Construction of Brgy. 36 Araniw FMR, Laoag City, Ilocos Norte",5000000,2025,"Concreting of FMR at Brgy. Binatagan, Basud, Camarines Norte",30000000,0.472,3,-25000000,HB 10858 Vol I-B p. 670,GAA-2025 · Department of Agriculture (DA) · Office of the Secretary,,,,not stated,not stated,,False
fmr,2027,HB10858-FMR-0670-012,"Construction of Brgy. 51-A Nangalisan East FMR, Laoag City, Ilocos Norte",5000000,2025,"Concreting of FMR at Brgy. Malativas to Brgy. San Roque, Panabo City, Davao del Norte",100000000,0.49,1,-95000000,HB 10858 Vol I-B p. 670,GAA-2025 · Department of Agriculture (DA) · Office of the Secretary,,,,not stated,not stated,,False
fmr,2027,HB10858-FMR-0670-012,"Construction of Brgy. 51-A Nangalisan East FMR, Laoag City, Ilocos Norte",5000000,2025,"Concreting of Brgy. Alangilan FMR Phase I, Brgy. Alangilan, Bacolod City",15000000,0.476,2,-10000000,HB 10858 Vol I-B p. 670,GAA-2025 · Department of Agriculture (DA) · Office of the Secretary,,,,not stated,one side stated,Prior Phase 1 only,False
fmr,2027,HB10858-FMR-0670-012,"Construction of Brgy. 51-A Nangalisan East FMR, Laoag City, Ilocos Norte",5000000,2025,"Concreting of FMR at Brgy. Inayangan, Calinan District, Davao City",20000000,0.472,3,-15000000,HB 10858 Vol I-B p. 670,GAA-2025 · Department of Agriculture (DA) · Office of the Secretary,,,,not stated,not stated,,False
fmr,2027,HB10858-FMR-0670-013,"Construction of Brgy. Sta. Matilde FMR (Bareng, Yanos, Agagamang Section), Brgy. Sta. Matilde, Pasuquin, Ilocos Norte",5000000,2025,"Concreting of Brgy. San Vicente to Top Bridge FMR (Phase I), Brgy. San Vicente, Jabonga, Agusan Del Norte",45000000,0.438,1,-40000000,HB 10858 Vol I-B p. 670,GAA-2025 · Department of Agriculture (DA) · Office of the Secretary,,,,not stated,one side stated,Prior Phase 1 only,False
fmr,2027,HB10858-FMR-0670-013,"Construction of Brgy. Sta. Matilde FMR (Bareng, Yanos, Agagamang Section), Brgy. Sta. Matilde, Pasuquin, Ilocos Norte",5000000,2025,"Concreting of Brgy. Maisog FMR Phase II, Brgy. Maisog, San Lorenzo Ruiz, Camarines Norte",50000000,0.4,2,-45000000,HB 10858 Vol I-B p. 670,GAA-2025 · Department of Agriculture (DA) · Office of the Secretary,,,,not stated,one side stated,Prior Phase 2 only,False
fmr,2027,HB10858-FMR-0670-013,"Construction of Brgy. Sta. Matilde FMR (Bareng, Yanos, Agagamang Section), Brgy. Sta. Matilde, Pasuquin, Ilocos Norte",5000000,2025,"Concreting of FMR at Jct. Tagum- Panabo Circus Road to Sitio Maguintalunan, New Visayas, Sto. Tomas, Davao del Norte",100000000,0.393,3,-95000000,HB 10858 Vol I-B p. 670,GAA-2025 · Department of Agriculture (DA) · Office of the Secretary,,,,not stated,not stated,,False
fmr,2027,HB10858-FMR-0670-014,"Construction of Brgy. 54-A Lagui-Sail FMR, Laoag City, Ilocos Norte",20000000,2025,"Concreting of Brgy. Alangilan FMR Phase II, Brgy. Alangilan, Bacolod City, Negros Occidental",15000000,0.515,1,5000000,HB 10858 Vol I-B p. 670,GAA-2025 · Department of Agriculture (DA) · Office of the Secretary,,,,not stated,one side stated,Prior Phase 2 only,False
fmr,2027,HB10858-FMR-0670-014,"Construction of Brgy. 54-A Lagui-Sail FMR, Laoag City, Ilocos Norte",20000000,2025,"Concreting of Brgy. Alangilan FMR Phase I, Brgy. Alangilan, Bacolod City",15000000,0.481,2,5000000,HB 10858 Vol I-B p. 670,GAA-2025 · Department of Agriculture (DA) · Office of the Secretary,,,,not stated,one side stated,Prior Phase 1 only,False
fmr,2027,HB10858-FMR-0670-014,"Construction of Brgy. 54-A Lagui-Sail FMR, Laoag City, Ilocos Norte",20000000,2025,"Concreting of Malundon FMR at Brgy. Bulo, Tabuk City, Kalinga",20000000,0.456,3,0,HB 10858 Vol I-B p. 670,GAA-2025 · Department of Agriculture (DA) · Office of the Secretary,,,,not stated,not stated,,False
fmr,2027,HB10858-FMR-0670-015,"Construction of Sitio Cabaruan Road FMR, Nagsanga, Pasuquin, Ilocos Norte",15000000,2025,"Concreting of Sitio Malaya FMR at Brgy. Aningway Subic, Zambales",15000000,0.562,1,0,HB 10858 Vol I-B p. 670,GAA-2025 · Department of Agriculture (DA) · Office of the Secretary,,,,not stated,not stated,,False
fmr,2027,HB10858-FMR-0670-015,"Construction of Sitio Cabaruan Road FMR, Nagsanga, Pasuquin, Ilocos Norte",15000000,2025,"Concreting of FMR at Brgy. Binatagan, Basud, Camarines Norte",30000000,0.524,2,-15000000,HB 10858 Vol I-B p. 670,GAA-2025 · Department of Agriculture (DA) · Office of the Secretary,,,,not stated,not stated,,False
fmr,2027,HB10858-FMR-0670-015,"Construction of Sitio Cabaruan Road FMR, Nagsanga, Pasuquin, Ilocos Norte",15000000,2025,"Concreting of FMR at Sitio Mambala, Brgy. Licomo, Zamboanga City",15000000,0.477,3,0,HB 10858 Vol I-B p. 670,GAA-2025 · Department of Agriculture (DA) · Office of the Secretary,,,,not stated,not stated,,False
fmr,2027,HB10858-FMR-0670-016,"Construction of Brgy. 55-B Salet-Bulangon FMR, Laoag City, Ilocos Norte",20000000,2025,"Concreting of Malundon FMR at Brgy. Bulo, Tabuk City, Kalinga",20000000,0.506,1,0,HB 10858 Vol I-B p. 670,GAA-2025 · Department of Agriculture (DA) · Office of the Secretary,,,,not stated,not stated,,False
fmr,2027,HB10858-FMR-0670-016,"Construction of Brgy. 55-B Salet-Bulangon FMR, Laoag City, Ilocos Norte",20000000,2025,"Concreting of Brgy. Alangilan FMR Phase II, Brgy. Alangilan, Bacolod City, Negros Occidental",15000000,0.495,2,5000000,HB 10858 Vol I-B p. 670,GAA-2025 · Department of Agriculture (DA) · Office of the Secretary,,,,not stated,one side stated,Prior Phase 2 only,False
fmr,2027,HB10858-FMR-0670-016,"Construction of Brgy. 55-B Salet-Bulangon FMR, Laoag City, Ilocos Norte",20000000,2025,"Concreting of Brgy. Alangilan FMR Phase I, Brgy. Alangilan, Bacolod City",15000000,0.458,3,5000000,HB 10858 Vol I-B p. 670,GAA-2025 · Department of Agriculture (DA) · Office of the Secretary,,,,not stated,one side stated,Prior Phase 1 only,False
fmr,2027,HB10858-FMR-0670-017,"Construction of Purok 3, Brgy. Pangil FMR, Brgy. Pangil, Pasuquin, Ilocos Norte",15000000,2025,"Concreting of Brgy. Man-ogob FMR Phase II, Brgy. Man-ogob, San Vicente, Camarines Norte",50000000,0.479,1,-35000000,HB 10858 Vol I-B p. 670,GAA-2025 · Department of Agriculture (DA) · Office of the Secretary,,,,not stated,one side stated,Prior Phase 2 only,False
fmr,2027,HB10858-FMR-0670-017,"Construction of Purok 3, Brgy. Pangil FMR, Brgy. Pangil, Pasuquin, Ilocos Norte",15000000,2025,"Concreting of FMR at Brgy. Binatagan, Basud, Camarines Norte",30000000,0.463,2,-15000000,HB 10858 Vol I-B p. 670,GAA-2025 · Department of Agriculture (DA) · Office of the Secretary,,,,not stated,not stated,,False
fmr,2027,HB10858-FMR-0670-017,"Construction of Purok 3, Brgy. Pangil FMR, Brgy. Pangil, Pasuquin, Ilocos Norte",15000000,2025,"Concreting of Purok 2, Brgy. Cansinala FMR (Phase I), Brgy. Cansinala, Apalit, Pampanga",15000000,0.447,3,0,HB 10858 Vol I-B p. 670,GAA-2025 · Department of Agriculture (DA) · Office of the Secretary,,,,not stated,one side stated,Prior Phase 1 only,False
fmr,2027,HB10858-FMR-0670-018,"Construction of Brgy. 56-A Bacsil North FMR, Laoag City, Ilocos Norte",5000000,2025,"Concreting of Brgy. Calamagui North FMR Phase II, Brgy. Calamagui North, Santa Maria, Isabela",10000000,0.5,1,-5000000,HB 10858 Vol I-B p. 670,GAA-2025 · Department of Agriculture (DA) · Office of the Secretary,,,,not stated,one side stated,Prior Phase 2 only,False
fmr,2027,HB10858-FMR-0670-018,"Construction of Brgy. 56-A Bacsil North FMR, Laoag City, Ilocos Norte",5000000,2025,"Concreting of Brgy. Alangilan FMR Phase II, Brgy. Alangilan, Bacolod City, Negros Occidental",15000000,0.485,2,-10000000,HB 10858 Vol I-B p. 670,GAA-2025 · Department of Agriculture (DA) · Office of the Secretary,,,,not stated,one side stated,Prior Phase 2 only,False
fmr,2027,HB10858-FMR-0670-018,"Construction of Brgy. 56-A Bacsil North FMR, Laoag City, Ilocos Norte",5000000,2025,"Concreting of Malundon FMR at Brgy. Bulo, Tabuk City, Kalinga",20000000,0.469,3,-15000000,HB 10858 Vol I-B p. 670,GAA-2025 · Department of Agriculture (DA) · Office of the Secretary,,,,not stated,not stated,,False
fmr,2027,HB10858-FMR-0670-019,"Construction of Brgy. Caruan FMR, Brgy. Caruan, Pasuquin, Ilocos Norte",50000000,2025,"Concreting of FMR at Brgy. Binatagan, Basud, Camarines Norte",30000000,0.541,1,20000000,HB 10858 Vol I-B p. 670,GAA-2025 · Department of Agriculture (DA) · Office of the Secretary,,,,not stated,not stated,,False
fmr,2027,HB10858-FMR-0670-019,"Construction of Brgy. Caruan FMR, Brgy. Caruan, Pasuquin, Ilocos Norte",50000000,2025,"Concreting of Brgy. Man-ogob FMR Phase II, Brgy. Man-ogob, San Vicente, Camarines Norte",50000000,0.455,2,0,HB 10858 Vol I-B p. 670,GAA-2025 · Department of Agriculture (DA) · Office of the Secretary,,,,not stated,one side stated,Prior Phase 2 only,False
fmr,2027,HB10858-FMR-0670-019,"Construction of Brgy. Caruan FMR, Brgy. Caruan, Pasuquin, Ilocos Norte",50000000,2025,"Concreting of Brgy. Maisog FMR Phase II, Brgy. Maisog, San Lorenzo Ruiz, Camarines Norte",50000000,0.449,3,0,HB 10858 Vol I-B p. 670,GAA-2025 · Department of Agriculture (DA) · Office of the Secretary,,,,not stated,one side stated,Prior Phase 2 only,False
fmr,2027,HB10858-FMR-0670-020,"Construction of Brgy. 60-A Caaoacan FMR, Laoag City, Ilocos Norte",5000000,2025,"Concreting of Brgy. Alangilan FMR Phase II, Brgy. Alangilan, Bacolod City, Negros Occidental",15000000,0.484,1,-10000000,HB 10858 Vol I-B p. 670,GAA-2025 · Department of Agriculture (DA) · Office of the Secretary,,,,not stated,one side stated,Prior Phase 2 only,False
fmr,2027,HB10858-FMR-0670-020,"Construction of Brgy. 60-A Caaoacan FMR, Laoag City, Ilocos Norte",5000000,2025,"Concreting of Brgy. Tagba-o FMR (Phase II), Brgy. Tagba-o, Cebu City, Cebu",15000000,0.48,2,-10000000,HB 10858 Vol I-B p. 670,GAA-2025 · Department of Agriculture (DA) · Office of the Secretary,,,,not stated,one side stated,Prior Phase 2 only,False
fmr,2027,HB10858-FMR-0670-020,"Construction of Brgy. 60-A Caaoacan FMR, Laoag City, Ilocos Norte",5000000,2025,"Concreting of Brgy. Cabunbata FMR Phase II, Brgy. Cabunbata, Isabela City, Basilan",21000000,0.471,3,-16000000,HB 10858 Vol I-B p. 670,GAA-2025 · Department of Agriculture (DA) · Office of the Secretary,,,,not stated,one side stated,Prior Phase 2 only,False
fmr,2027,HB10858-FMR-0670-022,"Construction of Brgy. 62-B Navotas South FMR, Laoag City, Ilocos Norte",5000000,2025,"Concreting of Brgy. Tagba-o FMR (Phase II), Brgy. Tagba-o, Cebu City, Cebu",15000000,0.475,1,-10000000,HB 10858 Vol I-B p. 670,GAA-2025 · Department of Agriculture (DA) · Office of the Secretary,,,,not stated,one side stated,Prior Phase 2 only,False
fmr,2027,HB10858-FMR-0670-022,"Construction of Brgy. 62-B Navotas South FMR, Laoag City, Ilocos Norte",5000000,2025,"Concreting of Brgy. Cabunbata FMR Phase II, Brgy. Cabunbata, Isabela City, Basilan",21000000,0.467,2,-16000000,HB 10858 Vol I-B p. 670,GAA-2025 · Department of Agriculture (DA) · Office of the Secretary,,,,not stated,one side stated,Prior Phase 2 only,False
fmr,2027,HB10858-FMR-0670-022,"Construction of Brgy. 62-B Navotas South FMR, Laoag City, Ilocos Norte",5000000,2025,"Concreting of Brgy. Tagpo FMR (Phase II), Brgy, Tagpo, Ligao City, Albay",10000000,0.462,3,-5000000,HB 10858 Vol I-B p. 670,GAA-2025 · Department of Agriculture (DA) · Office of the Secretary,,,,not stated,one side stated,Prior Phase 2 only,False
fmr,2027,HB10858-FMR-0670-023,"Construction of Sitio Cagat to Sitio Turod, Brgy. Tangaoan FMR, Brgy. Tangaoan, Piddig, Ilocos Norte",10000000,2025,"Concreting of Sitio Dep-ang to Sitio Bilis, Brgy. Santo Tomas FMR Phase III, Brgy. Santo Tomas, Baguio City",10000000,0.515,1,0,HB 10858 Vol I-B p. 670,GAA-2025 · Department of Agriculture (DA) · Office of the Secretary,,,,not stated,one side stated,Prior Phase 3 only,False
fmr,2027,HB10858-FMR-0670-023,"Construction of Sitio Cagat to Sitio Turod, Brgy. Tangaoan FMR, Brgy. Tangaoan, Piddig, Ilocos Norte",10000000,2025,"Concreting of FMR at Sitio Atagon to Brgy. San Antonio, Palo, Leyte",15000000,0.473,2,-5000000,HB 10858 Vol I-B p. 670,GAA-2025 · Department of Agriculture (DA) · Office of the Secretary,,,,not stated,not stated,,False
fmr,2027,HB10858-FMR-0670-023,"Construction of Sitio Cagat to Sitio Turod, Brgy. Tangaoan FMR, Brgy. Tangaoan, Piddig, Ilocos Norte",10000000,2025,"Concreting of FMR at Sitio San Isidro to Sitio Bulahan, Brgy. San Jose, Sto. Tomas, Davao del Norte",100000000,0.471,3,-90000000,HB 10858 Vol I-B p. 670,GAA-2025 · Department of Agriculture (DA) · Office of the Secretary,,,,not stated,not stated,,False
fmr,2027,HB10858-FMR-0670-024,"Construction of Brgy. 49-B Raraburan FMR, Laoag City, Ilocos Norte",5000000,2025,"Concreting of Brgy. Alangilan FMR Phase II, Brgy. Alangilan, Bacolod City, Negros Occidental",15000000,0.479,1,-10000000,HB 10858 Vol I-B p. 670,GAA-2025 · Department of Agriculture (DA) · Office of the Secretary,,,,not stated,one side stated,Prior Phase 2 only,False
fmr,2027,HB10858-FMR-0670-024,"Construction of Brgy. 49-B Raraburan FMR, Laoag City, Ilocos Norte",5000000,2025,"Concreting of Brgy. Cogon to Brgy. Libuak FMR (Phase II), Brgy. Cogon and Brgy. Libuak, Island Garden City of Samal, Davao del Norte",15000000,0.47,2,-10000000,HB 10858 Vol I-B p. 670,GAA-2025 · Department of Agriculture (DA) · Office of the Secretary,,,,not stated,one side stated,Prior Phase 2 only,False
fmr,2027,HB10858-FMR-0670-024,"Construction of Brgy. 49-B Raraburan FMR, Laoag City, Ilocos Norte",5000000,2025,"Concreting of Brgy. Cabunbata FMR Phase II, Brgy. Cabunbata, Isabela City, Basilan",21000000,0.465,3,-16000000,HB 10858 Vol I-B p. 670,GAA-2025 · Department of Agriculture (DA) · Office of the Secretary,,,,not stated,one side stated,Prior Phase 2 only,False
fmr,2027,HB10858-FMR-0670-025,"Construction of Brgy. Libnaoan-Brgy. Lagandit FMR, Brgy. Libnaoan and Brgy. Lagandit,",30000000,2025,"Concreting of Brgy. Caluangan FMR (Phase I), Brgy. Caluangan, Magallanes, Cavite",15000000,0.55,1,15000000,HB 10858 Vol I-B p. 670,GAA-2025 · Department of Agriculture (DA) · Office of the Secretary,,,,not stated,one side stated,Prior Phase 1 only,False
fmr,2027,HB10858-FMR-0670-025,"Construction of Brgy. Libnaoan-Brgy. Lagandit FMR, Brgy. Libnaoan and Brgy. Lagandit,",30000000,2025,"Concreting of Brgy. Caluangan FMR (Phase II), Brgy. Caluangan, Magallanes, Cavite",10000000,0.55,2,20000000,HB 10858 Vol I-B p. 670,GAA-2025 · Department of Agriculture (DA) · Office of the Secretary,,,,not stated,one side stated,Prior Phase 2 only,False
fmr,2027,HB10858-FMR-0670-025,"Construction of Brgy. Libnaoan-Brgy. Lagandit FMR, Brgy. Libnaoan and Brgy. Lagandit,",30000000,2025,"Concreting of Brgy. Mabaca FMR Phase II, Brgy. Mabaca, Balbalan, Kalinga",10000000,0.466,3,20000000,HB 10858 Vol I-B p. 670,GAA-2025 · Department of Agriculture (DA) · Office of the Secretary,,,,not stated,one side stated,Prior Phase 2 only,False
fmr,2027,HB10858-FMR-0670-026,"Construction of Sitio Tamuad Brgy. Dampig FMR, Brgy. Dampig, Pagudpud, Ilocos Norte",20000000,2025,"Concreting of Sitio Hulo, Brgy. Biga FMR (Phase II), Brgy. Biga, Lobo, Batangas",24000000,0.489,1,-4000000,HB 10858 Vol I-B p. 670,GAA-2025 · Department of Agriculture (DA) · Office of the Secretary,,,,not stated,one side stated,Prior Phase 2 only,False
fmr,2027,HB10858-FMR-0670-026,"Construction of Sitio Tamuad Brgy. Dampig FMR, Brgy. Dampig, Pagudpud, Ilocos Norte",20000000,2025,"Concreting of Sitio Bayawas Brgy. Salvacion FMR Phase III, Brgy. Salvacion, Magallanes, Sorsogon",15000000,0.459,2,5000000,HB 10858 Vol I-B p. 670,GAA-2025 · Department of Agriculture (DA) · Office of the Secretary,,,,not stated,one side stated,Prior Phase 3 only,False
fmr,2027,HB10858-FMR-0670-026,"Construction of Sitio Tamuad Brgy. Dampig FMR, Brgy. Dampig, Pagudpud, Ilocos Norte",20000000,2025,"Concreting of Sitio Bayawas, Brgy. Salvacion FMR Phase Il, Brgy. Salvacion, Magallanes, Sorsogon",25000000,0.446,3,-5000000,HB 10858 Vol I-B p. 670,GAA-2025 · Department of Agriculture (DA) · Office of the Secretary,,,,not stated,not stated,,False
fmr,2027,HB10858-FMR-0670-027,"Construction of Brgy. Baduang FMR, Brgy. Baduang, Pagudpud, Ilocos Norte",5000000,2025,"Concreting of FMR at Brgy. Binatagan, Basud, Camarines Norte",30000000,0.553,1,-25000000,HB 10858 Vol I-B p. 670,GAA-2025 · Department of Agriculture (DA) · Office of the Secretary,,,,not stated,not stated,,False
fmr,2027,HB10858-FMR-0670-027,"Construction of Brgy. Baduang FMR, Brgy. Baduang, Pagudpud, Ilocos Norte",5000000,2025,"Concreting of Brgy. Man-ogob FMR Phase II, Brgy. Man-ogob, San Vicente, Camarines Norte",50000000,0.511,2,-45000000,HB 10858 Vol I-B p. 670,GAA-2025 · Department of Agriculture (DA) · Office of the Secretary,,,,not stated,one side stated,Prior Phase 2 only,False
fmr,2027,HB10858-FMR-0670-027,"Construction of Brgy. Baduang FMR, Brgy. Baduang, Pagudpud, Ilocos Norte",5000000,2025,"Concreting of Brgy. Maisog FMR Phase II, Brgy. Maisog, San Lorenzo Ruiz, Camarines Norte",50000000,0.462,3,-45000000,HB 10858 Vol I-B p. 670,GAA-2025 · Department of Agriculture (DA) · Office of the Secretary,,,,not stated,one side stated,Prior Phase 2 only,False
fmr,2027,HB10858-FMR-0670-028,"Construction of Brgy. Abkir FMR, Brgy. Abkir, Vintar, Ilocos Norte",20000000,2025,"Concreting of Brgy. Man-ogob FMR Phase II, Brgy. Man-ogob, San Vicente, Camarines Norte",50000000,0.571,1,-30000000,HB 10858 Vol I-B p. 670,GAA-2025 · Department of Agriculture (DA) · Office of the Secretary,,,,not stated,one side stated,Prior Phase 2 only,False
fmr,2027,HB10858-FMR-0670-028,"Construction of Brgy. Abkir FMR, Brgy. Abkir, Vintar, Ilocos Norte",20000000,2025,"Concreting of FMR at Brgy. Binatagan, Basud, Camarines Norte",30000000,0.514,2,-10000000,HB 10858 Vol I-B p. 670,GAA-2025 · Department of Agriculture (DA) · Office of the Secretary,,,,not stated,not stated,,False
fmr,2027,HB10858-FMR-0670-028,"Construction of Brgy. Abkir FMR, Brgy. Abkir, Vintar, Ilocos Norte",20000000,2025,"Concreting of Brgy. Maisog FMR Phase II, Brgy. Maisog, San Lorenzo Ruiz, Camarines Norte",50000000,0.471,3,-30000000,HB 10858 Vol I-B p. 670,GAA-2025 · Department of Agriculture (DA) · Office of the Secretary,,,,not stated,one side stated,Prior Phase 2 only,False
fmr,2027,HB10858-FMR-0670-029,"Construction of Brgy. Tarrag FMR, Brgy. Tarrag, Pagudpud, Ilocos Norte",20000000,2025,"Concreting of FMR at Brgy. Binatagan, Basud, Camarines Norte",30000000,0.541,1,-10000000,HB 10858 Vol I-B p. 670,GAA-2025 · Department of Agriculture (DA) · Office of the Secretary,,,,not stated,not stated,,False
fmr,2027,HB10858-FMR-0670-029,"Construction of Brgy. Tarrag FMR, Brgy. Tarrag, Pagudpud, Ilocos Norte",20000000,2025,"Concreting of Brgy. San Vicente to Top Bridge FMR (Phase I), Brgy. San Vicente, Jabonga, Agusan Del Norte",45000000,0.438,2,-25000000,HB 10858 Vol I-B p. 670,GAA-2025 · Department of Agriculture (DA) · Office of the Secretary,,,,not stated,one side stated,Prior Phase 1 only,False
fmr,2027,HB10858-FMR-0670-029,"Construction of Brgy. Tarrag FMR, Brgy. Tarrag, Pagudpud, Ilocos Norte",20000000,2025,"Concreting of Brgy. Man-ogob FMR Phase II, Brgy. Man-ogob, San Vicente, Camarines Norte",50000000,0.409,3,-30000000,HB 10858 Vol I-B p. 670,GAA-2025 · Department of Agriculture (DA) · Office of the Secretary,,,,not stated,one side stated,Prior Phase 2 only,False
fmr,2027,HB10858-FMR-0670-030,"Construction of Brgy. Dipilat FMR, Brgy. Dipilat, Vintar, Ilocos Norte",15000000,2025,"Concreting of Brgy. Man-ogob FMR Phase II, Brgy. Man-ogob, San Vicente, Camarines Norte",50000000,0.5,1,-35000000,HB 10858 Vol I-B p. 670,GAA-2025 · Department of Agriculture (DA) · Office of the Secretary,,,,not stated,one side stated,Prior Phase 2 only,False
fmr,2027,HB10858-FMR-0670-030,"Construction of Brgy. Dipilat FMR, Brgy. Dipilat, Vintar, Ilocos Norte",15000000,2025,"Concreting of FMR at Brgy. Binatagan, Basud, Camarines Norte",30000000,0.459,2,-15000000,HB 10858 Vol I-B p. 670,GAA-2025 · Department of Agriculture (DA) · Office of the Secretary,,,,not stated,not stated,,False
fmr,2027,HB10858-FMR-0670-030,"Construction of Brgy. Dipilat FMR, Brgy. Dipilat, Vintar, Ilocos Norte",15000000,2025,"Concreting of FMR at Sitio Malapat, Brgy. Baay, Labo, Camarines Norte",15000000,0.439,3,0,HB 10858 Vol I-B p. 670,GAA-2025 · Department of Agriculture (DA) · Office of the Secretary,,,,not stated,not stated,,False
fmr,2027,HB10858-FMR-0670-031,"Construction of Sitio Dasar FMR, Brgy. Isic-isic, Vintar, Ilocos Norte",34000000,2025,"Concreting of Sitio Mainit, Brgy. San Jose FMR Phase 3, Brgy. San Jose, Antipolo City, Rizal",20000000,0.525,1,14000000,HB 10858 Vol I-B p. 670,GAA-2025 · Department of Agriculture (DA) · Office of the Secretary,,,,not stated,one side stated,Prior Phase 3 only,False
fmr,2027,HB10858-FMR-0670-031,"Construction of Sitio Dasar FMR, Brgy. Isic-isic, Vintar, Ilocos Norte",34000000,2025,"Concreting of Sitio San Ysiro, Brgy. San Jose FMR Phase 6, Brgy. San Jose, Antipolo City Rizal",15000000,0.51,2,19000000,HB 10858 Vol I-B p. 670,GAA-2025 · Department of Agriculture (DA) · Office of the Secretary,,,,not stated,one side stated,Prior Phase 6 only,False
fmr,2027,HB10858-FMR-0670-031,"Construction of Sitio Dasar FMR, Brgy. Isic-isic, Vintar, Ilocos Norte",34000000,2025,"Concreting of Brgy. Man-ogob FMR Phase II, Brgy. Man-ogob, San Vicente, Camarines Norte",50000000,0.468,3,-16000000,HB 10858 Vol I-B p. 670,GAA-2025 · Department of Agriculture (DA) · Office of the Secretary,,,,not stated,one side stated,Prior Phase 2 only,False
fmr,2027,HB10858-FMR-0672-001,"Construction of Brgy. Bago FMR, Brgy. Bago, Vintar, Ilocos Norte",18000000,2025,"Concreting of Brgy. Man-ogob FMR Phase II, Brgy. Man-ogob, San Vicente, Camarines Norte",50000000,0.634,1,-32000000,HB 10858 Vol I-B p. 672,GAA-2025 · Department of Agriculture (DA) · Office of the Secretary,,,,not stated,one side stated,Prior Phase 2 only,False
fmr,2027,HB10858-FMR-0672-001,"Construction of Brgy. Bago FMR, Brgy. Bago, Vintar, Ilocos Norte",18000000,2025,"Concreting of FMR at Brgy. Binatagan, Basud, Camarines Norte",30000000,0.5,2,-12000000,HB 10858 Vol I-B p. 672,GAA-2025 · Department of Agriculture (DA) · Office of the Secretary,,,,not stated,not stated,,False
fmr,2027,HB10858-FMR-0672-001,"Construction of Brgy. Bago FMR, Brgy. Bago, Vintar, Ilocos Norte",18000000,2025,"Concreting of Brgy. Maisog FMR Phase II, Brgy. Maisog, San Lorenzo Ruiz, Camarines Norte",50000000,0.482,3,-32000000,HB 10858 Vol I-B p. 672,GAA-2025 · Department of Agriculture (DA) · Office of the Secretary,,,,not stated,one side stated,Prior Phase 2 only,False
fmr,2027,HB10858-FMR-0672-002,"Construction of Bokig to Beckes, Brgy. Paoay FMR, Brgy. Paoay, Atok, Benguet",15000000,2025,Farm-to-Market Road (FMR) Network Planning and Monitoring Services,2344000,0.345,1,12656000,HB 10858 Vol I-B p. 672,GAA-2025 · Department of Agriculture (DA) · Office of the Secretary,,,,not stated,not stated,,False
fmr,2027,HB10858-FMR-0672-002,"Construction of Bokig to Beckes, Brgy. Paoay FMR, Brgy. Paoay, Atok, Benguet",15000000,2025,Farm-to-Market Road (FMR) Network Planning and Monitoring Services,7537000,0.345,2,7463000,HB 10858 Vol I-B p. 672,GAA-2025 · Department of Agriculture (DA) · Office of the Secretary,,,,not stated,not stated,,False
fmr,2027,HB10858-FMR-0672-002,"Construction of Bokig to Beckes, Brgy. Paoay FMR, Brgy. Paoay, Atok, Benguet",15000000,2025,Farm-to-Market Road (FMR) Network Planning and Monitoring Services,185000,0.345,3,14815000,HB 10858 Vol I-B p. 672,GAA-2025 · Department of Agriculture (DA) · Office of the Secretary,,,,not stated,not stated,,False
fmr,2027,HB10858-FMR-0672-003,"Construction of Brgy. Margaay FMR, Brgy. Margaay, Vintar, Ilocos Norte",20000000,2025,"Concreting of Brgy. Man-ogob FMR Phase II, Brgy. Man-ogob, San Vicente, Camarines Norte",50000000,0.614,1,-30000000,HB 10858 Vol I-B p. 672,GAA-2025 · Department of Agriculture (DA) · Office of the Secretary,,,,not stated,one side stated,Prior Phase 2 only,False
fmr,2027,HB10858-FMR-0672-003,"Construction of Brgy. Margaay FMR, Brgy. Margaay, Vintar, Ilocos Norte",20000000,2025,"Concreting of Brgy. Maisog FMR Phase II, Brgy. Maisog, San Lorenzo Ruiz, Camarines Norte",50000000,0.494,2,-30000000,HB 10858 Vol I-B p. 672,GAA-2025 · Department of Agriculture (DA) · Office of the Secretary,,,,not stated,one side stated,Prior Phase 2 only,False
fmr,2027,HB10858-FMR-0672-003,"Construction of Brgy. Margaay FMR, Brgy. Margaay, Vintar, Ilocos Norte",20000000,2025,"Concreting of FMR at Sitio Malapat, Brgy. Baay, Labo, Camarines Norte",15000000,0.463,3,5000000,HB 10858 Vol I-B p. 672,GAA-2025 · Department of Agriculture (DA) · Office of the Secretary,,,,not stated,not stated,,False
fmr,2027,HB10858-FMR-0672-004,"Construction of Alimang, Brgy. Poblacion FMR, Brgy. Poblacion, Sablan, Benguet",15000000,2025,"Concreting of Brgy. Mabaca FMR Phase II, Brgy. Mabaca, Balbalan, Kalinga",10000000,0.55,1,5000000,HB 10858 Vol I-B p. 672,GAA-2025 · Department of Agriculture (DA) · Office of the Secretary,,,,not stated,one side stated,Prior Phase 2 only,False
fmr,2027,HB10858-FMR-0672-004,"Construction of Alimang, Brgy. Poblacion FMR, Brgy. Poblacion, Sablan, Benguet",15000000,2025,"Concreting of Brgy. Caluangan FMR (Phase I), Brgy. Caluangan, Magallanes, Cavite",15000000,0.506,2,0,HB 10858 Vol I-B p. 672,GAA-2025 · Department of Agriculture (DA) · Office of the Secretary,,,,not stated,one side stated,Prior Phase 1 only,False
fmr,2027,HB10858-FMR-0672-004,"Construction of Alimang, Brgy. Poblacion FMR, Brgy. Poblacion, Sablan, Benguet",15000000,2025,"Concreting of Brgy. Poblacion to Brgy. Dananao to Brgy. Tulgao FMR Phase II, Tinglayan, Kalinga",30000000,0.429,3,-15000000,HB 10858 Vol I-B p. 672,GAA-2025 · Department of Agriculture (DA) · Office of the Secretary,,,,not stated,one side stated,Prior Phase 2 only,False
fmr,2027,HB10858-FMR-0672-005,"Construction of Brgy. Namoroc FMR, Brgy. Namoroc, Vintar, Ilocos Norte",10000000,2025,"Concreting of Brgy. Man-ogob FMR Phase II, Brgy. Man-ogob, San Vicente, Camarines Norte",50000000,0.568,1,-40000000,HB 10858 Vol I-B p. 672,GAA-2025 · Department of Agriculture (DA) · Office of the Secretary,,,,not stated,one side stated,Prior Phase 2 only,False
fmr,2027,HB10858-FMR-0672-005,"Construction of Brgy. Namoroc FMR, Brgy. Namoroc, Vintar, Ilocos Norte",10000000,2025,"Concreting of FMR at Brgy. Binatagan, Basud, Camarines Norte",30000000,0.459,2,-20000000,HB 10858 Vol I-B p. 672,GAA-2025 · Department of Agriculture (DA) · Office of the Secretary,,,,not stated,not stated,,False
fmr,2027,HB10858-FMR-0672-005,"Construction of Brgy. Namoroc FMR, Brgy. Namoroc, Vintar, Ilocos Norte",10000000,2025,"Concreting of Brgy. Maisog FMR Phase II, Brgy. Maisog, San Lorenzo Ruiz, Camarines Norte",50000000,0.449,3,-40000000,HB 10858 Vol I-B p. 672,GAA-2025 · Department of Agriculture (DA) · Office of the Secretary,,,,not stated,one side stated,Prior Phase 2 only,False
fmr,2027,HB10858-FMR-0672-006,"Construction of Baguio Animal Breeding Research Center (BABRC), Brgy. Dontogan FMR Phase II, Brgy. Dontogan, Baguio City",15000000,2025,"Concreting of Sitio Dep-ang to Sitio Bilis, Brgy. Santo Tomas FMR Phase III, Brgy. Santo Tomas, Baguio City",10000000,0.507,1,5000000,HB 10858 Vol I-B p. 672,GAA-2025 · Department of Agriculture (DA) · Office of the Secretary,,,,not stated,different tranche,Phase 2 vs 3,True
fmr,2027,HB10858-FMR-0672-006,"Construction of Baguio Animal Breeding Research Center (BABRC), Brgy. Dontogan FMR Phase II, Brgy. Dontogan, Baguio City",15000000,2025,"Concreting of Brgy. Alangilan FMR Phase I, Brgy. Alangilan, Bacolod City",15000000,0.439,2,0,HB 10858 Vol I-B p. 672,GAA-2025 · Department of Agriculture (DA) · Office of the Secretary,,,,not stated,different tranche,Phase 2 vs 1,True
fmr,2027,HB10858-FMR-0672-006,"Construction of Baguio Animal Breeding Research Center (BABRC), Brgy. Dontogan FMR Phase II, Brgy. Dontogan, Baguio City",15000000,2025,"Concreting of Brgy. Granada FMR Phase I, Brgy. Granada, Bacolod City",15000000,0.418,3,0,HB 10858 Vol I-B p. 672,GAA-2025 · Department of Agriculture (DA) · Office of the Secretary,,,,not stated,different tranche,Phase 2 vs 1,True
fmr,2027,HB10858-FMR-0672-007,"Construction of Brgy. Nancalabasaan - Brgy. Don Montano FMR, Brgy. Nancalabasaan and",15000000,2025,"Concreting of Brgy. Mabaca FMR Phase II, Brgy. Mabaca, Balbalan, Kalinga",10000000,0.416,1,5000000,HB 10858 Vol I-B p. 672,GAA-2025 · Department of Agriculture (DA) · Office of the Secretary,,,,not stated,one side stated,Prior Phase 2 only,False
fmr,2027,HB10858-FMR-0672-007,"Construction of Brgy. Nancalabasaan - Brgy. Don Montano FMR, Brgy. Nancalabasaan and",15000000,2025,"Concreting of Brgy. Caluangan FMR (Phase I), Brgy. Caluangan, Magallanes, Cavite",15000000,0.405,2,0,HB 10858 Vol I-B p. 672,GAA-2025 · Department of Agriculture (DA) · Office of the Secretary,,,,not stated,one side stated,Prior Phase 1 only,False
fmr,2027,HB10858-FMR-0672-007,"Construction of Brgy. Nancalabasaan - Brgy. Don Montano FMR, Brgy. Nancalabasaan and",15000000,2025,"Concreting of FMR at Brgy. Mangga, Candaba, Pampanga",25000000,0.4,3,-10000000,HB 10858 Vol I-B p. 672,GAA-2025 · Department of Agriculture (DA) · Office of the Secretary,,,,not stated,not stated,,False
fmr,2027,HB10858-FMR-0672-008,"Construction of Lower Balacbac, Brgy. Sto. Tomas Proper FMR Phase I, Brgy. Sto. Tomas Proper, Baguio City",15000000,2025,"Concreting of Sitio Dep-ang to Sitio Bilis, Brgy. Santo Tomas FMR Phase III, Brgy. Santo Tomas, Baguio City",10000000,0.621,1,5000000,HB 10858 Vol I-B p. 672,GAA-2025 · Department of Agriculture (DA) · Office of the Secretary,,,,not stated,different tranche,Phase 1 vs 3,True
fmr,2027,HB10858-FMR-0672-008,"Construction of Lower Balacbac, Brgy. Sto. Tomas Proper FMR Phase I, Brgy. Sto. Tomas Proper, Baguio City",15000000,2025,"Concreting of Brgy. Tabason-Sto. Tomas-San Vicente FMR (Phase II), Tagkawayan, Quezon",10000000,0.417,2,5000000,HB 10858 Vol I-B p. 672,GAA-2025 · Department of Agriculture (DA) · Office of the Secretary,,,,not stated,different tranche,Phase 1 vs 2,True
fmr,2027,HB10858-FMR-0672-008,"Construction of Lower Balacbac, Brgy. Sto. Tomas Proper FMR Phase I, Brgy. Sto. Tomas Proper, Baguio City",15000000,2025,"Concreting of Brgy. Tagba-o FMR (Phase II), Brgy. Tagba-o, Cebu City, Cebu",15000000,0.408,3,0,HB 10858 Vol I-B p. 672,GAA-2025 · Department of Agriculture (DA) · Office of the Secretary,,,,not stated,different tranche,Phase 1 vs 2,True
fmr,2027,HB10858-FMR-0672-009,"Concreting of Daray-Asen Sapang, Brgy. San Vicente FMR, Brgy. San Vicente,",15000000,2025,"Concreting of Brgy. Tabason-Sto. Tomas-San Vicente FMR (Phase II), Tagkawayan, Quezon",10000000,0.604,1,5000000,HB 10858 Vol I-B p. 672,GAA-2025 · Department of Agriculture (DA) · Office of the Secretary,,,,not stated,one side stated,Prior Phase 2 only,False
fmr,2027,HB10858-FMR-0672-009,"Concreting of Daray-Asen Sapang, Brgy. San Vicente FMR, Brgy. San Vicente,",15000000,2025,"Concreting of FMR at Sitio Lukton, Brgy. San Vicente, Tolosa, Leyte",15000000,0.535,2,0,HB 10858 Vol I-B p. 672,GAA-2025 · Department of Agriculture (DA) · Office of the Secretary,,,,not stated,not stated,,False
fmr,2027,HB10858-FMR-0672-009,"Concreting of Daray-Asen Sapang, Brgy. San Vicente FMR, Brgy. San Vicente,",15000000,2025,"Concreting of Brgy. Man-ogob FMR Phase II, Brgy. Man-ogob, San Vicente, Camarines Norte",50000000,0.532,3,-35000000,HB 10858 Vol I-B p. 672,GAA-2025 · Department of Agriculture (DA) · Office of the Secretary,,,,not stated,one side stated,Prior Phase 2 only,False
fmr,2027,HB10858-FMR-0672-010,"Construction of Busilac-Laya FMR, Brgy. Busilac, Alfonso Lista, Ifugao",15000000,2025,"Concreting of Brgy. Mabaca FMR Phase II, Brgy. Mabaca, Balbalan, Kalinga",10000000,0.456,1,5000000,HB 10858 Vol I-B p. 672,GAA-2025 · Department of Agriculture (DA) · Office of the Secretary,,,,not stated,one side stated,Prior Phase 2 only,False
fmr,2027,HB10858-FMR-0672-010,"Construction of Busilac-Laya FMR, Brgy. Busilac, Alfonso Lista, Ifugao",15000000,2025,"Concreting of FMR at Umalbong-Luhadan Municipality, Hingyon, Ifugao",5000000,0.43,2,10000000,HB 10858 Vol I-B p. 672,GAA-2025 · Department of Agriculture (DA) · Office of the Secretary,,,,not stated,not stated,,False
fmr,2027,HB10858-FMR-0672-010,"Construction of Busilac-Laya FMR, Brgy. Busilac, Alfonso Lista, Ifugao",15000000,2025,"Concreting of Brgy. Catacte FMR Brgy. Catacte, Bustos, Bulacan",5000000,0.38,3,10000000,HB 10858 Vol I-B p. 672,GAA-2025 · Department of Agriculture (DA) · Office of the Secretary,,,,not stated,not stated,,False
fmr,2027,HB10858-FMR-0672-011,"Concreting of Sitio Bigat Road, Brgy. Awile FMR, Brgy. Awile, Anda, Pangasinan",15000000,2025,"Concreting of Sitio Hulo, Brgy. Biga FMR (Phase II), Brgy. Biga, Lobo, Batangas",24000000,0.568,1,-9000000,HB 10858 Vol I-B p. 672,GAA-2025 · Department of Agriculture (DA) · Office of the Secretary,,,,not stated,one side stated,Prior Phase 2 only,False
fmr,2027,HB10858-FMR-0672-011,"Concreting of Sitio Bigat Road, Brgy. Awile FMR, Brgy. Awile, Anda, Pangasinan",15000000,2025,"Concreting of Brgy. Bales to Sitio Lebe FMR (Phase II), Brgy. Bales, Maasim, Sarangani",15000000,0.562,2,0,HB 10858 Vol I-B p. 672,GAA-2025 · Department of Agriculture (DA) · Office of the Secretary,,,,not stated,one side stated,Prior Phase 2 only,False
fmr,2027,HB10858-FMR-0672-011,"Concreting of Sitio Bigat Road, Brgy. Awile FMR, Brgy. Awile, Anda, Pangasinan",15000000,2025,"Concreting of FMR at Brgy. Malioer, Bayambang, Pangasinan",10000000,0.56,3,5000000,HB 10858 Vol I-B p. 672,GAA-2025 · Department of Agriculture (DA) · Office of the Secretary,,,,not stated,not stated,,False
fmr,2027,HB10858-FMR-0672-012,"Construction of Purok 2 to Purok 1, Sitio Pugo, Brgy. San Juan FMR, Brgy. San Juan, Alfonso Lista, Ifugao",15000000,2025,"Concreting of Purok Balite to Crossing Bungot, Brgy. San Jose FMR (Phase II), Brgy. San Jose, Norala, South Cotabato",15000000,0.599,1,0,HB 10858 Vol I-B p. 672,GAA-2025 · Department of Agriculture (DA) · Office of the Secretary,,,,not stated,one side stated,Prior Phase 2 only,False
fmr,2027,HB10858-FMR-0672-012,"Construction of Purok 2 to Purok 1, Sitio Pugo, Brgy. San Juan FMR, Brgy. San Juan, Alfonso Lista, Ifugao",15000000,2025,"Concreting of Purok 8 to Sitio Manangahon to Sitio Palo, Brgy. Mate FMR (Phase II), San Francisco, Agusan del Sur",15000000,0.517,2,0,HB 10858 Vol I-B p. 672,GAA-2025 · Department of Agriculture (DA) · Office of the Secretary,,,,not stated,one side stated,Prior Phase 2 only,False
fmr,2027,HB10858-FMR-0672-012,"Construction of Purok 2 to Purok 1, Sitio Pugo, Brgy. San Juan FMR, Brgy. San Juan, Alfonso Lista, Ifugao",15000000,2025,"Concreting of FMR at Zone 1 to Sitio Baluno, Brgy. Salaan, Zamboanga City",15000000,0.45,3,0,HB 10858 Vol I-B p. 672,GAA-2025 · Department of Agriculture (DA) · Office of the Secretary,,,,not stated,not stated,,False
fmr,2027,HB10858-FMR-0672-013,"Concreting of Brgy. Lon-oy - Brgy. Bayabas FMR, San Gabriel, La Union",25000000,2025,"Concreting of Brgy. Balaong FMR (Phase I), Brgy. Balaong, San Miguel, Bulacan",5000000,0.494,1,20000000,HB 10858 Vol I-B p. 672,GAA-2025 · Department of Agriculture (DA) · Office of the Secretary,,,,not stated,one side stated,Prior Phase 1 only,False
fmr,2027,HB10858-FMR-0672-013,"Concreting of Brgy. Lon-oy - Brgy. Bayabas FMR, San Gabriel, La Union",25000000,2025,"Concreting of FMR at Brgy. Batasan Matanda, San Miguel, Bulacan",20000000,0.494,2,5000000,HB 10858 Vol I-B p. 672,GAA-2025 · Department of Agriculture (DA) · Office of the Secretary,,,,not stated,not stated,,False
fmr,2027,HB10858-FMR-0672-013,"Concreting of Brgy. Lon-oy - Brgy. Bayabas FMR, San Gabriel, La Union",25000000,2025,"Concreting of FMR at Camil-Bucutan, Brgy. San Fermin, Caba, La Union",21000000,0.469,3,4000000,HB 10858 Vol I-B p. 672,GAA-2025 · Department of Agriculture (DA) · Office of the Secretary,,,,not stated,not stated,,False
fmr,2027,HB10858-FMR-0672-014,"Construction of Sitio Alangyan, Brgy. Kinama FMR, Brgy. Kinama, Rizal, Kalinga",30000000,2025,"Concreting of Brgy. Poblacion to Brgy. Dananao to Brgy. Tulgao FMR Phase II, Tinglayan, Kalinga",30000000,0.531,1,0,HB 10858 Vol I-B p. 672,GAA-2025 · Department of Agriculture (DA) · Office of the Secretary,,,,not stated,one side stated,Prior Phase 2 only,False
fmr,2027,HB10858-FMR-0672-014,"Construction of Sitio Alangyan, Brgy. Kinama FMR, Brgy. Kinama, Rizal, Kalinga",30000000,2025,"Concreting of Brgy. Mabaca FMR Phase II, Brgy. Mabaca, Balbalan, Kalinga",10000000,0.525,2,20000000,HB 10858 Vol I-B p. 672,GAA-2025 · Department of Agriculture (DA) · Office of the Secretary,,,,not stated,one side stated,Prior Phase 2 only,False
fmr,2027,HB10858-FMR-0672-014,"Construction of Sitio Alangyan, Brgy. Kinama FMR, Brgy. Kinama, Rizal, Kalinga",30000000,2025,"Concreting of Sitio Hulo, Brgy. Biga FMR (Phase II), Brgy. Biga, Lobo, Batangas",24000000,0.524,3,6000000,HB 10858 Vol I-B p. 672,GAA-2025 · Department of Agriculture (DA) · Office of the Secretary,,,,not stated,one side stated,Prior Phase 2 only,False
fmr,2027,HB10858-FMR-0672-015,"Concreting of Amontoc FMR (Palpalidan Section), Brgy. Amontoc, San Gabriel, La Union",5000000,2025,"Concreting of Brgy. Balaong FMR (Phase I), Brgy. Balaong, San Miguel, Bulacan",5000000,0.515,1,0,HB 10858 Vol I-B p. 672,GAA-2025 · Department of Agriculture (DA) · Office of the Secretary,,,,not stated,one side stated,Prior Phase 1 only,False
fmr,2027,HB10858-FMR-0672-015,"Concreting of Amontoc FMR (Palpalidan Section), Brgy. Amontoc, San Gabriel, La Union",5000000,2025,"Concreting of FMR at Brgy. Batasan Matanda, San Miguel, Bulacan",20000000,0.495,2,-15000000,HB 10858 Vol I-B p. 672,GAA-2025 · Department of Agriculture (DA) · Office of the Secretary,,,,not stated,not stated,,False
fmr,2027,HB10858-FMR-0672-015,"Concreting of Amontoc FMR (Palpalidan Section), Brgy. Amontoc, San Gabriel, La Union",5000000,2025,"Concreting of FMR at Brgy. Paliwasan, San Miguel, Bulacan",20000000,0.484,3,-15000000,HB 10858 Vol I-B p. 672,GAA-2025 · Department of Agriculture (DA) · Office of the Secretary,,,,not stated,not stated,,False
fmr,2027,HB10858-FMR-0672-016,"Construction of Cata'lappan-Sinamar, Brgy. Anonat FMR, Paracelis, Mountain Province",30000000,2025,"Concreting of Brgy. Caluangan FMR (Phase I), Brgy. Caluangan, Magallanes, Cavite",15000000,0.424,1,15000000,HB 10858 Vol I-B p. 672,GAA-2025 · Department of Agriculture (DA) · Office of the Secretary,,,,not stated,one side stated,Prior Phase 1 only,False
fmr,2027,HB10858-FMR-0672-016,"Construction of Cata'lappan-Sinamar, Brgy. Anonat FMR, Paracelis, Mountain Province",30000000,2025,"Concreting of Brgy. Caluangan FMR (Phase II), Brgy. Caluangan, Magallanes, Cavite",10000000,0.424,2,20000000,HB 10858 Vol I-B p. 672,GAA-2025 · Department of Agriculture (DA) · Office of the Secretary,,,,not stated,one side stated,Prior Phase 2 only,False
fmr,2027,HB10858-FMR-0672-016,"Construction of Cata'lappan-Sinamar, Brgy. Anonat FMR, Paracelis, Mountain Province",30000000,2025,"Concreting of Brgy. Catacte FMR Brgy. Catacte, Bustos, Bulacan",5000000,0.391,3,25000000,HB 10858 Vol I-B p. 672,GAA-2025 · Department of Agriculture (DA) · Office of the Secretary,,,,not stated,not stated,,False
fmr,2027,HB10858-FMR-0672-017,"Construction of Brgy. Balaybuaya FMR, Brgy. Balaybuaya, Bayambang, Pangasinan",5000000,2025,"Concreting of FMR at Brgy. Mangayao, Bayambang, Pangasinan",10000000,0.734,1,-5000000,HB 10858 Vol I-B p. 672,GAA-2025 · Department of Agriculture (DA) · Office of the Secretary,,,,not stated,not stated,,False
fmr,2027,HB10858-FMR-0672-017,"Construction of Brgy. Balaybuaya FMR, Brgy. Balaybuaya, Bayambang, Pangasinan",5000000,2025,"Concreting of FMR at Brgy. Malioer, Bayambang, Pangasinan",10000000,0.692,2,-5000000,HB 10858 Vol I-B p. 672,GAA-2025 · Department of Agriculture (DA) · Office of the Secretary,,,,not stated,not stated,,False
fmr,2027,HB10858-FMR-0672-017,"Construction of Brgy. Balaybuaya FMR, Brgy. Balaybuaya, Bayambang, Pangasinan",5000000,2025,"Concreting of FMR at Brgy. Inirangan, Bayambang, Pangasinan",10000000,0.675,3,-5000000,HB 10858 Vol I-B p. 672,GAA-2025 · Department of Agriculture (DA) · Office of the Secretary,,,,not stated,not stated,,False
fmr,2027,HB10858-FMR-0672-018,"Construction of Lower Balacbac, Brgy. Sto. Tomas Proper FMR Phase II, Brgy. Sto. Tomas Proper, Baguio City",7000000,2025,"Concreting of Sitio Dep-ang to Sitio Bilis, Brgy. Santo Tomas FMR Phase III, Brgy. Santo Tomas, Baguio City",10000000,0.621,1,-3000000,HB 10858 Vol I-B p. 672,GAA-2025 · Department of Agriculture (DA) · Office of the Secretary,,,,not stated,different tranche,Phase 2 vs 3,True
fmr,2027,HB10858-FMR-0672-018,"Construction of Lower Balacbac, Brgy. Sto. Tomas Proper FMR Phase II, Brgy. Sto. Tomas Proper, Baguio City",7000000,2025,"Concreting of Brgy. Tabason-Sto. Tomas-San Vicente FMR (Phase II), Tagkawayan, Quezon",10000000,0.417,2,-3000000,HB 10858 Vol I-B p. 672,GAA-2025 · Department of Agriculture (DA) · Office of the Secretary,,,,not stated,same tranche,,False
fmr,2027,HB10858-FMR-0672-018,"Construction of Lower Balacbac, Brgy. Sto. Tomas Proper FMR Phase II, Brgy. Sto. Tomas Proper, Baguio City",7000000,2025,"Concreting of Brgy. Tagba-o FMR (Phase II), Brgy. Tagba-o, Cebu City, Cebu",15000000,0.408,3,-8000000,HB 10858 Vol I-B p. 672,GAA-2025 · Department of Agriculture (DA) · Office of the Secretary,,,,not stated,same tranche,,False
fmr,2027,HB10858-FMR-0672-019,"Construction of Brgy. Tampog FMR, Brgy. Tampog, Bayambang, Pangasinan",10000000,2025,"Concreting of FMR at Brgy. Malioer, Bayambang, Pangasinan",10000000,0.771,1,0,HB 10858 Vol I-B p. 672,GAA-2025 · Department of Agriculture (DA) · Office of the Secretary,,,,not stated,not stated,,False
fmr,2027,HB10858-FMR-0672-019,"Construction of Brgy. Tampog FMR, Brgy. Tampog, Bayambang, Pangasinan",10000000,2025,"Concreting of FMR at Brgy. Mangayao, Bayambang, Pangasinan",10000000,0.761,2,0,HB 10858 Vol I-B p. 672,GAA-2025 · Department of Agriculture (DA) · Office of the Secretary,,,,not stated,not stated,,False
fmr,2027,HB10858-FMR-0672-019,"Construction of Brgy. Tampog FMR, Brgy. Tampog, Bayambang, Pangasinan",10000000,2025,"Concreting of FMR at Brgy. Inirangan, Bayambang, Pangasinan",10000000,0.75,3,0,HB 10858 Vol I-B p. 672,GAA-2025 · Department of Agriculture (DA) · Office of the Secretary,,,,not stated,not stated,,False
fmr,2027,HB10858-FMR-0672-020,"Construction of Purok 6 to Aurelio Street, Brgy. Dontogan FMR, Brgy. Dontogan, Baguio City",12000000,2025,"Concreting of Sitio Dep-ang to Sitio Bilis, Brgy. Santo Tomas FMR Phase III, Brgy. Santo Tomas, Baguio City",10000000,0.567,1,2000000,HB 10858 Vol I-B p. 672,GAA-2025 · Department of Agriculture (DA) · Office of the Secretary,,,,not stated,one side stated,Prior Phase 3 only,False
fmr,2027,HB10858-FMR-0672-020,"Construction of Purok 6 to Aurelio Street, Brgy. Dontogan FMR, Brgy. Dontogan, Baguio City",12000000,2025,"Concreting of Brgy. Nasunogan to Brgy. Airport and Lilo-an FMR (Phase I), Brgy. Nasunogan, Ormoc City, Leyte",15000000,0.525,2,-3000000,HB 10858 Vol I-B p. 672,GAA-2025 · Department of Agriculture (DA) · Office of the Secretary,,,,not stated,one side stated,Prior Phase 1 only,False
fmr,2027,HB10858-FMR-0672-020,"Construction of Purok 6 to Aurelio Street, Brgy. Dontogan FMR, Brgy. Dontogan, Baguio City",12000000,2025,"Concreting of FMR at Purok 6 Phase 3, Brgy. Lunzuran, Zamboanga City",15000000,0.489,3,-3000000,HB 10858 Vol I-B p. 672,GAA-2025 · Department of Agriculture (DA) · Office of the Secretary,,,,not stated,one side stated,Prior Phase 3 only,False
fmr,2027,HB10858-FMR-0672-021,"Construction of Brgy. Tambac FMR, Brgy. Tambac, Bayambang, Pangasinan",5000000,2025,"Concreting of FMR at Brgy. Mangayao, Bayambang, Pangasinan",10000000,0.761,1,-5000000,HB 10858 Vol I-B p. 672,GAA-2025 · Department of Agriculture (DA) · Office of the Secretary,,,,not stated,not stated,,False
fmr,2027,HB10858-FMR-0672-021,"Construction of Brgy. Tambac FMR, Brgy. Tambac, Bayambang, Pangasinan",5000000,2025,"Concreting of FMR at Brgy. Inirangan, Bayambang, Pangasinan",10000000,0.75,2,-5000000,HB 10858 Vol I-B p. 672,GAA-2025 · Department of Agriculture (DA) · Office of the Secretary,,,,not stated,not stated,,False
fmr,2027,HB10858-FMR-0672-021,"Construction of Brgy. Tambac FMR, Brgy. Tambac, Bayambang, Pangasinan",5000000,2025,"Concreting of FMR at Brgy. Malioer, Bayambang, Pangasinan",10000000,0.743,3,-5000000,HB 10858 Vol I-B p. 672,GAA-2025 · Department of Agriculture (DA) · Office of the Secretary,,,,not stated,not stated,,False
fmr,2027,HB10858-FMR-0672-022,"Construction of Gabol Road 1, Purok 9-A, Brgy. Irisan FMR, Brgy. Irisan, Baguio City",11000000,2025,"Concreting of Sitio Dep-ang to Sitio Bilis, Brgy. Santo Tomas FMR Phase III, Brgy. Santo Tomas, Baguio City",10000000,0.539,1,1000000,HB 10858 Vol I-B p. 672,GAA-2025 · Department of Agriculture (DA) · Office of the Secretary,,,,not stated,one side stated,Prior Phase 3 only,False
fmr,2027,HB10858-FMR-0672-022,"Construction of Gabol Road 1, Purok 9-A, Brgy. Irisan FMR, Brgy. Irisan, Baguio City",11000000,2025,"Concreting of Brgy. Granada FMR Phase I, Brgy. Granada, Bacolod City",15000000,0.532,2,-4000000,HB 10858 Vol I-B p. 672,GAA-2025 · Department of Agriculture (DA) · Office of the Secretary,,,,not stated,one side stated,Prior Phase 1 only,False
fmr,2027,HB10858-FMR-0672-022,"Construction of Gabol Road 1, Purok 9-A, Brgy. Irisan FMR, Brgy. Irisan, Baguio City",11000000,2025,"Concreting of FMR at Purok 6 Phase 3, Brgy. Lunzuran, Zamboanga City",15000000,0.512,3,-4000000,HB 10858 Vol I-B p. 672,GAA-2025 · Department of Agriculture (DA) · Office of the Secretary,,,,not stated,one side stated,Prior Phase 3 only,False
fmr,2027,HB10858-FMR-0672-023,"Construction of Brgy. Bacnono FMR, Brgy. Bacnono, Bayambang, Pangasinan",5000000,2025,"Concreting of FMR at Brgy. Mangayao, Bayambang, Pangasinan",10000000,0.767,1,-5000000,HB 10858 Vol I-B p. 672,GAA-2025 · Department of Agriculture (DA) · Office of the Secretary,,,,not stated,not stated,,False
fmr,2027,HB10858-FMR-0672-023,"Construction of Brgy. Bacnono FMR, Brgy. Bacnono, Bayambang, Pangasinan",5000000,2025,"Concreting of FMR at Brgy. Inirangan, Bayambang, Pangasinan",10000000,0.757,2,-5000000,HB 10858 Vol I-B p. 672,GAA-2025 · Department of Agriculture (DA) · Office of the Secretary,,,,not stated,not stated,,False
fmr,2027,HB10858-FMR-0672-023,"Construction of Brgy. Bacnono FMR, Brgy. Bacnono, Bayambang, Pangasinan",5000000,2025,"Concreting of FMR at Brgy. Malioer, Bayambang, Pangasinan",10000000,0.75,3,-5000000,HB 10858 Vol I-B p. 672,GAA-2025 · Department of Agriculture (DA) · Office of the Secretary,,,,not stated,not stated,,False
fmr,2027,HB10858-FMR-0672-024,"Construction of Brgy. Mayag FMR, Brgy. Mayag, Bauco, Mountain Province",50000000,2025,"Concreting of Brgy. Mabaca FMR Phase II, Brgy. Mabaca, Balbalan, Kalinga",10000000,0.493,1,40000000,HB 10858 Vol I-B p. 672,GAA-2025 · Department of Agriculture (DA) · Office of the Secretary,,,,not stated,one side stated,Prior Phase 2 only,False
fmr,2027,HB10858-FMR-0672-024,"Construction of Brgy. Mayag FMR, Brgy. Mayag, Bauco, Mountain Province",50000000,2025,"Concreting of FMR at Brgy. Mangayao, Bayambang, Pangasinan",10000000,0.472,2,40000000,HB 10858 Vol I-B p. 672,GAA-2025 · Department of Agriculture (DA) · Office of the Secretary,,,,not stated,not stated,,False
fmr,2027,HB10858-FMR-0672-024,"Construction of Brgy. Mayag FMR, Brgy. Mayag, Bauco, Mountain Province",50000000,2025,"Concreting of FMR at Brgy. Coral, Ramos, Tarlac",10000000,0.426,3,40000000,HB 10858 Vol I-B p. 672,GAA-2025 · Department of Agriculture (DA) · Office of the Secretary,,,,not stated,not stated,,False
fmr,2027,HB10858-FMR-0672-025,"Construction of Brgy. Manambong Sur FMR, Brgy. Manambong Sur, Bayambang, Pangasinan",5000000,2025,"Concreting of FMR at Brgy. Mangayao, Bayambang, Pangasinan",10000000,0.706,1,-5000000,HB 10858 Vol I-B p. 672,GAA-2025 · Department of Agriculture (DA) · Office of the Secretary,,,,not stated,not stated,,False
fmr,2027,HB10858-FMR-0672-025,"Construction of Brgy. Manambong Sur FMR, Brgy. Manambong Sur, Bayambang, Pangasinan",5000000,2025,"Concreting of FMR at Brgy. Malioer, Bayambang, Pangasinan",10000000,0.69,2,-5000000,HB 10858 Vol I-B p. 672,GAA-2025 · Department of Agriculture (DA) · Office of the Secretary,,,,not stated,not stated,,False
fmr,2027,HB10858-FMR-0672-025,"Construction of Brgy. Manambong Sur FMR, Brgy. Manambong Sur, Bayambang, Pangasinan",5000000,2025,"Concreting of FMR at Brgy. Inirangan, Bayambang, Pangasinan",10000000,0.674,3,-5000000,HB 10858 Vol I-B p. 672,GAA-2025 · Department of Agriculture (DA) · Office of the Secretary,,,,not stated,not stated,,False
fmr,2027,HB10858-FMR-0672-026,"Construction of Lower Englandad-Tagongtongao- Boneng FMR, Brgy. Paoay, Atok, Benguet",67000000,2025,"Concreting of FMR at Brgy. Mangayao, Bayambang, Pangasinan",10000000,0.352,1,57000000,HB 10858 Vol I-B p. 672,GAA-2025 · Department of Agriculture (DA) · Office of the Secretary,,,,not stated,not stated,,False
fmr,2027,HB10858-FMR-0672-026,"Construction of Lower Englandad-Tagongtongao- Boneng FMR, Brgy. Paoay, Atok, Benguet",67000000,2025,"Concreting of Brgy. Caluangan FMR (Phase I), Brgy. Caluangan, Magallanes, Cavite",15000000,0.343,2,52000000,HB 10858 Vol I-B p. 672,GAA-2025 · Department of Agriculture (DA) · Office of the Secretary,,,,not stated,one side stated,Prior Phase 1 only,False
fmr,2027,HB10858-FMR-0672-026,"Construction of Lower Englandad-Tagongtongao- Boneng FMR, Brgy. Paoay, Atok, Benguet",67000000,2025,"Concreting of Brgy. Caluangan FMR (Phase II), Brgy. Caluangan, Magallanes, Cavite",10000000,0.343,3,57000000,HB 10858 Vol I-B p. 672,GAA-2025 · Department of Agriculture (DA) · Office of the Secretary,,,,not stated,one side stated,Prior Phase 2 only,False
fmr,2027,HB10858-FMR-0672-027,"Concreting of Brgy. Poblacion West - Brgy. Concepcion FMR, Rosario, La Union",15000000,2025,"Concreting of Brgy. Poblacion to Brgy. Dananao to Brgy. Tulgao FMR Phase II, Tinglayan, Kalinga",30000000,0.49,1,-15000000,HB 10858 Vol I-B p. 672,GAA-2025 · Department of Agriculture (DA) · Office of the Secretary,,,,not stated,one side stated,Prior Phase 2 only,False
fmr,2027,HB10858-FMR-0672-027,"Concreting of Brgy. Poblacion West - Brgy. Concepcion FMR, Rosario, La Union",15000000,2025,"Concreting of FMR at Camil-Bucutan, Brgy. San Fermin, Caba, La Union",21000000,0.386,2,-6000000,HB 10858 Vol I-B p. 672,GAA-2025 · Department of Agriculture (DA) · Office of the Secretary,,,,not stated,not stated,,False
fmr,2027,HB10858-FMR-0672-027,"Concreting of Brgy. Poblacion West - Brgy. Concepcion FMR, Rosario, La Union",15000000,2025,"Concreting of FMR at Brgy. Sto. Rosario, Candaba, Pampanga",20000000,0.385,3,-5000000,HB 10858 Vol I-B p. 672,GAA-2025 · Department of Agriculture (DA) · Office of the Secretary,,,,not stated,not stated,,False
fmr,2027,HB10858-FMR-0672-028,"Construction of Sowe-Cabayo-Keninchingan FMR, Brgy. Poblacion, Atok, Benguet",77000000,2025,"Concreting of Brgy. Mabaca FMR Phase II, Brgy. Mabaca, Balbalan, Kalinga",10000000,0.424,1,67000000,HB 10858 Vol I-B p. 672,GAA-2025 · Department of Agriculture (DA) · Office of the Secretary,,,,not stated,one side stated,Prior Phase 2 only,False
fmr,2027,HB10858-FMR-0672-028,"Construction of Sowe-Cabayo-Keninchingan FMR, Brgy. Poblacion, Atok, Benguet",77000000,2025,"Concreting of Brgy. Caluangan FMR (Phase I), Brgy. Caluangan, Magallanes, Cavite",15000000,0.391,2,62000000,HB 10858 Vol I-B p. 672,GAA-2025 · Department of Agriculture (DA) · Office of the Secretary,,,,not stated,one side stated,Prior Phase 1 only,False
fmr,2027,HB10858-FMR-0672-028,"Construction of Sowe-Cabayo-Keninchingan FMR, Brgy. Poblacion, Atok, Benguet",77000000,2025,"Concreting of Brgy. Catacte FMR Brgy. Catacte, Bustos, Bulacan",5000000,0.353,3,72000000,HB 10858 Vol I-B p. 672,GAA-2025 · Department of Agriculture (DA) · Office of the Secretary,,,,not stated,not stated,,False
fmr,2027,HB10858-FMR-0672-029,"Concreting of Brgy. Cadumanian FMR, Brgy. Cadumanian, Rosario, La Union",15000000,2025,"Concreting of FMR at Camil-Bucutan, Brgy. San Fermin, Caba, La Union",21000000,0.548,1,-6000000,HB 10858 Vol I-B p. 672,GAA-2025 · Department of Agriculture (DA) · Office of the Secretary,,,,not stated,not stated,,False
fmr,2027,HB10858-FMR-0672-029,"Concreting of Brgy. Cadumanian FMR, Brgy. Cadumanian, Rosario, La Union",15000000,2025,"Concreting of FMR at Brgy. Pandatun, Hermosa, Bataan",15000000,0.464,2,0,HB 10858 Vol I-B p. 672,GAA-2025 · Department of Agriculture (DA) · Office of the Secretary,,,,not stated,not stated,,False
fmr,2027,HB10858-FMR-0672-029,"Concreting of Brgy. Cadumanian FMR, Brgy. Cadumanian, Rosario, La Union",15000000,2025,"Concreting of FMR at Brgy. Coral, Ramos, Tarlac",10000000,0.438,3,5000000,HB 10858 Vol I-B p. 672,GAA-2025 · Department of Agriculture (DA) · Office of the Secretary,,,,not stated,not stated,,False
fmr,2027,HB10858-FMR-0672-033,"Construction of Sitio Dinacpan, Brgy. Karikitan to Sitio Tagtagat, Brgy. Calafug FMR,",30000000,2025,"Concreting of Sitio Dep-ang to Sitio Bilis, Brgy. Santo Tomas FMR Phase III, Brgy. Santo Tomas, Baguio City",10000000,0.426,1,20000000,HB 10858 Vol I-B p. 672,GAA-2025 · Department of Agriculture (DA) · Office of the Secretary,,,,not stated,one side stated,Prior Phase 3 only,False
fmr,2027,HB10858-FMR-0672-033,"Construction of Sitio Dinacpan, Brgy. Karikitan to Sitio Tagtagat, Brgy. Calafug FMR,",30000000,2025,"Concreting of Sitio Casaguingan, Brgy. Bairan to Brgy. Malaguinabot FMR (Phase II), Brgy. Bairan and Brgy. Malaguinabot, San Miguel, Leyte",15000000,0.4,2,15000000,HB 10858 Vol I-B p. 672,GAA-2025 · Department of Agriculture (DA) · Office of the Secretary,,,,not stated,one side stated,Prior Phase 2 only,False
fmr,2027,HB10858-FMR-0672-033,"Construction of Sitio Dinacpan, Brgy. Karikitan to Sitio Tagtagat, Brgy. Calafug FMR,",30000000,2025,"Concreting of FMR at Sitio San Isidro to Sitio Bulahan, Brgy. San Jose, Sto. Tomas, Davao del Norte",100000000,0.397,3,-70000000,HB 10858 Vol I-B p. 672,GAA-2025 · Department of Agriculture (DA) · Office of the Secretary,,,,not stated,not stated,,False
fmr,2027,HB10858-FMR-0674-002,"Construction of Sitio Americana-San Francisco Norte FMR, San Guillermo, Isabela",30000000,2025,"Concreting of Sitio Mainit, Brgy. San Jose FMR Phase 3, Brgy. San Jose, Antipolo City, Rizal",20000000,0.557,1,10000000,HB 10858 Vol I-B p. 674,GAA-2025 · Department of Agriculture (DA) · Office of the Secretary,,,,not stated,one side stated,Prior Phase 3 only,False
fmr,2027,HB10858-FMR-0674-002,"Construction of Sitio Americana-San Francisco Norte FMR, San Guillermo, Isabela",30000000,2025,"Concreting of Sitio San Ysiro, Brgy. San Jose FMR Phase 6, Brgy. San Jose, Antipolo City Rizal",15000000,0.525,2,15000000,HB 10858 Vol I-B p. 674,GAA-2025 · Department of Agriculture (DA) · Office of the Secretary,,,,not stated,one side stated,Prior Phase 6 only,False
fmr,2027,HB10858-FMR-0674-002,"Construction of Sitio Americana-San Francisco Norte FMR, San Guillermo, Isabela",30000000,2025,"Concreting of FMR at Sitio Kapirokuhan, Brgy. San Isidro, Bulusan, Sorsogon",10000000,0.455,3,20000000,HB 10858 Vol I-B p. 674,GAA-2025 · Department of Agriculture (DA) · Office of the Secretary,,,,not stated,not stated,,False
fmr,2027,HB10858-FMR-0674-004,"Construction of Brgy. Macalong (Cell Site) FMR, Brgy. Macalong, Kasibu, Nueva Vizcaya",15000000,2025,"Opening and Concreting of FMR at Brgy. Quirino-San Geronimo, Bagabag, Nueva Vizcaya",30000000,0.528,1,-15000000,HB 10858 Vol I-B p. 674,GAA-2025 · Department of Agriculture (DA) · Office of the Secretary,,,,not stated,not stated,,False
fmr,2027,HB10858-FMR-0674-004,"Construction of Brgy. Macalong (Cell Site) FMR, Brgy. Macalong, Kasibu, Nueva Vizcaya",15000000,2025,"Concreting of Brgy. Sta. Isabel FMR (Phase II), Cabiao, Nueva Ecija",15000000,0.494,2,0,HB 10858 Vol I-B p. 674,GAA-2025 · Department of Agriculture (DA) · Office of the Secretary,,,,not stated,one side stated,Prior Phase 2 only,False
fmr,2027,HB10858-FMR-0674-004,"Construction of Brgy. Macalong (Cell Site) FMR, Brgy. Macalong, Kasibu, Nueva Vizcaya",15000000,2025,"Concreting of Brgy. Mabaca FMR Phase II, Brgy. Mabaca, Balbalan, Kalinga",10000000,0.488,3,5000000,HB 10858 Vol I-B p. 674,GAA-2025 · Department of Agriculture (DA) · Office of the Secretary,,,,not stated,one side stated,Prior Phase 2 only,False
fmr,2027,HB10858-FMR-0674-006,"Improvement of Sagpat-God-ang-Manawal FMR, Brgy. Sagpat to Brgy. Lubo, Kibungan, Benguet",25000000,2025,"Concreting of Sitio Dep-ang to Sitio Bilis, Brgy. Santo Tomas FMR Phase III, Brgy. Santo Tomas, Baguio City",10000000,0.413,1,15000000,HB 10858 Vol I-B p. 674,GAA-2025 · Department of Agriculture (DA) · Office of the Secretary,,,,not stated,one side stated,Prior Phase 3 only,False
fmr,2027,HB10858-FMR-0674-006,"Improvement of Sagpat-God-ang-Manawal FMR, Brgy. Sagpat to Brgy. Lubo, Kibungan, Benguet",25000000,2025,Farm-to-Market Road (FMR) Network Planning and Monitoring Services,2344000,0.356,2,22656000,HB 10858 Vol I-B p. 674,GAA-2025 · Department of Agriculture (DA) · Office of the Secretary,,,,not stated,not stated,,False
fmr,2027,HB10858-FMR-0674-006,"Improvement of Sagpat-God-ang-Manawal FMR, Brgy. Sagpat to Brgy. Lubo, Kibungan, Benguet",25000000,2025,Farm-to-Market Road (FMR) Network Planning and Monitoring Services,7537000,0.356,3,17463000,HB 10858 Vol I-B p. 674,GAA-2025 · Department of Agriculture (DA) · Office of the Secretary,,,,not stated,not stated,,False
fmr,2027,HB10858-FMR-0674-007,"Construction of Sitio Diawe, Brgy. Sta. Victoria to Sitio San Juan, Brgy. Diodol FMR, Brgy. Sta. Victoria and Brgy. Diodol, Aglipay, Quirino",30000000,2025,"Concreting of Sitio Dep-ang to Sitio Bilis, Brgy. Santo Tomas FMR Phase III, Brgy. Santo Tomas, Baguio City",10000000,0.497,1,20000000,HB 10858 Vol I-B p. 674,GAA-2025 · Department of Agriculture (DA) · Office of the Secretary,,,,not stated,one side stated,Prior Phase 3 only,False
fmr,2027,HB10858-FMR-0674-007,"Construction of Sitio Diawe, Brgy. Sta. Victoria to Sitio San Juan, Brgy. Diodol FMR, Brgy. Sta. Victoria and Brgy. Diodol, Aglipay, Quirino",30000000,2025,"Concreting of Purok 8 to Sitio Manangahon to Sitio Palo, Brgy. Mate FMR (Phase II), San Francisco, Agusan del Sur",15000000,0.452,2,15000000,HB 10858 Vol I-B p. 674,GAA-2025 · Department of Agriculture (DA) · Office of the Secretary,,,,not stated,one side stated,Prior Phase 2 only,False
fmr,2027,HB10858-FMR-0674-007,"Construction of Sitio Diawe, Brgy. Sta. Victoria to Sitio San Juan, Brgy. Diodol FMR, Brgy. Sta. Victoria and Brgy. Diodol, Aglipay, Quirino",30000000,2025,"Concreting of Brgy. San Vicente to Top Bridge FMR (Phase I), Brgy. San Vicente, Jabonga, Agusan Del Norte",45000000,0.439,3,-15000000,HB 10858 Vol I-B p. 674,GAA-2025 · Department of Agriculture (DA) · Office of the Secretary,,,,not stated,one side stated,Prior Phase 1 only,False
fmr,2027,HB10858-FMR-0674-009,"Construction of Sitio Balukingking, Brgy. Magsaysay FMR, Brgy. Magsaysay, Naguilian, Isabela",15000000,2025,"Concreting of Sitio Gumihan, Brgy. Maytoong FMR Phase II, Brgy. Maytoong, Paete, Laguna",5550000,0.481,1,9450000,HB 10858 Vol I-B p. 674,GAA-2025 · Department of Agriculture (DA) · Office of the Secretary,,,,not stated,one side stated,Prior Phase 2 only,False
fmr,2027,HB10858-FMR-0674-009,"Construction of Sitio Balukingking, Brgy. Magsaysay FMR, Brgy. Magsaysay, Naguilian, Isabela",15000000,2025,"Concreting of Sitio Malaya FMR at Brgy. Aningway Subic, Zambales",15000000,0.48,2,0,HB 10858 Vol I-B p. 674,GAA-2025 · Department of Agriculture (DA) · Office of the Secretary,,,,not stated,not stated,,False
fmr,2027,HB10858-FMR-0674-009,"Construction of Sitio Balukingking, Brgy. Magsaysay FMR, Brgy. Magsaysay, Naguilian, Isabela",15000000,2025,"Concreting of FMR at Sitio Baliteng Pula, Brgy. Pagasa, Orani, Bataan",15000000,0.466,3,0,HB 10858 Vol I-B p. 674,GAA-2025 · Department of Agriculture (DA) · Office of the Secretary,,,,not stated,not stated,,False
fmr,2027,HB10858-FMR-0674-011,"Construction of Sitio Dalayap to Sitio Ibujan, Brgy. Disulap FMR, Brgy. Disulap, San Mariano, Isabela",30000000,2025,"Concreting of Sitio Dep-ang to Sitio Bilis, Brgy. Santo Tomas FMR Phase III, Brgy. Santo Tomas, Baguio City",10000000,0.555,1,20000000,HB 10858 Vol I-B p. 674,GAA-2025 · Department of Agriculture (DA) · Office of the Secretary,,,,not stated,one side stated,Prior Phase 3 only,False
fmr,2027,HB10858-FMR-0674-011,"Construction of Sitio Dalayap to Sitio Ibujan, Brgy. Disulap FMR, Brgy. Disulap, San Mariano, Isabela",30000000,2025,"Concreting of Purok 8 to Sitio Manangahon to Sitio Palo, Brgy. Mate FMR (Phase II), San Francisco, Agusan del Sur",15000000,0.486,2,15000000,HB 10858 Vol I-B p. 674,GAA-2025 · Department of Agriculture (DA) · Office of the Secretary,,,,not stated,one side stated,Prior Phase 2 only,False
fmr,2027,HB10858-FMR-0674-011,"Construction of Sitio Dalayap to Sitio Ibujan, Brgy. Disulap FMR, Brgy. Disulap, San Mariano, Isabela",30000000,2025,"Concreting of Brgy. Impo to Brgy. Canap FMR Phase II, Brgy. Impo and Brgy. Canap, San Miguel, Leyte",15000000,0.474,3,15000000,HB 10858 Vol I-B p. 674,GAA-2025 · Department of Agriculture (DA) · Office of the Secretary,,,,not stated,one side stated,Prior Phase 2 only,False
fmr,2027,HB10858-FMR-0674-013,"Construction of Dicadyuan to Brgy. Didaddungan FMR, Brgy. Dicadyuan, Palanan, Isabela and Brgy. Diddadungan, Palanan, Isabela",30000000,2025,"Concreting of Brgy. Cabunbata FMR Phase II, Brgy. Cabunbata, Isabela City, Basilan",21000000,0.46,1,9000000,HB 10858 Vol I-B p. 674,GAA-2025 · Department of Agriculture (DA) · Office of the Secretary,,,,not stated,one side stated,Prior Phase 2 only,False
fmr,2027,HB10858-FMR-0674-013,"Construction of Dicadyuan to Brgy. Didaddungan FMR, Brgy. Dicadyuan, Palanan, Isabela and Brgy. Diddadungan, Palanan, Isabela",30000000,2025,Farm-to-Market Road (FMR) Network Planning and Monitoring Services,2344000,0.336,2,27656000,HB 10858 Vol I-B p. 674,GAA-2025 · Department of Agriculture (DA) · Office of the Secretary,,,,not stated,not stated,,False
fmr,2027,HB10858-FMR-0674-013,"Construction of Dicadyuan to Brgy. Didaddungan FMR, Brgy. Dicadyuan, Palanan, Isabela and Brgy. Diddadungan, Palanan, Isabela",30000000,2025,Farm-to-Market Road (FMR) Network Planning and Monitoring Services,7537000,0.336,3,22463000,HB 10858 Vol I-B p. 674,GAA-2025 · Department of Agriculture (DA) · Office of the Secretary,,,,not stated,not stated,,False
fmr,2027,HB10858-FMR-0674-014,"Construction of Balagubag, Brgy. Magsidel FMR, Brgy. Magsidel, Calayan, Cagayan",15000000,2025,"Concreting of Brgy. Guiddam FMR (Phase II), Brgy. Guiddam, Abulug, Cagayan",10000000,0.519,1,5000000,HB 10858 Vol I-B p. 674,GAA-2025 · Department of Agriculture (DA) · Office of the Secretary,,,,not stated,one side stated,Prior Phase 2 only,False
fmr,2027,HB10858-FMR-0674-014,"Construction of Balagubag, Brgy. Magsidel FMR, Brgy. Magsidel, Calayan, Cagayan",15000000,2025,"Concreting of FMR at Brgy. Malioer, Bayambang, Pangasinan",10000000,0.481,2,5000000,HB 10858 Vol I-B p. 674,GAA-2025 · Department of Agriculture (DA) · Office of the Secretary,,,,not stated,not stated,,False
fmr,2027,HB10858-FMR-0674-014,"Construction of Balagubag, Brgy. Magsidel FMR, Brgy. Magsidel, Calayan, Cagayan",15000000,2025,"Concreting of Brgy. Mabaca FMR Phase II, Brgy. Mabaca, Balbalan, Kalinga",10000000,0.469,3,5000000,HB 10858 Vol I-B p. 674,GAA-2025 · Department of Agriculture (DA) · Office of the Secretary,,,,not stated,one side stated,Prior Phase 2 only,False
fmr,2027,HB10858-FMR-0674-015,"Construction of Calog Norte FMR, Brgy. Calog Norte, Abulug, Cagayan",15000000,2025,"Concreting of Brgy. Guiddam FMR (Phase II), Brgy. Guiddam, Abulug, Cagayan",10000000,0.579,1,5000000,HB 10858 Vol I-B p. 674,GAA-2025 · Department of Agriculture (DA) · Office of the Secretary,,,,not stated,one side stated,Prior Phase 2 only,False
fmr,2027,HB10858-FMR-0674-015,"Construction of Calog Norte FMR, Brgy. Calog Norte, Abulug, Cagayan",15000000,2025,"Concreting of Buyun FMR (Rambo Drive), Santa Teresita, Cagayan",10888000,0.488,2,4112000,HB 10858 Vol I-B p. 674,GAA-2025 · Department of Agriculture (DA) · Office of the Secretary,,,,not stated,not stated,,False
fmr,2027,HB10858-FMR-0674-015,"Construction of Calog Norte FMR, Brgy. Calog Norte, Abulug, Cagayan",15000000,2025,"Concreting of Brgy. Cugman FMR (Phase III), Brgy. Cugman, Cagayan de Oro City, Misamis Oriental",15000000,0.396,3,0,HB 10858 Vol I-B p. 674,GAA-2025 · Department of Agriculture (DA) · Office of the Secretary,,,,not stated,one side stated,Prior Phase 3 only,False
fmr,2027,HB10858-FMR-0674-017,"Construction of Brgy. Cabasan FMR, Brgy. Cabasan, Peñablanca, Cagayan",15000000,2025,"Concreting of Buyun FMR (Rambo Drive), Santa Teresita, Cagayan",10888000,0.561,1,4112000,HB 10858 Vol I-B p. 674,GAA-2025 · Department of Agriculture (DA) · Office of the Secretary,,,,not stated,not stated,,False
fmr,2027,HB10858-FMR-0674-017,"Construction of Brgy. Cabasan FMR, Brgy. Cabasan, Peñablanca, Cagayan",15000000,2025,"Concreting of Brgy. Mabaca FMR Phase II, Brgy. Mabaca, Balbalan, Kalinga",10000000,0.556,2,5000000,HB 10858 Vol I-B p. 674,GAA-2025 · Department of Agriculture (DA) · Office of the Secretary,,,,not stated,one side stated,Prior Phase 2 only,False
fmr,2027,HB10858-FMR-0674-017,"Construction of Brgy. Cabasan FMR, Brgy. Cabasan, Peñablanca, Cagayan",15000000,2025,"Concreting of Brgy. Guiddam FMR (Phase II), Brgy. Guiddam, Abulug, Cagayan",10000000,0.528,3,5000000,HB 10858 Vol I-B p. 674,GAA-2025 · Department of Agriculture (DA) · Office of the Secretary,,,,not stated,one side stated,Prior Phase 2 only,False
fmr,2027,HB10858-FMR-0674-018,"Construction of Brgy. Cumabao to Brgy. San Vicente FMR, Brgy. Cumabao, Tumauini, Isabela",30000000,2025,"Concreting of Brgy. Tabason-Sto. Tomas-San Vicente FMR (Phase II), Tagkawayan, Quezon",10000000,0.529,1,20000000,HB 10858 Vol I-B p. 674,GAA-2025 · Department of Agriculture (DA) · Office of the Secretary,,,,not stated,one side stated,Prior Phase 2 only,False
fmr,2027,HB10858-FMR-0674-018,"Construction of Brgy. Cumabao to Brgy. San Vicente FMR, Brgy. Cumabao, Tumauini, Isabela",30000000,2025,"Concreting of Bubug FMR (Phase I), Brgy. Bubug, Sto. Tomas, Isabela",15000000,0.524,2,15000000,HB 10858 Vol I-B p. 674,GAA-2025 · Department of Agriculture (DA) · Office of the Secretary,,,,not stated,one side stated,Prior Phase 1 only,False
fmr,2027,HB10858-FMR-0674-018,"Construction of Brgy. Cumabao to Brgy. San Vicente FMR, Brgy. Cumabao, Tumauini, Isabela",30000000,2025,"Concreting of Brgy. Bubug FMR (Phase II), Brgy. Bubug, Sto. Tomas, Isabela",20000000,0.524,3,10000000,HB 10858 Vol I-B p. 674,GAA-2025 · Department of Agriculture (DA) · Office of the Secretary,,,,not stated,one side stated,Prior Phase 2 only,False
fmr,2027,HB10858-FMR-0674-019,"Construction of Brgy. La Suerte FMR, Brgy. La Suerte, Amulung, Cagayan",15000000,2025,"Concreting of Brgy. Guiddam FMR (Phase II), Brgy. Guiddam, Abulug, Cagayan",10000000,0.575,1,5000000,HB 10858 Vol I-B p. 674,GAA-2025 · Department of Agriculture (DA) · Office of the Secretary,,,,not stated,one side stated,Prior Phase 2 only,False
fmr,2027,HB10858-FMR-0674-019,"Construction of Brgy. La Suerte FMR, Brgy. La Suerte, Amulung, Cagayan",15000000,2025,"Concreting of FMR at Brgy. Malioer, Bayambang, Pangasinan",10000000,0.507,2,5000000,HB 10858 Vol I-B p. 674,GAA-2025 · Department of Agriculture (DA) · Office of the Secretary,,,,not stated,not stated,,False
fmr,2027,HB10858-FMR-0674-019,"Construction of Brgy. La Suerte FMR, Brgy. La Suerte, Amulung, Cagayan",15000000,2025,"Concreting of Buyun FMR (Rambo Drive), Santa Teresita, Cagayan",10888000,0.482,3,4112000,HB 10858 Vol I-B p. 674,GAA-2025 · Department of Agriculture (DA) · Office of the Secretary,,,,not stated,not stated,,False
fmr,2027,HB10858-FMR-0674-020,"Construction of Brgy. Barcolan to Brgy. Mabini FMR, Gamu, Isabela",55000000,2025,"Concreting of Bubug FMR (Phase I), Brgy. Bubug, Sto. Tomas, Isabela",15000000,0.5,1,40000000,HB 10858 Vol I-B p. 674,GAA-2025 · Department of Agriculture (DA) · Office of the Secretary,,,,not stated,one side stated,Prior Phase 1 only,False
fmr,2027,HB10858-FMR-0674-020,"Construction of Brgy. Barcolan to Brgy. Mabini FMR, Gamu, Isabela",55000000,2025,"Concreting of Brgy. Bubug FMR (Phase II), Brgy. Bubug, Sto. Tomas, Isabela",20000000,0.5,2,35000000,HB 10858 Vol I-B p. 674,GAA-2025 · Department of Agriculture (DA) · Office of the Secretary,,,,not stated,one side stated,Prior Phase 2 only,False
fmr,2027,HB10858-FMR-0674-020,"Construction of Brgy. Barcolan to Brgy. Mabini FMR, Gamu, Isabela",55000000,2025,"Concreting of Brgy. Cabunbata FMR Phase II, Brgy. Cabunbata, Isabela City, Basilan",21000000,0.456,3,34000000,HB 10858 Vol I-B p. 674,GAA-2025 · Department of Agriculture (DA) · Office of the Secretary,,,,not stated,one side stated,Prior Phase 2 only,False
fmr,2027,HB10858-FMR-0674-022,"Construction of Brgy. Gaddanan - Brgy. Mataas na Kahoy - Brgy. Nagrumbuan FMR,",15000000,2025,"Concreting of FMR at Brgy. Mapaniqui, Candaba, Pampanga",35000000,0.348,1,-20000000,HB 10858 Vol I-B p. 674,GAA-2025 · Department of Agriculture (DA) · Office of the Secretary,,,,not stated,not stated,,False
fmr,2027,HB10858-FMR-0674-022,"Construction of Brgy. Gaddanan - Brgy. Mataas na Kahoy - Brgy. Nagrumbuan FMR,",15000000,2025,"Concreting of FMR at Brgy. Salapungan, Candaba, Pampanga",30000000,0.343,2,-15000000,HB 10858 Vol I-B p. 674,GAA-2025 · Department of Agriculture (DA) · Office of the Secretary,,,,not stated,not stated,,False
fmr,2027,HB10858-FMR-0674-022,"Construction of Brgy. Gaddanan - Brgy. Mataas na Kahoy - Brgy. Nagrumbuan FMR,",15000000,2025,"Concreting of FMR at Brgy. Pandatun, Hermosa, Bataan",15000000,0.333,3,0,HB 10858 Vol I-B p. 674,GAA-2025 · Department of Agriculture (DA) · Office of the Secretary,,,,not stated,not stated,,False
fmr,2027,HB10858-FMR-0674-023,"Construction of Brgy. Antagan to Brgy. Poblacion FMR, Brgy. Antagan, San Pablo, Isabela",30000000,2025,"Concreting of Brgy. Annanuman - Brgy. Dalena FMR Phase III, Brgy. Annanuman, San Pablo, Isabela",10000000,0.735,1,20000000,HB 10858 Vol I-B p. 674,GAA-2025 · Department of Agriculture (DA) · Office of the Secretary,,,,not stated,one side stated,Prior Phase 3 only,False
fmr,2027,HB10858-FMR-0674-023,"Construction of Brgy. Antagan to Brgy. Poblacion FMR, Brgy. Antagan, San Pablo, Isabela",30000000,2025,"Concreting of Brgy. Catigahan to Brgy. San Pablo to Brgy. San Roque FMR (Phase II), Brgys. Catigahan, San Pablo and San Roque, Palompon, Leyte",25000000,0.557,2,5000000,HB 10858 Vol I-B p. 674,GAA-2025 · Department of Agriculture (DA) · Office of the Secretary,,,,not stated,one side stated,Prior Phase 2 only,False
fmr,2027,HB10858-FMR-0674-023,"Construction of Brgy. Antagan to Brgy. Poblacion FMR, Brgy. Antagan, San Pablo, Isabela",30000000,2025,"Concreting of FMR at Sitio Atagon to Brgy. San Antonio, Palo, Leyte",15000000,0.5,3,15000000,HB 10858 Vol I-B p. 674,GAA-2025 · Department of Agriculture (DA) · Office of the Secretary,,,,not stated,not stated,,False
fmr,2027,HB10858-FMR-0674-024,"Construction of Brgy. Cabisera 17-21 to Brgy. Sindon Maride FMR, Brgy. Cabisera 17-21,",45000000,2025,Farm-to-Market Road (FMR) Network Planning and Monitoring Services,2344000,0.258,1,42656000,HB 10858 Vol I-B p. 674,GAA-2025 · Department of Agriculture (DA) · Office of the Secretary,,,,not stated,not stated,,False
fmr,2027,HB10858-FMR-0674-024,"Construction of Brgy. Cabisera 17-21 to Brgy. Sindon Maride FMR, Brgy. Cabisera 17-21,",45000000,2025,Farm-to-Market Road (FMR) Network Planning and Monitoring Services,7537000,0.258,2,37463000,HB 10858 Vol I-B p. 674,GAA-2025 · Department of Agriculture (DA) · Office of the Secretary,,,,not stated,not stated,,False
fmr,2027,HB10858-FMR-0674-024,"Construction of Brgy. Cabisera 17-21 to Brgy. Sindon Maride FMR, Brgy. Cabisera 17-21,",45000000,2025,Farm-to-Market Road (FMR) Network Planning and Monitoring Services,185000,0.258,3,44815000,HB 10858 Vol I-B p. 674,GAA-2025 · Department of Agriculture (DA) · Office of the Secretary,,,,not stated,not stated,,False
fmr,2027,HB10858-FMR-0674-025,"Construction of Spanish Road Brgy. Linglingay FMR, Alicia, Isabela",15000000,2025,"Concreting of Brgy. Annanuman - Brgy. Dalena FMR Phase III, Brgy. Annanuman, San Pablo, Isabela",10000000,0.494,1,5000000,HB 10858 Vol I-B p. 674,GAA-2025 · Department of Agriculture (DA) · Office of the Secretary,,,,not stated,one side stated,Prior Phase 3 only,False
fmr,2027,HB10858-FMR-0674-025,"Construction of Spanish Road Brgy. Linglingay FMR, Alicia, Isabela",15000000,2025,"Concreting of Brgy. Calamagui North FMR Phase II, Brgy. Calamagui North, Santa Maria, Isabela",10000000,0.457,2,5000000,HB 10858 Vol I-B p. 674,GAA-2025 · Department of Agriculture (DA) · Office of the Secretary,,,,not stated,one side stated,Prior Phase 2 only,False
fmr,2027,HB10858-FMR-0674-025,"Construction of Spanish Road Brgy. Linglingay FMR, Alicia, Isabela",15000000,2025,"Concreting of Brgy. Cabunbata FMR Phase II, Brgy. Cabunbata, Isabela City, Basilan",21000000,0.444,3,-6000000,HB 10858 Vol I-B p. 674,GAA-2025 · Department of Agriculture (DA) · Office of the Secretary,,,,not stated,one side stated,Prior Phase 2 only,False
fmr,2027,HB10858-FMR-0674-026,"Construction of Brgy. Gayong FMR, Cordon, Isabela",15000000,2025,"Concreting of Bubug FMR (Phase I), Brgy. Bubug, Sto. Tomas, Isabela",15000000,0.552,1,0,HB 10858 Vol I-B p. 674,GAA-2025 · Department of Agriculture (DA) · Office of the Secretary,,,,not stated,one side stated,Prior Phase 1 only,False
fmr,2027,HB10858-FMR-0674-026,"Construction of Brgy. Gayong FMR, Cordon, Isabela",15000000,2025,"Concreting of Brgy. Bubug FMR (Phase II), Brgy. Bubug, Sto. Tomas, Isabela",20000000,0.552,2,-5000000,HB 10858 Vol I-B p. 674,GAA-2025 · Department of Agriculture (DA) · Office of the Secretary,,,,not stated,one side stated,Prior Phase 2 only,False
fmr,2027,HB10858-FMR-0674-026,"Construction of Brgy. Gayong FMR, Cordon, Isabela",15000000,2025,"Concreting of Brgy. Cabunbata FMR Phase II, Brgy. Cabunbata, Isabela City, Basilan",21000000,0.493,3,-6000000,HB 10858 Vol I-B p. 674,GAA-2025 · Department of Agriculture (DA) · Office of the Secretary,,,,not stated,one side stated,Prior Phase 2 only,False
fmr,2027,HB10858-FMR-0674-027,"Construction of Brgy. Lingaling FMR, Brgy. Lingaling, Santa Maria, Isabela",25000000,2025,"Concreting of Brgy. Calamagui North FMR Phase II, Brgy. Calamagui North, Santa Maria, Isabela",10000000,0.673,1,15000000,HB 10858 Vol I-B p. 674,GAA-2025 · Department of Agriculture (DA) · Office of the Secretary,,,,not stated,one side stated,Prior Phase 2 only,False
fmr,2027,HB10858-FMR-0674-027,"Construction of Brgy. Lingaling FMR, Brgy. Lingaling, Santa Maria, Isabela",25000000,2025,"Concreting of Brgy. Tanglad FMR (Phase II), Brgy. Tanglad, Sta. Maria, Davao Occidental",15000000,0.562,2,10000000,HB 10858 Vol I-B p. 674,GAA-2025 · Department of Agriculture (DA) · Office of the Secretary,,,,not stated,one side stated,Prior Phase 2 only,False
fmr,2027,HB10858-FMR-0674-027,"Construction of Brgy. Lingaling FMR, Brgy. Lingaling, Santa Maria, Isabela",25000000,2025,"Concreting of Bubug FMR (Phase I), Brgy. Bubug, Sto. Tomas, Isabela",15000000,0.553,3,10000000,HB 10858 Vol I-B p. 674,GAA-2025 · Department of Agriculture (DA) · Office of the Secretary,,,,not stated,one side stated,Prior Phase 1 only,False
fmr,2027,HB10858-FMR-0674-028,"Construction of Quirat Road-Lachica Street, Rizal FMR, Santiago City, Isabela",15000000,2025,"Concreting of Sitio Mainit, Brgy. San Jose FMR Phase 3, Brgy. San Jose, Antipolo City, Rizal",20000000,0.523,1,-5000000,HB 10858 Vol I-B p. 674,GAA-2025 · Department of Agriculture (DA) · Office of the Secretary,,,,not stated,one side stated,Prior Phase 3 only,False
fmr,2027,HB10858-FMR-0674-028,"Construction of Quirat Road-Lachica Street, Rizal FMR, Santiago City, Isabela",15000000,2025,"Concreting of Brgy. Annanuman - Brgy. Dalena FMR Phase III, Brgy. Annanuman, San Pablo, Isabela",10000000,0.455,2,5000000,HB 10858 Vol I-B p. 674,GAA-2025 · Department of Agriculture (DA) · Office of the Secretary,,,,not stated,one side stated,Prior Phase 3 only,False
fmr,2027,HB10858-FMR-0674-028,"Construction of Quirat Road-Lachica Street, Rizal FMR, Santiago City, Isabela",15000000,2025,"Concreting of Sitio San Ysiro, Brgy. San Jose FMR Phase 6, Brgy. San Jose, Antipolo City Rizal",15000000,0.455,3,0,HB 10858 Vol I-B p. 674,GAA-2025 · Department of Agriculture (DA) · Office of the Secretary,,,,not stated,one side stated,Prior Phase 6 only,False
fmr,2027,HB10858-FMR-0674-029,"Construction of Brgy. San Vicente-Brgy. Limbauan FMR, Brgy. San Vicente and Brgy. Limbauan, San Pablo, Isabela",30000000,2025,"Concreting of Brgy. Annanuman - Brgy. Dalena FMR Phase III, Brgy. Annanuman, San Pablo, Isabela",10000000,0.631,1,20000000,HB 10858 Vol I-B p. 674,GAA-2025 · Department of Agriculture (DA) · Office of the Secretary,,,,not stated,one side stated,Prior Phase 3 only,False
fmr,2027,HB10858-FMR-0674-029,"Construction of Brgy. San Vicente-Brgy. Limbauan FMR, Brgy. San Vicente and Brgy. Limbauan, San Pablo, Isabela",30000000,2025,"Concreting of Brgy. San Vicente to Top Bridge FMR (Phase I), Brgy. San Vicente, Jabonga, Agusan Del Norte",45000000,0.605,2,-15000000,HB 10858 Vol I-B p. 674,GAA-2025 · Department of Agriculture (DA) · Office of the Secretary,,,,not stated,one side stated,Prior Phase 1 only,False
fmr,2027,HB10858-FMR-0674-029,"Construction of Brgy. San Vicente-Brgy. Limbauan FMR, Brgy. San Vicente and Brgy. Limbauan, San Pablo, Isabela",30000000,2025,"Concreting of Brgy. Man-ogob FMR Phase II, Brgy. Man-ogob, San Vicente, Camarines Norte",50000000,0.482,3,-20000000,HB 10858 Vol I-B p. 674,GAA-2025 · Department of Agriculture (DA) · Office of the Secretary,,,,not stated,one side stated,Prior Phase 2 only,False
fmr,2027,HB10858-FMR-0674-031,"Construction of Sitio Baccay-Sitio Umayam, Brgy. San Antonio FMR, Brgy. San Antonio, Cabagan, Isabela",30000000,2025,"Concreting of Sitio San Ysiro, Brgy. San Jose FMR Phase 6, Brgy. San Jose, Antipolo City Rizal",15000000,0.556,1,15000000,HB 10858 Vol I-B p. 674,GAA-2025 · Department of Agriculture (DA) · Office of the Secretary,,,,not stated,one side stated,Prior Phase 6 only,False
fmr,2027,HB10858-FMR-0674-031,"Construction of Sitio Baccay-Sitio Umayam, Brgy. San Antonio FMR, Brgy. San Antonio, Cabagan, Isabela",30000000,2025,"Concreting of Sitio Mainit, Brgy. San Jose FMR Phase 3, Brgy. San Jose, Antipolo City, Rizal",20000000,0.537,2,10000000,HB 10858 Vol I-B p. 674,GAA-2025 · Department of Agriculture (DA) · Office of the Secretary,,,,not stated,one side stated,Prior Phase 3 only,False
fmr,2027,HB10858-FMR-0674-031,"Construction of Sitio Baccay-Sitio Umayam, Brgy. San Antonio FMR, Brgy. San Antonio, Cabagan, Isabela",30000000,2025,"Concreting of Brgy. San Antonio to Brgy. Lugui FMR (Phase II), Brgy. San Antonio and Brgy. Lugui, Labo, Camarines Norte",15000000,0.515,3,15000000,HB 10858 Vol I-B p. 674,GAA-2025 · Department of Agriculture (DA) · Office of the Secretary,,,,not stated,one side stated,Prior Phase 2 only,False
fmr,2027,HB10858-FMR-0674-032,"Construction of Brgy. Macañao to Brgy. Luyao FMR Phase II, Luna, Isabela",15000000,2025,"Concreting of Brgy. Cabunbata FMR Phase II, Brgy. Cabunbata, Isabela City, Basilan",21000000,0.545,1,-6000000,HB 10858 Vol I-B p. 674,GAA-2025 · Department of Agriculture (DA) · Office of the Secretary,,,,not stated,same tranche,,False
fmr,2027,HB10858-FMR-0674-032,"Construction of Brgy. Macañao to Brgy. Luyao FMR Phase II, Luna, Isabela",15000000,2025,"Concreting of Bubug FMR (Phase I), Brgy. Bubug, Sto. Tomas, Isabela",15000000,0.485,2,0,HB 10858 Vol I-B p. 674,GAA-2025 · Department of Agriculture (DA) · Office of the Secretary,,,,not stated,different tranche,Phase 2 vs 1,True
fmr,2027,HB10858-FMR-0674-032,"Construction of Brgy. Macañao to Brgy. Luyao FMR Phase II, Luna, Isabela",15000000,2025,"Concreting of Brgy. Bubug FMR (Phase II), Brgy. Bubug, Sto. Tomas, Isabela",20000000,0.485,3,-5000000,HB 10858 Vol I-B p. 674,GAA-2025 · Department of Agriculture (DA) · Office of the Secretary,,,,not stated,same tranche,,False
fmr,2027,HB10858-FMR-0676-001,"Construction of Brgy. Simanu Norte FMR, Brgy. Simanu Norte, San Pablo, Isabela",40000000,2025,"Concreting of Brgy. Annanuman - Brgy. Dalena FMR Phase III, Brgy. Annanuman, San Pablo, Isabela",10000000,0.653,1,30000000,HB 10858 Vol I-B p. 676,GAA-2025 · Department of Agriculture (DA) · Office of the Secretary,,,,not stated,one side stated,Prior Phase 3 only,False
fmr,2027,HB10858-FMR-0676-001,"Construction of Brgy. Simanu Norte FMR, Brgy. Simanu Norte, San Pablo, Isabela",40000000,2025,"Concreting of Bubug FMR (Phase I), Brgy. Bubug, Sto. Tomas, Isabela",15000000,0.45,2,25000000,HB 10858 Vol I-B p. 676,GAA-2025 · Department of Agriculture (DA) · Office of the Secretary,,,,not stated,one side stated,Prior Phase 1 only,False
fmr,2027,HB10858-FMR-0676-001,"Construction of Brgy. Simanu Norte FMR, Brgy. Simanu Norte, San Pablo, Isabela",40000000,2025,"Concreting of Brgy. Bubug FMR (Phase II), Brgy. Bubug, Sto. Tomas, Isabela",20000000,0.45,3,20000000,HB 10858 Vol I-B p. 676,GAA-2025 · Department of Agriculture (DA) · Office of the Secretary,,,,not stated,one side stated,Prior Phase 2 only,False
fmr,2027,HB10858-FMR-0676-002,"Construction of Brgy. Ramos West FMR, San Isidro, Isabela",15000000,2025,"Concreting of Brgy. Annanuman - Brgy. Dalena FMR Phase III, Brgy. Annanuman, San Pablo, Isabela",10000000,0.543,1,5000000,HB 10858 Vol I-B p. 676,GAA-2025 · Department of Agriculture (DA) · Office of the Secretary,,,,not stated,one side stated,Prior Phase 3 only,False
fmr,2027,HB10858-FMR-0676-002,"Construction of Brgy. Ramos West FMR, San Isidro, Isabela",15000000,2025,"Concreting of FMR at Brgy. San Isidro to Sitio Banawag, Sta. Fe, Leyte",15000000,0.519,2,0,HB 10858 Vol I-B p. 676,GAA-2025 · Department of Agriculture (DA) · Office of the Secretary,,,,not stated,not stated,,False
fmr,2027,HB10858-FMR-0676-002,"Construction of Brgy. Ramos West FMR, San Isidro, Isabela",15000000,2025,"Concreting of Brgy. Calamagui North FMR Phase II, Brgy. Calamagui North, Santa Maria, Isabela",10000000,0.5,3,5000000,HB 10858 Vol I-B p. 676,GAA-2025 · Department of Agriculture (DA) · Office of the Secretary,,,,not stated,one side stated,Prior Phase 2 only,False
fmr,2027,HB10858-FMR-0676-003,"Construction of Brgy. Beti to Brgy. Yaway FMR, Brgy. Beti and Brgy. Yaway, Aritao,",20000000,2025,Farm-to-Market Road (FMR) Network Planning and Monitoring Services,2344000,0.333,1,17656000,HB 10858 Vol I-B p. 676,GAA-2025 · Department of Agriculture (DA) · Office of the Secretary,,,,not stated,not stated,,False
fmr,2027,HB10858-FMR-0676-003,"Construction of Brgy. Beti to Brgy. Yaway FMR, Brgy. Beti and Brgy. Yaway, Aritao,",20000000,2025,Farm-to-Market Road (FMR) Network Planning and Monitoring Services,7537000,0.333,2,12463000,HB 10858 Vol I-B p. 676,GAA-2025 · Department of Agriculture (DA) · Office of the Secretary,,,,not stated,not stated,,False
fmr,2027,HB10858-FMR-0676-003,"Construction of Brgy. Beti to Brgy. Yaway FMR, Brgy. Beti and Brgy. Yaway, Aritao,",20000000,2025,Farm-to-Market Road (FMR) Network Planning and Monitoring Services,185000,0.333,3,19815000,HB 10858 Vol I-B p. 676,GAA-2025 · Department of Agriculture (DA) · Office of the Secretary,,,,not stated,not stated,,False
fmr,2027,HB10858-FMR-0676-004,"Construction of Rizal - Villa Marcos to Salvador-Divisoria FMR, Brgy. Rizal-Villa Marcos to Brgy. Salvador-Divisoria, Santiago City, Isabela",32550000,2025,"Concreting of Sitio Mainit, Brgy. San Jose FMR Phase 3, Brgy. San Jose, Antipolo City, Rizal",20000000,0.435,1,12550000,HB 10858 Vol I-B p. 676,GAA-2025 · Department of Agriculture (DA) · Office of the Secretary,,,,not stated,one side stated,Prior Phase 3 only,False
fmr,2027,HB10858-FMR-0676-004,"Construction of Rizal - Villa Marcos to Salvador-Divisoria FMR, Brgy. Rizal-Villa Marcos to Brgy. Salvador-Divisoria, Santiago City, Isabela",32550000,2025,"Concreting of Sitio San Ysiro, Brgy. San Jose FMR Phase 6, Brgy. San Jose, Antipolo City Rizal",15000000,0.402,2,17550000,HB 10858 Vol I-B p. 676,GAA-2025 · Department of Agriculture (DA) · Office of the Secretary,,,,not stated,one side stated,Prior Phase 6 only,False
fmr,2027,HB10858-FMR-0676-004,"Construction of Rizal - Villa Marcos to Salvador-Divisoria FMR, Brgy. Rizal-Villa Marcos to Brgy. Salvador-Divisoria, Santiago City, Isabela",32550000,2025,"Concreting of Brgy. Paglaum to Brgy. Palanog FMR (Phase II), Brgy. Paglaum and Brgy. Palanog, Tacloban City",100000000,0.39,3,-67450000,HB 10858 Vol I-B p. 676,GAA-2025 · Department of Agriculture (DA) · Office of the Secretary,,,,not stated,one side stated,Prior Phase 2 only,False
fmr,2027,HB10858-FMR-0676-005,"Construction of Brgy. Canabay - Brgy. Carolotan FMR, Brgy. Canabay and Brgy. Carolotan,",30000000,2025,"Concreting of Brgy. Mabaca FMR Phase II, Brgy. Mabaca, Balbalan, Kalinga",10000000,0.493,1,20000000,HB 10858 Vol I-B p. 676,GAA-2025 · Department of Agriculture (DA) · Office of the Secretary,,,,not stated,one side stated,Prior Phase 2 only,False
fmr,2027,HB10858-FMR-0676-005,"Construction of Brgy. Canabay - Brgy. Carolotan FMR, Brgy. Canabay and Brgy. Carolotan,",30000000,2025,"Concreting of Brgy. Caluangan FMR (Phase I), Brgy. Caluangan, Magallanes, Cavite",15000000,0.475,2,15000000,HB 10858 Vol I-B p. 676,GAA-2025 · Department of Agriculture (DA) · Office of the Secretary,,,,not stated,one side stated,Prior Phase 1 only,False
fmr,2027,HB10858-FMR-0676-005,"Construction of Brgy. Canabay - Brgy. Carolotan FMR, Brgy. Canabay and Brgy. Carolotan,",30000000,2025,"Concreting of Brgy. Caluangan FMR (Phase II), Brgy. Caluangan, Magallanes, Cavite",10000000,0.475,3,20000000,HB 10858 Vol I-B p. 676,GAA-2025 · Department of Agriculture (DA) · Office of the Secretary,,,,not stated,one side stated,Prior Phase 2 only,False
fmr,2027,HB10858-FMR-0676-006,"Construction of Brgy. Dianao FMR, Brgy. Dianao, Cauayan City, Isabela",22500000,2025,"Concreting of Brgy. Tagba-o FMR (Phase II), Brgy. Tagba-o, Cebu City, Cebu",15000000,0.583,1,7500000,HB 10858 Vol I-B p. 676,GAA-2025 · Department of Agriculture (DA) · Office of the Secretary,,,,not stated,one side stated,Prior Phase 2 only,False
fmr,2027,HB10858-FMR-0676-006,"Construction of Brgy. Dianao FMR, Brgy. Dianao, Cauayan City, Isabela",22500000,2025,"Concreting of Brgy. Tagpo FMR (Phase II), Brgy, Tagpo, Ligao City, Albay",10000000,0.543,2,12500000,HB 10858 Vol I-B p. 676,GAA-2025 · Department of Agriculture (DA) · Office of the Secretary,,,,not stated,one side stated,Prior Phase 2 only,False
fmr,2027,HB10858-FMR-0676-006,"Construction of Brgy. Dianao FMR, Brgy. Dianao, Cauayan City, Isabela",22500000,2025,"Concreting of Brgy. Annanuman - Brgy. Dalena FMR Phase III, Brgy. Annanuman, San Pablo, Isabela",10000000,0.535,3,12500000,HB 10858 Vol I-B p. 676,GAA-2025 · Department of Agriculture (DA) · Office of the Secretary,,,,not stated,one side stated,Prior Phase 3 only,False
fmr,2027,HB10858-FMR-0676-007,"Construction of Brgy. Buyon FMR, Brgy. Buyon, Cauayan City, Isabela",15000000,2025,"Concreting of Malundon FMR at Brgy. Bulo, Tabuk City, Kalinga",20000000,0.611,1,-5000000,HB 10858 Vol I-B p. 676,GAA-2025 · Department of Agriculture (DA) · Office of the Secretary,,,,not stated,not stated,,False
fmr,2027,HB10858-FMR-0676-007,"Construction of Brgy. Buyon FMR, Brgy. Buyon, Cauayan City, Isabela",15000000,2025,"Concreting of Bubug FMR (Phase I), Brgy. Bubug, Sto. Tomas, Isabela",15000000,0.58,2,0,HB 10858 Vol I-B p. 676,GAA-2025 · Department of Agriculture (DA) · Office of the Secretary,,,,not stated,one side stated,Prior Phase 1 only,False
fmr,2027,HB10858-FMR-0676-007,"Construction of Brgy. Buyon FMR, Brgy. Buyon, Cauayan City, Isabela",15000000,2025,"Concreting of Brgy. Bubug FMR (Phase II), Brgy. Bubug, Sto. Tomas, Isabela",20000000,0.58,3,-5000000,HB 10858 Vol I-B p. 676,GAA-2025 · Department of Agriculture (DA) · Office of the Secretary,,,,not stated,one side stated,Prior Phase 2 only,False
fmr,2027,HB10858-FMR-0676-008,"Construction of P7 Brgy. Balligui FMR, Brgy. Balligui, Madella, Quirino",25000000,2025,"Concreting of Brgy. Guiddam FMR (Phase II), Brgy. Guiddam, Abulug, Cagayan",10000000,0.432,1,15000000,HB 10858 Vol I-B p. 676,GAA-2025 · Department of Agriculture (DA) · Office of the Secretary,,,,not stated,one side stated,Prior Phase 2 only,False
fmr,2027,HB10858-FMR-0676-008,"Construction of P7 Brgy. Balligui FMR, Brgy. Balligui, Madella, Quirino",25000000,2025,"Concreting of FMR at Brgy. Mapaniqui, Candaba, Pampanga",35000000,0.4,2,-10000000,HB 10858 Vol I-B p. 676,GAA-2025 · Department of Agriculture (DA) · Office of the Secretary,,,,not stated,not stated,,False
fmr,2027,HB10858-FMR-0676-008,"Construction of P7 Brgy. Balligui FMR, Brgy. Balligui, Madella, Quirino",25000000,2025,"Concreting of FMR at Brgy. Barit, Candaba, Pampanga",25000000,0.394,3,0,HB 10858 Vol I-B p. 676,GAA-2025 · Department of Agriculture (DA) · Office of the Secretary,,,,not stated,not stated,,False
fmr,2027,HB10858-FMR-0676-009,"Construction of Brgy. San Antonio FMR, Brgy. San Antonio, Cauayan City, Isabela",18000000,2025,"Concreting of Brgy. San Antonio to Brgy. Lugui FMR (Phase II), Brgy. San Antonio and Brgy. Lugui, Labo, Camarines Norte",15000000,0.631,1,3000000,HB 10858 Vol I-B p. 676,GAA-2025 · Department of Agriculture (DA) · Office of the Secretary,,,,not stated,one side stated,Prior Phase 2 only,False
fmr,2027,HB10858-FMR-0676-009,"Construction of Brgy. San Antonio FMR, Brgy. San Antonio, Cauayan City, Isabela",18000000,2025,"Concreting of Sitio San Ysiro, Brgy. San Jose FMR Phase 6, Brgy. San Jose, Antipolo City Rizal",15000000,0.571,2,3000000,HB 10858 Vol I-B p. 676,GAA-2025 · Department of Agriculture (DA) · Office of the Secretary,,,,not stated,one side stated,Prior Phase 6 only,False
fmr,2027,HB10858-FMR-0676-009,"Construction of Brgy. San Antonio FMR, Brgy. San Antonio, Cauayan City, Isabela",18000000,2025,"Concreting of Sitio Mainit, Brgy. San Jose FMR Phase 3, Brgy. San Jose, Antipolo City, Rizal",20000000,0.549,3,-2000000,HB 10858 Vol I-B p. 676,GAA-2025 · Department of Agriculture (DA) · Office of the Secretary,,,,not stated,one side stated,Prior Phase 3 only,False
fmr,2027,HB10858-FMR-0676-010,"Construction of Brgy. Cabaruan FMR, Brgy. Cabaruan, Madella, Quirino",25000000,2025,"Concreting of Brgy. Caluangan FMR (Phase I), Brgy. Caluangan, Magallanes, Cavite",15000000,0.59,1,10000000,HB 10858 Vol I-B p. 676,GAA-2025 · Department of Agriculture (DA) · Office of the Secretary,,,,not stated,one side stated,Prior Phase 1 only,False
fmr,2027,HB10858-FMR-0676-010,"Construction of Brgy. Cabaruan FMR, Brgy. Cabaruan, Madella, Quirino",25000000,2025,"Concreting of Brgy. Mabaca FMR Phase II, Brgy. Mabaca, Balbalan, Kalinga",10000000,0.535,2,15000000,HB 10858 Vol I-B p. 676,GAA-2025 · Department of Agriculture (DA) · Office of the Secretary,,,,not stated,one side stated,Prior Phase 2 only,False
fmr,2027,HB10858-FMR-0676-010,"Construction of Brgy. Cabaruan FMR, Brgy. Cabaruan, Madella, Quirino",25000000,2025,"Concreting of FMR at Brgy. Escaler Road (Phase II), Magalang, Pampanga",35000000,0.424,3,-10000000,HB 10858 Vol I-B p. 676,GAA-2025 · Department of Agriculture (DA) · Office of the Secretary,,,,not stated,one side stated,Prior Phase 2 only,False
fmr,2027,HB10858-FMR-0676-011,"Construction of Brgy. Nungnungan II to Brgy. Nungnungan I FMR, Brgy. Nungnungan II to",27000000,2025,"Concreting of Brgy. Sudlon II FMR (Phase II), Brgy. Sudlon II, Cebu City, Cebu",15000000,0.386,1,12000000,HB 10858 Vol I-B p. 676,GAA-2025 · Department of Agriculture (DA) · Office of the Secretary,,,,not stated,one side stated,Prior Phase 2 only,False
fmr,2027,HB10858-FMR-0676-011,"Construction of Brgy. Nungnungan II to Brgy. Nungnungan I FMR, Brgy. Nungnungan II to",27000000,2025,Farm-to-Market Road (FMR) Network Planning and Monitoring Services,2344000,0.323,2,24656000,HB 10858 Vol I-B p. 676,GAA-2025 · Department of Agriculture (DA) · Office of the Secretary,,,,not stated,not stated,,False
fmr,2027,HB10858-FMR-0676-011,"Construction of Brgy. Nungnungan II to Brgy. Nungnungan I FMR, Brgy. Nungnungan II to",27000000,2025,Farm-to-Market Road (FMR) Network Planning and Monitoring Services,7537000,0.323,3,19463000,HB 10858 Vol I-B p. 676,GAA-2025 · Department of Agriculture (DA) · Office of the Secretary,,,,not stated,not stated,,False
fmr,2027,HB10858-FMR-0676-012,"Construction of Brgy. Magacan to Brgy. Callungan FMR, Brgy. Magacan and Brgy. Callungan, Sanchez Mira, Cagayan",20000000,2025,"Concreting of Brgy. Guiddam FMR (Phase II), Brgy. Guiddam, Abulug, Cagayan",10000000,0.392,1,10000000,HB 10858 Vol I-B p. 676,GAA-2025 · Department of Agriculture (DA) · Office of the Secretary,,,,not stated,one side stated,Prior Phase 2 only,False
fmr,2027,HB10858-FMR-0676-012,"Construction of Brgy. Magacan to Brgy. Callungan FMR, Brgy. Magacan and Brgy. Callungan, Sanchez Mira, Cagayan",20000000,2025,Farm-to-Market Road (FMR) Network Planning and Monitoring Services,2344000,0.302,2,17656000,HB 10858 Vol I-B p. 676,GAA-2025 · Department of Agriculture (DA) · Office of the Secretary,,,,not stated,not stated,,False
fmr,2027,HB10858-FMR-0676-012,"Construction of Brgy. Magacan to Brgy. Callungan FMR, Brgy. Magacan and Brgy. Callungan, Sanchez Mira, Cagayan",20000000,2025,Farm-to-Market Road (FMR) Network Planning and Monitoring Services,7537000,0.302,3,12463000,HB 10858 Vol I-B p. 676,GAA-2025 · Department of Agriculture (DA) · Office of the Secretary,,,,not stated,not stated,,False
fmr,2027,HB10858-FMR-0676-013,"Construction of Brgy. San Francisco to Dabburab FMR, Brgy. San Francisco - Brgy. Dabburab,",15000000,2025,"Concreting of Brgy. San Antonio to Brgy. Lugui FMR (Phase II), Brgy. San Antonio and Brgy. Lugui, Labo, Camarines Norte",15000000,0.522,1,0,HB 10858 Vol I-B p. 676,GAA-2025 · Department of Agriculture (DA) · Office of the Secretary,,,,not stated,one side stated,Prior Phase 2 only,False
fmr,2027,HB10858-FMR-0676-013,"Construction of Brgy. San Francisco to Dabburab FMR, Brgy. San Francisco - Brgy. Dabburab,",15000000,2025,"Concreting of Purok 8 to Sitio Manangahon to Sitio Palo, Brgy. Mate FMR (Phase II), San Francisco, Agusan del Sur",15000000,0.443,2,0,HB 10858 Vol I-B p. 676,GAA-2025 · Department of Agriculture (DA) · Office of the Secretary,,,,not stated,one side stated,Prior Phase 2 only,False
fmr,2027,HB10858-FMR-0676-013,"Construction of Brgy. San Francisco to Dabburab FMR, Brgy. San Francisco - Brgy. Dabburab,",15000000,2025,"Concreting of FMR at Brgy. Cabatbatan to Brgy. Magsico, San Fernando, Cebu",20000000,0.421,3,-5000000,HB 10858 Vol I-B p. 676,GAA-2025 · Department of Agriculture (DA) · Office of the Secretary,,,,not stated,not stated,,False
fmr,2027,HB10858-FMR-0676-014,"Construction of Siguiran FMR, Brgy. Siguiran, Abulug, Cagayan",15000000,2025,"Concreting of Brgy. Guiddam FMR (Phase II), Brgy. Guiddam, Abulug, Cagayan",10000000,0.8,1,5000000,HB 10858 Vol I-B p. 676,GAA-2025 · Department of Agriculture (DA) · Office of the Secretary,,,,not stated,one side stated,Prior Phase 2 only,False
fmr,2027,HB10858-FMR-0676-014,"Construction of Siguiran FMR, Brgy. Siguiran, Abulug, Cagayan",15000000,2025,"Concreting of Buyun FMR (Rambo Drive), Santa Teresita, Cagayan",10888000,0.45,2,4112000,HB 10858 Vol I-B p. 676,GAA-2025 · Department of Agriculture (DA) · Office of the Secretary,,,,not stated,not stated,,False
fmr,2027,HB10858-FMR-0676-014,"Construction of Siguiran FMR, Brgy. Siguiran, Abulug, Cagayan",15000000,2025,"Concreting of FMR at Brgy. Salapungan, Candaba, Pampanga",30000000,0.448,3,-15000000,HB 10858 Vol I-B p. 676,GAA-2025 · Department of Agriculture (DA) · Office of the Secretary,,,,not stated,not stated,,False
fmr,2027,HB10858-FMR-0676-015,"Construction of Sitio Gandia, Alinunu FMR, Brgy. Alinunu, Abulug, Cagayan",15000000,2025,"Concreting of Brgy. Guiddam FMR (Phase II), Brgy. Guiddam, Abulug, Cagayan",10000000,0.568,1,5000000,HB 10858 Vol I-B p. 676,GAA-2025 · Department of Agriculture (DA) · Office of the Secretary,,,,not stated,one side stated,Prior Phase 2 only,False
fmr,2027,HB10858-FMR-0676-015,"Construction of Sitio Gandia, Alinunu FMR, Brgy. Alinunu, Abulug, Cagayan",15000000,2025,"Concreting of Sitio Bayawas Brgy. Salvacion FMR Phase III, Brgy. Salvacion, Magallanes, Sorsogon",15000000,0.538,2,0,HB 10858 Vol I-B p. 676,GAA-2025 · Department of Agriculture (DA) · Office of the Secretary,,,,not stated,one side stated,Prior Phase 3 only,False
fmr,2027,HB10858-FMR-0676-015,"Construction of Sitio Gandia, Alinunu FMR, Brgy. Alinunu, Abulug, Cagayan",15000000,2025,"Concreting of Sitio Bayawas, Brgy. Salvacion FMR Phase Il, Brgy. Salvacion, Magallanes, Sorsogon",25000000,0.523,3,-10000000,HB 10858 Vol I-B p. 676,GAA-2025 · Department of Agriculture (DA) · Office of the Secretary,,,,not stated,not stated,,False
fmr,2027,HB10858-FMR-0676-016,"Construction of Brgy. San Mariano Sur - Sinalugan FMR, Brgy. San Mariano Sur, San Guillermo, Isabela",30000000,2025,"Concreting of Brgy. Annanuman - Brgy. Dalena FMR Phase III, Brgy. Annanuman, San Pablo, Isabela",10000000,0.539,1,20000000,HB 10858 Vol I-B p. 676,GAA-2025 · Department of Agriculture (DA) · Office of the Secretary,,,,not stated,one side stated,Prior Phase 3 only,False
fmr,2027,HB10858-FMR-0676-016,"Construction of Brgy. San Mariano Sur - Sinalugan FMR, Brgy. San Mariano Sur, San Guillermo, Isabela",30000000,2025,"Concreting of Brgy. Bagong Barrio FMR Phase I, Brgy. Bagong Barrio, San Ildefonso, Bulacan",15000000,0.533,2,15000000,HB 10858 Vol I-B p. 676,GAA-2025 · Department of Agriculture (DA) · Office of the Secretary,,,,not stated,one side stated,Prior Phase 1 only,False
fmr,2027,HB10858-FMR-0676-016,"Construction of Brgy. San Mariano Sur - Sinalugan FMR, Brgy. San Mariano Sur, San Guillermo, Isabela",30000000,2025,"Concreting of Brgy. Bagong Barrio FMR Phase II, Brgy. Bagong Barrio, San Ildefonso, Bulacan",10000000,0.533,3,20000000,HB 10858 Vol I-B p. 676,GAA-2025 · Department of Agriculture (DA) · Office of the Secretary,,,,not stated,one side stated,Prior Phase 2 only,False
fmr,2027,HB10858-FMR-0676-017,"Construction of Brgy. Nantawakan FMR, Brgy. Nantawakan, Kasibu, Nueva Vizcaya",15000000,2025,"Opening and Concreting of FMR at Brgy. Quirino-San Geronimo, Bagabag, Nueva Vizcaya",30000000,0.54,1,-15000000,HB 10858 Vol I-B p. 676,GAA-2025 · Department of Agriculture (DA) · Office of the Secretary,,,,not stated,not stated,,False
fmr,2027,HB10858-FMR-0676-017,"Construction of Brgy. Nantawakan FMR, Brgy. Nantawakan, Kasibu, Nueva Vizcaya",15000000,2025,"Concreting of Brgy. Sta. Isabel FMR (Phase II), Cabiao, Nueva Ecija",15000000,0.481,2,0,HB 10858 Vol I-B p. 676,GAA-2025 · Department of Agriculture (DA) · Office of the Secretary,,,,not stated,one side stated,Prior Phase 2 only,False
fmr,2027,HB10858-FMR-0676-017,"Construction of Brgy. Nantawakan FMR, Brgy. Nantawakan, Kasibu, Nueva Vizcaya",15000000,2025,"Concreting of Brgy. Mabaca FMR Phase II, Brgy. Mabaca, Balbalan, Kalinga",10000000,0.475,3,5000000,HB 10858 Vol I-B p. 676,GAA-2025 · Department of Agriculture (DA) · Office of the Secretary,,,,not stated,one side stated,Prior Phase 2 only,False
fmr,2027,HB10858-FMR-0676-018,"Construction of Brgy. Villa Teresita FMR, Brgy. Villa Teresita, San Guillermo, Isabela (2) 16.7548787, 121.8595580",30000000,2025,"Concreting of Brgy. Telapatio FMR (Phase I), Brgy. Telapatio, San Ildefonso, Bulacan",15000000,0.416,1,15000000,HB 10858 Vol I-B p. 676,GAA-2025 · Department of Agriculture (DA) · Office of the Secretary,,,,not stated,one side stated,Prior Phase 1 only,False
fmr,2027,HB10858-FMR-0676-018,"Construction of Brgy. Villa Teresita FMR, Brgy. Villa Teresita, San Guillermo, Isabela (2) 16.7548787, 121.8595580",30000000,2025,"Concreting of Brgy. Telepatio FMR (Phase II), Brgy. Telepatio, San Ildefonso, Bulacan",5000000,0.416,2,25000000,HB 10858 Vol I-B p. 676,GAA-2025 · Department of Agriculture (DA) · Office of the Secretary,,,,not stated,one side stated,Prior Phase 2 only,False
fmr,2027,HB10858-FMR-0676-018,"Construction of Brgy. Villa Teresita FMR, Brgy. Villa Teresita, San Guillermo, Isabela (2) 16.7548787, 121.8595580",30000000,2025,"Concreting of Brgy. Calamagui North FMR Phase II, Brgy. Calamagui North, Santa Maria, Isabela",10000000,0.4,3,20000000,HB 10858 Vol I-B p. 676,GAA-2025 · Department of Agriculture (DA) · Office of the Secretary,,,,not stated,one side stated,Prior Phase 2 only,False
fmr,2027,HB10858-FMR-0676-019,"Construction of FMR connecting Brgy. Dibuluan to Brgy. Namnama, Jones, Isabela",30000000,2025,"Concreting of Bubug FMR (Phase I), Brgy. Bubug, Sto. Tomas, Isabela",15000000,0.494,1,15000000,HB 10858 Vol I-B p. 676,GAA-2025 · Department of Agriculture (DA) · Office of the Secretary,,,,not stated,one side stated,Prior Phase 1 only,False
fmr,2027,HB10858-FMR-0676-019,"Construction of FMR connecting Brgy. Dibuluan to Brgy. Namnama, Jones, Isabela",30000000,2025,"Concreting of Brgy. Bubug FMR (Phase II), Brgy. Bubug, Sto. Tomas, Isabela",20000000,0.494,2,10000000,HB 10858 Vol I-B p. 676,GAA-2025 · Department of Agriculture (DA) · Office of the Secretary,,,,not stated,one side stated,Prior Phase 2 only,False
fmr,2027,HB10858-FMR-0676-019,"Construction of FMR connecting Brgy. Dibuluan to Brgy. Namnama, Jones, Isabela",30000000,2025,"Concreting of Brgy. Cabunbata FMR Phase II, Brgy. Cabunbata, Isabela City, Basilan",21000000,0.391,3,9000000,HB 10858 Vol I-B p. 676,GAA-2025 · Department of Agriculture (DA) · Office of the Secretary,,,,not stated,one side stated,Prior Phase 2 only,False
fmr,2027,HB10858-FMR-0676-021,"Construction of Brgy. Burgos - Sitio Vietnam FMR, Brgy. Burgos, San Guillermo, Isabela",30000000,2025,"Concreting of Bubug FMR (Phase I), Brgy. Bubug, Sto. Tomas, Isabela",15000000,0.512,1,15000000,HB 10858 Vol I-B p. 676,GAA-2025 · Department of Agriculture (DA) · Office of the Secretary,,,,not stated,one side stated,Prior Phase 1 only,False
fmr,2027,HB10858-FMR-0676-021,"Construction of Brgy. Burgos - Sitio Vietnam FMR, Brgy. Burgos, San Guillermo, Isabela",30000000,2025,"Concreting of Brgy. Bubug FMR (Phase II), Brgy. Bubug, Sto. Tomas, Isabela",20000000,0.512,2,10000000,HB 10858 Vol I-B p. 676,GAA-2025 · Department of Agriculture (DA) · Office of the Secretary,,,,not stated,one side stated,Prior Phase 2 only,False
fmr,2027,HB10858-FMR-0676-021,"Construction of Brgy. Burgos - Sitio Vietnam FMR, Brgy. Burgos, San Guillermo, Isabela",30000000,2025,"Concreting of FMR at Sitio Mainay, Brgy. Sta. Ines, San Miguel, Bulacan",20000000,0.495,3,10000000,HB 10858 Vol I-B p. 676,GAA-2025 · Department of Agriculture (DA) · Office of the Secretary,,,,not stated,not stated,,False
fmr,2027,HB10858-FMR-0676-022,"Construction of South Low Nia-Boundary, Villa Gonzaga FMR, Brgy. Villa Gonzaga,",15000000,2025,"Concreting of Brgy. South Lamidan FMR (Phase II), Brgy. South Lamidan, Don Marcelino, Davao Occidental",15000000,0.397,1,0,HB 10858 Vol I-B p. 676,GAA-2025 · Department of Agriculture (DA) · Office of the Secretary,,,,not stated,one side stated,Prior Phase 2 only,False
fmr,2027,HB10858-FMR-0676-022,"Construction of South Low Nia-Boundary, Villa Gonzaga FMR, Brgy. Villa Gonzaga,",15000000,2025,"Concreting of FMR at Purok 5 Boundary Lumbangan Exit Lunzuran Phase III, Zamboanga City",15000000,0.372,2,0,HB 10858 Vol I-B p. 676,GAA-2025 · Department of Agriculture (DA) · Office of the Secretary,,,,not stated,one side stated,Prior Phase 3 only,False
fmr,2027,HB10858-FMR-0676-022,"Construction of South Low Nia-Boundary, Villa Gonzaga FMR, Brgy. Villa Gonzaga,",15000000,2025,"Concreting of Brgy. Mabaca FMR Phase II, Brgy. Mabaca, Balbalan, Kalinga",10000000,0.364,3,5000000,HB 10858 Vol I-B p. 676,GAA-2025 · Department of Agriculture (DA) · Office of the Secretary,,,,not stated,one side stated,Prior Phase 2 only,False
fmr,2027,HB10858-FMR-0676-023,"Construction of Brgy. Aringay FMR, Brgy. Aringay, San Guillermo, Isabela",15000000,2025,"Concreting of Brgy. Annanuman - Brgy. Dalena FMR Phase III, Brgy. Annanuman, San Pablo, Isabela",10000000,0.584,1,5000000,HB 10858 Vol I-B p. 676,GAA-2025 · Department of Agriculture (DA) · Office of the Secretary,,,,not stated,one side stated,Prior Phase 3 only,False
fmr,2027,HB10858-FMR-0676-023,"Construction of Brgy. Aringay FMR, Brgy. Aringay, San Guillermo, Isabela",15000000,2025,"Concreting of Brgy. Balaong FMR (Phase I), Brgy. Balaong, San Miguel, Bulacan",5000000,0.532,2,10000000,HB 10858 Vol I-B p. 676,GAA-2025 · Department of Agriculture (DA) · Office of the Secretary,,,,not stated,one side stated,Prior Phase 1 only,False
fmr,2027,HB10858-FMR-0676-023,"Construction of Brgy. Aringay FMR, Brgy. Aringay, San Guillermo, Isabela",15000000,2025,"Concreting of FMR at Brgy. Maligaya, San Miguel, Bulacan",20000000,0.528,3,-5000000,HB 10858 Vol I-B p. 676,GAA-2025 · Department of Agriculture (DA) · Office of the Secretary,,,,not stated,not stated,,False
fmr,2027,HB10858-FMR-0676-024,"Construction of Brgy. Disimuray to Casalatan FMR, Brgy. Disimuray, Cauayan City, Isabela",30000000,2025,"Concreting of Brgy. Sinayawan FMR (Phase II), Brgy. Sinayawan, Valencia City, Bukidnon",10000000,0.485,1,20000000,HB 10858 Vol I-B p. 676,GAA-2025 · Department of Agriculture (DA) · Office of the Secretary,,,,not stated,one side stated,Prior Phase 2 only,False
fmr,2027,HB10858-FMR-0676-024,"Construction of Brgy. Disimuray to Casalatan FMR, Brgy. Disimuray, Cauayan City, Isabela",30000000,2025,"Concreting of Brgy. Nasunogan to Brgy. Airport and Lilo-an FMR (Phase I), Brgy. Nasunogan, Ormoc City, Leyte",15000000,0.466,2,15000000,HB 10858 Vol I-B p. 676,GAA-2025 · Department of Agriculture (DA) · Office of the Secretary,,,,not stated,one side stated,Prior Phase 1 only,False
fmr,2027,HB10858-FMR-0676-024,"Construction of Brgy. Disimuray to Casalatan FMR, Brgy. Disimuray, Cauayan City, Isabela",30000000,2025,"Concreting of Brgy. Paglaum to Brgy. Palanog FMR (Phase II), Brgy. Paglaum and Brgy. Palanog, Tacloban City",100000000,0.459,3,-70000000,HB 10858 Vol I-B p. 676,GAA-2025 · Department of Agriculture (DA) · Office of the Secretary,,,,not stated,one side stated,Prior Phase 2 only,False
fmr,2027,HB10858-FMR-0676-025,"Construction of Provincial Road Rizal-Basilio St., San Andres FMR, Brgy. San Andres, Santiago City, Isabela",17550000,2025,"Concreting of Sitio Mainit, Brgy. San Jose FMR Phase 3, Brgy. San Jose, Antipolo City, Rizal",20000000,0.574,1,-2450000,HB 10858 Vol I-B p. 676,GAA-2025 · Department of Agriculture (DA) · Office of the Secretary,,,,not stated,one side stated,Prior Phase 3 only,False
fmr,2027,HB10858-FMR-0676-025,"Construction of Provincial Road Rizal-Basilio St., San Andres FMR, Brgy. San Andres, Santiago City, Isabela",17550000,2025,"Concreting of Sitio San Ysiro, Brgy. San Jose FMR Phase 6, Brgy. San Jose, Antipolo City Rizal",15000000,0.561,2,2550000,HB 10858 Vol I-B p. 676,GAA-2025 · Department of Agriculture (DA) · Office of the Secretary,,,,not stated,one side stated,Prior Phase 6 only,False
fmr,2027,HB10858-FMR-0676-025,"Construction of Provincial Road Rizal-Basilio St., San Andres FMR, Brgy. San Andres, Santiago City, Isabela",17550000,2025,"Concreting of Brgy. Alangilan FMR Phase I, Brgy. Alangilan, Bacolod City",15000000,0.396,3,2550000,HB 10858 Vol I-B p. 676,GAA-2025 · Department of Agriculture (DA) · Office of the Secretary,,,,not stated,one side stated,Prior Phase 1 only,False
fmr,2027,HB10858-FMR-0676-026,"Construction of Brgy. Gappal FMR 3, Brgy. Gappal, Cauayan City, Isabela",15000000,2025,"Concreting of Brgy. Tagpo FMR (Phase II), Brgy, Tagpo, Ligao City, Albay",10000000,0.528,1,5000000,HB 10858 Vol I-B p. 676,GAA-2025 · Department of Agriculture (DA) · Office of the Secretary,,,,not stated,one side stated,Prior Phase 2 only,False
fmr,2027,HB10858-FMR-0676-026,"Construction of Brgy. Gappal FMR 3, Brgy. Gappal, Cauayan City, Isabela",15000000,2025,"Concreting of FMR at Brgy. Laurel, Tanauan City, Batangas",20000000,0.5,2,-5000000,HB 10858 Vol I-B p. 676,GAA-2025 · Department of Agriculture (DA) · Office of the Secretary,,,,not stated,not stated,,False
fmr,2027,HB10858-FMR-0676-026,"Construction of Brgy. Gappal FMR 3, Brgy. Gappal, Cauayan City, Isabela",15000000,2025,"Concreting of Brgy. Annanuman - Brgy. Dalena FMR Phase III, Brgy. Annanuman, San Pablo, Isabela",10000000,0.5,3,5000000,HB 10858 Vol I-B p. 676,GAA-2025 · Department of Agriculture (DA) · Office of the Secretary,,,,not stated,one side stated,Prior Phase 3 only,False
fmr,2027,HB10858-FMR-0676-027,"Construction of Brgy. Quezon FMR, San Isidro, Isabela",15000000,2025,"Concreting of Bubug FMR (Phase I), Brgy. Bubug, Sto. Tomas, Isabela",15000000,0.548,1,0,HB 10858 Vol I-B p. 676,GAA-2025 · Department of Agriculture (DA) · Office of the Secretary,,,,not stated,one side stated,Prior Phase 1 only,False
fmr,2027,HB10858-FMR-0676-027,"Construction of Brgy. Quezon FMR, San Isidro, Isabela",15000000,2025,"Concreting of Brgy. Bubug FMR (Phase II), Brgy. Bubug, Sto. Tomas, Isabela",20000000,0.548,2,-5000000,HB 10858 Vol I-B p. 676,GAA-2025 · Department of Agriculture (DA) · Office of the Secretary,,,,not stated,one side stated,Prior Phase 2 only,False
fmr,2027,HB10858-FMR-0676-027,"Construction of Brgy. Quezon FMR, San Isidro, Isabela",15000000,2025,"Concreting of FMR at Brgy. San Isidro to Sitio Banawag, Sta. Fe, Leyte",15000000,0.548,3,0,HB 10858 Vol I-B p. 676,GAA-2025 · Department of Agriculture (DA) · Office of the Secretary,,,,not stated,not stated,,False
fmr,2027,HB10858-FMR-0676-028,"Construction of Salvador-Divisoria FMR, Brgy. Salvador-Divisoria, Santiago City, Isabela",50400000,2025,"Concreting of Brgy. Calamagui North FMR Phase II, Brgy. Calamagui North, Santa Maria, Isabela",10000000,0.508,1,40400000,HB 10858 Vol I-B p. 676,GAA-2025 · Department of Agriculture (DA) · Office of the Secretary,,,,not stated,one side stated,Prior Phase 2 only,False
fmr,2027,HB10858-FMR-0676-028,"Construction of Salvador-Divisoria FMR, Brgy. Salvador-Divisoria, Santiago City, Isabela",50400000,2025,"Concreting of Brgy. Sudlon II FMR (Phase II), Brgy. Sudlon II, Cebu City, Cebu",15000000,0.495,2,35400000,HB 10858 Vol I-B p. 676,GAA-2025 · Department of Agriculture (DA) · Office of the Secretary,,,,not stated,one side stated,Prior Phase 2 only,False
fmr,2027,HB10858-FMR-0676-028,"Construction of Salvador-Divisoria FMR, Brgy. Salvador-Divisoria, Santiago City, Isabela",50400000,2025,"Concreting of Brgy. Annanuman - Brgy. Dalena FMR Phase III, Brgy. Annanuman, San Pablo, Isabela",10000000,0.45,3,40400000,HB 10858 Vol I-B p. 676,GAA-2025 · Department of Agriculture (DA) · Office of the Secretary,,,,not stated,one side stated,Prior Phase 3 only,False
fmr,2027,HB10858-FMR-0676-029,"Construction of Brgy. Maligaya to Baculod FMR, Brgy. Maligaya, Cauayan City, Isabela",30000000,2025,"Concreting of Brgy. Tagba-o FMR (Phase II), Brgy. Tagba-o, Cebu City, Cebu",15000000,0.529,1,15000000,HB 10858 Vol I-B p. 676,GAA-2025 · Department of Agriculture (DA) · Office of the Secretary,,,,not stated,one side stated,Prior Phase 2 only,False
fmr,2027,HB10858-FMR-0676-029,"Construction of Brgy. Maligaya to Baculod FMR, Brgy. Maligaya, Cauayan City, Isabela",30000000,2025,"Concreting of Brgy. Tagpo FMR (Phase II), Brgy, Tagpo, Ligao City, Albay",10000000,0.518,2,20000000,HB 10858 Vol I-B p. 676,GAA-2025 · Department of Agriculture (DA) · Office of the Secretary,,,,not stated,one side stated,Prior Phase 2 only,False
fmr,2027,HB10858-FMR-0676-029,"Construction of Brgy. Maligaya to Baculod FMR, Brgy. Maligaya, Cauayan City, Isabela",30000000,2025,"Concreting of Brgy. Paglaum to Brgy. Palanog FMR (Phase II), Brgy. Paglaum and Brgy. Palanog, Tacloban City",100000000,0.495,3,-70000000,HB 10858 Vol I-B p. 676,GAA-2025 · Department of Agriculture (DA) · Office of the Secretary,,,,not stated,one side stated,Prior Phase 2 only,False
fmr,2027,HB10858-FMR-0676-030,"Construction of Brgy. Ramos East FMR, San Isidro, Isabela",15000000,2025,"Concreting of Brgy. Annanuman - Brgy. Dalena FMR Phase III, Brgy. Annanuman, San Pablo, Isabela",10000000,0.568,1,5000000,HB 10858 Vol I-B p. 676,GAA-2025 · Department of Agriculture (DA) · Office of the Secretary,,,,not stated,one side stated,Prior Phase 3 only,False
fmr,2027,HB10858-FMR-0676-030,"Construction of Brgy. Ramos East FMR, San Isidro, Isabela",15000000,2025,"Concreting of FMR at Brgy. San Isidro to Sitio Banawag, Sta. Fe, Leyte",15000000,0.519,2,0,HB 10858 Vol I-B p. 676,GAA-2025 · Department of Agriculture (DA) · Office of the Secretary,,,,not stated,not stated,,False
fmr,2027,HB10858-FMR-0676-030,"Construction of Brgy. Ramos East FMR, San Isidro, Isabela",15000000,2025,"Concreting of Brgy. Calamagui North FMR Phase II, Brgy. Calamagui North, Santa Maria, Isabela",10000000,0.5,3,5000000,HB 10858 Vol I-B p. 676,GAA-2025 · Department of Agriculture (DA) · Office of the Secretary,,,,not stated,one side stated,Prior Phase 2 only,False
fmr,2027,HB10858-FMR-0676-031,"Construction of Brgy. Manaoag FMR 1, Brgy. Manaoag, Cauayan City, Isabela",15000000,2025,"Concreting of Brgy. Annanuman - Brgy. Dalena FMR Phase III, Brgy. Annanuman, San Pablo, Isabela",10000000,0.556,1,5000000,HB 10858 Vol I-B p. 676,GAA-2025 · Department of Agriculture (DA) · Office of the Secretary,,,,not stated,one side stated,Prior Phase 3 only,False
fmr,2027,HB10858-FMR-0676-031,"Construction of Brgy. Manaoag FMR 1, Brgy. Manaoag, Cauayan City, Isabela",15000000,2025,"Concreting of Brgy. Tagpo FMR (Phase II), Brgy, Tagpo, Ligao City, Albay",10000000,0.514,2,5000000,HB 10858 Vol I-B p. 676,GAA-2025 · Department of Agriculture (DA) · Office of the Secretary,,,,not stated,one side stated,Prior Phase 2 only,False
fmr,2027,HB10858-FMR-0676-031,"Construction of Brgy. Manaoag FMR 1, Brgy. Manaoag, Cauayan City, Isabela",15000000,2025,"Concreting of Malundon FMR at Brgy. Bulo, Tabuk City, Kalinga",20000000,0.513,3,-5000000,HB 10858 Vol I-B p. 676,GAA-2025 · Department of Agriculture (DA) · Office of the Secretary,,,,not stated,not stated,,False
fmr,2027,HB10858-FMR-0676-032,"Construction of Brgy. Ramos West-Ramos East FMR, San Isidro, Isabela",30000000,2025,"Concreting of Brgy. Annanuman - Brgy. Dalena FMR Phase III, Brgy. Annanuman, San Pablo, Isabela",10000000,0.5,1,20000000,HB 10858 Vol I-B p. 676,GAA-2025 · Department of Agriculture (DA) · Office of the Secretary,,,,not stated,one side stated,Prior Phase 3 only,False
fmr,2027,HB10858-FMR-0676-032,"Construction of Brgy. Ramos West-Ramos East FMR, San Isidro, Isabela",30000000,2025,"Concreting of FMR at Brgy. San Isidro to Sitio Banawag, Sta. Fe, Leyte",15000000,0.455,2,15000000,HB 10858 Vol I-B p. 676,GAA-2025 · Department of Agriculture (DA) · Office of the Secretary,,,,not stated,not stated,,False
fmr,2027,HB10858-FMR-0676-032,"Construction of Brgy. Ramos West-Ramos East FMR, San Isidro, Isabela",30000000,2025,"Concreting of Brgy. Calamagui North FMR Phase II, Brgy. Calamagui North, Santa Maria, Isabela",10000000,0.444,3,20000000,HB 10858 Vol I-B p. 676,GAA-2025 · Department of Agriculture (DA) · Office of the Secretary,,,,not stated,one side stated,Prior Phase 2 only,False
fmr,2027,HB10858-FMR-0678-001,"Construction of Brgy. Manaoag FMR 2, Brgy. Manaoag, Cauayan City, Isabela",18000000,2025,"Concreting of Brgy. Annanuman - Brgy. Dalena FMR Phase III, Brgy. Annanuman, San Pablo, Isabela",10000000,0.556,1,8000000,HB 10858 Vol I-B p. 678,GAA-2025 · Department of Agriculture (DA) · Office of the Secretary,,,,not stated,one side stated,Prior Phase 3 only,False
fmr,2027,HB10858-FMR-0678-001,"Construction of Brgy. Manaoag FMR 2, Brgy. Manaoag, Cauayan City, Isabela",18000000,2025,"Concreting of Brgy. Tagpo FMR (Phase II), Brgy, Tagpo, Ligao City, Albay",10000000,0.514,2,8000000,HB 10858 Vol I-B p. 678,GAA-2025 · Department of Agriculture (DA) · Office of the Secretary,,,,not stated,one side stated,Prior Phase 2 only,False
fmr,2027,HB10858-FMR-0678-001,"Construction of Brgy. Manaoag FMR 2, Brgy. Manaoag, Cauayan City, Isabela",18000000,2025,"Concreting of Malundon FMR at Brgy. Bulo, Tabuk City, Kalinga",20000000,0.513,3,-2000000,HB 10858 Vol I-B p. 678,GAA-2025 · Department of Agriculture (DA) · Office of the Secretary,,,,not stated,not stated,,False
fmr,2027,HB10858-FMR-0678-002,"Construction of Brgy. Buneg to Brgy. Fugu FMR, Brgy. Buneg and Brgy. Fugu, Echague, Isabela",25200000,2025,"Concreting of Bubug FMR (Phase I), Brgy. Bubug, Sto. Tomas, Isabela",15000000,0.597,1,10200000,HB 10858 Vol I-B p. 678,GAA-2025 · Department of Agriculture (DA) · Office of the Secretary,,,,not stated,one side stated,Prior Phase 1 only,False
fmr,2027,HB10858-FMR-0678-002,"Construction of Brgy. Buneg to Brgy. Fugu FMR, Brgy. Buneg and Brgy. Fugu, Echague, Isabela",25200000,2025,"Concreting of Brgy. Bubug FMR (Phase II), Brgy. Bubug, Sto. Tomas, Isabela",20000000,0.597,2,5200000,HB 10858 Vol I-B p. 678,GAA-2025 · Department of Agriculture (DA) · Office of the Secretary,,,,not stated,one side stated,Prior Phase 2 only,False
fmr,2027,HB10858-FMR-0678-002,"Construction of Brgy. Buneg to Brgy. Fugu FMR, Brgy. Buneg and Brgy. Fugu, Echague, Isabela",25200000,2025,"Concreting of Brgy. Cabunbata FMR Phase II, Brgy. Cabunbata, Isabela City, Basilan",21000000,0.477,3,4200000,HB 10858 Vol I-B p. 678,GAA-2025 · Department of Agriculture (DA) · Office of the Secretary,,,,not stated,one side stated,Prior Phase 2 only,False
fmr,2027,HB10858-FMR-0678-003,"Construction of Purok 7, Brgy. Nueva Era FMR, San Manuel, Isabela",10900000,2025,"Concreting of Brgy. Annanuman - Brgy. Dalena FMR Phase III, Brgy. Annanuman, San Pablo, Isabela",10000000,0.523,1,900000,HB 10858 Vol I-B p. 678,GAA-2025 · Department of Agriculture (DA) · Office of the Secretary,,,,not stated,one side stated,Prior Phase 3 only,False
fmr,2027,HB10858-FMR-0678-003,"Construction of Purok 7, Brgy. Nueva Era FMR, San Manuel, Isabela",10900000,2025,"Concreting of Bubug FMR (Phase I), Brgy. Bubug, Sto. Tomas, Isabela",15000000,0.521,2,-4100000,HB 10858 Vol I-B p. 678,GAA-2025 · Department of Agriculture (DA) · Office of the Secretary,,,,not stated,one side stated,Prior Phase 1 only,False
fmr,2027,HB10858-FMR-0678-003,"Construction of Purok 7, Brgy. Nueva Era FMR, San Manuel, Isabela",10900000,2025,"Concreting of Brgy. Bubug FMR (Phase II), Brgy. Bubug, Sto. Tomas, Isabela",20000000,0.521,3,-9100000,HB 10858 Vol I-B p. 678,GAA-2025 · Department of Agriculture (DA) · Office of the Secretary,,,,not stated,one side stated,Prior Phase 2 only,False
fmr,2027,HB10858-FMR-0678-004,"Construction of Brgy. Nagrumbuan FMR 1, Brgy. Nagrumbuan, Cauayan City, Isabela",27000000,2025,"Concreting of Brgy. Annanuman - Brgy. Dalena FMR Phase III, Brgy. Annanuman, San Pablo, Isabela",10000000,0.604,1,17000000,HB 10858 Vol I-B p. 678,GAA-2025 · Department of Agriculture (DA) · Office of the Secretary,,,,not stated,one side stated,Prior Phase 3 only,False
fmr,2027,HB10858-FMR-0678-004,"Construction of Brgy. Nagrumbuan FMR 1, Brgy. Nagrumbuan, Cauayan City, Isabela",27000000,2025,"Concreting of Brgy. Paglaum to Brgy. Palanog FMR (Phase II), Brgy. Paglaum and Brgy. Palanog, Tacloban City",100000000,0.52,2,-73000000,HB 10858 Vol I-B p. 678,GAA-2025 · Department of Agriculture (DA) · Office of the Secretary,,,,not stated,one side stated,Prior Phase 2 only,False
fmr,2027,HB10858-FMR-0678-004,"Construction of Brgy. Nagrumbuan FMR 1, Brgy. Nagrumbuan, Cauayan City, Isabela",27000000,2025,"Concreting of Brgy. Sinayawan FMR (Phase II), Brgy. Sinayawan, Valencia City, Bukidnon",10000000,0.489,3,17000000,HB 10858 Vol I-B p. 678,GAA-2025 · Department of Agriculture (DA) · Office of the Secretary,,,,not stated,one side stated,Prior Phase 2 only,False
fmr,2027,HB10858-FMR-0678-005,"Construction of Sitio Cagurungan, Brgy. Eden FMR, Brgy. Eden, San Manuel, Isabela",25200000,2025,"Concreting of Brgy. Annanuman - Brgy. Dalena FMR Phase III, Brgy. Annanuman, San Pablo, Isabela",10000000,0.598,1,15200000,HB 10858 Vol I-B p. 678,GAA-2025 · Department of Agriculture (DA) · Office of the Secretary,,,,not stated,one side stated,Prior Phase 3 only,False
fmr,2027,HB10858-FMR-0678-005,"Construction of Sitio Cagurungan, Brgy. Eden FMR, Brgy. Eden, San Manuel, Isabela",25200000,2025,"Concreting of Sitio Mainit, Brgy. San Jose FMR Phase 3, Brgy. San Jose, Antipolo City, Rizal",20000000,0.544,2,5200000,HB 10858 Vol I-B p. 678,GAA-2025 · Department of Agriculture (DA) · Office of the Secretary,,,,not stated,one side stated,Prior Phase 3 only,False
fmr,2027,HB10858-FMR-0678-005,"Construction of Sitio Cagurungan, Brgy. Eden FMR, Brgy. Eden, San Manuel, Isabela",25200000,2025,"Concreting of FMR at Sitio Mainay, Brgy. Sta. Ines, San Miguel, Bulacan",20000000,0.516,3,5200000,HB 10858 Vol I-B p. 678,GAA-2025 · Department of Agriculture (DA) · Office of the Secretary,,,,not stated,not stated,,False
fmr,2027,HB10858-FMR-0678-007,"Concreting of Brgy. Sto. Domingo - Brgy. Salvacion FMR, Alicia, Isabela",10000000,2025,"Concreting of Sitio Bayawas Brgy. Salvacion FMR Phase III, Brgy. Salvacion, Magallanes, Sorsogon",15000000,0.557,1,-5000000,HB 10858 Vol I-B p. 678,GAA-2025 · Department of Agriculture (DA) · Office of the Secretary,,,,not stated,one side stated,Prior Phase 3 only,False
fmr,2027,HB10858-FMR-0678-007,"Concreting of Brgy. Sto. Domingo - Brgy. Salvacion FMR, Alicia, Isabela",10000000,2025,"Concreting of Sitio Bayawas, Brgy. Salvacion FMR Phase Il, Brgy. Salvacion, Magallanes, Sorsogon",25000000,0.54,2,-15000000,HB 10858 Vol I-B p. 678,GAA-2025 · Department of Agriculture (DA) · Office of the Secretary,,,,not stated,not stated,,False
fmr,2027,HB10858-FMR-0678-007,"Concreting of Brgy. Sto. Domingo - Brgy. Salvacion FMR, Alicia, Isabela",10000000,2025,"Concreting of Brgy. Calamagui North FMR Phase II, Brgy. Calamagui North, Santa Maria, Isabela",10000000,0.484,3,0,HB 10858 Vol I-B p. 678,GAA-2025 · Department of Agriculture (DA) · Office of the Secretary,,,,not stated,one side stated,Prior Phase 2 only,False
fmr,2027,HB10858-FMR-0678-008,"Concreting of Purok Ubbog, Brgy. Paraiso - Purok 2, Brgy. Magdalena FMR, Cabatuan, Isabela",10000000,2025,"Concreting of Purok 2, Brgy. Cansinala FMR (Phase I), Brgy. Cansinala, Apalit, Pampanga",15000000,0.457,1,-5000000,HB 10858 Vol I-B p. 678,GAA-2025 · Department of Agriculture (DA) · Office of the Secretary,,,,not stated,one side stated,Prior Phase 1 only,False
fmr,2027,HB10858-FMR-0678-008,"Concreting of Purok Ubbog, Brgy. Paraiso - Purok 2, Brgy. Magdalena FMR, Cabatuan, Isabela",10000000,2025,"Concreting of Purok 2, Brgy. Cansinala FMR Phase II, Brgy. Cansinala, Apalit, Pampanga",5000000,0.457,2,5000000,HB 10858 Vol I-B p. 678,GAA-2025 · Department of Agriculture (DA) · Office of the Secretary,,,,not stated,one side stated,Prior Phase 2 only,False
fmr,2027,HB10858-FMR-0678-008,"Concreting of Purok Ubbog, Brgy. Paraiso - Purok 2, Brgy. Magdalena FMR, Cabatuan, Isabela",10000000,2025,"Concreting of Brgy. Annanuman - Brgy. Dalena FMR Phase III, Brgy. Annanuman, San Pablo, Isabela",10000000,0.453,3,0,HB 10858 Vol I-B p. 678,GAA-2025 · Department of Agriculture (DA) · Office of the Secretary,,,,not stated,one side stated,Prior Phase 3 only,False
fmr,2027,HB10858-FMR-0678-009,"Construction of FMR at Sitio Dicabugue, Brgy. Dicamay 1, Jones, Isabela",30000000,2025,"Concreting of FMR at Sitio Mainay, Brgy. Sta. Ines, San Miguel, Bulacan",20000000,0.552,1,10000000,HB 10858 Vol I-B p. 678,GAA-2025 · Department of Agriculture (DA) · Office of the Secretary,,,,not stated,not stated,,False
fmr,2027,HB10858-FMR-0678-009,"Construction of FMR at Sitio Dicabugue, Brgy. Dicamay 1, Jones, Isabela",30000000,2025,"Concreting of FMR at Sitio Malapat, Brgy. Baay, Labo, Camarines Norte",15000000,0.512,2,15000000,HB 10858 Vol I-B p. 678,GAA-2025 · Department of Agriculture (DA) · Office of the Secretary,,,,not stated,not stated,,False
fmr,2027,HB10858-FMR-0678-009,"Construction of FMR at Sitio Dicabugue, Brgy. Dicamay 1, Jones, Isabela",30000000,2025,"Concreting of Bubug FMR (Phase I), Brgy. Bubug, Sto. Tomas, Isabela",15000000,0.5,3,15000000,HB 10858 Vol I-B p. 678,GAA-2025 · Department of Agriculture (DA) · Office of the Secretary,,,,not stated,one side stated,Prior Phase 1 only,False
fmr,2027,HB10858-FMR-0678-010,"Concreting of Brgy. San Antonio FMR, Brgy. San Antonio, Ramon, Isabela",10000000,2025,"Concreting of Brgy. San Antonio to Brgy. Lugui FMR (Phase II), Brgy. San Antonio and Brgy. Lugui, Labo, Camarines Norte",15000000,0.615,1,-5000000,HB 10858 Vol I-B p. 678,GAA-2025 · Department of Agriculture (DA) · Office of the Secretary,,,,not stated,one side stated,Prior Phase 2 only,False
fmr,2027,HB10858-FMR-0678-010,"Concreting of Brgy. San Antonio FMR, Brgy. San Antonio, Ramon, Isabela",10000000,2025,"Concreting of Brgy. Annanuman - Brgy. Dalena FMR Phase III, Brgy. Annanuman, San Pablo, Isabela",10000000,0.539,2,0,HB 10858 Vol I-B p. 678,GAA-2025 · Department of Agriculture (DA) · Office of the Secretary,,,,not stated,one side stated,Prior Phase 3 only,False
fmr,2027,HB10858-FMR-0678-010,"Concreting of Brgy. San Antonio FMR, Brgy. San Antonio, Ramon, Isabela",10000000,2025,"Concreting of FMR at Sitio Atagon to Brgy. San Antonio, Palo, Leyte",15000000,0.53,3,-5000000,HB 10858 Vol I-B p. 678,GAA-2025 · Department of Agriculture (DA) · Office of the Secretary,,,,not stated,not stated,,False
fmr,2027,HB10858-FMR-0678-011,"Construction of Sitio Cusapit, Brgy. Dicamay 1 FMR, Brgy. Dicamay 1, Jones, Isabela",15000000,2025,"Concreting of Sitio Gumihan, Brgy. Maytoong FMR Phase II, Brgy. Maytoong, Paete, Laguna",5550000,0.525,1,9450000,HB 10858 Vol I-B p. 678,GAA-2025 · Department of Agriculture (DA) · Office of the Secretary,,,,not stated,one side stated,Prior Phase 2 only,False
fmr,2027,HB10858-FMR-0678-011,"Construction of Sitio Cusapit, Brgy. Dicamay 1 FMR, Brgy. Dicamay 1, Jones, Isabela",15000000,2025,"Concreting of Brgy. Annanuman - Brgy. Dalena FMR Phase III, Brgy. Annanuman, San Pablo, Isabela",10000000,0.505,2,5000000,HB 10858 Vol I-B p. 678,GAA-2025 · Department of Agriculture (DA) · Office of the Secretary,,,,not stated,one side stated,Prior Phase 3 only,False
fmr,2027,HB10858-FMR-0678-011,"Construction of Sitio Cusapit, Brgy. Dicamay 1 FMR, Brgy. Dicamay 1, Jones, Isabela",15000000,2025,"Concreting of Brgy. Calamagui North FMR Phase II, Brgy. Calamagui North, Santa Maria, Isabela",10000000,0.491,3,5000000,HB 10858 Vol I-B p. 678,GAA-2025 · Department of Agriculture (DA) · Office of the Secretary,,,,not stated,one side stated,Prior Phase 2 only,False
fmr,2027,HB10858-FMR-0678-012,"Concreting of Brgy. Turod Sur FMR, Brgy. Turod Sur, Cordon, Isabela",15000000,2025,"Concreting of Bubug FMR (Phase I), Brgy. Bubug, Sto. Tomas, Isabela",15000000,0.563,1,0,HB 10858 Vol I-B p. 678,GAA-2025 · Department of Agriculture (DA) · Office of the Secretary,,,,not stated,one side stated,Prior Phase 1 only,False
fmr,2027,HB10858-FMR-0678-012,"Concreting of Brgy. Turod Sur FMR, Brgy. Turod Sur, Cordon, Isabela",15000000,2025,"Concreting of Brgy. Bubug FMR (Phase II), Brgy. Bubug, Sto. Tomas, Isabela",20000000,0.563,2,-5000000,HB 10858 Vol I-B p. 678,GAA-2025 · Department of Agriculture (DA) · Office of the Secretary,,,,not stated,one side stated,Prior Phase 2 only,False
fmr,2027,HB10858-FMR-0678-012,"Concreting of Brgy. Turod Sur FMR, Brgy. Turod Sur, Cordon, Isabela",15000000,2025,"Concreting of Brgy. Annanuman - Brgy. Dalena FMR Phase III, Brgy. Annanuman, San Pablo, Isabela",10000000,0.465,3,5000000,HB 10858 Vol I-B p. 678,GAA-2025 · Department of Agriculture (DA) · Office of the Secretary,,,,not stated,one side stated,Prior Phase 3 only,False
fmr,2027,HB10858-FMR-0678-013,"Construction of Sitio Dimas, Brgy. Minuri FMR, Brgy. Minuri, Jones, Isabela",30000000,2025,"Concreting of Sitio Gumihan, Brgy. Maytoong FMR Phase II, Brgy. Maytoong, Paete, Laguna",5550000,0.484,1,24450000,HB 10858 Vol I-B p. 678,GAA-2025 · Department of Agriculture (DA) · Office of the Secretary,,,,not stated,one side stated,Prior Phase 2 only,False
fmr,2027,HB10858-FMR-0678-013,"Construction of Sitio Dimas, Brgy. Minuri FMR, Brgy. Minuri, Jones, Isabela",30000000,2025,"Concreting of Sitio Malaya FMR at Brgy. Aningway Subic, Zambales",15000000,0.482,2,15000000,HB 10858 Vol I-B p. 678,GAA-2025 · Department of Agriculture (DA) · Office of the Secretary,,,,not stated,not stated,,False
fmr,2027,HB10858-FMR-0678-013,"Construction of Sitio Dimas, Brgy. Minuri FMR, Brgy. Minuri, Jones, Isabela",30000000,2025,"Concreting of Brgy. Calamagui North FMR Phase II, Brgy. Calamagui North, Santa Maria, Isabela",10000000,0.469,3,20000000,HB 10858 Vol I-B p. 678,GAA-2025 · Department of Agriculture (DA) · Office of the Secretary,,,,not stated,one side stated,Prior Phase 2 only,False
fmr,2027,HB10858-FMR-0678-014,"Concreting of Brgy. Patul- Brgy. Villa Gonzaga FMR Phase II, Brgy. Patul and Brgy. Villa Gonzaga, Santiago City, Isabela",15000000,2025,"Concreting of Brgy. Calamagui North FMR Phase II, Brgy. Calamagui North, Santa Maria, Isabela",10000000,0.5,1,5000000,HB 10858 Vol I-B p. 678,GAA-2025 · Department of Agriculture (DA) · Office of the Secretary,,,,not stated,same tranche,,False
fmr,2027,HB10858-FMR-0678-014,"Concreting of Brgy. Patul- Brgy. Villa Gonzaga FMR Phase II, Brgy. Patul and Brgy. Villa Gonzaga, Santiago City, Isabela",15000000,2025,"Concreting of Brgy. Annanuman - Brgy. Dalena FMR Phase III, Brgy. Annanuman, San Pablo, Isabela",10000000,0.496,2,5000000,HB 10858 Vol I-B p. 678,GAA-2025 · Department of Agriculture (DA) · Office of the Secretary,,,,not stated,different tranche,Phase 2 vs 3,True
fmr,2027,HB10858-FMR-0678-014,"Concreting of Brgy. Patul- Brgy. Villa Gonzaga FMR Phase II, Brgy. Patul and Brgy. Villa Gonzaga, Santiago City, Isabela",15000000,2025,"Concreting of Brgy. Alangilan FMR Phase I, Brgy. Alangilan, Bacolod City",15000000,0.475,3,0,HB 10858 Vol I-B p. 678,GAA-2025 · Department of Agriculture (DA) · Office of the Secretary,,,,not stated,different tranche,Phase 2 vs 1,True
fmr,2027,HB10858-FMR-0678-015,"Construction of Sitio Diarao Baba, Brgy. Dicamay 2 FMR, Brgy. Dicamay 2, Jones, Isabela",20000000,2025,"Concreting of Sitio Gumihan, Brgy. Maytoong FMR Phase II, Brgy. Maytoong, Paete, Laguna",5550000,0.505,1,14450000,HB 10858 Vol I-B p. 678,GAA-2025 · Department of Agriculture (DA) · Office of the Secretary,,,,not stated,one side stated,Prior Phase 2 only,False
fmr,2027,HB10858-FMR-0678-015,"Construction of Sitio Diarao Baba, Brgy. Dicamay 2 FMR, Brgy. Dicamay 2, Jones, Isabela",20000000,2025,"Concreting of FMR at Sitio Malapat, Brgy. Baay, Labo, Camarines Norte",15000000,0.49,2,5000000,HB 10858 Vol I-B p. 678,GAA-2025 · Department of Agriculture (DA) · Office of the Secretary,,,,not stated,not stated,,False
fmr,2027,HB10858-FMR-0678-015,"Construction of Sitio Diarao Baba, Brgy. Dicamay 2 FMR, Brgy. Dicamay 2, Jones, Isabela",20000000,2025,"Concreting of Brgy. Calamagui North FMR Phase II, Brgy. Calamagui North, Santa Maria, Isabela",10000000,0.455,3,10000000,HB 10858 Vol I-B p. 678,GAA-2025 · Department of Agriculture (DA) · Office of the Secretary,,,,not stated,one side stated,Prior Phase 2 only,False
fmr,2027,HB10858-FMR-0678-016,"Concreting of Villaflores - Tactac FMR, Brgy.Villaflores, Sta. Fe, Nueva Vizcaya",10000000,2025,"Opening and Concreting of FMR at Brgy. Quirino-San Geronimo, Bagabag, Nueva Vizcaya",30000000,0.495,1,-20000000,HB 10858 Vol I-B p. 678,GAA-2025 · Department of Agriculture (DA) · Office of the Secretary,,,,not stated,not stated,,False
fmr,2027,HB10858-FMR-0678-016,"Concreting of Villaflores - Tactac FMR, Brgy.Villaflores, Sta. Fe, Nueva Vizcaya",10000000,2025,"Concreting of Brgy. Sta. Isabel FMR (Phase II), Cabiao, Nueva Ecija",15000000,0.477,2,-5000000,HB 10858 Vol I-B p. 678,GAA-2025 · Department of Agriculture (DA) · Office of the Secretary,,,,not stated,one side stated,Prior Phase 2 only,False
fmr,2027,HB10858-FMR-0678-016,"Concreting of Villaflores - Tactac FMR, Brgy.Villaflores, Sta. Fe, Nueva Vizcaya",10000000,2025,"Concreting of FMR at Brgy. Tibak to Brgy. Bulod, Sta. Fe, Leyte",15000000,0.419,3,-5000000,HB 10858 Vol I-B p. 678,GAA-2025 · Department of Agriculture (DA) · Office of the Secretary,,,,not stated,not stated,,False
fmr,2027,HB10858-FMR-0678-017,"Construction of Brgy. San Antonio FMR, Brgy. San Antonio, Jones, Isabela",20000000,2025,"Concreting of Brgy. San Antonio to Brgy. Lugui FMR (Phase II), Brgy. San Antonio and Brgy. Lugui, Labo, Camarines Norte",15000000,0.654,1,5000000,HB 10858 Vol I-B p. 678,GAA-2025 · Department of Agriculture (DA) · Office of the Secretary,,,,not stated,one side stated,Prior Phase 2 only,False
fmr,2027,HB10858-FMR-0678-017,"Construction of Brgy. San Antonio FMR, Brgy. San Antonio, Jones, Isabela",20000000,2025,"Concreting of Brgy. Annanuman - Brgy. Dalena FMR Phase III, Brgy. Annanuman, San Pablo, Isabela",10000000,0.539,2,10000000,HB 10858 Vol I-B p. 678,GAA-2025 · Department of Agriculture (DA) · Office of the Secretary,,,,not stated,one side stated,Prior Phase 3 only,False
fmr,2027,HB10858-FMR-0678-017,"Construction of Brgy. San Antonio FMR, Brgy. San Antonio, Jones, Isabela",20000000,2025,"Concreting of FMR at Sitio Atagon to Brgy. San Antonio, Palo, Leyte",15000000,0.506,3,5000000,HB 10858 Vol I-B p. 678,GAA-2025 · Department of Agriculture (DA) · Office of the Secretary,,,,not stated,not stated,,False
fmr,2027,HB10858-FMR-0678-018,"Construction of Barindadu, Purok 5, Brgy. Dabubu Grande FMR, Brgy. Dabubu Grande, San Agustin, Isabela",45000000,2025,"Concreting of Bubug FMR (Phase I), Brgy. Bubug, Sto. Tomas, Isabela",15000000,0.529,1,30000000,HB 10858 Vol I-B p. 678,GAA-2025 · Department of Agriculture (DA) · Office of the Secretary,,,,not stated,one side stated,Prior Phase 1 only,False
fmr,2027,HB10858-FMR-0678-018,"Construction of Barindadu, Purok 5, Brgy. Dabubu Grande FMR, Brgy. Dabubu Grande, San Agustin, Isabela",45000000,2025,"Concreting of Brgy. Bubug FMR (Phase II), Brgy. Bubug, Sto. Tomas, Isabela",20000000,0.529,2,25000000,HB 10858 Vol I-B p. 678,GAA-2025 · Department of Agriculture (DA) · Office of the Secretary,,,,not stated,one side stated,Prior Phase 2 only,False
fmr,2027,HB10858-FMR-0678-018,"Construction of Barindadu, Purok 5, Brgy. Dabubu Grande FMR, Brgy. Dabubu Grande, San Agustin, Isabela",45000000,2025,"Concreting of Brgy. Annanuman - Brgy. Dalena FMR Phase III, Brgy. Annanuman, San Pablo, Isabela",10000000,0.496,3,35000000,HB 10858 Vol I-B p. 678,GAA-2025 · Department of Agriculture (DA) · Office of the Secretary,,,,not stated,one side stated,Prior Phase 3 only,False
fmr,2027,HB10858-FMR-0678-019,"Construction of Nursery, P7, Brgy. Sto. Niño FMR, Brgy. Sto. Niño, San Agustin, Isabela START (SEC 1): 16.464822, 121.783702 START (SEC 2): 16.467103, 121.809653",39000000,2025,"Concreting of FMR at Brgy. San Pablo to Brgy. San Agustin, Magalang, Pampanga",35000000,0.329,1,4000000,HB 10858 Vol I-B p. 678,GAA-2025 · Department of Agriculture (DA) · Office of the Secretary,,,,not stated,not stated,,False
fmr,2027,HB10858-FMR-0678-019,"Construction of Nursery, P7, Brgy. Sto. Niño FMR, Brgy. Sto. Niño, San Agustin, Isabela START (SEC 1): 16.464822, 121.783702 START (SEC 2): 16.467103, 121.809653",39000000,2025,"Concreting of Brgy. Calamagui North FMR Phase II, Brgy. Calamagui North, Santa Maria, Isabela",10000000,0.312,2,29000000,HB 10858 Vol I-B p. 678,GAA-2025 · Department of Agriculture (DA) · Office of the Secretary,,,,not stated,one side stated,Prior Phase 2 only,False
fmr,2027,HB10858-FMR-0678-019,"Construction of Nursery, P7, Brgy. Sto. Niño FMR, Brgy. Sto. Niño, San Agustin, Isabela START (SEC 1): 16.464822, 121.783702 START (SEC 2): 16.467103, 121.809653",39000000,2025,"Concreting of FMR at Sitio San Isidro to Sitio Bulahan, Brgy. San Jose, Sto. Tomas, Davao del Norte",100000000,0.295,3,-61000000,HB 10858 Vol I-B p. 678,GAA-2025 · Department of Agriculture (DA) · Office of the Secretary,,,,not stated,not stated,,False
fmr,2027,HB10858-FMR-0678-020,"Concreting of Dapiz, Kasaksian, Brgy. Mapalad FMR, Brgy. Mapalad, San Agustin, Isabela",30000000,2025,"Concreting of Brgy. Annanuman - Brgy. Dalena FMR Phase III, Brgy. Annanuman, San Pablo, Isabela",10000000,0.563,1,20000000,HB 10858 Vol I-B p. 678,GAA-2025 · Department of Agriculture (DA) · Office of the Secretary,,,,not stated,one side stated,Prior Phase 3 only,False
fmr,2027,HB10858-FMR-0678-020,"Concreting of Dapiz, Kasaksian, Brgy. Mapalad FMR, Brgy. Mapalad, San Agustin, Isabela",30000000,2025,"Concreting of FMR at Brgy. San Pablo to Brgy. San Agustin, Magalang, Pampanga",35000000,0.475,2,-5000000,HB 10858 Vol I-B p. 678,GAA-2025 · Department of Agriculture (DA) · Office of the Secretary,,,,not stated,not stated,,False
fmr,2027,HB10858-FMR-0678-020,"Concreting of Dapiz, Kasaksian, Brgy. Mapalad FMR, Brgy. Mapalad, San Agustin, Isabela",30000000,2025,"Concreting of Brgy. Calamagui North FMR Phase II, Brgy. Calamagui North, Santa Maria, Isabela",10000000,0.473,3,20000000,HB 10858 Vol I-B p. 678,GAA-2025 · Department of Agriculture (DA) · Office of the Secretary,,,,not stated,one side stated,Prior Phase 2 only,False
fmr,2027,HB10858-FMR-0678-021,"Construction of Brgy. Sto. Niño FMR, Brgy. Sto. Niño, San Agustin, Isabela",45000000,2025,"Concreting of FMR at Brgy. San Pablo to Brgy. San Agustin, Magalang, Pampanga",35000000,0.552,1,10000000,HB 10858 Vol I-B p. 678,GAA-2025 · Department of Agriculture (DA) · Office of the Secretary,,,,not stated,not stated,,False
fmr,2027,HB10858-FMR-0678-021,"Construction of Brgy. Sto. Niño FMR, Brgy. Sto. Niño, San Agustin, Isabela",45000000,2025,"Concreting of Brgy. Calamagui North FMR Phase II, Brgy. Calamagui North, Santa Maria, Isabela",10000000,0.542,2,35000000,HB 10858 Vol I-B p. 678,GAA-2025 · Department of Agriculture (DA) · Office of the Secretary,,,,not stated,one side stated,Prior Phase 2 only,False
fmr,2027,HB10858-FMR-0678-021,"Construction of Brgy. Sto. Niño FMR, Brgy. Sto. Niño, San Agustin, Isabela",45000000,2025,"Concreting of FMR at Brgy. San Agustin, Candaba, Pampanga",25000000,0.521,3,20000000,HB 10858 Vol I-B p. 678,GAA-2025 · Department of Agriculture (DA) · Office of the Secretary,,,,not stated,not stated,,False
fmr,2027,HB10858-FMR-0678-022,"Concreting/Rehabilitation of Brgy. Napaliong FMR, Brgy. Napaliong, Jones, Isabela",20000000,2025,"Concreting of Brgy. Annanuman - Brgy. Dalena FMR Phase III, Brgy. Annanuman, San Pablo, Isabela",10000000,0.565,1,10000000,HB 10858 Vol I-B p. 678,GAA-2025 · Department of Agriculture (DA) · Office of the Secretary,,,,not stated,one side stated,Prior Phase 3 only,False
fmr,2027,HB10858-FMR-0678-022,"Concreting/Rehabilitation of Brgy. Napaliong FMR, Brgy. Napaliong, Jones, Isabela",20000000,2025,"Concreting of Bubug FMR (Phase I), Brgy. Bubug, Sto. Tomas, Isabela",15000000,0.514,2,5000000,HB 10858 Vol I-B p. 678,GAA-2025 · Department of Agriculture (DA) · Office of the Secretary,,,,not stated,one side stated,Prior Phase 1 only,False
fmr,2027,HB10858-FMR-0678-022,"Concreting/Rehabilitation of Brgy. Napaliong FMR, Brgy. Napaliong, Jones, Isabela",20000000,2025,"Concreting of Brgy. Bubug FMR (Phase II), Brgy. Bubug, Sto. Tomas, Isabela",20000000,0.514,3,0,HB 10858 Vol I-B p. 678,GAA-2025 · Department of Agriculture (DA) · Office of the Secretary,,,,not stated,one side stated,Prior Phase 2 only,False
fmr,2027,HB10858-FMR-0678-023,"Construction of Purok 7, Brgy. Mapalad FMR, San Agustin, Isabela",15000000,2025,"Concreting of Brgy. Annanuman - Brgy. Dalena FMR Phase III, Brgy. Annanuman, San Pablo, Isabela",10000000,0.552,1,5000000,HB 10858 Vol I-B p. 678,GAA-2025 · Department of Agriculture (DA) · Office of the Secretary,,,,not stated,one side stated,Prior Phase 3 only,False
fmr,2027,HB10858-FMR-0678-023,"Construction of Purok 7, Brgy. Mapalad FMR, San Agustin, Isabela",15000000,2025,"Concreting of FMR at Brgy. San Agustin, Candaba, Pampanga",25000000,0.535,2,-10000000,HB 10858 Vol I-B p. 678,GAA-2025 · Department of Agriculture (DA) · Office of the Secretary,,,,not stated,not stated,,False
fmr,2027,HB10858-FMR-0678-023,"Construction of Purok 7, Brgy. Mapalad FMR, San Agustin, Isabela",15000000,2025,"Concreting of Purok 2, Brgy. Cansinala FMR (Phase I), Brgy. Cansinala, Apalit, Pampanga",15000000,0.512,3,0,HB 10858 Vol I-B p. 678,GAA-2025 · Department of Agriculture (DA) · Office of the Secretary,,,,not stated,one side stated,Prior Phase 1 only,False
fmr,2027,HB10858-FMR-0678-024,"Construction of Bacsay, Mapulalupa FMR, Brgy. Mapulalupa, Claveria, Cagayan",10000000,2025,"Concreting of Buyun FMR (Rambo Drive), Santa Teresita, Cagayan",10888000,0.516,1,-888000,HB 10858 Vol I-B p. 678,GAA-2025 · Department of Agriculture (DA) · Office of the Secretary,,,,not stated,not stated,,False
fmr,2027,HB10858-FMR-0678-024,"Construction of Bacsay, Mapulalupa FMR, Brgy. Mapulalupa, Claveria, Cagayan",10000000,2025,"Concreting of Brgy. Guiddam FMR (Phase II), Brgy. Guiddam, Abulug, Cagayan",10000000,0.482,2,0,HB 10858 Vol I-B p. 678,GAA-2025 · Department of Agriculture (DA) · Office of the Secretary,,,,not stated,one side stated,Prior Phase 2 only,False
fmr,2027,HB10858-FMR-0678-024,"Construction of Bacsay, Mapulalupa FMR, Brgy. Mapulalupa, Claveria, Cagayan",10000000,2025,"Concreting of Brgy. Mabaca FMR Phase II, Brgy. Mabaca, Balbalan, Kalinga",10000000,0.41,3,0,HB 10858 Vol I-B p. 678,GAA-2025 · Department of Agriculture (DA) · Office of the Secretary,,,,not stated,one side stated,Prior Phase 2 only,False
fmr,2027,HB10858-FMR-0678-025,"Construction of Kimmulluong FMR, Brgy. Sinaoangan Sur, San Agustin, Isabela",15000000,2025,"Concreting of Brgy. Annanuman - Brgy. Dalena FMR Phase III, Brgy. Annanuman, San Pablo, Isabela",10000000,0.531,1,5000000,HB 10858 Vol I-B p. 678,GAA-2025 · Department of Agriculture (DA) · Office of the Secretary,,,,not stated,one side stated,Prior Phase 3 only,False
fmr,2027,HB10858-FMR-0678-025,"Construction of Kimmulluong FMR, Brgy. Sinaoangan Sur, San Agustin, Isabela",15000000,2025,"Concreting of Brgy. Balaong FMR (Phase I), Brgy. Balaong, San Miguel, Bulacan",5000000,0.523,2,10000000,HB 10858 Vol I-B p. 678,GAA-2025 · Department of Agriculture (DA) · Office of the Secretary,,,,not stated,one side stated,Prior Phase 1 only,False
fmr,2027,HB10858-FMR-0678-025,"Construction of Kimmulluong FMR, Brgy. Sinaoangan Sur, San Agustin, Isabela",15000000,2025,"Concreting of Bubug FMR (Phase I), Brgy. Bubug, Sto. Tomas, Isabela",15000000,0.506,3,0,HB 10858 Vol I-B p. 678,GAA-2025 · Department of Agriculture (DA) · Office of the Secretary,,,,not stated,one side stated,Prior Phase 1 only,False
fmr,2027,HB10858-FMR-0678-026,"Concreting of Sitio Culduroy, Brgy. Dibuluan FMR with Slope Protection, Brgy. Dibuluan, San Mariano, Isabela",10000000,2025,"Concreting of Brgy. Sab-a to Brgy. Libaong FMR (Phase II) with Box Culvert, Brgy. Sab-a, Libaong, San Remegio, Cebu",15000000,0.466,1,-5000000,HB 10858 Vol I-B p. 678,GAA-2025 · Department of Agriculture (DA) · Office of the Secretary,,,,not stated,one side stated,Prior Phase 2 only,False
fmr,2027,HB10858-FMR-0678-026,"Concreting of Sitio Culduroy, Brgy. Dibuluan FMR with Slope Protection, Brgy. Dibuluan, San Mariano, Isabela",10000000,2025,"Concreting of Brgy. Annanuman - Brgy. Dalena FMR Phase III, Brgy. Annanuman, San Pablo, Isabela",10000000,0.46,2,0,HB 10858 Vol I-B p. 678,GAA-2025 · Department of Agriculture (DA) · Office of the Secretary,,,,not stated,one side stated,Prior Phase 3 only,False
fmr,2027,HB10858-FMR-0678-026,"Concreting of Sitio Culduroy, Brgy. Dibuluan FMR with Slope Protection, Brgy. Dibuluan, San Mariano, Isabela",10000000,2025,"Concreting of FMR at Sitio Kasagingan, Brgy. Bairan to Brgy. Cabatianuhan, San Miguel, Leyte",15000000,0.435,3,-5000000,HB 10858 Vol I-B p. 678,GAA-2025 · Department of Agriculture (DA) · Office of the Secretary,,,,not stated,not stated,,False
fmr,2027,HB10858-FMR-0678-028,"Concreting of Sitio Bulawan, Brgy. Buyusan FMR, Brgy. Buyusan, San Mariano, Isabela",20000000,2025,"Concreting of Bubug FMR (Phase I), Brgy. Bubug, Sto. Tomas, Isabela",15000000,0.581,1,5000000,HB 10858 Vol I-B p. 678,GAA-2025 · Department of Agriculture (DA) · Office of the Secretary,,,,not stated,one side stated,Prior Phase 1 only,False
fmr,2027,HB10858-FMR-0678-028,"Concreting of Sitio Bulawan, Brgy. Buyusan FMR, Brgy. Buyusan, San Mariano, Isabela",20000000,2025,"Concreting of Brgy. Bubug FMR (Phase II), Brgy. Bubug, Sto. Tomas, Isabela",20000000,0.581,2,0,HB 10858 Vol I-B p. 678,GAA-2025 · Department of Agriculture (DA) · Office of the Secretary,,,,not stated,one side stated,Prior Phase 2 only,False
fmr,2027,HB10858-FMR-0678-028,"Concreting of Sitio Bulawan, Brgy. Buyusan FMR, Brgy. Buyusan, San Mariano, Isabela",20000000,2025,"Concreting of Brgy. Annanuman - Brgy. Dalena FMR Phase III, Brgy. Annanuman, San Pablo, Isabela",10000000,0.574,3,10000000,HB 10858 Vol I-B p. 678,GAA-2025 · Department of Agriculture (DA) · Office of the Secretary,,,,not stated,one side stated,Prior Phase 3 only,False
fmr,2027,HB10858-FMR-0678-029,"Concreting of Brgy. Masaya Norte FMR, Brgy. Masaya Norte, San Agustin, Isabela",13200000,2025,"Concreting of Brgy. Annanuman - Brgy. Dalena FMR Phase III, Brgy. Annanuman, San Pablo, Isabela",10000000,0.536,1,3200000,HB 10858 Vol I-B p. 678,GAA-2025 · Department of Agriculture (DA) · Office of the Secretary,,,,not stated,one side stated,Prior Phase 3 only,False
fmr,2027,HB10858-FMR-0678-029,"Concreting of Brgy. Masaya Norte FMR, Brgy. Masaya Norte, San Agustin, Isabela",13200000,2025,"Concreting of FMR at Brgy. San Pablo to Brgy. San Agustin, Magalang, Pampanga",35000000,0.526,2,-21800000,HB 10858 Vol I-B p. 678,GAA-2025 · Department of Agriculture (DA) · Office of the Secretary,,,,not stated,not stated,,False
fmr,2027,HB10858-FMR-0678-029,"Concreting of Brgy. Masaya Norte FMR, Brgy. Masaya Norte, San Agustin, Isabela",13200000,2025,"Concreting of Brgy. Balaong FMR (Phase I), Brgy. Balaong, San Miguel, Bulacan",5000000,0.483,3,8200000,HB 10858 Vol I-B p. 678,GAA-2025 · Department of Agriculture (DA) · Office of the Secretary,,,,not stated,one side stated,Prior Phase 1 only,False
fmr,2027,HB10858-FMR-0678-030,"Construction of Brgy. Bannawag (Sito Dulay) FMR, Brgy. Bannawag, Diffun, Quirino",5000000,2025,"Concreting of Brgy. Mabaca FMR Phase II, Brgy. Mabaca, Balbalan, Kalinga",10000000,0.395,1,-5000000,HB 10858 Vol I-B p. 678,GAA-2025 · Department of Agriculture (DA) · Office of the Secretary,,,,not stated,one side stated,Prior Phase 2 only,False
fmr,2027,HB10858-FMR-0678-030,"Construction of Brgy. Bannawag (Sito Dulay) FMR, Brgy. Bannawag, Diffun, Quirino",5000000,2025,"Concreting of Brgy. Caluangan FMR (Phase I), Brgy. Caluangan, Magallanes, Cavite",15000000,0.341,2,-10000000,HB 10858 Vol I-B p. 678,GAA-2025 · Department of Agriculture (DA) · Office of the Secretary,,,,not stated,one side stated,Prior Phase 1 only,False
fmr,2027,HB10858-FMR-0678-030,"Construction of Brgy. Bannawag (Sito Dulay) FMR, Brgy. Bannawag, Diffun, Quirino",5000000,2025,"Concreting of FMR at Brgy. Pandatun, Hermosa, Bataan",15000000,0.324,3,-10000000,HB 10858 Vol I-B p. 678,GAA-2025 · Department of Agriculture (DA) · Office of the Secretary,,,,not stated,not stated,,False
fmr,2027,HB10858-FMR-0680-001,"Construction of Brgy. Liwayway FMR, Brgy. Liwayway, Diffun, Quirino",5000000,2025,"Concreting of FMR at Brgy. Malioer, Bayambang, Pangasinan",10000000,0.382,1,-5000000,HB 10858 Vol I-B p. 680,GAA-2025 · Department of Agriculture (DA) · Office of the Secretary,,,,not stated,not stated,,False
fmr,2027,HB10858-FMR-0680-001,"Construction of Brgy. Liwayway FMR, Brgy. Liwayway, Diffun, Quirino",5000000,2025,"Concreting of Brgy. Caluangan FMR (Phase I), Brgy. Caluangan, Magallanes, Cavite",15000000,0.364,2,-10000000,HB 10858 Vol I-B p. 680,GAA-2025 · Department of Agriculture (DA) · Office of the Secretary,,,,not stated,one side stated,Prior Phase 1 only,False
fmr,2027,HB10858-FMR-0680-001,"Construction of Brgy. Liwayway FMR, Brgy. Liwayway, Diffun, Quirino",5000000,2025,"Concreting of FMR at Brgy. Pandatun, Hermosa, Bataan",15000000,0.349,3,-10000000,HB 10858 Vol I-B p. 680,GAA-2025 · Department of Agriculture (DA) · Office of the Secretary,,,,not stated,not stated,,False
fmr,2027,HB10858-FMR-0680-003,"Construction of Brgy. Villamore FMR, Brgy. Villamore, Cabarroguis, Quirino",5000000,2025,"Concreting of Brgy. Guiddam FMR (Phase II), Brgy. Guiddam, Abulug, Cagayan",10000000,0.416,1,-5000000,HB 10858 Vol I-B p. 680,GAA-2025 · Department of Agriculture (DA) · Office of the Secretary,,,,not stated,one side stated,Prior Phase 2 only,False
fmr,2027,HB10858-FMR-0680-003,"Construction of Brgy. Villamore FMR, Brgy. Villamore, Cabarroguis, Quirino",5000000,2025,"Concreting of FMR at Brgy. Lourdes, Candaba, Pampanga",20000000,0.394,2,-15000000,HB 10858 Vol I-B p. 680,GAA-2025 · Department of Agriculture (DA) · Office of the Secretary,,,,not stated,not stated,,False
fmr,2027,HB10858-FMR-0680-003,"Construction of Brgy. Villamore FMR, Brgy. Villamore, Cabarroguis, Quirino",5000000,2025,"Concreting of FMR at Brgy. Pescadores, Candaba, Pampanga",25000000,0.378,3,-20000000,HB 10858 Vol I-B p. 680,GAA-2025 · Department of Agriculture (DA) · Office of the Secretary,,,,not stated,not stated,,False
fmr,2027,HB10858-FMR-0680-005,"Construction of Brgy. Banuar FMR, Brgy. Banuar, Cabarroguis, Quirino",5000000,2025,"Concreting of FMR at Brgy. Pangclara, Candaba, Pampanga",25000000,0.418,1,-20000000,HB 10858 Vol I-B p. 680,GAA-2025 · Department of Agriculture (DA) · Office of the Secretary,,,,not stated,not stated,,False
fmr,2027,HB10858-FMR-0680-005,"Construction of Brgy. Banuar FMR, Brgy. Banuar, Cabarroguis, Quirino",5000000,2025,"Concreting of FMR at Brgy. Barit, Candaba, Pampanga",25000000,0.413,2,-20000000,HB 10858 Vol I-B p. 680,GAA-2025 · Department of Agriculture (DA) · Office of the Secretary,,,,not stated,not stated,,False
fmr,2027,HB10858-FMR-0680-005,"Construction of Brgy. Banuar FMR, Brgy. Banuar, Cabarroguis, Quirino",5000000,2025,"Concreting of FMR at Brgy. Mangga, Candaba, Pampanga",25000000,0.406,3,-20000000,HB 10858 Vol I-B p. 680,GAA-2025 · Department of Agriculture (DA) · Office of the Secretary,,,,not stated,not stated,,False
fmr,2027,HB10858-FMR-0680-007,"Construction of Brgy. Villa Cardenas - Brgy. Balagbag FMR, Saguday & Diffun FMR, Quirino",5000000,2025,"Concreting of Brgy. Mabaca FMR Phase II, Brgy. Mabaca, Balbalan, Kalinga",10000000,0.341,1,-5000000,HB 10858 Vol I-B p. 680,GAA-2025 · Department of Agriculture (DA) · Office of the Secretary,,,,not stated,one side stated,Prior Phase 2 only,False
fmr,2027,HB10858-FMR-0680-007,"Construction of Brgy. Villa Cardenas - Brgy. Balagbag FMR, Saguday & Diffun FMR, Quirino",5000000,2025,"Concreting of FMR at Brgy. Pandatun, Hermosa, Bataan",15000000,0.321,2,-10000000,HB 10858 Vol I-B p. 680,GAA-2025 · Department of Agriculture (DA) · Office of the Secretary,,,,not stated,not stated,,False
fmr,2027,HB10858-FMR-0680-007,"Construction of Brgy. Villa Cardenas - Brgy. Balagbag FMR, Saguday & Diffun FMR, Quirino",5000000,2025,"Concreting of FMR at Brgy. Balagbag, Cuenca, Batangas",20000000,0.317,3,-15000000,HB 10858 Vol I-B p. 680,GAA-2025 · Department of Agriculture (DA) · Office of the Secretary,,,,not stated,not stated,,False
fmr,2027,HB10858-FMR-0680-009,"Construction of Brgy. Dagupan FMR, Brgy. Dagupan, Aglipay, Quirino",5000000,2025,"Concreting of Brgy. Caluangan FMR (Phase I), Brgy. Caluangan, Magallanes, Cavite",15000000,0.474,1,-10000000,HB 10858 Vol I-B p. 680,GAA-2025 · Department of Agriculture (DA) · Office of the Secretary,,,,not stated,one side stated,Prior Phase 1 only,False
fmr,2027,HB10858-FMR-0680-009,"Construction of Brgy. Dagupan FMR, Brgy. Dagupan, Aglipay, Quirino",5000000,2025,"Concreting of Brgy. Mabaca FMR Phase II, Brgy. Mabaca, Balbalan, Kalinga",10000000,0.435,2,-5000000,HB 10858 Vol I-B p. 680,GAA-2025 · Department of Agriculture (DA) · Office of the Secretary,,,,not stated,one side stated,Prior Phase 2 only,False
fmr,2027,HB10858-FMR-0680-009,"Construction of Brgy. Dagupan FMR, Brgy. Dagupan, Aglipay, Quirino",5000000,2025,"Concreting of FMR at Brgy. Mapaniqui, Candaba, Pampanga",35000000,0.4,3,-30000000,HB 10858 Vol I-B p. 680,GAA-2025 · Department of Agriculture (DA) · Office of the Secretary,,,,not stated,not stated,,False
fmr,2027,HB10858-FMR-0680-011,"Construction of Brgy. Rang-Ay FMR, Brgy. Rang-Ay, San Agustin, Isabela",10000000,2025,"Concreting of Brgy. Annanuman - Brgy. Dalena FMR Phase III, Brgy. Annanuman, San Pablo, Isabela",10000000,0.598,1,0,HB 10858 Vol I-B p. 680,GAA-2025 · Department of Agriculture (DA) · Office of the Secretary,,,,not stated,one side stated,Prior Phase 3 only,False
fmr,2027,HB10858-FMR-0680-011,"Construction of Brgy. Rang-Ay FMR, Brgy. Rang-Ay, San Agustin, Isabela",10000000,2025,"Concreting of FMR at Brgy. San Pablo to Brgy. San Agustin, Magalang, Pampanga",35000000,0.565,2,-25000000,HB 10858 Vol I-B p. 680,GAA-2025 · Department of Agriculture (DA) · Office of the Secretary,,,,not stated,not stated,,False
fmr,2027,HB10858-FMR-0680-011,"Construction of Brgy. Rang-Ay FMR, Brgy. Rang-Ay, San Agustin, Isabela",10000000,2025,"Concreting of Brgy. Balaong FMR (Phase I), Brgy. Balaong, San Miguel, Bulacan",5000000,0.545,3,5000000,HB 10858 Vol I-B p. 680,GAA-2025 · Department of Agriculture (DA) · Office of the Secretary,,,,not stated,one side stated,Prior Phase 1 only,False
fmr,2027,HB10858-FMR-0680-013,"Construction of Brgy. Nemmatan FMR, Brgy. Nemmatan, San Agustin, Isabela",10000000,2025,"Concreting of Brgy. Annanuman - Brgy. Dalena FMR Phase III, Brgy. Annanuman, San Pablo, Isabela",10000000,0.629,1,0,HB 10858 Vol I-B p. 680,GAA-2025 · Department of Agriculture (DA) · Office of the Secretary,,,,not stated,one side stated,Prior Phase 3 only,False
fmr,2027,HB10858-FMR-0680-013,"Construction of Brgy. Nemmatan FMR, Brgy. Nemmatan, San Agustin, Isabela",10000000,2025,"Concreting of Brgy. Calamagui North FMR Phase II, Brgy. Calamagui North, Santa Maria, Isabela",10000000,0.542,2,0,HB 10858 Vol I-B p. 680,GAA-2025 · Department of Agriculture (DA) · Office of the Secretary,,,,not stated,one side stated,Prior Phase 2 only,False
fmr,2027,HB10858-FMR-0680-013,"Construction of Brgy. Nemmatan FMR, Brgy. Nemmatan, San Agustin, Isabela",10000000,2025,"Concreting of FMR at Brgy. San Agustin, Candaba, Pampanga",25000000,0.521,3,-15000000,HB 10858 Vol I-B p. 680,GAA-2025 · Department of Agriculture (DA) · Office of the Secretary,,,,not stated,not stated,,False
fmr,2027,HB10858-FMR-0682-007,"Construction of J Gonzales-Bangan Bubon Chocolate Brgy. Amungan FMR,",500000,2025,"Concreting of FMR at Brgy. Inirangan, Bayambang, Pangasinan",10000000,0.405,1,-9500000,HB 10858 Vol I-B p. 682,GAA-2025 · Department of Agriculture (DA) · Office of the Secretary,,,,not stated,not stated,,False
fmr,2027,HB10858-FMR-0682-007,"Construction of J Gonzales-Bangan Bubon Chocolate Brgy. Amungan FMR,",500000,2025,"Concreting of FMR at Brgy. Bambang, Candaba, Pampanga",20000000,0.384,2,-19500000,HB 10858 Vol I-B p. 682,GAA-2025 · Department of Agriculture (DA) · Office of the Secretary,,,,not stated,not stated,,False
fmr,2027,HB10858-FMR-0682-007,"Construction of J Gonzales-Bangan Bubon Chocolate Brgy. Amungan FMR,",500000,2025,"Concreting of FMR at Brgy. Malioer, Bayambang, Pangasinan",10000000,0.364,3,-9500000,HB 10858 Vol I-B p. 682,GAA-2025 · Department of Agriculture (DA) · Office of the Secretary,,,,not stated,not stated,,False
fmr,2027,HB10858-FMR-0682-010,"Construction of Maymayan Buri, Brgy. Inhobol FMR, Brgy. Inhobol, Masinloc, Zambales",500000,2025,"Concreting of Sitio Malaya FMR at Brgy. Aningway Subic, Zambales",15000000,0.527,1,-14500000,HB 10858 Vol I-B p. 682,GAA-2025 · Department of Agriculture (DA) · Office of the Secretary,,,,not stated,not stated,,False
fmr,2027,HB10858-FMR-0682-010,"Construction of Maymayan Buri, Brgy. Inhobol FMR, Brgy. Inhobol, Masinloc, Zambales",500000,2025,"Concreting of Brgy. Mabaca FMR Phase II, Brgy. Mabaca, Balbalan, Kalinga",10000000,0.376,2,-9500000,HB 10858 Vol I-B p. 682,GAA-2025 · Department of Agriculture (DA) · Office of the Secretary,,,,not stated,one side stated,Prior Phase 2 only,False
fmr,2027,HB10858-FMR-0682-010,"Construction of Maymayan Buri, Brgy. Inhobol FMR, Brgy. Inhobol, Masinloc, Zambales",500000,2025,"Concreting of Brgy. Caluangan FMR (Phase I), Brgy. Caluangan, Magallanes, Cavite",15000000,0.37,3,-14500000,HB 10858 Vol I-B p. 682,GAA-2025 · Department of Agriculture (DA) · Office of the Secretary,,,,not stated,one side stated,Prior Phase 1 only,False
fmr,2027,HB10858-FMR-0684-002,"Construction of Brgy. Sto. Rosario Young FMR, Brgy. Sto. Rosario Young, Zaragoza, Nueva Ecija",750000,2025,"Concreting of Brgy. Sta. Isabel FMR (Phase II), Cabiao, Nueva Ecija",15000000,0.495,1,-14250000,HB 10858 Vol I-B p. 684,GAA-2025 · Department of Agriculture (DA) · Office of the Secretary,,,,not stated,one side stated,Prior Phase 2 only,False
fmr,2027,HB10858-FMR-0684-002,"Construction of Brgy. Sto. Rosario Young FMR, Brgy. Sto. Rosario Young, Zaragoza, Nueva Ecija",750000,2025,"Opening and Concreting of FMR at Brgy. Quirino-San Geronimo, Bagabag, Nueva Vizcaya",30000000,0.491,2,-29250000,HB 10858 Vol I-B p. 684,GAA-2025 · Department of Agriculture (DA) · Office of the Secretary,,,,not stated,not stated,,False
fmr,2027,HB10858-FMR-0684-002,"Construction of Brgy. Sto. Rosario Young FMR, Brgy. Sto. Rosario Young, Zaragoza, Nueva Ecija",750000,2025,"Concreting of FMR at Brgy. Sto. Rosario, Candaba, Pampanga",20000000,0.413,3,-19250000,HB 10858 Vol I-B p. 684,GAA-2025 · Department of Agriculture (DA) · Office of the Secretary,,,,not stated,not stated,,False
fmr,2027,HB10858-FMR-0684-004,"Construction of Brgy. General Luna FMR, Brgy. General Luna, Sto. Domingo, Nueva Ecija",500000,2025,"Concreting of Brgy. Sta. Isabel FMR (Phase II), Cabiao, Nueva Ecija",15000000,0.512,1,-14500000,HB 10858 Vol I-B p. 684,GAA-2025 · Department of Agriculture (DA) · Office of the Secretary,,,,not stated,one side stated,Prior Phase 2 only,False
fmr,2027,HB10858-FMR-0684-004,"Construction of Brgy. General Luna FMR, Brgy. General Luna, Sto. Domingo, Nueva Ecija",500000,2025,"Opening and Concreting of FMR at Brgy. Quirino-San Geronimo, Bagabag, Nueva Vizcaya",30000000,0.43,2,-29500000,HB 10858 Vol I-B p. 684,GAA-2025 · Department of Agriculture (DA) · Office of the Secretary,,,,not stated,not stated,,False
fmr,2027,HB10858-FMR-0684-004,"Construction of Brgy. General Luna FMR, Brgy. General Luna, Sto. Domingo, Nueva Ecija",500000,2025,"Concreting of Bagabag-Biga Oriental FMR (Phase II), Brgy. Bagabag-Biga Oriental, Sto. Tomas, Isabela",15000000,0.424,3,-14500000,HB 10858 Vol I-B p. 684,GAA-2025 · Department of Agriculture (DA) · Office of the Secretary,,,,not stated,one side stated,Prior Phase 2 only,False
fmr,2027,HB10858-FMR-0684-006,"Construction of Brgy. San Agustin FMR, Brgy. San Agustin, Sto. Domingo, Nueva Ecija",287500,2025,"Concreting of Brgy. Sta. Isabel FMR (Phase II), Cabiao, Nueva Ecija",15000000,0.524,1,-14712500,HB 10858 Vol I-B p. 684,GAA-2025 · Department of Agriculture (DA) · Office of the Secretary,,,,not stated,one side stated,Prior Phase 2 only,False
fmr,2027,HB10858-FMR-0684-006,"Construction of Brgy. San Agustin FMR, Brgy. San Agustin, Sto. Domingo, Nueva Ecija",287500,2025,"Concreting of FMR at Brgy. San Pablo to Brgy. San Agustin, Magalang, Pampanga",35000000,0.515,2,-34712500,HB 10858 Vol I-B p. 684,GAA-2025 · Department of Agriculture (DA) · Office of the Secretary,,,,not stated,not stated,,False
fmr,2027,HB10858-FMR-0684-006,"Construction of Brgy. San Agustin FMR, Brgy. San Agustin, Sto. Domingo, Nueva Ecija",287500,2025,"Concreting of FMR at Brgy. San Agustin, Candaba, Pampanga",25000000,0.506,3,-24712500,HB 10858 Vol I-B p. 684,GAA-2025 · Department of Agriculture (DA) · Office of the Secretary,,,,not stated,not stated,,False
fmr,2027,HB10858-FMR-0684-008,"Construction of Brgy. Tampac I FMR, Brgy. Tampac I, Guimba, Nueva Ecija",375000,2025,"Concreting of Brgy. Sta. Isabel FMR (Phase II), Cabiao, Nueva Ecija",15000000,0.63,1,-14625000,HB 10858 Vol I-B p. 684,GAA-2025 · Department of Agriculture (DA) · Office of the Secretary,,,,not stated,one side stated,Prior Phase 2 only,False
fmr,2027,HB10858-FMR-0684-008,"Construction of Brgy. Tampac I FMR, Brgy. Tampac I, Guimba, Nueva Ecija",375000,2025,"Opening and Concreting of FMR at Brgy. Quirino-San Geronimo, Bagabag, Nueva Vizcaya",30000000,0.489,2,-29625000,HB 10858 Vol I-B p. 684,GAA-2025 · Department of Agriculture (DA) · Office of the Secretary,,,,not stated,not stated,,False
fmr,2027,HB10858-FMR-0684-008,"Construction of Brgy. Tampac I FMR, Brgy. Tampac I, Guimba, Nueva Ecija",375000,2025,"Concreting of Brgy. Mabaca FMR Phase II, Brgy. Mabaca, Balbalan, Kalinga",10000000,0.459,3,-9625000,HB 10858 Vol I-B p. 684,GAA-2025 · Department of Agriculture (DA) · Office of the Secretary,,,,not stated,one side stated,Prior Phase 2 only,False
fmr,2027,HB10858-FMR-0684-025,"Construction of Brgy. Burgos FMR, Brgy. Burgos, Cuyapo, Nueva Ecija",125000,2025,"Concreting of Brgy. Sta. Isabel FMR (Phase II), Cabiao, Nueva Ecija",15000000,0.609,1,-14875000,HB 10858 Vol I-B p. 684,GAA-2025 · Department of Agriculture (DA) · Office of the Secretary,,,,not stated,one side stated,Prior Phase 2 only,False
fmr,2027,HB10858-FMR-0684-025,"Construction of Brgy. Burgos FMR, Brgy. Burgos, Cuyapo, Nueva Ecija",125000,2025,"Concreting of FMR at Brgy. Lourdes, Candaba, Pampanga",20000000,0.438,2,-19875000,HB 10858 Vol I-B p. 684,GAA-2025 · Department of Agriculture (DA) · Office of the Secretary,,,,not stated,not stated,,False
fmr,2027,HB10858-FMR-0684-025,"Construction of Brgy. Burgos FMR, Brgy. Burgos, Cuyapo, Nueva Ecija",125000,2025,"Concreting of FMR at Brgy. Namantao to Brgy. Burgos - Brgy. Bascaran, Daraga, Albay",30000000,0.425,3,-29875000,HB 10858 Vol I-B p. 684,GAA-2025 · Department of Agriculture (DA) · Office of the Secretary,,,,not stated,not stated,,False
fmr,2027,HB10858-FMR-0684-027,"Construction of Brgy. Sta. Cruz FMR, Brgy. Sta. Cruz, Guimba, Nueva Ecija",750000,2025,"Concreting of Brgy. Sta. Isabel FMR (Phase II), Cabiao, Nueva Ecija",15000000,0.658,1,-14250000,HB 10858 Vol I-B p. 684,GAA-2025 · Department of Agriculture (DA) · Office of the Secretary,,,,not stated,one side stated,Prior Phase 2 only,False
fmr,2027,HB10858-FMR-0684-027,"Construction of Brgy. Sta. Cruz FMR, Brgy. Sta. Cruz, Guimba, Nueva Ecija",750000,2025,"Concreting of Brgy. Tanglad FMR (Phase II), Brgy. Tanglad, Sta. Maria, Davao Occidental",15000000,0.488,2,-14250000,HB 10858 Vol I-B p. 684,GAA-2025 · Department of Agriculture (DA) · Office of the Secretary,,,,not stated,one side stated,Prior Phase 2 only,False
fmr,2027,HB10858-FMR-0684-027,"Construction of Brgy. Sta. Cruz FMR, Brgy. Sta. Cruz, Guimba, Nueva Ecija",750000,2025,"Opening and Concreting of FMR at Brgy. Quirino-San Geronimo, Bagabag, Nueva Vizcaya",30000000,0.468,3,-29250000,HB 10858 Vol I-B p. 684,GAA-2025 · Department of Agriculture (DA) · Office of the Secretary,,,,not stated,not stated,,False
fmr,2027,HB10858-FMR-0684-028,"Construction of Brgy. Gulod FMR, Brgy. Gulod, Talavera, Nueva Ecija",250000,2025,"Concreting of Brgy. Sta. Isabel FMR (Phase II), Cabiao, Nueva Ecija",15000000,0.551,1,-14750000,HB 10858 Vol I-B p. 684,GAA-2025 · Department of Agriculture (DA) · Office of the Secretary,,,,not stated,one side stated,Prior Phase 2 only,False
fmr,2027,HB10858-FMR-0684-028,"Construction of Brgy. Gulod FMR, Brgy. Gulod, Talavera, Nueva Ecija",250000,2025,"Concreting of Brgy. Guiddam FMR (Phase II), Brgy. Guiddam, Abulug, Cagayan",10000000,0.457,2,-9750000,HB 10858 Vol I-B p. 684,GAA-2025 · Department of Agriculture (DA) · Office of the Secretary,,,,not stated,one side stated,Prior Phase 2 only,False
fmr,2027,HB10858-FMR-0684-028,"Construction of Brgy. Gulod FMR, Brgy. Gulod, Talavera, Nueva Ecija",250000,2025,"Concreting of FMR at Brgy. Lourdes, Candaba, Pampanga",20000000,0.438,3,-19750000,HB 10858 Vol I-B p. 684,GAA-2025 · Department of Agriculture (DA) · Office of the Secretary,,,,not stated,not stated,,False
fmr,2027,HB10858-FMR-0684-030,"Construction of Brgy. Narvacan I FMR, Brgy. Narvacan I, Guimba, Nueva Ecija",757500,2025,"Concreting of Brgy. Sta. Isabel FMR (Phase II), Cabiao, Nueva Ecija",15000000,0.623,1,-14242500,HB 10858 Vol I-B p. 684,GAA-2025 · Department of Agriculture (DA) · Office of the Secretary,,,,not stated,one side stated,Prior Phase 2 only,False
fmr,2027,HB10858-FMR-0684-030,"Construction of Brgy. Narvacan I FMR, Brgy. Narvacan I, Guimba, Nueva Ecija",757500,2025,"Opening and Concreting of FMR at Brgy. Quirino-San Geronimo, Bagabag, Nueva Vizcaya",30000000,0.51,2,-29242500,HB 10858 Vol I-B p. 684,GAA-2025 · Department of Agriculture (DA) · Office of the Secretary,,,,not stated,not stated,,False
fmr,2027,HB10858-FMR-0684-030,"Construction of Brgy. Narvacan I FMR, Brgy. Narvacan I, Guimba, Nueva Ecija",757500,2025,"Concreting of Brgy. Mabaca FMR Phase II, Brgy. Mabaca, Balbalan, Kalinga",10000000,0.462,3,-9242500,HB 10858 Vol I-B p. 684,GAA-2025 · Department of Agriculture (DA) · Office of the Secretary,,,,not stated,one side stated,Prior Phase 2 only,False
fmr,2027,HB10858-FMR-0684-032,"Construction of Brgy. Edy FMR, Brgy. Edy, Nampicuan, Nueva Ecija",500000,2025,"Concreting of Brgy. Sta. Isabel FMR (Phase II), Cabiao, Nueva Ecija",15000000,0.636,1,-14500000,HB 10858 Vol I-B p. 684,GAA-2025 · Department of Agriculture (DA) · Office of the Secretary,,,,not stated,one side stated,Prior Phase 2 only,False
fmr,2027,HB10858-FMR-0684-032,"Construction of Brgy. Edy FMR, Brgy. Edy, Nampicuan, Nueva Ecija",500000,2025,"Concreting of FMR at Brgy. Dalayap, Candaba, Pampanga",25000000,0.459,2,-24500000,HB 10858 Vol I-B p. 684,GAA-2025 · Department of Agriculture (DA) · Office of the Secretary,,,,not stated,not stated,,False
fmr,2027,HB10858-FMR-0684-032,"Construction of Brgy. Edy FMR, Brgy. Edy, Nampicuan, Nueva Ecija",500000,2025,"Concreting of FMR at Brgy. Pescadores, Candaba, Pampanga",25000000,0.438,3,-24500000,HB 10858 Vol I-B p. 684,GAA-2025 · Department of Agriculture (DA) · Office of the Secretary,,,,not stated,not stated,,False
fmr,2027,HB10858-FMR-0684-033,"Construction of Brgy. Bunol FMR, Brgy. Bunol, Guimba, Nueva Ecija",400000,2025,"Concreting of Brgy. Sta. Isabel FMR (Phase II), Cabiao, Nueva Ecija",15000000,0.627,1,-14600000,HB 10858 Vol I-B p. 684,GAA-2025 · Department of Agriculture (DA) · Office of the Secretary,,,,not stated,one side stated,Prior Phase 2 only,False
fmr,2027,HB10858-FMR-0684-033,"Construction of Brgy. Bunol FMR, Brgy. Bunol, Guimba, Nueva Ecija",400000,2025,"Opening and Concreting of FMR at Brgy. Quirino-San Geronimo, Bagabag, Nueva Vizcaya",30000000,0.545,2,-29600000,HB 10858 Vol I-B p. 684,GAA-2025 · Department of Agriculture (DA) · Office of the Secretary,,,,not stated,not stated,,False
fmr,2027,HB10858-FMR-0684-033,"Construction of Brgy. Bunol FMR, Brgy. Bunol, Guimba, Nueva Ecija",400000,2025,"Concreting of FMR at Brgy. Paligui, Candaba, Pampanga",25000000,0.419,3,-24600000,HB 10858 Vol I-B p. 684,GAA-2025 · Department of Agriculture (DA) · Office of the Secretary,,,,not stated,not stated,,False
fmr,2027,HB10858-FMR-0686-001,"Construction of Brgy. Caballero FMR, Brgy. Caballero , Guimba, Nueva Ecija",500000,2025,"Concreting of Brgy. Sta. Isabel FMR (Phase II), Cabiao, Nueva Ecija",15000000,0.667,1,-14500000,HB 10858 Vol I-B p. 686,GAA-2025 · Department of Agriculture (DA) · Office of the Secretary,,,,not stated,one side stated,Prior Phase 2 only,False
fmr,2027,HB10858-FMR-0686-001,"Construction of Brgy. Caballero FMR, Brgy. Caballero , Guimba, Nueva Ecija",500000,2025,"Concreting of Brgy. Mabaca FMR Phase II, Brgy. Mabaca, Balbalan, Kalinga",10000000,0.447,2,-9500000,HB 10858 Vol I-B p. 686,GAA-2025 · Department of Agriculture (DA) · Office of the Secretary,,,,not stated,one side stated,Prior Phase 2 only,False
fmr,2027,HB10858-FMR-0686-001,"Construction of Brgy. Caballero FMR, Brgy. Caballero , Guimba, Nueva Ecija",500000,2025,"Concreting of FMR at Brgy. Escaler Road (Phase II), Magalang, Pampanga",35000000,0.423,3,-34500000,HB 10858 Vol I-B p. 686,GAA-2025 · Department of Agriculture (DA) · Office of the Secretary,,,,not stated,one side stated,Prior Phase 2 only,False
fmr,2027,HB10858-FMR-0686-003,"Construction of Brgy. Casongsong FMR, Brgy. Casongsong, Guimba, Nueva Ecija",300000,2025,"Concreting of Brgy. Sta. Isabel FMR (Phase II), Cabiao, Nueva Ecija",15000000,0.571,1,-14700000,HB 10858 Vol I-B p. 686,GAA-2025 · Department of Agriculture (DA) · Office of the Secretary,,,,not stated,one side stated,Prior Phase 2 only,False
fmr,2027,HB10858-FMR-0686-003,"Construction of Brgy. Casongsong FMR, Brgy. Casongsong, Guimba, Nueva Ecija",300000,2025,"Opening and Concreting of FMR at Brgy. Quirino-San Geronimo, Bagabag, Nueva Vizcaya",30000000,0.51,2,-29700000,HB 10858 Vol I-B p. 686,GAA-2025 · Department of Agriculture (DA) · Office of the Secretary,,,,not stated,not stated,,False
fmr,2027,HB10858-FMR-0686-003,"Construction of Brgy. Casongsong FMR, Brgy. Casongsong, Guimba, Nueva Ecija",300000,2025,"Concreting of FMR at Brgy. Mangayao, Bayambang, Pangasinan",10000000,0.39,3,-9700000,HB 10858 Vol I-B p. 686,GAA-2025 · Department of Agriculture (DA) · Office of the Secretary,,,,not stated,not stated,,False
fmr,2027,HB10858-FMR-0686-012,"Construction of Sto. Rosario FMR, Brgy. Sto. Rosario, Aliaga, Nueva Ecija",900000,2025,"Concreting of Brgy. Sta. Isabel FMR (Phase II), Cabiao, Nueva Ecija",15000000,0.633,1,-14100000,HB 10858 Vol I-B p. 686,GAA-2025 · Department of Agriculture (DA) · Office of the Secretary,,,,not stated,one side stated,Prior Phase 2 only,False
fmr,2027,HB10858-FMR-0686-012,"Construction of Sto. Rosario FMR, Brgy. Sto. Rosario, Aliaga, Nueva Ecija",900000,2025,"Opening and Concreting of FMR at Brgy. Quirino-San Geronimo, Bagabag, Nueva Vizcaya",30000000,0.52,2,-29100000,HB 10858 Vol I-B p. 686,GAA-2025 · Department of Agriculture (DA) · Office of the Secretary,,,,not stated,not stated,,False
fmr,2027,HB10858-FMR-0686-012,"Construction of Sto. Rosario FMR, Brgy. Sto. Rosario, Aliaga, Nueva Ecija",900000,2025,"Concreting of FMR at Brgy. Sto. Rosario, Candaba, Pampanga",20000000,0.513,3,-19100000,HB 10858 Vol I-B p. 686,GAA-2025 · Department of Agriculture (DA) · Office of the Secretary,,,,not stated,not stated,,False
fmr,2027,HB10858-FMR-0686-013,"Construction of Brgy. Catimon FMR, Brgy. Catimon, Guimba, Nueva Ecija",7500000,2025,"Concreting of Brgy. Sta. Isabel FMR (Phase II), Cabiao, Nueva Ecija",15000000,0.648,1,-7500000,HB 10858 Vol I-B p. 686,GAA-2025 · Department of Agriculture (DA) · Office of the Secretary,,,,not stated,one side stated,Prior Phase 2 only,False
fmr,2027,HB10858-FMR-0686-013,"Construction of Brgy. Catimon FMR, Brgy. Catimon, Guimba, Nueva Ecija",7500000,2025,"Opening and Concreting of FMR at Brgy. Quirino-San Geronimo, Bagabag, Nueva Vizcaya",30000000,0.5,2,-22500000,HB 10858 Vol I-B p. 686,GAA-2025 · Department of Agriculture (DA) · Office of the Secretary,,,,not stated,not stated,,False
fmr,2027,HB10858-FMR-0686-013,"Construction of Brgy. Catimon FMR, Brgy. Catimon, Guimba, Nueva Ecija",7500000,2025,"Concreting of FMR at Brgy. Malioer, Bayambang, Pangasinan",10000000,0.457,3,-2500000,HB 10858 Vol I-B p. 686,GAA-2025 · Department of Agriculture (DA) · Office of the Secretary,,,,not stated,not stated,,False
fmr,2027,HB10858-FMR-0686-014,"Construction of Brgy. Magsaysay FMR, Brgy. Magsaysay, Aliaga, Nueva Ecija",800000,2025,"Concreting of Brgy. Sta. Isabel FMR (Phase II), Cabiao, Nueva Ecija",15000000,0.613,1,-14200000,HB 10858 Vol I-B p. 686,GAA-2025 · Department of Agriculture (DA) · Office of the Secretary,,,,not stated,one side stated,Prior Phase 2 only,False
fmr,2027,HB10858-FMR-0686-014,"Construction of Brgy. Magsaysay FMR, Brgy. Magsaysay, Aliaga, Nueva Ecija",800000,2025,"Concreting of Brgy. Mabaca FMR Phase II, Brgy. Mabaca, Balbalan, Kalinga",10000000,0.5,2,-9200000,HB 10858 Vol I-B p. 686,GAA-2025 · Department of Agriculture (DA) · Office of the Secretary,,,,not stated,one side stated,Prior Phase 2 only,False
fmr,2027,HB10858-FMR-0686-014,"Construction of Brgy. Magsaysay FMR, Brgy. Magsaysay, Aliaga, Nueva Ecija",800000,2025,"Opening and Concreting of FMR at Brgy. Quirino-San Geronimo, Bagabag, Nueva Vizcaya",30000000,0.458,3,-29200000,HB 10858 Vol I-B p. 686,GAA-2025 · Department of Agriculture (DA) · Office of the Secretary,,,,not stated,not stated,,False
fmr,2027,HB10858-FMR-0686-015,"Construction of Brgy. Manacsac FMR, Brgy. Manacsac, Guimba, Nueva Ecija",900000,2025,"Concreting of Brgy. Sta. Isabel FMR (Phase II), Cabiao, Nueva Ecija",15000000,0.603,1,-14100000,HB 10858 Vol I-B p. 686,GAA-2025 · Department of Agriculture (DA) · Office of the Secretary,,,,not stated,one side stated,Prior Phase 2 only,False
fmr,2027,HB10858-FMR-0686-015,"Construction of Brgy. Manacsac FMR, Brgy. Manacsac, Guimba, Nueva Ecija",900000,2025,"Concreting of Brgy. Mabaca FMR Phase II, Brgy. Mabaca, Balbalan, Kalinga",10000000,0.568,2,-9100000,HB 10858 Vol I-B p. 686,GAA-2025 · Department of Agriculture (DA) · Office of the Secretary,,,,not stated,one side stated,Prior Phase 2 only,False
fmr,2027,HB10858-FMR-0686-015,"Construction of Brgy. Manacsac FMR, Brgy. Manacsac, Guimba, Nueva Ecija",900000,2025,"Concreting of FMR at Brgy. Mangayao, Bayambang, Pangasinan",10000000,0.493,3,-9100000,HB 10858 Vol I-B p. 686,GAA-2025 · Department of Agriculture (DA) · Office of the Secretary,,,,not stated,not stated,,False
fmr,2027,HB10858-FMR-0686-017,"Construction of Brgy. Naglabrahan FMR, Brgy. Naglabrahan, Guimba, Nueva Ecija",900000,2025,"Concreting of Brgy. Sta. Isabel FMR (Phase II), Cabiao, Nueva Ecija",15000000,0.582,1,-14100000,HB 10858 Vol I-B p. 686,GAA-2025 · Department of Agriculture (DA) · Office of the Secretary,,,,not stated,one side stated,Prior Phase 2 only,False
fmr,2027,HB10858-FMR-0686-017,"Construction of Brgy. Naglabrahan FMR, Brgy. Naglabrahan, Guimba, Nueva Ecija",900000,2025,"Opening and Concreting of FMR at Brgy. Quirino-San Geronimo, Bagabag, Nueva Vizcaya",30000000,0.5,2,-29100000,HB 10858 Vol I-B p. 686,GAA-2025 · Department of Agriculture (DA) · Office of the Secretary,,,,not stated,not stated,,False
fmr,2027,HB10858-FMR-0686-017,"Construction of Brgy. Naglabrahan FMR, Brgy. Naglabrahan, Guimba, Nueva Ecija",900000,2025,"Concreting of FMR at Brgy. Inirangan, Bayambang, Pangasinan",10000000,0.45,3,-9100000,HB 10858 Vol I-B p. 686,GAA-2025 · Department of Agriculture (DA) · Office of the Secretary,,,,not stated,not stated,,False
fmr,2027,HB10858-FMR-0686-020,"Concreting of Hacienda, Brgy. Pandacaqui FMR, Brgy. Pandacaqui, Mexico, Pampanga",900000,2025,"Concreting of FMR at Brgy. Pasig, Candaba, Pampanga",25000000,0.5,1,-24100000,HB 10858 Vol I-B p. 686,GAA-2025 · Department of Agriculture (DA) · Office of the Secretary,,,,not stated,not stated,,False
fmr,2027,HB10858-FMR-0686-020,"Concreting of Hacienda, Brgy. Pandacaqui FMR, Brgy. Pandacaqui, Mexico, Pampanga",900000,2025,"Concreting of FMR at Brgy. Paligui, Candaba, Pampanga",25000000,0.487,2,-24100000,HB 10858 Vol I-B p. 686,GAA-2025 · Department of Agriculture (DA) · Office of the Secretary,,,,not stated,not stated,,False
fmr,2027,HB10858-FMR-0686-020,"Concreting of Hacienda, Brgy. Pandacaqui FMR, Brgy. Pandacaqui, Mexico, Pampanga",900000,2025,"Concreting of FMR at Brgy. Pansinao, Candaba, Pampanga",25000000,0.481,3,-24100000,HB 10858 Vol I-B p. 686,GAA-2025 · Department of Agriculture (DA) · Office of the Secretary,,,,not stated,not stated,,False
fmr,2027,HB10858-FMR-0686-022,"Concreting of Brgy. Parian FMR, Brgy. Parian, Mexico, Pampanga",50000,2025,"Concreting of FMR at Brgy. Barit, Candaba, Pampanga",25000000,0.61,1,-24950000,HB 10858 Vol I-B p. 686,GAA-2025 · Department of Agriculture (DA) · Office of the Secretary,,,,not stated,not stated,,False
fmr,2027,HB10858-FMR-0686-022,"Concreting of Brgy. Parian FMR, Brgy. Parian, Mexico, Pampanga",50000,2025,"Concreting of FMR at Brgy. Pasig, Candaba, Pampanga",25000000,0.61,2,-24950000,HB 10858 Vol I-B p. 686,GAA-2025 · Department of Agriculture (DA) · Office of the Secretary,,,,not stated,not stated,,False
fmr,2027,HB10858-FMR-0686-022,"Concreting of Brgy. Parian FMR, Brgy. Parian, Mexico, Pampanga",50000,2025,"Concreting of FMR at Brgy. Talang, Candaba, Pampanga",20000000,0.6,3,-19950000,HB 10858 Vol I-B p. 686,GAA-2025 · Department of Agriculture (DA) · Office of the Secretary,,,,not stated,not stated,,False
fmr,2027,HB10858-FMR-0686-024,"Concreting of Purok 1 Brgy. Buenavista FMR, Brgy. Buenavista, Mexico, Pampanga",9450000,2025,"Concreting of Purok 2, Brgy. Cansinala FMR (Phase I), Brgy. Cansinala, Apalit, Pampanga",15000000,0.604,1,-5550000,HB 10858 Vol I-B p. 686,GAA-2025 · Department of Agriculture (DA) · Office of the Secretary,,,,not stated,one side stated,Prior Phase 1 only,False
fmr,2027,HB10858-FMR-0686-024,"Concreting of Purok 1 Brgy. Buenavista FMR, Brgy. Buenavista, Mexico, Pampanga",9450000,2025,"Concreting of Purok 2, Brgy. Cansinala FMR Phase II, Brgy. Cansinala, Apalit, Pampanga",5000000,0.604,2,4450000,HB 10858 Vol I-B p. 686,GAA-2025 · Department of Agriculture (DA) · Office of the Secretary,,,,not stated,one side stated,Prior Phase 2 only,False
fmr,2027,HB10858-FMR-0686-024,"Concreting of Purok 1 Brgy. Buenavista FMR, Brgy. Buenavista, Mexico, Pampanga",9450000,2025,"Concreting of FMR at Brgy. Paligue, Apalit, Pampanga",25000000,0.474,3,-15550000,HB 10858 Vol I-B p. 686,GAA-2025 · Department of Agriculture (DA) · Office of the Secretary,,,,not stated,not stated,,False
fmr,2027,HB10858-FMR-0686-025,"Concreting of Purok 1 Delta Brgy. Mangga Cacutud FMR, Brgy. Mangga Cacutud,",150000,2025,"Concreting of Purok 8 to Sitio Manangahon to Sitio Palo, Brgy. Mate FMR (Phase II), San Francisco, Agusan del Sur",15000000,0.444,1,-14850000,HB 10858 Vol I-B p. 686,GAA-2025 · Department of Agriculture (DA) · Office of the Secretary,,,,not stated,one side stated,Prior Phase 2 only,False
fmr,2027,HB10858-FMR-0686-025,"Concreting of Purok 1 Delta Brgy. Mangga Cacutud FMR, Brgy. Mangga Cacutud,",150000,2025,"Concreting of Purok 7-Purok 15, Brgy. Mabuhay FMR (Phase V), Brgy. Mabuhay, General Santos City, South Cotabato",15000000,0.407,2,-14850000,HB 10858 Vol I-B p. 686,GAA-2025 · Department of Agriculture (DA) · Office of the Secretary,,,,not stated,one side stated,Prior Phase 5 only,False
fmr,2027,HB10858-FMR-0686-025,"Concreting of Purok 1 Delta Brgy. Mangga Cacutud FMR, Brgy. Mangga Cacutud,",150000,2025,"Concreting of Purok 2, Brgy. Cansinala FMR (Phase I), Brgy. Cansinala, Apalit, Pampanga",15000000,0.404,3,-14850000,HB 10858 Vol I-B p. 686,GAA-2025 · Department of Agriculture (DA) · Office of the Secretary,,,,not stated,one side stated,Prior Phase 1 only,False
fmr,2027,HB10858-FMR-0686-026,"Construction of Brgy. San Rafael FMR, Brgy. San Rafael, Guimba, Nueva Ecija",300000,2025,"Concreting of Brgy. Sta. Isabel FMR (Phase II), Cabiao, Nueva Ecija",15000000,0.597,1,-14700000,HB 10858 Vol I-B p. 686,GAA-2025 · Department of Agriculture (DA) · Office of the Secretary,,,,not stated,one side stated,Prior Phase 2 only,False
fmr,2027,HB10858-FMR-0686-026,"Construction of Brgy. San Rafael FMR, Brgy. San Rafael, Guimba, Nueva Ecija",300000,2025,"Opening and Concreting of FMR at Brgy. Quirino-San Geronimo, Bagabag, Nueva Vizcaya",30000000,0.49,2,-29700000,HB 10858 Vol I-B p. 686,GAA-2025 · Department of Agriculture (DA) · Office of the Secretary,,,,not stated,not stated,,False
fmr,2027,HB10858-FMR-0686-026,"Construction of Brgy. San Rafael FMR, Brgy. San Rafael, Guimba, Nueva Ecija",300000,2025,"Concreting of FMR at Brgy. San Agustin, Candaba, Pampanga",25000000,0.447,3,-24700000,HB 10858 Vol I-B p. 686,GAA-2025 · Department of Agriculture (DA) · Office of the Secretary,,,,not stated,not stated,,False
fmr,2027,HB10858-FMR-0686-027,"Construction of Brgy. Triala FMR, Brgy. Triala, Guimba, Nueva Ecija",8700000,2025,"Concreting of Brgy. Sta. Isabel FMR (Phase II), Cabiao, Nueva Ecija",15000000,0.667,1,-6300000,HB 10858 Vol I-B p. 686,GAA-2025 · Department of Agriculture (DA) · Office of the Secretary,,,,not stated,one side stated,Prior Phase 2 only,False
fmr,2027,HB10858-FMR-0686-027,"Construction of Brgy. Triala FMR, Brgy. Triala, Guimba, Nueva Ecija",8700000,2025,"Opening and Concreting of FMR at Brgy. Quirino-San Geronimo, Bagabag, Nueva Vizcaya",30000000,0.533,2,-21300000,HB 10858 Vol I-B p. 686,GAA-2025 · Department of Agriculture (DA) · Office of the Secretary,,,,not stated,not stated,,False
fmr,2027,HB10858-FMR-0686-027,"Construction of Brgy. Triala FMR, Brgy. Triala, Guimba, Nueva Ecija",8700000,2025,"Concreting of FMR at Brgy. Inirangan, Bayambang, Pangasinan",10000000,0.457,3,-1300000,HB 10858 Vol I-B p. 686,GAA-2025 · Department of Agriculture (DA) · Office of the Secretary,,,,not stated,not stated,,False
fmr,2027,HB10858-FMR-0686-028,"Concreting of Purok 5 - Purok 2, Brgy. Tangle FMR, Brgy. Tangle, Mexico, Pampanga",900000,2025,"Concreting of Purok 2, Brgy. Cansinala FMR (Phase I), Brgy. Cansinala, Apalit, Pampanga",15000000,0.625,1,-14100000,HB 10858 Vol I-B p. 686,GAA-2025 · Department of Agriculture (DA) · Office of the Secretary,,,,not stated,one side stated,Prior Phase 1 only,False
fmr,2027,HB10858-FMR-0686-028,"Concreting of Purok 5 - Purok 2, Brgy. Tangle FMR, Brgy. Tangle, Mexico, Pampanga",900000,2025,"Concreting of Purok 2, Brgy. Cansinala FMR Phase II, Brgy. Cansinala, Apalit, Pampanga",5000000,0.625,2,-4100000,HB 10858 Vol I-B p. 686,GAA-2025 · Department of Agriculture (DA) · Office of the Secretary,,,,not stated,one side stated,Prior Phase 2 only,False
fmr,2027,HB10858-FMR-0686-028,"Concreting of Purok 5 - Purok 2, Brgy. Tangle FMR, Brgy. Tangle, Mexico, Pampanga",900000,2025,"Concreting of FMR at Brgy. Talang, Candaba, Pampanga",20000000,0.5,3,-19100000,HB 10858 Vol I-B p. 686,GAA-2025 · Department of Agriculture (DA) · Office of the Secretary,,,,not stated,not stated,,False
fmr,2027,HB10858-FMR-0686-030,"Concreting of Camino Dos, Brgy. Sto. Rosario FMR, Brgy. Sto. Rosario, Mexico, Pampanga",550000,2025,"Concreting of FMR at Brgy. Sto. Rosario, Candaba, Pampanga",20000000,0.605,1,-19450000,HB 10858 Vol I-B p. 686,GAA-2025 · Department of Agriculture (DA) · Office of the Secretary,,,,not stated,not stated,,False
fmr,2027,HB10858-FMR-0686-030,"Concreting of Camino Dos, Brgy. Sto. Rosario FMR, Brgy. Sto. Rosario, Mexico, Pampanga",550000,2025,"Concreting of FMR at Brgy. Vizal Sto. Cristo, Candaba, Pampanga",25000000,0.484,2,-24450000,HB 10858 Vol I-B p. 686,GAA-2025 · Department of Agriculture (DA) · Office of the Secretary,,,,not stated,not stated,,False
fmr,2027,HB10858-FMR-0686-030,"Concreting of Camino Dos, Brgy. Sto. Rosario FMR, Brgy. Sto. Rosario, Mexico, Pampanga",550000,2025,"Concreting of FMR at Brgy. Pulung Santol, Porac, Pampanga",20000000,0.465,3,-19450000,HB 10858 Vol I-B p. 686,GAA-2025 · Department of Agriculture (DA) · Office of the Secretary,,,,not stated,not stated,,False
fmr,2027,HB10858-FMR-0686-031,"Construction of Brgy. Paludpod FMR, Brgy. Paludpod, Talavera, Nueva Ecija",6600000,2025,"Concreting of Brgy. Sta. Isabel FMR (Phase II), Cabiao, Nueva Ecija",15000000,0.56,1,-8400000,HB 10858 Vol I-B p. 686,GAA-2025 · Department of Agriculture (DA) · Office of the Secretary,,,,not stated,one side stated,Prior Phase 2 only,False
fmr,2027,HB10858-FMR-0686-031,"Construction of Brgy. Paludpod FMR, Brgy. Paludpod, Talavera, Nueva Ecija",6600000,2025,"Concreting of FMR at Brgy. Paligue, Apalit, Pampanga",25000000,0.435,2,-18400000,HB 10858 Vol I-B p. 686,GAA-2025 · Department of Agriculture (DA) · Office of the Secretary,,,,not stated,not stated,,False
fmr,2027,HB10858-FMR-0686-031,"Construction of Brgy. Paludpod FMR, Brgy. Paludpod, Talavera, Nueva Ecija",6600000,2025,"Concreting of FMR at Brgy. Tagulod, Candaba, Pampanga",20000000,0.429,3,-13400000,HB 10858 Vol I-B p. 686,GAA-2025 · Department of Agriculture (DA) · Office of the Secretary,,,,not stated,not stated,,False
fmr,2027,HB10858-FMR-0686-033,"Concreting of Brgy. Pacac FMR, Brgy. Pacac, Guimba, Nueva Ecija",600000,2025,"Concreting of Brgy. Sta. Isabel FMR (Phase II), Cabiao, Nueva Ecija",15000000,0.687,1,-14400000,HB 10858 Vol I-B p. 686,GAA-2025 · Department of Agriculture (DA) · Office of the Secretary,,,,not stated,one side stated,Prior Phase 2 only,False
fmr,2027,HB10858-FMR-0686-033,"Concreting of Brgy. Pacac FMR, Brgy. Pacac, Guimba, Nueva Ecija",600000,2025,"Opening and Concreting of FMR at Brgy. Quirino-San Geronimo, Bagabag, Nueva Vizcaya",30000000,0.5,2,-29400000,HB 10858 Vol I-B p. 686,GAA-2025 · Department of Agriculture (DA) · Office of the Secretary,,,,not stated,not stated,,False
fmr,2027,HB10858-FMR-0686-033,"Concreting of Brgy. Pacac FMR, Brgy. Pacac, Guimba, Nueva Ecija",600000,2025,"Concreting of Brgy. Mabaca FMR Phase II, Brgy. Mabaca, Balbalan, Kalinga",10000000,0.5,3,-9400000,HB 10858 Vol I-B p. 686,GAA-2025 · Department of Agriculture (DA) · Office of the Secretary,,,,not stated,one side stated,Prior Phase 2 only,False
fmr,2027,HB10858-FMR-0686-035,"Construction og Salagusog FMR, Brgy. Salagusog, Cuyapo, Nueva Ecija",6092500,2025,"Concreting of Brgy. Sta. Isabel FMR (Phase II), Cabiao, Nueva Ecija",15000000,0.615,1,-8907500,HB 10858 Vol I-B p. 686,GAA-2025 · Department of Agriculture (DA) · Office of the Secretary,,,,not stated,one side stated,Prior Phase 2 only,False
fmr,2027,HB10858-FMR-0686-035,"Construction og Salagusog FMR, Brgy. Salagusog, Cuyapo, Nueva Ecija",6092500,2025,"Opening and Concreting of FMR at Brgy. Quirino-San Geronimo, Bagabag, Nueva Vizcaya",30000000,0.424,2,-23907500,HB 10858 Vol I-B p. 686,GAA-2025 · Department of Agriculture (DA) · Office of the Secretary,,,,not stated,not stated,,False
fmr,2027,HB10858-FMR-0686-035,"Construction og Salagusog FMR, Brgy. Salagusog, Cuyapo, Nueva Ecija",6092500,2025,"Concreting of FMR at Brgy. Salapungan, Candaba, Pampanga",30000000,0.421,3,-23907500,HB 10858 Vol I-B p. 686,GAA-2025 · Department of Agriculture (DA) · Office of the Secretary,,,,not stated,not stated,,False
fmr,2027,HB10858-FMR-0688-002,"Construction of Sitio Ogpoy - Sitio Ariada, Brgy. Alangan FMR, Brgy. Alangan, Limay, Bataan",500000,2025,"Concreting of Sitio Hulo, Brgy. Biga FMR (Phase II), Brgy. Biga, Lobo, Batangas",24000000,0.547,1,-23500000,HB 10858 Vol I-B p. 688,GAA-2025 · Department of Agriculture (DA) · Office of the Secretary,,,,not stated,one side stated,Prior Phase 2 only,False
fmr,2027,HB10858-FMR-0688-002,"Construction of Sitio Ogpoy - Sitio Ariada, Brgy. Alangan FMR, Brgy. Alangan, Limay, Bataan",500000,2025,"Concreting of FMR at Sitio Calbayogay, Brgy. Cabadsan, Alangalang, Leyte",15000000,0.505,2,-14500000,HB 10858 Vol I-B p. 688,GAA-2025 · Department of Agriculture (DA) · Office of the Secretary,,,,not stated,not stated,,False
fmr,2027,HB10858-FMR-0688-002,"Construction of Sitio Ogpoy - Sitio Ariada, Brgy. Alangan FMR, Brgy. Alangan, Limay, Bataan",500000,2025,"Concreting of Sitio Malaya FMR at Brgy. Aningway Subic, Zambales",15000000,0.474,3,-14500000,HB 10858 Vol I-B p. 688,GAA-2025 · Department of Agriculture (DA) · Office of the Secretary,,,,not stated,not stated,,False
fmr,2027,HB10858-FMR-0688-006,"Construction of Brgy. Sta. Clara FMR, Brgy. Sta. Clara, Cuyapo, Nueva Ecija",600000,2025,"Concreting of Brgy. Sta. Isabel FMR (Phase II), Cabiao, Nueva Ecija",15000000,0.667,1,-14400000,HB 10858 Vol I-B p. 688,GAA-2025 · Department of Agriculture (DA) · Office of the Secretary,,,,not stated,one side stated,Prior Phase 2 only,False
fmr,2027,HB10858-FMR-0688-006,"Construction of Brgy. Sta. Clara FMR, Brgy. Sta. Clara, Cuyapo, Nueva Ecija",600000,2025,"Concreting of Brgy. Tanglad FMR (Phase II), Brgy. Tanglad, Sta. Maria, Davao Occidental",15000000,0.523,2,-14400000,HB 10858 Vol I-B p. 688,GAA-2025 · Department of Agriculture (DA) · Office of the Secretary,,,,not stated,one side stated,Prior Phase 2 only,False
fmr,2027,HB10858-FMR-0688-006,"Construction of Brgy. Sta. Clara FMR, Brgy. Sta. Clara, Cuyapo, Nueva Ecija",600000,2025,"Concreting of FMR at Brgy. Talang, Candaba, Pampanga",20000000,0.435,3,-19400000,HB 10858 Vol I-B p. 688,GAA-2025 · Department of Agriculture (DA) · Office of the Secretary,,,,not stated,not stated,,False
fmr,2027,HB10858-FMR-0688-007,"Construction of Brgy. San Antonio FMR, Brgy. San Antonio, Cuyapo, Nueva Ecija",100000,2025,"Concreting of Brgy. San Antonio to Brgy. Lugui FMR (Phase II), Brgy. San Antonio and Brgy. Lugui, Labo, Camarines Norte",15000000,0.661,1,-14900000,HB 10858 Vol I-B p. 688,GAA-2025 · Department of Agriculture (DA) · Office of the Secretary,,,,not stated,one side stated,Prior Phase 2 only,False
fmr,2027,HB10858-FMR-0688-007,"Construction of Brgy. San Antonio FMR, Brgy. San Antonio, Cuyapo, Nueva Ecija",100000,2025,"Concreting of Brgy. Sta. Isabel FMR (Phase II), Cabiao, Nueva Ecija",15000000,0.557,2,-14900000,HB 10858 Vol I-B p. 688,GAA-2025 · Department of Agriculture (DA) · Office of the Secretary,,,,not stated,one side stated,Prior Phase 2 only,False
fmr,2027,HB10858-FMR-0688-007,"Construction of Brgy. San Antonio FMR, Brgy. San Antonio, Cuyapo, Nueva Ecija",100000,2025,"Opening and Concreting of FMR at Brgy. Quirino-San Geronimo, Bagabag, Nueva Vizcaya",30000000,0.54,3,-29900000,HB 10858 Vol I-B p. 688,GAA-2025 · Department of Agriculture (DA) · Office of the Secretary,,,,not stated,not stated,,False
fmr,2027,HB10858-FMR-0688-008,"Construction of Bacayao to Cavite FMR, Brgy. Bacayao to Brgy. Cavite, Guimba, Nueva Ecija",550000,2025,"Concreting of Brgy. Sta. Isabel FMR (Phase II), Cabiao, Nueva Ecija",15000000,0.505,1,-14450000,HB 10858 Vol I-B p. 688,GAA-2025 · Department of Agriculture (DA) · Office of the Secretary,,,,not stated,one side stated,Prior Phase 2 only,False
fmr,2027,HB10858-FMR-0688-008,"Construction of Bacayao to Cavite FMR, Brgy. Bacayao to Brgy. Cavite, Guimba, Nueva Ecija",550000,2025,Farm-to-Market Road (FMR) Network Planning and Monitoring Services,2344000,0.297,2,-1794000,HB 10858 Vol I-B p. 688,GAA-2025 · Department of Agriculture (DA) · Office of the Secretary,,,,not stated,not stated,,False
fmr,2027,HB10858-FMR-0688-008,"Construction of Bacayao to Cavite FMR, Brgy. Bacayao to Brgy. Cavite, Guimba, Nueva Ecija",550000,2025,Farm-to-Market Road (FMR) Network Planning and Monitoring Services,7537000,0.297,3,-6987000,HB 10858 Vol I-B p. 688,GAA-2025 · Department of Agriculture (DA) · Office of the Secretary,,,,not stated,not stated,,False
fmr,2027,HB10858-FMR-0688-009,"Construction of Tabing Ilog FMR, Brgy. Tabing Ilog, Licab, Nueva Ecija",800000,2025,"Concreting of Brgy. Sta. Isabel FMR (Phase II), Cabiao, Nueva Ecija",15000000,0.667,1,-14200000,HB 10858 Vol I-B p. 688,GAA-2025 · Department of Agriculture (DA) · Office of the Secretary,,,,not stated,one side stated,Prior Phase 2 only,False
fmr,2027,HB10858-FMR-0688-009,"Construction of Tabing Ilog FMR, Brgy. Tabing Ilog, Licab, Nueva Ecija",800000,2025,"Concreting of FMR at Brgy. Talang, Candaba, Pampanga",20000000,0.417,2,-19200000,HB 10858 Vol I-B p. 688,GAA-2025 · Department of Agriculture (DA) · Office of the Secretary,,,,not stated,not stated,,False
fmr,2027,HB10858-FMR-0688-009,"Construction of Tabing Ilog FMR, Brgy. Tabing Ilog, Licab, Nueva Ecija",800000,2025,"Concreting of FMR at Brgy. Bambang, Candaba, Pampanga",20000000,0.411,3,-19200000,HB 10858 Vol I-B p. 688,GAA-2025 · Department of Agriculture (DA) · Office of the Secretary,,,,not stated,not stated,,False
fmr,2027,HB10858-FMR-0688-010,"Construction of Bantug to Macatcatuit FMR, Brgy. Bantug to Brgy. Macatcatuit,",500000,2025,Farm-to-Market Road (FMR) Network Planning and Monitoring Services,2344000,0.333,1,-1844000,HB 10858 Vol I-B p. 688,GAA-2025 · Department of Agriculture (DA) · Office of the Secretary,,,,not stated,not stated,,False
fmr,2027,HB10858-FMR-0688-010,"Construction of Bantug to Macatcatuit FMR, Brgy. Bantug to Brgy. Macatcatuit,",500000,2025,Farm-to-Market Road (FMR) Network Planning and Monitoring Services,7537000,0.333,2,-7037000,HB 10858 Vol I-B p. 688,GAA-2025 · Department of Agriculture (DA) · Office of the Secretary,,,,not stated,not stated,,False
fmr,2027,HB10858-FMR-0688-010,"Construction of Bantug to Macatcatuit FMR, Brgy. Bantug to Brgy. Macatcatuit,",500000,2025,Farm-to-Market Road (FMR) Network Planning and Monitoring Services,185000,0.333,3,315000,HB 10858 Vol I-B p. 688,GAA-2025 · Department of Agriculture (DA) · Office of the Secretary,,,,not stated,not stated,,False
fmr,2027,HB10858-FMR-0688-012,"Construction of San Miguel to Sta. Rita FMR, Brgy. San Miguel to Brgy. Sta. Rita,",8250000,2025,"Concreting of FMR at Brgy. Impo to Sonia Falls, San Miguel, Leyte",15000000,0.539,1,-6750000,HB 10858 Vol I-B p. 688,GAA-2025 · Department of Agriculture (DA) · Office of the Secretary,,,,not stated,not stated,,False
fmr,2027,HB10858-FMR-0688-012,"Construction of San Miguel to Sta. Rita FMR, Brgy. San Miguel to Brgy. Sta. Rita,",8250000,2025,"Concreting of FMR at Brgy. Santa Lucia, San Miguel, Bulacan",20000000,0.53,2,-11750000,HB 10858 Vol I-B p. 688,GAA-2025 · Department of Agriculture (DA) · Office of the Secretary,,,,not stated,not stated,,False
fmr,2027,HB10858-FMR-0688-012,"Construction of San Miguel to Sta. Rita FMR, Brgy. San Miguel to Brgy. Sta. Rita,",8250000,2025,"Concreting of Brgy. San Antonio to Brgy. Lugui FMR (Phase II), Brgy. San Antonio and Brgy. Lugui, Labo, Camarines Norte",15000000,0.518,3,-6750000,HB 10858 Vol I-B p. 688,GAA-2025 · Department of Agriculture (DA) · Office of the Secretary,,,,not stated,one side stated,Prior Phase 2 only,False
fmr,2027,HB10858-FMR-0688-018,"Construction of Brgy. Nagbaya FMR, Brgy. Nagbaya, Castillejos, Zambales",6000000,2025,"Concreting of Sitio Malaya FMR at Brgy. Aningway Subic, Zambales",15000000,0.6,1,-9000000,HB 10858 Vol I-B p. 688,GAA-2025 · Department of Agriculture (DA) · Office of the Secretary,,,,not stated,not stated,,False
fmr,2027,HB10858-FMR-0688-018,"Construction of Brgy. Nagbaya FMR, Brgy. Nagbaya, Castillejos, Zambales",6000000,2025,"Concreting of Brgy. Mabaca FMR Phase II, Brgy. Mabaca, Balbalan, Kalinga",10000000,0.459,2,-4000000,HB 10858 Vol I-B p. 688,GAA-2025 · Department of Agriculture (DA) · Office of the Secretary,,,,not stated,one side stated,Prior Phase 2 only,False
fmr,2027,HB10858-FMR-0688-018,"Construction of Brgy. Nagbaya FMR, Brgy. Nagbaya, Castillejos, Zambales",6000000,2025,"Concreting of FMR at Brgy. Dalayap, Candaba, Pampanga",25000000,0.441,3,-19000000,HB 10858 Vol I-B p. 688,GAA-2025 · Department of Agriculture (DA) · Office of the Secretary,,,,not stated,not stated,,False
fmr,2027,HB10858-FMR-0688-020,"Concreting of Brgy. Bambanaba FMR, Brgy. Bambanaba, Cuyapo, Nueva Ecija",8100000,2025,"Concreting of Brgy. Sta. Isabel FMR (Phase II), Cabiao, Nueva Ecija",15000000,0.64,1,-6900000,HB 10858 Vol I-B p. 688,GAA-2025 · Department of Agriculture (DA) · Office of the Secretary,,,,not stated,one side stated,Prior Phase 2 only,False
fmr,2027,HB10858-FMR-0688-020,"Concreting of Brgy. Bambanaba FMR, Brgy. Bambanaba, Cuyapo, Nueva Ecija",8100000,2025,"Concreting of FMR at Brgy. Bambang, Candaba, Pampanga",20000000,0.514,2,-11900000,HB 10858 Vol I-B p. 688,GAA-2025 · Department of Agriculture (DA) · Office of the Secretary,,,,not stated,not stated,,False
fmr,2027,HB10858-FMR-0688-020,"Concreting of Brgy. Bambanaba FMR, Brgy. Bambanaba, Cuyapo, Nueva Ecija",8100000,2025,"Concreting of FMR at Brgy. Barit, Candaba, Pampanga",25000000,0.471,3,-16900000,HB 10858 Vol I-B p. 688,GAA-2025 · Department of Agriculture (DA) · Office of the Secretary,,,,not stated,not stated,,False
fmr,2027,HB10858-FMR-0688-021,"Concreting of Brgy. La Torre FMR, Brgy. La Torre, Talavera, Nueva Ecija",500000,2025,"Concreting of Brgy. Sta. Isabel FMR (Phase II), Cabiao, Nueva Ecija",15000000,0.587,1,-14500000,HB 10858 Vol I-B p. 688,GAA-2025 · Department of Agriculture (DA) · Office of the Secretary,,,,not stated,one side stated,Prior Phase 2 only,False
fmr,2027,HB10858-FMR-0688-021,"Concreting of Brgy. La Torre FMR, Brgy. La Torre, Talavera, Nueva Ecija",500000,2025,"Opening and Concreting of FMR at Brgy. Quirino-San Geronimo, Bagabag, Nueva Vizcaya",30000000,0.438,2,-29500000,HB 10858 Vol I-B p. 688,GAA-2025 · Department of Agriculture (DA) · Office of the Secretary,,,,not stated,not stated,,False
fmr,2027,HB10858-FMR-0688-021,"Concreting of Brgy. La Torre FMR, Brgy. La Torre, Talavera, Nueva Ecija",500000,2025,"Concreting of FMR at Brgy. Coral, Ramos, Tarlac",10000000,0.406,3,-9500000,HB 10858 Vol I-B p. 688,GAA-2025 · Department of Agriculture (DA) · Office of the Secretary,,,,not stated,not stated,,False
fmr,2027,HB10858-FMR-0688-022,"Construction of Brgy. Rizal FMR, Brgy. Rizal, Pilar, Bataan",8500000,2025,"Concreting of FMR at Sitio Baliteng Pula, Brgy. Pagasa, Orani, Bataan",15000000,0.535,1,-6500000,HB 10858 Vol I-B p. 688,GAA-2025 · Department of Agriculture (DA) · Office of the Secretary,,,,not stated,not stated,,False
fmr,2027,HB10858-FMR-0688-022,"Construction of Brgy. Rizal FMR, Brgy. Rizal, Pilar, Bataan",8500000,2025,"Concreting of Brgy. Guiddam FMR (Phase II), Brgy. Guiddam, Abulug, Cagayan",10000000,0.484,2,-1500000,HB 10858 Vol I-B p. 688,GAA-2025 · Department of Agriculture (DA) · Office of the Secretary,,,,not stated,one side stated,Prior Phase 2 only,False
fmr,2027,HB10858-FMR-0688-022,"Construction of Brgy. Rizal FMR, Brgy. Rizal, Pilar, Bataan",8500000,2025,"Concreting of FMR at Brgy. Pandatun, Hermosa, Bataan",15000000,0.473,3,-6500000,HB 10858 Vol I-B p. 688,GAA-2025 · Department of Agriculture (DA) · Office of the Secretary,,,,not stated,not stated,,False
fmr,2027,HB10858-FMR-0688-023,"Concreting of Brgy. Sta. Ana FMR. Brgy. Sta. Ana, Guimba, Nueva Ecija",7500000,2025,"Concreting of Brgy. Sta. Isabel FMR (Phase II), Cabiao, Nueva Ecija",15000000,0.676,1,-7500000,HB 10858 Vol I-B p. 688,GAA-2025 · Department of Agriculture (DA) · Office of the Secretary,,,,not stated,one side stated,Prior Phase 2 only,False
fmr,2027,HB10858-FMR-0688-023,"Concreting of Brgy. Sta. Ana FMR. Brgy. Sta. Ana, Guimba, Nueva Ecija",7500000,2025,"Concreting of Brgy. Tanglad FMR (Phase II), Brgy. Tanglad, Sta. Maria, Davao Occidental",15000000,0.524,2,-7500000,HB 10858 Vol I-B p. 688,GAA-2025 · Department of Agriculture (DA) · Office of the Secretary,,,,not stated,one side stated,Prior Phase 2 only,False
fmr,2027,HB10858-FMR-0688-023,"Concreting of Brgy. Sta. Ana FMR. Brgy. Sta. Ana, Guimba, Nueva Ecija",7500000,2025,"Opening and Concreting of FMR at Brgy. Quirino-San Geronimo, Bagabag, Nueva Vizcaya",30000000,0.522,3,-22500000,HB 10858 Vol I-B p. 688,GAA-2025 · Department of Agriculture (DA) · Office of the Secretary,,,,not stated,not stated,,False
fmr,2027,HB10858-FMR-0688-024,"Construction of Concepcion to Pantoc FMR, Brgy. Concepcion to Brgy. Pantoc, Zaragoza, Nueva Ecija",100000,2025,"Concreting of Brgy. Sta. Isabel FMR (Phase II), Cabiao, Nueva Ecija",15000000,0.404,1,-14900000,HB 10858 Vol I-B p. 688,GAA-2025 · Department of Agriculture (DA) · Office of the Secretary,,,,not stated,one side stated,Prior Phase 2 only,False
fmr,2027,HB10858-FMR-0688-024,"Construction of Concepcion to Pantoc FMR, Brgy. Concepcion to Brgy. Pantoc, Zaragoza, Nueva Ecija",100000,2025,Farm-to-Market Road (FMR) Network Planning and Monitoring Services,2344000,0.202,2,-2244000,HB 10858 Vol I-B p. 688,GAA-2025 · Department of Agriculture (DA) · Office of the Secretary,,,,not stated,not stated,,False
fmr,2027,HB10858-FMR-0688-024,"Construction of Concepcion to Pantoc FMR, Brgy. Concepcion to Brgy. Pantoc, Zaragoza, Nueva Ecija",100000,2025,Farm-to-Market Road (FMR) Network Planning and Monitoring Services,7537000,0.202,3,-7437000,HB 10858 Vol I-B p. 688,GAA-2025 · Department of Agriculture (DA) · Office of the Secretary,,,,not stated,not stated,,False
fmr,2027,HB10858-FMR-0688-026,"Construction of Gen. Luna to Carmen FMR, Brgy. Gen. Luna to Brgy. Carmen,",400000,2025,Farm-to-Market Road (FMR) Network Planning and Monitoring Services,2344000,0.333,1,-1944000,HB 10858 Vol I-B p. 688,GAA-2025 · Department of Agriculture (DA) · Office of the Secretary,,,,not stated,not stated,,False
fmr,2027,HB10858-FMR-0688-026,"Construction of Gen. Luna to Carmen FMR, Brgy. Gen. Luna to Brgy. Carmen,",400000,2025,Farm-to-Market Road (FMR) Network Planning and Monitoring Services,7537000,0.333,2,-7137000,HB 10858 Vol I-B p. 688,GAA-2025 · Department of Agriculture (DA) · Office of the Secretary,,,,not stated,not stated,,False
fmr,2027,HB10858-FMR-0688-026,"Construction of Gen. Luna to Carmen FMR, Brgy. Gen. Luna to Brgy. Carmen,",400000,2025,Farm-to-Market Road (FMR) Network Planning and Monitoring Services,185000,0.333,3,215000,HB 10858 Vol I-B p. 688,GAA-2025 · Department of Agriculture (DA) · Office of the Secretary,,,,not stated,not stated,,False
fmr,2027,HB10858-FMR-0688-027,"Concreting of Purok 5, Brgy. Dangcol FMR, Brgy. Dangcol, Balanga City, Bataan",200000,2025,"Concreting of FMR at Brgy. Janopol Oriental, Tanauan City, Batangas",10000000,0.562,1,-9800000,HB 10858 Vol I-B p. 688,GAA-2025 · Department of Agriculture (DA) · Office of the Secretary,,,,not stated,not stated,,False
fmr,2027,HB10858-FMR-0688-027,"Concreting of Purok 5, Brgy. Dangcol FMR, Brgy. Dangcol, Balanga City, Bataan",200000,2025,"Concreting of FMR at Brgy. Santor, Tanauan City, Batangas",20000000,0.557,2,-19800000,HB 10858 Vol I-B p. 688,GAA-2025 · Department of Agriculture (DA) · Office of the Secretary,,,,not stated,not stated,,False
fmr,2027,HB10858-FMR-0688-027,"Concreting of Purok 5, Brgy. Dangcol FMR, Brgy. Dangcol, Balanga City, Bataan",200000,2025,"Concreting of Brgy. Paglaum to Brgy. Palanog FMR (Phase II), Brgy. Paglaum and Brgy. Palanog, Tacloban City",100000000,0.545,3,-99800000,HB 10858 Vol I-B p. 688,GAA-2025 · Department of Agriculture (DA) · Office of the Secretary,,,,not stated,one side stated,Prior Phase 2 only,False
fmr,2027,HB10858-FMR-0688-032,"Concreting of Brgy. Sta. Cruz FMR, Brgy. Sta. Cruz, Cuyapo, Nueva Ecija",100000,2025,"Concreting of Brgy. Sta. Isabel FMR (Phase II), Cabiao, Nueva Ecija",15000000,0.658,1,-14900000,HB 10858 Vol I-B p. 688,GAA-2025 · Department of Agriculture (DA) · Office of the Secretary,,,,not stated,one side stated,Prior Phase 2 only,False
fmr,2027,HB10858-FMR-0688-032,"Concreting of Brgy. Sta. Cruz FMR, Brgy. Sta. Cruz, Cuyapo, Nueva Ecija",100000,2025,"Concreting of Brgy. Tanglad FMR (Phase II), Brgy. Tanglad, Sta. Maria, Davao Occidental",15000000,0.442,2,-14900000,HB 10858 Vol I-B p. 688,GAA-2025 · Department of Agriculture (DA) · Office of the Secretary,,,,not stated,one side stated,Prior Phase 2 only,False
fmr,2027,HB10858-FMR-0688-032,"Concreting of Brgy. Sta. Cruz FMR, Brgy. Sta. Cruz, Cuyapo, Nueva Ecija",100000,2025,"Opening and Concreting of FMR at Brgy. Quirino-San Geronimo, Bagabag, Nueva Vizcaya",30000000,0.426,3,-29900000,HB 10858 Vol I-B p. 688,GAA-2025 · Department of Agriculture (DA) · Office of the Secretary,,,,not stated,not stated,,False
fmr,2027,HB10858-FMR-0690-002,"Construction of Brgy. Tabango Dao FMR, Brgy. Tabango Dao, Batangas City",15000000,2025,"Concreting of Brgy. Bambang FMR Phase II, Brgy. Bambang, Calaca, Batangas",10000000,0.684,1,5000000,HB 10858 Vol I-B p. 690,GAA-2025 · Department of Agriculture (DA) · Office of the Secretary,,,,not stated,one side stated,Prior Phase 2 only,False
fmr,2027,HB10858-FMR-0690-002,"Construction of Brgy. Tabango Dao FMR, Brgy. Tabango Dao, Batangas City",15000000,2025,"Concreting of Brgy. Tagba-o FMR (Phase II), Brgy. Tagba-o, Cebu City, Cebu",15000000,0.613,2,0,HB 10858 Vol I-B p. 690,GAA-2025 · Department of Agriculture (DA) · Office of the Secretary,,,,not stated,one side stated,Prior Phase 2 only,False
fmr,2027,HB10858-FMR-0690-002,"Construction of Brgy. Tabango Dao FMR, Brgy. Tabango Dao, Batangas City",15000000,2025,"Concreting of Brgy. Alangilan FMR Phase I, Brgy. Alangilan, Bacolod City",15000000,0.597,3,0,HB 10858 Vol I-B p. 690,GAA-2025 · Department of Agriculture (DA) · Office of the Secretary,,,,not stated,one side stated,Prior Phase 1 only,False
fmr,2027,HB10858-FMR-0690-003,"Concreting of Brgy. Malasin FMR, Brgy. Malasin, Santo Domingo, Nueva Ecija",712500,2025,"Concreting of Brgy. Sta. Isabel FMR (Phase II), Cabiao, Nueva Ecija",15000000,0.564,1,-14287500,HB 10858 Vol I-B p. 690,GAA-2025 · Department of Agriculture (DA) · Office of the Secretary,,,,not stated,one side stated,Prior Phase 2 only,False
fmr,2027,HB10858-FMR-0690-003,"Concreting of Brgy. Malasin FMR, Brgy. Malasin, Santo Domingo, Nueva Ecija",712500,2025,"Opening and Concreting of FMR at Brgy. Quirino-San Geronimo, Bagabag, Nueva Vizcaya",30000000,0.505,2,-29287500,HB 10858 Vol I-B p. 690,GAA-2025 · Department of Agriculture (DA) · Office of the Secretary,,,,not stated,not stated,,False
fmr,2027,HB10858-FMR-0690-003,"Concreting of Brgy. Malasin FMR, Brgy. Malasin, Santo Domingo, Nueva Ecija",712500,2025,"Concreting of Brgy. Mabaca FMR Phase II, Brgy. Mabaca, Balbalan, Kalinga",10000000,0.481,3,-9287500,HB 10858 Vol I-B p. 690,GAA-2025 · Department of Agriculture (DA) · Office of the Secretary,,,,not stated,one side stated,Prior Phase 2 only,False
fmr,2027,HB10858-FMR-0690-004,"Concreting of Brgy. Iba FMR, Brgy. Iba, Silang, Cavite",30000000,2025,"Concreting of Brgy. Caluangan FMR (Phase I), Brgy. Caluangan, Magallanes, Cavite",15000000,0.545,1,15000000,HB 10858 Vol I-B p. 690,GAA-2025 · Department of Agriculture (DA) · Office of the Secretary,,,,not stated,one side stated,Prior Phase 1 only,False
fmr,2027,HB10858-FMR-0690-004,"Concreting of Brgy. Iba FMR, Brgy. Iba, Silang, Cavite",30000000,2025,"Concreting of Brgy. Caluangan FMR (Phase II), Brgy. Caluangan, Magallanes, Cavite",10000000,0.545,2,20000000,HB 10858 Vol I-B p. 690,GAA-2025 · Department of Agriculture (DA) · Office of the Secretary,,,,not stated,one side stated,Prior Phase 2 only,False
fmr,2027,HB10858-FMR-0690-004,"Concreting of Brgy. Iba FMR, Brgy. Iba, Silang, Cavite",30000000,2025,"Concreting of FMR at Brgy. Bagong Silang, San Miguel, Bulacan",20000000,0.525,3,10000000,HB 10858 Vol I-B p. 690,GAA-2025 · Department of Agriculture (DA) · Office of the Secretary,,,,not stated,not stated,,False
fmr,2027,HB10858-FMR-0690-007,"Construction of Brgy. Dapdap FMR, Brgy. Dapdap, Tayabas City, Quezon",15000000,2025,"Concreting of Brgy. Cabunbata FMR Phase II, Brgy. Cabunbata, Isabela City, Basilan",21000000,0.519,1,-6000000,HB 10858 Vol I-B p. 690,GAA-2025 · Department of Agriculture (DA) · Office of the Secretary,,,,not stated,one side stated,Prior Phase 2 only,False
fmr,2027,HB10858-FMR-0690-007,"Construction of Brgy. Dapdap FMR, Brgy. Dapdap, Tayabas City, Quezon",15000000,2025,"Concreting of Brgy. Tagba-o FMR (Phase II), Brgy. Tagba-o, Cebu City, Cebu",15000000,0.507,2,0,HB 10858 Vol I-B p. 690,GAA-2025 · Department of Agriculture (DA) · Office of the Secretary,,,,not stated,one side stated,Prior Phase 2 only,False
fmr,2027,HB10858-FMR-0690-007,"Construction of Brgy. Dapdap FMR, Brgy. Dapdap, Tayabas City, Quezon",15000000,2025,"Concreting of Brgy. Granada FMR Phase I, Brgy. Granada, Bacolod City",15000000,0.493,3,0,HB 10858 Vol I-B p. 690,GAA-2025 · Department of Agriculture (DA) · Office of the Secretary,,,,not stated,one side stated,Prior Phase 1 only,False
fmr,2027,HB10858-FMR-0690-009,"Construction of Brgy. Ilayang Ilasan FMR, Brgy. Ilayang Ilasan, Tayabas City, Quezon",15000000,2025,"Concreting of Brgy. Sinayawan FMR (Phase II), Brgy. Sinayawan, Valencia City, Bukidnon",10000000,0.586,1,5000000,HB 10858 Vol I-B p. 690,GAA-2025 · Department of Agriculture (DA) · Office of the Secretary,,,,not stated,one side stated,Prior Phase 2 only,False
fmr,2027,HB10858-FMR-0690-009,"Construction of Brgy. Ilayang Ilasan FMR, Brgy. Ilayang Ilasan, Tayabas City, Quezon",15000000,2025,"Concreting of Brgy. Alangilan FMR Phase I, Brgy. Alangilan, Bacolod City",15000000,0.562,2,0,HB 10858 Vol I-B p. 690,GAA-2025 · Department of Agriculture (DA) · Office of the Secretary,,,,not stated,one side stated,Prior Phase 1 only,False
fmr,2027,HB10858-FMR-0690-009,"Construction of Brgy. Ilayang Ilasan FMR, Brgy. Ilayang Ilasan, Tayabas City, Quezon",15000000,2025,"Concreting of Brgy. Alangilan FMR Phase II, Brgy. Alangilan, Bacolod City, Negros Occidental",15000000,0.542,3,0,HB 10858 Vol I-B p. 690,GAA-2025 · Department of Agriculture (DA) · Office of the Secretary,,,,not stated,one side stated,Prior Phase 2 only,False
fmr,2027,HB10858-FMR-0690-010,"Construction of Paitan Sur FMR, Brgy. Paitan Sur, Cuyapo, Nueva Ecija",500000,2025,"Concreting of Brgy. Sta. Isabel FMR (Phase II), Cabiao, Nueva Ecija",15000000,0.649,1,-14500000,HB 10858 Vol I-B p. 690,GAA-2025 · Department of Agriculture (DA) · Office of the Secretary,,,,not stated,one side stated,Prior Phase 2 only,False
fmr,2027,HB10858-FMR-0690-010,"Construction of Paitan Sur FMR, Brgy. Paitan Sur, Cuyapo, Nueva Ecija",500000,2025,"Opening and Concreting of FMR at Brgy. Quirino-San Geronimo, Bagabag, Nueva Vizcaya",30000000,0.49,2,-29500000,HB 10858 Vol I-B p. 690,GAA-2025 · Department of Agriculture (DA) · Office of the Secretary,,,,not stated,not stated,,False
fmr,2027,HB10858-FMR-0690-010,"Construction of Paitan Sur FMR, Brgy. Paitan Sur, Cuyapo, Nueva Ecija",500000,2025,"Concreting of FMR at Brgy. Dalayap, Candaba, Pampanga",25000000,0.389,3,-24500000,HB 10858 Vol I-B p. 690,GAA-2025 · Department of Agriculture (DA) · Office of the Secretary,,,,not stated,not stated,,False
fmr,2027,HB10858-FMR-0690-011,"Construction of Brgy. Masin FMR, Brgy. Masin, Tayabas City, Quezon",15000000,2025,"Concreting of Brgy. Sinayawan FMR (Phase II), Brgy. Sinayawan, Valencia City, Bukidnon",10000000,0.593,1,5000000,HB 10858 Vol I-B p. 690,GAA-2025 · Department of Agriculture (DA) · Office of the Secretary,,,,not stated,one side stated,Prior Phase 2 only,False
fmr,2027,HB10858-FMR-0690-011,"Construction of Brgy. Masin FMR, Brgy. Masin, Tayabas City, Quezon",15000000,2025,"Concreting of FMR at Brgy. Santor, Tanauan City, Batangas",20000000,0.537,2,-5000000,HB 10858 Vol I-B p. 690,GAA-2025 · Department of Agriculture (DA) · Office of the Secretary,,,,not stated,not stated,,False
fmr,2027,HB10858-FMR-0690-011,"Construction of Brgy. Masin FMR, Brgy. Masin, Tayabas City, Quezon",15000000,2025,"Concreting of Brgy. Alangilan FMR Phase I, Brgy. Alangilan, Bacolod City",15000000,0.535,3,0,HB 10858 Vol I-B p. 690,GAA-2025 · Department of Agriculture (DA) · Office of the Secretary,,,,not stated,one side stated,Prior Phase 1 only,False
fmr,2027,HB10858-FMR-0690-012,"Concreting of Brgy. Alemania to Brgy. Mayantoc FMR, Brgy. Alemania and Brgy. Mayantoc,",500000,2025,Farm-to-Market Road (FMR) Network Planning and Monitoring Services,2344000,0.4,1,-1844000,HB 10858 Vol I-B p. 690,GAA-2025 · Department of Agriculture (DA) · Office of the Secretary,,,,not stated,not stated,,False
fmr,2027,HB10858-FMR-0690-012,"Concreting of Brgy. Alemania to Brgy. Mayantoc FMR, Brgy. Alemania and Brgy. Mayantoc,",500000,2025,Farm-to-Market Road (FMR) Network Planning and Monitoring Services,7537000,0.4,2,-7037000,HB 10858 Vol I-B p. 690,GAA-2025 · Department of Agriculture (DA) · Office of the Secretary,,,,not stated,not stated,,False
fmr,2027,HB10858-FMR-0690-012,"Concreting of Brgy. Alemania to Brgy. Mayantoc FMR, Brgy. Alemania and Brgy. Mayantoc,",500000,2025,Farm-to-Market Road (FMR) Network Planning and Monitoring Services,185000,0.4,3,315000,HB 10858 Vol I-B p. 690,GAA-2025 · Department of Agriculture (DA) · Office of the Secretary,,,,not stated,not stated,,False
fmr,2027,HB10858-FMR-0690-013,"Construction of Brgy. Silangan Katigan FMR, Brgy. Silangan Katigan, Tayabas City, Quezon",15000000,2025,"Concreting of Brgy. Sinayawan FMR (Phase II), Brgy. Sinayawan, Valencia City, Bukidnon",10000000,0.563,1,5000000,HB 10858 Vol I-B p. 690,GAA-2025 · Department of Agriculture (DA) · Office of the Secretary,,,,not stated,one side stated,Prior Phase 2 only,False
fmr,2027,HB10858-FMR-0690-013,"Construction of Brgy. Silangan Katigan FMR, Brgy. Silangan Katigan, Tayabas City, Quezon",15000000,2025,"Concreting of Brgy. Alangilan FMR Phase I, Brgy. Alangilan, Bacolod City",15000000,0.516,2,0,HB 10858 Vol I-B p. 690,GAA-2025 · Department of Agriculture (DA) · Office of the Secretary,,,,not stated,one side stated,Prior Phase 1 only,False
fmr,2027,HB10858-FMR-0690-013,"Construction of Brgy. Silangan Katigan FMR, Brgy. Silangan Katigan, Tayabas City, Quezon",15000000,2025,"Concreting of Brgy. Sudlon II FMR (Phase II), Brgy. Sudlon II, Cebu City, Cebu",15000000,0.505,3,0,HB 10858 Vol I-B p. 690,GAA-2025 · Department of Agriculture (DA) · Office of the Secretary,,,,not stated,one side stated,Prior Phase 2 only,False
fmr,2027,HB10858-FMR-0690-014,"Construction of Purok Agojo, Brgy. Buenlag FMR, Brgy. Buenlag, Gerona, Tarlac",200000,2025,"Concreting of Purok 7-Purok 15, Brgy. Mabuhay FMR (Phase V), Brgy. Mabuhay, General Santos City, South Cotabato",15000000,0.466,1,-14800000,HB 10858 Vol I-B p. 690,GAA-2025 · Department of Agriculture (DA) · Office of the Secretary,,,,not stated,one side stated,Prior Phase 5 only,False
fmr,2027,HB10858-FMR-0690-014,"Construction of Purok Agojo, Brgy. Buenlag FMR, Brgy. Buenlag, Gerona, Tarlac",200000,2025,"Concreting of Purok Balite to Crossing Bungot, Brgy. San Jose FMR (Phase II), Brgy. San Jose, Norala, South Cotabato",15000000,0.45,2,-14800000,HB 10858 Vol I-B p. 690,GAA-2025 · Department of Agriculture (DA) · Office of the Secretary,,,,not stated,one side stated,Prior Phase 2 only,False
fmr,2027,HB10858-FMR-0690-014,"Construction of Purok Agojo, Brgy. Buenlag FMR, Brgy. Buenlag, Gerona, Tarlac",200000,2025,"Concreting of Purok 2, Brgy. Cansinala FMR (Phase I), Brgy. Cansinala, Apalit, Pampanga",15000000,0.435,3,-14800000,HB 10858 Vol I-B p. 690,GAA-2025 · Department of Agriculture (DA) · Office of the Secretary,,,,not stated,one side stated,Prior Phase 1 only,False
fmr,2027,HB10858-FMR-0690-015,"Construction of Brgy. Kanlurang Katigan FMR, Brgy. Kanlurang Katigan, Tayabas City, Quezon",15000000,2025,"Concreting of Brgy. Alangilan FMR Phase I, Brgy. Alangilan, Bacolod City",15000000,0.611,1,0,HB 10858 Vol I-B p. 690,GAA-2025 · Department of Agriculture (DA) · Office of the Secretary,,,,not stated,one side stated,Prior Phase 1 only,False
fmr,2027,HB10858-FMR-0690-015,"Construction of Brgy. Kanlurang Katigan FMR, Brgy. Kanlurang Katigan, Tayabas City, Quezon",15000000,2025,"Concreting of Brgy. Alangilan FMR Phase II, Brgy. Alangilan, Bacolod City, Negros Occidental",15000000,0.584,2,0,HB 10858 Vol I-B p. 690,GAA-2025 · Department of Agriculture (DA) · Office of the Secretary,,,,not stated,one side stated,Prior Phase 2 only,False
fmr,2027,HB10858-FMR-0690-015,"Construction of Brgy. Kanlurang Katigan FMR, Brgy. Kanlurang Katigan, Tayabas City, Quezon",15000000,2025,"Concreting of Brgy. Cabunbata FMR Phase II, Brgy. Cabunbata, Isabela City, Basilan",21000000,0.485,3,-6000000,HB 10858 Vol I-B p. 690,GAA-2025 · Department of Agriculture (DA) · Office of the Secretary,,,,not stated,one side stated,Prior Phase 2 only,False
fmr,2027,HB10858-FMR-0690-016,"Construction of Labiano St., Brgy. Bagumbayan FMR, Brgy. Bagumbayan, Llanera, Nueva Ecija",8400000,2025,"Concreting of Brgy. Sta. Isabel FMR (Phase II), Cabiao, Nueva Ecija",15000000,0.472,1,-6600000,HB 10858 Vol I-B p. 690,GAA-2025 · Department of Agriculture (DA) · Office of the Secretary,,,,not stated,one side stated,Prior Phase 2 only,False
fmr,2027,HB10858-FMR-0690-016,"Construction of Labiano St., Brgy. Bagumbayan FMR, Brgy. Bagumbayan, Llanera, Nueva Ecija",8400000,2025,"Opening and Concreting of FMR at Brgy. Quirino-San Geronimo, Bagabag, Nueva Vizcaya",30000000,0.4,2,-21600000,HB 10858 Vol I-B p. 690,GAA-2025 · Department of Agriculture (DA) · Office of the Secretary,,,,not stated,not stated,,False
fmr,2027,HB10858-FMR-0690-016,"Construction of Labiano St., Brgy. Bagumbayan FMR, Brgy. Bagumbayan, Llanera, Nueva Ecija",8400000,2025,"Concreting of Brgy. Mabaca FMR Phase II, Brgy. Mabaca, Balbalan, Kalinga",10000000,0.4,3,-1600000,HB 10858 Vol I-B p. 690,GAA-2025 · Department of Agriculture (DA) · Office of the Secretary,,,,not stated,one side stated,Prior Phase 2 only,False
fmr,2027,HB10858-FMR-0690-017,"Construction of Ilayang Bukal FMR, Brgy. Ilayang Bukal, Tayabas City, Quezon",15000000,2025,"Concreting of Brgy. Sinayawan FMR (Phase II), Brgy. Sinayawan, Valencia City, Bukidnon",10000000,0.577,1,5000000,HB 10858 Vol I-B p. 690,GAA-2025 · Department of Agriculture (DA) · Office of the Secretary,,,,not stated,one side stated,Prior Phase 2 only,False
fmr,2027,HB10858-FMR-0690-017,"Construction of Ilayang Bukal FMR, Brgy. Ilayang Bukal, Tayabas City, Quezon",15000000,2025,"Concreting of Brgy. Alangilan FMR Phase I, Brgy. Alangilan, Bacolod City",15000000,0.506,2,0,HB 10858 Vol I-B p. 690,GAA-2025 · Department of Agriculture (DA) · Office of the Secretary,,,,not stated,one side stated,Prior Phase 1 only,False
fmr,2027,HB10858-FMR-0690-017,"Construction of Ilayang Bukal FMR, Brgy. Ilayang Bukal, Tayabas City, Quezon",15000000,2025,"Concreting of Brgy. Alangilan FMR Phase II, Brgy. Alangilan, Bacolod City, Negros Occidental",15000000,0.495,3,0,HB 10858 Vol I-B p. 690,GAA-2025 · Department of Agriculture (DA) · Office of the Secretary,,,,not stated,one side stated,Prior Phase 2 only,False
fmr,2027,HB10858-FMR-0690-018,"Construction of Brgy. Ilayang Palale FMR, Brgy. Ilayang Palale, Tayabas City, Quezon",10000000,2025,"Concreting of Brgy. Sinayawan FMR (Phase II), Brgy. Sinayawan, Valencia City, Bukidnon",10000000,0.586,1,0,HB 10858 Vol I-B p. 690,GAA-2025 · Department of Agriculture (DA) · Office of the Secretary,,,,not stated,one side stated,Prior Phase 2 only,False
fmr,2027,HB10858-FMR-0690-018,"Construction of Brgy. Ilayang Palale FMR, Brgy. Ilayang Palale, Tayabas City, Quezon",10000000,2025,"Concreting of Brgy. Paglaum to Brgy. Palanog FMR (Phase II), Brgy. Paglaum and Brgy. Palanog, Tacloban City",100000000,0.552,2,-90000000,HB 10858 Vol I-B p. 690,GAA-2025 · Department of Agriculture (DA) · Office of the Secretary,,,,not stated,one side stated,Prior Phase 2 only,False
fmr,2027,HB10858-FMR-0690-018,"Construction of Brgy. Ilayang Palale FMR, Brgy. Ilayang Palale, Tayabas City, Quezon",10000000,2025,"Concreting of Brgy. Alangilan FMR Phase I, Brgy. Alangilan, Bacolod City",15000000,0.472,3,-5000000,HB 10858 Vol I-B p. 690,GAA-2025 · Department of Agriculture (DA) · Office of the Secretary,,,,not stated,one side stated,Prior Phase 1 only,False
fmr,2027,HB10858-FMR-0690-019,"Construction of Brgy. Banilad FMR, Banilad, Majayjay, Laguna",15000000,2025,"Concreting of Brgy. Caluangan FMR (Phase I), Brgy. Caluangan, Magallanes, Cavite",15000000,0.5,1,0,HB 10858 Vol I-B p. 690,GAA-2025 · Department of Agriculture (DA) · Office of the Secretary,,,,not stated,one side stated,Prior Phase 1 only,False
fmr,2027,HB10858-FMR-0690-019,"Construction of Brgy. Banilad FMR, Banilad, Majayjay, Laguna",15000000,2025,"Concreting of FMR at Brgy. Escaler Road (Phase II), Magalang, Pampanga",35000000,0.469,2,-20000000,HB 10858 Vol I-B p. 690,GAA-2025 · Department of Agriculture (DA) · Office of the Secretary,,,,not stated,one side stated,Prior Phase 2 only,False
fmr,2027,HB10858-FMR-0690-019,"Construction of Brgy. Banilad FMR, Banilad, Majayjay, Laguna",15000000,2025,"Concreting of Brgy. Mabaca FMR Phase II, Brgy. Mabaca, Balbalan, Kalinga",10000000,0.435,3,5000000,HB 10858 Vol I-B p. 690,GAA-2025 · Department of Agriculture (DA) · Office of the Secretary,,,,not stated,one side stated,Prior Phase 2 only,False
fmr,2027,HB10858-FMR-0690-020,"Construction of Brgy. Banaba Cerca - Brgy. Banaba Lejos FMR, Brgy. Banaba Cerca to Brgy. Banaba Lejos, Indang, Cavite",30000000,2025,"Concreting of Brgy. Caluangan FMR (Phase I), Brgy. Caluangan, Magallanes, Cavite",15000000,0.389,1,15000000,HB 10858 Vol I-B p. 690,GAA-2025 · Department of Agriculture (DA) · Office of the Secretary,,,,not stated,one side stated,Prior Phase 1 only,False
fmr,2027,HB10858-FMR-0690-020,"Construction of Brgy. Banaba Cerca - Brgy. Banaba Lejos FMR, Brgy. Banaba Cerca to Brgy. Banaba Lejos, Indang, Cavite",30000000,2025,"Concreting of Brgy. Caluangan FMR (Phase II), Brgy. Caluangan, Magallanes, Cavite",10000000,0.389,2,20000000,HB 10858 Vol I-B p. 690,GAA-2025 · Department of Agriculture (DA) · Office of the Secretary,,,,not stated,one side stated,Prior Phase 2 only,False
fmr,2027,HB10858-FMR-0690-020,"Construction of Brgy. Banaba Cerca - Brgy. Banaba Lejos FMR, Brgy. Banaba Cerca to Brgy. Banaba Lejos, Indang, Cavite",30000000,2025,Farm-to-Market Road (FMR) Network Planning and Monitoring Services,2344000,0.278,3,27656000,HB 10858 Vol I-B p. 690,GAA-2025 · Department of Agriculture (DA) · Office of the Secretary,,,,not stated,not stated,,False
fmr,2027,HB10858-FMR-0690-021,"Construction of Sitio Malabnig, Brgy. Balatbat FMR, Brgy. Balatbat, Lobo, Batangas",30000000,2025,"Concreting of Sitio Hulo, Brgy. Biga FMR (Phase II), Brgy. Biga, Lobo, Batangas",24000000,0.727,1,6000000,HB 10858 Vol I-B p. 690,GAA-2025 · Department of Agriculture (DA) · Office of the Secretary,,,,not stated,one side stated,Prior Phase 2 only,False
fmr,2027,HB10858-FMR-0690-021,"Construction of Sitio Malabnig, Brgy. Balatbat FMR, Brgy. Balatbat, Lobo, Batangas",30000000,2025,"Concreting of Brgy. Nagtaluntong FMR (Phase I), Brgy. Nagtaluntong, Lobo, Batangas",15000000,0.581,2,15000000,HB 10858 Vol I-B p. 690,GAA-2025 · Department of Agriculture (DA) · Office of the Secretary,,,,not stated,one side stated,Prior Phase 1 only,False
fmr,2027,HB10858-FMR-0690-021,"Construction of Sitio Malabnig, Brgy. Balatbat FMR, Brgy. Balatbat, Lobo, Batangas",30000000,2025,"Concreting of Brgy. Nagtaluntong FMR (Phase II), Brgy. Nagtaluntong, Lobo, Batangas",16000000,0.581,3,14000000,HB 10858 Vol I-B p. 690,GAA-2025 · Department of Agriculture (DA) · Office of the Secretary,,,,not stated,one side stated,Prior Phase 2 only,False
fmr,2027,HB10858-FMR-0690-022,"Construction of Brgy. Narvaez FMR, Brgy. Narvaez, General Emilio Aguinaldo, Cavite",15000000,2025,"Concreting of Brgy. Caluangan FMR (Phase I), Brgy. Caluangan, Magallanes, Cavite",15000000,0.435,1,0,HB 10858 Vol I-B p. 690,GAA-2025 · Department of Agriculture (DA) · Office of the Secretary,,,,not stated,one side stated,Prior Phase 1 only,False
fmr,2027,HB10858-FMR-0690-022,"Construction of Brgy. Narvaez FMR, Brgy. Narvaez, General Emilio Aguinaldo, Cavite",15000000,2025,"Concreting of Brgy. Caluangan FMR (Phase II), Brgy. Caluangan, Magallanes, Cavite",10000000,0.435,2,5000000,HB 10858 Vol I-B p. 690,GAA-2025 · Department of Agriculture (DA) · Office of the Secretary,,,,not stated,one side stated,Prior Phase 2 only,False
fmr,2027,HB10858-FMR-0690-022,"Construction of Brgy. Narvaez FMR, Brgy. Narvaez, General Emilio Aguinaldo, Cavite",15000000,2025,"Concreting of Blel from Brgy. Sinawal-Paopao Road to Cabuay River FMR (Phase I), Brgy. Sinawal, General Santos City, South Cotabato",15000000,0.391,3,0,HB 10858 Vol I-B p. 690,GAA-2025 · Department of Agriculture (DA) · Office of the Secretary,,,,not stated,one side stated,Prior Phase 1 only,False
fmr,2027,HB10858-FMR-0690-023,"Construction of Brgy. Santa Maria FMR, Brgy. Santa Maria, Laurel, Batangas",15000000,2025,"Concreting of FMR at Brgy. As-Is, Laurel, Batangas",20000000,0.676,1,-5000000,HB 10858 Vol I-B p. 690,GAA-2025 · Department of Agriculture (DA) · Office of the Secretary,,,,not stated,not stated,,False
fmr,2027,HB10858-FMR-0690-023,"Construction of Brgy. Santa Maria FMR, Brgy. Santa Maria, Laurel, Batangas",15000000,2025,"Concreting of FMR at Brgy. Santa Lucia, San Miguel, Bulacan",20000000,0.571,2,-5000000,HB 10858 Vol I-B p. 690,GAA-2025 · Department of Agriculture (DA) · Office of the Secretary,,,,not stated,not stated,,False
fmr,2027,HB10858-FMR-0690-023,"Construction of Brgy. Santa Maria FMR, Brgy. Santa Maria, Laurel, Batangas",15000000,2025,"Concreting of Sitio Hulo, Brgy. Biga FMR (Phase II), Brgy. Biga, Lobo, Batangas",24000000,0.568,3,-9000000,HB 10858 Vol I-B p. 690,GAA-2025 · Department of Agriculture (DA) · Office of the Secretary,,,,not stated,one side stated,Prior Phase 2 only,False
fmr,2027,HB10858-FMR-0690-024,"Construction of Sitio Tikwi, Brgy. San Agustin FMR (Phase II), Brgy. San Agustin, Magallanes, Cavite",15000000,2025,"Concreting of Brgy. Caluangan FMR (Phase I), Brgy. Caluangan, Magallanes, Cavite",15000000,0.633,1,0,HB 10858 Vol I-B p. 690,GAA-2025 · Department of Agriculture (DA) · Office of the Secretary,,,,not stated,different tranche,Phase 2 vs 1,True
fmr,2027,HB10858-FMR-0690-024,"Construction of Sitio Tikwi, Brgy. San Agustin FMR (Phase II), Brgy. San Agustin, Magallanes, Cavite",15000000,2025,"Concreting of Brgy. Caluangan FMR (Phase II), Brgy. Caluangan, Magallanes, Cavite",10000000,0.633,2,5000000,HB 10858 Vol I-B p. 690,GAA-2025 · Department of Agriculture (DA) · Office of the Secretary,,,,not stated,same tranche,,False
fmr,2027,HB10858-FMR-0690-024,"Construction of Sitio Tikwi, Brgy. San Agustin FMR (Phase II), Brgy. San Agustin, Magallanes, Cavite",15000000,2025,"Concreting of Sitio Bayawas Brgy. Salvacion FMR Phase III, Brgy. Salvacion, Magallanes, Sorsogon",15000000,0.614,3,0,HB 10858 Vol I-B p. 690,GAA-2025 · Department of Agriculture (DA) · Office of the Secretary,,,,not stated,different tranche,Phase 2 vs 3,True
fmr,2027,HB10858-FMR-0690-025,"Construction of Brgy. Irukan to Brgy. Calayaan to Brgy. Poblacion III FMR, Brgy. Irukan to Brgy. Calayaan to Brgy. Poblacion III, Sta. Teresita, Batangas",15000000,2025,"Concreting of Brgy. Nagtaluntong FMR (Phase I), Brgy. Nagtaluntong, Lobo, Batangas",15000000,0.4,1,0,HB 10858 Vol I-B p. 690,GAA-2025 · Department of Agriculture (DA) · Office of the Secretary,,,,not stated,one side stated,Prior Phase 1 only,False
fmr,2027,HB10858-FMR-0690-025,"Construction of Brgy. Irukan to Brgy. Calayaan to Brgy. Poblacion III FMR, Brgy. Irukan to Brgy. Calayaan to Brgy. Poblacion III, Sta. Teresita, Batangas",15000000,2025,"Concreting of Brgy. Nagtaluntong FMR (Phase II), Brgy. Nagtaluntong, Lobo, Batangas",16000000,0.4,2,-1000000,HB 10858 Vol I-B p. 690,GAA-2025 · Department of Agriculture (DA) · Office of the Secretary,,,,not stated,one side stated,Prior Phase 2 only,False
fmr,2027,HB10858-FMR-0690-025,"Construction of Brgy. Irukan to Brgy. Calayaan to Brgy. Poblacion III FMR, Brgy. Irukan to Brgy. Calayaan to Brgy. Poblacion III, Sta. Teresita, Batangas",15000000,2025,"Concreting of Brgy. Poblacion to Brgy. Dananao to Brgy. Tulgao FMR Phase II, Tinglayan, Kalinga",30000000,0.376,3,-15000000,HB 10858 Vol I-B p. 690,GAA-2025 · Department of Agriculture (DA) · Office of the Secretary,,,,not stated,one side stated,Prior Phase 2 only,False
fmr,2027,HB10858-FMR-0690-026,"Construction of Brgy. Cabuyew FMR, Brgy. Cabuyew, Liliw, Laguna",15000000,2025,"Concreting of Brgy. Catacte FMR Brgy. Catacte, Bustos, Bulacan",5000000,0.485,1,10000000,HB 10858 Vol I-B p. 690,GAA-2025 · Department of Agriculture (DA) · Office of the Secretary,,,,not stated,not stated,,False
fmr,2027,HB10858-FMR-0690-026,"Construction of Brgy. Cabuyew FMR, Brgy. Cabuyew, Liliw, Laguna",15000000,2025,"Concreting of Brgy. Caluangan FMR (Phase I), Brgy. Caluangan, Magallanes, Cavite",15000000,0.466,2,0,HB 10858 Vol I-B p. 690,GAA-2025 · Department of Agriculture (DA) · Office of the Secretary,,,,not stated,one side stated,Prior Phase 1 only,False
fmr,2027,HB10858-FMR-0690-026,"Construction of Brgy. Cabuyew FMR, Brgy. Cabuyew, Liliw, Laguna",15000000,2025,"Concreting of FMR at Brgy. Calantipe, Apalit, Pampanga",25000000,0.459,3,-10000000,HB 10858 Vol I-B p. 690,GAA-2025 · Department of Agriculture (DA) · Office of the Secretary,,,,not stated,not stated,,False
fmr,2027,HB10858-FMR-0690-027,"Construction of Brgy. Bacao FMR, Brgy. Bacao, Taysan, Batangas",15000000,2025,"Concreting of FMR at Brgy. Caloocan, Talisay, Batangas",10000000,0.7,1,5000000,HB 10858 Vol I-B p. 690,GAA-2025 · Department of Agriculture (DA) · Office of the Secretary,,,,not stated,not stated,,False
fmr,2027,HB10858-FMR-0690-027,"Construction of Brgy. Bacao FMR, Brgy. Bacao, Taysan, Batangas",15000000,2025,"Concreting of Brgy. Bambang FMR Phase II, Brgy. Bambang, Calaca, Batangas",10000000,0.697,2,5000000,HB 10858 Vol I-B p. 690,GAA-2025 · Department of Agriculture (DA) · Office of the Secretary,,,,not stated,one side stated,Prior Phase 2 only,False
fmr,2027,HB10858-FMR-0690-027,"Construction of Brgy. Bacao FMR, Brgy. Bacao, Taysan, Batangas",15000000,2025,"Concreting of Brgy. Mabaca FMR Phase II, Brgy. Mabaca, Balbalan, Kalinga",10000000,0.677,3,5000000,HB 10858 Vol I-B p. 690,GAA-2025 · Department of Agriculture (DA) · Office of the Secretary,,,,not stated,one side stated,Prior Phase 2 only,False
fmr,2027,HB10858-FMR-0690-028,"Construction of Brgy. Hanggan FMR, Brgy. Hanggan, Calauan, Laguna",15000000,2025,"Concreting of FMR at Brgy. Salapungan, Candaba, Pampanga",30000000,0.492,1,-15000000,HB 10858 Vol I-B p. 690,GAA-2025 · Department of Agriculture (DA) · Office of the Secretary,,,,not stated,not stated,,False
fmr,2027,HB10858-FMR-0690-028,"Construction of Brgy. Hanggan FMR, Brgy. Hanggan, Calauan, Laguna",15000000,2025,"Concreting of Sitio Gumihan, Brgy. Maytoong FMR Phase II, Brgy. Maytoong, Paete, Laguna",5550000,0.488,2,9450000,HB 10858 Vol I-B p. 690,GAA-2025 · Department of Agriculture (DA) · Office of the Secretary,,,,not stated,one side stated,Prior Phase 2 only,False
fmr,2027,HB10858-FMR-0690-028,"Construction of Brgy. Hanggan FMR, Brgy. Hanggan, Calauan, Laguna",15000000,2025,"Concreting of Brgy. Caluangan FMR (Phase I), Brgy. Caluangan, Magallanes, Cavite",15000000,0.48,3,0,HB 10858 Vol I-B p. 690,GAA-2025 · Department of Agriculture (DA) · Office of the Secretary,,,,not stated,one side stated,Prior Phase 1 only,False
fmr,2027,HB10858-FMR-0690-029,"Construction of Brgy. Libato FMR, Brgy. Libato, San Juan, Batangas",15000000,2025,"Concreting of FMR at Brgy. Bangin, San Nicolas, Batangas",10000000,0.636,1,5000000,HB 10858 Vol I-B p. 690,GAA-2025 · Department of Agriculture (DA) · Office of the Secretary,,,,not stated,not stated,,False
fmr,2027,HB10858-FMR-0690-029,"Construction of Brgy. Libato FMR, Brgy. Libato, San Juan, Batangas",15000000,2025,"Concreting of Brgy. Bambang FMR Phase II, Brgy. Bambang, Calaca, Batangas",10000000,0.629,2,5000000,HB 10858 Vol I-B p. 690,GAA-2025 · Department of Agriculture (DA) · Office of the Secretary,,,,not stated,one side stated,Prior Phase 2 only,False
fmr,2027,HB10858-FMR-0690-029,"Construction of Brgy. Libato FMR, Brgy. Libato, San Juan, Batangas",15000000,2025,"Concreting of FMR at Brgy. San Juan, Apalit, Pampanga",25000000,0.603,3,-10000000,HB 10858 Vol I-B p. 690,GAA-2025 · Department of Agriculture (DA) · Office of the Secretary,,,,not stated,not stated,,False
fmr,2027,HB10858-FMR-0690-030,"Construction of Brgy. Cansuso FMR, Brgy. Cansuso, Cavinti, Laguna",15000000,2025,"Concreting of FMR at Brgy. Pansinao, Candaba, Pampanga",25000000,0.508,1,-10000000,HB 10858 Vol I-B p. 690,GAA-2025 · Department of Agriculture (DA) · Office of the Secretary,,,,not stated,not stated,,False
fmr,2027,HB10858-FMR-0690-030,"Construction of Brgy. Cansuso FMR, Brgy. Cansuso, Cavinti, Laguna",15000000,2025,"Concreting of Sitio Gumihan, Brgy. Maytoong FMR Phase II, Brgy. Maytoong, Paete, Laguna",5550000,0.488,2,9450000,HB 10858 Vol I-B p. 690,GAA-2025 · Department of Agriculture (DA) · Office of the Secretary,,,,not stated,one side stated,Prior Phase 2 only,False
fmr,2027,HB10858-FMR-0690-030,"Construction of Brgy. Cansuso FMR, Brgy. Cansuso, Cavinti, Laguna",15000000,2025,"Concreting of Brgy. Caluangan FMR (Phase I), Brgy. Caluangan, Magallanes, Cavite",15000000,0.48,3,0,HB 10858 Vol I-B p. 690,GAA-2025 · Department of Agriculture (DA) · Office of the Secretary,,,,not stated,one side stated,Prior Phase 1 only,False
fmr,2027,HB10858-FMR-0690-031,"Construction of Sitio Gugo, Brgy. San Jose Sico FMR, Brgy. San Jose Sico, Batangas City, Batangas",15000000,2025,"Concreting of Sitio San Ysiro, Brgy. San Jose FMR Phase 6, Brgy. San Jose, Antipolo City Rizal",15000000,0.639,1,0,HB 10858 Vol I-B p. 690,GAA-2025 · Department of Agriculture (DA) · Office of the Secretary,,,,not stated,one side stated,Prior Phase 6 only,False
fmr,2027,HB10858-FMR-0690-031,"Construction of Sitio Gugo, Brgy. San Jose Sico FMR, Brgy. San Jose Sico, Batangas City, Batangas",15000000,2025,"Concreting of Sitio Mainit, Brgy. San Jose FMR Phase 3, Brgy. San Jose, Antipolo City, Rizal",20000000,0.639,2,-5000000,HB 10858 Vol I-B p. 690,GAA-2025 · Department of Agriculture (DA) · Office of the Secretary,,,,not stated,one side stated,Prior Phase 3 only,False
fmr,2027,HB10858-FMR-0690-031,"Construction of Sitio Gugo, Brgy. San Jose Sico FMR, Brgy. San Jose Sico, Batangas City, Batangas",15000000,2025,"Concreting of Sitio Hulo, Brgy. Biga FMR (Phase II), Brgy. Biga, Lobo, Batangas",24000000,0.544,3,-9000000,HB 10858 Vol I-B p. 690,GAA-2025 · Department of Agriculture (DA) · Office of the Secretary,,,,not stated,one side stated,Prior Phase 2 only,False
fmr,2027,HB10858-FMR-0692-001,"Construction of Brgy. Cambuja to Brgy. Bubucal FMR, Brgy. Cambuja, Brgy. Bubucal,",15000000,2025,Farm-to-Market Road (FMR) Network Planning and Monitoring Services,2344000,0.235,1,12656000,HB 10858 Vol I-B p. 692,GAA-2025 · Department of Agriculture (DA) · Office of the Secretary,,,,not stated,not stated,,False
fmr,2027,HB10858-FMR-0692-001,"Construction of Brgy. Cambuja to Brgy. Bubucal FMR, Brgy. Cambuja, Brgy. Bubucal,",15000000,2025,Farm-to-Market Road (FMR) Network Planning and Monitoring Services,7537000,0.235,2,7463000,HB 10858 Vol I-B p. 692,GAA-2025 · Department of Agriculture (DA) · Office of the Secretary,,,,not stated,not stated,,False
fmr,2027,HB10858-FMR-0692-001,"Construction of Brgy. Cambuja to Brgy. Bubucal FMR, Brgy. Cambuja, Brgy. Bubucal,",15000000,2025,Farm-to-Market Road (FMR) Network Planning and Monitoring Services,185000,0.235,3,14815000,HB 10858 Vol I-B p. 692,GAA-2025 · Department of Agriculture (DA) · Office of the Secretary,,,,not stated,not stated,,False
fmr,2027,HB10858-FMR-0692-002,"Construction of Sitio Cagga, Brgy. Tagumpay FMR, Brgy. Tagumpay, Real, Quezon",30000000,2025,"Concreting of Sitio Malaya FMR at Brgy. Aningway Subic, Zambales",15000000,0.518,1,15000000,HB 10858 Vol I-B p. 692,GAA-2025 · Department of Agriculture (DA) · Office of the Secretary,,,,not stated,not stated,,False
fmr,2027,HB10858-FMR-0692-002,"Construction of Sitio Cagga, Brgy. Tagumpay FMR, Brgy. Tagumpay, Real, Quezon",30000000,2025,"Concreting of Brgy. Tabason-Sto. Tomas-San Vicente FMR (Phase II), Tagkawayan, Quezon",10000000,0.5,2,20000000,HB 10858 Vol I-B p. 692,GAA-2025 · Department of Agriculture (DA) · Office of the Secretary,,,,not stated,one side stated,Prior Phase 2 only,False
fmr,2027,HB10858-FMR-0692-002,"Construction of Sitio Cagga, Brgy. Tagumpay FMR, Brgy. Tagumpay, Real, Quezon",30000000,2025,"Concreting of Sitio Gumihan, Brgy. Maytoong FMR Phase II, Brgy. Maytoong, Paete, Laguna",5550000,0.452,3,24450000,HB 10858 Vol I-B p. 692,GAA-2025 · Department of Agriculture (DA) · Office of the Secretary,,,,not stated,one side stated,Prior Phase 2 only,False
fmr,2027,HB10858-FMR-0692-003,"Construction of Brgy. Maasin to Brgy. Valencia FMR, Brgy. Maasin and Brgy. Valencia,",15000000,2025,"Concreting of Brgy. Sinayawan FMR (Phase II), Brgy. Sinayawan, Valencia City, Bukidnon",10000000,0.381,1,5000000,HB 10858 Vol I-B p. 692,GAA-2025 · Department of Agriculture (DA) · Office of the Secretary,,,,not stated,one side stated,Prior Phase 2 only,False
fmr,2027,HB10858-FMR-0692-003,"Construction of Brgy. Maasin to Brgy. Valencia FMR, Brgy. Maasin and Brgy. Valencia,",15000000,2025,Farm-to-Market Road (FMR) Network Planning and Monitoring Services,2344000,0.321,2,12656000,HB 10858 Vol I-B p. 692,GAA-2025 · Department of Agriculture (DA) · Office of the Secretary,,,,not stated,not stated,,False
fmr,2027,HB10858-FMR-0692-003,"Construction of Brgy. Maasin to Brgy. Valencia FMR, Brgy. Maasin and Brgy. Valencia,",15000000,2025,Farm-to-Market Road (FMR) Network Planning and Monitoring Services,7537000,0.321,3,7463000,HB 10858 Vol I-B p. 692,GAA-2025 · Department of Agriculture (DA) · Office of the Secretary,,,,not stated,not stated,,False
fmr,2027,HB10858-FMR-0692-004,"Construction of Brgy. Kulapi FMR, Brgy. Kulapi, Lucban, Quezon",15000000,2025,"Concreting of Brgy. Tabason-Sto. Tomas-San Vicente FMR (Phase II), Tagkawayan, Quezon",10000000,0.439,1,5000000,HB 10858 Vol I-B p. 692,GAA-2025 · Department of Agriculture (DA) · Office of the Secretary,,,,not stated,one side stated,Prior Phase 2 only,False
fmr,2027,HB10858-FMR-0692-004,"Construction of Brgy. Kulapi FMR, Brgy. Kulapi, Lucban, Quezon",15000000,2025,"Concreting of FMR at Brgy. Dalayap, Candaba, Pampanga",25000000,0.407,2,-10000000,HB 10858 Vol I-B p. 692,GAA-2025 · Department of Agriculture (DA) · Office of the Secretary,,,,not stated,not stated,,False
fmr,2027,HB10858-FMR-0692-004,"Construction of Brgy. Kulapi FMR, Brgy. Kulapi, Lucban, Quezon",15000000,2025,"Concreting of Brgy. Mabaca FMR Phase II, Brgy. Mabaca, Balbalan, Kalinga",10000000,0.4,3,5000000,HB 10858 Vol I-B p. 692,GAA-2025 · Department of Agriculture (DA) · Office of the Secretary,,,,not stated,one side stated,Prior Phase 2 only,False
fmr,2027,HB10858-FMR-0692-005,"Construction of Brgy. Ilog to Brgy. Pilaway to Brgy. Agos-Agos FMR, Brgy. Ilog to",15000000,2025,Farm-to-Market Road (FMR) Network Planning and Monitoring Services,2344000,0.289,1,12656000,HB 10858 Vol I-B p. 692,GAA-2025 · Department of Agriculture (DA) · Office of the Secretary,,,,not stated,not stated,,False
fmr,2027,HB10858-FMR-0692-005,"Construction of Brgy. Ilog to Brgy. Pilaway to Brgy. Agos-Agos FMR, Brgy. Ilog to",15000000,2025,Farm-to-Market Road (FMR) Network Planning and Monitoring Services,7537000,0.289,2,7463000,HB 10858 Vol I-B p. 692,GAA-2025 · Department of Agriculture (DA) · Office of the Secretary,,,,not stated,not stated,,False
fmr,2027,HB10858-FMR-0692-005,"Construction of Brgy. Ilog to Brgy. Pilaway to Brgy. Agos-Agos FMR, Brgy. Ilog to",15000000,2025,Farm-to-Market Road (FMR) Network Planning and Monitoring Services,185000,0.289,3,14815000,HB 10858 Vol I-B p. 692,GAA-2025 · Department of Agriculture (DA) · Office of the Secretary,,,,not stated,not stated,,False
fmr,2027,HB10858-FMR-0692-006,"Construction of Brgy. Alitap FMR, Brgy. Alitap, Mauban, Quezon",50000000,2025,"Concreting of Brgy. Caluangan FMR (Phase I), Brgy. Caluangan, Magallanes, Cavite",15000000,0.5,1,35000000,HB 10858 Vol I-B p. 692,GAA-2025 · Department of Agriculture (DA) · Office of the Secretary,,,,not stated,one side stated,Prior Phase 1 only,False
fmr,2027,HB10858-FMR-0692-006,"Construction of Brgy. Alitap FMR, Brgy. Alitap, Mauban, Quezon",50000000,2025,"Concreting of Brgy. Tabason-Sto. Tomas-San Vicente FMR (Phase II), Tagkawayan, Quezon",10000000,0.463,2,40000000,HB 10858 Vol I-B p. 692,GAA-2025 · Department of Agriculture (DA) · Office of the Secretary,,,,not stated,one side stated,Prior Phase 2 only,False
fmr,2027,HB10858-FMR-0692-006,"Construction of Brgy. Alitap FMR, Brgy. Alitap, Mauban, Quezon",50000000,2025,"Concreting of Brgy. Catacte FMR Brgy. Catacte, Bustos, Bulacan",5000000,0.462,3,45000000,HB 10858 Vol I-B p. 692,GAA-2025 · Department of Agriculture (DA) · Office of the Secretary,,,,not stated,not stated,,False
fmr,2027,HB10858-FMR-0692-007,"Construction of Brgy. Pila FMR, Brgy. Pila, San Pascual, Batangas",35000000,2025,"Concreting of FMR at Brgy. Bangin, San Nicolas, Batangas",10000000,0.646,1,25000000,HB 10858 Vol I-B p. 692,GAA-2025 · Department of Agriculture (DA) · Office of the Secretary,,,,not stated,not stated,,False
fmr,2027,HB10858-FMR-0692-007,"Construction of Brgy. Pila FMR, Brgy. Pila, San Pascual, Batangas",35000000,2025,"Concreting of FMR at Brgy. Balagbag, Cuenca, Batangas",20000000,0.613,2,15000000,HB 10858 Vol I-B p. 692,GAA-2025 · Department of Agriculture (DA) · Office of the Secretary,,,,not stated,not stated,,False
fmr,2027,HB10858-FMR-0692-007,"Construction of Brgy. Pila FMR, Brgy. Pila, San Pascual, Batangas",35000000,2025,"Concreting of FMR at Brgy. As-Is, Laurel, Batangas",20000000,0.61,3,15000000,HB 10858 Vol I-B p. 692,GAA-2025 · Department of Agriculture (DA) · Office of the Secretary,,,,not stated,not stated,,False
fmr,2027,HB10858-FMR-0692-008,"Construction of Brgy. Pinagdanlayan to Brgy. Manggahan FMR, Brgy. Pinagdanlayan to Brgy. Manggahan, Dolores, Quezon",15000000,2025,Farm-to-Market Road (FMR) Network Planning and Monitoring Services,2344000,0.348,1,12656000,HB 10858 Vol I-B p. 692,GAA-2025 · Department of Agriculture (DA) · Office of the Secretary,,,,not stated,not stated,,False
fmr,2027,HB10858-FMR-0692-008,"Construction of Brgy. Pinagdanlayan to Brgy. Manggahan FMR, Brgy. Pinagdanlayan to Brgy. Manggahan, Dolores, Quezon",15000000,2025,Farm-to-Market Road (FMR) Network Planning and Monitoring Services,7537000,0.348,2,7463000,HB 10858 Vol I-B p. 692,GAA-2025 · Department of Agriculture (DA) · Office of the Secretary,,,,not stated,not stated,,False
fmr,2027,HB10858-FMR-0692-008,"Construction of Brgy. Pinagdanlayan to Brgy. Manggahan FMR, Brgy. Pinagdanlayan to Brgy. Manggahan, Dolores, Quezon",15000000,2025,Farm-to-Market Road (FMR) Network Planning and Monitoring Services,185000,0.348,3,14815000,HB 10858 Vol I-B p. 692,GAA-2025 · Department of Agriculture (DA) · Office of the Secretary,,,,not stated,not stated,,False
fmr,2027,HB10858-FMR-0692-009,"Construction of Brgy. Ilat North FMR, San Pascual, Batangas",35000000,2025,"Concreting of Brgy. Bambang FMR Phase II, Brgy. Bambang, Calaca, Batangas",10000000,0.629,1,25000000,HB 10858 Vol I-B p. 692,GAA-2025 · Department of Agriculture (DA) · Office of the Secretary,,,,not stated,one side stated,Prior Phase 2 only,False
fmr,2027,HB10858-FMR-0692-009,"Construction of Brgy. Ilat North FMR, San Pascual, Batangas",35000000,2025,"Concreting of FMR at Brgy. Santor, Tanauan City, Batangas",20000000,0.597,2,15000000,HB 10858 Vol I-B p. 692,GAA-2025 · Department of Agriculture (DA) · Office of the Secretary,,,,not stated,not stated,,False
fmr,2027,HB10858-FMR-0692-009,"Construction of Brgy. Ilat North FMR, San Pascual, Batangas",35000000,2025,"Concreting of FMR at Brgy. Calumayin, Cuenca, Batangas",20000000,0.594,3,15000000,HB 10858 Vol I-B p. 692,GAA-2025 · Department of Agriculture (DA) · Office of the Secretary,,,,not stated,not stated,,False
fmr,2027,HB10858-FMR-0692-010,"Construction of Sitio Bustamante, Brgy. Tagbakin FMR, Brgy. Tagbakin, Tiaong, Quezon",15000000,2025,"Concreting of Brgy. Tabason-Sto. Tomas-San Vicente FMR (Phase II), Tagkawayan, Quezon",10000000,0.524,1,5000000,HB 10858 Vol I-B p. 692,GAA-2025 · Department of Agriculture (DA) · Office of the Secretary,,,,not stated,one side stated,Prior Phase 2 only,False
fmr,2027,HB10858-FMR-0692-010,"Construction of Sitio Bustamante, Brgy. Tagbakin FMR, Brgy. Tagbakin, Tiaong, Quezon",15000000,2025,"Concreting of Sitio Gumihan, Brgy. Maytoong FMR Phase II, Brgy. Maytoong, Paete, Laguna",5550000,0.48,2,9450000,HB 10858 Vol I-B p. 692,GAA-2025 · Department of Agriculture (DA) · Office of the Secretary,,,,not stated,one side stated,Prior Phase 2 only,False
fmr,2027,HB10858-FMR-0692-010,"Construction of Sitio Bustamante, Brgy. Tagbakin FMR, Brgy. Tagbakin, Tiaong, Quezon",15000000,2025,"Concreting of Sitio Bayawas Brgy. Salvacion FMR Phase III, Brgy. Salvacion, Magallanes, Sorsogon",15000000,0.44,3,0,HB 10858 Vol I-B p. 692,GAA-2025 · Department of Agriculture (DA) · Office of the Secretary,,,,not stated,one side stated,Prior Phase 3 only,False
fmr,2027,HB10858-FMR-0692-011,"Construction of Brgy. Malabrigo FMR, Brgy. Malabrigo, Lobo, Batangas",30000000,2025,"Concreting of Sitio Hulo, Brgy. Biga FMR (Phase II), Brgy. Biga, Lobo, Batangas",24000000,0.693,1,6000000,HB 10858 Vol I-B p. 692,GAA-2025 · Department of Agriculture (DA) · Office of the Secretary,,,,not stated,one side stated,Prior Phase 2 only,False
fmr,2027,HB10858-FMR-0692-011,"Construction of Brgy. Malabrigo FMR, Brgy. Malabrigo, Lobo, Batangas",30000000,2025,"Concreting of Brgy. Nagtaluntong FMR (Phase I), Brgy. Nagtaluntong, Lobo, Batangas",15000000,0.625,2,15000000,HB 10858 Vol I-B p. 692,GAA-2025 · Department of Agriculture (DA) · Office of the Secretary,,,,not stated,one side stated,Prior Phase 1 only,False
fmr,2027,HB10858-FMR-0692-011,"Construction of Brgy. Malabrigo FMR, Brgy. Malabrigo, Lobo, Batangas",30000000,2025,"Concreting of Brgy. Nagtaluntong FMR (Phase II), Brgy. Nagtaluntong, Lobo, Batangas",16000000,0.625,3,14000000,HB 10858 Vol I-B p. 692,GAA-2025 · Department of Agriculture (DA) · Office of the Secretary,,,,not stated,one side stated,Prior Phase 2 only,False
fmr,2027,HB10858-FMR-0692-012,"Construction of Brgy. Rizal FMR, Brgy. Rizal, San Narciso, Quezon",15000000,2025,"Concreting of Brgy. Balaong FMR (Phase I), Brgy. Balaong, San Miguel, Bulacan",5000000,0.5,1,10000000,HB 10858 Vol I-B p. 692,GAA-2025 · Department of Agriculture (DA) · Office of the Secretary,,,,not stated,one side stated,Prior Phase 1 only,False
fmr,2027,HB10858-FMR-0692-012,"Construction of Brgy. Rizal FMR, Brgy. Rizal, San Narciso, Quezon",15000000,2025,"Concreting of FMR at Brgy. Partida, San Miguel, Bulacan",20000000,0.5,2,-5000000,HB 10858 Vol I-B p. 692,GAA-2025 · Department of Agriculture (DA) · Office of the Secretary,,,,not stated,not stated,,False
fmr,2027,HB10858-FMR-0692-012,"Construction of Brgy. Rizal FMR, Brgy. Rizal, San Narciso, Quezon",15000000,2025,"Concreting of FMR at Brgy. Pala-Pala, San Ildefonso, Bulacan",25000000,0.493,3,-10000000,HB 10858 Vol I-B p. 692,GAA-2025 · Department of Agriculture (DA) · Office of the Secretary,,,,not stated,not stated,,False
fmr,2027,HB10858-FMR-0692-013,"Construction of Brgy. Trapiche FMR, Tanauan, Batangas",10000000,2025,"Concreting of FMR at Brgy. Santor, Tanauan City, Batangas",20000000,0.656,1,-10000000,HB 10858 Vol I-B p. 692,GAA-2025 · Department of Agriculture (DA) · Office of the Secretary,,,,not stated,not stated,,False
fmr,2027,HB10858-FMR-0692-013,"Construction of Brgy. Trapiche FMR, Tanauan, Batangas",10000000,2025,"Concreting of FMR at Brgy. Laurel, Tanauan City, Batangas",20000000,0.656,2,-10000000,HB 10858 Vol I-B p. 692,GAA-2025 · Department of Agriculture (DA) · Office of the Secretary,,,,not stated,not stated,,False
fmr,2027,HB10858-FMR-0692-013,"Construction of Brgy. Trapiche FMR, Tanauan, Batangas",10000000,2025,"Concreting of Brgy. Bambang FMR Phase II, Brgy. Bambang, Calaca, Batangas",10000000,0.594,3,0,HB 10858 Vol I-B p. 692,GAA-2025 · Department of Agriculture (DA) · Office of the Secretary,,,,not stated,one side stated,Prior Phase 2 only,False
fmr,2027,HB10858-FMR-0692-014,"Construction of Sitio Crossing to Sitio Sabang, Brgy. Hagonghong FMR, Brgy. Hagonghong,",15000000,2025,"Concreting of Sitio Dep-ang to Sitio Bilis, Brgy. Santo Tomas FMR Phase III, Brgy. Santo Tomas, Baguio City",10000000,0.468,1,5000000,HB 10858 Vol I-B p. 692,GAA-2025 · Department of Agriculture (DA) · Office of the Secretary,,,,not stated,one side stated,Prior Phase 3 only,False
fmr,2027,HB10858-FMR-0692-014,"Construction of Sitio Crossing to Sitio Sabang, Brgy. Hagonghong FMR, Brgy. Hagonghong,",15000000,2025,"Concreting of FMR at Brgy. San Isidro to Sitio Banawag, Sta. Fe, Leyte",15000000,0.46,2,0,HB 10858 Vol I-B p. 692,GAA-2025 · Department of Agriculture (DA) · Office of the Secretary,,,,not stated,not stated,,False
fmr,2027,HB10858-FMR-0692-014,"Construction of Sitio Crossing to Sitio Sabang, Brgy. Hagonghong FMR, Brgy. Hagonghong,",15000000,2025,"Concreting of Purok Balite to Crossing Bungot, Brgy. San Jose FMR (Phase II), Brgy. San Jose, Norala, South Cotabato",15000000,0.427,3,0,HB 10858 Vol I-B p. 692,GAA-2025 · Department of Agriculture (DA) · Office of the Secretary,,,,not stated,one side stated,Prior Phase 2 only,False
fmr,2027,HB10858-FMR-0692-015,"Construction of Sitio Malapia, Brgy. Samil FMR, Lucban, Quezon",5000000,2025,"Concreting of Sitio Malaya FMR at Brgy. Aningway Subic, Zambales",15000000,0.545,1,-10000000,HB 10858 Vol I-B p. 692,GAA-2025 · Department of Agriculture (DA) · Office of the Secretary,,,,not stated,not stated,,False
fmr,2027,HB10858-FMR-0692-015,"Construction of Sitio Malapia, Brgy. Samil FMR, Lucban, Quezon",5000000,2025,"Concreting of Brgy. Tabason-Sto. Tomas-San Vicente FMR (Phase II), Tagkawayan, Quezon",10000000,0.545,2,-5000000,HB 10858 Vol I-B p. 692,GAA-2025 · Department of Agriculture (DA) · Office of the Secretary,,,,not stated,one side stated,Prior Phase 2 only,False
fmr,2027,HB10858-FMR-0692-015,"Construction of Sitio Malapia, Brgy. Samil FMR, Lucban, Quezon",5000000,2025,"Concreting of Sitio Bayawas Brgy. Salvacion FMR Phase III, Brgy. Salvacion, Magallanes, Sorsogon",15000000,0.532,3,-10000000,HB 10858 Vol I-B p. 692,GAA-2025 · Department of Agriculture (DA) · Office of the Secretary,,,,not stated,one side stated,Prior Phase 3 only,False
fmr,2027,HB10858-FMR-0692-016,"Construction of Brgy. Pinagtubigan Weste to Brgy. Pambuhan FMR,",30000000,2025,Farm-to-Market Road (FMR) Network Planning and Monitoring Services,2344000,0.209,1,27656000,HB 10858 Vol I-B p. 692,GAA-2025 · Department of Agriculture (DA) · Office of the Secretary,,,,not stated,not stated,,False
fmr,2027,HB10858-FMR-0692-016,"Construction of Brgy. Pinagtubigan Weste to Brgy. Pambuhan FMR,",30000000,2025,Farm-to-Market Road (FMR) Network Planning and Monitoring Services,7537000,0.209,2,22463000,HB 10858 Vol I-B p. 692,GAA-2025 · Department of Agriculture (DA) · Office of the Secretary,,,,not stated,not stated,,False
fmr,2027,HB10858-FMR-0692-016,"Construction of Brgy. Pinagtubigan Weste to Brgy. Pambuhan FMR,",30000000,2025,Farm-to-Market Road (FMR) Network Planning and Monitoring Services,185000,0.209,3,29815000,HB 10858 Vol I-B p. 692,GAA-2025 · Department of Agriculture (DA) · Office of the Secretary,,,,not stated,not stated,,False
fmr,2027,HB10858-FMR-0692-017,"Construction of Brgy. Canculajao FMR, Brgy. Canculajao, Catanauan, Quezon",50000000,2025,"Concreting of Brgy. Caluangan FMR (Phase I), Brgy. Caluangan, Magallanes, Cavite",15000000,0.458,1,35000000,HB 10858 Vol I-B p. 692,GAA-2025 · Department of Agriculture (DA) · Office of the Secretary,,,,not stated,one side stated,Prior Phase 1 only,False
fmr,2027,HB10858-FMR-0692-017,"Construction of Brgy. Canculajao FMR, Brgy. Canculajao, Catanauan, Quezon",50000000,2025,"Concreting of Brgy. Catacte FMR Brgy. Catacte, Bustos, Bulacan",5000000,0.447,2,45000000,HB 10858 Vol I-B p. 692,GAA-2025 · Department of Agriculture (DA) · Office of the Secretary,,,,not stated,not stated,,False
fmr,2027,HB10858-FMR-0692-017,"Construction of Brgy. Canculajao FMR, Brgy. Canculajao, Catanauan, Quezon",50000000,2025,"Concreting of Brgy. Tabason-Sto. Tomas-San Vicente FMR (Phase II), Tagkawayan, Quezon",10000000,0.43,3,40000000,HB 10858 Vol I-B p. 692,GAA-2025 · Department of Agriculture (DA) · Office of the Secretary,,,,not stated,one side stated,Prior Phase 2 only,False
fmr,2027,HB10858-FMR-0692-018,"Construction of Brgy. Bendita 2 - Bulbok FMR, Magallanes, Cavite",25000000,2025,"Concreting of Brgy. Caluangan FMR (Phase I), Brgy. Caluangan, Magallanes, Cavite",15000000,0.608,1,10000000,HB 10858 Vol I-B p. 692,GAA-2025 · Department of Agriculture (DA) · Office of the Secretary,,,,not stated,one side stated,Prior Phase 1 only,False
fmr,2027,HB10858-FMR-0692-018,"Construction of Brgy. Bendita 2 - Bulbok FMR, Magallanes, Cavite",25000000,2025,"Concreting of Brgy. Caluangan FMR (Phase II), Brgy. Caluangan, Magallanes, Cavite",10000000,0.608,2,15000000,HB 10858 Vol I-B p. 692,GAA-2025 · Department of Agriculture (DA) · Office of the Secretary,,,,not stated,one side stated,Prior Phase 2 only,False
fmr,2027,HB10858-FMR-0692-018,"Construction of Brgy. Bendita 2 - Bulbok FMR, Magallanes, Cavite",25000000,2025,"Concreting of Brgy. Mabaca FMR Phase II, Brgy. Mabaca, Balbalan, Kalinga",10000000,0.472,3,15000000,HB 10858 Vol I-B p. 692,GAA-2025 · Department of Agriculture (DA) · Office of the Secretary,,,,not stated,one side stated,Prior Phase 2 only,False
fmr,2027,HB10858-FMR-0692-019,"Construction of Sitio Bilwang, Brgy. Quipot FMR, Brgy. Quipot, San Juan, Batangas",30000000,2025,"Concreting of Sitio Hulo, Brgy. Biga FMR (Phase II), Brgy. Biga, Lobo, Batangas",24000000,0.575,1,6000000,HB 10858 Vol I-B p. 692,GAA-2025 · Department of Agriculture (DA) · Office of the Secretary,,,,not stated,one side stated,Prior Phase 2 only,False
fmr,2027,HB10858-FMR-0692-019,"Construction of Sitio Bilwang, Brgy. Quipot FMR, Brgy. Quipot, San Juan, Batangas",30000000,2025,"Concreting of Brgy. Bambang FMR Phase II, Brgy. Bambang, Calaca, Batangas",10000000,0.524,2,20000000,HB 10858 Vol I-B p. 692,GAA-2025 · Department of Agriculture (DA) · Office of the Secretary,,,,not stated,one side stated,Prior Phase 2 only,False
fmr,2027,HB10858-FMR-0692-019,"Construction of Sitio Bilwang, Brgy. Quipot FMR, Brgy. Quipot, San Juan, Batangas",30000000,2025,"Concreting of FMR at Brgy. Maabud South, San Nicolas, Batangas",10000000,0.512,3,20000000,HB 10858 Vol I-B p. 692,GAA-2025 · Department of Agriculture (DA) · Office of the Secretary,,,,not stated,not stated,,False
fmr,2027,HB10858-FMR-0692-020,"Construction of Sitio Anilao to Brgy. Dambo FMR, Brgy. Dambo, Pangil, Laguna",20000000,2025,"Concreting of Sitio Gumihan, Brgy. Maytoong FMR Phase II, Brgy. Maytoong, Paete, Laguna",5550000,0.624,1,14450000,HB 10858 Vol I-B p. 692,GAA-2025 · Department of Agriculture (DA) · Office of the Secretary,,,,not stated,one side stated,Prior Phase 2 only,False
fmr,2027,HB10858-FMR-0692-020,"Construction of Sitio Anilao to Brgy. Dambo FMR, Brgy. Dambo, Pangil, Laguna",20000000,2025,"Concreting of Sitio Dep-ang to Sitio Bilis, Brgy. Santo Tomas FMR Phase III, Brgy. Santo Tomas, Baguio City",10000000,0.513,2,10000000,HB 10858 Vol I-B p. 692,GAA-2025 · Department of Agriculture (DA) · Office of the Secretary,,,,not stated,one side stated,Prior Phase 3 only,False
fmr,2027,HB10858-FMR-0692-020,"Construction of Sitio Anilao to Brgy. Dambo FMR, Brgy. Dambo, Pangil, Laguna",20000000,2025,"Concreting of Sitio Casaguingan, Brgy. Bairan to Brgy. Malaguinabot FMR (Phase II), Brgy. Bairan and Brgy. Malaguinabot, San Miguel, Leyte",15000000,0.508,3,5000000,HB 10858 Vol I-B p. 692,GAA-2025 · Department of Agriculture (DA) · Office of the Secretary,,,,not stated,one side stated,Prior Phase 2 only,False
fmr,2027,HB10858-FMR-0692-021,"Construction of Brgy. Calubcub II FMR, Brgy. Calubcub II, San Juan, Batangas",35000000,2025,"Concreting of FMR at Brgy. Caloocan, Talisay, Batangas",10000000,0.568,1,25000000,HB 10858 Vol I-B p. 692,GAA-2025 · Department of Agriculture (DA) · Office of the Secretary,,,,not stated,not stated,,False
fmr,2027,HB10858-FMR-0692-021,"Construction of Brgy. Calubcub II FMR, Brgy. Calubcub II, San Juan, Batangas",35000000,2025,"Concreting of FMR at Brgy. Bangin, San Nicolas, Batangas",10000000,0.553,2,25000000,HB 10858 Vol I-B p. 692,GAA-2025 · Department of Agriculture (DA) · Office of the Secretary,,,,not stated,not stated,,False
fmr,2027,HB10858-FMR-0692-021,"Construction of Brgy. Calubcub II FMR, Brgy. Calubcub II, San Juan, Batangas",35000000,2025,"Concreting of FMR at Brgy. As-Is, Laurel, Batangas",20000000,0.543,3,15000000,HB 10858 Vol I-B p. 692,GAA-2025 · Department of Agriculture (DA) · Office of the Secretary,,,,not stated,not stated,,False
fmr,2027,HB10858-FMR-0692-022,"Construction of Brgy. Anibong FMR, Brgy. Anibong, Pagsanjan, Laguna",30000000,2025,"Concreting of Sitio Gumihan, Brgy. Maytoong FMR Phase II, Brgy. Maytoong, Paete, Laguna",5550000,0.571,1,24450000,HB 10858 Vol I-B p. 692,GAA-2025 · Department of Agriculture (DA) · Office of the Secretary,,,,not stated,one side stated,Prior Phase 2 only,False
fmr,2027,HB10858-FMR-0692-022,"Construction of Brgy. Anibong FMR, Brgy. Anibong, Pagsanjan, Laguna",30000000,2025,"Concreting of Brgy. Mabaca FMR Phase II, Brgy. Mabaca, Balbalan, Kalinga",10000000,0.486,2,20000000,HB 10858 Vol I-B p. 692,GAA-2025 · Department of Agriculture (DA) · Office of the Secretary,,,,not stated,one side stated,Prior Phase 2 only,False
fmr,2027,HB10858-FMR-0692-022,"Construction of Brgy. Anibong FMR, Brgy. Anibong, Pagsanjan, Laguna",30000000,2025,"Concreting of FMR at Brgy. Malioer, Bayambang, Pangasinan",10000000,0.471,3,20000000,HB 10858 Vol I-B p. 692,GAA-2025 · Department of Agriculture (DA) · Office of the Secretary,,,,not stated,not stated,,False
fmr,2027,HB10858-FMR-0692-023,"Construction of Brgy. Sapangan FMR, Brgy. Sapangan, San Juan, Batangas",35000000,2025,"Concreting of Brgy. Bambang FMR Phase II, Brgy. Bambang, Calaca, Batangas",10000000,0.676,1,25000000,HB 10858 Vol I-B p. 692,GAA-2025 · Department of Agriculture (DA) · Office of the Secretary,,,,not stated,one side stated,Prior Phase 2 only,False
fmr,2027,HB10858-FMR-0692-023,"Construction of Brgy. Sapangan FMR, Brgy. Sapangan, San Juan, Batangas",35000000,2025,"Concreting of FMR at Brgy. Bangin, San Nicolas, Batangas",10000000,0.657,2,25000000,HB 10858 Vol I-B p. 692,GAA-2025 · Department of Agriculture (DA) · Office of the Secretary,,,,not stated,not stated,,False
fmr,2027,HB10858-FMR-0692-023,"Construction of Brgy. Sapangan FMR, Brgy. Sapangan, San Juan, Batangas",35000000,2025,"Concreting of FMR at Brgy. San Juan, Apalit, Pampanga",25000000,0.567,3,10000000,HB 10858 Vol I-B p. 692,GAA-2025 · Department of Agriculture (DA) · Office of the Secretary,,,,not stated,not stated,,False
fmr,2027,HB10858-FMR-0692-024,"Construction of Brgy. Banilad FMR, Brgy. Banilad, Magdalena, Laguna",30000000,2025,"Concreting of Brgy. Caluangan FMR (Phase I), Brgy. Caluangan, Magallanes, Cavite",15000000,0.545,1,15000000,HB 10858 Vol I-B p. 692,GAA-2025 · Department of Agriculture (DA) · Office of the Secretary,,,,not stated,one side stated,Prior Phase 1 only,False
fmr,2027,HB10858-FMR-0692-024,"Construction of Brgy. Banilad FMR, Brgy. Banilad, Magdalena, Laguna",30000000,2025,"Concreting of FMR at Brgy. Escaler Road (Phase II), Magalang, Pampanga",35000000,0.523,2,-5000000,HB 10858 Vol I-B p. 692,GAA-2025 · Department of Agriculture (DA) · Office of the Secretary,,,,not stated,one side stated,Prior Phase 2 only,False
fmr,2027,HB10858-FMR-0692-024,"Construction of Brgy. Banilad FMR, Brgy. Banilad, Magdalena, Laguna",30000000,2025,"Concreting of Brgy. Mabaca FMR Phase II, Brgy. Mabaca, Balbalan, Kalinga",10000000,0.486,3,20000000,HB 10858 Vol I-B p. 692,GAA-2025 · Department of Agriculture (DA) · Office of the Secretary,,,,not stated,one side stated,Prior Phase 2 only,False
fmr,2027,HB10858-FMR-0692-025,"Construction of Brgy. Anibawan FMR, Brgy. Anibawan, Burdeos, Quezon",15000000,2025,"Concreting of Brgy. Catacte FMR Brgy. Catacte, Bustos, Bulacan",5000000,0.486,1,10000000,HB 10858 Vol I-B p. 692,GAA-2025 · Department of Agriculture (DA) · Office of the Secretary,,,,not stated,not stated,,False
fmr,2027,HB10858-FMR-0692-025,"Construction of Brgy. Anibawan FMR, Brgy. Anibawan, Burdeos, Quezon",15000000,2025,"Concreting of Brgy. Tabason-Sto. Tomas-San Vicente FMR (Phase II), Tagkawayan, Quezon",10000000,0.483,2,5000000,HB 10858 Vol I-B p. 692,GAA-2025 · Department of Agriculture (DA) · Office of the Secretary,,,,not stated,one side stated,Prior Phase 2 only,False
fmr,2027,HB10858-FMR-0692-025,"Construction of Brgy. Anibawan FMR, Brgy. Anibawan, Burdeos, Quezon",15000000,2025,"Concreting of Brgy. Caluangan FMR (Phase I), Brgy. Caluangan, Magallanes, Cavite",15000000,0.468,3,0,HB 10858 Vol I-B p. 692,GAA-2025 · Department of Agriculture (DA) · Office of the Secretary,,,,not stated,one side stated,Prior Phase 1 only,False
fmr,2027,HB10858-FMR-0692-026,"Construction of Brgy. Bangco FMR, Brgy. Bangco, Cavinti, Laguna",30000000,2025,"Concreting of FMR at Brgy. Bambang, Candaba, Pampanga",20000000,0.533,1,10000000,HB 10858 Vol I-B p. 692,GAA-2025 · Department of Agriculture (DA) · Office of the Secretary,,,,not stated,not stated,,False
fmr,2027,HB10858-FMR-0692-026,"Construction of Brgy. Bangco FMR, Brgy. Bangco, Cavinti, Laguna",30000000,2025,"Concreting of Sitio Gumihan, Brgy. Maytoong FMR Phase II, Brgy. Maytoong, Paete, Laguna",5550000,0.525,2,24450000,HB 10858 Vol I-B p. 692,GAA-2025 · Department of Agriculture (DA) · Office of the Secretary,,,,not stated,one side stated,Prior Phase 2 only,False
fmr,2027,HB10858-FMR-0692-026,"Construction of Brgy. Bangco FMR, Brgy. Bangco, Cavinti, Laguna",30000000,2025,"Concreting of FMR at Brgy. Mangga, Candaba, Pampanga",25000000,0.508,3,5000000,HB 10858 Vol I-B p. 692,GAA-2025 · Department of Agriculture (DA) · Office of the Secretary,,,,not stated,not stated,,False
fmr,2027,HB10858-FMR-0692-027,"Construction of Brgy. Miswa FMR, Brgy. Miswa, Infanta, Quezon",20000000,2025,"Concreting of Brgy. Tabason-Sto. Tomas-San Vicente FMR (Phase II), Tagkawayan, Quezon",10000000,0.444,1,10000000,HB 10858 Vol I-B p. 692,GAA-2025 · Department of Agriculture (DA) · Office of the Secretary,,,,not stated,one side stated,Prior Phase 2 only,False
fmr,2027,HB10858-FMR-0692-027,"Construction of Brgy. Miswa FMR, Brgy. Miswa, Infanta, Quezon",20000000,2025,"Concreting of FMR at Brgy. Mangga, Candaba, Pampanga",25000000,0.421,2,-5000000,HB 10858 Vol I-B p. 692,GAA-2025 · Department of Agriculture (DA) · Office of the Secretary,,,,not stated,not stated,,False
fmr,2027,HB10858-FMR-0692-027,"Construction of Brgy. Miswa FMR, Brgy. Miswa, Infanta, Quezon",20000000,2025,"Concreting of Brgy. Mabaca FMR Phase II, Brgy. Mabaca, Balbalan, Kalinga",10000000,0.406,3,10000000,HB 10858 Vol I-B p. 692,GAA-2025 · Department of Agriculture (DA) · Office of the Secretary,,,,not stated,one side stated,Prior Phase 2 only,False
fmr,2027,HB10858-FMR-0692-028,"Construction of Brgy. San Diego, Luisiana to Brgy. Banti FMR, Majayjay, Laguna",30000000,2025,"Concreting of FMR at Brgy. San Pablo to Brgy. San Agustin, Magalang, Pampanga",35000000,0.473,1,-5000000,HB 10858 Vol I-B p. 692,GAA-2025 · Department of Agriculture (DA) · Office of the Secretary,,,,not stated,not stated,,False
fmr,2027,HB10858-FMR-0692-028,"Construction of Brgy. San Diego, Luisiana to Brgy. Banti FMR, Majayjay, Laguna",30000000,2025,"Concreting of FMR at Brgy. San Isidro to Sitio Banawag, Sta. Fe, Leyte",15000000,0.418,2,15000000,HB 10858 Vol I-B p. 692,GAA-2025 · Department of Agriculture (DA) · Office of the Secretary,,,,not stated,not stated,,False
fmr,2027,HB10858-FMR-0692-028,"Construction of Brgy. San Diego, Luisiana to Brgy. Banti FMR, Majayjay, Laguna",30000000,2025,"Concreting of Brgy. Impo to Brgy. Canap FMR Phase II, Brgy. Impo and Brgy. Canap, San Miguel, Leyte",15000000,0.413,3,15000000,HB 10858 Vol I-B p. 692,GAA-2025 · Department of Agriculture (DA) · Office of the Secretary,,,,not stated,one side stated,Prior Phase 2 only,False
fmr,2027,HB10858-FMR-0692-029,"Construction of Sitio Pandak, Brgy. Kalyaat FMR, Brgy. Kalyaat, Lucban, Quezon",15000000,2025,"Concreting of Sitio Bayawas Brgy. Salvacion FMR Phase III, Brgy. Salvacion, Magallanes, Sorsogon",15000000,0.524,1,0,HB 10858 Vol I-B p. 692,GAA-2025 · Department of Agriculture (DA) · Office of the Secretary,,,,not stated,one side stated,Prior Phase 3 only,False
fmr,2027,HB10858-FMR-0692-029,"Construction of Sitio Pandak, Brgy. Kalyaat FMR, Brgy. Kalyaat, Lucban, Quezon",15000000,2025,"Concreting of Brgy. Tabason-Sto. Tomas-San Vicente FMR (Phase II), Tagkawayan, Quezon",10000000,0.515,2,5000000,HB 10858 Vol I-B p. 692,GAA-2025 · Department of Agriculture (DA) · Office of the Secretary,,,,not stated,one side stated,Prior Phase 2 only,False
fmr,2027,HB10858-FMR-0692-029,"Construction of Sitio Pandak, Brgy. Kalyaat FMR, Brgy. Kalyaat, Lucban, Quezon",15000000,2025,"Concreting of Sitio Gumihan, Brgy. Maytoong FMR Phase II, Brgy. Maytoong, Paete, Laguna",5550000,0.511,3,9450000,HB 10858 Vol I-B p. 692,GAA-2025 · Department of Agriculture (DA) · Office of the Secretary,,,,not stated,one side stated,Prior Phase 2 only,False
fmr,2027,HB10858-FMR-0692-030,"Construction of Brgy. Tagumpay FMR, Brgy. Tagumpay, Real, Quezon",55000000,2025,"Concreting of Brgy. Tabason-Sto. Tomas-San Vicente FMR (Phase II), Tagkawayan, Quezon",10000000,0.524,1,45000000,HB 10858 Vol I-B p. 692,GAA-2025 · Department of Agriculture (DA) · Office of the Secretary,,,,not stated,one side stated,Prior Phase 2 only,False
fmr,2027,HB10858-FMR-0692-030,"Construction of Brgy. Tagumpay FMR, Brgy. Tagumpay, Real, Quezon",55000000,2025,"Concreting of Brgy. Mabaca FMR Phase II, Brgy. Mabaca, Balbalan, Kalinga",10000000,0.418,2,45000000,HB 10858 Vol I-B p. 692,GAA-2025 · Department of Agriculture (DA) · Office of the Secretary,,,,not stated,one side stated,Prior Phase 2 only,False
fmr,2027,HB10858-FMR-0692-030,"Construction of Brgy. Tagumpay FMR, Brgy. Tagumpay, Real, Quezon",55000000,2025,"Concreting of Brgy. Guiddam FMR (Phase II), Brgy. Guiddam, Abulug, Cagayan",10000000,0.418,3,45000000,HB 10858 Vol I-B p. 692,GAA-2025 · Department of Agriculture (DA) · Office of the Secretary,,,,not stated,one side stated,Prior Phase 2 only,False
fmr,2027,HB10858-FMR-0692-031,"Construction of Brgy. Silangan Calutan FMR, Agdangan, Quezon S2- 13 51'16.99"", 121 54'33.51""",15000000,2025,"Concreting of Brgy. Tabason-Sto. Tomas-San Vicente FMR (Phase II), Tagkawayan, Quezon",10000000,0.417,1,5000000,HB 10858 Vol I-B p. 692,GAA-2025 · Department of Agriculture (DA) · Office of the Secretary,,,,not stated,one side stated,Prior Phase 2 only,False
fmr,2027,HB10858-FMR-0692-031,"Construction of Brgy. Silangan Calutan FMR, Agdangan, Quezon S2- 13 51'16.99"", 121 54'33.51""",15000000,2025,"Concreting of Brgy. Caluangan FMR (Phase I), Brgy. Caluangan, Magallanes, Cavite",15000000,0.381,2,0,HB 10858 Vol I-B p. 692,GAA-2025 · Department of Agriculture (DA) · Office of the Secretary,,,,not stated,one side stated,Prior Phase 1 only,False
fmr,2027,HB10858-FMR-0692-031,"Construction of Brgy. Silangan Calutan FMR, Agdangan, Quezon S2- 13 51'16.99"", 121 54'33.51""",15000000,2025,"Concreting of FMR at Brgy. Salapungan, Candaba, Pampanga",30000000,0.358,3,-15000000,HB 10858 Vol I-B p. 692,GAA-2025 · Department of Agriculture (DA) · Office of the Secretary,,,,not stated,not stated,,False
fmr,2027,HB10858-FMR-0694-001,"Construction of Brgy. Kanlurang Calutan FMR, Agdangan, Quezon",15000000,2025,"Concreting of Brgy. Caluangan FMR (Phase I), Brgy. Caluangan, Magallanes, Cavite",15000000,0.487,1,0,HB 10858 Vol I-B p. 694,GAA-2025 · Department of Agriculture (DA) · Office of the Secretary,,,,not stated,one side stated,Prior Phase 1 only,False
fmr,2027,HB10858-FMR-0694-001,"Construction of Brgy. Kanlurang Calutan FMR, Agdangan, Quezon",15000000,2025,"Concreting of Brgy. Tabason-Sto. Tomas-San Vicente FMR (Phase II), Tagkawayan, Quezon",10000000,0.477,2,5000000,HB 10858 Vol I-B p. 694,GAA-2025 · Department of Agriculture (DA) · Office of the Secretary,,,,not stated,one side stated,Prior Phase 2 only,False
fmr,2027,HB10858-FMR-0694-001,"Construction of Brgy. Kanlurang Calutan FMR, Agdangan, Quezon",15000000,2025,"Concreting of FMR at Brgy. Talang, Candaba, Pampanga",20000000,0.469,3,-5000000,HB 10858 Vol I-B p. 694,GAA-2025 · Department of Agriculture (DA) · Office of the Secretary,,,,not stated,not stated,,False
fmr,2027,HB10858-FMR-0694-002,"Construction of Brgy. Villa Tañada FMR, Brgy. Villa Tañada, Gumaca, Quezon",5500000,2025,"Concreting of Brgy. Catacte FMR Brgy. Catacte, Bustos, Bulacan",5000000,0.468,1,500000,HB 10858 Vol I-B p. 694,GAA-2025 · Department of Agriculture (DA) · Office of the Secretary,,,,not stated,not stated,,False
fmr,2027,HB10858-FMR-0694-002,"Construction of Brgy. Villa Tañada FMR, Brgy. Villa Tañada, Gumaca, Quezon",5500000,2025,"Concreting of Brgy. Tabason-Sto. Tomas-San Vicente FMR (Phase II), Tagkawayan, Quezon",10000000,0.426,2,-4500000,HB 10858 Vol I-B p. 694,GAA-2025 · Department of Agriculture (DA) · Office of the Secretary,,,,not stated,one side stated,Prior Phase 2 only,False
fmr,2027,HB10858-FMR-0694-002,"Construction of Brgy. Villa Tañada FMR, Brgy. Villa Tañada, Gumaca, Quezon",5500000,2025,"Concreting of Brgy. Guiddam FMR (Phase II), Brgy. Guiddam, Abulug, Cagayan",10000000,0.416,3,-4500000,HB 10858 Vol I-B p. 694,GAA-2025 · Department of Agriculture (DA) · Office of the Secretary,,,,not stated,one side stated,Prior Phase 2 only,False
fmr,2027,HB10858-FMR-0694-003,"Construction of Brgy. Tabangao Ambulong FMR, Brgy. Tabangao Ambulong, Batangas City",20000000,2025,"Concreting of Brgy. Bambang FMR Phase II, Brgy. Bambang, Calaca, Batangas",10000000,0.614,1,10000000,HB 10858 Vol I-B p. 694,GAA-2025 · Department of Agriculture (DA) · Office of the Secretary,,,,not stated,one side stated,Prior Phase 2 only,False
fmr,2027,HB10858-FMR-0694-003,"Construction of Brgy. Tabangao Ambulong FMR, Brgy. Tabangao Ambulong, Batangas City",20000000,2025,"Concreting of Sitio Hulo, Brgy. Biga FMR (Phase II), Brgy. Biga, Lobo, Batangas",24000000,0.593,2,-4000000,HB 10858 Vol I-B p. 694,GAA-2025 · Department of Agriculture (DA) · Office of the Secretary,,,,not stated,one side stated,Prior Phase 2 only,False
fmr,2027,HB10858-FMR-0694-003,"Construction of Brgy. Tabangao Ambulong FMR, Brgy. Tabangao Ambulong, Batangas City",20000000,2025,"Concreting of FMR at Tala, Brgy. Lumbangan, Zamboanga City",15000000,0.581,3,5000000,HB 10858 Vol I-B p. 694,GAA-2025 · Department of Agriculture (DA) · Office of the Secretary,,,,not stated,not stated,,False
fmr,2027,HB10858-FMR-0694-004,"Construction of Brgy. Nalunao FMR, Brgy. Nalunao, Lucban, Quezon",15000000,2025,"Concreting of Brgy. Caluangan FMR (Phase I), Brgy. Caluangan, Magallanes, Cavite",15000000,0.486,1,0,HB 10858 Vol I-B p. 694,GAA-2025 · Department of Agriculture (DA) · Office of the Secretary,,,,not stated,one side stated,Prior Phase 1 only,False
fmr,2027,HB10858-FMR-0694-004,"Construction of Brgy. Nalunao FMR, Brgy. Nalunao, Lucban, Quezon",15000000,2025,"Concreting of Brgy. Tabason-Sto. Tomas-San Vicente FMR (Phase II), Tagkawayan, Quezon",10000000,0.452,2,5000000,HB 10858 Vol I-B p. 694,GAA-2025 · Department of Agriculture (DA) · Office of the Secretary,,,,not stated,one side stated,Prior Phase 2 only,False
fmr,2027,HB10858-FMR-0694-004,"Construction of Brgy. Nalunao FMR, Brgy. Nalunao, Lucban, Quezon",15000000,2025,"Concreting of Brgy. Mabaca FMR Phase II, Brgy. Mabaca, Balbalan, Kalinga",10000000,0.448,3,5000000,HB 10858 Vol I-B p. 694,GAA-2025 · Department of Agriculture (DA) · Office of the Secretary,,,,not stated,one side stated,Prior Phase 2 only,False
fmr,2027,HB10858-FMR-0694-005,"Construction of Brgy. Matamis FMR, Brgy. Matamis, Rosario, Batangas",15000000,2025,"Concreting of FMR at Brgy. Bangin, San Nicolas, Batangas",10000000,0.597,1,5000000,HB 10858 Vol I-B p. 694,GAA-2025 · Department of Agriculture (DA) · Office of the Secretary,,,,not stated,not stated,,False
fmr,2027,HB10858-FMR-0694-005,"Construction of Brgy. Matamis FMR, Brgy. Matamis, Rosario, Batangas",15000000,2025,"Concreting of FMR at Brgy. As-Is, Laurel, Batangas",20000000,0.59,2,-5000000,HB 10858 Vol I-B p. 694,GAA-2025 · Department of Agriculture (DA) · Office of the Secretary,,,,not stated,not stated,,False
fmr,2027,HB10858-FMR-0694-005,"Construction of Brgy. Matamis FMR, Brgy. Matamis, Rosario, Batangas",15000000,2025,"Concreting of FMR at Brgy. Sto. Rosario, Candaba, Pampanga",20000000,0.588,3,-5000000,HB 10858 Vol I-B p. 694,GAA-2025 · Department of Agriculture (DA) · Office of the Secretary,,,,not stated,not stated,,False
fmr,2027,HB10858-FMR-0694-007,"Construction of Sitio Water Lily, Brgy. Maraykit FMR, Brgy. Maraykit, San Juan, Batangas",15000000,2025,"Concreting of FMR at Brgy. Maabud South, San Nicolas, Batangas",10000000,0.495,1,5000000,HB 10858 Vol I-B p. 694,GAA-2025 · Department of Agriculture (DA) · Office of the Secretary,,,,not stated,not stated,,False
fmr,2027,HB10858-FMR-0694-007,"Construction of Sitio Water Lily, Brgy. Maraykit FMR, Brgy. Maraykit, San Juan, Batangas",15000000,2025,"Concreting of FMR at Brgy. Calumayin, Cuenca, Batangas",20000000,0.494,2,-5000000,HB 10858 Vol I-B p. 694,GAA-2025 · Department of Agriculture (DA) · Office of the Secretary,,,,not stated,not stated,,False
fmr,2027,HB10858-FMR-0694-007,"Construction of Sitio Water Lily, Brgy. Maraykit FMR, Brgy. Maraykit, San Juan, Batangas",15000000,2025,"Concreting of Sitio Hulo, Brgy. Biga FMR (Phase II), Brgy. Biga, Lobo, Batangas",24000000,0.489,3,-9000000,HB 10858 Vol I-B p. 694,GAA-2025 · Department of Agriculture (DA) · Office of the Secretary,,,,not stated,one side stated,Prior Phase 2 only,False
fmr,2027,HB10858-FMR-0694-008,"Construction of Brgy. Don Luis to Brgy. Salaban FMR, Brgy. Don Luis, San Jose, Batangas",17000000,2025,"Concreting of FMR at Brgy. Bangin, San Nicolas, Batangas",10000000,0.543,1,7000000,HB 10858 Vol I-B p. 694,GAA-2025 · Department of Agriculture (DA) · Office of the Secretary,,,,not stated,not stated,,False
fmr,2027,HB10858-FMR-0694-008,"Construction of Brgy. Don Luis to Brgy. Salaban FMR, Brgy. Don Luis, San Jose, Batangas",17000000,2025,"Concreting of FMR at Brgy. Maabud South, San Nicolas, Batangas",10000000,0.529,2,7000000,HB 10858 Vol I-B p. 694,GAA-2025 · Department of Agriculture (DA) · Office of the Secretary,,,,not stated,not stated,,False
fmr,2027,HB10858-FMR-0694-008,"Construction of Brgy. Don Luis to Brgy. Salaban FMR, Brgy. Don Luis, San Jose, Batangas",17000000,2025,"Concreting of Brgy. Bambang FMR Phase II, Brgy. Bambang, Calaca, Batangas",10000000,0.494,3,7000000,HB 10858 Vol I-B p. 694,GAA-2025 · Department of Agriculture (DA) · Office of the Secretary,,,,not stated,one side stated,Prior Phase 2 only,False
fmr,2027,HB10858-FMR-0694-009,"Construction of Brgy. Concepcion to Brgy. Balagbag FMR, Brgy. Concepcion,",95000000,2025,"Concreting of FMR at Brgy. Balagbag, Cuenca, Batangas",20000000,0.431,1,75000000,HB 10858 Vol I-B p. 694,GAA-2025 · Department of Agriculture (DA) · Office of the Secretary,,,,not stated,not stated,,False
fmr,2027,HB10858-FMR-0694-009,"Construction of Brgy. Concepcion to Brgy. Balagbag FMR, Brgy. Concepcion,",95000000,2025,Farm-to-Market Road (FMR) Network Planning and Monitoring Services,2344000,0.275,2,92656000,HB 10858 Vol I-B p. 694,GAA-2025 · Department of Agriculture (DA) · Office of the Secretary,,,,not stated,not stated,,False
fmr,2027,HB10858-FMR-0694-009,"Construction of Brgy. Concepcion to Brgy. Balagbag FMR, Brgy. Concepcion,",95000000,2025,Farm-to-Market Road (FMR) Network Planning and Monitoring Services,7537000,0.275,3,87463000,HB 10858 Vol I-B p. 694,GAA-2025 · Department of Agriculture (DA) · Office of the Secretary,,,,not stated,not stated,,False
fmr,2027,HB10858-FMR-0694-011,"Construction of Brgy. Maglipad FMR, Brgy. Maglipad, Calauag, Quezon",15000000,2025,"Concreting of Brgy. Tabason-Sto. Tomas-San Vicente FMR (Phase II), Tagkawayan, Quezon",10000000,0.46,1,5000000,HB 10858 Vol I-B p. 694,GAA-2025 · Department of Agriculture (DA) · Office of the Secretary,,,,not stated,one side stated,Prior Phase 2 only,False
fmr,2027,HB10858-FMR-0694-011,"Construction of Brgy. Maglipad FMR, Brgy. Maglipad, Calauag, Quezon",15000000,2025,"Concreting of Brgy. Mabaca FMR Phase II, Brgy. Mabaca, Balbalan, Kalinga",10000000,0.457,2,5000000,HB 10858 Vol I-B p. 694,GAA-2025 · Department of Agriculture (DA) · Office of the Secretary,,,,not stated,one side stated,Prior Phase 2 only,False
fmr,2027,HB10858-FMR-0694-011,"Construction of Brgy. Maglipad FMR, Brgy. Maglipad, Calauag, Quezon",15000000,2025,"Concreting of FMR at Brgy. Mangga, Candaba, Pampanga",25000000,0.444,3,-10000000,HB 10858 Vol I-B p. 694,GAA-2025 · Department of Agriculture (DA) · Office of the Secretary,,,,not stated,not stated,,False
fmr,2027,HB10858-FMR-0694-013,"Construction of Brgy. San Isidro FMR, Brgy. San Isidro, Tagkawayan, Quezon",16875000,2025,"Concreting of Brgy. Tabason-Sto. Tomas-San Vicente FMR (Phase II), Tagkawayan, Quezon",10000000,0.681,1,6875000,HB 10858 Vol I-B p. 694,GAA-2025 · Department of Agriculture (DA) · Office of the Secretary,,,,not stated,one side stated,Prior Phase 2 only,False
fmr,2027,HB10858-FMR-0694-013,"Construction of Brgy. San Isidro FMR, Brgy. San Isidro, Tagkawayan, Quezon",16875000,2025,"Concreting of FMR at Brgy. San Isidro to Sitio Banawag, Sta. Fe, Leyte",15000000,0.506,2,1875000,HB 10858 Vol I-B p. 694,GAA-2025 · Department of Agriculture (DA) · Office of the Secretary,,,,not stated,not stated,,False
fmr,2027,HB10858-FMR-0694-013,"Construction of Brgy. San Isidro FMR, Brgy. San Isidro, Tagkawayan, Quezon",16875000,2025,"Concreting of Brgy. Bagong Barrio FMR Phase I, Brgy. Bagong Barrio, San Ildefonso, Bulacan",15000000,0.438,3,1875000,HB 10858 Vol I-B p. 694,GAA-2025 · Department of Agriculture (DA) · Office of the Secretary,,,,not stated,one side stated,Prior Phase 1 only,False
fmr,2027,HB10858-FMR-0694-016,"Concreting of Brgy. Talaibon FMR, Brgy. Talaibon, Ibaan, Batangas",15000000,2025,"Concreting of FMR at Brgy. Calumayin, Cuenca, Batangas",20000000,0.615,1,-5000000,HB 10858 Vol I-B p. 694,GAA-2025 · Department of Agriculture (DA) · Office of the Secretary,,,,not stated,not stated,,False
fmr,2027,HB10858-FMR-0694-016,"Concreting of Brgy. Talaibon FMR, Brgy. Talaibon, Ibaan, Batangas",15000000,2025,"Concreting of Brgy. Nagtaluntong FMR (Phase I), Brgy. Nagtaluntong, Lobo, Batangas",15000000,0.608,2,0,HB 10858 Vol I-B p. 694,GAA-2025 · Department of Agriculture (DA) · Office of the Secretary,,,,not stated,one side stated,Prior Phase 1 only,False
fmr,2027,HB10858-FMR-0694-016,"Concreting of Brgy. Talaibon FMR, Brgy. Talaibon, Ibaan, Batangas",15000000,2025,"Concreting of Brgy. Nagtaluntong FMR (Phase II), Brgy. Nagtaluntong, Lobo, Batangas",16000000,0.608,3,-1000000,HB 10858 Vol I-B p. 694,GAA-2025 · Department of Agriculture (DA) · Office of the Secretary,,,,not stated,one side stated,Prior Phase 2 only,False
fmr,2027,HB10858-FMR-0694-017,"Construction of Sitio Alatalatin 2 Brgy. San Francisco B FMR, Brgy. San Francisco B, Lopez, Quezon",15000000,2025,"Concreting of Sitio Mainit, Brgy. San Jose FMR Phase 3, Brgy. San Jose, Antipolo City, Rizal",20000000,0.496,1,-5000000,HB 10858 Vol I-B p. 694,GAA-2025 · Department of Agriculture (DA) · Office of the Secretary,,,,not stated,one side stated,Prior Phase 3 only,False
fmr,2027,HB10858-FMR-0694-017,"Construction of Sitio Alatalatin 2 Brgy. San Francisco B FMR, Brgy. San Francisco B, Lopez, Quezon",15000000,2025,"Concreting of FMR at Sitio Atagon to Brgy. San Antonio, Palo, Leyte",15000000,0.495,2,0,HB 10858 Vol I-B p. 694,GAA-2025 · Department of Agriculture (DA) · Office of the Secretary,,,,not stated,not stated,,False
fmr,2027,HB10858-FMR-0694-017,"Construction of Sitio Alatalatin 2 Brgy. San Francisco B FMR, Brgy. San Francisco B, Lopez, Quezon",15000000,2025,"Concreting of Sitio San Ysiro, Brgy. San Jose FMR Phase 6, Brgy. San Jose, Antipolo City Rizal",15000000,0.484,3,0,HB 10858 Vol I-B p. 694,GAA-2025 · Department of Agriculture (DA) · Office of the Secretary,,,,not stated,one side stated,Prior Phase 6 only,False
fmr,2027,HB10858-FMR-0694-018,"Construction of Brgy. Talahiban 1 FMR, Brgy. Talahiban 1, San Juan, Batangas",15000000,2025,"Concreting of FMR at Brgy. Bangin, San Nicolas, Batangas",10000000,0.579,1,5000000,HB 10858 Vol I-B p. 694,GAA-2025 · Department of Agriculture (DA) · Office of the Secretary,,,,not stated,not stated,,False
fmr,2027,HB10858-FMR-0694-018,"Construction of Brgy. Talahiban 1 FMR, Brgy. Talahiban 1, San Juan, Batangas",15000000,2025,"Concreting of Brgy. Bambang FMR Phase II, Brgy. Bambang, Calaca, Batangas",10000000,0.55,2,5000000,HB 10858 Vol I-B p. 694,GAA-2025 · Department of Agriculture (DA) · Office of the Secretary,,,,not stated,one side stated,Prior Phase 2 only,False
fmr,2027,HB10858-FMR-0694-018,"Construction of Brgy. Talahiban 1 FMR, Brgy. Talahiban 1, San Juan, Batangas",15000000,2025,"Concreting of FMR at Brgy. Balagbag, Cuenca, Batangas",20000000,0.548,3,-5000000,HB 10858 Vol I-B p. 694,GAA-2025 · Department of Agriculture (DA) · Office of the Secretary,,,,not stated,not stated,,False
fmr,2027,HB10858-FMR-0694-019,"Construction of Brgy. San Miguel FMR, Brgy. San Miguel, Lopez, Quezon",15000000,2025,"Concreting of Brgy. Balaong FMR (Phase I), Brgy. Balaong, San Miguel, Bulacan",5000000,0.553,1,10000000,HB 10858 Vol I-B p. 694,GAA-2025 · Department of Agriculture (DA) · Office of the Secretary,,,,not stated,one side stated,Prior Phase 1 only,False
fmr,2027,HB10858-FMR-0694-019,"Construction of Brgy. San Miguel FMR, Brgy. San Miguel, Lopez, Quezon",15000000,2025,"Concreting of FMR at Brgy. Santa Lucia, San Miguel, Bulacan",20000000,0.528,2,-5000000,HB 10858 Vol I-B p. 694,GAA-2025 · Department of Agriculture (DA) · Office of the Secretary,,,,not stated,not stated,,False
fmr,2027,HB10858-FMR-0694-019,"Construction of Brgy. San Miguel FMR, Brgy. San Miguel, Lopez, Quezon",15000000,2025,"Concreting of FMR at Brgy. Biclat, San Miguel, Bulacan",15000000,0.507,3,0,HB 10858 Vol I-B p. 694,GAA-2025 · Department of Agriculture (DA) · Office of the Secretary,,,,not stated,not stated,,False
fmr,2027,HB10858-FMR-0694-020,"Construction of Brgy. Cumba FMR, Brgy. Cumba, Batangas City, Batangas",10000000,2025,"Concreting of FMR at Brgy. Santor, Tanauan City, Batangas",20000000,0.686,1,-10000000,HB 10858 Vol I-B p. 694,GAA-2025 · Department of Agriculture (DA) · Office of the Secretary,,,,not stated,not stated,,False
fmr,2027,HB10858-FMR-0694-020,"Construction of Brgy. Cumba FMR, Brgy. Cumba, Batangas City, Batangas",10000000,2025,"Concreting of FMR at Brgy. Laurel, Tanauan City, Batangas",20000000,0.686,2,-10000000,HB 10858 Vol I-B p. 694,GAA-2025 · Department of Agriculture (DA) · Office of the Secretary,,,,not stated,not stated,,False
fmr,2027,HB10858-FMR-0694-020,"Construction of Brgy. Cumba FMR, Brgy. Cumba, Batangas City, Batangas",10000000,2025,"Concreting of Brgy. Cabunbata FMR Phase II, Brgy. Cabunbata, Isabela City, Basilan",21000000,0.634,3,-11000000,HB 10858 Vol I-B p. 694,GAA-2025 · Department of Agriculture (DA) · Office of the Secretary,,,,not stated,one side stated,Prior Phase 2 only,False
fmr,2027,HB10858-FMR-0694-021,"Construction of Brgy. Sto Niño Ilaya FMR, Brgy. Sto Niño Ilaya, Lopez, Quezon",15000000,2025,"Concreting of Brgy. Tabason-Sto. Tomas-San Vicente FMR (Phase II), Tagkawayan, Quezon",10000000,0.454,1,5000000,HB 10858 Vol I-B p. 694,GAA-2025 · Department of Agriculture (DA) · Office of the Secretary,,,,not stated,one side stated,Prior Phase 2 only,False
fmr,2027,HB10858-FMR-0694-021,"Construction of Brgy. Sto Niño Ilaya FMR, Brgy. Sto Niño Ilaya, Lopez, Quezon",15000000,2025,"Concreting of Brgy. Tagba-o FMR (Phase II), Brgy. Tagba-o, Cebu City, Cebu",15000000,0.425,2,0,HB 10858 Vol I-B p. 694,GAA-2025 · Department of Agriculture (DA) · Office of the Secretary,,,,not stated,one side stated,Prior Phase 2 only,False
fmr,2027,HB10858-FMR-0694-021,"Construction of Brgy. Sto Niño Ilaya FMR, Brgy. Sto Niño Ilaya, Lopez, Quezon",15000000,2025,"Concreting of FMR at Brgy. Sto. Rosario, Candaba, Pampanga",20000000,0.41,3,-5000000,HB 10858 Vol I-B p. 694,GAA-2025 · Department of Agriculture (DA) · Office of the Secretary,,,,not stated,not stated,,False
fmr,2027,HB10858-FMR-0694-022,"Concreting of Brgy. Sulsugin FMR, Brgy. Sulsugin, Nagcarlan, Laguna",10000000,2025,"Concreting of FMR at Brgy. Turu, Magalang, Pampanga",35000000,0.531,1,-25000000,HB 10858 Vol I-B p. 694,GAA-2025 · Department of Agriculture (DA) · Office of the Secretary,,,,not stated,not stated,,False
fmr,2027,HB10858-FMR-0694-022,"Concreting of Brgy. Sulsugin FMR, Brgy. Sulsugin, Nagcarlan, Laguna",10000000,2025,"Concreting of FMR at Brgy. Escaler Road (Phase II), Magalang, Pampanga",35000000,0.507,2,-25000000,HB 10858 Vol I-B p. 694,GAA-2025 · Department of Agriculture (DA) · Office of the Secretary,,,,not stated,one side stated,Prior Phase 2 only,False
fmr,2027,HB10858-FMR-0694-022,"Concreting of Brgy. Sulsugin FMR, Brgy. Sulsugin, Nagcarlan, Laguna",10000000,2025,"Concreting of Brgy. Caluangan FMR (Phase I), Brgy. Caluangan, Magallanes, Cavite",15000000,0.506,3,-5000000,HB 10858 Vol I-B p. 694,GAA-2025 · Department of Agriculture (DA) · Office of the Secretary,,,,not stated,one side stated,Prior Phase 1 only,False
fmr,2027,HB10858-FMR-0694-023,"Construction of Brgy. Veronica FMR, Brgy. Veronica, Lopez, Quezon",15000000,2025,"Concreting of Brgy. Tabason-Sto. Tomas-San Vicente FMR (Phase II), Tagkawayan, Quezon",10000000,0.4,1,5000000,HB 10858 Vol I-B p. 694,GAA-2025 · Department of Agriculture (DA) · Office of the Secretary,,,,not stated,one side stated,Prior Phase 2 only,False
fmr,2027,HB10858-FMR-0694-023,"Construction of Brgy. Veronica FMR, Brgy. Veronica, Lopez, Quezon",15000000,2025,"Concreting of Brgy. Mabaca FMR Phase II, Brgy. Mabaca, Balbalan, Kalinga",10000000,0.382,2,5000000,HB 10858 Vol I-B p. 694,GAA-2025 · Department of Agriculture (DA) · Office of the Secretary,,,,not stated,one side stated,Prior Phase 2 only,False
fmr,2027,HB10858-FMR-0694-023,"Construction of Brgy. Veronica FMR, Brgy. Veronica, Lopez, Quezon",15000000,2025,"Concreting of FMR at Brgy. Tenejero, Candaba, Pampanga",20000000,0.381,3,-5000000,HB 10858 Vol I-B p. 694,GAA-2025 · Department of Agriculture (DA) · Office of the Secretary,,,,not stated,not stated,,False
fmr,2027,HB10858-FMR-0694-024,"Construction/Improvement of Brgy. Tulay FMR, Brgy. Tulay, Ibaan, Batangas",15000000,2025,"Concreting of FMR at MAFC, Balete, Batangas",10000000,0.63,1,5000000,HB 10858 Vol I-B p. 694,GAA-2025 · Department of Agriculture (DA) · Office of the Secretary,,,,not stated,not stated,,False
fmr,2027,HB10858-FMR-0694-024,"Construction/Improvement of Brgy. Tulay FMR, Brgy. Tulay, Ibaan, Batangas",15000000,2025,"Concreting of FMR at Brgy. Balagbag, Cuenca, Batangas",20000000,0.621,2,-5000000,HB 10858 Vol I-B p. 694,GAA-2025 · Department of Agriculture (DA) · Office of the Secretary,,,,not stated,not stated,,False
fmr,2027,HB10858-FMR-0694-024,"Construction/Improvement of Brgy. Tulay FMR, Brgy. Tulay, Ibaan, Batangas",15000000,2025,"Concreting of FMR at Brgy. Calumayin, Cuenca, Batangas",20000000,0.61,3,-5000000,HB 10858 Vol I-B p. 694,GAA-2025 · Department of Agriculture (DA) · Office of the Secretary,,,,not stated,not stated,,False
fmr,2027,HB10858-FMR-0694-025,"Construction of Brgy. Banyaga FMR, Brgy. Banyaga, Agoncillo, Batangas",15000000,2025,"Concreting of Brgy. Bambang FMR Phase II, Brgy. Bambang, Calaca, Batangas",10000000,0.658,1,5000000,HB 10858 Vol I-B p. 694,GAA-2025 · Department of Agriculture (DA) · Office of the Secretary,,,,not stated,one side stated,Prior Phase 2 only,False
fmr,2027,HB10858-FMR-0694-025,"Construction of Brgy. Banyaga FMR, Brgy. Banyaga, Agoncillo, Batangas",15000000,2025,"Concreting of Brgy. Nagtaluntong FMR (Phase I), Brgy. Nagtaluntong, Lobo, Batangas",15000000,0.642,2,0,HB 10858 Vol I-B p. 694,GAA-2025 · Department of Agriculture (DA) · Office of the Secretary,,,,not stated,one side stated,Prior Phase 1 only,False
fmr,2027,HB10858-FMR-0694-025,"Construction of Brgy. Banyaga FMR, Brgy. Banyaga, Agoncillo, Batangas",15000000,2025,"Concreting of Brgy. Nagtaluntong FMR (Phase II), Brgy. Nagtaluntong, Lobo, Batangas",16000000,0.642,3,-1000000,HB 10858 Vol I-B p. 694,GAA-2025 · Department of Agriculture (DA) · Office of the Secretary,,,,not stated,one side stated,Prior Phase 2 only,False
fmr,2027,HB10858-FMR-0696-001,"Construction of Brgy. Bilibinwang FMR, Brgy. Bilibinwang, Agoncillo, Batangas",15000000,2025,"Concreting of Brgy. Bambang FMR Phase II, Brgy. Bambang, Calaca, Batangas",10000000,0.667,1,5000000,HB 10858 Vol I-B p. 696,GAA-2025 · Department of Agriculture (DA) · Office of the Secretary,,,,not stated,one side stated,Prior Phase 2 only,False
fmr,2027,HB10858-FMR-0696-001,"Construction of Brgy. Bilibinwang FMR, Brgy. Bilibinwang, Agoncillo, Batangas",15000000,2025,"Concreting of FMR at Brgy. Balagbag, Cuenca, Batangas",20000000,0.568,2,-5000000,HB 10858 Vol I-B p. 696,GAA-2025 · Department of Agriculture (DA) · Office of the Secretary,,,,not stated,not stated,,False
fmr,2027,HB10858-FMR-0696-001,"Construction of Brgy. Bilibinwang FMR, Brgy. Bilibinwang, Agoncillo, Batangas",15000000,2025,"Concreting of Brgy. Nagtaluntong FMR (Phase I), Brgy. Nagtaluntong, Lobo, Batangas",15000000,0.562,3,0,HB 10858 Vol I-B p. 696,GAA-2025 · Department of Agriculture (DA) · Office of the Secretary,,,,not stated,one side stated,Prior Phase 1 only,False
fmr,2027,HB10858-FMR-0696-002,"Concreting of Brgy. Calumpit FMR, Brgy. Calumpit, Lobo, Batangas",5000000,2025,"Concreting of Brgy. Nagtaluntong FMR (Phase I), Brgy. Nagtaluntong, Lobo, Batangas",15000000,0.692,1,-10000000,HB 10858 Vol I-B p. 696,GAA-2025 · Department of Agriculture (DA) · Office of the Secretary,,,,not stated,one side stated,Prior Phase 1 only,False
fmr,2027,HB10858-FMR-0696-002,"Concreting of Brgy. Calumpit FMR, Brgy. Calumpit, Lobo, Batangas",5000000,2025,"Concreting of Brgy. Nagtaluntong FMR (Phase II), Brgy. Nagtaluntong, Lobo, Batangas",16000000,0.692,2,-11000000,HB 10858 Vol I-B p. 696,GAA-2025 · Department of Agriculture (DA) · Office of the Secretary,,,,not stated,one side stated,Prior Phase 2 only,False
fmr,2027,HB10858-FMR-0696-002,"Concreting of Brgy. Calumpit FMR, Brgy. Calumpit, Lobo, Batangas",5000000,2025,"Concreting of FMR at Brgy. Calumayin, Cuenca, Batangas",20000000,0.625,3,-15000000,HB 10858 Vol I-B p. 696,GAA-2025 · Department of Agriculture (DA) · Office of the Secretary,,,,not stated,not stated,,False
fmr,2027,HB10858-FMR-0696-003,"Construction/Improvement of Brgy. Bago FMR, Brgy. Bago, Ibaan, Batangas",15000000,2025,"Concreting of Brgy. Bambang FMR Phase II, Brgy. Bambang, Calaca, Batangas",10000000,0.698,1,5000000,HB 10858 Vol I-B p. 696,GAA-2025 · Department of Agriculture (DA) · Office of the Secretary,,,,not stated,one side stated,Prior Phase 2 only,False
fmr,2027,HB10858-FMR-0696-003,"Construction/Improvement of Brgy. Bago FMR, Brgy. Bago, Ibaan, Batangas",15000000,2025,"Concreting of FMR at Brgy. Balagbag, Cuenca, Batangas",20000000,0.679,2,-5000000,HB 10858 Vol I-B p. 696,GAA-2025 · Department of Agriculture (DA) · Office of the Secretary,,,,not stated,not stated,,False
fmr,2027,HB10858-FMR-0696-003,"Construction/Improvement of Brgy. Bago FMR, Brgy. Bago, Ibaan, Batangas",15000000,2025,"Concreting of FMR at Brgy. Bangin, San Nicolas, Batangas",10000000,0.644,3,5000000,HB 10858 Vol I-B p. 696,GAA-2025 · Department of Agriculture (DA) · Office of the Secretary,,,,not stated,not stated,,False
fmr,2027,HB10858-FMR-0696-004,"Concreting of Brgy. Ilat North FMR, Brgy. Ilat North, San Pascual, Batangas",5000000,2025,"Concreting of FMR at Brgy. Bangin, San Nicolas, Batangas",10000000,0.571,1,-5000000,HB 10858 Vol I-B p. 696,GAA-2025 · Department of Agriculture (DA) · Office of the Secretary,,,,not stated,not stated,,False
fmr,2027,HB10858-FMR-0696-004,"Concreting of Brgy. Ilat North FMR, Brgy. Ilat North, San Pascual, Batangas",5000000,2025,"Concreting of Brgy. Balaong FMR (Phase I), Brgy. Balaong, San Miguel, Bulacan",5000000,0.548,2,0,HB 10858 Vol I-B p. 696,GAA-2025 · Department of Agriculture (DA) · Office of the Secretary,,,,not stated,one side stated,Prior Phase 1 only,False
fmr,2027,HB10858-FMR-0696-004,"Concreting of Brgy. Ilat North FMR, Brgy. Ilat North, San Pascual, Batangas",5000000,2025,"Concreting of FMR at Brgy. Laurel, Tanauan City, Batangas",20000000,0.538,3,-15000000,HB 10858 Vol I-B p. 696,GAA-2025 · Department of Agriculture (DA) · Office of the Secretary,,,,not stated,not stated,,False
fmr,2027,HB10858-FMR-0696-005,"Construction/Improvement of Brgy. Mabalor FMR, Brgy. Mabalor, Ibaan, Batangas",15000000,2025,"Concreting of Brgy. Mabaca FMR Phase II, Brgy. Mabaca, Balbalan, Kalinga",10000000,0.676,1,5000000,HB 10858 Vol I-B p. 696,GAA-2025 · Department of Agriculture (DA) · Office of the Secretary,,,,not stated,one side stated,Prior Phase 2 only,False
fmr,2027,HB10858-FMR-0696-005,"Construction/Improvement of Brgy. Mabalor FMR, Brgy. Mabalor, Ibaan, Batangas",15000000,2025,"Concreting of Brgy. Nagtaluntong FMR (Phase I), Brgy. Nagtaluntong, Lobo, Batangas",15000000,0.623,2,0,HB 10858 Vol I-B p. 696,GAA-2025 · Department of Agriculture (DA) · Office of the Secretary,,,,not stated,one side stated,Prior Phase 1 only,False
fmr,2027,HB10858-FMR-0696-005,"Construction/Improvement of Brgy. Mabalor FMR, Brgy. Mabalor, Ibaan, Batangas",15000000,2025,"Concreting of Brgy. Nagtaluntong FMR (Phase II), Brgy. Nagtaluntong, Lobo, Batangas",16000000,0.623,3,-1000000,HB 10858 Vol I-B p. 696,GAA-2025 · Department of Agriculture (DA) · Office of the Secretary,,,,not stated,one side stated,Prior Phase 2 only,False
fmr,2027,HB10858-FMR-0696-007,"Construction/Improvement of Brgy. Bungahan FMR, Brgy. Bungahan, Ibaan, Batangas",15000000,2025,"Concreting of Brgy. Bambang FMR Phase II, Brgy. Bambang, Calaca, Batangas",10000000,0.648,1,5000000,HB 10858 Vol I-B p. 696,GAA-2025 · Department of Agriculture (DA) · Office of the Secretary,,,,not stated,one side stated,Prior Phase 2 only,False
fmr,2027,HB10858-FMR-0696-007,"Construction/Improvement of Brgy. Bungahan FMR, Brgy. Bungahan, Ibaan, Batangas",15000000,2025,"Concreting of FMR at Brgy. Bangin, San Nicolas, Batangas",10000000,0.627,2,5000000,HB 10858 Vol I-B p. 696,GAA-2025 · Department of Agriculture (DA) · Office of the Secretary,,,,not stated,not stated,,False
fmr,2027,HB10858-FMR-0696-007,"Construction/Improvement of Brgy. Bungahan FMR, Brgy. Bungahan, Ibaan, Batangas",15000000,2025,"Concreting of Sitio Hulo, Brgy. Biga FMR (Phase II), Brgy. Biga, Lobo, Batangas",24000000,0.595,3,-9000000,HB 10858 Vol I-B p. 696,GAA-2025 · Department of Agriculture (DA) · Office of the Secretary,,,,not stated,one side stated,Prior Phase 2 only,False
fmr,2027,HB10858-FMR-0696-008,"Construction of Brgy. Banyaga FMR, Brgy. Banyaga, Agoncillo, Batangas",30000000,2025,"Concreting of Brgy. Bambang FMR Phase II, Brgy. Bambang, Calaca, Batangas",10000000,0.658,1,20000000,HB 10858 Vol I-B p. 696,GAA-2025 · Department of Agriculture (DA) · Office of the Secretary,,,,not stated,one side stated,Prior Phase 2 only,False
fmr,2027,HB10858-FMR-0696-008,"Construction of Brgy. Banyaga FMR, Brgy. Banyaga, Agoncillo, Batangas",30000000,2025,"Concreting of Brgy. Nagtaluntong FMR (Phase I), Brgy. Nagtaluntong, Lobo, Batangas",15000000,0.642,2,15000000,HB 10858 Vol I-B p. 696,GAA-2025 · Department of Agriculture (DA) · Office of the Secretary,,,,not stated,one side stated,Prior Phase 1 only,False
fmr,2027,HB10858-FMR-0696-008,"Construction of Brgy. Banyaga FMR, Brgy. Banyaga, Agoncillo, Batangas",30000000,2025,"Concreting of Brgy. Nagtaluntong FMR (Phase II), Brgy. Nagtaluntong, Lobo, Batangas",16000000,0.642,3,14000000,HB 10858 Vol I-B p. 696,GAA-2025 · Department of Agriculture (DA) · Office of the Secretary,,,,not stated,one side stated,Prior Phase 2 only,False
fmr,2027,HB10858-FMR-0696-009,"Opening and Concreting of Sitio Saimsim, Brgy. Soloc FMR, Brgy. Soloc, Lobo, Batangas",15000000,2025,"Concreting of Sitio Hulo, Brgy. Biga FMR (Phase II), Brgy. Biga, Lobo, Batangas",24000000,0.607,1,-9000000,HB 10858 Vol I-B p. 696,GAA-2025 · Department of Agriculture (DA) · Office of the Secretary,,,,not stated,one side stated,Prior Phase 2 only,False
fmr,2027,HB10858-FMR-0696-009,"Opening and Concreting of Sitio Saimsim, Brgy. Soloc FMR, Brgy. Soloc, Lobo, Batangas",15000000,2025,"Concreting of Brgy. Nagtaluntong FMR (Phase I), Brgy. Nagtaluntong, Lobo, Batangas",15000000,0.489,2,0,HB 10858 Vol I-B p. 696,GAA-2025 · Department of Agriculture (DA) · Office of the Secretary,,,,not stated,one side stated,Prior Phase 1 only,False
fmr,2027,HB10858-FMR-0696-009,"Opening and Concreting of Sitio Saimsim, Brgy. Soloc FMR, Brgy. Soloc, Lobo, Batangas",15000000,2025,"Concreting of Brgy. Nagtaluntong FMR (Phase II), Brgy. Nagtaluntong, Lobo, Batangas",16000000,0.489,3,-1000000,HB 10858 Vol I-B p. 696,GAA-2025 · Department of Agriculture (DA) · Office of the Secretary,,,,not stated,one side stated,Prior Phase 2 only,False
fmr,2027,HB10858-FMR-0696-010,"Construction of Brgy. San Diego Bukid FMR, Brgy. San Diego Bukid, Gumaca, Quezon",8400000,2025,"Concreting of Brgy. Bagong Barrio FMR Phase I, Brgy. Bagong Barrio, San Ildefonso, Bulacan",15000000,0.49,1,-6600000,HB 10858 Vol I-B p. 696,GAA-2025 · Department of Agriculture (DA) · Office of the Secretary,,,,not stated,one side stated,Prior Phase 1 only,False
fmr,2027,HB10858-FMR-0696-010,"Construction of Brgy. San Diego Bukid FMR, Brgy. San Diego Bukid, Gumaca, Quezon",8400000,2025,"Concreting of Brgy. Bagong Barrio FMR Phase II, Brgy. Bagong Barrio, San Ildefonso, Bulacan",10000000,0.49,2,-1600000,HB 10858 Vol I-B p. 696,GAA-2025 · Department of Agriculture (DA) · Office of the Secretary,,,,not stated,one side stated,Prior Phase 2 only,False
fmr,2027,HB10858-FMR-0696-010,"Construction of Brgy. San Diego Bukid FMR, Brgy. San Diego Bukid, Gumaca, Quezon",8400000,2025,"Concreting of Brgy. Balaong FMR (Phase I), Brgy. Balaong, San Miguel, Bulacan",5000000,0.483,3,3400000,HB 10858 Vol I-B p. 696,GAA-2025 · Department of Agriculture (DA) · Office of the Secretary,,,,not stated,one side stated,Prior Phase 1 only,False
fmr,2027,HB10858-FMR-0696-011,"Opening and Concreting of Sitio Balugbog, Brgy. Soloc FMR, Brgy. Soloc, Lobo, Batangas",15000000,2025,"Concreting of Sitio Hulo, Brgy. Biga FMR (Phase II), Brgy. Biga, Lobo, Batangas",24000000,0.622,1,-9000000,HB 10858 Vol I-B p. 696,GAA-2025 · Department of Agriculture (DA) · Office of the Secretary,,,,not stated,one side stated,Prior Phase 2 only,False
fmr,2027,HB10858-FMR-0696-011,"Opening and Concreting of Sitio Balugbog, Brgy. Soloc FMR, Brgy. Soloc, Lobo, Batangas",15000000,2025,"Concreting of Brgy. Nagtaluntong FMR (Phase I), Brgy. Nagtaluntong, Lobo, Batangas",15000000,0.568,2,0,HB 10858 Vol I-B p. 696,GAA-2025 · Department of Agriculture (DA) · Office of the Secretary,,,,not stated,one side stated,Prior Phase 1 only,False
fmr,2027,HB10858-FMR-0696-011,"Opening and Concreting of Sitio Balugbog, Brgy. Soloc FMR, Brgy. Soloc, Lobo, Batangas",15000000,2025,"Concreting of Brgy. Nagtaluntong FMR (Phase II), Brgy. Nagtaluntong, Lobo, Batangas",16000000,0.568,3,-1000000,HB 10858 Vol I-B p. 696,GAA-2025 · Department of Agriculture (DA) · Office of the Secretary,,,,not stated,one side stated,Prior Phase 2 only,False
fmr,2027,HB10858-FMR-0696-012,"Construction of Brgy. Itlugan FMR, Brgy. Itlugan, Rosario, Batangas",15000000,2025,"Concreting of Sitio Hulo, Brgy. Biga FMR (Phase II), Brgy. Biga, Lobo, Batangas",24000000,0.676,1,-9000000,HB 10858 Vol I-B p. 696,GAA-2025 · Department of Agriculture (DA) · Office of the Secretary,,,,not stated,one side stated,Prior Phase 2 only,False
fmr,2027,HB10858-FMR-0696-012,"Construction of Brgy. Itlugan FMR, Brgy. Itlugan, Rosario, Batangas",15000000,2025,"Concreting of Brgy. Nagtaluntong FMR (Phase I), Brgy. Nagtaluntong, Lobo, Batangas",15000000,0.633,2,0,HB 10858 Vol I-B p. 696,GAA-2025 · Department of Agriculture (DA) · Office of the Secretary,,,,not stated,one side stated,Prior Phase 1 only,False
fmr,2027,HB10858-FMR-0696-012,"Construction of Brgy. Itlugan FMR, Brgy. Itlugan, Rosario, Batangas",15000000,2025,"Concreting of Brgy. Nagtaluntong FMR (Phase II), Brgy. Nagtaluntong, Lobo, Batangas",16000000,0.633,3,-1000000,HB 10858 Vol I-B p. 696,GAA-2025 · Department of Agriculture (DA) · Office of the Secretary,,,,not stated,one side stated,Prior Phase 2 only,False
fmr,2027,HB10858-FMR-0696-013,"Opening and Concreting of Brgy. San Miguel - Brgy. Tayuman FMR, Brgy. San Miguel and Brgy. Tayuman, Lobo, Batangas",15000000,2025,"Concreting of Sitio Hulo, Brgy. Biga FMR (Phase II), Brgy. Biga, Lobo, Batangas",24000000,0.554,1,-9000000,HB 10858 Vol I-B p. 696,GAA-2025 · Department of Agriculture (DA) · Office of the Secretary,,,,not stated,one side stated,Prior Phase 2 only,False
fmr,2027,HB10858-FMR-0696-013,"Opening and Concreting of Brgy. San Miguel - Brgy. Tayuman FMR, Brgy. San Miguel and Brgy. Tayuman, Lobo, Batangas",15000000,2025,"Concreting of Brgy. Nagtaluntong FMR (Phase I), Brgy. Nagtaluntong, Lobo, Batangas",15000000,0.528,2,0,HB 10858 Vol I-B p. 696,GAA-2025 · Department of Agriculture (DA) · Office of the Secretary,,,,not stated,one side stated,Prior Phase 1 only,False
fmr,2027,HB10858-FMR-0696-013,"Opening and Concreting of Brgy. San Miguel - Brgy. Tayuman FMR, Brgy. San Miguel and Brgy. Tayuman, Lobo, Batangas",15000000,2025,"Concreting of Brgy. Nagtaluntong FMR (Phase II), Brgy. Nagtaluntong, Lobo, Batangas",16000000,0.528,3,-1000000,HB 10858 Vol I-B p. 696,GAA-2025 · Department of Agriculture (DA) · Office of the Secretary,,,,not stated,one side stated,Prior Phase 2 only,False
fmr,2027,HB10858-FMR-0696-014,"Construction of Purok 6, Brgy. San Isidro FMR, Brgy. San Isidro, Rosario, Batangas",15000000,2025,"Concreting of FMR at Brgy. Sto. Rosario, Candaba, Pampanga",20000000,0.512,1,-5000000,HB 10858 Vol I-B p. 696,GAA-2025 · Department of Agriculture (DA) · Office of the Secretary,,,,not stated,not stated,,False
fmr,2027,HB10858-FMR-0696-014,"Construction of Purok 6, Brgy. San Isidro FMR, Brgy. San Isidro, Rosario, Batangas",15000000,2025,"Concreting of FMR at Brgy. San Isidro to Sitio Banawag, Sta. Fe, Leyte",15000000,0.511,2,0,HB 10858 Vol I-B p. 696,GAA-2025 · Department of Agriculture (DA) · Office of the Secretary,,,,not stated,not stated,,False
fmr,2027,HB10858-FMR-0696-014,"Construction of Purok 6, Brgy. San Isidro FMR, Brgy. San Isidro, Rosario, Batangas",15000000,2025,"Concreting of FMR at Sitio Kapirokuhan, Brgy. San Isidro, Bulusan, Sorsogon",10000000,0.505,3,5000000,HB 10858 Vol I-B p. 696,GAA-2025 · Department of Agriculture (DA) · Office of the Secretary,,,,not stated,not stated,,False
fmr,2027,HB10858-FMR-0696-015,"Opening and Concreting of Sitio Mariwasa, Brgy. Biga FMR, Brgy. Biga Lobo, Batangas",25000000,2025,"Concreting of Sitio Hulo, Brgy. Biga FMR (Phase II), Brgy. Biga, Lobo, Batangas",24000000,0.773,1,1000000,HB 10858 Vol I-B p. 696,GAA-2025 · Department of Agriculture (DA) · Office of the Secretary,,,,not stated,one side stated,Prior Phase 2 only,False
fmr,2027,HB10858-FMR-0696-015,"Opening and Concreting of Sitio Mariwasa, Brgy. Biga FMR, Brgy. Biga Lobo, Batangas",25000000,2025,"Concreting of Brgy. Nagtaluntong FMR (Phase I), Brgy. Nagtaluntong, Lobo, Batangas",15000000,0.516,2,10000000,HB 10858 Vol I-B p. 696,GAA-2025 · Department of Agriculture (DA) · Office of the Secretary,,,,not stated,one side stated,Prior Phase 1 only,False
fmr,2027,HB10858-FMR-0696-015,"Opening and Concreting of Sitio Mariwasa, Brgy. Biga FMR, Brgy. Biga Lobo, Batangas",25000000,2025,"Concreting of Brgy. Nagtaluntong FMR (Phase II), Brgy. Nagtaluntong, Lobo, Batangas",16000000,0.516,3,9000000,HB 10858 Vol I-B p. 696,GAA-2025 · Department of Agriculture (DA) · Office of the Secretary,,,,not stated,one side stated,Prior Phase 2 only,False
fmr,2027,HB10858-FMR-0696-016,"Construction of Brgy. Masalukot 2 FMR, Brgy. Masalukot 2, Candelaria, Quezon",15000000,2025,"Concreting of FMR at Brgy. Pansinao, Candaba, Pampanga",25000000,0.459,1,-10000000,HB 10858 Vol I-B p. 696,GAA-2025 · Department of Agriculture (DA) · Office of the Secretary,,,,not stated,not stated,,False
fmr,2027,HB10858-FMR-0696-016,"Construction of Brgy. Masalukot 2 FMR, Brgy. Masalukot 2, Candelaria, Quezon",15000000,2025,"Concreting of FMR at Brgy. Mapaniqui, Candaba, Pampanga",35000000,0.453,2,-20000000,HB 10858 Vol I-B p. 696,GAA-2025 · Department of Agriculture (DA) · Office of the Secretary,,,,not stated,not stated,,False
fmr,2027,HB10858-FMR-0696-016,"Construction of Brgy. Masalukot 2 FMR, Brgy. Masalukot 2, Candelaria, Quezon",15000000,2025,"Concreting of FMR at Brgy. Salapungan, Candaba, Pampanga",30000000,0.447,3,-15000000,HB 10858 Vol I-B p. 696,GAA-2025 · Department of Agriculture (DA) · Office of the Secretary,,,,not stated,not stated,,False
fmr,2027,HB10858-FMR-0696-017,"Concreting of Brgy. Bignay 1 to Montecillo FMR, Brgy. Bignay 1 to Montecillo,",15000000,2025,Farm-to-Market Road (FMR) Network Planning and Monitoring Services,2344000,0.348,1,12656000,HB 10858 Vol I-B p. 696,GAA-2025 · Department of Agriculture (DA) · Office of the Secretary,,,,not stated,not stated,,False
fmr,2027,HB10858-FMR-0696-017,"Concreting of Brgy. Bignay 1 to Montecillo FMR, Brgy. Bignay 1 to Montecillo,",15000000,2025,Farm-to-Market Road (FMR) Network Planning and Monitoring Services,7537000,0.348,2,7463000,HB 10858 Vol I-B p. 696,GAA-2025 · Department of Agriculture (DA) · Office of the Secretary,,,,not stated,not stated,,False
fmr,2027,HB10858-FMR-0696-017,"Concreting of Brgy. Bignay 1 to Montecillo FMR, Brgy. Bignay 1 to Montecillo,",15000000,2025,Farm-to-Market Road (FMR) Network Planning and Monitoring Services,185000,0.348,3,14815000,HB 10858 Vol I-B p. 696,GAA-2025 · Department of Agriculture (DA) · Office of the Secretary,,,,not stated,not stated,,False
fmr,2027,HB10858-FMR-0696-018,"Opening and Concreting of Sitio Hambulong Aso, Brgy. Nagtaluntong FMR Phase 2, Brgy. Nagtaluntong, Lobo, Batangas",30000000,2025,"Concreting of Brgy. Nagtaluntong FMR (Phase I), Brgy. Nagtaluntong, Lobo, Batangas",15000000,0.754,1,15000000,HB 10858 Vol I-B p. 696,GAA-2025 · Department of Agriculture (DA) · Office of the Secretary,,,,not stated,different tranche,Phase 2 vs 1,True
fmr,2027,HB10858-FMR-0696-018,"Opening and Concreting of Sitio Hambulong Aso, Brgy. Nagtaluntong FMR Phase 2, Brgy. Nagtaluntong, Lobo, Batangas",30000000,2025,"Concreting of Brgy. Nagtaluntong FMR (Phase II), Brgy. Nagtaluntong, Lobo, Batangas",16000000,0.754,2,14000000,HB 10858 Vol I-B p. 696,GAA-2025 · Department of Agriculture (DA) · Office of the Secretary,,,,not stated,same tranche,,False
fmr,2027,HB10858-FMR-0696-018,"Opening and Concreting of Sitio Hambulong Aso, Brgy. Nagtaluntong FMR Phase 2, Brgy. Nagtaluntong, Lobo, Batangas",30000000,2025,"Concreting of Sitio Hulo, Brgy. Biga FMR (Phase II), Brgy. Biga, Lobo, Batangas",24000000,0.587,3,6000000,HB 10858 Vol I-B p. 696,GAA-2025 · Department of Agriculture (DA) · Office of the Secretary,,,,not stated,same tranche,,False
fmr,2027,HB10858-FMR-0696-019,"Concreting of Sitio Naambon, Brgy. Nag-iba FMR, Brgy. Nag-iba, Mabini, Batangas",5000000,2025,"Concreting of Sitio Hulo, Brgy. Biga FMR (Phase II), Brgy. Biga, Lobo, Batangas",24000000,0.621,1,-19000000,HB 10858 Vol I-B p. 696,GAA-2025 · Department of Agriculture (DA) · Office of the Secretary,,,,not stated,one side stated,Prior Phase 2 only,False
fmr,2027,HB10858-FMR-0696-019,"Concreting of Sitio Naambon, Brgy. Nag-iba FMR, Brgy. Nag-iba, Mabini, Batangas",5000000,2025,"Concreting of Brgy. Bambang FMR Phase II, Brgy. Bambang, Calaca, Batangas",10000000,0.571,2,-5000000,HB 10858 Vol I-B p. 696,GAA-2025 · Department of Agriculture (DA) · Office of the Secretary,,,,not stated,one side stated,Prior Phase 2 only,False
fmr,2027,HB10858-FMR-0696-019,"Concreting of Sitio Naambon, Brgy. Nag-iba FMR, Brgy. Nag-iba, Mabini, Batangas",5000000,2025,"Concreting of Brgy. Nagtaluntong FMR (Phase I), Brgy. Nagtaluntong, Lobo, Batangas",15000000,0.5,3,-10000000,HB 10858 Vol I-B p. 696,GAA-2025 · Department of Agriculture (DA) · Office of the Secretary,,,,not stated,one side stated,Prior Phase 1 only,False
fmr,2027,HB10858-FMR-0696-020,"Opening and Concreting of Sitio Malabnig, Brgy. Balatbat FMR, Brgy. Balatbat, Lobo, Batangas",70000000,2025,"Concreting of Sitio Hulo, Brgy. Biga FMR (Phase II), Brgy. Biga, Lobo, Batangas",24000000,0.667,1,46000000,HB 10858 Vol I-B p. 696,GAA-2025 · Department of Agriculture (DA) · Office of the Secretary,,,,not stated,one side stated,Prior Phase 2 only,False
fmr,2027,HB10858-FMR-0696-020,"Opening and Concreting of Sitio Malabnig, Brgy. Balatbat FMR, Brgy. Balatbat, Lobo, Batangas",70000000,2025,"Concreting of Brgy. Nagtaluntong FMR (Phase I), Brgy. Nagtaluntong, Lobo, Batangas",15000000,0.495,2,55000000,HB 10858 Vol I-B p. 696,GAA-2025 · Department of Agriculture (DA) · Office of the Secretary,,,,not stated,one side stated,Prior Phase 1 only,False
fmr,2027,HB10858-FMR-0696-020,"Opening and Concreting of Sitio Malabnig, Brgy. Balatbat FMR, Brgy. Balatbat, Lobo, Batangas",70000000,2025,"Concreting of Brgy. Nagtaluntong FMR (Phase II), Brgy. Nagtaluntong, Lobo, Batangas",16000000,0.495,3,54000000,HB 10858 Vol I-B p. 696,GAA-2025 · Department of Agriculture (DA) · Office of the Secretary,,,,not stated,one side stated,Prior Phase 2 only,False
fmr,2027,HB10858-FMR-0696-021,"Opening and Concreting of Brgy. Nagtaluntong FMR at Sitio Hambuhang Aso, Brgy. Nagtaluntong, Lobo, Batangas",30000000,2025,"Concreting of Brgy. Nagtaluntong FMR (Phase I), Brgy. Nagtaluntong, Lobo, Batangas",15000000,0.754,1,15000000,HB 10858 Vol I-B p. 696,GAA-2025 · Department of Agriculture (DA) · Office of the Secretary,,,,not stated,one side stated,Prior Phase 1 only,False
fmr,2027,HB10858-FMR-0696-021,"Opening and Concreting of Brgy. Nagtaluntong FMR at Sitio Hambuhang Aso, Brgy. Nagtaluntong, Lobo, Batangas",30000000,2025,"Concreting of Brgy. Nagtaluntong FMR (Phase II), Brgy. Nagtaluntong, Lobo, Batangas",16000000,0.754,2,14000000,HB 10858 Vol I-B p. 696,GAA-2025 · Department of Agriculture (DA) · Office of the Secretary,,,,not stated,one side stated,Prior Phase 2 only,False
fmr,2027,HB10858-FMR-0696-021,"Opening and Concreting of Brgy. Nagtaluntong FMR at Sitio Hambuhang Aso, Brgy. Nagtaluntong, Lobo, Batangas",30000000,2025,"Concreting of Brgy. Bambang FMR Phase II, Brgy. Bambang, Calaca, Batangas",10000000,0.509,3,20000000,HB 10858 Vol I-B p. 696,GAA-2025 · Department of Agriculture (DA) · Office of the Secretary,,,,not stated,one side stated,Prior Phase 2 only,False
fmr,2027,HB10858-FMR-0696-023,"Concreting of Brgy. Pook ni Banal FMR, Brgy. Pook ni Banal, San Pascual, Batangas",5000000,2025,"Concreting of Brgy. Bambang FMR Phase II, Brgy. Bambang, Calaca, Batangas",10000000,0.552,1,-5000000,HB 10858 Vol I-B p. 696,GAA-2025 · Department of Agriculture (DA) · Office of the Secretary,,,,not stated,one side stated,Prior Phase 2 only,False
fmr,2027,HB10858-FMR-0696-023,"Concreting of Brgy. Pook ni Banal FMR, Brgy. Pook ni Banal, San Pascual, Batangas",5000000,2025,"Concreting of FMR at Brgy. Santor, Tanauan City, Batangas",20000000,0.524,2,-15000000,HB 10858 Vol I-B p. 696,GAA-2025 · Department of Agriculture (DA) · Office of the Secretary,,,,not stated,not stated,,False
fmr,2027,HB10858-FMR-0696-023,"Concreting of Brgy. Pook ni Banal FMR, Brgy. Pook ni Banal, San Pascual, Batangas",5000000,2025,"Concreting of FMR at Brgy. Calumayin, Cuenca, Batangas",20000000,0.519,3,-15000000,HB 10858 Vol I-B p. 696,GAA-2025 · Department of Agriculture (DA) · Office of the Secretary,,,,not stated,not stated,,False
fmr,2027,HB10858-FMR-0696-024,"Concreting of Brgy. San Pablo FMR, Brgy. San Pablo, Bauan, Batangas",5000000,2025,"Concreting of Brgy. Bambang FMR Phase II, Brgy. Bambang, Calaca, Batangas",10000000,0.63,1,-5000000,HB 10858 Vol I-B p. 696,GAA-2025 · Department of Agriculture (DA) · Office of the Secretary,,,,not stated,one side stated,Prior Phase 2 only,False
fmr,2027,HB10858-FMR-0696-024,"Concreting of Brgy. San Pablo FMR, Brgy. San Pablo, Bauan, Batangas",5000000,2025,"Concreting of Brgy. Nagtaluntong FMR (Phase I), Brgy. Nagtaluntong, Lobo, Batangas",15000000,0.568,2,-10000000,HB 10858 Vol I-B p. 696,GAA-2025 · Department of Agriculture (DA) · Office of the Secretary,,,,not stated,one side stated,Prior Phase 1 only,False
fmr,2027,HB10858-FMR-0696-024,"Concreting of Brgy. San Pablo FMR, Brgy. San Pablo, Bauan, Batangas",5000000,2025,"Concreting of Brgy. Nagtaluntong FMR (Phase II), Brgy. Nagtaluntong, Lobo, Batangas",16000000,0.568,3,-11000000,HB 10858 Vol I-B p. 696,GAA-2025 · Department of Agriculture (DA) · Office of the Secretary,,,,not stated,one side stated,Prior Phase 2 only,False
fmr,2027,HB10858-FMR-0696-025,"Concreting of Brgy. Bulacan FMR, Brgy. Bulacan, Mabini Batangas",5000000,2025,"Concreting of Brgy. Bambang FMR Phase II, Brgy. Bambang, Calaca, Batangas",10000000,0.657,1,-5000000,HB 10858 Vol I-B p. 696,GAA-2025 · Department of Agriculture (DA) · Office of the Secretary,,,,not stated,one side stated,Prior Phase 2 only,False
fmr,2027,HB10858-FMR-0696-025,"Concreting of Brgy. Bulacan FMR, Brgy. Bulacan, Mabini Batangas",5000000,2025,"Concreting of FMR at Brgy. Bangin, San Nicolas, Batangas",10000000,0.606,2,-5000000,HB 10858 Vol I-B p. 696,GAA-2025 · Department of Agriculture (DA) · Office of the Secretary,,,,not stated,not stated,,False
fmr,2027,HB10858-FMR-0696-025,"Concreting of Brgy. Bulacan FMR, Brgy. Bulacan, Mabini Batangas",5000000,2025,"Concreting of FMR at Brgy. Balagbag, Cuenca, Batangas",20000000,0.571,3,-15000000,HB 10858 Vol I-B p. 696,GAA-2025 · Department of Agriculture (DA) · Office of the Secretary,,,,not stated,not stated,,False
fmr,2027,HB10858-FMR-0696-026,"Concreting of Brgy. San Martin FMR, Brgy. San Martin, San Luis, Batangas",5000000,2025,"Concreting of FMR at Brgy. Bangin, San Nicolas, Batangas",10000000,0.649,1,-5000000,HB 10858 Vol I-B p. 696,GAA-2025 · Department of Agriculture (DA) · Office of the Secretary,,,,not stated,not stated,,False
fmr,2027,HB10858-FMR-0696-026,"Concreting of Brgy. San Martin FMR, Brgy. San Martin, San Luis, Batangas",5000000,2025,"Concreting of FMR at Brgy. Santor, Tanauan City, Batangas",20000000,0.613,2,-15000000,HB 10858 Vol I-B p. 696,GAA-2025 · Department of Agriculture (DA) · Office of the Secretary,,,,not stated,not stated,,False
fmr,2027,HB10858-FMR-0696-026,"Concreting of Brgy. San Martin FMR, Brgy. San Martin, San Luis, Batangas",5000000,2025,"Concreting of FMR at Brgy. As-Is, Laurel, Batangas",20000000,0.588,3,-15000000,HB 10858 Vol I-B p. 696,GAA-2025 · Department of Agriculture (DA) · Office of the Secretary,,,,not stated,not stated,,False
fmr,2027,HB10858-FMR-0696-027,"Concreting of Brgy. Balagtasin FMR, Brgy. Balagtasin, San Luis, Batangas",10000000,2025,"Concreting of FMR at Brgy. Bangin, San Nicolas, Batangas",10000000,0.676,1,0,HB 10858 Vol I-B p. 696,GAA-2025 · Department of Agriculture (DA) · Office of the Secretary,,,,not stated,not stated,,False
fmr,2027,HB10858-FMR-0696-027,"Concreting of Brgy. Balagtasin FMR, Brgy. Balagtasin, San Luis, Batangas",10000000,2025,"Concreting of Brgy. Balaong FMR (Phase I), Brgy. Balaong, San Miguel, Bulacan",5000000,0.642,2,5000000,HB 10858 Vol I-B p. 696,GAA-2025 · Department of Agriculture (DA) · Office of the Secretary,,,,not stated,one side stated,Prior Phase 1 only,False
fmr,2027,HB10858-FMR-0696-027,"Concreting of Brgy. Balagtasin FMR, Brgy. Balagtasin, San Luis, Batangas",10000000,2025,"Concreting of Brgy. Nagtaluntong FMR (Phase I), Brgy. Nagtaluntong, Lobo, Batangas",15000000,0.628,3,-5000000,HB 10858 Vol I-B p. 696,GAA-2025 · Department of Agriculture (DA) · Office of the Secretary,,,,not stated,one side stated,Prior Phase 1 only,False
fmr,2027,HB10858-FMR-0696-028,"Concreting of Brgy. Sta Ana FMR, Brgy. Sta Ana, Mabini, Batangas",5000000,2025,"Concreting of Brgy. Bambang FMR Phase II, Brgy. Bambang, Calaca, Batangas",10000000,0.629,1,-5000000,HB 10858 Vol I-B p. 696,GAA-2025 · Department of Agriculture (DA) · Office of the Secretary,,,,not stated,one side stated,Prior Phase 2 only,False
fmr,2027,HB10858-FMR-0696-028,"Concreting of Brgy. Sta Ana FMR, Brgy. Sta Ana, Mabini, Batangas",5000000,2025,"Concreting of FMR at Brgy. Santor, Tanauan City, Batangas",20000000,0.627,2,-15000000,HB 10858 Vol I-B p. 696,GAA-2025 · Department of Agriculture (DA) · Office of the Secretary,,,,not stated,not stated,,False
fmr,2027,HB10858-FMR-0696-028,"Concreting of Brgy. Sta Ana FMR, Brgy. Sta Ana, Mabini, Batangas",5000000,2025,"Concreting of FMR at Brgy. Maabud South, San Nicolas, Batangas",10000000,0.583,3,-5000000,HB 10858 Vol I-B p. 696,GAA-2025 · Department of Agriculture (DA) · Office of the Secretary,,,,not stated,not stated,,False
fmr,2027,HB10858-FMR-0696-029,"Concreting of Brgy. Boboy FMR, Brgy. Boboy, San Luis, Batangas",10000000,2025,"Concreting of FMR at Brgy. Caloocan, Talisay, Batangas",10000000,0.677,1,0,HB 10858 Vol I-B p. 696,GAA-2025 · Department of Agriculture (DA) · Office of the Secretary,,,,not stated,not stated,,False
fmr,2027,HB10858-FMR-0696-029,"Concreting of Brgy. Boboy FMR, Brgy. Boboy, San Luis, Batangas",10000000,2025,"Concreting of FMR at Brgy. Bangin, San Nicolas, Batangas",10000000,0.656,2,0,HB 10858 Vol I-B p. 696,GAA-2025 · Department of Agriculture (DA) · Office of the Secretary,,,,not stated,not stated,,False
fmr,2027,HB10858-FMR-0696-029,"Concreting of Brgy. Boboy FMR, Brgy. Boboy, San Luis, Batangas",10000000,2025,"Concreting of Brgy. Bambang FMR Phase II, Brgy. Bambang, Calaca, Batangas",10000000,0.647,3,0,HB 10858 Vol I-B p. 696,GAA-2025 · Department of Agriculture (DA) · Office of the Secretary,,,,not stated,one side stated,Prior Phase 2 only,False
fmr,2027,HB10858-FMR-0696-030,"Concreting of Sitio 7, Brgy. Balite FMR, Sitio 7, Brgy. Balite, San Luis, Batangas",5000000,2025,"Concreting of Sitio Hulo, Brgy. Biga FMR (Phase II), Brgy. Biga, Lobo, Batangas",24000000,0.607,1,-19000000,HB 10858 Vol I-B p. 696,GAA-2025 · Department of Agriculture (DA) · Office of the Secretary,,,,not stated,one side stated,Prior Phase 2 only,False
fmr,2027,HB10858-FMR-0696-030,"Concreting of Sitio 7, Brgy. Balite FMR, Sitio 7, Brgy. Balite, San Luis, Batangas",5000000,2025,"Concreting of FMR at Brgy. Bangin, San Nicolas, Batangas",10000000,0.561,2,-5000000,HB 10858 Vol I-B p. 696,GAA-2025 · Department of Agriculture (DA) · Office of the Secretary,,,,not stated,not stated,,False
fmr,2027,HB10858-FMR-0696-030,"Concreting of Sitio 7, Brgy. Balite FMR, Sitio 7, Brgy. Balite, San Luis, Batangas",5000000,2025,"Concreting of Brgy. Nagtaluntong FMR (Phase I), Brgy. Nagtaluntong, Lobo, Batangas",15000000,0.532,3,-10000000,HB 10858 Vol I-B p. 696,GAA-2025 · Department of Agriculture (DA) · Office of the Secretary,,,,not stated,one side stated,Prior Phase 1 only,False
fmr,2027,HB10858-FMR-0698-001,"Concreting of Sitio Malitlit, Brgy. Jaybanga FMR, Brgy. Jaybanga, Lobo, Batangas",5000000,2025,"Concreting of Sitio Hulo, Brgy. Biga FMR (Phase II), Brgy. Biga, Lobo, Batangas",24000000,0.727,1,-19000000,HB 10858 Vol I-B p. 698,GAA-2025 · Department of Agriculture (DA) · Office of the Secretary,,,,not stated,one side stated,Prior Phase 2 only,False
fmr,2027,HB10858-FMR-0698-001,"Concreting of Sitio Malitlit, Brgy. Jaybanga FMR, Brgy. Jaybanga, Lobo, Batangas",5000000,2025,"Concreting of Brgy. Nagtaluntong FMR (Phase I), Brgy. Nagtaluntong, Lobo, Batangas",15000000,0.624,2,-10000000,HB 10858 Vol I-B p. 698,GAA-2025 · Department of Agriculture (DA) · Office of the Secretary,,,,not stated,one side stated,Prior Phase 1 only,False
fmr,2027,HB10858-FMR-0698-001,"Concreting of Sitio Malitlit, Brgy. Jaybanga FMR, Brgy. Jaybanga, Lobo, Batangas",5000000,2025,"Concreting of Brgy. Nagtaluntong FMR (Phase II), Brgy. Nagtaluntong, Lobo, Batangas",16000000,0.624,3,-11000000,HB 10858 Vol I-B p. 698,GAA-2025 · Department of Agriculture (DA) · Office of the Secretary,,,,not stated,one side stated,Prior Phase 2 only,False
fmr,2027,HB10858-FMR-0698-002,"Concreting of Sitio Panumban, Brgy. Kaypaaba FMR, Brgy. Kaypaaba, General Emilio Aguinaldo, Cavite",10000000,2025,"Concreting of Sitio Gumihan, Brgy. Maytoong FMR Phase II, Brgy. Maytoong, Paete, Laguna",5550000,0.5,1,4450000,HB 10858 Vol I-B p. 698,GAA-2025 · Department of Agriculture (DA) · Office of the Secretary,,,,not stated,one side stated,Prior Phase 2 only,False
fmr,2027,HB10858-FMR-0698-002,"Concreting of Sitio Panumban, Brgy. Kaypaaba FMR, Brgy. Kaypaaba, General Emilio Aguinaldo, Cavite",10000000,2025,"Concreting of Sitio Mainit, Brgy. San Jose FMR Phase 3, Brgy. San Jose, Antipolo City, Rizal",20000000,0.459,2,-10000000,HB 10858 Vol I-B p. 698,GAA-2025 · Department of Agriculture (DA) · Office of the Secretary,,,,not stated,one side stated,Prior Phase 3 only,False
fmr,2027,HB10858-FMR-0698-002,"Concreting of Sitio Panumban, Brgy. Kaypaaba FMR, Brgy. Kaypaaba, General Emilio Aguinaldo, Cavite",10000000,2025,"Concreting of Sitio San Ysiro, Brgy. San Jose FMR Phase 6, Brgy. San Jose, Antipolo City Rizal",15000000,0.432,3,-5000000,HB 10858 Vol I-B p. 698,GAA-2025 · Department of Agriculture (DA) · Office of the Secretary,,,,not stated,one side stated,Prior Phase 6 only,False
fmr,2027,HB10858-FMR-0698-003,"Concreting of Brgy. Sawang FMR, Brgy. Sawang, Lobo, Batangas",10000000,2025,"Concreting of Brgy. Nagtaluntong FMR (Phase I), Brgy. Nagtaluntong, Lobo, Batangas",15000000,0.73,1,-5000000,HB 10858 Vol I-B p. 698,GAA-2025 · Department of Agriculture (DA) · Office of the Secretary,,,,not stated,one side stated,Prior Phase 1 only,False
fmr,2027,HB10858-FMR-0698-003,"Concreting of Brgy. Sawang FMR, Brgy. Sawang, Lobo, Batangas",10000000,2025,"Concreting of Brgy. Nagtaluntong FMR (Phase II), Brgy. Nagtaluntong, Lobo, Batangas",16000000,0.73,2,-6000000,HB 10858 Vol I-B p. 698,GAA-2025 · Department of Agriculture (DA) · Office of the Secretary,,,,not stated,one side stated,Prior Phase 2 only,False
fmr,2027,HB10858-FMR-0698-003,"Concreting of Brgy. Sawang FMR, Brgy. Sawang, Lobo, Batangas",10000000,2025,"Concreting of Brgy. Bambang FMR Phase II, Brgy. Bambang, Calaca, Batangas",10000000,0.727,3,0,HB 10858 Vol I-B p. 698,GAA-2025 · Department of Agriculture (DA) · Office of the Secretary,,,,not stated,one side stated,Prior Phase 2 only,False
fmr,2027,HB10858-FMR-0698-004,"Concreting of Sitio Takutan, Brgy. Dalusag FMR, Brgy. Dalusag, General Emilio Aguinaldo, Cavite",10000000,2025,"Concreting of Sitio Gumihan, Brgy. Maytoong FMR Phase II, Brgy. Maytoong, Paete, Laguna",5550000,0.496,1,4450000,HB 10858 Vol I-B p. 698,GAA-2025 · Department of Agriculture (DA) · Office of the Secretary,,,,not stated,one side stated,Prior Phase 2 only,False
fmr,2027,HB10858-FMR-0698-004,"Concreting of Sitio Takutan, Brgy. Dalusag FMR, Brgy. Dalusag, General Emilio Aguinaldo, Cavite",10000000,2025,"Concreting of Sitio Mainit, Brgy. San Jose FMR Phase 3, Brgy. San Jose, Antipolo City, Rizal",20000000,0.487,2,-10000000,HB 10858 Vol I-B p. 698,GAA-2025 · Department of Agriculture (DA) · Office of the Secretary,,,,not stated,one side stated,Prior Phase 3 only,False
fmr,2027,HB10858-FMR-0698-004,"Concreting of Sitio Takutan, Brgy. Dalusag FMR, Brgy. Dalusag, General Emilio Aguinaldo, Cavite",10000000,2025,"Concreting of Sitio San Ysiro, Brgy. San Jose FMR Phase 6, Brgy. San Jose, Antipolo City Rizal",15000000,0.475,3,-5000000,HB 10858 Vol I-B p. 698,GAA-2025 · Department of Agriculture (DA) · Office of the Secretary,,,,not stated,one side stated,Prior Phase 6 only,False
fmr,2027,HB10858-FMR-0698-005,"Concreting of Brgy. Tayuman - Brgy. San Miguel FMR, Brgy. Tayuman and Brgy. San Miguel, Lobo, Batangas",25000000,2025,"Concreting of Brgy. Nagtaluntong FMR (Phase I), Brgy. Nagtaluntong, Lobo, Batangas",15000000,0.633,1,10000000,HB 10858 Vol I-B p. 698,GAA-2025 · Department of Agriculture (DA) · Office of the Secretary,,,,not stated,one side stated,Prior Phase 1 only,False
fmr,2027,HB10858-FMR-0698-005,"Concreting of Brgy. Tayuman - Brgy. San Miguel FMR, Brgy. Tayuman and Brgy. San Miguel, Lobo, Batangas",25000000,2025,"Concreting of Brgy. Nagtaluntong FMR (Phase II), Brgy. Nagtaluntong, Lobo, Batangas",16000000,0.633,2,9000000,HB 10858 Vol I-B p. 698,GAA-2025 · Department of Agriculture (DA) · Office of the Secretary,,,,not stated,one side stated,Prior Phase 2 only,False
fmr,2027,HB10858-FMR-0698-005,"Concreting of Brgy. Tayuman - Brgy. San Miguel FMR, Brgy. Tayuman and Brgy. San Miguel, Lobo, Batangas",25000000,2025,"Concreting of Sitio Hulo, Brgy. Biga FMR (Phase II), Brgy. Biga, Lobo, Batangas",24000000,0.559,3,1000000,HB 10858 Vol I-B p. 698,GAA-2025 · Department of Agriculture (DA) · Office of the Secretary,,,,not stated,one side stated,Prior Phase 2 only,False
fmr,2027,HB10858-FMR-0698-006,"Concreting of Brgy. Sambong FMR, Brgy, Sambong, Tagaytay City, Cavite",15000000,2025,"Concreting of Brgy. Caluangan FMR (Phase I), Brgy. Caluangan, Magallanes, Cavite",15000000,0.568,1,0,HB 10858 Vol I-B p. 698,GAA-2025 · Department of Agriculture (DA) · Office of the Secretary,,,,not stated,one side stated,Prior Phase 1 only,False
fmr,2027,HB10858-FMR-0698-006,"Concreting of Brgy. Sambong FMR, Brgy, Sambong, Tagaytay City, Cavite",15000000,2025,"Concreting of Brgy. Caluangan FMR (Phase II), Brgy. Caluangan, Magallanes, Cavite",10000000,0.568,2,5000000,HB 10858 Vol I-B p. 698,GAA-2025 · Department of Agriculture (DA) · Office of the Secretary,,,,not stated,one side stated,Prior Phase 2 only,False
fmr,2027,HB10858-FMR-0698-006,"Concreting of Brgy. Sambong FMR, Brgy, Sambong, Tagaytay City, Cavite",15000000,2025,"Concreting of FMR at Brgy. Santor, Tanauan City, Batangas",20000000,0.556,3,-5000000,HB 10858 Vol I-B p. 698,GAA-2025 · Department of Agriculture (DA) · Office of the Secretary,,,,not stated,not stated,,False
fmr,2027,HB10858-FMR-0698-007,"Concreting of Brgy. Bonliw FMR, Brgy. Bonliw, San Luis, Batangas",8000000,2025,"Concreting of FMR at Brgy. Bangin, San Nicolas, Batangas",10000000,0.697,1,-2000000,HB 10858 Vol I-B p. 698,GAA-2025 · Department of Agriculture (DA) · Office of the Secretary,,,,not stated,not stated,,False
fmr,2027,HB10858-FMR-0698-007,"Concreting of Brgy. Bonliw FMR, Brgy. Bonliw, San Luis, Batangas",8000000,2025,"Concreting of FMR at Brgy. Caloocan, Talisay, Batangas",10000000,0.625,2,-2000000,HB 10858 Vol I-B p. 698,GAA-2025 · Department of Agriculture (DA) · Office of the Secretary,,,,not stated,not stated,,False
fmr,2027,HB10858-FMR-0698-007,"Concreting of Brgy. Bonliw FMR, Brgy. Bonliw, San Luis, Batangas",8000000,2025,"Concreting of FMR at Brgy. Maabud South, San Nicolas, Batangas",10000000,0.611,3,-2000000,HB 10858 Vol I-B p. 698,GAA-2025 · Department of Agriculture (DA) · Office of the Secretary,,,,not stated,not stated,,False
fmr,2027,HB10858-FMR-0698-008,"Opening and Concreting of Brgy. Santa Veronica FMR, Brgy. Santa Veronica, San Pablo City, Laguna",15000000,2025,"Concreting of Sitio Mainit, Brgy. San Jose FMR Phase 3, Brgy. San Jose, Antipolo City, Rizal",20000000,0.547,1,-5000000,HB 10858 Vol I-B p. 698,GAA-2025 · Department of Agriculture (DA) · Office of the Secretary,,,,not stated,one side stated,Prior Phase 3 only,False
fmr,2027,HB10858-FMR-0698-008,"Opening and Concreting of Brgy. Santa Veronica FMR, Brgy. Santa Veronica, San Pablo City, Laguna",15000000,2025,"Concreting of Sitio San Ysiro, Brgy. San Jose FMR Phase 6, Brgy. San Jose, Antipolo City Rizal",15000000,0.533,2,0,HB 10858 Vol I-B p. 698,GAA-2025 · Department of Agriculture (DA) · Office of the Secretary,,,,not stated,one side stated,Prior Phase 6 only,False
fmr,2027,HB10858-FMR-0698-008,"Opening and Concreting of Brgy. Santa Veronica FMR, Brgy. Santa Veronica, San Pablo City, Laguna",15000000,2025,"Concreting of Brgy. Annanuman - Brgy. Dalena FMR Phase III, Brgy. Annanuman, San Pablo, Isabela",10000000,0.486,3,5000000,HB 10858 Vol I-B p. 698,GAA-2025 · Department of Agriculture (DA) · Office of the Secretary,,,,not stated,one side stated,Prior Phase 3 only,False
fmr,2027,HB10858-FMR-0698-009,"Concreting of Brgy. Balibago FMR, Brgy. Balibago, Lobo, Batangas",15000000,2025,"Concreting of Brgy. Bambang FMR Phase II, Brgy. Bambang, Calaca, Batangas",10000000,0.743,1,5000000,HB 10858 Vol I-B p. 698,GAA-2025 · Department of Agriculture (DA) · Office of the Secretary,,,,not stated,one side stated,Prior Phase 2 only,False
fmr,2027,HB10858-FMR-0698-009,"Concreting of Brgy. Balibago FMR, Brgy. Balibago, Lobo, Batangas",15000000,2025,"Concreting of Brgy. Nagtaluntong FMR (Phase I), Brgy. Nagtaluntong, Lobo, Batangas",15000000,0.641,2,0,HB 10858 Vol I-B p. 698,GAA-2025 · Department of Agriculture (DA) · Office of the Secretary,,,,not stated,one side stated,Prior Phase 1 only,False
fmr,2027,HB10858-FMR-0698-009,"Concreting of Brgy. Balibago FMR, Brgy. Balibago, Lobo, Batangas",15000000,2025,"Concreting of Brgy. Nagtaluntong FMR (Phase II), Brgy. Nagtaluntong, Lobo, Batangas",16000000,0.641,3,-1000000,HB 10858 Vol I-B p. 698,GAA-2025 · Department of Agriculture (DA) · Office of the Secretary,,,,not stated,one side stated,Prior Phase 2 only,False
fmr,2027,HB10858-FMR-0698-010,"Opening and Concreting of Brgy. Dolores FMR, Brgy. Dolores, San Pablo City, Laguna",15000000,2025,"Concreting of Sitio Mainit, Brgy. San Jose FMR Phase 3, Brgy. San Jose, Antipolo City, Rizal",20000000,0.505,1,-5000000,HB 10858 Vol I-B p. 698,GAA-2025 · Department of Agriculture (DA) · Office of the Secretary,,,,not stated,one side stated,Prior Phase 3 only,False
fmr,2027,HB10858-FMR-0698-010,"Opening and Concreting of Brgy. Dolores FMR, Brgy. Dolores, San Pablo City, Laguna",15000000,2025,"Opening and Concreting of FMR at Brgy. Quirino-San Geronimo, Bagabag, Nueva Vizcaya",30000000,0.466,2,-15000000,HB 10858 Vol I-B p. 698,GAA-2025 · Department of Agriculture (DA) · Office of the Secretary,,,,not stated,not stated,,False
fmr,2027,HB10858-FMR-0698-010,"Opening and Concreting of Brgy. Dolores FMR, Brgy. Dolores, San Pablo City, Laguna",15000000,2025,"Concreting of FMR at Brgy. San Pablo to Brgy. San Agustin, Magalang, Pampanga",35000000,0.442,3,-20000000,HB 10858 Vol I-B p. 698,GAA-2025 · Department of Agriculture (DA) · Office of the Secretary,,,,not stated,not stated,,False
fmr,2027,HB10858-FMR-0698-011,"Concreting of Brgy. Papaya FMR, Brgy. Papaya, Tingloy, Batangas Section 1: START: 13.637293, 120.885406",15000000,2025,"Concreting of Brgy. Nagtaluntong FMR (Phase I), Brgy. Nagtaluntong, Lobo, Batangas",15000000,0.404,1,0,HB 10858 Vol I-B p. 698,GAA-2025 · Department of Agriculture (DA) · Office of the Secretary,,,,not stated,different marker type,SECTION vs PHASE,False
fmr,2027,HB10858-FMR-0698-011,"Concreting of Brgy. Papaya FMR, Brgy. Papaya, Tingloy, Batangas Section 1: START: 13.637293, 120.885406",15000000,2025,"Concreting of Brgy. Nagtaluntong FMR (Phase II), Brgy. Nagtaluntong, Lobo, Batangas",16000000,0.404,2,-1000000,HB 10858 Vol I-B p. 698,GAA-2025 · Department of Agriculture (DA) · Office of the Secretary,,,,not stated,different marker type,SECTION vs PHASE,False
fmr,2027,HB10858-FMR-0698-011,"Concreting of Brgy. Papaya FMR, Brgy. Papaya, Tingloy, Batangas Section 1: START: 13.637293, 120.885406",15000000,2025,"Concreting of Brgy. Bambang FMR Phase II, Brgy. Bambang, Calaca, Batangas",10000000,0.396,3,5000000,HB 10858 Vol I-B p. 698,GAA-2025 · Department of Agriculture (DA) · Office of the Secretary,,,,not stated,different marker type,SECTION vs PHASE,False
fmr,2027,HB10858-FMR-0698-012,"Construction of Brgy. Santol FMR, Brgy. Santol, Mauban, Quezon",5000000,2025,"Concreting of Brgy. Tabason-Sto. Tomas-San Vicente FMR (Phase II), Tagkawayan, Quezon",10000000,0.488,1,-5000000,HB 10858 Vol I-B p. 698,GAA-2025 · Department of Agriculture (DA) · Office of the Secretary,,,,not stated,one side stated,Prior Phase 2 only,False
fmr,2027,HB10858-FMR-0698-012,"Construction of Brgy. Santol FMR, Brgy. Santol, Mauban, Quezon",5000000,2025,"Concreting of FMR at Brgy. Escaler Road (Phase II), Magalang, Pampanga",35000000,0.467,2,-30000000,HB 10858 Vol I-B p. 698,GAA-2025 · Department of Agriculture (DA) · Office of the Secretary,,,,not stated,one side stated,Prior Phase 2 only,False
fmr,2027,HB10858-FMR-0698-012,"Construction of Brgy. Santol FMR, Brgy. Santol, Mauban, Quezon",5000000,2025,"Concreting of FMR at Brgy. Pulung Santol, Porac, Pampanga",20000000,0.444,3,-15000000,HB 10858 Vol I-B p. 698,GAA-2025 · Department of Agriculture (DA) · Office of the Secretary,,,,not stated,not stated,,False
fmr,2027,HB10858-FMR-0698-013,"Concreting of Brgy. San Nicolas FMR, Brgy. San Nicolas, Lobo, Batangas",10000000,2025,"Concreting of FMR at Brgy. Bangin, San Nicolas, Batangas",10000000,0.667,1,0,HB 10858 Vol I-B p. 698,GAA-2025 · Department of Agriculture (DA) · Office of the Secretary,,,,not stated,not stated,,False
fmr,2027,HB10858-FMR-0698-013,"Concreting of Brgy. San Nicolas FMR, Brgy. San Nicolas, Lobo, Batangas",10000000,2025,"Concreting of FMR at Brgy. Maabud South, San Nicolas, Batangas",10000000,0.615,2,0,HB 10858 Vol I-B p. 698,GAA-2025 · Department of Agriculture (DA) · Office of the Secretary,,,,not stated,not stated,,False
fmr,2027,HB10858-FMR-0698-013,"Concreting of Brgy. San Nicolas FMR, Brgy. San Nicolas, Lobo, Batangas",10000000,2025,"Concreting of Brgy. Nagtaluntong FMR (Phase I), Brgy. Nagtaluntong, Lobo, Batangas",15000000,0.595,3,-5000000,HB 10858 Vol I-B p. 698,GAA-2025 · Department of Agriculture (DA) · Office of the Secretary,,,,not stated,one side stated,Prior Phase 1 only,False
fmr,2027,HB10858-FMR-0698-014,"Construction of Brgy. Agot FMR, Boac, Marinduque",15000000,2025,"Concreting of Brgy. Mabaca FMR Phase II, Brgy. Mabaca, Balbalan, Kalinga",10000000,0.448,1,5000000,HB 10858 Vol I-B p. 698,GAA-2025 · Department of Agriculture (DA) · Office of the Secretary,,,,not stated,one side stated,Prior Phase 2 only,False
fmr,2027,HB10858-FMR-0698-014,"Construction of Brgy. Agot FMR, Boac, Marinduque",15000000,2025,"Concreting of Brgy. Catacte FMR Brgy. Catacte, Bustos, Bulacan",5000000,0.414,2,10000000,HB 10858 Vol I-B p. 698,GAA-2025 · Department of Agriculture (DA) · Office of the Secretary,,,,not stated,not stated,,False
fmr,2027,HB10858-FMR-0698-014,"Construction of Brgy. Agot FMR, Boac, Marinduque",15000000,2025,"Concreting of FMR at Brgy. Barit, Candaba, Pampanga",25000000,0.4,3,-10000000,HB 10858 Vol I-B p. 698,GAA-2025 · Department of Agriculture (DA) · Office of the Secretary,,,,not stated,not stated,,False
fmr,2027,HB10858-FMR-0698-015,"Concreting of Brgy. Soloc FMR, Brgy. Soloc, Lobo, Batangas",10000000,2025,"Concreting of Sitio Hulo, Brgy. Biga FMR (Phase II), Brgy. Biga, Lobo, Batangas",24000000,0.687,1,-14000000,HB 10858 Vol I-B p. 698,GAA-2025 · Department of Agriculture (DA) · Office of the Secretary,,,,not stated,one side stated,Prior Phase 2 only,False
fmr,2027,HB10858-FMR-0698-015,"Concreting of Brgy. Soloc FMR, Brgy. Soloc, Lobo, Batangas",10000000,2025,"Concreting of FMR at Brgy. Caloocan, Talisay, Batangas",10000000,0.621,2,0,HB 10858 Vol I-B p. 698,GAA-2025 · Department of Agriculture (DA) · Office of the Secretary,,,,not stated,not stated,,False
fmr,2027,HB10858-FMR-0698-015,"Concreting of Brgy. Soloc FMR, Brgy. Soloc, Lobo, Batangas",10000000,2025,"Concreting of FMR at MAFC, Balete, Batangas",10000000,0.604,3,0,HB 10858 Vol I-B p. 698,GAA-2025 · Department of Agriculture (DA) · Office of the Secretary,,,,not stated,not stated,,False
fmr,2027,HB10858-FMR-0698-016,"Construction of Brgy. Morales FMR, Brgy. Morales, Santa Cruz, Marinduque",15000000,2025,"Concreting of Brgy. Calamagui North FMR Phase II, Brgy. Calamagui North, Santa Maria, Isabela",10000000,0.479,1,5000000,HB 10858 Vol I-B p. 698,GAA-2025 · Department of Agriculture (DA) · Office of the Secretary,,,,not stated,one side stated,Prior Phase 2 only,False
fmr,2027,HB10858-FMR-0698-016,"Construction of Brgy. Morales FMR, Brgy. Morales, Santa Cruz, Marinduque",15000000,2025,"Concreting of FMR at Brgy. Lourdes, Candaba, Pampanga",20000000,0.464,2,-5000000,HB 10858 Vol I-B p. 698,GAA-2025 · Department of Agriculture (DA) · Office of the Secretary,,,,not stated,not stated,,False
fmr,2027,HB10858-FMR-0698-016,"Construction of Brgy. Morales FMR, Brgy. Morales, Santa Cruz, Marinduque",15000000,2025,"Concreting of FMR at Brgy. Pescadores, Candaba, Pampanga",25000000,0.444,3,-10000000,HB 10858 Vol I-B p. 698,GAA-2025 · Department of Agriculture (DA) · Office of the Secretary,,,,not stated,not stated,,False
fmr,2027,HB10858-FMR-0698-017,"Concreting of Brgy. Balibago FMR, Brgy. Balibago, Lobo, Batangas",5000000,2025,"Concreting of Brgy. Bambang FMR Phase II, Brgy. Bambang, Calaca, Batangas",10000000,0.743,1,-5000000,HB 10858 Vol I-B p. 698,GAA-2025 · Department of Agriculture (DA) · Office of the Secretary,,,,not stated,one side stated,Prior Phase 2 only,False
fmr,2027,HB10858-FMR-0698-017,"Concreting of Brgy. Balibago FMR, Brgy. Balibago, Lobo, Batangas",5000000,2025,"Concreting of Brgy. Nagtaluntong FMR (Phase I), Brgy. Nagtaluntong, Lobo, Batangas",15000000,0.641,2,-10000000,HB 10858 Vol I-B p. 698,GAA-2025 · Department of Agriculture (DA) · Office of the Secretary,,,,not stated,one side stated,Prior Phase 1 only,False
fmr,2027,HB10858-FMR-0698-017,"Concreting of Brgy. Balibago FMR, Brgy. Balibago, Lobo, Batangas",5000000,2025,"Concreting of Brgy. Nagtaluntong FMR (Phase II), Brgy. Nagtaluntong, Lobo, Batangas",16000000,0.641,3,-11000000,HB 10858 Vol I-B p. 698,GAA-2025 · Department of Agriculture (DA) · Office of the Secretary,,,,not stated,one side stated,Prior Phase 2 only,False
fmr,2027,HB10858-FMR-0698-018,"Construction of Brgy. Balansay FMR, Brgy. Balansay, Mamburao, Occidental Mindoro",15000000,2025,"Concreting of Brgy. Tanglad FMR (Phase II), Brgy. Tanglad, Sta. Maria, Davao Occidental",15000000,0.632,1,0,HB 10858 Vol I-B p. 698,GAA-2025 · Department of Agriculture (DA) · Office of the Secretary,,,,not stated,one side stated,Prior Phase 2 only,False
fmr,2027,HB10858-FMR-0698-018,"Construction of Brgy. Balansay FMR, Brgy. Balansay, Mamburao, Occidental Mindoro",15000000,2025,"Concreting of Brgy. Alangilan FMR Phase II, Brgy. Alangilan, Bacolod City, Negros Occidental",15000000,0.583,2,0,HB 10858 Vol I-B p. 698,GAA-2025 · Department of Agriculture (DA) · Office of the Secretary,,,,not stated,one side stated,Prior Phase 2 only,False
fmr,2027,HB10858-FMR-0698-018,"Construction of Brgy. Balansay FMR, Brgy. Balansay, Mamburao, Occidental Mindoro",15000000,2025,"Concreting of Brgy. Granada FMR Phase II, Brgy. Granada, Bacolod City, Negros Occidental",15000000,0.525,3,0,HB 10858 Vol I-B p. 698,GAA-2025 · Department of Agriculture (DA) · Office of the Secretary,,,,not stated,one side stated,Prior Phase 2 only,False
fmr,2027,HB10858-FMR-0698-019,"Concreting of Brgy. Olo-olo FMR, Brgy. Olo-olo, Lobo, Batangas",5000000,2025,"Concreting of Sitio Hulo, Brgy. Biga FMR (Phase II), Brgy. Biga, Lobo, Batangas",24000000,0.648,1,-19000000,HB 10858 Vol I-B p. 698,GAA-2025 · Department of Agriculture (DA) · Office of the Secretary,,,,not stated,one side stated,Prior Phase 2 only,False
fmr,2027,HB10858-FMR-0698-019,"Concreting of Brgy. Olo-olo FMR, Brgy. Olo-olo, Lobo, Batangas",5000000,2025,"Concreting of Brgy. Nagtaluntong FMR (Phase I), Brgy. Nagtaluntong, Lobo, Batangas",15000000,0.564,2,-10000000,HB 10858 Vol I-B p. 698,GAA-2025 · Department of Agriculture (DA) · Office of the Secretary,,,,not stated,one side stated,Prior Phase 1 only,False
fmr,2027,HB10858-FMR-0698-019,"Concreting of Brgy. Olo-olo FMR, Brgy. Olo-olo, Lobo, Batangas",5000000,2025,"Concreting of Brgy. Nagtaluntong FMR (Phase II), Brgy. Nagtaluntong, Lobo, Batangas",16000000,0.564,3,-11000000,HB 10858 Vol I-B p. 698,GAA-2025 · Department of Agriculture (DA) · Office of the Secretary,,,,not stated,one side stated,Prior Phase 2 only,False
fmr,2027,HB10858-FMR-0698-020,"Construction of Brgy. Gapasan FMR, Brgy. Gapasan, Magsaysay, Occidental Mindoro",15000000,2025,"Concreting of Brgy. Tanglad FMR (Phase II), Brgy. Tanglad, Sta. Maria, Davao Occidental",15000000,0.532,1,0,HB 10858 Vol I-B p. 698,GAA-2025 · Department of Agriculture (DA) · Office of the Secretary,,,,not stated,one side stated,Prior Phase 2 only,False
fmr,2027,HB10858-FMR-0698-020,"Construction of Brgy. Gapasan FMR, Brgy. Gapasan, Magsaysay, Occidental Mindoro",15000000,2025,"Concreting of Brgy. Granada FMR Phase II, Brgy. Granada, Bacolod City, Negros Occidental",15000000,0.531,2,0,HB 10858 Vol I-B p. 698,GAA-2025 · Department of Agriculture (DA) · Office of the Secretary,,,,not stated,one side stated,Prior Phase 2 only,False
fmr,2027,HB10858-FMR-0698-020,"Construction of Brgy. Gapasan FMR, Brgy. Gapasan, Magsaysay, Occidental Mindoro",15000000,2025,"Concreting of Brgy. Alangilan FMR Phase II, Brgy. Alangilan, Bacolod City, Negros Occidental",15000000,0.51,3,0,HB 10858 Vol I-B p. 698,GAA-2025 · Department of Agriculture (DA) · Office of the Secretary,,,,not stated,one side stated,Prior Phase 2 only,False
fmr,2027,HB10858-FMR-0698-021,"Concreting of Brgy. Tayuman FMR, Brgy. Tayuman, Lobo, Batangas Section 1: START: 13.661663, 121.217115",5000000,2025,"Concreting of Brgy. Nagtaluntong FMR (Phase I), Brgy. Nagtaluntong, Lobo, Batangas",15000000,0.478,1,-10000000,HB 10858 Vol I-B p. 698,GAA-2025 · Department of Agriculture (DA) · Office of the Secretary,,,,not stated,different marker type,SECTION vs PHASE,False
fmr,2027,HB10858-FMR-0698-021,"Concreting of Brgy. Tayuman FMR, Brgy. Tayuman, Lobo, Batangas Section 1: START: 13.661663, 121.217115",5000000,2025,"Concreting of Brgy. Nagtaluntong FMR (Phase II), Brgy. Nagtaluntong, Lobo, Batangas",16000000,0.478,2,-11000000,HB 10858 Vol I-B p. 698,GAA-2025 · Department of Agriculture (DA) · Office of the Secretary,,,,not stated,different marker type,SECTION vs PHASE,False
fmr,2027,HB10858-FMR-0698-021,"Concreting of Brgy. Tayuman FMR, Brgy. Tayuman, Lobo, Batangas Section 1: START: 13.661663, 121.217115",5000000,2025,"Concreting of Brgy. Bambang FMR Phase II, Brgy. Bambang, Calaca, Batangas",10000000,0.457,3,-5000000,HB 10858 Vol I-B p. 698,GAA-2025 · Department of Agriculture (DA) · Office of the Secretary,,,,not stated,different marker type,SECTION vs PHASE,False
fmr,2027,HB10858-FMR-0698-022,"Construction of Brgy. Catwiran I FMR, Brgy. Catwiran I, Baco, Oriental Mindoro",15000000,2025,"Concreting of Pahilahan FMR (Phase II), Brgy. Pahilahan, Pola, Oriental Mindoro",15000000,0.696,1,0,HB 10858 Vol I-B p. 698,GAA-2025 · Department of Agriculture (DA) · Office of the Secretary,,,,not stated,one side stated,Prior Phase 2 only,False
fmr,2027,HB10858-FMR-0698-022,"Construction of Brgy. Catwiran I FMR, Brgy. Catwiran I, Baco, Oriental Mindoro",15000000,2025,"Concreting of Brgy. Tubaon FMR (Phase III), Brgy. Tubaon, Tarragona, Davao Oriental",15000000,0.539,2,0,HB 10858 Vol I-B p. 698,GAA-2025 · Department of Agriculture (DA) · Office of the Secretary,,,,not stated,one side stated,Prior Phase 3 only,False
fmr,2027,HB10858-FMR-0698-022,"Construction of Brgy. Catwiran I FMR, Brgy. Catwiran I, Baco, Oriental Mindoro",15000000,2025,"Concreting of Brgy. F. S. Catanico FMR (Phase I), Brgy. F. S. Catanico, Cagayan de Oro City, Misamis Oriental",10000000,0.531,3,5000000,HB 10858 Vol I-B p. 698,GAA-2025 · Department of Agriculture (DA) · Office of the Secretary,,,,not stated,one side stated,Prior Phase 1 only,False
fmr,2027,HB10858-FMR-0698-023,"Concreting of Brgy. Tumbaga 2 - Brgy. Canda FMR, Brgy. Tumbaga 2 and Brgy. Canda,",10000000,2025,"Concreting of Brgy. Guiddam FMR (Phase II), Brgy. Guiddam, Abulug, Cagayan",10000000,0.464,1,0,HB 10858 Vol I-B p. 698,GAA-2025 · Department of Agriculture (DA) · Office of the Secretary,,,,not stated,one side stated,Prior Phase 2 only,False
fmr,2027,HB10858-FMR-0698-023,"Concreting of Brgy. Tumbaga 2 - Brgy. Canda FMR, Brgy. Tumbaga 2 and Brgy. Canda,",10000000,2025,"Concreting of FMR at Brgy. Pandatun, Hermosa, Bataan",15000000,0.452,2,-5000000,HB 10858 Vol I-B p. 698,GAA-2025 · Department of Agriculture (DA) · Office of the Secretary,,,,not stated,not stated,,False
fmr,2027,HB10858-FMR-0698-023,"Concreting of Brgy. Tumbaga 2 - Brgy. Canda FMR, Brgy. Tumbaga 2 and Brgy. Canda,",10000000,2025,"Concreting of FMR at Brgy. Mangga, Candaba, Pampanga",25000000,0.452,3,-15000000,HB 10858 Vol I-B p. 698,GAA-2025 · Department of Agriculture (DA) · Office of the Secretary,,,,not stated,not stated,,False
fmr,2027,HB10858-FMR-0698-024,"Construction of Brgy. Mahabang Parang FMR, Brgy. Mahabang Parang, Naujan, Oriental Mindoro",15000000,2025,"Concreting of Pahilahan FMR (Phase II), Brgy. Pahilahan, Pola, Oriental Mindoro",15000000,0.635,1,0,HB 10858 Vol I-B p. 698,GAA-2025 · Department of Agriculture (DA) · Office of the Secretary,,,,not stated,one side stated,Prior Phase 2 only,False
fmr,2027,HB10858-FMR-0698-024,"Construction of Brgy. Mahabang Parang FMR, Brgy. Mahabang Parang, Naujan, Oriental Mindoro",15000000,2025,"Concreting of Brgy. Tubaon FMR (Phase III), Brgy. Tubaon, Tarragona, Davao Oriental",15000000,0.554,2,0,HB 10858 Vol I-B p. 698,GAA-2025 · Department of Agriculture (DA) · Office of the Secretary,,,,not stated,one side stated,Prior Phase 3 only,False
fmr,2027,HB10858-FMR-0698-024,"Construction of Brgy. Mahabang Parang FMR, Brgy. Mahabang Parang, Naujan, Oriental Mindoro",15000000,2025,"Concreting of Brgy. Mabaca FMR Phase II, Brgy. Mabaca, Balbalan, Kalinga",10000000,0.516,3,5000000,HB 10858 Vol I-B p. 698,GAA-2025 · Department of Agriculture (DA) · Office of the Secretary,,,,not stated,one side stated,Prior Phase 2 only,False
fmr,2027,HB10858-FMR-0698-025,"Concreting of Brgy. Guis-Guis Talon FMR, Brgy. Guis-Guis Talon, Sariaya, Quezon",10000000,2025,"Concreting of Brgy. Guiddam FMR (Phase II), Brgy. Guiddam, Abulug, Cagayan",10000000,0.476,1,0,HB 10858 Vol I-B p. 698,GAA-2025 · Department of Agriculture (DA) · Office of the Secretary,,,,not stated,one side stated,Prior Phase 2 only,False
fmr,2027,HB10858-FMR-0698-025,"Concreting of Brgy. Guis-Guis Talon FMR, Brgy. Guis-Guis Talon, Sariaya, Quezon",10000000,2025,"Concreting of Brgy. Tabason-Sto. Tomas-San Vicente FMR (Phase II), Tagkawayan, Quezon",10000000,0.436,2,0,HB 10858 Vol I-B p. 698,GAA-2025 · Department of Agriculture (DA) · Office of the Secretary,,,,not stated,one side stated,Prior Phase 2 only,False
fmr,2027,HB10858-FMR-0698-025,"Concreting of Brgy. Guis-Guis Talon FMR, Brgy. Guis-Guis Talon, Sariaya, Quezon",10000000,2025,"Concreting of FMR at Brgy. Paligui, Candaba, Pampanga",25000000,0.359,3,-15000000,HB 10858 Vol I-B p. 698,GAA-2025 · Department of Agriculture (DA) · Office of the Secretary,,,,not stated,not stated,,False
fmr,2027,HB10858-FMR-0698-026,"Construction of Brgy. Odiong FMR, Brgy. Odiong, Roxas, Oriental Mindoro",15000000,2025,"Concreting of Brgy. Liptong FMR (Phase II), Brgy. Liptong, Bacong, Negros Oriental",15000000,0.634,1,0,HB 10858 Vol I-B p. 698,GAA-2025 · Department of Agriculture (DA) · Office of the Secretary,,,,not stated,one side stated,Prior Phase 2 only,False
fmr,2027,HB10858-FMR-0698-026,"Construction of Brgy. Odiong FMR, Brgy. Odiong, Roxas, Oriental Mindoro",15000000,2025,"Concreting of Pahilahan FMR (Phase II), Brgy. Pahilahan, Pola, Oriental Mindoro",15000000,0.612,2,0,HB 10858 Vol I-B p. 698,GAA-2025 · Department of Agriculture (DA) · Office of the Secretary,,,,not stated,one side stated,Prior Phase 2 only,False
fmr,2027,HB10858-FMR-0698-026,"Construction of Brgy. Odiong FMR, Brgy. Odiong, Roxas, Oriental Mindoro",15000000,2025,"Concreting of Brgy. Tubaon FMR (Phase III), Brgy. Tubaon, Tarragona, Davao Oriental",15000000,0.512,3,0,HB 10858 Vol I-B p. 698,GAA-2025 · Department of Agriculture (DA) · Office of the Secretary,,,,not stated,one side stated,Prior Phase 3 only,False
fmr,2027,HB10858-FMR-0698-027,"Concreting of Brgy. San Jose FMR, Brgy. San Jose, Tiaong, Quezon",10000000,2025,"Concreting of Sitio Mainit, Brgy. San Jose FMR Phase 3, Brgy. San Jose, Antipolo City, Rizal",20000000,0.562,1,-10000000,HB 10858 Vol I-B p. 698,GAA-2025 · Department of Agriculture (DA) · Office of the Secretary,,,,not stated,one side stated,Prior Phase 3 only,False
fmr,2027,HB10858-FMR-0698-027,"Concreting of Brgy. San Jose FMR, Brgy. San Jose, Tiaong, Quezon",10000000,2025,"Concreting of Sitio San Ysiro, Brgy. San Jose FMR Phase 6, Brgy. San Jose, Antipolo City Rizal",15000000,0.543,2,-5000000,HB 10858 Vol I-B p. 698,GAA-2025 · Department of Agriculture (DA) · Office of the Secretary,,,,not stated,one side stated,Prior Phase 6 only,False
fmr,2027,HB10858-FMR-0698-027,"Concreting of Brgy. San Jose FMR, Brgy. San Jose, Tiaong, Quezon",10000000,2025,"Concreting of FMR at Brgy. Bangin, San Nicolas, Batangas",10000000,0.455,3,0,HB 10858 Vol I-B p. 698,GAA-2025 · Department of Agriculture (DA) · Office of the Secretary,,,,not stated,not stated,,False
fmr,2027,HB10858-FMR-0698-028,"Construction of Sitio Dalandan II, Brgy. A. Bonifacio FMR, Brgy. A. Bonifacio, Gloria, Oriental Mindoro",15000000,2025,"Concreting of Pahilahan FMR (Phase II), Brgy. Pahilahan, Pola, Oriental Mindoro",15000000,0.561,1,0,HB 10858 Vol I-B p. 698,GAA-2025 · Department of Agriculture (DA) · Office of the Secretary,,,,not stated,one side stated,Prior Phase 2 only,False
fmr,2027,HB10858-FMR-0698-028,"Construction of Sitio Dalandan II, Brgy. A. Bonifacio FMR, Brgy. A. Bonifacio, Gloria, Oriental Mindoro",15000000,2025,"Concreting of Sitio San Ysiro, Brgy. San Jose FMR Phase 6, Brgy. San Jose, Antipolo City Rizal",15000000,0.492,2,0,HB 10858 Vol I-B p. 698,GAA-2025 · Department of Agriculture (DA) · Office of the Secretary,,,,not stated,one side stated,Prior Phase 6 only,False
fmr,2027,HB10858-FMR-0698-028,"Construction of Sitio Dalandan II, Brgy. A. Bonifacio FMR, Brgy. A. Bonifacio, Gloria, Oriental Mindoro",15000000,2025,"Concreting of Sitio Bayawas Brgy. Salvacion FMR Phase III, Brgy. Salvacion, Magallanes, Sorsogon",15000000,0.46,3,0,HB 10858 Vol I-B p. 698,GAA-2025 · Department of Agriculture (DA) · Office of the Secretary,,,,not stated,one side stated,Prior Phase 3 only,False
fmr,2027,HB10858-FMR-0698-029,"Concreting of Sitio Kulipay, Brgy. Kaymisas FMR, Brgy. Kaymisas,",10000000,2025,"Concreting of Sitio Malaya FMR at Brgy. Aningway Subic, Zambales",15000000,0.507,1,-5000000,HB 10858 Vol I-B p. 698,GAA-2025 · Department of Agriculture (DA) · Office of the Secretary,,,,not stated,not stated,,False
fmr,2027,HB10858-FMR-0698-029,"Concreting of Sitio Kulipay, Brgy. Kaymisas FMR, Brgy. Kaymisas,",10000000,2025,"Concreting of Sitio Hulo, Brgy. Biga FMR (Phase II), Brgy. Biga, Lobo, Batangas",24000000,0.493,2,-14000000,HB 10858 Vol I-B p. 698,GAA-2025 · Department of Agriculture (DA) · Office of the Secretary,,,,not stated,one side stated,Prior Phase 2 only,False
fmr,2027,HB10858-FMR-0698-029,"Concreting of Sitio Kulipay, Brgy. Kaymisas FMR, Brgy. Kaymisas,",10000000,2025,"Concreting of FMR at Sitio Baliteng Pula, Brgy. Pagasa, Orani, Bataan",15000000,0.462,3,-5000000,HB 10858 Vol I-B p. 698,GAA-2025 · Department of Agriculture (DA) · Office of the Secretary,,,,not stated,not stated,,False
fmr,2027,HB10858-FMR-0698-030,"Construction of Purok Norte to Purok Ipil, Brgy. Bato FMR, Brgy. Bato, Taytay, Palawan",15000000,2025,Farm-to-Market Road (FMR) Network Planning and Monitoring Services,2344000,0.227,1,12656000,HB 10858 Vol I-B p. 698,GAA-2025 · Department of Agriculture (DA) · Office of the Secretary,,,,not stated,not stated,,False
fmr,2027,HB10858-FMR-0698-030,"Construction of Purok Norte to Purok Ipil, Brgy. Bato FMR, Brgy. Bato, Taytay, Palawan",15000000,2025,Farm-to-Market Road (FMR) Network Planning and Monitoring Services,7537000,0.227,2,7463000,HB 10858 Vol I-B p. 698,GAA-2025 · Department of Agriculture (DA) · Office of the Secretary,,,,not stated,not stated,,False
fmr,2027,HB10858-FMR-0698-030,"Construction of Purok Norte to Purok Ipil, Brgy. Bato FMR, Brgy. Bato, Taytay, Palawan",15000000,2025,Farm-to-Market Road (FMR) Network Planning and Monitoring Services,185000,0.227,3,14815000,HB 10858 Vol I-B p. 698,GAA-2025 · Department of Agriculture (DA) · Office of the Secretary,,,,not stated,not stated,,False
fmr,2027,HB10858-FMR-0698-031,"Concreting of Sitio Bitin, Brgy. Kaypaaba FMR, Brgy. Kaypaaba,",5000000,2025,"Concreting of Sitio Gumihan, Brgy. Maytoong FMR Phase II, Brgy. Maytoong, Paete, Laguna",5550000,0.543,1,-550000,HB 10858 Vol I-B p. 698,GAA-2025 · Department of Agriculture (DA) · Office of the Secretary,,,,not stated,one side stated,Prior Phase 2 only,False
fmr,2027,HB10858-FMR-0698-031,"Concreting of Sitio Bitin, Brgy. Kaypaaba FMR, Brgy. Kaypaaba,",5000000,2025,"Concreting of Sitio Malaya FMR at Brgy. Aningway Subic, Zambales",15000000,0.521,2,-10000000,HB 10858 Vol I-B p. 698,GAA-2025 · Department of Agriculture (DA) · Office of the Secretary,,,,not stated,not stated,,False
fmr,2027,HB10858-FMR-0698-031,"Concreting of Sitio Bitin, Brgy. Kaypaaba FMR, Brgy. Kaypaaba,",5000000,2025,"Concreting of FMR at Sitio Baliteng Pula, Brgy. Pagasa, Orani, Bataan",15000000,0.5,3,-10000000,HB 10858 Vol I-B p. 698,GAA-2025 · Department of Agriculture (DA) · Office of the Secretary,,,,not stated,not stated,,False
fmr,2027,HB10858-FMR-0698-032,"Construction of Sitio Old Pancol, Brgy. Pancol FMR, Brgy. Pancol, Taytay, Palawan",15000000,2025,"Concreting of Sitio San Ysiro, Brgy. San Jose FMR Phase 6, Brgy. San Jose, Antipolo City Rizal",15000000,0.528,1,0,HB 10858 Vol I-B p. 698,GAA-2025 · Department of Agriculture (DA) · Office of the Secretary,,,,not stated,one side stated,Prior Phase 6 only,False
fmr,2027,HB10858-FMR-0698-032,"Construction of Sitio Old Pancol, Brgy. Pancol FMR, Brgy. Pancol, Taytay, Palawan",15000000,2025,"Concreting of Sitio Gumihan, Brgy. Maytoong FMR Phase II, Brgy. Maytoong, Paete, Laguna",5550000,0.495,2,9450000,HB 10858 Vol I-B p. 698,GAA-2025 · Department of Agriculture (DA) · Office of the Secretary,,,,not stated,one side stated,Prior Phase 2 only,False
fmr,2027,HB10858-FMR-0698-032,"Construction of Sitio Old Pancol, Brgy. Pancol FMR, Brgy. Pancol, Taytay, Palawan",15000000,2025,"Concreting of Sitio Mainit, Brgy. San Jose FMR Phase 3, Brgy. San Jose, Antipolo City, Rizal",20000000,0.485,3,-5000000,HB 10858 Vol I-B p. 698,GAA-2025 · Department of Agriculture (DA) · Office of the Secretary,,,,not stated,one side stated,Prior Phase 3 only,False
fmr,2027,HB10858-FMR-0700-001,"Construction of Brgy. Iraray FMR, Brgy. Iraray, Sofronio Española, Palawan",15000000,2025,"Concreting of FMR at Brgy. Dalayap, Candaba, Pampanga",25000000,0.451,1,-10000000,HB 10858 Vol I-B p. 700,GAA-2025 · Department of Agriculture (DA) · Office of the Secretary,,,,not stated,not stated,,False
fmr,2027,HB10858-FMR-0700-001,"Construction of Brgy. Iraray FMR, Brgy. Iraray, Sofronio Española, Palawan",15000000,2025,"Concreting of FMR at Brgy. Mangayao, Bayambang, Pangasinan",10000000,0.447,2,5000000,HB 10858 Vol I-B p. 700,GAA-2025 · Department of Agriculture (DA) · Office of the Secretary,,,,not stated,not stated,,False
fmr,2027,HB10858-FMR-0700-001,"Construction of Brgy. Iraray FMR, Brgy. Iraray, Sofronio Española, Palawan",15000000,2025,"Concreting of Brgy. Mabaca FMR Phase II, Brgy. Mabaca, Balbalan, Kalinga",10000000,0.442,3,5000000,HB 10858 Vol I-B p. 700,GAA-2025 · Department of Agriculture (DA) · Office of the Secretary,,,,not stated,one side stated,Prior Phase 2 only,False
fmr,2027,HB10858-FMR-0700-002,"Construction of Sitio Centro to Sitio Balite, Brgy. Camantigue FMR, Brgy. Camantigue, Bongabong, Oriental Mindoro",34500000,2025,"Concreting of Sitio Dep-ang to Sitio Bilis, Brgy. Santo Tomas FMR Phase III, Brgy. Santo Tomas, Baguio City",10000000,0.51,1,24500000,HB 10858 Vol I-B p. 700,GAA-2025 · Department of Agriculture (DA) · Office of the Secretary,,,,not stated,one side stated,Prior Phase 3 only,False
fmr,2027,HB10858-FMR-0700-002,"Construction of Sitio Centro to Sitio Balite, Brgy. Camantigue FMR, Brgy. Camantigue, Bongabong, Oriental Mindoro",34500000,2025,"Concreting of Pahilahan FMR (Phase II), Brgy. Pahilahan, Pola, Oriental Mindoro",15000000,0.508,2,19500000,HB 10858 Vol I-B p. 700,GAA-2025 · Department of Agriculture (DA) · Office of the Secretary,,,,not stated,one side stated,Prior Phase 2 only,False
fmr,2027,HB10858-FMR-0700-002,"Construction of Sitio Centro to Sitio Balite, Brgy. Camantigue FMR, Brgy. Camantigue, Bongabong, Oriental Mindoro",34500000,2025,"Concreting of Brgy. Bales to Sitio Lebe FMR (Phase II), Brgy. Bales, Maasim, Sarangani",15000000,0.441,3,19500000,HB 10858 Vol I-B p. 700,GAA-2025 · Department of Agriculture (DA) · Office of the Secretary,,,,not stated,one side stated,Prior Phase 2 only,False
fmr,2027,HB10858-FMR-0700-003,"Construction of Brgy. Manalo FMR, Brgy. Manalo, Puerto Princesa City, Palawan",15000000,2025,"Concreting of Malundon FMR at Brgy. Bulo, Tabuk City, Kalinga",20000000,0.537,1,-5000000,HB 10858 Vol I-B p. 700,GAA-2025 · Department of Agriculture (DA) · Office of the Secretary,,,,not stated,not stated,,False
fmr,2027,HB10858-FMR-0700-003,"Construction of Brgy. Manalo FMR, Brgy. Manalo, Puerto Princesa City, Palawan",15000000,2025,"Concreting of FMR at Brgy. Camanang, Urdaneta City, Pangasinan",10000000,0.53,2,5000000,HB 10858 Vol I-B p. 700,GAA-2025 · Department of Agriculture (DA) · Office of the Secretary,,,,not stated,not stated,,False
fmr,2027,HB10858-FMR-0700-003,"Construction of Brgy. Manalo FMR, Brgy. Manalo, Puerto Princesa City, Palawan",15000000,2025,"Concreting of Brgy. Malamba FMR (Phase II), Brgy. Malamba, Marilog District, Davao City",15000000,0.516,3,0,HB 10858 Vol I-B p. 700,GAA-2025 · Department of Agriculture (DA) · Office of the Secretary,,,,not stated,one side stated,Prior Phase 2 only,False
fmr,2027,HB10858-FMR-0700-004,"Construction Sitio Cuta to Sitio Lucbanan, Brgy. Anilao FMR, Brgy. Anilao, Bongabong, Oriental Mindoro",45000000,2025,"Concreting of Pahilahan FMR (Phase II), Brgy. Pahilahan, Pola, Oriental Mindoro",15000000,0.542,1,30000000,HB 10858 Vol I-B p. 700,GAA-2025 · Department of Agriculture (DA) · Office of the Secretary,,,,not stated,one side stated,Prior Phase 2 only,False
fmr,2027,HB10858-FMR-0700-004,"Construction Sitio Cuta to Sitio Lucbanan, Brgy. Anilao FMR, Brgy. Anilao, Bongabong, Oriental Mindoro",45000000,2025,"Concreting of Sitio Dep-ang to Sitio Bilis, Brgy. Santo Tomas FMR Phase III, Brgy. Santo Tomas, Baguio City",10000000,0.496,2,35000000,HB 10858 Vol I-B p. 700,GAA-2025 · Department of Agriculture (DA) · Office of the Secretary,,,,not stated,one side stated,Prior Phase 3 only,False
fmr,2027,HB10858-FMR-0700-004,"Construction Sitio Cuta to Sitio Lucbanan, Brgy. Anilao FMR, Brgy. Anilao, Bongabong, Oriental Mindoro",45000000,2025,"Concreting of Purok 8 to Sitio Manangahon to Sitio Palo, Brgy. Mate FMR (Phase II), San Francisco, Agusan del Sur",15000000,0.474,3,30000000,HB 10858 Vol I-B p. 700,GAA-2025 · Department of Agriculture (DA) · Office of the Secretary,,,,not stated,one side stated,Prior Phase 2 only,False
fmr,2027,HB10858-FMR-0700-005,"Construction of Brgy. Plaridel FMR, Brgy. Plaridel, Aborlan, Palawan",15000000,2025,"Concreting of FMR at Brgy. Lourdes, Candaba, Pampanga",20000000,0.523,1,-5000000,HB 10858 Vol I-B p. 700,GAA-2025 · Department of Agriculture (DA) · Office of the Secretary,,,,not stated,not stated,,False
fmr,2027,HB10858-FMR-0700-005,"Construction of Brgy. Plaridel FMR, Brgy. Plaridel, Aborlan, Palawan",15000000,2025,"Concreting of FMR at Brgy. Barit, Candaba, Pampanga",25000000,0.508,2,-10000000,HB 10858 Vol I-B p. 700,GAA-2025 · Department of Agriculture (DA) · Office of the Secretary,,,,not stated,not stated,,False
fmr,2027,HB10858-FMR-0700-005,"Construction of Brgy. Plaridel FMR, Brgy. Plaridel, Aborlan, Palawan",15000000,2025,"Concreting of FMR at Brgy. Pasig, Candaba, Pampanga",25000000,0.508,3,-10000000,HB 10858 Vol I-B p. 700,GAA-2025 · Department of Agriculture (DA) · Office of the Secretary,,,,not stated,not stated,,False
fmr,2027,HB10858-FMR-0700-006,"Construction of Sitio Ibon, Brgy. Carmundo FMR to Sitio Centro Brgy. Tawas,",34500000,2025,"Concreting of FMR at Sitio San Isidro to Sitio Bulahan, Brgy. San Jose, Sto. Tomas, Davao del Norte",100000000,0.462,1,-65500000,HB 10858 Vol I-B p. 700,GAA-2025 · Department of Agriculture (DA) · Office of the Secretary,,,,not stated,not stated,,False
fmr,2027,HB10858-FMR-0700-006,"Construction of Sitio Ibon, Brgy. Carmundo FMR to Sitio Centro Brgy. Tawas,",34500000,2025,"Concreting of Sitio Dep-ang to Sitio Bilis, Brgy. Santo Tomas FMR Phase III, Brgy. Santo Tomas, Baguio City",10000000,0.425,2,24500000,HB 10858 Vol I-B p. 700,GAA-2025 · Department of Agriculture (DA) · Office of the Secretary,,,,not stated,one side stated,Prior Phase 3 only,False
fmr,2027,HB10858-FMR-0700-006,"Construction of Sitio Ibon, Brgy. Carmundo FMR to Sitio Centro Brgy. Tawas,",34500000,2025,"Concreting of FMR at Brgy. San Isidro to Sitio Banawag, Sta. Fe, Leyte",15000000,0.404,3,19500000,HB 10858 Vol I-B p. 700,GAA-2025 · Department of Agriculture (DA) · Office of the Secretary,,,,not stated,not stated,,False
fmr,2027,HB10858-FMR-0700-007,"Construction of Brgy. Taclobo to Brgy. Pili FMR, Brgy. Taclobo, San Fernando, Romblon",15000000,2025,"Concreting of FMR at Brgy. Cabatbatan to Brgy. Magsico, San Fernando, Cebu",20000000,0.527,1,-5000000,HB 10858 Vol I-B p. 700,GAA-2025 · Department of Agriculture (DA) · Office of the Secretary,,,,not stated,not stated,,False
fmr,2027,HB10858-FMR-0700-007,"Construction of Brgy. Taclobo to Brgy. Pili FMR, Brgy. Taclobo, San Fernando, Romblon",15000000,2025,"Concreting of Brgy. Balaong FMR (Phase I), Brgy. Balaong, San Miguel, Bulacan",5000000,0.442,2,10000000,HB 10858 Vol I-B p. 700,GAA-2025 · Department of Agriculture (DA) · Office of the Secretary,,,,not stated,one side stated,Prior Phase 1 only,False
fmr,2027,HB10858-FMR-0700-007,"Construction of Brgy. Taclobo to Brgy. Pili FMR, Brgy. Taclobo, San Fernando, Romblon",15000000,2025,"Concreting of Brgy. San Antonio to Brgy. Lugui FMR (Phase II), Brgy. San Antonio and Brgy. Lugui, Labo, Camarines Norte",15000000,0.432,3,0,HB 10858 Vol I-B p. 700,GAA-2025 · Department of Agriculture (DA) · Office of the Secretary,,,,not stated,one side stated,Prior Phase 2 only,False
fmr,2027,HB10858-FMR-0700-008,"Construction of Sitio Tagaytay, Brgy. Tulay FMR, Brgy. Tulay, Odiongan, Romblon",15000000,2025,"Concreting of Sitio Bayawas Brgy. Salvacion FMR Phase III, Brgy. Salvacion, Magallanes, Sorsogon",15000000,0.577,1,0,HB 10858 Vol I-B p. 700,GAA-2025 · Department of Agriculture (DA) · Office of the Secretary,,,,not stated,one side stated,Prior Phase 3 only,False
fmr,2027,HB10858-FMR-0700-008,"Construction of Sitio Tagaytay, Brgy. Tulay FMR, Brgy. Tulay, Odiongan, Romblon",15000000,2025,"Concreting of Sitio Bayawas, Brgy. Salvacion FMR Phase Il, Brgy. Salvacion, Magallanes, Sorsogon",25000000,0.561,2,-10000000,HB 10858 Vol I-B p. 700,GAA-2025 · Department of Agriculture (DA) · Office of the Secretary,,,,not stated,not stated,,False
fmr,2027,HB10858-FMR-0700-008,"Construction of Sitio Tagaytay, Brgy. Tulay FMR, Brgy. Tulay, Odiongan, Romblon",15000000,2025,"Concreting of Sitio Malaya FMR at Brgy. Aningway Subic, Zambales",15000000,0.529,3,0,HB 10858 Vol I-B p. 700,GAA-2025 · Department of Agriculture (DA) · Office of the Secretary,,,,not stated,not stated,,False
fmr,2027,HB10858-FMR-0700-009,"Construction of Sitio Riverside to Sitio Bungahan, Brgy. Libertad FMR, Bongabong, Oriental Mindoro",45000000,2025,"Concreting of Sitio Dep-ang to Sitio Bilis, Brgy. Santo Tomas FMR Phase III, Brgy. Santo Tomas, Baguio City",10000000,0.511,1,35000000,HB 10858 Vol I-B p. 700,GAA-2025 · Department of Agriculture (DA) · Office of the Secretary,,,,not stated,one side stated,Prior Phase 3 only,False
fmr,2027,HB10858-FMR-0700-009,"Construction of Sitio Riverside to Sitio Bungahan, Brgy. Libertad FMR, Bongabong, Oriental Mindoro",45000000,2025,"Concreting of Pahilahan FMR (Phase II), Brgy. Pahilahan, Pola, Oriental Mindoro",15000000,0.492,2,30000000,HB 10858 Vol I-B p. 700,GAA-2025 · Department of Agriculture (DA) · Office of the Secretary,,,,not stated,one side stated,Prior Phase 2 only,False
fmr,2027,HB10858-FMR-0700-009,"Construction of Sitio Riverside to Sitio Bungahan, Brgy. Libertad FMR, Bongabong, Oriental Mindoro",45000000,2025,"Concreting of Brgy. Liptong FMR (Phase II), Brgy. Liptong, Bacong, Negros Oriental",15000000,0.452,3,30000000,HB 10858 Vol I-B p. 700,GAA-2025 · Department of Agriculture (DA) · Office of the Secretary,,,,not stated,one side stated,Prior Phase 2 only,False
fmr,2027,HB10858-FMR-0700-010,"Construction of Brgy. Conrazon FMR, Brgy. Conrazon, Bansud, Oriental Mindoro",30000000,2025,"Concreting of Pahilahan FMR (Phase II), Brgy. Pahilahan, Pola, Oriental Mindoro",15000000,0.622,1,15000000,HB 10858 Vol I-B p. 700,GAA-2025 · Department of Agriculture (DA) · Office of the Secretary,,,,not stated,one side stated,Prior Phase 2 only,False
fmr,2027,HB10858-FMR-0700-010,"Construction of Brgy. Conrazon FMR, Brgy. Conrazon, Bansud, Oriental Mindoro",30000000,2025,"Concreting of Brgy. Tubaon FMR (Phase III), Brgy. Tubaon, Tarragona, Davao Oriental",15000000,0.552,2,15000000,HB 10858 Vol I-B p. 700,GAA-2025 · Department of Agriculture (DA) · Office of the Secretary,,,,not stated,one side stated,Prior Phase 3 only,False
fmr,2027,HB10858-FMR-0700-010,"Construction of Brgy. Conrazon FMR, Brgy. Conrazon, Bansud, Oriental Mindoro",30000000,2025,"Concreting of Brgy. Liptong FMR (Phase II), Brgy. Liptong, Bacong, Negros Oriental",15000000,0.506,3,15000000,HB 10858 Vol I-B p. 700,GAA-2025 · Department of Agriculture (DA) · Office of the Secretary,,,,not stated,one side stated,Prior Phase 2 only,False
fmr,2027,HB10858-FMR-0700-011,"Construction of Sitio Mungos to Sitio Lalid, Brgy. Hagan FMR, Bongabong, Oriental Mindoro",41000000,2025,"Concreting of Pahilahan FMR (Phase II), Brgy. Pahilahan, Pola, Oriental Mindoro",15000000,0.55,1,26000000,HB 10858 Vol I-B p. 700,GAA-2025 · Department of Agriculture (DA) · Office of the Secretary,,,,not stated,one side stated,Prior Phase 2 only,False
fmr,2027,HB10858-FMR-0700-011,"Construction of Sitio Mungos to Sitio Lalid, Brgy. Hagan FMR, Bongabong, Oriental Mindoro",41000000,2025,"Concreting of Sitio Dep-ang to Sitio Bilis, Brgy. Santo Tomas FMR Phase III, Brgy. Santo Tomas, Baguio City",10000000,0.53,2,31000000,HB 10858 Vol I-B p. 700,GAA-2025 · Department of Agriculture (DA) · Office of the Secretary,,,,not stated,one side stated,Prior Phase 3 only,False
fmr,2027,HB10858-FMR-0700-011,"Construction of Sitio Mungos to Sitio Lalid, Brgy. Hagan FMR, Bongabong, Oriental Mindoro",41000000,2025,"Concreting of Brgy. Liptong FMR (Phase II), Brgy. Liptong, Bacong, Negros Oriental",15000000,0.491,3,26000000,HB 10858 Vol I-B p. 700,GAA-2025 · Department of Agriculture (DA) · Office of the Secretary,,,,not stated,one side stated,Prior Phase 2 only,False
fmr,2027,HB10858-FMR-0700-012,"Construction of Sitio Little Baguio to Avocado, Brgy. Conrazon FMR, Brgy. Conrazon, Bansud, Oriental Mindoro",30000000,2025,"Concreting of Pahilahan FMR (Phase II), Brgy. Pahilahan, Pola, Oriental Mindoro",15000000,0.512,1,15000000,HB 10858 Vol I-B p. 700,GAA-2025 · Department of Agriculture (DA) · Office of the Secretary,,,,not stated,one side stated,Prior Phase 2 only,False
fmr,2027,HB10858-FMR-0700-012,"Construction of Sitio Little Baguio to Avocado, Brgy. Conrazon FMR, Brgy. Conrazon, Bansud, Oriental Mindoro",30000000,2025,"Concreting of Brgy. Tubaon FMR (Phase III), Brgy. Tubaon, Tarragona, Davao Oriental",15000000,0.441,2,15000000,HB 10858 Vol I-B p. 700,GAA-2025 · Department of Agriculture (DA) · Office of the Secretary,,,,not stated,one side stated,Prior Phase 3 only,False
fmr,2027,HB10858-FMR-0700-012,"Construction of Sitio Little Baguio to Avocado, Brgy. Conrazon FMR, Brgy. Conrazon, Bansud, Oriental Mindoro",30000000,2025,"Concreting of Brgy. Liptong FMR (Phase II), Brgy. Liptong, Bacong, Negros Oriental",15000000,0.424,3,15000000,HB 10858 Vol I-B p. 700,GAA-2025 · Department of Agriculture (DA) · Office of the Secretary,,,,not stated,one side stated,Prior Phase 2 only,False
fmr,2027,HB10858-FMR-0700-013,"Construction of Brgy. Pangulo to Brgy. Linao FMR, Brgy. Pangulo, Calatrava, Romblon",30000000,2025,Farm-to-Market Road (FMR) Network Planning and Monitoring Services,2344000,0.337,1,27656000,HB 10858 Vol I-B p. 700,GAA-2025 · Department of Agriculture (DA) · Office of the Secretary,,,,not stated,not stated,,False
fmr,2027,HB10858-FMR-0700-013,"Construction of Brgy. Pangulo to Brgy. Linao FMR, Brgy. Pangulo, Calatrava, Romblon",30000000,2025,Farm-to-Market Road (FMR) Network Planning and Monitoring Services,7537000,0.337,2,22463000,HB 10858 Vol I-B p. 700,GAA-2025 · Department of Agriculture (DA) · Office of the Secretary,,,,not stated,not stated,,False
fmr,2027,HB10858-FMR-0700-013,"Construction of Brgy. Pangulo to Brgy. Linao FMR, Brgy. Pangulo, Calatrava, Romblon",30000000,2025,Farm-to-Market Road (FMR) Network Planning and Monitoring Services,185000,0.337,3,29815000,HB 10858 Vol I-B p. 700,GAA-2025 · Department of Agriculture (DA) · Office of the Secretary,,,,not stated,not stated,,False
fmr,2027,HB10858-FMR-0700-014,"Construction of Brgy. Cawayan FMR, Brgy. Cawayan, Bongabon, Oriental Mindoro",15000000,2025,"Concreting of Pahilahan FMR (Phase II), Brgy. Pahilahan, Pola, Oriental Mindoro",15000000,0.733,1,0,HB 10858 Vol I-B p. 700,GAA-2025 · Department of Agriculture (DA) · Office of the Secretary,,,,not stated,one side stated,Prior Phase 2 only,False
fmr,2027,HB10858-FMR-0700-014,"Construction of Brgy. Cawayan FMR, Brgy. Cawayan, Bongabon, Oriental Mindoro",15000000,2025,"Concreting of Brgy. Tubaon FMR (Phase III), Brgy. Tubaon, Tarragona, Davao Oriental",15000000,0.529,2,0,HB 10858 Vol I-B p. 700,GAA-2025 · Department of Agriculture (DA) · Office of the Secretary,,,,not stated,one side stated,Prior Phase 3 only,False
fmr,2027,HB10858-FMR-0700-014,"Construction of Brgy. Cawayan FMR, Brgy. Cawayan, Bongabon, Oriental Mindoro",15000000,2025,"Concreting of Brgy. Cugman FMR (Phase III), Brgy. Cugman, Cagayan de Oro City, Misamis Oriental",15000000,0.525,3,0,HB 10858 Vol I-B p. 700,GAA-2025 · Department of Agriculture (DA) · Office of the Secretary,,,,not stated,one side stated,Prior Phase 3 only,False
fmr,2027,HB10858-FMR-0700-015,"Concreting of Brgy. Isaub FMR, Brgy. Isaub, Aborlan, Palawan",45000000,2025,"Concreting of FMR at Brgy. Escaler Road (Phase II), Magalang, Pampanga",35000000,0.533,1,10000000,HB 10858 Vol I-B p. 700,GAA-2025 · Department of Agriculture (DA) · Office of the Secretary,,,,not stated,one side stated,Prior Phase 2 only,False
fmr,2027,HB10858-FMR-0700-015,"Concreting of Brgy. Isaub FMR, Brgy. Isaub, Aborlan, Palawan",45000000,2025,"Concreting of FMR at Brgy. Bambang, Candaba, Pampanga",20000000,0.508,2,25000000,HB 10858 Vol I-B p. 700,GAA-2025 · Department of Agriculture (DA) · Office of the Secretary,,,,not stated,not stated,,False
fmr,2027,HB10858-FMR-0700-015,"Concreting of Brgy. Isaub FMR, Brgy. Isaub, Aborlan, Palawan",45000000,2025,"Concreting of FMR at Brgy. Tagulod, Candaba, Pampanga",20000000,0.508,3,25000000,HB 10858 Vol I-B p. 700,GAA-2025 · Department of Agriculture (DA) · Office of the Secretary,,,,not stated,not stated,,False
fmr,2027,HB10858-FMR-0700-016,"Construction of Brgy. Libertad FMR, Brgy. Libertad, Bongabong, Oriental Mindoro",15000000,2025,"Concreting of Pahilahan FMR (Phase II), Brgy. Pahilahan, Pola, Oriental Mindoro",15000000,0.624,1,0,HB 10858 Vol I-B p. 700,GAA-2025 · Department of Agriculture (DA) · Office of the Secretary,,,,not stated,one side stated,Prior Phase 2 only,False
fmr,2027,HB10858-FMR-0700-016,"Construction of Brgy. Libertad FMR, Brgy. Libertad, Bongabong, Oriental Mindoro",15000000,2025,"Concreting of Brgy. Liptong FMR (Phase II), Brgy. Liptong, Bacong, Negros Oriental",15000000,0.6,2,0,HB 10858 Vol I-B p. 700,GAA-2025 · Department of Agriculture (DA) · Office of the Secretary,,,,not stated,one side stated,Prior Phase 2 only,False
fmr,2027,HB10858-FMR-0700-016,"Construction of Brgy. Libertad FMR, Brgy. Libertad, Bongabong, Oriental Mindoro",15000000,2025,"Concreting of Brgy. Tubaon FMR (Phase III), Brgy. Tubaon, Tarragona, Davao Oriental",15000000,0.511,3,0,HB 10858 Vol I-B p. 700,GAA-2025 · Department of Agriculture (DA) · Office of the Secretary,,,,not stated,one side stated,Prior Phase 3 only,False
fmr,2027,HB10858-FMR-0700-017,"Construction of Sitio Malutok, Brgy. Ransang FMR, Brgy. Ransang, Rizal, Palawan",15000000,2025,"Concreting of Sitio Malaya FMR at Brgy. Aningway Subic, Zambales",15000000,0.598,1,0,HB 10858 Vol I-B p. 700,GAA-2025 · Department of Agriculture (DA) · Office of the Secretary,,,,not stated,not stated,,False
fmr,2027,HB10858-FMR-0700-017,"Construction of Sitio Malutok, Brgy. Ransang FMR, Brgy. Ransang, Rizal, Palawan",15000000,2025,"Concreting of Sitio Gumihan, Brgy. Maytoong FMR Phase II, Brgy. Maytoong, Paete, Laguna",5550000,0.547,2,9450000,HB 10858 Vol I-B p. 700,GAA-2025 · Department of Agriculture (DA) · Office of the Secretary,,,,not stated,one side stated,Prior Phase 2 only,False
fmr,2027,HB10858-FMR-0700-017,"Construction of Sitio Malutok, Brgy. Ransang FMR, Brgy. Ransang, Rizal, Palawan",15000000,2025,"Concreting of Sitio Mainit, Brgy. San Jose FMR Phase 3, Brgy. San Jose, Antipolo City, Rizal",20000000,0.535,3,-5000000,HB 10858 Vol I-B p. 700,GAA-2025 · Department of Agriculture (DA) · Office of the Secretary,,,,not stated,one side stated,Prior Phase 3 only,False
fmr,2027,HB10858-FMR-0700-018,"Construction of Sitio Pawikan - Sitio Upper Yunot, Brgy. Nasukob FMR, Bulalacao,",20000000,2025,"Concreting of Sitio Casaguingan, Brgy. Bairan to Brgy. Malaguinabot FMR (Phase II), Brgy. Bairan and Brgy. Malaguinabot, San Miguel, Leyte",15000000,0.448,1,5000000,HB 10858 Vol I-B p. 700,GAA-2025 · Department of Agriculture (DA) · Office of the Secretary,,,,not stated,one side stated,Prior Phase 2 only,False
fmr,2027,HB10858-FMR-0700-018,"Construction of Sitio Pawikan - Sitio Upper Yunot, Brgy. Nasukob FMR, Bulalacao,",20000000,2025,"Concreting of Brgy. Bales to Sitio Lebe FMR (Phase II), Brgy. Bales, Maasim, Sarangani",15000000,0.444,2,5000000,HB 10858 Vol I-B p. 700,GAA-2025 · Department of Agriculture (DA) · Office of the Secretary,,,,not stated,one side stated,Prior Phase 2 only,False
fmr,2027,HB10858-FMR-0700-018,"Construction of Sitio Pawikan - Sitio Upper Yunot, Brgy. Nasukob FMR, Bulalacao,",20000000,2025,"Concreting of FMR at Sitio Villarin-Sitio Ilawod, Brgy. Cabungahan, Maayon, Capiz",20000000,0.426,3,0,HB 10858 Vol I-B p. 700,GAA-2025 · Department of Agriculture (DA) · Office of the Secretary,,,,not stated,not stated,,False
fmr,2027,HB10858-FMR-0700-019,"Construction of Brgy. San Isidro FMR, Brgy. San Isidro, Talakag, Palawan",15000000,2025,"Concreting of FMR at Brgy. San Isidro to Sitio Banawag, Sta. Fe, Leyte",15000000,0.541,1,0,HB 10858 Vol I-B p. 700,GAA-2025 · Department of Agriculture (DA) · Office of the Secretary,,,,not stated,not stated,,False
fmr,2027,HB10858-FMR-0700-019,"Construction of Brgy. San Isidro FMR, Brgy. San Isidro, Talakag, Palawan",15000000,2025,"Concreting of Brgy. Bagong Barrio FMR Phase I, Brgy. Bagong Barrio, San Ildefonso, Bulacan",15000000,0.468,2,0,HB 10858 Vol I-B p. 700,GAA-2025 · Department of Agriculture (DA) · Office of the Secretary,,,,not stated,one side stated,Prior Phase 1 only,False
fmr,2027,HB10858-FMR-0700-019,"Construction of Brgy. San Isidro FMR, Brgy. San Isidro, Talakag, Palawan",15000000,2025,"Concreting of Brgy. Bagong Barrio FMR Phase II, Brgy. Bagong Barrio, San Ildefonso, Bulacan",10000000,0.468,3,5000000,HB 10858 Vol I-B p. 700,GAA-2025 · Department of Agriculture (DA) · Office of the Secretary,,,,not stated,one side stated,Prior Phase 2 only,False
fmr,2027,HB10858-FMR-0700-020,"Construction of Sitio Gatol - Sitio Agong, Brgy. San Roque FMR, Bulalacao, Oriental Mindoro",25000000,2025,"Concreting of Pahilahan FMR (Phase II), Brgy. Pahilahan, Pola, Oriental Mindoro",15000000,0.55,1,10000000,HB 10858 Vol I-B p. 700,GAA-2025 · Department of Agriculture (DA) · Office of the Secretary,,,,not stated,one side stated,Prior Phase 2 only,False
fmr,2027,HB10858-FMR-0700-020,"Construction of Sitio Gatol - Sitio Agong, Brgy. San Roque FMR, Bulalacao, Oriental Mindoro",25000000,2025,"Concreting of Sitio Casaguingan, Brgy. Bairan to Brgy. Malaguinabot FMR (Phase II), Brgy. Bairan and Brgy. Malaguinabot, San Miguel, Leyte",15000000,0.469,2,10000000,HB 10858 Vol I-B p. 700,GAA-2025 · Department of Agriculture (DA) · Office of the Secretary,,,,not stated,one side stated,Prior Phase 2 only,False
fmr,2027,HB10858-FMR-0700-020,"Construction of Sitio Gatol - Sitio Agong, Brgy. San Roque FMR, Bulalacao, Oriental Mindoro",25000000,2025,"Concreting of FMR at Brgy. Balaong (Phase II), San Miguel, Bulacan",25000000,0.468,3,0,HB 10858 Vol I-B p. 700,GAA-2025 · Department of Agriculture (DA) · Office of the Secretary,,,,not stated,one side stated,Prior Phase 2 only,False
fmr,2027,HB10858-FMR-0700-021,"Construction of Brgy. Kamuning FMR, Brgy. Kamuning, Puerto Princesa, Palawan",10000000,2025,"Concreting of FMR at Brgy. Pandatun, Hermosa, Bataan",15000000,0.5,1,-5000000,HB 10858 Vol I-B p. 700,GAA-2025 · Department of Agriculture (DA) · Office of the Secretary,,,,not stated,not stated,,False
fmr,2027,HB10858-FMR-0700-021,"Construction of Brgy. Kamuning FMR, Brgy. Kamuning, Puerto Princesa, Palawan",10000000,2025,"Concreting of FMR at Brgy. Pansinao, Candaba, Pampanga",25000000,0.459,2,-15000000,HB 10858 Vol I-B p. 700,GAA-2025 · Department of Agriculture (DA) · Office of the Secretary,,,,not stated,not stated,,False
fmr,2027,HB10858-FMR-0700-021,"Construction of Brgy. Kamuning FMR, Brgy. Kamuning, Puerto Princesa, Palawan",10000000,2025,"Concreting of FMR at Brgy. Bambang, Candaba, Pampanga",20000000,0.438,3,-10000000,HB 10858 Vol I-B p. 700,GAA-2025 · Department of Agriculture (DA) · Office of the Secretary,,,,not stated,not stated,,False
fmr,2027,HB10858-FMR-0700-022,"Construction of Brgy. Papandungin to Brgy. Malayong FMR, Gloria, Oriental Mindoro",15000000,2025,"Concreting of Pahilahan FMR (Phase II), Brgy. Pahilahan, Pola, Oriental Mindoro",15000000,0.604,1,0,HB 10858 Vol I-B p. 700,GAA-2025 · Department of Agriculture (DA) · Office of the Secretary,,,,not stated,one side stated,Prior Phase 2 only,False
fmr,2027,HB10858-FMR-0700-022,"Construction of Brgy. Papandungin to Brgy. Malayong FMR, Gloria, Oriental Mindoro",15000000,2025,"Concreting of Brgy. Liptong FMR (Phase II), Brgy. Liptong, Bacong, Negros Oriental",15000000,0.473,2,0,HB 10858 Vol I-B p. 700,GAA-2025 · Department of Agriculture (DA) · Office of the Secretary,,,,not stated,one side stated,Prior Phase 2 only,False
fmr,2027,HB10858-FMR-0700-022,"Construction of Brgy. Papandungin to Brgy. Malayong FMR, Gloria, Oriental Mindoro",15000000,2025,"Concreting of Brgy. Tubaon FMR (Phase III), Brgy. Tubaon, Tarragona, Davao Oriental",15000000,0.43,3,0,HB 10858 Vol I-B p. 700,GAA-2025 · Department of Agriculture (DA) · Office of the Secretary,,,,not stated,one side stated,Prior Phase 3 only,False
fmr,2027,HB10858-FMR-0700-023,"Construction of Purok Bucana, Brgy. Manalo FMR, Brgy. Manalo FMR, Puerto Princesa, Palawan",20000000,2025,"Concreting of Purok 2, Brgy. Cansinala FMR (Phase I), Brgy. Cansinala, Apalit, Pampanga",15000000,0.552,1,5000000,HB 10858 Vol I-B p. 700,GAA-2025 · Department of Agriculture (DA) · Office of the Secretary,,,,not stated,one side stated,Prior Phase 1 only,False
fmr,2027,HB10858-FMR-0700-023,"Construction of Purok Bucana, Brgy. Manalo FMR, Brgy. Manalo FMR, Puerto Princesa, Palawan",20000000,2025,"Concreting of Purok 2, Brgy. Cansinala FMR Phase II, Brgy. Cansinala, Apalit, Pampanga",5000000,0.552,2,15000000,HB 10858 Vol I-B p. 700,GAA-2025 · Department of Agriculture (DA) · Office of the Secretary,,,,not stated,one side stated,Prior Phase 2 only,False
fmr,2027,HB10858-FMR-0700-023,"Construction of Purok Bucana, Brgy. Manalo FMR, Brgy. Manalo FMR, Puerto Princesa, Palawan",20000000,2025,"Concreting of Purok 7-Purok 15, Brgy. Mabuhay FMR (Phase V), Brgy. Mabuhay, General Santos City, South Cotabato",15000000,0.45,3,5000000,HB 10858 Vol I-B p. 700,GAA-2025 · Department of Agriculture (DA) · Office of the Secretary,,,,not stated,one side stated,Prior Phase 5 only,False
fmr,2027,HB10858-FMR-0700-024,"Construction of Brgy. Alcadesma to Brgy. Rosacara FMR, Brgy. Alcadesma, Bansud, Oriental Mindoro",50000000,2025,"Concreting of Pahilahan FMR (Phase II), Brgy. Pahilahan, Pola, Oriental Mindoro",15000000,0.596,1,35000000,HB 10858 Vol I-B p. 700,GAA-2025 · Department of Agriculture (DA) · Office of the Secretary,,,,not stated,one side stated,Prior Phase 2 only,False
fmr,2027,HB10858-FMR-0700-024,"Construction of Brgy. Alcadesma to Brgy. Rosacara FMR, Brgy. Alcadesma, Bansud, Oriental Mindoro",50000000,2025,"Concreting of Brgy. Liptong FMR (Phase II), Brgy. Liptong, Bacong, Negros Oriental",15000000,0.455,2,35000000,HB 10858 Vol I-B p. 700,GAA-2025 · Department of Agriculture (DA) · Office of the Secretary,,,,not stated,one side stated,Prior Phase 2 only,False
fmr,2027,HB10858-FMR-0700-024,"Construction of Brgy. Alcadesma to Brgy. Rosacara FMR, Brgy. Alcadesma, Bansud, Oriental Mindoro",50000000,2025,"Concreting of Brgy. Tubaon FMR (Phase III), Brgy. Tubaon, Tarragona, Davao Oriental",15000000,0.416,3,35000000,HB 10858 Vol I-B p. 700,GAA-2025 · Department of Agriculture (DA) · Office of the Secretary,,,,not stated,one side stated,Prior Phase 3 only,False
fmr,2027,HB10858-FMR-0700-025,"Concreting of Brgy. Mabuhay I - Brgy. Happy Valley FMR, Socorro, Oriental Mindoro",30000000,2025,"Concreting of Pahilahan FMR (Phase II), Brgy. Pahilahan, Pola, Oriental Mindoro",15000000,0.542,1,15000000,HB 10858 Vol I-B p. 700,GAA-2025 · Department of Agriculture (DA) · Office of the Secretary,,,,not stated,one side stated,Prior Phase 2 only,False
fmr,2027,HB10858-FMR-0700-025,"Concreting of Brgy. Mabuhay I - Brgy. Happy Valley FMR, Socorro, Oriental Mindoro",30000000,2025,"Concreting of Brgy. Liptong FMR (Phase II), Brgy. Liptong, Bacong, Negros Oriental",15000000,0.452,2,15000000,HB 10858 Vol I-B p. 700,GAA-2025 · Department of Agriculture (DA) · Office of the Secretary,,,,not stated,one side stated,Prior Phase 2 only,False
fmr,2027,HB10858-FMR-0700-025,"Concreting of Brgy. Mabuhay I - Brgy. Happy Valley FMR, Socorro, Oriental Mindoro",30000000,2025,"Concreting of Brgy. Bugo FMR (Phase II), Brgy. Bugo, Cagayan de Oro City, Misamis Oriental",15000000,0.416,3,15000000,HB 10858 Vol I-B p. 700,GAA-2025 · Department of Agriculture (DA) · Office of the Secretary,,,,not stated,one side stated,Prior Phase 2 only,False
fmr,2027,HB10858-FMR-0700-026,"Construction of Local Access road Rizal St., Brgy. Tenga-Tenga to Brgy. Suba FMR,",50000000,2025,"Concreting of Brgy. Libjo to Brgy. Daganas to Brgy. Old Rizal FMR (Phase II), Brgys. Libjo, Daganas and Old Rizal, Catarman, Northern Samar",15000000,0.212,1,35000000,HB 10858 Vol I-B p. 700,GAA-2025 · Department of Agriculture (DA) · Office of the Secretary,,,,not stated,one side stated,Prior Phase 2 only,False
fmr,2027,HB10858-FMR-0700-026,"Construction of Local Access road Rizal St., Brgy. Tenga-Tenga to Brgy. Suba FMR,",50000000,2025,Farm-to-Market Road (FMR) Network Planning and Monitoring Services,2344000,0.157,2,47656000,HB 10858 Vol I-B p. 700,GAA-2025 · Department of Agriculture (DA) · Office of the Secretary,,,,not stated,not stated,,False
fmr,2027,HB10858-FMR-0700-026,"Construction of Local Access road Rizal St., Brgy. Tenga-Tenga to Brgy. Suba FMR,",50000000,2025,Farm-to-Market Road (FMR) Network Planning and Monitoring Services,7537000,0.157,3,42463000,HB 10858 Vol I-B p. 700,GAA-2025 · Department of Agriculture (DA) · Office of the Secretary,,,,not stated,not stated,,False
fmr,2027,HB10858-FMR-0700-027,"Concreting of Sitio Bugkong, Brgy. Bugtong na Tuog FMR, Brgy. Bugtong na Tuog, Socorro, Oriental Mindoro",15000000,2025,"Concreting of Brgy. Liptong FMR (Phase II), Brgy. Liptong, Bacong, Negros Oriental",15000000,0.5,1,0,HB 10858 Vol I-B p. 700,GAA-2025 · Department of Agriculture (DA) · Office of the Secretary,,,,not stated,one side stated,Prior Phase 2 only,False
fmr,2027,HB10858-FMR-0700-027,"Concreting of Sitio Bugkong, Brgy. Bugtong na Tuog FMR, Brgy. Bugtong na Tuog, Socorro, Oriental Mindoro",15000000,2025,"Concreting of Brgy. Tubaon FMR (Phase III), Brgy. Tubaon, Tarragona, Davao Oriental",15000000,0.448,2,0,HB 10858 Vol I-B p. 700,GAA-2025 · Department of Agriculture (DA) · Office of the Secretary,,,,not stated,one side stated,Prior Phase 3 only,False
fmr,2027,HB10858-FMR-0700-027,"Concreting of Sitio Bugkong, Brgy. Bugtong na Tuog FMR, Brgy. Bugtong na Tuog, Socorro, Oriental Mindoro",15000000,2025,"Concreting of Pahilahan FMR (Phase II), Brgy. Pahilahan, Pola, Oriental Mindoro",15000000,0.437,3,0,HB 10858 Vol I-B p. 700,GAA-2025 · Department of Agriculture (DA) · Office of the Secretary,,,,not stated,one side stated,Prior Phase 2 only,False
fmr,2027,HB10858-FMR-0700-028,"Construction of Sitio Arado, Brgy. Poblacion FMR, Taytay, Palawan",30000000,2025,"Concreting of Sitio Gumihan, Brgy. Maytoong FMR Phase II, Brgy. Maytoong, Paete, Laguna",5550000,0.568,1,24450000,HB 10858 Vol I-B p. 700,GAA-2025 · Department of Agriculture (DA) · Office of the Secretary,,,,not stated,one side stated,Prior Phase 2 only,False
fmr,2027,HB10858-FMR-0700-028,"Construction of Sitio Arado, Brgy. Poblacion FMR, Taytay, Palawan",30000000,2025,"Concreting of Sitio Bayawas, Brgy. Salvacion FMR Phase Il, Brgy. Salvacion, Magallanes, Sorsogon",25000000,0.52,2,5000000,HB 10858 Vol I-B p. 700,GAA-2025 · Department of Agriculture (DA) · Office of the Secretary,,,,not stated,not stated,,False
fmr,2027,HB10858-FMR-0700-028,"Construction of Sitio Arado, Brgy. Poblacion FMR, Taytay, Palawan",30000000,2025,"Concreting of Sitio Bayawas Brgy. Salvacion FMR Phase III, Brgy. Salvacion, Magallanes, Sorsogon",15000000,0.515,3,15000000,HB 10858 Vol I-B p. 700,GAA-2025 · Department of Agriculture (DA) · Office of the Secretary,,,,not stated,one side stated,Prior Phase 3 only,False
fmr,2027,HB10858-FMR-0700-029,"Concreting of Brgy. Water FMR, Brgy. Water, Baco, Oriental Mindoro",15000000,2025,"Concreting of Pahilahan FMR (Phase II), Brgy. Pahilahan, Pola, Oriental Mindoro",15000000,0.634,1,0,HB 10858 Vol I-B p. 700,GAA-2025 · Department of Agriculture (DA) · Office of the Secretary,,,,not stated,one side stated,Prior Phase 2 only,False
fmr,2027,HB10858-FMR-0700-029,"Concreting of Brgy. Water FMR, Brgy. Water, Baco, Oriental Mindoro",15000000,2025,"Concreting of Brgy. Liptong FMR (Phase II), Brgy. Liptong, Bacong, Negros Oriental",15000000,0.532,2,0,HB 10858 Vol I-B p. 700,GAA-2025 · Department of Agriculture (DA) · Office of the Secretary,,,,not stated,one side stated,Prior Phase 2 only,False
fmr,2027,HB10858-FMR-0700-029,"Concreting of Brgy. Water FMR, Brgy. Water, Baco, Oriental Mindoro",15000000,2025,"Concreting of Brgy. Tubaon FMR (Phase III), Brgy. Tubaon, Tarragona, Davao Oriental",15000000,0.481,3,0,HB 10858 Vol I-B p. 700,GAA-2025 · Department of Agriculture (DA) · Office of the Secretary,,,,not stated,one side stated,Prior Phase 3 only,False
fmr,2027,HB10858-FMR-0700-030,"Construction of Sitio Nalbot, Brgy. Poblacion FMR, Taytay, Palawan",30000000,2025,"Concreting of Sitio Gumihan, Brgy. Maytoong FMR Phase II, Brgy. Maytoong, Paete, Laguna",5550000,0.562,1,24450000,HB 10858 Vol I-B p. 700,GAA-2025 · Department of Agriculture (DA) · Office of the Secretary,,,,not stated,one side stated,Prior Phase 2 only,False
fmr,2027,HB10858-FMR-0700-030,"Construction of Sitio Nalbot, Brgy. Poblacion FMR, Taytay, Palawan",30000000,2025,"Concreting of Sitio Malaya FMR at Brgy. Aningway Subic, Zambales",15000000,0.494,2,15000000,HB 10858 Vol I-B p. 700,GAA-2025 · Department of Agriculture (DA) · Office of the Secretary,,,,not stated,not stated,,False
fmr,2027,HB10858-FMR-0700-030,"Construction of Sitio Nalbot, Brgy. Poblacion FMR, Taytay, Palawan",30000000,2025,"Concreting of FMR at Sitio 2 Brgy. Gulap, Candaba, Pampanga",25000000,0.48,3,5000000,HB 10858 Vol I-B p. 700,GAA-2025 · Department of Agriculture (DA) · Office of the Secretary,,,,not stated,not stated,,False
fmr,2027,HB10858-FMR-0700-031,"Concreting of Sitio Kanluran, Brgy. Malamig - Sitio Bagong Silang, Brgy. Canubing I FMR, Calapan City, Oriental Mindoro",25350000,2025,"Concreting of Pahilahan FMR (Phase II), Brgy. Pahilahan, Pola, Oriental Mindoro",15000000,0.515,1,10350000,HB 10858 Vol I-B p. 700,GAA-2025 · Department of Agriculture (DA) · Office of the Secretary,,,,not stated,one side stated,Prior Phase 2 only,False
fmr,2027,HB10858-FMR-0700-031,"Concreting of Sitio Kanluran, Brgy. Malamig - Sitio Bagong Silang, Brgy. Canubing I FMR, Calapan City, Oriental Mindoro",25350000,2025,"Concreting of FMR at Brgy. Dalicanan, Sitio Mabang Sapa, Passi City, Iloilo",15000000,0.456,2,10350000,HB 10858 Vol I-B p. 700,GAA-2025 · Department of Agriculture (DA) · Office of the Secretary,,,,not stated,not stated,,False
fmr,2027,HB10858-FMR-0700-031,"Concreting of Sitio Kanluran, Brgy. Malamig - Sitio Bagong Silang, Brgy. Canubing I FMR, Calapan City, Oriental Mindoro",25350000,2025,"Concreting of Sitio Dep-ang to Sitio Bilis, Brgy. Santo Tomas FMR Phase III, Brgy. Santo Tomas, Baguio City",10000000,0.452,3,15350000,HB 10858 Vol I-B p. 700,GAA-2025 · Department of Agriculture (DA) · Office of the Secretary,,,,not stated,one side stated,Prior Phase 3 only,False
fmr,2027,HB10858-FMR-0700-032,"Construction of Brgy. Salvacion FMR, Brgy. Salvacion, Busuanga, Palawan",15000000,2025,"Concreting of Sitio Bayawas Brgy. Salvacion FMR Phase III, Brgy. Salvacion, Magallanes, Sorsogon",15000000,0.577,1,0,HB 10858 Vol I-B p. 700,GAA-2025 · Department of Agriculture (DA) · Office of the Secretary,,,,not stated,one side stated,Prior Phase 3 only,False
fmr,2027,HB10858-FMR-0700-032,"Construction of Brgy. Salvacion FMR, Brgy. Salvacion, Busuanga, Palawan",15000000,2025,"Concreting of Sitio Bayawas, Brgy. Salvacion FMR Phase Il, Brgy. Salvacion, Magallanes, Sorsogon",25000000,0.56,2,-10000000,HB 10858 Vol I-B p. 700,GAA-2025 · Department of Agriculture (DA) · Office of the Secretary,,,,not stated,not stated,,False
fmr,2027,HB10858-FMR-0700-032,"Construction of Brgy. Salvacion FMR, Brgy. Salvacion, Busuanga, Palawan",15000000,2025,"Concreting of Brgy. Catacte FMR Brgy. Catacte, Bustos, Bulacan",5000000,0.486,3,10000000,HB 10858 Vol I-B p. 700,GAA-2025 · Department of Agriculture (DA) · Office of the Secretary,,,,not stated,not stated,,False
fmr,2027,HB10858-FMR-0700-033,"Concreting of Brgy. Arangin FMR, Brgy. Arangin, Naujan, Oriental Mindoro",15000000,2025,"Concreting of Pahilahan FMR (Phase II), Brgy. Pahilahan, Pola, Oriental Mindoro",15000000,0.682,1,0,HB 10858 Vol I-B p. 700,GAA-2025 · Department of Agriculture (DA) · Office of the Secretary,,,,not stated,one side stated,Prior Phase 2 only,False
fmr,2027,HB10858-FMR-0700-033,"Concreting of Brgy. Arangin FMR, Brgy. Arangin, Naujan, Oriental Mindoro",15000000,2025,"Concreting of Brgy. Tubaon FMR (Phase III), Brgy. Tubaon, Tarragona, Davao Oriental",15000000,0.541,2,0,HB 10858 Vol I-B p. 700,GAA-2025 · Department of Agriculture (DA) · Office of the Secretary,,,,not stated,one side stated,Prior Phase 3 only,False
fmr,2027,HB10858-FMR-0700-033,"Concreting of Brgy. Arangin FMR, Brgy. Arangin, Naujan, Oriental Mindoro",15000000,2025,"Concreting of Brgy. Liptong FMR (Phase II), Brgy. Liptong, Bacong, Negros Oriental",15000000,0.494,3,0,HB 10858 Vol I-B p. 700,GAA-2025 · Department of Agriculture (DA) · Office of the Secretary,,,,not stated,one side stated,Prior Phase 2 only,False
fmr,2027,HB10858-FMR-0702-001,"Concreting of Brgy. Mampaitan FMR, Brgy. Mampaitan, Mogpog, Marinduque",20000000,2025,"Concreting of Brgy. Caluangan FMR (Phase I), Brgy. Caluangan, Magallanes, Cavite",15000000,0.488,1,5000000,HB 10858 Vol I-B p. 702,GAA-2025 · Department of Agriculture (DA) · Office of the Secretary,,,,not stated,one side stated,Prior Phase 1 only,False
fmr,2027,HB10858-FMR-0702-001,"Concreting of Brgy. Mampaitan FMR, Brgy. Mampaitan, Mogpog, Marinduque",20000000,2025,"Concreting of Brgy. Caluangan FMR (Phase II), Brgy. Caluangan, Magallanes, Cavite",10000000,0.488,2,10000000,HB 10858 Vol I-B p. 702,GAA-2025 · Department of Agriculture (DA) · Office of the Secretary,,,,not stated,one side stated,Prior Phase 2 only,False
fmr,2027,HB10858-FMR-0702-001,"Concreting of Brgy. Mampaitan FMR, Brgy. Mampaitan, Mogpog, Marinduque",20000000,2025,"Concreting of Brgy. Mabaca FMR Phase II, Brgy. Mabaca, Balbalan, Kalinga",10000000,0.48,3,10000000,HB 10858 Vol I-B p. 702,GAA-2025 · Department of Agriculture (DA) · Office of the Secretary,,,,not stated,one side stated,Prior Phase 2 only,False
fmr,2027,HB10858-FMR-0702-002,"Construction of Zone 1 Hanawan FMR, Brgy. Hanawan, Ocampo, Camarines Sur",15000000,2025,"Concreting of Purok 8 to Sitio Manangahon to Sitio Palo, Brgy. Mate FMR (Phase II), San Francisco, Agusan del Sur",15000000,0.429,1,0,HB 10858 Vol I-B p. 702,GAA-2025 · Department of Agriculture (DA) · Office of the Secretary,,,,not stated,one side stated,Prior Phase 2 only,False
fmr,2027,HB10858-FMR-0702-002,"Construction of Zone 1 Hanawan FMR, Brgy. Hanawan, Ocampo, Camarines Sur",15000000,2025,"Concreting of FMR at Zone 1 to Sitio Baluno, Brgy. Salaan, Zamboanga City",15000000,0.421,2,0,HB 10858 Vol I-B p. 702,GAA-2025 · Department of Agriculture (DA) · Office of the Secretary,,,,not stated,not stated,,False
fmr,2027,HB10858-FMR-0702-002,"Construction of Zone 1 Hanawan FMR, Brgy. Hanawan, Ocampo, Camarines Sur",15000000,2025,"Concreting of FMR at Brgy. Mangga, Candaba, Pampanga",25000000,0.405,3,-10000000,HB 10858 Vol I-B p. 702,GAA-2025 · Department of Agriculture (DA) · Office of the Secretary,,,,not stated,not stated,,False
fmr,2027,HB10858-FMR-0702-003,"Construction of Tinangis FMR, Brgy. Tinangis, Pili, Camarines Sur",15000000,2025,"Concreting of Brgy. Caluangan FMR (Phase I), Brgy. Caluangan, Magallanes, Cavite",15000000,0.444,1,0,HB 10858 Vol I-B p. 702,GAA-2025 · Department of Agriculture (DA) · Office of the Secretary,,,,not stated,one side stated,Prior Phase 1 only,False
fmr,2027,HB10858-FMR-0702-003,"Construction of Tinangis FMR, Brgy. Tinangis, Pili, Camarines Sur",15000000,2025,"Concreting of FMR at Brgy. Mandili, Candaba, Pampanga",35000000,0.441,2,-20000000,HB 10858 Vol I-B p. 702,GAA-2025 · Department of Agriculture (DA) · Office of the Secretary,,,,not stated,not stated,,False
fmr,2027,HB10858-FMR-0702-003,"Construction of Tinangis FMR, Brgy. Tinangis, Pili, Camarines Sur",15000000,2025,"Concreting of FMR at Brgy. Turu, Magalang, Pampanga",35000000,0.424,3,-20000000,HB 10858 Vol I-B p. 702,GAA-2025 · Department of Agriculture (DA) · Office of the Secretary,,,,not stated,not stated,,False
fmr,2027,HB10858-FMR-0702-004,"Construction of Brgy. Cabasan to Brgy. Pongco FMR, Brgy. Cabasan and Brgy. Pongco,",15000000,2025,Farm-to-Market Road (FMR) Network Planning and Monitoring Services,2344000,0.354,1,12656000,HB 10858 Vol I-B p. 702,GAA-2025 · Department of Agriculture (DA) · Office of the Secretary,,,,not stated,not stated,,False
fmr,2027,HB10858-FMR-0702-004,"Construction of Brgy. Cabasan to Brgy. Pongco FMR, Brgy. Cabasan and Brgy. Pongco,",15000000,2025,Farm-to-Market Road (FMR) Network Planning and Monitoring Services,7537000,0.354,2,7463000,HB 10858 Vol I-B p. 702,GAA-2025 · Department of Agriculture (DA) · Office of the Secretary,,,,not stated,not stated,,False
fmr,2027,HB10858-FMR-0702-004,"Construction of Brgy. Cabasan to Brgy. Pongco FMR, Brgy. Cabasan and Brgy. Pongco,",15000000,2025,Farm-to-Market Road (FMR) Network Planning and Monitoring Services,185000,0.354,3,14815000,HB 10858 Vol I-B p. 702,GAA-2025 · Department of Agriculture (DA) · Office of the Secretary,,,,not stated,not stated,,False
fmr,2027,HB10858-FMR-0702-005,"Construction of Brgy. Agpo to Brgy. Camagong FMR, Brgy. Agpo, Lagonoy and Brgy. Camagong, San Jose, Camarines Sur",15000000,2025,"Concreting of Brgy. Impo to Brgy. Canap FMR Phase II, Brgy. Impo and Brgy. Canap, San Miguel, Leyte",15000000,0.509,1,0,HB 10858 Vol I-B p. 702,GAA-2025 · Department of Agriculture (DA) · Office of the Secretary,,,,not stated,one side stated,Prior Phase 2 only,False
fmr,2027,HB10858-FMR-0702-005,"Construction of Brgy. Agpo to Brgy. Camagong FMR, Brgy. Agpo, Lagonoy and Brgy. Camagong, San Jose, Camarines Sur",15000000,2025,"Concreting of Brgy. Balaong FMR (Phase I), Brgy. Balaong, San Miguel, Bulacan",5000000,0.505,2,10000000,HB 10858 Vol I-B p. 702,GAA-2025 · Department of Agriculture (DA) · Office of the Secretary,,,,not stated,one side stated,Prior Phase 1 only,False
fmr,2027,HB10858-FMR-0702-005,"Construction of Brgy. Agpo to Brgy. Camagong FMR, Brgy. Agpo, Lagonoy and Brgy. Camagong, San Jose, Camarines Sur",15000000,2025,"Concreting of Brgy. Sab-a to Brgy. Libaong FMR (Phase II) with Box Culvert, Brgy. Sab-a, Libaong, San Remegio, Cebu",15000000,0.466,3,0,HB 10858 Vol I-B p. 702,GAA-2025 · Department of Agriculture (DA) · Office of the Secretary,,,,not stated,one side stated,Prior Phase 2 only,False
fmr,2027,HB10858-FMR-0702-006,"Construction of Brgy. San Antonio Santicon FMR, Brgy. San Antonio Santicon,",15000000,2025,"Concreting of Brgy. San Antonio to Brgy. Lugui FMR (Phase II), Brgy. San Antonio and Brgy. Lugui, Labo, Camarines Norte",15000000,0.63,1,0,HB 10858 Vol I-B p. 702,GAA-2025 · Department of Agriculture (DA) · Office of the Secretary,,,,not stated,one side stated,Prior Phase 2 only,False
fmr,2027,HB10858-FMR-0702-006,"Construction of Brgy. San Antonio Santicon FMR, Brgy. San Antonio Santicon,",15000000,2025,"Concreting of FMR at Sitio Atagon to Brgy. San Antonio, Palo, Leyte",15000000,0.575,2,0,HB 10858 Vol I-B p. 702,GAA-2025 · Department of Agriculture (DA) · Office of the Secretary,,,,not stated,not stated,,False
fmr,2027,HB10858-FMR-0702-006,"Construction of Brgy. San Antonio Santicon FMR, Brgy. San Antonio Santicon,",15000000,2025,"Concreting of Brgy. Annanuman - Brgy. Dalena FMR Phase III, Brgy. Annanuman, San Pablo, Isabela",10000000,0.43,3,5000000,HB 10858 Vol I-B p. 702,GAA-2025 · Department of Agriculture (DA) · Office of the Secretary,,,,not stated,one side stated,Prior Phase 3 only,False
fmr,2027,HB10858-FMR-0702-007,"Construction of Brgy. Hanopol FMR, Brgy. Hanopol, Caramoan, Camarines Sur",15000000,2025,"Concreting of FMR at Brgy. Mangayao, Bayambang, Pangasinan",10000000,0.48,1,5000000,HB 10858 Vol I-B p. 702,GAA-2025 · Department of Agriculture (DA) · Office of the Secretary,,,,not stated,not stated,,False
fmr,2027,HB10858-FMR-0702-007,"Construction of Brgy. Hanopol FMR, Brgy. Hanopol, Caramoan, Camarines Sur",15000000,2025,"Concreting of FMR at Brgy. Coral, Ramos, Tarlac",10000000,0.438,2,5000000,HB 10858 Vol I-B p. 702,GAA-2025 · Department of Agriculture (DA) · Office of the Secretary,,,,not stated,not stated,,False
fmr,2027,HB10858-FMR-0702-007,"Construction of Brgy. Hanopol FMR, Brgy. Hanopol, Caramoan, Camarines Sur",15000000,2025,"Concreting of Brgy. Caluangan FMR (Phase I), Brgy. Caluangan, Magallanes, Cavite",15000000,0.434,3,0,HB 10858 Vol I-B p. 702,GAA-2025 · Department of Agriculture (DA) · Office of the Secretary,,,,not stated,one side stated,Prior Phase 1 only,False
fmr,2027,HB10858-FMR-0702-008,"Construction of Catalotoan FMR Phase II, Brgy. Catalotoan, Sagnay, Camarines Sur",30000000,2025,"Concreting of Brgy. Caluangan FMR (Phase I), Brgy. Caluangan, Magallanes, Cavite",15000000,0.552,1,15000000,HB 10858 Vol I-B p. 702,GAA-2025 · Department of Agriculture (DA) · Office of the Secretary,,,,not stated,different tranche,Phase 2 vs 1,True
fmr,2027,HB10858-FMR-0702-008,"Construction of Catalotoan FMR Phase II, Brgy. Catalotoan, Sagnay, Camarines Sur",30000000,2025,"Concreting of Brgy. Catacte FMR Brgy. Catacte, Bustos, Bulacan",5000000,0.45,2,25000000,HB 10858 Vol I-B p. 702,GAA-2025 · Department of Agriculture (DA) · Office of the Secretary,,,,not stated,one side stated,Current Phase 2 only,False
fmr,2027,HB10858-FMR-0702-008,"Construction of Catalotoan FMR Phase II, Brgy. Catalotoan, Sagnay, Camarines Sur",30000000,2025,"Concreting of FMR at Brgy. Talang, Candaba, Pampanga",20000000,0.438,3,10000000,HB 10858 Vol I-B p. 702,GAA-2025 · Department of Agriculture (DA) · Office of the Secretary,,,,not stated,one side stated,Current Phase 2 only,False
fmr,2027,HB10858-FMR-0702-009,"Construction of Brgy. Sagrada FMR, Baao, Camarines Sur",15000000,2025,"Concreting of Brgy. Mabaca FMR Phase II, Brgy. Mabaca, Balbalan, Kalinga",10000000,0.469,1,5000000,HB 10858 Vol I-B p. 702,GAA-2025 · Department of Agriculture (DA) · Office of the Secretary,,,,not stated,one side stated,Prior Phase 2 only,False
fmr,2027,HB10858-FMR-0702-009,"Construction of Brgy. Sagrada FMR, Baao, Camarines Sur",15000000,2025,"Concreting of Brgy. Caluangan FMR (Phase I), Brgy. Caluangan, Magallanes, Cavite",15000000,0.451,2,0,HB 10858 Vol I-B p. 702,GAA-2025 · Department of Agriculture (DA) · Office of the Secretary,,,,not stated,one side stated,Prior Phase 1 only,False
fmr,2027,HB10858-FMR-0702-009,"Construction of Brgy. Sagrada FMR, Baao, Camarines Sur",15000000,2025,"Concreting of FMR at Brgy. Bambang, Candaba, Pampanga",20000000,0.448,3,-5000000,HB 10858 Vol I-B p. 702,GAA-2025 · Department of Agriculture (DA) · Office of the Secretary,,,,not stated,not stated,,False
fmr,2027,HB10858-FMR-0702-010,"Construction of Brgy. Canaway FMR (Phase 2), Brgy. Canaway, Malilipot, Albay",15000000,2025,"Concreting of Brgy. Tinocawan FMR (Phase II), Brgy. Tinocawan, Rapu-Rapu, Albay",50000000,0.595,1,-35000000,HB 10858 Vol I-B p. 702,GAA-2025 · Department of Agriculture (DA) · Office of the Secretary,,,,not stated,same tranche,,False
fmr,2027,HB10858-FMR-0702-010,"Construction of Brgy. Canaway FMR (Phase 2), Brgy. Canaway, Malilipot, Albay",15000000,2025,"Concreting of Brgy. Manila FMR Phase II, Brgy. Manila, Rapu-Rapu, Albay",50000000,0.559,2,-35000000,HB 10858 Vol I-B p. 702,GAA-2025 · Department of Agriculture (DA) · Office of the Secretary,,,,not stated,same tranche,,False
fmr,2027,HB10858-FMR-0702-010,"Construction of Brgy. Canaway FMR (Phase 2), Brgy. Canaway, Malilipot, Albay",15000000,2025,"Concreting of Brgy. Tagpo FMR (Phase II), Brgy, Tagpo, Ligao City, Albay",10000000,0.537,3,5000000,HB 10858 Vol I-B p. 702,GAA-2025 · Department of Agriculture (DA) · Office of the Secretary,,,,not stated,same tranche,,False
fmr,2027,HB10858-FMR-0702-011,"Construction of Brgy. Namurabod to Labawon FMR, Brgy. Namurabod, Buhi, Camarines Sur",15000000,2025,"Concreting of FMR at NRJ Brgy. Pasta to Brgy. Buenasuerte, San Franscisco, Agusan Del Sur",10000000,0.378,1,5000000,HB 10858 Vol I-B p. 702,GAA-2025 · Department of Agriculture (DA) · Office of the Secretary,,,,not stated,not stated,,False
fmr,2027,HB10858-FMR-0702-011,"Construction of Brgy. Namurabod to Labawon FMR, Brgy. Namurabod, Buhi, Camarines Sur",15000000,2025,Farm-to-Market Road (FMR) Network Planning and Monitoring Services,2344000,0.354,2,12656000,HB 10858 Vol I-B p. 702,GAA-2025 · Department of Agriculture (DA) · Office of the Secretary,,,,not stated,not stated,,False
fmr,2027,HB10858-FMR-0702-011,"Construction of Brgy. Namurabod to Labawon FMR, Brgy. Namurabod, Buhi, Camarines Sur",15000000,2025,Farm-to-Market Road (FMR) Network Planning and Monitoring Services,7537000,0.354,3,7463000,HB 10858 Vol I-B p. 702,GAA-2025 · Department of Agriculture (DA) · Office of the Secretary,,,,not stated,not stated,,False
fmr,2027,HB10858-FMR-0702-013,"Concreting of Brgy. Suchan to Brgy. Quigaray FMR, Brgy. Suchan and Brgy. Quigaray, Bagamanoc, Catanduanes",15000000,2025,Farm-to-Market Road (FMR) Network Planning and Monitoring Services,2344000,0.311,1,12656000,HB 10858 Vol I-B p. 702,GAA-2025 · Department of Agriculture (DA) · Office of the Secretary,,,,not stated,not stated,,False
fmr,2027,HB10858-FMR-0702-013,"Concreting of Brgy. Suchan to Brgy. Quigaray FMR, Brgy. Suchan and Brgy. Quigaray, Bagamanoc, Catanduanes",15000000,2025,Farm-to-Market Road (FMR) Network Planning and Monitoring Services,7537000,0.311,2,7463000,HB 10858 Vol I-B p. 702,GAA-2025 · Department of Agriculture (DA) · Office of the Secretary,,,,not stated,not stated,,False
fmr,2027,HB10858-FMR-0702-013,"Concreting of Brgy. Suchan to Brgy. Quigaray FMR, Brgy. Suchan and Brgy. Quigaray, Bagamanoc, Catanduanes",15000000,2025,Farm-to-Market Road (FMR) Network Planning and Monitoring Services,185000,0.311,3,14815000,HB 10858 Vol I-B p. 702,GAA-2025 · Department of Agriculture (DA) · Office of the Secretary,,,,not stated,not stated,,False
fmr,2027,HB10858-FMR-0702-014,"Construction of Sitio Gutob, Brgy. Lidong to Brgy. Amoguis FMR, Brgy. Lidong and Brgy. Amoguis, Polangui, Albay",15000000,2025,"Concreting of Sitio Casaguingan, Brgy. Bairan to Brgy. Malaguinabot FMR (Phase II), Brgy. Bairan and Brgy. Malaguinabot, San Miguel, Leyte",15000000,0.514,1,0,HB 10858 Vol I-B p. 702,GAA-2025 · Department of Agriculture (DA) · Office of the Secretary,,,,not stated,one side stated,Prior Phase 2 only,False
fmr,2027,HB10858-FMR-0702-014,"Construction of Sitio Gutob, Brgy. Lidong to Brgy. Amoguis FMR, Brgy. Lidong and Brgy. Amoguis, Polangui, Albay",15000000,2025,"Rehabilitation of Brgy. Sinungtan - Batbat FMR , Guinobatan, Albay",50000000,0.5,2,-35000000,HB 10858 Vol I-B p. 702,GAA-2025 · Department of Agriculture (DA) · Office of the Secretary,,,,not stated,not stated,,False
fmr,2027,HB10858-FMR-0702-014,"Construction of Sitio Gutob, Brgy. Lidong to Brgy. Amoguis FMR, Brgy. Lidong and Brgy. Amoguis, Polangui, Albay",15000000,2025,"Concreting of Brgy. Liguan FMR (Phase II), Brgy. Liguan, Rapu-Rapu, Albay",40000000,0.458,3,-25000000,HB 10858 Vol I-B p. 702,GAA-2025 · Department of Agriculture (DA) · Office of the Secretary,,,,not stated,one side stated,Prior Phase 2 only,False
fmr,2027,HB10858-FMR-0702-015,"Concreting of Brgy. Tobrehon to Brgy. JMA FMR, San Miguel, Catanduanes Start : 13.729991°, 124.253440°",15000000,2025,"Concreting of Brgy. San Antonio to Brgy. Lugui FMR (Phase II), Brgy. San Antonio and Brgy. Lugui, Labo, Camarines Norte",15000000,0.455,1,0,HB 10858 Vol I-B p. 702,GAA-2025 · Department of Agriculture (DA) · Office of the Secretary,,,,not stated,one side stated,Prior Phase 2 only,False
fmr,2027,HB10858-FMR-0702-015,"Concreting of Brgy. Tobrehon to Brgy. JMA FMR, San Miguel, Catanduanes Start : 13.729991°, 124.253440°",15000000,2025,"Concreting of Brgy. Impo to Brgy. Canap FMR Phase II, Brgy. Impo and Brgy. Canap, San Miguel, Leyte",15000000,0.421,2,0,HB 10858 Vol I-B p. 702,GAA-2025 · Department of Agriculture (DA) · Office of the Secretary,,,,not stated,one side stated,Prior Phase 2 only,False
fmr,2027,HB10858-FMR-0702-015,"Concreting of Brgy. Tobrehon to Brgy. JMA FMR, San Miguel, Catanduanes Start : 13.729991°, 124.253440°",15000000,2025,"Concreting of Brgy. Balaong FMR (Phase I), Brgy. Balaong, San Miguel, Bulacan",5000000,0.411,3,10000000,HB 10858 Vol I-B p. 702,GAA-2025 · Department of Agriculture (DA) · Office of the Secretary,,,,not stated,one side stated,Prior Phase 1 only,False
fmr,2027,HB10858-FMR-0702-016,"Construction of Sitio Tugas, Brgy. Agpay FMR, Brgy. Agpay, Guinobatan, Albay",15000000,2025,"Rehabilitation of Brgy. Sinungtan - Batbat FMR , Guinobatan, Albay",50000000,0.667,1,-35000000,HB 10858 Vol I-B p. 702,GAA-2025 · Department of Agriculture (DA) · Office of the Secretary,,,,not stated,not stated,,False
fmr,2027,HB10858-FMR-0702-016,"Construction of Sitio Tugas, Brgy. Agpay FMR, Brgy. Agpay, Guinobatan, Albay",15000000,2025,"Concreting of Sitio Malaya FMR at Brgy. Aningway Subic, Zambales",15000000,0.571,2,0,HB 10858 Vol I-B p. 702,GAA-2025 · Department of Agriculture (DA) · Office of the Secretary,,,,not stated,not stated,,False
fmr,2027,HB10858-FMR-0702-016,"Construction of Sitio Tugas, Brgy. Agpay FMR, Brgy. Agpay, Guinobatan, Albay",15000000,2025,"Concreting of Sitio Hulo, Brgy. Biga FMR (Phase II), Brgy. Biga, Lobo, Batangas",24000000,0.561,3,-9000000,HB 10858 Vol I-B p. 702,GAA-2025 · Department of Agriculture (DA) · Office of the Secretary,,,,not stated,one side stated,Prior Phase 2 only,False
fmr,2027,HB10858-FMR-0702-017,"Construction of Sitio Sto. Niño, Poblacion 2 to Sitio Balete, Brgy. Imelda, Claveria FMR, Poblacion 2, Claveria, Masbate",15000000,2025,"Concreting of Sitio Kankinaway-Sitio Laoangan-Sitio Rombang, Brgy. Poblacion 7 to Sitio Ilong Bukid, Brgy. Cababto-an FMR (Phase III), Brgy. Poblacion 7 and Brgy. Cababto-an, Pambujan, Northern Samar",15000000,0.545,1,0,HB 10858 Vol I-B p. 702,GAA-2025 · Department of Agriculture (DA) · Office of the Secretary,,,,not stated,one side stated,Prior Phase 3 only,False
fmr,2027,HB10858-FMR-0702-017,"Construction of Sitio Sto. Niño, Poblacion 2 to Sitio Balete, Brgy. Imelda, Claveria FMR, Poblacion 2, Claveria, Masbate",15000000,2025,"Concreting of Sitio Dep-ang to Sitio Bilis, Brgy. Santo Tomas FMR Phase III, Brgy. Santo Tomas, Baguio City",10000000,0.465,2,5000000,HB 10858 Vol I-B p. 702,GAA-2025 · Department of Agriculture (DA) · Office of the Secretary,,,,not stated,one side stated,Prior Phase 3 only,False
fmr,2027,HB10858-FMR-0702-017,"Construction of Sitio Sto. Niño, Poblacion 2 to Sitio Balete, Brgy. Imelda, Claveria FMR, Poblacion 2, Claveria, Masbate",15000000,2025,"Concreting of Sitio Casaguingan, Brgy. Bairan to Brgy. Malaguinabot FMR (Phase II), Brgy. Bairan and Brgy. Malaguinabot, San Miguel, Leyte",15000000,0.395,3,0,HB 10858 Vol I-B p. 702,GAA-2025 · Department of Agriculture (DA) · Office of the Secretary,,,,not stated,one side stated,Prior Phase 2 only,False
fmr,2027,HB10858-FMR-0702-018,"Construction of Brgy. Tamisan FMR, Brgy. Tamisan, Jose Panganiban, Camarines Norte",15000000,2025,"Concreting of Brgy. Maisog FMR Phase II, Brgy. Maisog, San Lorenzo Ruiz, Camarines Norte",50000000,0.673,1,-35000000,HB 10858 Vol I-B p. 702,GAA-2025 · Department of Agriculture (DA) · Office of the Secretary,,,,not stated,one side stated,Prior Phase 2 only,False
fmr,2027,HB10858-FMR-0702-018,"Construction of Brgy. Tamisan FMR, Brgy. Tamisan, Jose Panganiban, Camarines Norte",15000000,2025,"Concreting of FMR at Brgy. Binatagan, Basud, Camarines Norte",30000000,0.628,2,-15000000,HB 10858 Vol I-B p. 702,GAA-2025 · Department of Agriculture (DA) · Office of the Secretary,,,,not stated,not stated,,False
fmr,2027,HB10858-FMR-0702-018,"Construction of Brgy. Tamisan FMR, Brgy. Tamisan, Jose Panganiban, Camarines Norte",15000000,2025,"Concreting of Brgy. Man-ogob FMR Phase II, Brgy. Man-ogob, San Vicente, Camarines Norte",50000000,0.62,3,-35000000,HB 10858 Vol I-B p. 702,GAA-2025 · Department of Agriculture (DA) · Office of the Secretary,,,,not stated,one side stated,Prior Phase 2 only,False
fmr,2027,HB10858-FMR-0702-019,"Construction of Brgy. Luna to Brgy. San Isidro FMR, San Jacinto, Masbate",15000000,2025,"Concreting of FMR at Sitio San Isidro to Sitio Bulahan, Brgy. San Jose, Sto. Tomas, Davao del Norte",100000000,0.526,1,-85000000,HB 10858 Vol I-B p. 702,GAA-2025 · Department of Agriculture (DA) · Office of the Secretary,,,,not stated,not stated,,False
fmr,2027,HB10858-FMR-0702-019,"Construction of Brgy. Luna to Brgy. San Isidro FMR, San Jacinto, Masbate",15000000,2025,"Concreting of Brgy. San Antonio to Brgy. Lugui FMR (Phase II), Brgy. San Antonio and Brgy. Lugui, Labo, Camarines Norte",15000000,0.495,2,0,HB 10858 Vol I-B p. 702,GAA-2025 · Department of Agriculture (DA) · Office of the Secretary,,,,not stated,one side stated,Prior Phase 2 only,False
fmr,2027,HB10858-FMR-0702-019,"Construction of Brgy. Luna to Brgy. San Isidro FMR, San Jacinto, Masbate",15000000,2025,"Concreting of FMR at Brgy. Malativas to Brgy. San Roque, Panabo City, Davao del Norte",100000000,0.479,3,-85000000,HB 10858 Vol I-B p. 702,GAA-2025 · Department of Agriculture (DA) · Office of the Secretary,,,,not stated,not stated,,False
fmr,2027,HB10858-FMR-0702-020,"Construction of Brgy. Pag-asa FMR, Brgy. Pag-asa, Labo, Camarines Norte",15000000,2025,"Concreting of FMR at Sitio Malapat, Brgy. Baay, Labo, Camarines Norte",15000000,0.723,1,0,HB 10858 Vol I-B p. 702,GAA-2025 · Department of Agriculture (DA) · Office of the Secretary,,,,not stated,not stated,,False
fmr,2027,HB10858-FMR-0702-020,"Construction of Brgy. Pag-asa FMR, Brgy. Pag-asa, Labo, Camarines Norte",15000000,2025,"Concreting of Brgy. Maisog FMR Phase II, Brgy. Maisog, San Lorenzo Ruiz, Camarines Norte",50000000,0.689,2,-35000000,HB 10858 Vol I-B p. 702,GAA-2025 · Department of Agriculture (DA) · Office of the Secretary,,,,not stated,one side stated,Prior Phase 2 only,False
fmr,2027,HB10858-FMR-0702-020,"Construction of Brgy. Pag-asa FMR, Brgy. Pag-asa, Labo, Camarines Norte",15000000,2025,"Concreting of FMR at Brgy. Binatagan, Basud, Camarines Norte",30000000,0.667,3,-15000000,HB 10858 Vol I-B p. 702,GAA-2025 · Department of Agriculture (DA) · Office of the Secretary,,,,not stated,not stated,,False
fmr,2027,HB10858-FMR-0702-021,"Construction of Brgy. Don Pablo Dela Rosa FMR, Brgy. Don Pablo Dela Rosa,",15000000,2025,"Concreting of Brgy. Catigahan to Brgy. San Pablo to Brgy. San Roque FMR (Phase II), Brgys. Catigahan, San Pablo and San Roque, Palompon, Leyte",25000000,0.466,1,-10000000,HB 10858 Vol I-B p. 702,GAA-2025 · Department of Agriculture (DA) · Office of the Secretary,,,,not stated,one side stated,Prior Phase 2 only,False
fmr,2027,HB10858-FMR-0702-021,"Construction of Brgy. Don Pablo Dela Rosa FMR, Brgy. Don Pablo Dela Rosa,",15000000,2025,"Concreting of Brgy. South Lamidan FMR (Phase II), Brgy. South Lamidan, Don Marcelino, Davao Occidental",15000000,0.4,2,0,HB 10858 Vol I-B p. 702,GAA-2025 · Department of Agriculture (DA) · Office of the Secretary,,,,not stated,one side stated,Prior Phase 2 only,False
fmr,2027,HB10858-FMR-0702-021,"Construction of Brgy. Don Pablo Dela Rosa FMR, Brgy. Don Pablo Dela Rosa,",15000000,2025,"Concreting of Brgy. Guiddam FMR (Phase II), Brgy. Guiddam, Abulug, Cagayan",10000000,0.39,3,5000000,HB 10858 Vol I-B p. 702,GAA-2025 · Department of Agriculture (DA) · Office of the Secretary,,,,not stated,one side stated,Prior Phase 2 only,False
fmr,2027,HB10858-FMR-0702-022,"Construction of Brgy. San Isidro FMR, Brgy. San Isidro, San Lorenzo Ruiz, Camarines Norte",15000000,2025,"Concreting of Brgy. Maisog FMR Phase II, Brgy. Maisog, San Lorenzo Ruiz, Camarines Norte",50000000,0.852,1,-35000000,HB 10858 Vol I-B p. 702,GAA-2025 · Department of Agriculture (DA) · Office of the Secretary,,,,not stated,one side stated,Prior Phase 2 only,False
fmr,2027,HB10858-FMR-0702-022,"Construction of Brgy. San Isidro FMR, Brgy. San Isidro, San Lorenzo Ruiz, Camarines Norte",15000000,2025,"Concreting of Brgy. Man-ogob FMR Phase II, Brgy. Man-ogob, San Vicente, Camarines Norte",50000000,0.673,2,-35000000,HB 10858 Vol I-B p. 702,GAA-2025 · Department of Agriculture (DA) · Office of the Secretary,,,,not stated,one side stated,Prior Phase 2 only,False
fmr,2027,HB10858-FMR-0702-022,"Construction of Brgy. San Isidro FMR, Brgy. San Isidro, San Lorenzo Ruiz, Camarines Norte",15000000,2025,"Concreting of Brgy. San Antonio to Brgy. Lugui FMR (Phase II), Brgy. San Antonio and Brgy. Lugui, Labo, Camarines Norte",15000000,0.612,3,0,HB 10858 Vol I-B p. 702,GAA-2025 · Department of Agriculture (DA) · Office of the Secretary,,,,not stated,one side stated,Prior Phase 2 only,False
fmr,2027,HB10858-FMR-0702-023,"Construction of Brgy. Langa FMR Phase 2, Brgy. Langa, Basud, Camarines Norte",15000000,2025,"Concreting of FMR at Brgy. Binatagan, Basud, Camarines Norte",30000000,0.778,1,-15000000,HB 10858 Vol I-B p. 702,GAA-2025 · Department of Agriculture (DA) · Office of the Secretary,,,,not stated,one side stated,Current Phase 2 only,False
fmr,2027,HB10858-FMR-0702-023,"Construction of Brgy. Langa FMR Phase 2, Brgy. Langa, Basud, Camarines Norte",15000000,2025,"Concreting of Brgy. Man-ogob FMR Phase II, Brgy. Man-ogob, San Vicente, Camarines Norte",50000000,0.674,2,-35000000,HB 10858 Vol I-B p. 702,GAA-2025 · Department of Agriculture (DA) · Office of the Secretary,,,,not stated,same tranche,,False
fmr,2027,HB10858-FMR-0702-023,"Construction of Brgy. Langa FMR Phase 2, Brgy. Langa, Basud, Camarines Norte",15000000,2025,"Concreting of FMR at Sitio Malapat, Brgy. Baay, Labo, Camarines Norte",15000000,0.65,3,0,HB 10858 Vol I-B p. 702,GAA-2025 · Department of Agriculture (DA) · Office of the Secretary,,,,not stated,one side stated,Current Phase 2 only,False
fmr,2027,HB10858-FMR-0702-024,"Construction of Brgy. Salvacion FMR, Brgy. Salvacion, Balud, Masbate",15000000,2025,"Concreting of Sitio Bayawas Brgy. Salvacion FMR Phase III, Brgy. Salvacion, Magallanes, Sorsogon",15000000,0.596,1,0,HB 10858 Vol I-B p. 702,GAA-2025 · Department of Agriculture (DA) · Office of the Secretary,,,,not stated,one side stated,Prior Phase 3 only,False
fmr,2027,HB10858-FMR-0702-024,"Construction of Brgy. Salvacion FMR, Brgy. Salvacion, Balud, Masbate",15000000,2025,"Concreting of Sitio Bayawas, Brgy. Salvacion FMR Phase Il, Brgy. Salvacion, Magallanes, Sorsogon",25000000,0.577,2,-10000000,HB 10858 Vol I-B p. 702,GAA-2025 · Department of Agriculture (DA) · Office of the Secretary,,,,not stated,not stated,,False
fmr,2027,HB10858-FMR-0702-024,"Construction of Brgy. Salvacion FMR, Brgy. Salvacion, Balud, Masbate",15000000,2025,"Concreting of Can-Omoy FMR (Phase II), Can-Omoy, Mandaon, Masbate",15000000,0.514,3,0,HB 10858 Vol I-B p. 702,GAA-2025 · Department of Agriculture (DA) · Office of the Secretary,,,,not stated,one side stated,Prior Phase 2 only,False
fmr,2027,HB10858-FMR-0702-025,"Construction of Sinuknipan II to Sinagawsawan (Peñafrancia) FMR, Brgy. Sinuknipan II",15000000,2025,"Concreting of Brgy. Sudlon II FMR (Phase II), Brgy. Sudlon II, Cebu City, Cebu",15000000,0.351,1,0,HB 10858 Vol I-B p. 702,GAA-2025 · Department of Agriculture (DA) · Office of the Secretary,,,,not stated,one side stated,Prior Phase 2 only,False
fmr,2027,HB10858-FMR-0702-025,"Construction of Sinuknipan II to Sinagawsawan (Peñafrancia) FMR, Brgy. Sinuknipan II",15000000,2025,Farm-to-Market Road (FMR) Network Planning and Monitoring Services,2344000,0.275,2,12656000,HB 10858 Vol I-B p. 702,GAA-2025 · Department of Agriculture (DA) · Office of the Secretary,,,,not stated,not stated,,False
fmr,2027,HB10858-FMR-0702-025,"Construction of Sinuknipan II to Sinagawsawan (Peñafrancia) FMR, Brgy. Sinuknipan II",15000000,2025,Farm-to-Market Road (FMR) Network Planning and Monitoring Services,7537000,0.275,3,7463000,HB 10858 Vol I-B p. 702,GAA-2025 · Department of Agriculture (DA) · Office of the Secretary,,,,not stated,not stated,,False
fmr,2027,HB10858-FMR-0702-026,"Construction of Junction Road to Brgy. Pananawan FMR, Brgy. Pananawan, Cawayan, Masbate",15000000,2025,"Concreting of Can-Omoy FMR (Phase II), Can-Omoy, Mandaon, Masbate",15000000,0.523,1,0,HB 10858 Vol I-B p. 702,GAA-2025 · Department of Agriculture (DA) · Office of the Secretary,,,,not stated,one side stated,Prior Phase 2 only,False
fmr,2027,HB10858-FMR-0702-026,"Construction of Junction Road to Brgy. Pananawan FMR, Brgy. Pananawan, Cawayan, Masbate",15000000,2025,Farm-to-Market Road (FMR) Network Planning and Monitoring Services,2344000,0.34,2,12656000,HB 10858 Vol I-B p. 702,GAA-2025 · Department of Agriculture (DA) · Office of the Secretary,,,,not stated,not stated,,False
fmr,2027,HB10858-FMR-0702-026,"Construction of Junction Road to Brgy. Pananawan FMR, Brgy. Pananawan, Cawayan, Masbate",15000000,2025,Farm-to-Market Road (FMR) Network Planning and Monitoring Services,7537000,0.34,3,7463000,HB 10858 Vol I-B p. 702,GAA-2025 · Department of Agriculture (DA) · Office of the Secretary,,,,not stated,not stated,,False
fmr,2027,HB10858-FMR-0702-027,"Construction of Brgy. Gaid to Brgy. Divisoria FMR, Brgy. Gaid to Brgy. Divisoria,",15000000,2025,Farm-to-Market Road (FMR) Network Planning and Monitoring Services,2344000,0.317,1,12656000,HB 10858 Vol I-B p. 702,GAA-2025 · Department of Agriculture (DA) · Office of the Secretary,,,,not stated,not stated,,False
fmr,2027,HB10858-FMR-0702-027,"Construction of Brgy. Gaid to Brgy. Divisoria FMR, Brgy. Gaid to Brgy. Divisoria,",15000000,2025,Farm-to-Market Road (FMR) Network Planning and Monitoring Services,7537000,0.317,2,7463000,HB 10858 Vol I-B p. 702,GAA-2025 · Department of Agriculture (DA) · Office of the Secretary,,,,not stated,not stated,,False
fmr,2027,HB10858-FMR-0702-027,"Construction of Brgy. Gaid to Brgy. Divisoria FMR, Brgy. Gaid to Brgy. Divisoria,",15000000,2025,Farm-to-Market Road (FMR) Network Planning and Monitoring Services,185000,0.317,3,14815000,HB 10858 Vol I-B p. 702,GAA-2025 · Department of Agriculture (DA) · Office of the Secretary,,,,not stated,not stated,,False
fmr,2027,HB10858-FMR-0702-028,"Construction of Brgy. Lohong FMR, Brgy. Lohong, Ragay, Camarines Sur",15000000,2025,"Concreting of Brgy. Caluangan FMR (Phase I), Brgy. Caluangan, Magallanes, Cavite",15000000,0.513,1,0,HB 10858 Vol I-B p. 702,GAA-2025 · Department of Agriculture (DA) · Office of the Secretary,,,,not stated,one side stated,Prior Phase 1 only,False
fmr,2027,HB10858-FMR-0702-028,"Construction of Brgy. Lohong FMR, Brgy. Lohong, Ragay, Camarines Sur",15000000,2025,"Concreting of FMR at Brgy. Mangga, Candaba, Pampanga",25000000,0.438,2,-10000000,HB 10858 Vol I-B p. 702,GAA-2025 · Department of Agriculture (DA) · Office of the Secretary,,,,not stated,not stated,,False
fmr,2027,HB10858-FMR-0702-028,"Construction of Brgy. Lohong FMR, Brgy. Lohong, Ragay, Camarines Sur",15000000,2025,"Concreting of Brgy. Guiddam FMR (Phase II), Brgy. Guiddam, Abulug, Cagayan",10000000,0.423,3,5000000,HB 10858 Vol I-B p. 702,GAA-2025 · Department of Agriculture (DA) · Office of the Secretary,,,,not stated,one side stated,Prior Phase 2 only,False
fmr,2027,HB10858-FMR-0702-029,"Construction of Pag Oring Nuevo FMR, Brgy. Pag Oring Nuevo, Libmanan, Camarines Sur",15000000,2025,"Concreting of FMR at NRJ Brgy. Pasta to Brgy. Buenasuerte, San Franscisco, Agusan Del Sur",10000000,0.414,1,5000000,HB 10858 Vol I-B p. 702,GAA-2025 · Department of Agriculture (DA) · Office of the Secretary,,,,not stated,not stated,,False
fmr,2027,HB10858-FMR-0702-029,"Construction of Pag Oring Nuevo FMR, Brgy. Pag Oring Nuevo, Libmanan, Camarines Sur",15000000,2025,"Concreting of FMR at Brgy. Pangclara, Candaba, Pampanga",25000000,0.386,2,-10000000,HB 10858 Vol I-B p. 702,GAA-2025 · Department of Agriculture (DA) · Office of the Secretary,,,,not stated,not stated,,False
fmr,2027,HB10858-FMR-0702-029,"Construction of Pag Oring Nuevo FMR, Brgy. Pag Oring Nuevo, Libmanan, Camarines Sur",15000000,2025,"Concreting of FMR at Brgy. Pansinao, Candaba, Pampanga",25000000,0.345,3,-10000000,HB 10858 Vol I-B p. 702,GAA-2025 · Department of Agriculture (DA) · Office of the Secretary,,,,not stated,not stated,,False
fmr,2027,HB10858-FMR-0702-030,"Construction of Sitio Sto. Niño, Brgy. Macalaya FMR, Brgy. Macalaya, Castilla, Sorsogon",15000000,2025,"Concreting of Sitio Bayawas Brgy. Salvacion FMR Phase III, Brgy. Salvacion, Magallanes, Sorsogon",15000000,0.523,1,0,HB 10858 Vol I-B p. 702,GAA-2025 · Department of Agriculture (DA) · Office of the Secretary,,,,not stated,one side stated,Prior Phase 3 only,False
fmr,2027,HB10858-FMR-0702-030,"Construction of Sitio Sto. Niño, Brgy. Macalaya FMR, Brgy. Macalaya, Castilla, Sorsogon",15000000,2025,"Concreting of Sitio Bayawas, Brgy. Salvacion FMR Phase Il, Brgy. Salvacion, Magallanes, Sorsogon",25000000,0.509,2,-10000000,HB 10858 Vol I-B p. 702,GAA-2025 · Department of Agriculture (DA) · Office of the Secretary,,,,not stated,not stated,,False
fmr,2027,HB10858-FMR-0702-030,"Construction of Sitio Sto. Niño, Brgy. Macalaya FMR, Brgy. Macalaya, Castilla, Sorsogon",15000000,2025,"Concreting of Brgy. Gogon FMR Phase Il, Brgy. Gogon, Donsol, Sorsogon",15000000,0.455,3,0,HB 10858 Vol I-B p. 702,GAA-2025 · Department of Agriculture (DA) · Office of the Secretary,,,,not stated,not stated,,False
fmr,2027,HB10858-FMR-0702-031,"Construction of Alianza to San Joaquin FMR, Brgy. Alianza, San Fernando, Camarines Sur",15000000,2025,"Concreting of Brgy. Catigahan to Brgy. San Pablo to Brgy. San Roque FMR (Phase II), Brgys. Catigahan, San Pablo and San Roque, Palompon, Leyte",25000000,0.503,1,-10000000,HB 10858 Vol I-B p. 702,GAA-2025 · Department of Agriculture (DA) · Office of the Secretary,,,,not stated,one side stated,Prior Phase 2 only,False
fmr,2027,HB10858-FMR-0702-031,"Construction of Alianza to San Joaquin FMR, Brgy. Alianza, San Fernando, Camarines Sur",15000000,2025,"Concreting of FMR at Brgy. Cabatbatan to Brgy. Magsico, San Fernando, Cebu",20000000,0.5,2,-5000000,HB 10858 Vol I-B p. 702,GAA-2025 · Department of Agriculture (DA) · Office of the Secretary,,,,not stated,not stated,,False
fmr,2027,HB10858-FMR-0702-031,"Construction of Alianza to San Joaquin FMR, Brgy. Alianza, San Fernando, Camarines Sur",15000000,2025,"Concreting of Purok 8 to Sitio Manangahon to Sitio Palo, Brgy. Mate FMR (Phase II), San Francisco, Agusan del Sur",15000000,0.471,3,0,HB 10858 Vol I-B p. 702,GAA-2025 · Department of Agriculture (DA) · Office of the Secretary,,,,not stated,one side stated,Prior Phase 2 only,False
fmr,2027,HB10858-FMR-0702-032,"Construction of Brgy. Bayawas FMR, Brgy. Bayawas, Pilar, Sorsogon",15000000,2025,"Concreting of Sitio Bayawas Brgy. Salvacion FMR Phase III, Brgy. Salvacion, Magallanes, Sorsogon",15000000,0.484,1,0,HB 10858 Vol I-B p. 702,GAA-2025 · Department of Agriculture (DA) · Office of the Secretary,,,,not stated,one side stated,Prior Phase 3 only,False
fmr,2027,HB10858-FMR-0702-032,"Construction of Brgy. Bayawas FMR, Brgy. Bayawas, Pilar, Sorsogon",15000000,2025,"Concreting of Brgy. Gogon FMR Phase Il, Brgy. Gogon, Donsol, Sorsogon",15000000,0.471,2,0,HB 10858 Vol I-B p. 702,GAA-2025 · Department of Agriculture (DA) · Office of the Secretary,,,,not stated,not stated,,False
fmr,2027,HB10858-FMR-0702-032,"Construction of Brgy. Bayawas FMR, Brgy. Bayawas, Pilar, Sorsogon",15000000,2025,"Concreting of Brgy. Mabaca FMR Phase II, Brgy. Mabaca, Balbalan, Kalinga",10000000,0.471,3,5000000,HB 10858 Vol I-B p. 702,GAA-2025 · Department of Agriculture (DA) · Office of the Secretary,,,,not stated,one side stated,Prior Phase 2 only,False
fmr,2027,HB10858-FMR-0704-001,"Construction of Brgy. Cocok-Cabitan to Recto FMR, Bulan, Sorsogon",15000000,2025,"Concreting of Brgy. Gogon FMR Phase Il, Brgy. Gogon, Donsol, Sorsogon",15000000,0.507,1,0,HB 10858 Vol I-B p. 704,GAA-2025 · Department of Agriculture (DA) · Office of the Secretary,,,,not stated,not stated,,False
fmr,2027,HB10858-FMR-0704-001,"Construction of Brgy. Cocok-Cabitan to Recto FMR, Bulan, Sorsogon",15000000,2025,Farm-to-Market Road (FMR) Network Planning and Monitoring Services,2344000,0.333,2,12656000,HB 10858 Vol I-B p. 704,GAA-2025 · Department of Agriculture (DA) · Office of the Secretary,,,,not stated,not stated,,False
fmr,2027,HB10858-FMR-0704-001,"Construction of Brgy. Cocok-Cabitan to Recto FMR, Bulan, Sorsogon",15000000,2025,Farm-to-Market Road (FMR) Network Planning and Monitoring Services,7537000,0.333,3,7463000,HB 10858 Vol I-B p. 704,GAA-2025 · Department of Agriculture (DA) · Office of the Secretary,,,,not stated,not stated,,False
fmr,2027,HB10858-FMR-0704-002,"Construction of Brgy. Calaguimit FMR, Brgy. Calaguimit, Oas, Albay",15000000,2025,"Concreting of Brgy. Manila FMR Phase II, Brgy. Manila, Rapu-Rapu, Albay",50000000,0.588,1,-35000000,HB 10858 Vol I-B p. 704,GAA-2025 · Department of Agriculture (DA) · Office of the Secretary,,,,not stated,one side stated,Prior Phase 2 only,False
fmr,2027,HB10858-FMR-0704-002,"Construction of Brgy. Calaguimit FMR, Brgy. Calaguimit, Oas, Albay",15000000,2025,"Concreting of Brgy. Liguan FMR (Phase II), Brgy. Liguan, Rapu-Rapu, Albay",40000000,0.559,2,-25000000,HB 10858 Vol I-B p. 704,GAA-2025 · Department of Agriculture (DA) · Office of the Secretary,,,,not stated,one side stated,Prior Phase 2 only,False
fmr,2027,HB10858-FMR-0704-002,"Construction of Brgy. Calaguimit FMR, Brgy. Calaguimit, Oas, Albay",15000000,2025,"Concreting of Brgy. Tinocawan FMR (Phase II), Brgy. Tinocawan, Rapu-Rapu, Albay",50000000,0.541,3,-35000000,HB 10858 Vol I-B p. 704,GAA-2025 · Department of Agriculture (DA) · Office of the Secretary,,,,not stated,one side stated,Prior Phase 2 only,False
fmr,2027,HB10858-FMR-0704-003,"Construction of Sitio Pangdan to Sitio Malidlid FMR, Brgy. Bulacao, Gubat, Sorsogon",15000000,2025,"Concreting of Sitio Dep-ang to Sitio Bilis, Brgy. Santo Tomas FMR Phase III, Brgy. Santo Tomas, Baguio City",10000000,0.524,1,5000000,HB 10858 Vol I-B p. 704,GAA-2025 · Department of Agriculture (DA) · Office of the Secretary,,,,not stated,one side stated,Prior Phase 3 only,False
fmr,2027,HB10858-FMR-0704-003,"Construction of Sitio Pangdan to Sitio Malidlid FMR, Brgy. Bulacao, Gubat, Sorsogon",15000000,2025,"Concreting of Brgy. Bales to Sitio Lebe FMR (Phase II), Brgy. Bales, Maasim, Sarangani",15000000,0.5,2,0,HB 10858 Vol I-B p. 704,GAA-2025 · Department of Agriculture (DA) · Office of the Secretary,,,,not stated,one side stated,Prior Phase 2 only,False
fmr,2027,HB10858-FMR-0704-003,"Construction of Sitio Pangdan to Sitio Malidlid FMR, Brgy. Bulacao, Gubat, Sorsogon",15000000,2025,"Concreting of Sitio Bayawas Brgy. Salvacion FMR Phase III, Brgy. Salvacion, Magallanes, Sorsogon",15000000,0.487,3,0,HB 10858 Vol I-B p. 704,GAA-2025 · Department of Agriculture (DA) · Office of the Secretary,,,,not stated,one side stated,Prior Phase 3 only,False
fmr,2027,HB10858-FMR-0704-004,"Construction of Brgy. Bacolod FMR, Brgy. Bacolod, Libon, Albay",15000000,2025,"Concreting of Brgy. Tagpo FMR (Phase II), Brgy, Tagpo, Ligao City, Albay",10000000,0.603,1,5000000,HB 10858 Vol I-B p. 704,GAA-2025 · Department of Agriculture (DA) · Office of the Secretary,,,,not stated,one side stated,Prior Phase 2 only,False
fmr,2027,HB10858-FMR-0704-004,"Construction of Brgy. Bacolod FMR, Brgy. Bacolod, Libon, Albay",15000000,2025,"Concreting of Brgy. Granada FMR Phase I, Brgy. Granada, Bacolod City",15000000,0.54,2,0,HB 10858 Vol I-B p. 704,GAA-2025 · Department of Agriculture (DA) · Office of the Secretary,,,,not stated,one side stated,Prior Phase 1 only,False
fmr,2027,HB10858-FMR-0704-004,"Construction of Brgy. Bacolod FMR, Brgy. Bacolod, Libon, Albay",15000000,2025,"Concreting of Brgy. Mabaca FMR Phase II, Brgy. Mabaca, Balbalan, Kalinga",10000000,0.523,3,5000000,HB 10858 Vol I-B p. 704,GAA-2025 · Department of Agriculture (DA) · Office of the Secretary,,,,not stated,one side stated,Prior Phase 2 only,False
fmr,2027,HB10858-FMR-0704-005,"Construction of Brgy. Taloto- Brgy. Panoypoy FMR, Brgy. Taloto & Brgy. Panoypoy,",15000000,2025,"Concreting of Brgy. Catacte FMR Brgy. Catacte, Bustos, Bulacan",5000000,0.435,1,10000000,HB 10858 Vol I-B p. 704,GAA-2025 · Department of Agriculture (DA) · Office of the Secretary,,,,not stated,not stated,,False
fmr,2027,HB10858-FMR-0704-005,"Construction of Brgy. Taloto- Brgy. Panoypoy FMR, Brgy. Taloto & Brgy. Panoypoy,",15000000,2025,"Concreting of FMR at Brgy. Tagulod, Candaba, Pampanga",20000000,0.381,2,-5000000,HB 10858 Vol I-B p. 704,GAA-2025 · Department of Agriculture (DA) · Office of the Secretary,,,,not stated,not stated,,False
fmr,2027,HB10858-FMR-0704-005,"Construction of Brgy. Taloto- Brgy. Panoypoy FMR, Brgy. Taloto & Brgy. Panoypoy,",15000000,2025,"Concreting of FMR at Brgy. Turu, Magalang, Pampanga",35000000,0.361,3,-20000000,HB 10858 Vol I-B p. 704,GAA-2025 · Department of Agriculture (DA) · Office of the Secretary,,,,not stated,not stated,,False
fmr,2027,HB10858-FMR-0704-006,"Concreting of Sitio Maycuaway, Maysalay to Sitio Hipnagi, Scout Fuentebella FMR, Brgy. Scount Fuentebella, Goa, Camarines Sur END 13.813465, 123.402274",20000000,2025,"Concreting of Sitio Dep-ang to Sitio Bilis, Brgy. Santo Tomas FMR Phase III, Brgy. Santo Tomas, Baguio City",10000000,0.394,1,10000000,HB 10858 Vol I-B p. 704,GAA-2025 · Department of Agriculture (DA) · Office of the Secretary,,,,not stated,one side stated,Prior Phase 3 only,False
fmr,2027,HB10858-FMR-0704-006,"Concreting of Sitio Maycuaway, Maysalay to Sitio Hipnagi, Scout Fuentebella FMR, Brgy. Scount Fuentebella, Goa, Camarines Sur END 13.813465, 123.402274",20000000,2025,"Concreting of Purok 8 to Sitio Manangahon to Sitio Palo, Brgy. Mate FMR (Phase II), San Francisco, Agusan del Sur",15000000,0.373,2,5000000,HB 10858 Vol I-B p. 704,GAA-2025 · Department of Agriculture (DA) · Office of the Secretary,,,,not stated,one side stated,Prior Phase 2 only,False
fmr,2027,HB10858-FMR-0704-006,"Concreting of Sitio Maycuaway, Maysalay to Sitio Hipnagi, Scout Fuentebella FMR, Brgy. Scount Fuentebella, Goa, Camarines Sur END 13.813465, 123.402274",20000000,2025,"Concreting of Brgy. Bales to Sitio Lebe FMR (Phase II), Brgy. Bales, Maasim, Sarangani",15000000,0.327,3,5000000,HB 10858 Vol I-B p. 704,GAA-2025 · Department of Agriculture (DA) · Office of the Secretary,,,,not stated,one side stated,Prior Phase 2 only,False
fmr,2027,HB10858-FMR-0704-008,"Construction of Zone 6, Brgy. Panicuason FMR, Brgy. Panicuason, Naga City, Camarines Sur",15000000,2025,"Concreting of FMR at Brgy. Lutac to Brgy. Cogon, Naga City, Cebu",30000000,0.494,1,-15000000,HB 10858 Vol I-B p. 704,GAA-2025 · Department of Agriculture (DA) · Office of the Secretary,,,,not stated,not stated,,False
fmr,2027,HB10858-FMR-0704-008,"Construction of Zone 6, Brgy. Panicuason FMR, Brgy. Panicuason, Naga City, Camarines Sur",15000000,2025,"Concreting of Brgy. Alangilan FMR Phase II, Brgy. Alangilan, Bacolod City, Negros Occidental",15000000,0.491,2,0,HB 10858 Vol I-B p. 704,GAA-2025 · Department of Agriculture (DA) · Office of the Secretary,,,,not stated,one side stated,Prior Phase 2 only,False
fmr,2027,HB10858-FMR-0704-008,"Construction of Zone 6, Brgy. Panicuason FMR, Brgy. Panicuason, Naga City, Camarines Sur",15000000,2025,"Concreting of Brgy. Alangilan FMR Phase I, Brgy. Alangilan, Bacolod City",15000000,0.478,3,0,HB 10858 Vol I-B p. 704,GAA-2025 · Department of Agriculture (DA) · Office of the Secretary,,,,not stated,one side stated,Prior Phase 1 only,False
fmr,2027,HB10858-FMR-0704-009,"Construction of Brgy. Baligang to Brgy. Bongabong FMR, Brgy. Baligang and",15000000,2025,Farm-to-Market Road (FMR) Network Planning and Monitoring Services,2344000,0.286,1,12656000,HB 10858 Vol I-B p. 704,GAA-2025 · Department of Agriculture (DA) · Office of the Secretary,,,,not stated,not stated,,False
fmr,2027,HB10858-FMR-0704-009,"Construction of Brgy. Baligang to Brgy. Bongabong FMR, Brgy. Baligang and",15000000,2025,Farm-to-Market Road (FMR) Network Planning and Monitoring Services,7537000,0.286,2,7463000,HB 10858 Vol I-B p. 704,GAA-2025 · Department of Agriculture (DA) · Office of the Secretary,,,,not stated,not stated,,False
fmr,2027,HB10858-FMR-0704-009,"Construction of Brgy. Baligang to Brgy. Bongabong FMR, Brgy. Baligang and",15000000,2025,Farm-to-Market Road (FMR) Network Planning and Monitoring Services,185000,0.286,3,14815000,HB 10858 Vol I-B p. 704,GAA-2025 · Department of Agriculture (DA) · Office of the Secretary,,,,not stated,not stated,,False
fmr,2027,HB10858-FMR-0704-010,"Concreting of Sitio Calanawan - Sitio Maybunga, Brgy. Hiwacloy FMR, Brgy. Hiwacloy, Goa, Camarines Sur",15000000,2025,"Concreting of Sitio Bayawas, Brgy. Salvacion FMR Phase Il, Brgy. Salvacion, Magallanes, Sorsogon",25000000,0.508,1,-10000000,HB 10858 Vol I-B p. 704,GAA-2025 · Department of Agriculture (DA) · Office of the Secretary,,,,not stated,not stated,,False
fmr,2027,HB10858-FMR-0704-010,"Concreting of Sitio Calanawan - Sitio Maybunga, Brgy. Hiwacloy FMR, Brgy. Hiwacloy, Goa, Camarines Sur",15000000,2025,"Concreting of Sitio Bayawas Brgy. Salvacion FMR Phase III, Brgy. Salvacion, Magallanes, Sorsogon",15000000,0.504,2,0,HB 10858 Vol I-B p. 704,GAA-2025 · Department of Agriculture (DA) · Office of the Secretary,,,,not stated,one side stated,Prior Phase 3 only,False
fmr,2027,HB10858-FMR-0704-010,"Concreting of Sitio Calanawan - Sitio Maybunga, Brgy. Hiwacloy FMR, Brgy. Hiwacloy, Goa, Camarines Sur",15000000,2025,"Concreting of Sitio Casaguingan, Brgy. Bairan to Brgy. Malaguinabot FMR (Phase II), Brgy. Bairan and Brgy. Malaguinabot, San Miguel, Leyte",15000000,0.477,3,0,HB 10858 Vol I-B p. 704,GAA-2025 · Department of Agriculture (DA) · Office of the Secretary,,,,not stated,one side stated,Prior Phase 2 only,False
fmr,2027,HB10858-FMR-0704-011,"Construction of Brgy. Bigao FMR, Brgy. Bigao, Daraga, Albay",15000000,2025,"Concreting of Brgy. Liguan FMR (Phase II), Brgy. Liguan, Rapu-Rapu, Albay",40000000,0.689,1,-25000000,HB 10858 Vol I-B p. 704,GAA-2025 · Department of Agriculture (DA) · Office of the Secretary,,,,not stated,one side stated,Prior Phase 2 only,False
fmr,2027,HB10858-FMR-0704-011,"Construction of Brgy. Bigao FMR, Brgy. Bigao, Daraga, Albay",15000000,2025,"Concreting of Brgy. Manila FMR Phase II, Brgy. Manila, Rapu-Rapu, Albay",50000000,0.623,2,-35000000,HB 10858 Vol I-B p. 704,GAA-2025 · Department of Agriculture (DA) · Office of the Secretary,,,,not stated,one side stated,Prior Phase 2 only,False
fmr,2027,HB10858-FMR-0704-011,"Construction of Brgy. Bigao FMR, Brgy. Bigao, Daraga, Albay",15000000,2025,"Concreting of Brgy. Tagpo FMR (Phase II), Brgy, Tagpo, Ligao City, Albay",10000000,0.6,3,5000000,HB 10858 Vol I-B p. 704,GAA-2025 · Department of Agriculture (DA) · Office of the Secretary,,,,not stated,one side stated,Prior Phase 2 only,False
fmr,2027,HB10858-FMR-0704-012,"Concreting of Sitio Bulao, Brgy. Digdigon - Brgy. Cagaycay FMR, Goa, Camarines Sur",15000000,2025,"Concreting of Sitio Hulo, Brgy. Biga FMR (Phase II), Brgy. Biga, Lobo, Batangas",24000000,0.562,1,-9000000,HB 10858 Vol I-B p. 704,GAA-2025 · Department of Agriculture (DA) · Office of the Secretary,,,,not stated,one side stated,Prior Phase 2 only,False
fmr,2027,HB10858-FMR-0704-012,"Concreting of Sitio Bulao, Brgy. Digdigon - Brgy. Cagaycay FMR, Goa, Camarines Sur",15000000,2025,"Concreting of Sitio Bayawas Brgy. Salvacion FMR Phase III, Brgy. Salvacion, Magallanes, Sorsogon",15000000,0.5,2,0,HB 10858 Vol I-B p. 704,GAA-2025 · Department of Agriculture (DA) · Office of the Secretary,,,,not stated,one side stated,Prior Phase 3 only,False
fmr,2027,HB10858-FMR-0704-012,"Concreting of Sitio Bulao, Brgy. Digdigon - Brgy. Cagaycay FMR, Goa, Camarines Sur",15000000,2025,"Concreting of Sitio Bayawas, Brgy. Salvacion FMR Phase Il, Brgy. Salvacion, Magallanes, Sorsogon",25000000,0.486,3,-10000000,HB 10858 Vol I-B p. 704,GAA-2025 · Department of Agriculture (DA) · Office of the Secretary,,,,not stated,not stated,,False
fmr,2027,HB10858-FMR-0704-013,"Construction of Brgy. Bigaa FMR, Legazpi City, Albay",15000000,2025,"Concreting of Brgy. Tagpo FMR (Phase II), Brgy, Tagpo, Ligao City, Albay",10000000,0.667,1,5000000,HB 10858 Vol I-B p. 704,GAA-2025 · Department of Agriculture (DA) · Office of the Secretary,,,,not stated,one side stated,Prior Phase 2 only,False
fmr,2027,HB10858-FMR-0704-013,"Construction of Brgy. Bigaa FMR, Legazpi City, Albay",15000000,2025,"Concreting of Brgy. Liguan FMR (Phase II), Brgy. Liguan, Rapu-Rapu, Albay",40000000,0.623,2,-25000000,HB 10858 Vol I-B p. 704,GAA-2025 · Department of Agriculture (DA) · Office of the Secretary,,,,not stated,one side stated,Prior Phase 2 only,False
fmr,2027,HB10858-FMR-0704-013,"Construction of Brgy. Bigaa FMR, Legazpi City, Albay",15000000,2025,"Concreting of Brgy. Manila FMR Phase II, Brgy. Manila, Rapu-Rapu, Albay",50000000,0.557,3,-35000000,HB 10858 Vol I-B p. 704,GAA-2025 · Department of Agriculture (DA) · Office of the Secretary,,,,not stated,one side stated,Prior Phase 2 only,False
fmr,2027,HB10858-FMR-0704-014,"Concreting of Brgy. Telegrafo FMR, Brgy. Telegrafo, San Jose, Camarines Sur",15000000,2025,"Concreting of Brgy. Telepatio FMR (Phase II), Brgy. Telepatio, San Ildefonso, Bulacan",5000000,0.615,1,10000000,HB 10858 Vol I-B p. 704,GAA-2025 · Department of Agriculture (DA) · Office of the Secretary,,,,not stated,one side stated,Prior Phase 2 only,False
fmr,2027,HB10858-FMR-0704-014,"Concreting of Brgy. Telegrafo FMR, Brgy. Telegrafo, San Jose, Camarines Sur",15000000,2025,"Concreting of Brgy. Telapatio FMR (Phase I), Brgy. Telapatio, San Ildefonso, Bulacan",15000000,0.571,2,0,HB 10858 Vol I-B p. 704,GAA-2025 · Department of Agriculture (DA) · Office of the Secretary,,,,not stated,one side stated,Prior Phase 1 only,False
fmr,2027,HB10858-FMR-0704-014,"Concreting of Brgy. Telegrafo FMR, Brgy. Telegrafo, San Jose, Camarines Sur",15000000,2025,"Concreting of FMR at Brgy. Tartaro, San Miguel, Bulacan",20000000,0.474,3,-5000000,HB 10858 Vol I-B p. 704,GAA-2025 · Department of Agriculture (DA) · Office of the Secretary,,,,not stated,not stated,,False
fmr,2027,HB10858-FMR-0704-015,"Construction of Purok 2 to Purok 6 and 7 FMR, Brgy. Malipo, Camalig, Albay",15000000,2025,"Concreting of Brgy. Tagpo FMR (Phase II), Brgy, Tagpo, Ligao City, Albay",10000000,0.519,1,5000000,HB 10858 Vol I-B p. 704,GAA-2025 · Department of Agriculture (DA) · Office of the Secretary,,,,not stated,one side stated,Prior Phase 2 only,False
fmr,2027,HB10858-FMR-0704-015,"Construction of Purok 2 to Purok 6 and 7 FMR, Brgy. Malipo, Camalig, Albay",15000000,2025,"Concreting of Purok 7-Purok 15, Brgy. Mabuhay FMR (Phase V), Brgy. Mabuhay, General Santos City, South Cotabato",15000000,0.483,2,0,HB 10858 Vol I-B p. 704,GAA-2025 · Department of Agriculture (DA) · Office of the Secretary,,,,not stated,one side stated,Prior Phase 5 only,False
fmr,2027,HB10858-FMR-0704-015,"Construction of Purok 2 to Purok 6 and 7 FMR, Brgy. Malipo, Camalig, Albay",15000000,2025,"Concreting of Purok 2, Brgy. Cansinala FMR (Phase I), Brgy. Cansinala, Apalit, Pampanga",15000000,0.478,3,0,HB 10858 Vol I-B p. 704,GAA-2025 · Department of Agriculture (DA) · Office of the Secretary,,,,not stated,one side stated,Prior Phase 1 only,False
fmr,2027,HB10858-FMR-0704-016,"Concreting of Sitio Calangatnan, Brgy. Digdigon FMR, Brgy. Digdigon, Goa, Camarines Sur",15000000,2025,"Concreting of Sitio Bayawas, Brgy. Salvacion FMR Phase Il, Brgy. Salvacion, Magallanes, Sorsogon",25000000,0.513,1,-10000000,HB 10858 Vol I-B p. 704,GAA-2025 · Department of Agriculture (DA) · Office of the Secretary,,,,not stated,not stated,,False
fmr,2027,HB10858-FMR-0704-016,"Concreting of Sitio Calangatnan, Brgy. Digdigon FMR, Brgy. Digdigon, Goa, Camarines Sur",15000000,2025,"Concreting of Sitio Bayawas Brgy. Salvacion FMR Phase III, Brgy. Salvacion, Magallanes, Sorsogon",15000000,0.509,2,0,HB 10858 Vol I-B p. 704,GAA-2025 · Department of Agriculture (DA) · Office of the Secretary,,,,not stated,one side stated,Prior Phase 3 only,False
fmr,2027,HB10858-FMR-0704-016,"Concreting of Sitio Calangatnan, Brgy. Digdigon FMR, Brgy. Digdigon, Goa, Camarines Sur",15000000,2025,"Concreting of Sitio Mainit, Brgy. San Jose FMR Phase 3, Brgy. San Jose, Antipolo City, Rizal",20000000,0.468,3,-5000000,HB 10858 Vol I-B p. 704,GAA-2025 · Department of Agriculture (DA) · Office of the Secretary,,,,not stated,one side stated,Prior Phase 3 only,False
fmr,2027,HB10858-FMR-0704-017,"Construction of Brgy. Lacag FMR, Brgy. Lacag, Daraga, Albay",10000000,2025,"Concreting of Brgy. Liguan FMR (Phase II), Brgy. Liguan, Rapu-Rapu, Albay",40000000,0.623,1,-30000000,HB 10858 Vol I-B p. 704,GAA-2025 · Department of Agriculture (DA) · Office of the Secretary,,,,not stated,one side stated,Prior Phase 2 only,False
fmr,2027,HB10858-FMR-0704-017,"Construction of Brgy. Lacag FMR, Brgy. Lacag, Daraga, Albay",10000000,2025,"Concreting of Brgy. Manila FMR Phase II, Brgy. Manila, Rapu-Rapu, Albay",50000000,0.623,2,-40000000,HB 10858 Vol I-B p. 704,GAA-2025 · Department of Agriculture (DA) · Office of the Secretary,,,,not stated,one side stated,Prior Phase 2 only,False
fmr,2027,HB10858-FMR-0704-017,"Construction of Brgy. Lacag FMR, Brgy. Lacag, Daraga, Albay",10000000,2025,"Concreting of Brgy. Tagpo FMR (Phase II), Brgy, Tagpo, Ligao City, Albay",10000000,0.6,3,0,HB 10858 Vol I-B p. 704,GAA-2025 · Department of Agriculture (DA) · Office of the Secretary,,,,not stated,one side stated,Prior Phase 2 only,False
fmr,2027,HB10858-FMR-0704-018,"Concreting of Brgy. Bantugan - Brgy. Lidong, Brgy. Bantugan FMR, Presentacion, Camarines Sur",15000000,2025,"Concreting of FMR at NRJ Brgy. Pasta to Brgy. Buenasuerte, San Franscisco, Agusan Del Sur",10000000,0.442,1,5000000,HB 10858 Vol I-B p. 704,GAA-2025 · Department of Agriculture (DA) · Office of the Secretary,,,,not stated,not stated,,False
fmr,2027,HB10858-FMR-0704-018,"Concreting of Brgy. Bantugan - Brgy. Lidong, Brgy. Bantugan FMR, Presentacion, Camarines Sur",15000000,2025,"Concreting of Purok 8 to Sitio Manangahon to Sitio Palo, Brgy. Mate FMR (Phase II), San Francisco, Agusan del Sur",15000000,0.418,2,0,HB 10858 Vol I-B p. 704,GAA-2025 · Department of Agriculture (DA) · Office of the Secretary,,,,not stated,one side stated,Prior Phase 2 only,False
fmr,2027,HB10858-FMR-0704-018,"Concreting of Brgy. Bantugan - Brgy. Lidong, Brgy. Bantugan FMR, Presentacion, Camarines Sur",15000000,2025,"Concreting of Brgy. Catacte FMR Brgy. Catacte, Bustos, Bulacan",5000000,0.382,3,10000000,HB 10858 Vol I-B p. 704,GAA-2025 · Department of Agriculture (DA) · Office of the Secretary,,,,not stated,not stated,,False
fmr,2027,HB10858-FMR-0704-019,"Construction of Brgy. Amoguis to Dahat FMR, Brgy. Amoguis-Dahat, Lagonoy, Camarines Sur",40000000,2025,"Concreting of FMR at NRJ Brgy. Pasta to Brgy. Buenasuerte, San Franscisco, Agusan Del Sur",10000000,0.404,1,30000000,HB 10858 Vol I-B p. 704,GAA-2025 · Department of Agriculture (DA) · Office of the Secretary,,,,not stated,not stated,,False
fmr,2027,HB10858-FMR-0704-019,"Construction of Brgy. Amoguis to Dahat FMR, Brgy. Amoguis-Dahat, Lagonoy, Camarines Sur",40000000,2025,Farm-to-Market Road (FMR) Network Planning and Monitoring Services,2344000,0.364,2,37656000,HB 10858 Vol I-B p. 704,GAA-2025 · Department of Agriculture (DA) · Office of the Secretary,,,,not stated,not stated,,False
fmr,2027,HB10858-FMR-0704-019,"Construction of Brgy. Amoguis to Dahat FMR, Brgy. Amoguis-Dahat, Lagonoy, Camarines Sur",40000000,2025,Farm-to-Market Road (FMR) Network Planning and Monitoring Services,7537000,0.364,3,32463000,HB 10858 Vol I-B p. 704,GAA-2025 · Department of Agriculture (DA) · Office of the Secretary,,,,not stated,not stated,,False
fmr,2027,HB10858-FMR-0704-020,"Construction of San Jose Oras-Villaflorida FMR, Brgy. San Jose Oras, Ocampo, Camarines Sur",10000000,2025,"Concreting of Sitio Mainit, Brgy. San Jose FMR Phase 3, Brgy. San Jose, Antipolo City, Rizal",20000000,0.471,1,-10000000,HB 10858 Vol I-B p. 704,GAA-2025 · Department of Agriculture (DA) · Office of the Secretary,,,,not stated,one side stated,Prior Phase 3 only,False
fmr,2027,HB10858-FMR-0704-020,"Construction of San Jose Oras-Villaflorida FMR, Brgy. San Jose Oras, Ocampo, Camarines Sur",10000000,2025,"Concreting of Sitio San Ysiro, Brgy. San Jose FMR Phase 6, Brgy. San Jose, Antipolo City Rizal",15000000,0.459,2,-5000000,HB 10858 Vol I-B p. 704,GAA-2025 · Department of Agriculture (DA) · Office of the Secretary,,,,not stated,one side stated,Prior Phase 6 only,False
fmr,2027,HB10858-FMR-0704-020,"Construction of San Jose Oras-Villaflorida FMR, Brgy. San Jose Oras, Ocampo, Camarines Sur",10000000,2025,"Concreting of Purok Balite to Crossing Bungot, Brgy. San Jose FMR (Phase II), Brgy. San Jose, Norala, South Cotabato",15000000,0.443,3,-5000000,HB 10858 Vol I-B p. 704,GAA-2025 · Department of Agriculture (DA) · Office of the Secretary,,,,not stated,one side stated,Prior Phase 2 only,False
fmr,2027,HB10858-FMR-0704-021,"Construction of Sitio Ragpas to Purok 3, Brgy. San Jose FMR, Brgy. San Jose,",50000000,2025,"Concreting of Sitio San Ysiro, Brgy. San Jose FMR Phase 6, Brgy. San Jose, Antipolo City Rizal",15000000,0.627,1,35000000,HB 10858 Vol I-B p. 704,GAA-2025 · Department of Agriculture (DA) · Office of the Secretary,,,,not stated,one side stated,Prior Phase 6 only,False
fmr,2027,HB10858-FMR-0704-021,"Construction of Sitio Ragpas to Purok 3, Brgy. San Jose FMR, Brgy. San Jose,",50000000,2025,"Concreting of Sitio Mainit, Brgy. San Jose FMR Phase 3, Brgy. San Jose, Antipolo City, Rizal",20000000,0.606,2,30000000,HB 10858 Vol I-B p. 704,GAA-2025 · Department of Agriculture (DA) · Office of the Secretary,,,,not stated,one side stated,Prior Phase 3 only,False
fmr,2027,HB10858-FMR-0704-021,"Construction of Sitio Ragpas to Purok 3, Brgy. San Jose FMR, Brgy. San Jose,",50000000,2025,"Concreting of Sitio Dep-ang to Sitio Bilis, Brgy. Santo Tomas FMR Phase III, Brgy. Santo Tomas, Baguio City",10000000,0.566,3,40000000,HB 10858 Vol I-B p. 704,GAA-2025 · Department of Agriculture (DA) · Office of the Secretary,,,,not stated,one side stated,Prior Phase 3 only,False
fmr,2027,HB10858-FMR-0704-022,"Concreting of Brgy. Orange - Brgy. Old Maguisa FMR, Brgy. San Ramon and Brgy. San Isidro, Donsol, Sorsogon",50000000,2025,"Concreting of FMR at Sitio Kapirokuhan, Brgy. San Isidro, Bulusan, Sorsogon",10000000,0.574,1,40000000,HB 10858 Vol I-B p. 704,GAA-2025 · Department of Agriculture (DA) · Office of the Secretary,,,,not stated,not stated,,False
fmr,2027,HB10858-FMR-0704-022,"Concreting of Brgy. Orange - Brgy. Old Maguisa FMR, Brgy. San Ramon and Brgy. San Isidro, Donsol, Sorsogon",50000000,2025,"Concreting of Brgy. Gogon FMR Phase Il, Brgy. Gogon, Donsol, Sorsogon",15000000,0.559,2,35000000,HB 10858 Vol I-B p. 704,GAA-2025 · Department of Agriculture (DA) · Office of the Secretary,,,,not stated,not stated,,False
fmr,2027,HB10858-FMR-0704-022,"Concreting of Brgy. Orange - Brgy. Old Maguisa FMR, Brgy. San Ramon and Brgy. San Isidro, Donsol, Sorsogon",50000000,2025,"Concreting of Brgy. Bagong Barrio FMR Phase I, Brgy. Bagong Barrio, San Ildefonso, Bulacan",15000000,0.464,3,35000000,HB 10858 Vol I-B p. 704,GAA-2025 · Department of Agriculture (DA) · Office of the Secretary,,,,not stated,one side stated,Prior Phase 1 only,False
fmr,2027,HB10858-FMR-0704-023,"Construction of Brgy. Genitligan FMR, Brgy. Genitligan, Baras, Catanduanes",25000000,2025,"Concreting of Brgy. Caluangan FMR (Phase I), Brgy. Caluangan, Magallanes, Cavite",15000000,0.524,1,10000000,HB 10858 Vol I-B p. 704,GAA-2025 · Department of Agriculture (DA) · Office of the Secretary,,,,not stated,one side stated,Prior Phase 1 only,False
fmr,2027,HB10858-FMR-0704-023,"Construction of Brgy. Genitligan FMR, Brgy. Genitligan, Baras, Catanduanes",25000000,2025,"Concreting of Brgy. Caluangan FMR (Phase II), Brgy. Caluangan, Magallanes, Cavite",10000000,0.524,2,15000000,HB 10858 Vol I-B p. 704,GAA-2025 · Department of Agriculture (DA) · Office of the Secretary,,,,not stated,one side stated,Prior Phase 2 only,False
fmr,2027,HB10858-FMR-0704-023,"Construction of Brgy. Genitligan FMR, Brgy. Genitligan, Baras, Catanduanes",25000000,2025,"Concreting of Brgy. Guiddam FMR (Phase II), Brgy. Guiddam, Abulug, Cagayan",10000000,0.442,3,15000000,HB 10858 Vol I-B p. 704,GAA-2025 · Department of Agriculture (DA) · Office of the Secretary,,,,not stated,one side stated,Prior Phase 2 only,False
fmr,2027,HB10858-FMR-0704-024,"Concreting of Brgy. Saclayan FMR, Brgy. Saclayan, Castilla, Sorsogon",25000000,2025,"Concreting of Sitio Bayawas Brgy. Salvacion FMR Phase III, Brgy. Salvacion, Magallanes, Sorsogon",15000000,0.583,1,10000000,HB 10858 Vol I-B p. 704,GAA-2025 · Department of Agriculture (DA) · Office of the Secretary,,,,not stated,one side stated,Prior Phase 3 only,False
fmr,2027,HB10858-FMR-0704-024,"Concreting of Brgy. Saclayan FMR, Brgy. Saclayan, Castilla, Sorsogon",25000000,2025,"Concreting of Sitio Bayawas, Brgy. Salvacion FMR Phase Il, Brgy. Salvacion, Magallanes, Sorsogon",25000000,0.566,2,0,HB 10858 Vol I-B p. 704,GAA-2025 · Department of Agriculture (DA) · Office of the Secretary,,,,not stated,not stated,,False
fmr,2027,HB10858-FMR-0704-024,"Concreting of Brgy. Saclayan FMR, Brgy. Saclayan, Castilla, Sorsogon",25000000,2025,"Concreting of Brgy. Gogon FMR Phase Il, Brgy. Gogon, Donsol, Sorsogon",15000000,0.548,3,10000000,HB 10858 Vol I-B p. 704,GAA-2025 · Department of Agriculture (DA) · Office of the Secretary,,,,not stated,not stated,,False
fmr,2027,HB10858-FMR-0704-025,"Construction of Sitio Warang to Cagurusong, Brgy. San Miguel FMR, San Miguel,",25000000,2025,"Concreting of FMR at Sitio Kasagingan, Brgy. Bairan to Brgy. Cabatianuhan, San Miguel, Leyte",15000000,0.554,1,10000000,HB 10858 Vol I-B p. 704,GAA-2025 · Department of Agriculture (DA) · Office of the Secretary,,,,not stated,not stated,,False
fmr,2027,HB10858-FMR-0704-025,"Construction of Sitio Warang to Cagurusong, Brgy. San Miguel FMR, San Miguel,",25000000,2025,"Concreting of Brgy. Balaong FMR (Phase I), Brgy. Balaong, San Miguel, Bulacan",5000000,0.511,2,20000000,HB 10858 Vol I-B p. 704,GAA-2025 · Department of Agriculture (DA) · Office of the Secretary,,,,not stated,one side stated,Prior Phase 1 only,False
fmr,2027,HB10858-FMR-0704-025,"Construction of Sitio Warang to Cagurusong, Brgy. San Miguel FMR, San Miguel,",25000000,2025,"Concreting of FMR at Sitio Mainay, Brgy. Sta. Ines, San Miguel, Bulacan",20000000,0.5,3,5000000,HB 10858 Vol I-B p. 704,GAA-2025 · Department of Agriculture (DA) · Office of the Secretary,,,,not stated,not stated,,False
fmr,2027,HB10858-FMR-0704-026,"Concreting of Brgy. Mayon FMR, Brgy. Mayon, Castilla, Sorsogon",15000000,2025,"Concreting of Brgy. Gogon FMR Phase Il, Brgy. Gogon, Donsol, Sorsogon",15000000,0.627,1,0,HB 10858 Vol I-B p. 704,GAA-2025 · Department of Agriculture (DA) · Office of the Secretary,,,,not stated,not stated,,False
fmr,2027,HB10858-FMR-0704-026,"Concreting of Brgy. Mayon FMR, Brgy. Mayon, Castilla, Sorsogon",15000000,2025,"Concreting of Sitio Bayawas Brgy. Salvacion FMR Phase III, Brgy. Salvacion, Magallanes, Sorsogon",15000000,0.578,2,0,HB 10858 Vol I-B p. 704,GAA-2025 · Department of Agriculture (DA) · Office of the Secretary,,,,not stated,one side stated,Prior Phase 3 only,False
fmr,2027,HB10858-FMR-0704-026,"Concreting of Brgy. Mayon FMR, Brgy. Mayon, Castilla, Sorsogon",15000000,2025,"Concreting of Sitio Bayawas, Brgy. Salvacion FMR Phase Il, Brgy. Salvacion, Magallanes, Sorsogon",25000000,0.559,3,-10000000,HB 10858 Vol I-B p. 704,GAA-2025 · Department of Agriculture (DA) · Office of the Secretary,,,,not stated,not stated,,False
fmr,2027,HB10858-FMR-0704-027,"Construction of Brgy. Sta. Maria to Baringkog Falls FMR, Sta. Maria, Baras, Catanduanes",50000000,2025,"Concreting of Brgy. Tanglad FMR (Phase II), Brgy. Tanglad, Sta. Maria, Davao Occidental",15000000,0.491,1,35000000,HB 10858 Vol I-B p. 704,GAA-2025 · Department of Agriculture (DA) · Office of the Secretary,,,,not stated,one side stated,Prior Phase 2 only,False
fmr,2027,HB10858-FMR-0704-027,"Construction of Brgy. Sta. Maria to Baringkog Falls FMR, Sta. Maria, Baras, Catanduanes",50000000,2025,"Concreting of FMR at Brgy. Caraycaray to Binombuhan Falls, San Miguel, Leyte",15000000,0.486,2,35000000,HB 10858 Vol I-B p. 704,GAA-2025 · Department of Agriculture (DA) · Office of the Secretary,,,,not stated,not stated,,False
fmr,2027,HB10858-FMR-0704-027,"Construction of Brgy. Sta. Maria to Baringkog Falls FMR, Sta. Maria, Baras, Catanduanes",50000000,2025,"Concreting of FMR at Brgy. Pinarigusan to Lipasan Falls, San Miguel, Leyte",15000000,0.477,3,35000000,HB 10858 Vol I-B p. 704,GAA-2025 · Department of Agriculture (DA) · Office of the Secretary,,,,not stated,not stated,,False
fmr,2027,HB10858-FMR-0704-028,"Concreting of Brgy. Cogon FMR, Brgy. Cogon, Castilla, Sorsogon",30000000,2025,"Concreting of Brgy. Gogon FMR Phase Il, Brgy. Gogon, Donsol, Sorsogon",15000000,0.746,1,15000000,HB 10858 Vol I-B p. 704,GAA-2025 · Department of Agriculture (DA) · Office of the Secretary,,,,not stated,not stated,,False
fmr,2027,HB10858-FMR-0704-028,"Concreting of Brgy. Cogon FMR, Brgy. Cogon, Castilla, Sorsogon",30000000,2025,"Concreting of Sitio Bayawas Brgy. Salvacion FMR Phase III, Brgy. Salvacion, Magallanes, Sorsogon",15000000,0.556,2,15000000,HB 10858 Vol I-B p. 704,GAA-2025 · Department of Agriculture (DA) · Office of the Secretary,,,,not stated,one side stated,Prior Phase 3 only,False
fmr,2027,HB10858-FMR-0704-028,"Concreting of Brgy. Cogon FMR, Brgy. Cogon, Castilla, Sorsogon",30000000,2025,"Concreting of Sitio Bayawas, Brgy. Salvacion FMR Phase Il, Brgy. Salvacion, Magallanes, Sorsogon",25000000,0.538,3,5000000,HB 10858 Vol I-B p. 704,GAA-2025 · Department of Agriculture (DA) · Office of the Secretary,,,,not stated,not stated,,False
fmr,2027,HB10858-FMR-0704-029,"Construction of Brgy. Agos to Brgy. Cotnogan FMR, Brgy. Agos, Polangui, Albay",20000000,2025,"Concreting of Brgy. Tagpo FMR (Phase II), Brgy, Tagpo, Ligao City, Albay",10000000,0.583,1,10000000,HB 10858 Vol I-B p. 704,GAA-2025 · Department of Agriculture (DA) · Office of the Secretary,,,,not stated,one side stated,Prior Phase 2 only,False
fmr,2027,HB10858-FMR-0704-029,"Construction of Brgy. Agos to Brgy. Cotnogan FMR, Brgy. Agos, Polangui, Albay",20000000,2025,"Concreting of Brgy. Tinocawan FMR (Phase II), Brgy. Tinocawan, Rapu-Rapu, Albay",50000000,0.506,2,-30000000,HB 10858 Vol I-B p. 704,GAA-2025 · Department of Agriculture (DA) · Office of the Secretary,,,,not stated,one side stated,Prior Phase 2 only,False
fmr,2027,HB10858-FMR-0704-029,"Construction of Brgy. Agos to Brgy. Cotnogan FMR, Brgy. Agos, Polangui, Albay",20000000,2025,"Concreting of Brgy. Liguan FMR (Phase II), Brgy. Liguan, Rapu-Rapu, Albay",40000000,0.493,3,-20000000,HB 10858 Vol I-B p. 704,GAA-2025 · Department of Agriculture (DA) · Office of the Secretary,,,,not stated,one side stated,Prior Phase 2 only,False
fmr,2027,HB10858-FMR-0704-030,"Concreting of Brgy. Inang FMR, Brgy. Inang, Pilar, Sorsogon",20000000,2025,"Concreting of Brgy. Gogon FMR Phase Il, Brgy. Gogon, Donsol, Sorsogon",15000000,0.594,1,5000000,HB 10858 Vol I-B p. 704,GAA-2025 · Department of Agriculture (DA) · Office of the Secretary,,,,not stated,not stated,,False
fmr,2027,HB10858-FMR-0704-030,"Concreting of Brgy. Inang FMR, Brgy. Inang, Pilar, Sorsogon",20000000,2025,"Concreting of FMR at Sitio Kapirokuhan, Brgy. San Isidro, Bulusan, Sorsogon",10000000,0.506,2,10000000,HB 10858 Vol I-B p. 704,GAA-2025 · Department of Agriculture (DA) · Office of the Secretary,,,,not stated,not stated,,False
fmr,2027,HB10858-FMR-0704-030,"Concreting of Brgy. Inang FMR, Brgy. Inang, Pilar, Sorsogon",20000000,2025,"Concreting of Sitio Bayawas Brgy. Salvacion FMR Phase III, Brgy. Salvacion, Magallanes, Sorsogon",15000000,0.46,3,5000000,HB 10858 Vol I-B p. 704,GAA-2025 · Department of Agriculture (DA) · Office of the Secretary,,,,not stated,one side stated,Prior Phase 3 only,False
fmr,2027,HB10858-FMR-0704-031,"Construction of Brgy. Palapas- Brgy. Tibabo FMR, Pio Duran, Albay",15000000,2025,"Rehabilitation of Brgy. Sinungtan - Batbat FMR , Guinobatan, Albay",50000000,0.563,1,-35000000,HB 10858 Vol I-B p. 704,GAA-2025 · Department of Agriculture (DA) · Office of the Secretary,,,,not stated,not stated,,False
fmr,2027,HB10858-FMR-0704-031,"Construction of Brgy. Palapas- Brgy. Tibabo FMR, Pio Duran, Albay",15000000,2025,"Concreting of Brgy. Manila FMR Phase II, Brgy. Manila, Rapu-Rapu, Albay",50000000,0.537,2,-35000000,HB 10858 Vol I-B p. 704,GAA-2025 · Department of Agriculture (DA) · Office of the Secretary,,,,not stated,one side stated,Prior Phase 2 only,False
fmr,2027,HB10858-FMR-0704-031,"Construction of Brgy. Palapas- Brgy. Tibabo FMR, Pio Duran, Albay",15000000,2025,"Concreting of Brgy. Tinocawan FMR (Phase II), Brgy. Tinocawan, Rapu-Rapu, Albay",50000000,0.521,3,-35000000,HB 10858 Vol I-B p. 704,GAA-2025 · Department of Agriculture (DA) · Office of the Secretary,,,,not stated,one side stated,Prior Phase 2 only,False
fmr,2027,HB10858-FMR-0704-032,"Concreting of Lungib FMR, Brgy. Lungib, Pilar",20000000,2025,"Concreting of Brgy. Caluangan FMR (Phase I), Brgy. Caluangan, Magallanes, Cavite",15000000,0.5,1,5000000,HB 10858 Vol I-B p. 704,GAA-2025 · Department of Agriculture (DA) · Office of the Secretary,,,,not stated,one side stated,Prior Phase 1 only,False
fmr,2027,HB10858-FMR-0704-032,"Concreting of Lungib FMR, Brgy. Lungib, Pilar",20000000,2025,"Concreting of Brgy. Caluangan FMR (Phase II), Brgy. Caluangan, Magallanes, Cavite",10000000,0.5,2,10000000,HB 10858 Vol I-B p. 704,GAA-2025 · Department of Agriculture (DA) · Office of the Secretary,,,,not stated,one side stated,Prior Phase 2 only,False
fmr,2027,HB10858-FMR-0704-032,"Concreting of Lungib FMR, Brgy. Lungib, Pilar",20000000,2025,"Concreting of FMR at Brgy. Salapungan, Candaba, Pampanga",30000000,0.444,3,-10000000,HB 10858 Vol I-B p. 704,GAA-2025 · Department of Agriculture (DA) · Office of the Secretary,,,,not stated,not stated,,False
fmr,2027,HB10858-FMR-0704-033,"Construction of Brgy. Cuyaoyao to Brgy. Flores FMR, Pio Duran, Albay",15000000,2025,"Rehabilitation of Brgy. Sinungtan - Batbat FMR , Guinobatan, Albay",50000000,0.507,1,-35000000,HB 10858 Vol I-B p. 704,GAA-2025 · Department of Agriculture (DA) · Office of the Secretary,,,,not stated,not stated,,False
fmr,2027,HB10858-FMR-0704-033,"Construction of Brgy. Cuyaoyao to Brgy. Flores FMR, Pio Duran, Albay",15000000,2025,"Concreting of Brgy. Tinocawan FMR (Phase II), Brgy. Tinocawan, Rapu-Rapu, Albay",50000000,0.494,2,-35000000,HB 10858 Vol I-B p. 704,GAA-2025 · Department of Agriculture (DA) · Office of the Secretary,,,,not stated,one side stated,Prior Phase 2 only,False
fmr,2027,HB10858-FMR-0704-033,"Construction of Brgy. Cuyaoyao to Brgy. Flores FMR, Pio Duran, Albay",15000000,2025,"Concreting of Brgy. Tagpo FMR (Phase II), Brgy, Tagpo, Ligao City, Albay",10000000,0.486,3,5000000,HB 10858 Vol I-B p. 704,GAA-2025 · Department of Agriculture (DA) · Office of the Secretary,,,,not stated,one side stated,Prior Phase 2 only,False
fmr,2027,HB10858-FMR-0706-001,"Concreting of Brgy. San Isidro - Brgy. Salvacion FMR, Brgy. Salvacion,",18000000,2025,"Concreting of Sitio Bayawas Brgy. Salvacion FMR Phase III, Brgy. Salvacion, Magallanes, Sorsogon",15000000,0.593,1,3000000,HB 10858 Vol I-B p. 706,GAA-2025 · Department of Agriculture (DA) · Office of the Secretary,,,,not stated,one side stated,Prior Phase 3 only,False
fmr,2027,HB10858-FMR-0706-001,"Concreting of Brgy. San Isidro - Brgy. Salvacion FMR, Brgy. Salvacion,",18000000,2025,"Concreting of FMR at Brgy. San Isidro to Sitio Banawag, Sta. Fe, Leyte",15000000,0.487,2,3000000,HB 10858 Vol I-B p. 706,GAA-2025 · Department of Agriculture (DA) · Office of the Secretary,,,,not stated,not stated,,False
fmr,2027,HB10858-FMR-0706-001,"Concreting of Brgy. San Isidro - Brgy. Salvacion FMR, Brgy. Salvacion,",18000000,2025,"Concreting of Brgy. Balaong FMR (Phase I), Brgy. Balaong, San Miguel, Bulacan",5000000,0.444,3,13000000,HB 10858 Vol I-B p. 706,GAA-2025 · Department of Agriculture (DA) · Office of the Secretary,,,,not stated,one side stated,Prior Phase 1 only,False
fmr,2027,HB10858-FMR-0706-002,"Construction of Brgy. Capagao FMR, Brgy. Capagao, Panitan, Capiz",15000000,2025,"Concreting of Brgy. Caluangan FMR (Phase I), Brgy. Caluangan, Magallanes, Cavite",15000000,0.568,1,0,HB 10858 Vol I-B p. 706,GAA-2025 · Department of Agriculture (DA) · Office of the Secretary,,,,not stated,one side stated,Prior Phase 1 only,False
fmr,2027,HB10858-FMR-0706-002,"Construction of Brgy. Capagao FMR, Brgy. Capagao, Panitan, Capiz",15000000,2025,"Concreting of FMR at Brgy. Escaler Road (Phase II), Magalang, Pampanga",35000000,0.484,2,-20000000,HB 10858 Vol I-B p. 706,GAA-2025 · Department of Agriculture (DA) · Office of the Secretary,,,,not stated,one side stated,Prior Phase 2 only,False
fmr,2027,HB10858-FMR-0706-002,"Construction of Brgy. Capagao FMR, Brgy. Capagao, Panitan, Capiz",15000000,2025,"Concreting of Brgy. Mabaca FMR Phase II, Brgy. Mabaca, Balbalan, Kalinga",10000000,0.478,3,5000000,HB 10858 Vol I-B p. 706,GAA-2025 · Department of Agriculture (DA) · Office of the Secretary,,,,not stated,one side stated,Prior Phase 2 only,False
fmr,2027,HB10858-FMR-0706-003,"Construction of Brgy. Bago Chiquito to Brgy. Candual FMR, Brgy. Bago Chiquito and",15000000,2025,Farm-to-Market Road (FMR) Network Planning and Monitoring Services,2344000,0.306,1,12656000,HB 10858 Vol I-B p. 706,GAA-2025 · Department of Agriculture (DA) · Office of the Secretary,,,,not stated,not stated,,False
fmr,2027,HB10858-FMR-0706-003,"Construction of Brgy. Bago Chiquito to Brgy. Candual FMR, Brgy. Bago Chiquito and",15000000,2025,Farm-to-Market Road (FMR) Network Planning and Monitoring Services,7537000,0.306,2,7463000,HB 10858 Vol I-B p. 706,GAA-2025 · Department of Agriculture (DA) · Office of the Secretary,,,,not stated,not stated,,False
fmr,2027,HB10858-FMR-0706-003,"Construction of Brgy. Bago Chiquito to Brgy. Candual FMR, Brgy. Bago Chiquito and",15000000,2025,Farm-to-Market Road (FMR) Network Planning and Monitoring Services,185000,0.306,3,14815000,HB 10858 Vol I-B p. 706,GAA-2025 · Department of Agriculture (DA) · Office of the Secretary,,,,not stated,not stated,,False
fmr,2027,HB10858-FMR-0706-004,"Concreting of Sitio Maragaas, Brgy. Olandia - Brgy. Fabrica FMR, Brgy. Olandia and Brgy. Fabrica, Barcelona, Sorsogon",15000000,2025,"Concreting of Sitio Malaya FMR at Brgy. Aningway Subic, Zambales",15000000,0.532,1,0,HB 10858 Vol I-B p. 706,GAA-2025 · Department of Agriculture (DA) · Office of the Secretary,,,,not stated,not stated,,False
fmr,2027,HB10858-FMR-0706-004,"Concreting of Sitio Maragaas, Brgy. Olandia - Brgy. Fabrica FMR, Brgy. Olandia and Brgy. Fabrica, Barcelona, Sorsogon",15000000,2025,"Concreting of Sitio Bayawas Brgy. Salvacion FMR Phase III, Brgy. Salvacion, Magallanes, Sorsogon",15000000,0.508,2,0,HB 10858 Vol I-B p. 706,GAA-2025 · Department of Agriculture (DA) · Office of the Secretary,,,,not stated,one side stated,Prior Phase 3 only,False
fmr,2027,HB10858-FMR-0706-004,"Concreting of Sitio Maragaas, Brgy. Olandia - Brgy. Fabrica FMR, Brgy. Olandia and Brgy. Fabrica, Barcelona, Sorsogon",15000000,2025,"Concreting of Sitio Bayawas, Brgy. Salvacion FMR Phase Il, Brgy. Salvacion, Magallanes, Sorsogon",25000000,0.496,3,-10000000,HB 10858 Vol I-B p. 706,GAA-2025 · Department of Agriculture (DA) · Office of the Secretary,,,,not stated,not stated,,False
fmr,2027,HB10858-FMR-0706-005,"Construction of Sitio Crossing to Sitio Proper, Brgy. Agdahon FMR, Brgy. Agdahon,",15000000,2025,"Concreting of Sitio Dep-ang to Sitio Bilis, Brgy. Santo Tomas FMR Phase III, Brgy. Santo Tomas, Baguio City",10000000,0.492,1,5000000,HB 10858 Vol I-B p. 706,GAA-2025 · Department of Agriculture (DA) · Office of the Secretary,,,,not stated,one side stated,Prior Phase 3 only,False
fmr,2027,HB10858-FMR-0706-005,"Construction of Sitio Crossing to Sitio Proper, Brgy. Agdahon FMR, Brgy. Agdahon,",15000000,2025,"Concreting of Sitio Casaguingan, Brgy. Bairan to Brgy. Malaguinabot FMR (Phase II), Brgy. Bairan and Brgy. Malaguinabot, San Miguel, Leyte",15000000,0.443,2,0,HB 10858 Vol I-B p. 706,GAA-2025 · Department of Agriculture (DA) · Office of the Secretary,,,,not stated,one side stated,Prior Phase 2 only,False
fmr,2027,HB10858-FMR-0706-005,"Construction of Sitio Crossing to Sitio Proper, Brgy. Agdahon FMR, Brgy. Agdahon,",15000000,2025,"Concreting of Brgy. Bales to Sitio Lebe FMR (Phase II), Brgy. Bales, Maasim, Sarangani",15000000,0.438,3,0,HB 10858 Vol I-B p. 706,GAA-2025 · Department of Agriculture (DA) · Office of the Secretary,,,,not stated,one side stated,Prior Phase 2 only,False
fmr,2027,HB10858-FMR-0706-006,"Concreting of Purok 3 - Purok 5, Brgy. Casili FMR, Brgy. Casili, Gubat, Sorsogon",15000000,2025,"Concreting of Purok 2, Brgy. Cansinala FMR (Phase I), Brgy. Cansinala, Apalit, Pampanga",15000000,0.547,1,0,HB 10858 Vol I-B p. 706,GAA-2025 · Department of Agriculture (DA) · Office of the Secretary,,,,not stated,one side stated,Prior Phase 1 only,False
fmr,2027,HB10858-FMR-0706-006,"Concreting of Purok 3 - Purok 5, Brgy. Casili FMR, Brgy. Casili, Gubat, Sorsogon",15000000,2025,"Concreting of Purok 2, Brgy. Cansinala FMR Phase II, Brgy. Cansinala, Apalit, Pampanga",5000000,0.547,2,10000000,HB 10858 Vol I-B p. 706,GAA-2025 · Department of Agriculture (DA) · Office of the Secretary,,,,not stated,one side stated,Prior Phase 2 only,False
fmr,2027,HB10858-FMR-0706-006,"Concreting of Purok 3 - Purok 5, Brgy. Casili FMR, Brgy. Casili, Gubat, Sorsogon",15000000,2025,"Concreting of Brgy. Gogon FMR Phase Il, Brgy. Gogon, Donsol, Sorsogon",15000000,0.488,3,0,HB 10858 Vol I-B p. 706,GAA-2025 · Department of Agriculture (DA) · Office of the Secretary,,,,not stated,not stated,,False
fmr,2027,HB10858-FMR-0706-007,"Concreting of Sitio Parad, Brgy. Fabrica - Brgy. San Ramon FMR (Phase 2),",15000000,2025,"Concreting of FMR at Sitio Atagon to Brgy. San Antonio, Palo, Leyte",15000000,0.48,1,0,HB 10858 Vol I-B p. 706,GAA-2025 · Department of Agriculture (DA) · Office of the Secretary,,,,not stated,one side stated,Current Phase 2 only,False
fmr,2027,HB10858-FMR-0706-007,"Concreting of Sitio Parad, Brgy. Fabrica - Brgy. San Ramon FMR (Phase 2),",15000000,2025,"Concreting of FMR at Sitio Mainay, Brgy. Sta. Ines, San Miguel, Bulacan",20000000,0.468,2,-5000000,HB 10858 Vol I-B p. 706,GAA-2025 · Department of Agriculture (DA) · Office of the Secretary,,,,not stated,one side stated,Current Phase 2 only,False
fmr,2027,HB10858-FMR-0706-007,"Concreting of Sitio Parad, Brgy. Fabrica - Brgy. San Ramon FMR (Phase 2),",15000000,2025,"Concreting of FMR at Sitio Kasagingan, Brgy. Bairan to Brgy. Cabatianuhan, San Miguel, Leyte",15000000,0.452,3,0,HB 10858 Vol I-B p. 706,GAA-2025 · Department of Agriculture (DA) · Office of the Secretary,,,,not stated,one side stated,Current Phase 2 only,False
fmr,2027,HB10858-FMR-0706-008,"Construction of Brgy. Maindang FMR, Brgy. Maindang, Cuartero, Capiz",15000000,2025,"Concreting of Brgy. Caluangan FMR (Phase I), Brgy. Caluangan, Magallanes, Cavite",15000000,0.519,1,0,HB 10858 Vol I-B p. 706,GAA-2025 · Department of Agriculture (DA) · Office of the Secretary,,,,not stated,one side stated,Prior Phase 1 only,False
fmr,2027,HB10858-FMR-0706-008,"Construction of Brgy. Maindang FMR, Brgy. Maindang, Cuartero, Capiz",15000000,2025,"Concreting of FMR at Brgy. Pandatun, Hermosa, Bataan",15000000,0.476,2,0,HB 10858 Vol I-B p. 706,GAA-2025 · Department of Agriculture (DA) · Office of the Secretary,,,,not stated,not stated,,False
fmr,2027,HB10858-FMR-0706-008,"Construction of Brgy. Maindang FMR, Brgy. Maindang, Cuartero, Capiz",15000000,2025,"Concreting of Brgy. Guiddam FMR (Phase II), Brgy. Guiddam, Abulug, Cagayan",10000000,0.457,3,5000000,HB 10858 Vol I-B p. 706,GAA-2025 · Department of Agriculture (DA) · Office of the Secretary,,,,not stated,one side stated,Prior Phase 2 only,False
fmr,2027,HB10858-FMR-0706-009,"Concreting of Sitio Bungol, Brgy. Tacay FMR, Brgy. Tacay, Buenavista, Guimaras",15000000,2025,"Concreting of FMR at Mantaha Road, Brgy. Buenavista, Zamboanga City",15000000,0.494,1,0,HB 10858 Vol I-B p. 706,GAA-2025 · Department of Agriculture (DA) · Office of the Secretary,,,,not stated,not stated,,False
fmr,2027,HB10858-FMR-0706-009,"Concreting of Sitio Bungol, Brgy. Tacay FMR, Brgy. Tacay, Buenavista, Guimaras",15000000,2025,"Concreting of Sitio Malaya FMR at Brgy. Aningway Subic, Zambales",15000000,0.477,2,0,HB 10858 Vol I-B p. 706,GAA-2025 · Department of Agriculture (DA) · Office of the Secretary,,,,not stated,not stated,,False
fmr,2027,HB10858-FMR-0706-009,"Concreting of Sitio Bungol, Brgy. Tacay FMR, Brgy. Tacay, Buenavista, Guimaras",15000000,2025,"Concreting of FMR at Sitio Balinsungay, Brgy. Mercedes, Zamboanga City",15000000,0.473,3,0,HB 10858 Vol I-B p. 706,GAA-2025 · Department of Agriculture (DA) · Office of the Secretary,,,,not stated,not stated,,False
fmr,2027,HB10858-FMR-0706-010,"Concreting of Purok 1 - Purok 3, Brgy. Manapao - Purok 1-b, Brgy. Casili FMR, Brgy. Manapao and Brgy. Casili, Gubat, Sorsogon",15000000,2025,"Concreting of Purok 8 to Sitio Manangahon to Sitio Palo, Brgy. Mate FMR (Phase II), San Francisco, Agusan del Sur",15000000,0.497,1,0,HB 10858 Vol I-B p. 706,GAA-2025 · Department of Agriculture (DA) · Office of the Secretary,,,,not stated,one side stated,Prior Phase 2 only,False
fmr,2027,HB10858-FMR-0706-010,"Concreting of Purok 1 - Purok 3, Brgy. Manapao - Purok 1-b, Brgy. Casili FMR, Brgy. Manapao and Brgy. Casili, Gubat, Sorsogon",15000000,2025,"Concreting of Purok 7-Purok 15, Brgy. Mabuhay FMR (Phase V), Brgy. Mabuhay, General Santos City, South Cotabato",15000000,0.483,2,0,HB 10858 Vol I-B p. 706,GAA-2025 · Department of Agriculture (DA) · Office of the Secretary,,,,not stated,one side stated,Prior Phase 5 only,False
fmr,2027,HB10858-FMR-0706-010,"Concreting of Purok 1 - Purok 3, Brgy. Manapao - Purok 1-b, Brgy. Casili FMR, Brgy. Manapao and Brgy. Casili, Gubat, Sorsogon",15000000,2025,"Concreting of Purok 2, Brgy. Cansinala FMR (Phase I), Brgy. Cansinala, Apalit, Pampanga",15000000,0.446,3,0,HB 10858 Vol I-B p. 706,GAA-2025 · Department of Agriculture (DA) · Office of the Secretary,,,,not stated,one side stated,Prior Phase 1 only,False
fmr,2027,HB10858-FMR-0706-011,"Construction of Brgy. Salvacion FMR, Brgy. Salvacion, Nueva Valencia, Guimaras",15000000,2025,"Concreting of Sitio Bayawas Brgy. Salvacion FMR Phase III, Brgy. Salvacion, Magallanes, Sorsogon",15000000,0.558,1,0,HB 10858 Vol I-B p. 706,GAA-2025 · Department of Agriculture (DA) · Office of the Secretary,,,,not stated,one side stated,Prior Phase 3 only,False
fmr,2027,HB10858-FMR-0706-011,"Construction of Brgy. Salvacion FMR, Brgy. Salvacion, Nueva Valencia, Guimaras",15000000,2025,"Concreting of Brgy. Sta. Isabel FMR (Phase II), Cabiao, Nueva Ecija",15000000,0.55,2,0,HB 10858 Vol I-B p. 706,GAA-2025 · Department of Agriculture (DA) · Office of the Secretary,,,,not stated,one side stated,Prior Phase 2 only,False
fmr,2027,HB10858-FMR-0706-011,"Construction of Brgy. Salvacion FMR, Brgy. Salvacion, Nueva Valencia, Guimaras",15000000,2025,"Concreting of Sitio Bayawas, Brgy. Salvacion FMR Phase Il, Brgy. Salvacion, Magallanes, Sorsogon",25000000,0.542,3,-10000000,HB 10858 Vol I-B p. 706,GAA-2025 · Department of Agriculture (DA) · Office of the Secretary,,,,not stated,not stated,,False
fmr,2027,HB10858-FMR-0706-012,"Concreting of Brgy. San Rafael - Brgy. Salvacion FMR, Sta. Magdalena, Sorsogon",15000000,2025,"Concreting of Sitio Bayawas Brgy. Salvacion FMR Phase III, Brgy. Salvacion, Magallanes, Sorsogon",15000000,0.712,1,0,HB 10858 Vol I-B p. 706,GAA-2025 · Department of Agriculture (DA) · Office of the Secretary,,,,not stated,one side stated,Prior Phase 3 only,False
fmr,2027,HB10858-FMR-0706-012,"Concreting of Brgy. San Rafael - Brgy. Salvacion FMR, Sta. Magdalena, Sorsogon",15000000,2025,"Concreting of Sitio Bayawas, Brgy. Salvacion FMR Phase Il, Brgy. Salvacion, Magallanes, Sorsogon",25000000,0.692,2,-10000000,HB 10858 Vol I-B p. 706,GAA-2025 · Department of Agriculture (DA) · Office of the Secretary,,,,not stated,not stated,,False
fmr,2027,HB10858-FMR-0706-012,"Concreting of Brgy. San Rafael - Brgy. Salvacion FMR, Sta. Magdalena, Sorsogon",15000000,2025,"Upgrading/Rehabilitation of FMR at Brgy. Sta. Monica, Hagonoy, Bulacan",15000000,0.46,3,0,HB 10858 Vol I-B p. 706,GAA-2025 · Department of Agriculture (DA) · Office of the Secretary,,,,not stated,not stated,,False
fmr,2027,HB10858-FMR-0706-013,"Construction of Brgy. Cansilayan FMR, Brgy. Cansilayan, Tigbauan, Iloilo",15000000,2025,"Concreting of Brgy. Kinagdan FMR (Phase II), Brgy. Kinagdan, Igbaras, Iloilo",15000000,0.623,1,0,HB 10858 Vol I-B p. 706,GAA-2025 · Department of Agriculture (DA) · Office of the Secretary,,,,not stated,one side stated,Prior Phase 2 only,False
fmr,2027,HB10858-FMR-0706-013,"Construction of Brgy. Cansilayan FMR, Brgy. Cansilayan, Tigbauan, Iloilo",15000000,2025,"Concreting of FMR at Brgy. Dalicanan, Sitio Mabang Sapa, Passi City, Iloilo",15000000,0.489,2,0,HB 10858 Vol I-B p. 706,GAA-2025 · Department of Agriculture (DA) · Office of the Secretary,,,,not stated,not stated,,False
fmr,2027,HB10858-FMR-0706-013,"Construction of Brgy. Cansilayan FMR, Brgy. Cansilayan, Tigbauan, Iloilo",15000000,2025,"Concreting of FMR at Brgy. Tagubong, Sitio Agbariri, Passi City, Iloilo",10000000,0.488,3,5000000,HB 10858 Vol I-B p. 706,GAA-2025 · Department of Agriculture (DA) · Office of the Secretary,,,,not stated,not stated,,False
fmr,2027,HB10858-FMR-0706-014,"Construction of Brgy. Ogob - Brgy. Diaro FMR, Brgy. Ogob and Brgy. Diaro, Malinao, Albay",13200000,2025,"Concreting of Brgy. Tagpo FMR (Phase II), Brgy, Tagpo, Ligao City, Albay",10000000,0.563,1,3200000,HB 10858 Vol I-B p. 706,GAA-2025 · Department of Agriculture (DA) · Office of the Secretary,,,,not stated,one side stated,Prior Phase 2 only,False
fmr,2027,HB10858-FMR-0706-014,"Construction of Brgy. Ogob - Brgy. Diaro FMR, Brgy. Ogob and Brgy. Diaro, Malinao, Albay",13200000,2025,"Rehabilitation of Brgy. Sinungtan - Batbat FMR , Guinobatan, Albay",50000000,0.526,2,-36800000,HB 10858 Vol I-B p. 706,GAA-2025 · Department of Agriculture (DA) · Office of the Secretary,,,,not stated,not stated,,False
fmr,2027,HB10858-FMR-0706-014,"Construction of Brgy. Ogob - Brgy. Diaro FMR, Brgy. Ogob and Brgy. Diaro, Malinao, Albay",13200000,2025,"Concreting of FMR at Brgy. Namantao to Brgy. Burgos - Brgy. Bascaran, Daraga, Albay",30000000,0.482,3,-16800000,HB 10858 Vol I-B p. 706,GAA-2025 · Department of Agriculture (DA) · Office of the Secretary,,,,not stated,not stated,,False
fmr,2027,HB10858-FMR-0706-015,"Construction of Brgy. Sambaludan to Brgy. Botong FMR, Brgy. Sambaludan and Brgy. Botong, Oton, Iloilo",15000000,2025,"Concreting of FMR at Brgy. Malapula to Bita-ogan, Sitio Libtog, Passi City, Iloilo",40000000,0.509,1,-25000000,HB 10858 Vol I-B p. 706,GAA-2025 · Department of Agriculture (DA) · Office of the Secretary,,,,not stated,not stated,,False
fmr,2027,HB10858-FMR-0706-015,"Construction of Brgy. Sambaludan to Brgy. Botong FMR, Brgy. Sambaludan and Brgy. Botong, Oton, Iloilo",15000000,2025,"Concreting of Brgy. Kinagdan FMR (Phase II), Brgy. Kinagdan, Igbaras, Iloilo",15000000,0.489,2,0,HB 10858 Vol I-B p. 706,GAA-2025 · Department of Agriculture (DA) · Office of the Secretary,,,,not stated,one side stated,Prior Phase 2 only,False
fmr,2027,HB10858-FMR-0706-015,"Construction of Brgy. Sambaludan to Brgy. Botong FMR, Brgy. Sambaludan and Brgy. Botong, Oton, Iloilo",15000000,2025,Farm-to-Market Road (FMR) Network Planning and Monitoring Services,2344000,0.392,3,12656000,HB 10858 Vol I-B p. 706,GAA-2025 · Department of Agriculture (DA) · Office of the Secretary,,,,not stated,not stated,,False
fmr,2027,HB10858-FMR-0706-016,"Concreting of Brgy. Sampaloc - Brgy. Loob FMR, Gainza Camarines Sur",15000000,2025,"Concreting of Brgy. Guiddam FMR (Phase II), Brgy. Guiddam, Abulug, Cagayan",10000000,0.417,1,5000000,HB 10858 Vol I-B p. 706,GAA-2025 · Department of Agriculture (DA) · Office of the Secretary,,,,not stated,one side stated,Prior Phase 2 only,False
fmr,2027,HB10858-FMR-0706-016,"Concreting of Brgy. Sampaloc - Brgy. Loob FMR, Gainza Camarines Sur",15000000,2025,"Concreting of Brgy. Catacte FMR Brgy. Catacte, Bustos, Bulacan",5000000,0.417,2,10000000,HB 10858 Vol I-B p. 706,GAA-2025 · Department of Agriculture (DA) · Office of the Secretary,,,,not stated,not stated,,False
fmr,2027,HB10858-FMR-0706-016,"Concreting of Brgy. Sampaloc - Brgy. Loob FMR, Gainza Camarines Sur",15000000,2025,"Concreting of Purok 8 to Sitio Manangahon to Sitio Palo, Brgy. Mate FMR (Phase II), San Francisco, Agusan del Sur",15000000,0.359,3,0,HB 10858 Vol I-B p. 706,GAA-2025 · Department of Agriculture (DA) · Office of the Secretary,,,,not stated,one side stated,Prior Phase 2 only,False
fmr,2027,HB10858-FMR-0706-017,"Construction of Brgy. Buga FMR, Brgy. Buga, Leon, lloilo",15000000,2025,"Concreting of Brgy. Caluangan FMR (Phase I), Brgy. Caluangan, Magallanes, Cavite",15000000,0.485,1,0,HB 10858 Vol I-B p. 706,GAA-2025 · Department of Agriculture (DA) · Office of the Secretary,,,,not stated,one side stated,Prior Phase 1 only,False
fmr,2027,HB10858-FMR-0706-017,"Construction of Brgy. Buga FMR, Brgy. Buga, Leon, lloilo",15000000,2025,"Concreting of Brgy. Caluangan FMR (Phase II), Brgy. Caluangan, Magallanes, Cavite",10000000,0.485,2,5000000,HB 10858 Vol I-B p. 706,GAA-2025 · Department of Agriculture (DA) · Office of the Secretary,,,,not stated,one side stated,Prior Phase 2 only,False
fmr,2027,HB10858-FMR-0706-017,"Construction of Brgy. Buga FMR, Brgy. Buga, Leon, lloilo",15000000,2025,"Concreting of Brgy. Guiddam FMR (Phase II), Brgy. Guiddam, Abulug, Cagayan",10000000,0.407,3,5000000,HB 10858 Vol I-B p. 706,GAA-2025 · Department of Agriculture (DA) · Office of the Secretary,,,,not stated,one side stated,Prior Phase 2 only,False
fmr,2027,HB10858-FMR-0706-018,"Construction of Brgy. Balud Lilo-an FMR, Brgy. Balud Lilo-an, Zarraga, Iloilo",15000000,2025,"Concreting of Brgy. Kinagdan FMR (Phase II), Brgy. Kinagdan, Igbaras, Iloilo",15000000,0.585,1,0,HB 10858 Vol I-B p. 706,GAA-2025 · Department of Agriculture (DA) · Office of the Secretary,,,,not stated,one side stated,Prior Phase 2 only,False
fmr,2027,HB10858-FMR-0706-018,"Construction of Brgy. Balud Lilo-an FMR, Brgy. Balud Lilo-an, Zarraga, Iloilo",15000000,2025,"Concreting of Brgy. Nasunogan to Brgy. Airport and Lilo-an FMR (Phase I), Brgy. Nasunogan, Ormoc City, Leyte",15000000,0.476,2,0,HB 10858 Vol I-B p. 706,GAA-2025 · Department of Agriculture (DA) · Office of the Secretary,,,,not stated,one side stated,Prior Phase 1 only,False
fmr,2027,HB10858-FMR-0706-018,"Construction of Brgy. Balud Lilo-an FMR, Brgy. Balud Lilo-an, Zarraga, Iloilo",15000000,2025,"Concreting of FMR at Brgy. Tagubong, Sitio Agbariri, Passi City, Iloilo",10000000,0.462,3,5000000,HB 10858 Vol I-B p. 706,GAA-2025 · Department of Agriculture (DA) · Office of the Secretary,,,,not stated,not stated,,False
fmr,2027,HB10858-FMR-0706-019,"Construction of Purok 6, Brgy. San Antonio FMR, Labo, Brgy. San Antonio, Camarines Norte",15000000,2025,"Concreting of Brgy. San Antonio to Brgy. Lugui FMR (Phase II), Brgy. San Antonio and Brgy. Lugui, Labo, Camarines Norte",15000000,0.605,1,0,HB 10858 Vol I-B p. 706,GAA-2025 · Department of Agriculture (DA) · Office of the Secretary,,,,not stated,one side stated,Prior Phase 2 only,False
fmr,2027,HB10858-FMR-0706-019,"Construction of Purok 6, Brgy. San Antonio FMR, Labo, Brgy. San Antonio, Camarines Norte",15000000,2025,"Concreting of FMR at Brgy. Binatagan, Basud, Camarines Norte",30000000,0.549,2,-15000000,HB 10858 Vol I-B p. 706,GAA-2025 · Department of Agriculture (DA) · Office of the Secretary,,,,not stated,not stated,,False
fmr,2027,HB10858-FMR-0706-019,"Construction of Purok 6, Brgy. San Antonio FMR, Labo, Brgy. San Antonio, Camarines Norte",15000000,2025,"Concreting of Brgy. Maisog FMR Phase II, Brgy. Maisog, San Lorenzo Ruiz, Camarines Norte",50000000,0.528,3,-35000000,HB 10858 Vol I-B p. 706,GAA-2025 · Department of Agriculture (DA) · Office of the Secretary,,,,not stated,one side stated,Prior Phase 2 only,False
fmr,2027,HB10858-FMR-0706-020,"Construction of Brgy. Palanguia FMR, Brgy. Palanguia, Pototan, Iloilo",15000000,2025,"Concreting of Brgy. Kinagdan FMR (Phase II), Brgy. Kinagdan, Igbaras, Iloilo",15000000,0.568,1,0,HB 10858 Vol I-B p. 706,GAA-2025 · Department of Agriculture (DA) · Office of the Secretary,,,,not stated,one side stated,Prior Phase 2 only,False
fmr,2027,HB10858-FMR-0706-020,"Construction of Brgy. Palanguia FMR, Brgy. Palanguia, Pototan, Iloilo",15000000,2025,"Concreting of FMR at Brgy. Malapula to Bita-ogan, Sitio Libtog, Passi City, Iloilo",40000000,0.468,2,-25000000,HB 10858 Vol I-B p. 706,GAA-2025 · Department of Agriculture (DA) · Office of the Secretary,,,,not stated,not stated,,False
fmr,2027,HB10858-FMR-0706-020,"Construction of Brgy. Palanguia FMR, Brgy. Palanguia, Pototan, Iloilo",15000000,2025,"Concreting of FMR at Brgy. Dalicanan, Sitio Mabang Sapa, Passi City, Iloilo",15000000,0.46,3,0,HB 10858 Vol I-B p. 706,GAA-2025 · Department of Agriculture (DA) · Office of the Secretary,,,,not stated,not stated,,False
fmr,2027,HB10858-FMR-0706-021,"Construction of Brgy. Labnig FMR, Brgy. Labnig, Paracale, Camarines Norte",15000000,2025,"Concreting of Brgy. Maisog FMR Phase II, Brgy. Maisog, San Lorenzo Ruiz, Camarines Norte",50000000,0.674,1,-35000000,HB 10858 Vol I-B p. 706,GAA-2025 · Department of Agriculture (DA) · Office of the Secretary,,,,not stated,one side stated,Prior Phase 2 only,False
fmr,2027,HB10858-FMR-0706-021,"Construction of Brgy. Labnig FMR, Brgy. Labnig, Paracale, Camarines Norte",15000000,2025,"Concreting of Brgy. Man-ogob FMR Phase II, Brgy. Man-ogob, San Vicente, Camarines Norte",50000000,0.637,2,-35000000,HB 10858 Vol I-B p. 706,GAA-2025 · Department of Agriculture (DA) · Office of the Secretary,,,,not stated,one side stated,Prior Phase 2 only,False
fmr,2027,HB10858-FMR-0706-021,"Construction of Brgy. Labnig FMR, Brgy. Labnig, Paracale, Camarines Norte",15000000,2025,"Concreting of FMR at Brgy. Binatagan, Basud, Camarines Norte",30000000,0.597,3,-15000000,HB 10858 Vol I-B p. 706,GAA-2025 · Department of Agriculture (DA) · Office of the Secretary,,,,not stated,not stated,,False
fmr,2027,HB10858-FMR-0706-022,"Construction of Brgy. Linayuan to Brgy. Sinuagan FMR, Brgy. Linayuan and",15000000,2025,Farm-to-Market Road (FMR) Network Planning and Monitoring Services,2344000,0.289,1,12656000,HB 10858 Vol I-B p. 706,GAA-2025 · Department of Agriculture (DA) · Office of the Secretary,,,,not stated,not stated,,False
fmr,2027,HB10858-FMR-0706-022,"Construction of Brgy. Linayuan to Brgy. Sinuagan FMR, Brgy. Linayuan and",15000000,2025,Farm-to-Market Road (FMR) Network Planning and Monitoring Services,7537000,0.289,2,7463000,HB 10858 Vol I-B p. 706,GAA-2025 · Department of Agriculture (DA) · Office of the Secretary,,,,not stated,not stated,,False
fmr,2027,HB10858-FMR-0706-022,"Construction of Brgy. Linayuan to Brgy. Sinuagan FMR, Brgy. Linayuan and",15000000,2025,Farm-to-Market Road (FMR) Network Planning and Monitoring Services,185000,0.289,3,14815000,HB 10858 Vol I-B p. 706,GAA-2025 · Department of Agriculture (DA) · Office of the Secretary,,,,not stated,not stated,,False
fmr,2027,HB10858-FMR-0706-023,"Concreting of Brgy. Puniton - Brgy. Sto. Domingo FMR, Virac, Catanduanes",30000000,2025,"Concreting of Brgy. Tabason-Sto. Tomas-San Vicente FMR (Phase II), Tagkawayan, Quezon",10000000,0.478,1,20000000,HB 10858 Vol I-B p. 706,GAA-2025 · Department of Agriculture (DA) · Office of the Secretary,,,,not stated,one side stated,Prior Phase 2 only,False
fmr,2027,HB10858-FMR-0706-023,"Concreting of Brgy. Puniton - Brgy. Sto. Domingo FMR, Virac, Catanduanes",30000000,2025,"Concreting of Brgy. Guiddam FMR (Phase II), Brgy. Guiddam, Abulug, Cagayan",10000000,0.427,2,20000000,HB 10858 Vol I-B p. 706,GAA-2025 · Department of Agriculture (DA) · Office of the Secretary,,,,not stated,one side stated,Prior Phase 2 only,False
fmr,2027,HB10858-FMR-0706-023,"Concreting of Brgy. Puniton - Brgy. Sto. Domingo FMR, Virac, Catanduanes",30000000,2025,"Concreting of FMR at Brgy. Sto. Rosario, Candaba, Pampanga",20000000,0.384,3,10000000,HB 10858 Vol I-B p. 706,GAA-2025 · Department of Agriculture (DA) · Office of the Secretary,,,,not stated,not stated,,False
fmr,2027,HB10858-FMR-0706-024,"Construction of Brgy. San Andres - Brgy. Sulpa FMR, Siruma, Camarines Sur",20000000,2025,"Concreting of Purok 8 to Sitio Manangahon to Sitio Palo, Brgy. Mate FMR (Phase II), San Francisco, Agusan del Sur",15000000,0.4,1,5000000,HB 10858 Vol I-B p. 706,GAA-2025 · Department of Agriculture (DA) · Office of the Secretary,,,,not stated,one side stated,Prior Phase 2 only,False
fmr,2027,HB10858-FMR-0706-024,"Construction of Brgy. San Andres - Brgy. Sulpa FMR, Siruma, Camarines Sur",20000000,2025,"Concreting of FMR at Brgy. Paliwasan, San Miguel, Bulacan",20000000,0.384,2,0,HB 10858 Vol I-B p. 706,GAA-2025 · Department of Agriculture (DA) · Office of the Secretary,,,,not stated,not stated,,False
fmr,2027,HB10858-FMR-0706-024,"Construction of Brgy. San Andres - Brgy. Sulpa FMR, Siruma, Camarines Sur",20000000,2025,"Concreting of Brgy. Annanuman - Brgy. Dalena FMR Phase III, Brgy. Annanuman, San Pablo, Isabela",10000000,0.382,3,10000000,HB 10858 Vol I-B p. 706,GAA-2025 · Department of Agriculture (DA) · Office of the Secretary,,,,not stated,one side stated,Prior Phase 3 only,False
fmr,2027,HB10858-FMR-0706-025,"Construction of Brgy. Abaca to Brgy. Braulan FMR, Brgy. Abaca and Brgy. Braulan, San Enrique, Iloilo",15000000,2025,"Concreting of Brgy. Balaong FMR (Phase I), Brgy. Balaong, San Miguel, Bulacan",5000000,0.549,1,10000000,HB 10858 Vol I-B p. 706,GAA-2025 · Department of Agriculture (DA) · Office of the Secretary,,,,not stated,one side stated,Prior Phase 1 only,False
fmr,2027,HB10858-FMR-0706-025,"Construction of Brgy. Abaca to Brgy. Braulan FMR, Brgy. Abaca and Brgy. Braulan, San Enrique, Iloilo",15000000,2025,"Concreting of Brgy. Impo to Brgy. Canap FMR Phase II, Brgy. Impo and Brgy. Canap, San Miguel, Leyte",15000000,0.49,2,0,HB 10858 Vol I-B p. 706,GAA-2025 · Department of Agriculture (DA) · Office of the Secretary,,,,not stated,one side stated,Prior Phase 2 only,False
fmr,2027,HB10858-FMR-0706-025,"Construction of Brgy. Abaca to Brgy. Braulan FMR, Brgy. Abaca and Brgy. Braulan, San Enrique, Iloilo",15000000,2025,"Concreting of FMR at Brgy. Pinambaran, San Miguel, Bulacan",15000000,0.465,3,0,HB 10858 Vol I-B p. 706,GAA-2025 · Department of Agriculture (DA) · Office of the Secretary,,,,not stated,not stated,,False
fmr,2027,HB10858-FMR-0706-026,"Construction of Brgy. Poblacion FMR, Brgy. Poblacion, Anilao, Iloilo",15000000,2025,"Concreting of Brgy. Kinagdan FMR (Phase II), Brgy. Kinagdan, Igbaras, Iloilo",15000000,0.521,1,0,HB 10858 Vol I-B p. 706,GAA-2025 · Department of Agriculture (DA) · Office of the Secretary,,,,not stated,one side stated,Prior Phase 2 only,False
fmr,2027,HB10858-FMR-0706-026,"Construction of Brgy. Poblacion FMR, Brgy. Poblacion, Anilao, Iloilo",15000000,2025,"Concreting of Brgy. Poblacion to Brgy. Dananao to Brgy. Tulgao FMR Phase II, Tinglayan, Kalinga",30000000,0.472,2,-15000000,HB 10858 Vol I-B p. 706,GAA-2025 · Department of Agriculture (DA) · Office of the Secretary,,,,not stated,one side stated,Prior Phase 2 only,False
fmr,2027,HB10858-FMR-0706-026,"Construction of Brgy. Poblacion FMR, Brgy. Poblacion, Anilao, Iloilo",15000000,2025,"Concreting of Brgy. Mabaca FMR Phase II, Brgy. Mabaca, Balbalan, Kalinga",10000000,0.451,3,5000000,HB 10858 Vol I-B p. 706,GAA-2025 · Department of Agriculture (DA) · Office of the Secretary,,,,not stated,one side stated,Prior Phase 2 only,False
fmr,2027,HB10858-FMR-0706-027,"Construction of Brgy. Cabangila FMR, Brgy. Cabangila, Altavas, Aklan",15000000,2025,"Concreting of Brgy. Caluangan FMR (Phase I), Brgy. Caluangan, Magallanes, Cavite",15000000,0.59,1,0,HB 10858 Vol I-B p. 706,GAA-2025 · Department of Agriculture (DA) · Office of the Secretary,,,,not stated,one side stated,Prior Phase 1 only,False
fmr,2027,HB10858-FMR-0706-027,"Construction of Brgy. Cabangila FMR, Brgy. Cabangila, Altavas, Aklan",15000000,2025,"Concreting of Brgy. Caluangan FMR (Phase II), Brgy. Caluangan, Magallanes, Cavite",10000000,0.59,2,5000000,HB 10858 Vol I-B p. 706,GAA-2025 · Department of Agriculture (DA) · Office of the Secretary,,,,not stated,one side stated,Prior Phase 2 only,False
fmr,2027,HB10858-FMR-0706-027,"Construction of Brgy. Cabangila FMR, Brgy. Cabangila, Altavas, Aklan",15000000,2025,"Concreting of Brgy. Mabaca FMR Phase II, Brgy. Mabaca, Balbalan, Kalinga",10000000,0.563,3,5000000,HB 10858 Vol I-B p. 706,GAA-2025 · Department of Agriculture (DA) · Office of the Secretary,,,,not stated,one side stated,Prior Phase 2 only,False
fmr,2027,HB10858-FMR-0706-028,"Construction of Brgy. Anabo FMR, Brgy. Anabo, Lemery, Iloilo",15000000,2025,"Concreting of Brgy. Kinagdan FMR (Phase II), Brgy. Kinagdan, Igbaras, Iloilo",15000000,0.554,1,0,HB 10858 Vol I-B p. 706,GAA-2025 · Department of Agriculture (DA) · Office of the Secretary,,,,not stated,one side stated,Prior Phase 2 only,False
fmr,2027,HB10858-FMR-0706-028,"Construction of Brgy. Anabo FMR, Brgy. Anabo, Lemery, Iloilo",15000000,2025,"Concreting of FMR at Brgy. Dalicanan, Sitio Mabang Sapa, Passi City, Iloilo",15000000,0.462,2,0,HB 10858 Vol I-B p. 706,GAA-2025 · Department of Agriculture (DA) · Office of the Secretary,,,,not stated,not stated,,False
fmr,2027,HB10858-FMR-0706-028,"Construction of Brgy. Anabo FMR, Brgy. Anabo, Lemery, Iloilo",15000000,2025,"Concreting of FMR at Brgy. Tagubong, Sitio Agbariri, Passi City, Iloilo",10000000,0.459,3,5000000,HB 10858 Vol I-B p. 706,GAA-2025 · Department of Agriculture (DA) · Office of the Secretary,,,,not stated,not stated,,False
fmr,2027,HB10858-FMR-0706-029,"Construction of Sitio Kinabkaban, Brgy. Lumaynay FMR, Brgy. Lumaynay, Altavas, Aklan",15000000,2025,"Concreting of Sitio Malaya FMR at Brgy. Aningway Subic, Zambales",15000000,0.5,1,0,HB 10858 Vol I-B p. 706,GAA-2025 · Department of Agriculture (DA) · Office of the Secretary,,,,not stated,not stated,,False
fmr,2027,HB10858-FMR-0706-029,"Construction of Sitio Kinabkaban, Brgy. Lumaynay FMR, Brgy. Lumaynay, Altavas, Aklan",15000000,2025,"Concreting of Sitio Gumihan, Brgy. Maytoong FMR Phase II, Brgy. Maytoong, Paete, Laguna",5550000,0.48,2,9450000,HB 10858 Vol I-B p. 706,GAA-2025 · Department of Agriculture (DA) · Office of the Secretary,,,,not stated,one side stated,Prior Phase 2 only,False
fmr,2027,HB10858-FMR-0706-029,"Construction of Sitio Kinabkaban, Brgy. Lumaynay FMR, Brgy. Lumaynay, Altavas, Aklan",15000000,2025,"Concreting of Brgy. Bales to Sitio Lebe FMR (Phase II), Brgy. Bales, Maasim, Sarangani",15000000,0.429,3,0,HB 10858 Vol I-B p. 706,GAA-2025 · Department of Agriculture (DA) · Office of the Secretary,,,,not stated,one side stated,Prior Phase 2 only,False
fmr,2027,HB10858-FMR-0706-030,"Construction of Brgy. Adcadarao FMR, Brgy. Adcadarao, Ajuy, Iloilo",15000000,2025,"Concreting of Brgy. Kinagdan FMR (Phase II), Brgy. Kinagdan, Igbaras, Iloilo",15000000,0.592,1,0,HB 10858 Vol I-B p. 706,GAA-2025 · Department of Agriculture (DA) · Office of the Secretary,,,,not stated,one side stated,Prior Phase 2 only,False
fmr,2027,HB10858-FMR-0706-030,"Construction of Brgy. Adcadarao FMR, Brgy. Adcadarao, Ajuy, Iloilo",15000000,2025,"Concreting of Brgy. Mabaca FMR Phase II, Brgy. Mabaca, Balbalan, Kalinga",10000000,0.464,2,5000000,HB 10858 Vol I-B p. 706,GAA-2025 · Department of Agriculture (DA) · Office of the Secretary,,,,not stated,one side stated,Prior Phase 2 only,False
fmr,2027,HB10858-FMR-0706-030,"Construction of Brgy. Adcadarao FMR, Brgy. Adcadarao, Ajuy, Iloilo",15000000,2025,"Concreting of FMR at Brgy. Dalicanan, Sitio Mabang Sapa, Passi City, Iloilo",15000000,0.452,3,0,HB 10858 Vol I-B p. 706,GAA-2025 · Department of Agriculture (DA) · Office of the Secretary,,,,not stated,not stated,,False
fmr,2027,HB10858-FMR-0706-031,"Construction of Brgy. Cabatanga to Agbalogo FMR, Brgy. Cabatanga and Brgy. Agbalogo, Makato, Aklan",30000000,2025,Farm-to-Market Road (FMR) Network Planning and Monitoring Services,2344000,0.24,1,27656000,HB 10858 Vol I-B p. 706,GAA-2025 · Department of Agriculture (DA) · Office of the Secretary,,,,not stated,not stated,,False
fmr,2027,HB10858-FMR-0706-031,"Construction of Brgy. Cabatanga to Agbalogo FMR, Brgy. Cabatanga and Brgy. Agbalogo, Makato, Aklan",30000000,2025,Farm-to-Market Road (FMR) Network Planning and Monitoring Services,7537000,0.24,2,22463000,HB 10858 Vol I-B p. 706,GAA-2025 · Department of Agriculture (DA) · Office of the Secretary,,,,not stated,not stated,,False
fmr,2027,HB10858-FMR-0706-031,"Construction of Brgy. Cabatanga to Agbalogo FMR, Brgy. Cabatanga and Brgy. Agbalogo, Makato, Aklan",30000000,2025,Farm-to-Market Road (FMR) Network Planning and Monitoring Services,185000,0.24,3,29815000,HB 10858 Vol I-B p. 706,GAA-2025 · Department of Agriculture (DA) · Office of the Secretary,,,,not stated,not stated,,False
fmr,2027,HB10858-FMR-0706-032,"Construction of Sitio Capasigan, Brgy. Alimono FMR, Brgy. Alimono, Passi City, Iloilo",15000000,2025,"Concreting of FMR at Brgy. Tagubong, Sitio Agbariri, Passi City, Iloilo",10000000,0.571,1,5000000,HB 10858 Vol I-B p. 706,GAA-2025 · Department of Agriculture (DA) · Office of the Secretary,,,,not stated,not stated,,False
fmr,2027,HB10858-FMR-0706-032,"Construction of Sitio Capasigan, Brgy. Alimono FMR, Brgy. Alimono, Passi City, Iloilo",15000000,2025,"Concreting of FMR at Brgy. Tagubong, Sitio Agbatuan, Passi City, Iloilo",10000000,0.571,2,5000000,HB 10858 Vol I-B p. 706,GAA-2025 · Department of Agriculture (DA) · Office of the Secretary,,,,not stated,not stated,,False
fmr,2027,HB10858-FMR-0706-032,"Construction of Sitio Capasigan, Brgy. Alimono FMR, Brgy. Alimono, Passi City, Iloilo",15000000,2025,"Concreting of FMR at Brgy. Tagubong PRDP Road Section to Sitio Pangimnan going to chapel, Passi City, Iloilo",10000000,0.55,3,5000000,HB 10858 Vol I-B p. 706,GAA-2025 · Department of Agriculture (DA) · Office of the Secretary,,,,not stated,not stated,,False
fmr,2027,HB10858-FMR-0708-001,"Construction of Sitio Agcararao, Brgy. Jaguimitan FMR, Brgy. Jaguimitan,",15000000,2025,"Concreting of Sitio Gumihan, Brgy. Maytoong FMR Phase II, Brgy. Maytoong, Paete, Laguna",5550000,0.472,1,9450000,HB 10858 Vol I-B p. 708,GAA-2025 · Department of Agriculture (DA) · Office of the Secretary,,,,not stated,one side stated,Prior Phase 2 only,False
fmr,2027,HB10858-FMR-0708-001,"Construction of Sitio Agcararao, Brgy. Jaguimitan FMR, Brgy. Jaguimitan,",15000000,2025,"Concreting of Sitio San Ysiro, Brgy. San Jose FMR Phase 6, Brgy. San Jose, Antipolo City Rizal",15000000,0.469,2,0,HB 10858 Vol I-B p. 708,GAA-2025 · Department of Agriculture (DA) · Office of the Secretary,,,,not stated,one side stated,Prior Phase 6 only,False
fmr,2027,HB10858-FMR-0708-001,"Construction of Sitio Agcararao, Brgy. Jaguimitan FMR, Brgy. Jaguimitan,",15000000,2025,"Concreting of FMR at Sitio Sapa Kolebra (Sapa Moro), Brgy. Latuan, Zamboanga City",15000000,0.463,3,0,HB 10858 Vol I-B p. 708,GAA-2025 · Department of Agriculture (DA) · Office of the Secretary,,,,not stated,not stated,,False
fmr,2027,HB10858-FMR-0708-002,"Concreting of Brgy. Alimodias FMR, Brgy. Alimodias, Miag-ao, Iloilo",30000000,2025,"Concreting of Brgy. Kinagdan FMR (Phase II), Brgy. Kinagdan, Igbaras, Iloilo",15000000,0.514,1,15000000,HB 10858 Vol I-B p. 708,GAA-2025 · Department of Agriculture (DA) · Office of the Secretary,,,,not stated,one side stated,Prior Phase 2 only,False
fmr,2027,HB10858-FMR-0708-002,"Concreting of Brgy. Alimodias FMR, Brgy. Alimodias, Miag-ao, Iloilo",30000000,2025,"Concreting of FMR at Brgy. Tagubong, Sitio Agbariri, Passi City, Iloilo",10000000,0.458,2,20000000,HB 10858 Vol I-B p. 708,GAA-2025 · Department of Agriculture (DA) · Office of the Secretary,,,,not stated,not stated,,False
fmr,2027,HB10858-FMR-0708-002,"Concreting of Brgy. Alimodias FMR, Brgy. Alimodias, Miag-ao, Iloilo",30000000,2025,"Concreting of FMR at Brgy. Dalicanan, Sitio Mabang Sapa, Passi City, Iloilo",15000000,0.437,3,15000000,HB 10858 Vol I-B p. 708,GAA-2025 · Department of Agriculture (DA) · Office of the Secretary,,,,not stated,not stated,,False
fmr,2027,HB10858-FMR-0708-003,"Concreting of Brgy. Bacong - Brgy. Bongol San Miguel FMR, Brgy. Bacong and",21000000,2025,"Concreting of Brgy. Balaong FMR (Phase I), Brgy. Balaong, San Miguel, Bulacan",5000000,0.712,1,16000000,HB 10858 Vol I-B p. 708,GAA-2025 · Department of Agriculture (DA) · Office of the Secretary,,,,not stated,one side stated,Prior Phase 1 only,False
fmr,2027,HB10858-FMR-0708-003,"Concreting of Brgy. Bacong - Brgy. Bongol San Miguel FMR, Brgy. Bacong and",21000000,2025,"Concreting of FMR at Brgy. Bagong Silang, San Miguel, Bulacan",20000000,0.676,2,1000000,HB 10858 Vol I-B p. 708,GAA-2025 · Department of Agriculture (DA) · Office of the Secretary,,,,not stated,not stated,,False
fmr,2027,HB10858-FMR-0708-003,"Concreting of Brgy. Bacong - Brgy. Bongol San Miguel FMR, Brgy. Bacong and",21000000,2025,"Concreting of FMR at Brgy. Balaong (Phase II), San Miguel, Bulacan",25000000,0.646,3,-4000000,HB 10858 Vol I-B p. 708,GAA-2025 · Department of Agriculture (DA) · Office of the Secretary,,,,not stated,one side stated,Prior Phase 2 only,False
fmr,2027,HB10858-FMR-0708-004,"Construction of Sitio Proper, Brgy. Agtabo to Sitio Salngan Sur, Brgy. Salngan FMR, Brgy. Agtabo, Passi City, Iloilo",20000000,2025,"Concreting of FMR at Brgy. Tagubong, Sitio Agbatuan, Passi City, Iloilo",10000000,0.574,1,10000000,HB 10858 Vol I-B p. 708,GAA-2025 · Department of Agriculture (DA) · Office of the Secretary,,,,not stated,not stated,,False
fmr,2027,HB10858-FMR-0708-004,"Construction of Sitio Proper, Brgy. Agtabo to Sitio Salngan Sur, Brgy. Salngan FMR, Brgy. Agtabo, Passi City, Iloilo",20000000,2025,"Concreting of FMR at Brgy. Dalicanan, Sitio Mabang Sapa, Passi City, Iloilo",15000000,0.571,2,5000000,HB 10858 Vol I-B p. 708,GAA-2025 · Department of Agriculture (DA) · Office of the Secretary,,,,not stated,not stated,,False
fmr,2027,HB10858-FMR-0708-004,"Construction of Sitio Proper, Brgy. Agtabo to Sitio Salngan Sur, Brgy. Salngan FMR, Brgy. Agtabo, Passi City, Iloilo",20000000,2025,"Concreting of FMR at Brgy. Tagubong, Sitio Agbariri, Passi City, Iloilo",10000000,0.557,3,10000000,HB 10858 Vol I-B p. 708,GAA-2025 · Department of Agriculture (DA) · Office of the Secretary,,,,not stated,not stated,,False
fmr,2027,HB10858-FMR-0708-005,"Concreting of Brgy. Tigmarabo FMR, Brgy. Tigmarabo, Miagao, Iloilo",42000000,2025,"Concreting of Brgy. Kinagdan FMR (Phase II), Brgy. Kinagdan, Igbaras, Iloilo",15000000,0.548,1,27000000,HB 10858 Vol I-B p. 708,GAA-2025 · Department of Agriculture (DA) · Office of the Secretary,,,,not stated,one side stated,Prior Phase 2 only,False
fmr,2027,HB10858-FMR-0708-005,"Concreting of Brgy. Tigmarabo FMR, Brgy. Tigmarabo, Miagao, Iloilo",42000000,2025,"Concreting of FMR at Brgy. Tagubong, Sitio Agbatuan, Passi City, Iloilo",10000000,0.488,2,32000000,HB 10858 Vol I-B p. 708,GAA-2025 · Department of Agriculture (DA) · Office of the Secretary,,,,not stated,not stated,,False
fmr,2027,HB10858-FMR-0708-005,"Concreting of Brgy. Tigmarabo FMR, Brgy. Tigmarabo, Miagao, Iloilo",42000000,2025,"Concreting of FMR at Brgy. Tagubong, Sitio Agbariri, Passi City, Iloilo",10000000,0.463,3,32000000,HB 10858 Vol I-B p. 708,GAA-2025 · Department of Agriculture (DA) · Office of the Secretary,,,,not stated,not stated,,False
fmr,2027,HB10858-FMR-0708-006,"Construction of Brgy. Gegacjac FMR, Brgy. Gegacjac, Passi City, Iloilo",20000000,2025,"Concreting of FMR at Brgy. Tagubong, Sitio Agbariri, Passi City, Iloilo",10000000,0.619,1,10000000,HB 10858 Vol I-B p. 708,GAA-2025 · Department of Agriculture (DA) · Office of the Secretary,,,,not stated,not stated,,False
fmr,2027,HB10858-FMR-0708-006,"Construction of Brgy. Gegacjac FMR, Brgy. Gegacjac, Passi City, Iloilo",20000000,2025,"Concreting of FMR at Brgy. Tagubong, Sitio Agbatuan, Passi City, Iloilo",10000000,0.619,2,10000000,HB 10858 Vol I-B p. 708,GAA-2025 · Department of Agriculture (DA) · Office of the Secretary,,,,not stated,not stated,,False
fmr,2027,HB10858-FMR-0708-006,"Construction of Brgy. Gegacjac FMR, Brgy. Gegacjac, Passi City, Iloilo",20000000,2025,"Concreting of FMR at Brgy. Dalicanan, Sitio Mabang Sapa, Passi City, Iloilo",15000000,0.568,3,5000000,HB 10858 Vol I-B p. 708,GAA-2025 · Department of Agriculture (DA) · Office of the Secretary,,,,not stated,not stated,,False
fmr,2027,HB10858-FMR-0708-007,"Concreting of Brgy. Olango - Brgy. Pudpud FMR, Brgy. Olango and Brgy. Pudpud,",30750000,2025,"Concreting of Brgy. Caluangan FMR (Phase I), Brgy. Caluangan, Magallanes, Cavite",15000000,0.361,1,15750000,HB 10858 Vol I-B p. 708,GAA-2025 · Department of Agriculture (DA) · Office of the Secretary,,,,not stated,one side stated,Prior Phase 1 only,False
fmr,2027,HB10858-FMR-0708-007,"Concreting of Brgy. Olango - Brgy. Pudpud FMR, Brgy. Olango and Brgy. Pudpud,",30750000,2025,"Concreting of Brgy. Caluangan FMR (Phase II), Brgy. Caluangan, Magallanes, Cavite",10000000,0.361,2,20750000,HB 10858 Vol I-B p. 708,GAA-2025 · Department of Agriculture (DA) · Office of the Secretary,,,,not stated,one side stated,Prior Phase 2 only,False
fmr,2027,HB10858-FMR-0708-007,"Concreting of Brgy. Olango - Brgy. Pudpud FMR, Brgy. Olango and Brgy. Pudpud,",30750000,2025,"Concreting of FMR at Brgy. Turu, Magalang, Pampanga",35000000,0.351,3,-4250000,HB 10858 Vol I-B p. 708,GAA-2025 · Department of Agriculture (DA) · Office of the Secretary,,,,not stated,not stated,,False
fmr,2027,HB10858-FMR-0708-008,"Construction of Sitio Ocad, Brgy. Salngan FMR, Brgy. Salngan, Passi City, Iloilo",20000000,2025,"Concreting of FMR at Brgy. Tagubong, Sitio Agbatuan, Passi City, Iloilo",10000000,0.602,1,10000000,HB 10858 Vol I-B p. 708,GAA-2025 · Department of Agriculture (DA) · Office of the Secretary,,,,not stated,not stated,,False
fmr,2027,HB10858-FMR-0708-008,"Construction of Sitio Ocad, Brgy. Salngan FMR, Brgy. Salngan, Passi City, Iloilo",20000000,2025,"Concreting of FMR at Brgy. Dalicanan, Sitio Mabang Sapa, Passi City, Iloilo",15000000,0.598,2,5000000,HB 10858 Vol I-B p. 708,GAA-2025 · Department of Agriculture (DA) · Office of the Secretary,,,,not stated,not stated,,False
fmr,2027,HB10858-FMR-0708-008,"Construction of Sitio Ocad, Brgy. Salngan FMR, Brgy. Salngan, Passi City, Iloilo",20000000,2025,"Concreting of Sitio Mainit, Brgy. San Jose FMR Phase 3, Brgy. San Jose, Antipolo City, Rizal",20000000,0.588,3,0,HB 10858 Vol I-B p. 708,GAA-2025 · Department of Agriculture (DA) · Office of the Secretary,,,,not stated,one side stated,Prior Phase 3 only,False
fmr,2027,HB10858-FMR-0708-009,"Construction of Brgy. Talongonan FMR, Passi City, Iloilo",20000000,2025,"Concreting of FMR at Brgy. Tagubong, Sitio Agbariri, Passi City, Iloilo",10000000,0.675,1,10000000,HB 10858 Vol I-B p. 708,GAA-2025 · Department of Agriculture (DA) · Office of the Secretary,,,,not stated,not stated,,False
fmr,2027,HB10858-FMR-0708-009,"Construction of Brgy. Talongonan FMR, Passi City, Iloilo",20000000,2025,"Concreting of FMR at Brgy. Tagubong, Sitio Agbatuan, Passi City, Iloilo",10000000,0.675,2,10000000,HB 10858 Vol I-B p. 708,GAA-2025 · Department of Agriculture (DA) · Office of the Secretary,,,,not stated,not stated,,False
fmr,2027,HB10858-FMR-0708-009,"Construction of Brgy. Talongonan FMR, Passi City, Iloilo",20000000,2025,"Concreting of FMR at Brgy. Dalicanan, Sitio Mabang Sapa, Passi City, Iloilo",15000000,0.617,3,5000000,HB 10858 Vol I-B p. 708,GAA-2025 · Department of Agriculture (DA) · Office of the Secretary,,,,not stated,not stated,,False
fmr,2027,HB10858-FMR-0708-010,"Concreting of Brgy. Pañatan - Brgy. Dacdacanan FMR, Brgy. Pañatan and Brgy. Dacdacanan, San Joaquin, Iloilo",16500000,2025,"Concreting of Brgy. Annanuman - Brgy. Dalena FMR Phase III, Brgy. Annanuman, San Pablo, Isabela",10000000,0.537,1,6500000,HB 10858 Vol I-B p. 708,GAA-2025 · Department of Agriculture (DA) · Office of the Secretary,,,,not stated,one side stated,Prior Phase 3 only,False
fmr,2027,HB10858-FMR-0708-010,"Concreting of Brgy. Pañatan - Brgy. Dacdacanan FMR, Brgy. Pañatan and Brgy. Dacdacanan, San Joaquin, Iloilo",16500000,2025,"Concreting of Brgy. Kinagdan FMR (Phase II), Brgy. Kinagdan, Igbaras, Iloilo",15000000,0.479,2,1500000,HB 10858 Vol I-B p. 708,GAA-2025 · Department of Agriculture (DA) · Office of the Secretary,,,,not stated,one side stated,Prior Phase 2 only,False
fmr,2027,HB10858-FMR-0708-010,"Concreting of Brgy. Pañatan - Brgy. Dacdacanan FMR, Brgy. Pañatan and Brgy. Dacdacanan, San Joaquin, Iloilo",16500000,2025,"Concreting of Brgy. Telapatio FMR (Phase I), Brgy. Telapatio, San Ildefonso, Bulacan",15000000,0.381,3,1500000,HB 10858 Vol I-B p. 708,GAA-2025 · Department of Agriculture (DA) · Office of the Secretary,,,,not stated,one side stated,Prior Phase 1 only,False
fmr,2027,HB10858-FMR-0708-011,"Construction of Brgy. Dawog FMR, Brgy. Dawog, Miagao, Iloilo",60000000,2025,"Concreting of Brgy. Kinagdan FMR (Phase II), Brgy. Kinagdan, Igbaras, Iloilo",15000000,0.585,1,45000000,HB 10858 Vol I-B p. 708,GAA-2025 · Department of Agriculture (DA) · Office of the Secretary,,,,not stated,one side stated,Prior Phase 2 only,False
fmr,2027,HB10858-FMR-0708-011,"Construction of Brgy. Dawog FMR, Brgy. Dawog, Miagao, Iloilo",60000000,2025,"Concreting of FMR at Brgy. Tagubong, Sitio Agbariri, Passi City, Iloilo",10000000,0.514,2,50000000,HB 10858 Vol I-B p. 708,GAA-2025 · Department of Agriculture (DA) · Office of the Secretary,,,,not stated,not stated,,False
fmr,2027,HB10858-FMR-0708-011,"Construction of Brgy. Dawog FMR, Brgy. Dawog, Miagao, Iloilo",60000000,2025,"Concreting of FMR at Brgy. Tagubong, Sitio Agbatuan, Passi City, Iloilo",10000000,0.514,3,50000000,HB 10858 Vol I-B p. 708,GAA-2025 · Department of Agriculture (DA) · Office of the Secretary,,,,not stated,not stated,,False
fmr,2027,HB10858-FMR-0708-012,"Concreting of Sitio Caragmayan - Sitio Baje, Brgy. Buga FMR, Brgy. Buga, Igbaras, Iloilo",24000000,2025,"Concreting of Brgy. Kinagdan FMR (Phase II), Brgy. Kinagdan, Igbaras, Iloilo",15000000,0.587,1,9000000,HB 10858 Vol I-B p. 708,GAA-2025 · Department of Agriculture (DA) · Office of the Secretary,,,,not stated,one side stated,Prior Phase 2 only,False
fmr,2027,HB10858-FMR-0708-012,"Concreting of Sitio Caragmayan - Sitio Baje, Brgy. Buga FMR, Brgy. Buga, Igbaras, Iloilo",24000000,2025,"Concreting of Sitio Hulo, Brgy. Biga FMR (Phase II), Brgy. Biga, Lobo, Batangas",24000000,0.511,2,0,HB 10858 Vol I-B p. 708,GAA-2025 · Department of Agriculture (DA) · Office of the Secretary,,,,not stated,one side stated,Prior Phase 2 only,False
fmr,2027,HB10858-FMR-0708-012,"Concreting of Sitio Caragmayan - Sitio Baje, Brgy. Buga FMR, Brgy. Buga, Igbaras, Iloilo",24000000,2025,"Concreting of Sitio San Ysiro, Brgy. San Jose FMR Phase 6, Brgy. San Jose, Antipolo City Rizal",15000000,0.496,3,9000000,HB 10858 Vol I-B p. 708,GAA-2025 · Department of Agriculture (DA) · Office of the Secretary,,,,not stated,one side stated,Prior Phase 6 only,False
fmr,2027,HB10858-FMR-0708-013,"Concreting of Brgy. Camia FMR, Brgy. Camia, San Joaquin, Iloilo",15000000,2025,"Concreting of Brgy. Kinagdan FMR (Phase II), Brgy. Kinagdan, Igbaras, Iloilo",15000000,0.543,1,0,HB 10858 Vol I-B p. 708,GAA-2025 · Department of Agriculture (DA) · Office of the Secretary,,,,not stated,one side stated,Prior Phase 2 only,False
fmr,2027,HB10858-FMR-0708-013,"Concreting of Brgy. Camia FMR, Brgy. Camia, San Joaquin, Iloilo",15000000,2025,"Concreting of Brgy. Annanuman - Brgy. Dalena FMR Phase III, Brgy. Annanuman, San Pablo, Isabela",10000000,0.488,2,5000000,HB 10858 Vol I-B p. 708,GAA-2025 · Department of Agriculture (DA) · Office of the Secretary,,,,not stated,one side stated,Prior Phase 3 only,False
fmr,2027,HB10858-FMR-0708-013,"Concreting of Brgy. Camia FMR, Brgy. Camia, San Joaquin, Iloilo",15000000,2025,"Concreting of FMR at Brgy. Cambio, San Miguel, Bulacan",20000000,0.476,3,-5000000,HB 10858 Vol I-B p. 708,GAA-2025 · Department of Agriculture (DA) · Office of the Secretary,,,,not stated,not stated,,False
fmr,2027,HB10858-FMR-0708-014,"Concreting of Sitio Pasong, Brgy. Jovellar - Sitio Capayan, Brgy. Calampitao FMR, Brgy. Jovellar and Brgy. Calampitao, Igbaras, Iloilo",25500000,2025,"Concreting of Brgy. Kinagdan FMR (Phase II), Brgy. Kinagdan, Igbaras, Iloilo",15000000,0.446,1,10500000,HB 10858 Vol I-B p. 708,GAA-2025 · Department of Agriculture (DA) · Office of the Secretary,,,,not stated,one side stated,Prior Phase 2 only,False
fmr,2027,HB10858-FMR-0708-014,"Concreting of Sitio Pasong, Brgy. Jovellar - Sitio Capayan, Brgy. Calampitao FMR, Brgy. Jovellar and Brgy. Calampitao, Igbaras, Iloilo",25500000,2025,"Concreting of FMR at Brgy. Tagubong, Sitio Agbatuan, Passi City, Iloilo",10000000,0.415,2,15500000,HB 10858 Vol I-B p. 708,GAA-2025 · Department of Agriculture (DA) · Office of the Secretary,,,,not stated,not stated,,False
fmr,2027,HB10858-FMR-0708-014,"Concreting of Sitio Pasong, Brgy. Jovellar - Sitio Capayan, Brgy. Calampitao FMR, Brgy. Jovellar and Brgy. Calampitao, Igbaras, Iloilo",25500000,2025,"Concreting of FMR at Brgy. Tagubong, Sitio Agbariri, Passi City, Iloilo",10000000,0.4,3,15500000,HB 10858 Vol I-B p. 708,GAA-2025 · Department of Agriculture (DA) · Office of the Secretary,,,,not stated,not stated,,False
fmr,2027,HB10858-FMR-0708-015,"Concreting of Sitio Bayuco, Brgy. Taytay - Sitio Langhad, Brgy. Alameda FMR, Brgy. Taytay and Brgy. Alameda, Igbaras, Iloilo",15000000,2025,"Concreting of Brgy. Kinagdan FMR (Phase II), Brgy. Kinagdan, Igbaras, Iloilo",15000000,0.486,1,0,HB 10858 Vol I-B p. 708,GAA-2025 · Department of Agriculture (DA) · Office of the Secretary,,,,not stated,one side stated,Prior Phase 2 only,False
fmr,2027,HB10858-FMR-0708-015,"Concreting of Sitio Bayuco, Brgy. Taytay - Sitio Langhad, Brgy. Alameda FMR, Brgy. Taytay and Brgy. Alameda, Igbaras, Iloilo",15000000,2025,"Concreting of Sitio Bayawas, Brgy. Salvacion FMR Phase Il, Brgy. Salvacion, Magallanes, Sorsogon",25000000,0.459,2,-10000000,HB 10858 Vol I-B p. 708,GAA-2025 · Department of Agriculture (DA) · Office of the Secretary,,,,not stated,not stated,,False
fmr,2027,HB10858-FMR-0708-015,"Concreting of Sitio Bayuco, Brgy. Taytay - Sitio Langhad, Brgy. Alameda FMR, Brgy. Taytay and Brgy. Alameda, Igbaras, Iloilo",15000000,2025,"Concreting of Sitio Bayawas Brgy. Salvacion FMR Phase III, Brgy. Salvacion, Magallanes, Sorsogon",15000000,0.455,3,0,HB 10858 Vol I-B p. 708,GAA-2025 · Department of Agriculture (DA) · Office of the Secretary,,,,not stated,one side stated,Prior Phase 3 only,False
fmr,2027,HB10858-FMR-0708-016,"Concreting of Sitio Carina, Brgy. Sta.Monica FMR, Brgy. Sta. Monica, Oton, Iloilo",30000000,2025,"Upgrading/Rehabilitation of FMR at Brgy. Sta. Monica, Hagonoy, Bulacan",15000000,0.511,1,15000000,HB 10858 Vol I-B p. 708,GAA-2025 · Department of Agriculture (DA) · Office of the Secretary,,,,not stated,not stated,,False
fmr,2027,HB10858-FMR-0708-016,"Concreting of Sitio Carina, Brgy. Sta.Monica FMR, Brgy. Sta. Monica, Oton, Iloilo",30000000,2025,"Concreting of Sitio Bayawas Brgy. Salvacion FMR Phase III, Brgy. Salvacion, Magallanes, Sorsogon",15000000,0.505,2,15000000,HB 10858 Vol I-B p. 708,GAA-2025 · Department of Agriculture (DA) · Office of the Secretary,,,,not stated,one side stated,Prior Phase 3 only,False
fmr,2027,HB10858-FMR-0708-016,"Concreting of Sitio Carina, Brgy. Sta.Monica FMR, Brgy. Sta. Monica, Oton, Iloilo",30000000,2025,"Concreting of Sitio Bayawas, Brgy. Salvacion FMR Phase Il, Brgy. Salvacion, Magallanes, Sorsogon",25000000,0.491,3,5000000,HB 10858 Vol I-B p. 708,GAA-2025 · Department of Agriculture (DA) · Office of the Secretary,,,,not stated,not stated,,False
fmr,2027,HB10858-FMR-0708-017,"Concreting of Sitio Curipao - Sitio Napuong, Brgy. Constancia FMR, Brgy. Constancia,",30000000,2025,"Concreting of Sitio Hulo, Brgy. Biga FMR (Phase II), Brgy. Biga, Lobo, Batangas",24000000,0.484,1,6000000,HB 10858 Vol I-B p. 708,GAA-2025 · Department of Agriculture (DA) · Office of the Secretary,,,,not stated,one side stated,Prior Phase 2 only,False
fmr,2027,HB10858-FMR-0708-017,"Concreting of Sitio Curipao - Sitio Napuong, Brgy. Constancia FMR, Brgy. Constancia,",30000000,2025,"Concreting of Sitio Gumihan, Brgy. Maytoong FMR Phase II, Brgy. Maytoong, Paete, Laguna",5550000,0.475,2,24450000,HB 10858 Vol I-B p. 708,GAA-2025 · Department of Agriculture (DA) · Office of the Secretary,,,,not stated,one side stated,Prior Phase 2 only,False
fmr,2027,HB10858-FMR-0708-017,"Concreting of Sitio Curipao - Sitio Napuong, Brgy. Constancia FMR, Brgy. Constancia,",30000000,2025,"Concreting of FMR at Brgy. San Isidro to Sitio Banawag, Sta. Fe, Leyte",15000000,0.474,3,15000000,HB 10858 Vol I-B p. 708,GAA-2025 · Department of Agriculture (DA) · Office of the Secretary,,,,not stated,not stated,,False
fmr,2027,HB10858-FMR-0708-018,"Concreting of Canabuan - Brgy. Barusong FMR, Brgy. Canabuan and Brgy. Barosong, Tigbauan, Iloilo",16500000,2025,"Concreting of Brgy. Kinagdan FMR (Phase II), Brgy. Kinagdan, Igbaras, Iloilo",15000000,0.527,1,1500000,HB 10858 Vol I-B p. 708,GAA-2025 · Department of Agriculture (DA) · Office of the Secretary,,,,not stated,one side stated,Prior Phase 2 only,False
fmr,2027,HB10858-FMR-0708-018,"Concreting of Canabuan - Brgy. Barusong FMR, Brgy. Canabuan and Brgy. Barosong, Tigbauan, Iloilo",16500000,2025,"Concreting of FMR at Brgy. Tagubong, Sitio Agbariri, Passi City, Iloilo",10000000,0.42,2,6500000,HB 10858 Vol I-B p. 708,GAA-2025 · Department of Agriculture (DA) · Office of the Secretary,,,,not stated,not stated,,False
fmr,2027,HB10858-FMR-0708-018,"Concreting of Canabuan - Brgy. Barusong FMR, Brgy. Canabuan and Brgy. Barosong, Tigbauan, Iloilo",16500000,2025,"Concreting of FMR at Brgy. Tagubong PRDP Road Section to Sitio Pangimnan going to chapel, Passi City, Iloilo",10000000,0.406,3,6500000,HB 10858 Vol I-B p. 708,GAA-2025 · Department of Agriculture (DA) · Office of the Secretary,,,,not stated,not stated,,False
fmr,2027,HB10858-FMR-0708-019,"Concreting of Brgy. Pajo - Brgy. Igang FMR, Pototan, Iloilo",35000000,2025,"Concreting of Brgy. Kinagdan FMR (Phase II), Brgy. Kinagdan, Igbaras, Iloilo",15000000,0.554,1,20000000,HB 10858 Vol I-B p. 708,GAA-2025 · Department of Agriculture (DA) · Office of the Secretary,,,,not stated,one side stated,Prior Phase 2 only,False
fmr,2027,HB10858-FMR-0708-019,"Concreting of Brgy. Pajo - Brgy. Igang FMR, Pototan, Iloilo",35000000,2025,"Concreting of FMR at Brgy. Dalicanan, Sitio Mabang Sapa, Passi City, Iloilo",15000000,0.436,2,20000000,HB 10858 Vol I-B p. 708,GAA-2025 · Department of Agriculture (DA) · Office of the Secretary,,,,not stated,not stated,,False
fmr,2027,HB10858-FMR-0708-019,"Concreting of Brgy. Pajo - Brgy. Igang FMR, Pototan, Iloilo",35000000,2025,"Concreting of FMR at Brgy. Malapula to Bita-ogan, Sitio Libtog, Passi City, Iloilo",40000000,0.4,3,-5000000,HB 10858 Vol I-B p. 708,GAA-2025 · Department of Agriculture (DA) · Office of the Secretary,,,,not stated,not stated,,False
fmr,2027,HB10858-FMR-0708-020,"Concreting of Brgy. Alupidian - Brgy. Jamog FMR, Brgy. Alupidian and Brgy. Jamog, Tigbauan, Iloilo",18000000,2025,"Concreting of Brgy. Kinagdan FMR (Phase II), Brgy. Kinagdan, Igbaras, Iloilo",15000000,0.598,1,3000000,HB 10858 Vol I-B p. 708,GAA-2025 · Department of Agriculture (DA) · Office of the Secretary,,,,not stated,one side stated,Prior Phase 2 only,False
fmr,2027,HB10858-FMR-0708-020,"Concreting of Brgy. Alupidian - Brgy. Jamog FMR, Brgy. Alupidian and Brgy. Jamog, Tigbauan, Iloilo",18000000,2025,"Concreting of FMR at Brgy. Tagubong, Sitio Agbariri, Passi City, Iloilo",10000000,0.458,2,8000000,HB 10858 Vol I-B p. 708,GAA-2025 · Department of Agriculture (DA) · Office of the Secretary,,,,not stated,not stated,,False
fmr,2027,HB10858-FMR-0708-020,"Concreting of Brgy. Alupidian - Brgy. Jamog FMR, Brgy. Alupidian and Brgy. Jamog, Tigbauan, Iloilo",18000000,2025,"Concreting of FMR at Brgy. Tagubong, Sitio Agbatuan, Passi City, Iloilo",10000000,0.438,3,8000000,HB 10858 Vol I-B p. 708,GAA-2025 · Department of Agriculture (DA) · Office of the Secretary,,,,not stated,not stated,,False
fmr,2027,HB10858-FMR-0708-021,"Concreting of Brgy. New Guia FMR, Brgy. New Guia, Maayon, Capiz",15000000,2025,"Concreting of Brgy. Guiddam FMR (Phase II), Brgy. Guiddam, Abulug, Cagayan",10000000,0.529,1,5000000,HB 10858 Vol I-B p. 708,GAA-2025 · Department of Agriculture (DA) · Office of the Secretary,,,,not stated,one side stated,Prior Phase 2 only,False
fmr,2027,HB10858-FMR-0708-021,"Concreting of Brgy. New Guia FMR, Brgy. New Guia, Maayon, Capiz",15000000,2025,"Concreting of FMR at Sitio Villarin-Sitio Ilawod, Brgy. Cabungahan, Maayon, Capiz",20000000,0.494,2,-5000000,HB 10858 Vol I-B p. 708,GAA-2025 · Department of Agriculture (DA) · Office of the Secretary,,,,not stated,not stated,,False
fmr,2027,HB10858-FMR-0708-021,"Concreting of Brgy. New Guia FMR, Brgy. New Guia, Maayon, Capiz",15000000,2025,"Concreting of Brgy. Magangit FMR (Phase II), Brgy. Magangit, New Bataan, Davao de Oro",15000000,0.456,3,0,HB 10858 Vol I-B p. 708,GAA-2025 · Department of Agriculture (DA) · Office of the Secretary,,,,not stated,one side stated,Prior Phase 2 only,False
fmr,2027,HB10858-FMR-0708-022,"Concreting of Brgy. San Fernando - Brgy. Buenavista Norte FMR, Brgy. San Fernando",40000000,2025,"Concreting of Brgy. San Vicente to Top Bridge FMR (Phase I), Brgy. San Vicente, Jabonga, Agusan Del Norte",45000000,0.464,1,-5000000,HB 10858 Vol I-B p. 708,GAA-2025 · Department of Agriculture (DA) · Office of the Secretary,,,,not stated,one side stated,Prior Phase 1 only,False
fmr,2027,HB10858-FMR-0708-022,"Concreting of Brgy. San Fernando - Brgy. Buenavista Norte FMR, Brgy. San Fernando",40000000,2025,"Concreting of FMR at Mantaha Road, Brgy. Buenavista, Zamboanga City",15000000,0.458,2,25000000,HB 10858 Vol I-B p. 708,GAA-2025 · Department of Agriculture (DA) · Office of the Secretary,,,,not stated,not stated,,False
fmr,2027,HB10858-FMR-0708-022,"Concreting of Brgy. San Fernando - Brgy. Buenavista Norte FMR, Brgy. San Fernando",40000000,2025,"Concreting of Brgy. Bagong Barrio FMR Phase I, Brgy. Bagong Barrio, San Ildefonso, Bulacan",15000000,0.404,3,25000000,HB 10858 Vol I-B p. 708,GAA-2025 · Department of Agriculture (DA) · Office of the Secretary,,,,not stated,one side stated,Prior Phase 1 only,False
fmr,2027,HB10858-FMR-0708-023,"Concreting of Sitio Umarca, Brgy. Rizal FMR, Brgy. Rizal, Pontevedra, Capiz",20000000,2025,"Concreting of FMR at Sitio Mambala, Brgy. Licomo, Zamboanga City",15000000,0.476,1,5000000,HB 10858 Vol I-B p. 708,GAA-2025 · Department of Agriculture (DA) · Office of the Secretary,,,,not stated,not stated,,False
fmr,2027,HB10858-FMR-0708-023,"Concreting of Sitio Umarca, Brgy. Rizal FMR, Brgy. Rizal, Pontevedra, Capiz",20000000,2025,"Concreting of Sitio Gumihan, Brgy. Maytoong FMR Phase II, Brgy. Maytoong, Paete, Laguna",5550000,0.473,2,14450000,HB 10858 Vol I-B p. 708,GAA-2025 · Department of Agriculture (DA) · Office of the Secretary,,,,not stated,one side stated,Prior Phase 2 only,False
fmr,2027,HB10858-FMR-0708-023,"Concreting of Sitio Umarca, Brgy. Rizal FMR, Brgy. Rizal, Pontevedra, Capiz",20000000,2025,"Concreting of Sitio Malaya FMR at Brgy. Aningway Subic, Zambales",15000000,0.471,3,5000000,HB 10858 Vol I-B p. 708,GAA-2025 · Department of Agriculture (DA) · Office of the Secretary,,,,not stated,not stated,,False
fmr,2027,HB10858-FMR-0708-024,"Construction of Brgy. Pagdugue - Brgy. Cansilayan FMR, Dumangas, Iloilo",16500000,2025,"Concreting of Brgy. Kinagdan FMR (Phase II), Brgy. Kinagdan, Igbaras, Iloilo",15000000,0.613,1,1500000,HB 10858 Vol I-B p. 708,GAA-2025 · Department of Agriculture (DA) · Office of the Secretary,,,,not stated,one side stated,Prior Phase 2 only,False
fmr,2027,HB10858-FMR-0708-024,"Construction of Brgy. Pagdugue - Brgy. Cansilayan FMR, Dumangas, Iloilo",16500000,2025,"Concreting of FMR at Brgy. Paligui, Candaba, Pampanga",25000000,0.478,2,-8500000,HB 10858 Vol I-B p. 708,GAA-2025 · Department of Agriculture (DA) · Office of the Secretary,,,,not stated,not stated,,False
fmr,2027,HB10858-FMR-0708-024,"Construction of Brgy. Pagdugue - Brgy. Cansilayan FMR, Dumangas, Iloilo",16500000,2025,"Concreting of FMR at Brgy. Pasig, Candaba, Pampanga",25000000,0.462,3,-8500000,HB 10858 Vol I-B p. 708,GAA-2025 · Department of Agriculture (DA) · Office of the Secretary,,,,not stated,not stated,,False
fmr,2027,HB10858-FMR-0708-025,"Concreting of Brgy. Ilog-Ilog - Brgy. Narorogan FMR, Brgy. Ilog-Ilog and Brgy. Narrorogan, Miagao, Iloilo",27500000,2025,"Concreting of Brgy. Kinagdan FMR (Phase II), Brgy. Kinagdan, Igbaras, Iloilo",15000000,0.596,1,12500000,HB 10858 Vol I-B p. 708,GAA-2025 · Department of Agriculture (DA) · Office of the Secretary,,,,not stated,one side stated,Prior Phase 2 only,False
fmr,2027,HB10858-FMR-0708-025,"Concreting of Brgy. Ilog-Ilog - Brgy. Narorogan FMR, Brgy. Ilog-Ilog and Brgy. Narrorogan, Miagao, Iloilo",27500000,2025,"Concreting of FMR at Brgy. Tagubong, Sitio Agbariri, Passi City, Iloilo",10000000,0.447,2,17500000,HB 10858 Vol I-B p. 708,GAA-2025 · Department of Agriculture (DA) · Office of the Secretary,,,,not stated,not stated,,False
fmr,2027,HB10858-FMR-0708-025,"Concreting of Brgy. Ilog-Ilog - Brgy. Narorogan FMR, Brgy. Ilog-Ilog and Brgy. Narrorogan, Miagao, Iloilo",27500000,2025,"Concreting of FMR at Brgy. Tagubong, Sitio Agbatuan, Passi City, Iloilo",10000000,0.427,3,17500000,HB 10858 Vol I-B p. 708,GAA-2025 · Department of Agriculture (DA) · Office of the Secretary,,,,not stated,not stated,,False
fmr,2027,HB10858-FMR-0708-026,"Construction of Brgy. Talusan FMR, Brgy. Talusan, Dumangas, Iloilo",3500000,2025,"Concreting of Brgy. Kinagdan FMR (Phase II), Brgy. Kinagdan, Igbaras, Iloilo",15000000,0.62,1,-11500000,HB 10858 Vol I-B p. 708,GAA-2025 · Department of Agriculture (DA) · Office of the Secretary,,,,not stated,one side stated,Prior Phase 2 only,False
fmr,2027,HB10858-FMR-0708-026,"Construction of Brgy. Talusan FMR, Brgy. Talusan, Dumangas, Iloilo",3500000,2025,"Concreting of FMR at Brgy. Dalicanan, Sitio Mabang Sapa, Passi City, Iloilo",15000000,0.524,2,-11500000,HB 10858 Vol I-B p. 708,GAA-2025 · Department of Agriculture (DA) · Office of the Secretary,,,,not stated,not stated,,False
fmr,2027,HB10858-FMR-0708-026,"Construction of Brgy. Talusan FMR, Brgy. Talusan, Dumangas, Iloilo",3500000,2025,"Concreting of FMR at Brgy. Talang, Candaba, Pampanga",20000000,0.516,3,-16500000,HB 10858 Vol I-B p. 708,GAA-2025 · Department of Agriculture (DA) · Office of the Secretary,,,,not stated,not stated,,False
fmr,2027,HB10858-FMR-0708-027,"Concreting of Brgy. Kirayan Tacas - Brgy. Pungtod Naulid FMR, Brgy. Kirayan Tacas and Brgy. Pungtod, Naulid, Miagao, Iloilo",52000000,2025,"Concreting of Brgy. Kinagdan FMR (Phase II), Brgy. Kinagdan, Igbaras, Iloilo",15000000,0.468,1,37000000,HB 10858 Vol I-B p. 708,GAA-2025 · Department of Agriculture (DA) · Office of the Secretary,,,,not stated,one side stated,Prior Phase 2 only,False
fmr,2027,HB10858-FMR-0708-027,"Concreting of Brgy. Kirayan Tacas - Brgy. Pungtod Naulid FMR, Brgy. Kirayan Tacas and Brgy. Pungtod, Naulid, Miagao, Iloilo",52000000,2025,"Concreting of FMR at Brgy. Dalicanan, Sitio Mabang Sapa, Passi City, Iloilo",15000000,0.355,2,37000000,HB 10858 Vol I-B p. 708,GAA-2025 · Department of Agriculture (DA) · Office of the Secretary,,,,not stated,not stated,,False
fmr,2027,HB10858-FMR-0708-027,"Concreting of Brgy. Kirayan Tacas - Brgy. Pungtod Naulid FMR, Brgy. Kirayan Tacas and Brgy. Pungtod, Naulid, Miagao, Iloilo",52000000,2025,"Concreting of FMR at Brgy. Tagubong, Sitio Agbatuan, Passi City, Iloilo",10000000,0.333,3,42000000,HB 10858 Vol I-B p. 708,GAA-2025 · Department of Agriculture (DA) · Office of the Secretary,,,,not stated,not stated,,False
fmr,2027,HB10858-FMR-0708-028,"Concreting of Brgy. Isauan - Brgy. Ingay FMR, Brgy. Isauan and Brgy. Ingay, Tubungan, Iloilo",24000000,2025,"Concreting of Brgy. Kinagdan FMR (Phase II), Brgy. Kinagdan, Igbaras, Iloilo",15000000,0.617,1,9000000,HB 10858 Vol I-B p. 708,GAA-2025 · Department of Agriculture (DA) · Office of the Secretary,,,,not stated,one side stated,Prior Phase 2 only,False
fmr,2027,HB10858-FMR-0708-028,"Concreting of Brgy. Isauan - Brgy. Ingay FMR, Brgy. Isauan and Brgy. Ingay, Tubungan, Iloilo",24000000,2025,"Concreting of FMR at Brgy. Dalicanan, Sitio Mabang Sapa, Passi City, Iloilo",15000000,0.447,2,9000000,HB 10858 Vol I-B p. 708,GAA-2025 · Department of Agriculture (DA) · Office of the Secretary,,,,not stated,not stated,,False
fmr,2027,HB10858-FMR-0708-028,"Concreting of Brgy. Isauan - Brgy. Ingay FMR, Brgy. Isauan and Brgy. Ingay, Tubungan, Iloilo",24000000,2025,"Concreting of FMR at Brgy. Mangayao, Bayambang, Pangasinan",10000000,0.41,3,14000000,HB 10858 Vol I-B p. 708,GAA-2025 · Department of Agriculture (DA) · Office of the Secretary,,,,not stated,not stated,,False
fmr,2027,HB10858-FMR-0708-029,"Construction of Brgy. Granada FMR, Brgy. Granada, Bacolod City, Negros Occidental",30000000,2025,"Concreting of Brgy. Granada FMR Phase II, Brgy. Granada, Bacolod City, Negros Occidental",15000000,1.0,1,15000000,HB 10858 Vol I-B p. 708,GAA-2025 · Department of Agriculture (DA) · Office of the Secretary,,,,not stated,one side stated,Prior Phase 2 only,False
fmr,2027,HB10858-FMR-0708-029,"Construction of Brgy. Granada FMR, Brgy. Granada, Bacolod City, Negros Occidental",30000000,2025,"Concreting of Brgy. Alangilan FMR Phase II, Brgy. Alangilan, Bacolod City, Negros Occidental",15000000,0.808,2,15000000,HB 10858 Vol I-B p. 708,GAA-2025 · Department of Agriculture (DA) · Office of the Secretary,,,,not stated,one side stated,Prior Phase 2 only,False
fmr,2027,HB10858-FMR-0708-029,"Construction of Brgy. Granada FMR, Brgy. Granada, Bacolod City, Negros Occidental",30000000,2025,"Concreting of Brgy. Granada FMR Phase I, Brgy. Granada, Bacolod City",15000000,0.78,3,15000000,HB 10858 Vol I-B p. 708,GAA-2025 · Department of Agriculture (DA) · Office of the Secretary,,,,not stated,one side stated,Prior Phase 1 only,False
fmr,2027,HB10858-FMR-0708-030,"Concreting of Sitio Abang, Brgy. Buga FMR, Brgy. Buga, Igbaras, Iloilo",15000000,2025,"Concreting of Brgy. Kinagdan FMR (Phase II), Brgy. Kinagdan, Igbaras, Iloilo",15000000,0.684,1,0,HB 10858 Vol I-B p. 708,GAA-2025 · Department of Agriculture (DA) · Office of the Secretary,,,,not stated,one side stated,Prior Phase 2 only,False
fmr,2027,HB10858-FMR-0708-030,"Concreting of Sitio Abang, Brgy. Buga FMR, Brgy. Buga, Igbaras, Iloilo",15000000,2025,"Concreting of Sitio Hulo, Brgy. Biga FMR (Phase II), Brgy. Biga, Lobo, Batangas",24000000,0.59,2,-9000000,HB 10858 Vol I-B p. 708,GAA-2025 · Department of Agriculture (DA) · Office of the Secretary,,,,not stated,one side stated,Prior Phase 2 only,False
fmr,2027,HB10858-FMR-0708-030,"Concreting of Sitio Abang, Brgy. Buga FMR, Brgy. Buga, Igbaras, Iloilo",15000000,2025,"Concreting of FMR at Brgy. Dalicanan, Sitio Mabang Sapa, Passi City, Iloilo",15000000,0.517,3,0,HB 10858 Vol I-B p. 708,GAA-2025 · Department of Agriculture (DA) · Office of the Secretary,,,,not stated,not stated,,False
fmr,2027,HB10858-FMR-0708-031,"Construction of Brgy. Bug-ang FMR, Brgy. Bug-ang, Toboso, Negros Occidental",15000000,2025,"Concreting of Brgy. Granada FMR Phase II, Brgy. Granada, Bacolod City, Negros Occidental",15000000,0.66,1,0,HB 10858 Vol I-B p. 708,GAA-2025 · Department of Agriculture (DA) · Office of the Secretary,,,,not stated,one side stated,Prior Phase 2 only,False
fmr,2027,HB10858-FMR-0708-031,"Construction of Brgy. Bug-ang FMR, Brgy. Bug-ang, Toboso, Negros Occidental",15000000,2025,"Concreting of Brgy. Puey FMR (Phase II), Brgy. Puey, Sagay City, Negros Occidental",15000000,0.651,2,0,HB 10858 Vol I-B p. 708,GAA-2025 · Department of Agriculture (DA) · Office of the Secretary,,,,not stated,one side stated,Prior Phase 2 only,False
fmr,2027,HB10858-FMR-0708-031,"Construction of Brgy. Bug-ang FMR, Brgy. Bug-ang, Toboso, Negros Occidental",15000000,2025,"Concreting of Brgy. Alangilan FMR Phase II, Brgy. Alangilan, Bacolod City, Negros Occidental",15000000,0.633,3,0,HB 10858 Vol I-B p. 708,GAA-2025 · Department of Agriculture (DA) · Office of the Secretary,,,,not stated,one side stated,Prior Phase 2 only,False
fmr,2027,HB10858-FMR-0710-001,"Construction of Brgy. Codcod FMR, Brgy. Codcod, San Carlos City, Negros Occidental",15000000,2025,"Concreting of Brgy. Puey FMR (Phase II), Brgy. Puey, Sagay City, Negros Occidental",15000000,0.688,1,0,HB 10858 Vol I-B p. 710,GAA-2025 · Department of Agriculture (DA) · Office of the Secretary,,,,not stated,one side stated,Prior Phase 2 only,False
fmr,2027,HB10858-FMR-0710-001,"Construction of Brgy. Codcod FMR, Brgy. Codcod, San Carlos City, Negros Occidental",15000000,2025,"Concreting of Brgy. Granada FMR Phase II, Brgy. Granada, Bacolod City, Negros Occidental",15000000,0.653,2,0,HB 10858 Vol I-B p. 710,GAA-2025 · Department of Agriculture (DA) · Office of the Secretary,,,,not stated,one side stated,Prior Phase 2 only,False
fmr,2027,HB10858-FMR-0710-001,"Construction of Brgy. Codcod FMR, Brgy. Codcod, San Carlos City, Negros Occidental",15000000,2025,"Concreting of Brgy. Alangilan FMR Phase II, Brgy. Alangilan, Bacolod City, Negros Occidental",15000000,0.648,3,0,HB 10858 Vol I-B p. 710,GAA-2025 · Department of Agriculture (DA) · Office of the Secretary,,,,not stated,one side stated,Prior Phase 2 only,False
fmr,2027,HB10858-FMR-0710-002,"Construction of Sitio Maray-as, Brgy. Bonawon FMR, Brgy. Bonawon, Siaton, Negros Oriental",15000000,2025,"Concreting of Brgy. Liptong FMR (Phase II), Brgy. Liptong, Bacong, Negros Oriental",15000000,0.586,1,0,HB 10858 Vol I-B p. 710,GAA-2025 · Department of Agriculture (DA) · Office of the Secretary,,,,not stated,one side stated,Prior Phase 2 only,False
fmr,2027,HB10858-FMR-0710-002,"Construction of Sitio Maray-as, Brgy. Bonawon FMR, Brgy. Bonawon, Siaton, Negros Oriental",15000000,2025,"Concreting of Sitio Malaya FMR at Brgy. Aningway Subic, Zambales",15000000,0.495,2,0,HB 10858 Vol I-B p. 710,GAA-2025 · Department of Agriculture (DA) · Office of the Secretary,,,,not stated,not stated,,False
fmr,2027,HB10858-FMR-0710-002,"Construction of Sitio Maray-as, Brgy. Bonawon FMR, Brgy. Bonawon, Siaton, Negros Oriental",15000000,2025,"Concreting of Sitio Hulo, Brgy. Biga FMR (Phase II), Brgy. Biga, Lobo, Batangas",24000000,0.484,3,-9000000,HB 10858 Vol I-B p. 710,GAA-2025 · Department of Agriculture (DA) · Office of the Secretary,,,,not stated,one side stated,Prior Phase 2 only,False
fmr,2027,HB10858-FMR-0710-003,"Construction of Brgy. Bato FMR, Brgy. Bato, Mabinay, Negros Oriental",15000000,2025,"Concreting of Brgy. Liptong FMR (Phase II), Brgy. Liptong, Bacong, Negros Oriental",15000000,0.684,1,0,HB 10858 Vol I-B p. 710,GAA-2025 · Department of Agriculture (DA) · Office of the Secretary,,,,not stated,one side stated,Prior Phase 2 only,False
fmr,2027,HB10858-FMR-0710-003,"Construction of Brgy. Bato FMR, Brgy. Bato, Mabinay, Negros Oriental",15000000,2025,"Concreting of Brgy. Tubaon FMR (Phase III), Brgy. Tubaon, Tarragona, Davao Oriental",15000000,0.633,2,0,HB 10858 Vol I-B p. 710,GAA-2025 · Department of Agriculture (DA) · Office of the Secretary,,,,not stated,one side stated,Prior Phase 3 only,False
fmr,2027,HB10858-FMR-0710-003,"Construction of Brgy. Bato FMR, Brgy. Bato, Mabinay, Negros Oriental",15000000,2025,"Concreting of Brgy. Bugo FMR (Phase II), Brgy. Bugo, Cagayan de Oro City, Misamis Oriental",15000000,0.621,3,0,HB 10858 Vol I-B p. 710,GAA-2025 · Department of Agriculture (DA) · Office of the Secretary,,,,not stated,one side stated,Prior Phase 2 only,False
fmr,2027,HB10858-FMR-0710-004,"Construction of Brgy. Caipilan FMR, Brgy. Caipilan, Siquijor, Siquijor",15000000,2025,"Concreting of Brgy. Caluangan FMR (Phase I), Brgy. Caluangan, Magallanes, Cavite",15000000,0.425,1,0,HB 10858 Vol I-B p. 710,GAA-2025 · Department of Agriculture (DA) · Office of the Secretary,,,,not stated,one side stated,Prior Phase 1 only,False
fmr,2027,HB10858-FMR-0710-004,"Construction of Brgy. Caipilan FMR, Brgy. Caipilan, Siquijor, Siquijor",15000000,2025,"Concreting of Brgy. Caluangan FMR (Phase II), Brgy. Caluangan, Magallanes, Cavite",10000000,0.425,2,5000000,HB 10858 Vol I-B p. 710,GAA-2025 · Department of Agriculture (DA) · Office of the Secretary,,,,not stated,one side stated,Prior Phase 2 only,False
fmr,2027,HB10858-FMR-0710-004,"Construction of Brgy. Caipilan FMR, Brgy. Caipilan, Siquijor, Siquijor",15000000,2025,"Concreting of Brgy. Mabaca FMR Phase II, Brgy. Mabaca, Balbalan, Kalinga",10000000,0.384,3,5000000,HB 10858 Vol I-B p. 710,GAA-2025 · Department of Agriculture (DA) · Office of the Secretary,,,,not stated,one side stated,Prior Phase 2 only,False
fmr,2027,HB10858-FMR-0710-005,"Construction of Brgy. Purisima FMR, Brgy. Purisima, Manapla, Negros Occidental",15000000,2025,"Concreting of Brgy. Puey FMR (Phase II), Brgy. Puey, Sagay City, Negros Occidental",15000000,0.629,1,0,HB 10858 Vol I-B p. 710,GAA-2025 · Department of Agriculture (DA) · Office of the Secretary,,,,not stated,one side stated,Prior Phase 2 only,False
fmr,2027,HB10858-FMR-0710-005,"Construction of Brgy. Purisima FMR, Brgy. Purisima, Manapla, Negros Occidental",15000000,2025,"Concreting of Brgy. Granada FMR Phase II, Brgy. Granada, Bacolod City, Negros Occidental",15000000,0.619,2,0,HB 10858 Vol I-B p. 710,GAA-2025 · Department of Agriculture (DA) · Office of the Secretary,,,,not stated,one side stated,Prior Phase 2 only,False
fmr,2027,HB10858-FMR-0710-005,"Construction of Brgy. Purisima FMR, Brgy. Purisima, Manapla, Negros Occidental",15000000,2025,"Concreting of Brgy. Alangilan FMR Phase II, Brgy. Alangilan, Bacolod City, Negros Occidental",15000000,0.594,3,0,HB 10858 Vol I-B p. 710,GAA-2025 · Department of Agriculture (DA) · Office of the Secretary,,,,not stated,one side stated,Prior Phase 2 only,False
fmr,2027,HB10858-FMR-0710-006,"Construction of Brgy. Logucan FMR, Brgy. Logucan, Maria, Siquijor",15000000,2025,"Concreting of Brgy. Calamagui North FMR Phase II, Brgy. Calamagui North, Santa Maria, Isabela",10000000,0.494,1,5000000,HB 10858 Vol I-B p. 710,GAA-2025 · Department of Agriculture (DA) · Office of the Secretary,,,,not stated,one side stated,Prior Phase 2 only,False
fmr,2027,HB10858-FMR-0710-006,"Construction of Brgy. Logucan FMR, Brgy. Logucan, Maria, Siquijor",15000000,2025,"Concreting of Brgy. Tanglad FMR (Phase II), Brgy. Tanglad, Sta. Maria, Davao Occidental",15000000,0.425,2,0,HB 10858 Vol I-B p. 710,GAA-2025 · Department of Agriculture (DA) · Office of the Secretary,,,,not stated,one side stated,Prior Phase 2 only,False
fmr,2027,HB10858-FMR-0710-006,"Construction of Brgy. Logucan FMR, Brgy. Logucan, Maria, Siquijor",15000000,2025,"Concreting of FMR at Brgy. Paligui, Candaba, Pampanga",25000000,0.419,3,-10000000,HB 10858 Vol I-B p. 710,GAA-2025 · Department of Agriculture (DA) · Office of the Secretary,,,,not stated,not stated,,False
fmr,2027,HB10858-FMR-0710-007,"Construction of Brgy. Sta. Rosa FMR, Brgy. Sta. Rosa, Murcia, Negros Occidental",15000000,2025,"Concreting of Brgy. Puey FMR (Phase II), Brgy. Puey, Sagay City, Negros Occidental",15000000,0.659,1,0,HB 10858 Vol I-B p. 710,GAA-2025 · Department of Agriculture (DA) · Office of the Secretary,,,,not stated,one side stated,Prior Phase 2 only,False
fmr,2027,HB10858-FMR-0710-007,"Construction of Brgy. Sta. Rosa FMR, Brgy. Sta. Rosa, Murcia, Negros Occidental",15000000,2025,"Concreting of Brgy. Granada FMR Phase II, Brgy. Granada, Bacolod City, Negros Occidental",15000000,0.646,2,0,HB 10858 Vol I-B p. 710,GAA-2025 · Department of Agriculture (DA) · Office of the Secretary,,,,not stated,one side stated,Prior Phase 2 only,False
fmr,2027,HB10858-FMR-0710-007,"Construction of Brgy. Sta. Rosa FMR, Brgy. Sta. Rosa, Murcia, Negros Occidental",15000000,2025,"Concreting of Brgy. Alangilan FMR Phase II, Brgy. Alangilan, Bacolod City, Negros Occidental",15000000,0.62,3,0,HB 10858 Vol I-B p. 710,GAA-2025 · Department of Agriculture (DA) · Office of the Secretary,,,,not stated,one side stated,Prior Phase 2 only,False
fmr,2027,HB10858-FMR-0710-008,"Construction of Sitio Sewahon 3, Brgy. VF Gustilo FMR, Brgy. VF Gustilo, Cadiz City, Negros Occidental",30000000,2025,"Concreting of Brgy. Celestino Villacin FMR (Phase II), Brgy. Celestino Villacin, Cadiz City, Negros Occidental",15000000,0.614,1,15000000,HB 10858 Vol I-B p. 710,GAA-2025 · Department of Agriculture (DA) · Office of the Secretary,,,,not stated,one side stated,Prior Phase 2 only,False
fmr,2027,HB10858-FMR-0710-008,"Construction of Sitio Sewahon 3, Brgy. VF Gustilo FMR, Brgy. VF Gustilo, Cadiz City, Negros Occidental",30000000,2025,"Concreting of Brgy. Alangilan FMR Phase II, Brgy. Alangilan, Bacolod City, Negros Occidental",15000000,0.613,2,15000000,HB 10858 Vol I-B p. 710,GAA-2025 · Department of Agriculture (DA) · Office of the Secretary,,,,not stated,one side stated,Prior Phase 2 only,False
fmr,2027,HB10858-FMR-0710-008,"Construction of Sitio Sewahon 3, Brgy. VF Gustilo FMR, Brgy. VF Gustilo, Cadiz City, Negros Occidental",30000000,2025,"Concreting of Brgy. Puey FMR (Phase II), Brgy. Puey, Sagay City, Negros Occidental",15000000,0.571,3,15000000,HB 10858 Vol I-B p. 710,GAA-2025 · Department of Agriculture (DA) · Office of the Secretary,,,,not stated,one side stated,Prior Phase 2 only,False
fmr,2027,HB10858-FMR-0710-009,"Construction of Brgy. Canlandog FMR, Brgy. Canlandog, Murcia, Negros Occidental",15000000,2025,"Concreting of Brgy. Alangilan FMR Phase II, Brgy. Alangilan, Bacolod City, Negros Occidental",15000000,0.706,1,0,HB 10858 Vol I-B p. 710,GAA-2025 · Department of Agriculture (DA) · Office of the Secretary,,,,not stated,one side stated,Prior Phase 2 only,False
fmr,2027,HB10858-FMR-0710-009,"Construction of Brgy. Canlandog FMR, Brgy. Canlandog, Murcia, Negros Occidental",15000000,2025,"Concreting of Brgy. Tanglad FMR (Phase II), Brgy. Tanglad, Sta. Maria, Davao Occidental",15000000,0.702,2,0,HB 10858 Vol I-B p. 710,GAA-2025 · Department of Agriculture (DA) · Office of the Secretary,,,,not stated,one side stated,Prior Phase 2 only,False
fmr,2027,HB10858-FMR-0710-009,"Construction of Brgy. Canlandog FMR, Brgy. Canlandog, Murcia, Negros Occidental",15000000,2025,"Concreting of Brgy. Granada FMR Phase II, Brgy. Granada, Bacolod City, Negros Occidental",15000000,0.694,3,0,HB 10858 Vol I-B p. 710,GAA-2025 · Department of Agriculture (DA) · Office of the Secretary,,,,not stated,one side stated,Prior Phase 2 only,False
fmr,2027,HB10858-FMR-0710-010,"Construction of Purok Fermina, Brgy. Ma-ao FMR, Brgy. Ma-ao,",50000000,2025,"Concreting of Purok 2, Brgy. Cansinala FMR (Phase I), Brgy. Cansinala, Apalit, Pampanga",15000000,0.474,1,35000000,HB 10858 Vol I-B p. 710,GAA-2025 · Department of Agriculture (DA) · Office of the Secretary,,,,not stated,one side stated,Prior Phase 1 only,False
fmr,2027,HB10858-FMR-0710-010,"Construction of Purok Fermina, Brgy. Ma-ao FMR, Brgy. Ma-ao,",50000000,2025,"Concreting of Purok 2, Brgy. Cansinala FMR Phase II, Brgy. Cansinala, Apalit, Pampanga",5000000,0.474,2,45000000,HB 10858 Vol I-B p. 710,GAA-2025 · Department of Agriculture (DA) · Office of the Secretary,,,,not stated,one side stated,Prior Phase 2 only,False
fmr,2027,HB10858-FMR-0710-010,"Construction of Purok Fermina, Brgy. Ma-ao FMR, Brgy. Ma-ao,",50000000,2025,"Concreting of Purok Balite to Crossing Bungot, Brgy. San Jose FMR (Phase II), Brgy. San Jose, Norala, South Cotabato",15000000,0.423,3,35000000,HB 10858 Vol I-B p. 710,GAA-2025 · Department of Agriculture (DA) · Office of the Secretary,,,,not stated,one side stated,Prior Phase 2 only,False
fmr,2027,HB10858-FMR-0710-011,"Construction of Purok Paghidaet, Brgy. Sagasa FMR, Brgy. Sagasa, Bago City, Negros Occidental",15000000,2025,"Concreting of Brgy. Granada FMR Phase II, Brgy. Granada, Bacolod City, Negros Occidental",15000000,0.703,1,0,HB 10858 Vol I-B p. 710,GAA-2025 · Department of Agriculture (DA) · Office of the Secretary,,,,not stated,one side stated,Prior Phase 2 only,False
fmr,2027,HB10858-FMR-0710-011,"Construction of Purok Paghidaet, Brgy. Sagasa FMR, Brgy. Sagasa, Bago City, Negros Occidental",15000000,2025,"Concreting of Brgy. Alangilan FMR Phase II, Brgy. Alangilan, Bacolod City, Negros Occidental",15000000,0.678,2,0,HB 10858 Vol I-B p. 710,GAA-2025 · Department of Agriculture (DA) · Office of the Secretary,,,,not stated,one side stated,Prior Phase 2 only,False
fmr,2027,HB10858-FMR-0710-011,"Construction of Purok Paghidaet, Brgy. Sagasa FMR, Brgy. Sagasa, Bago City, Negros Occidental",15000000,2025,"Concreting of Brgy. Puey FMR (Phase II), Brgy. Puey, Sagay City, Negros Occidental",15000000,0.66,3,0,HB 10858 Vol I-B p. 710,GAA-2025 · Department of Agriculture (DA) · Office of the Secretary,,,,not stated,one side stated,Prior Phase 2 only,False
fmr,2027,HB10858-FMR-0710-012,"Construction of Purok Bulad, Brgy. Mabini to Purok Irigasyon, Brgy. Pacol FMR,",50000000,2025,"Concreting of Purok Balite to Crossing Bungot, Brgy. San Jose FMR (Phase II), Brgy. San Jose, Norala, South Cotabato",15000000,0.41,1,35000000,HB 10858 Vol I-B p. 710,GAA-2025 · Department of Agriculture (DA) · Office of the Secretary,,,,not stated,one side stated,Prior Phase 2 only,False
fmr,2027,HB10858-FMR-0710-012,"Construction of Purok Bulad, Brgy. Mabini to Purok Irigasyon, Brgy. Pacol FMR,",50000000,2025,Farm-to-Market Road (FMR) Network Planning and Monitoring Services,2344000,0.171,2,47656000,HB 10858 Vol I-B p. 710,GAA-2025 · Department of Agriculture (DA) · Office of the Secretary,,,,not stated,not stated,,False
fmr,2027,HB10858-FMR-0710-012,"Construction of Purok Bulad, Brgy. Mabini to Purok Irigasyon, Brgy. Pacol FMR,",50000000,2025,Farm-to-Market Road (FMR) Network Planning and Monitoring Services,7537000,0.171,3,42463000,HB 10858 Vol I-B p. 710,GAA-2025 · Department of Agriculture (DA) · Office of the Secretary,,,,not stated,not stated,,False
fmr,2027,HB10858-FMR-0710-013,"Construction of Brgy. San Miguel FMR, Brgy. San Miguel, La Carlota City, Negros Occidental",15000000,2025,"Concreting of Brgy. Alangilan FMR Phase II, Brgy. Alangilan, Bacolod City, Negros Occidental",15000000,0.69,1,0,HB 10858 Vol I-B p. 710,GAA-2025 · Department of Agriculture (DA) · Office of the Secretary,,,,not stated,one side stated,Prior Phase 2 only,False
fmr,2027,HB10858-FMR-0710-013,"Construction of Brgy. San Miguel FMR, Brgy. San Miguel, La Carlota City, Negros Occidental",15000000,2025,"Concreting of Brgy. Granada FMR Phase II, Brgy. Granada, Bacolod City, Negros Occidental",15000000,0.679,2,0,HB 10858 Vol I-B p. 710,GAA-2025 · Department of Agriculture (DA) · Office of the Secretary,,,,not stated,one side stated,Prior Phase 2 only,False
fmr,2027,HB10858-FMR-0710-013,"Construction of Brgy. San Miguel FMR, Brgy. San Miguel, La Carlota City, Negros Occidental",15000000,2025,"Concreting of Brgy. Puey FMR (Phase II), Brgy. Puey, Sagay City, Negros Occidental",15000000,0.673,3,0,HB 10858 Vol I-B p. 710,GAA-2025 · Department of Agriculture (DA) · Office of the Secretary,,,,not stated,one side stated,Prior Phase 2 only,False
fmr,2027,HB10858-FMR-0710-014,"Construction of Sitio Kalubihan, Brgy. Talaptap FMR, Brgy. Talaptap, La Castellana,",15000000,2025,"Concreting of Sitio Gumihan, Brgy. Maytoong FMR Phase II, Brgy. Maytoong, Paete, Laguna",5550000,0.525,1,9450000,HB 10858 Vol I-B p. 710,GAA-2025 · Department of Agriculture (DA) · Office of the Secretary,,,,not stated,one side stated,Prior Phase 2 only,False
fmr,2027,HB10858-FMR-0710-014,"Construction of Sitio Kalubihan, Brgy. Talaptap FMR, Brgy. Talaptap, La Castellana,",15000000,2025,"Concreting of Sitio Casaguingan, Brgy. Bairan to Brgy. Malaguinabot FMR (Phase II), Brgy. Bairan and Brgy. Malaguinabot, San Miguel, Leyte",15000000,0.485,2,0,HB 10858 Vol I-B p. 710,GAA-2025 · Department of Agriculture (DA) · Office of the Secretary,,,,not stated,one side stated,Prior Phase 2 only,False
fmr,2027,HB10858-FMR-0710-014,"Construction of Sitio Kalubihan, Brgy. Talaptap FMR, Brgy. Talaptap, La Castellana,",15000000,2025,"Concreting of FMR at Sitio Malapat, Brgy. Baay, Labo, Camarines Norte",15000000,0.468,3,0,HB 10858 Vol I-B p. 710,GAA-2025 · Department of Agriculture (DA) · Office of the Secretary,,,,not stated,not stated,,False
fmr,2027,HB10858-FMR-0710-015,"Concreting of Hacienda Amanda, Brgy. VIII FMR, Brgy. VIII, Victorias City, Negros Occidental",10000000,2025,"Concreting of Brgy. Granada FMR Phase II, Brgy. Granada, Bacolod City, Negros Occidental",15000000,0.625,1,-5000000,HB 10858 Vol I-B p. 710,GAA-2025 · Department of Agriculture (DA) · Office of the Secretary,,,,not stated,one side stated,Prior Phase 2 only,False
fmr,2027,HB10858-FMR-0710-015,"Concreting of Hacienda Amanda, Brgy. VIII FMR, Brgy. VIII, Victorias City, Negros Occidental",10000000,2025,"Concreting of Brgy. Alangilan FMR Phase II, Brgy. Alangilan, Bacolod City, Negros Occidental",15000000,0.621,2,-5000000,HB 10858 Vol I-B p. 710,GAA-2025 · Department of Agriculture (DA) · Office of the Secretary,,,,not stated,one side stated,Prior Phase 2 only,False
fmr,2027,HB10858-FMR-0710-015,"Concreting of Hacienda Amanda, Brgy. VIII FMR, Brgy. VIII, Victorias City, Negros Occidental",10000000,2025,"Concreting of Brgy. Puey FMR (Phase II), Brgy. Puey, Sagay City, Negros Occidental",15000000,0.596,3,-5000000,HB 10858 Vol I-B p. 710,GAA-2025 · Department of Agriculture (DA) · Office of the Secretary,,,,not stated,one side stated,Prior Phase 2 only,False
fmr,2027,HB10858-FMR-0710-016,"Construction of Sitio Pidpid to Sitio Kaburihan, Brgy. San Agustin FMR, Brgy. San Agustin,",15000000,2025,"Concreting of Sitio Dep-ang to Sitio Bilis, Brgy. Santo Tomas FMR Phase III, Brgy. Santo Tomas, Baguio City",10000000,0.614,1,5000000,HB 10858 Vol I-B p. 710,GAA-2025 · Department of Agriculture (DA) · Office of the Secretary,,,,not stated,one side stated,Prior Phase 3 only,False
fmr,2027,HB10858-FMR-0710-016,"Construction of Sitio Pidpid to Sitio Kaburihan, Brgy. San Agustin FMR, Brgy. San Agustin,",15000000,2025,"Concreting of FMR at Sitio San Isidro to Sitio Bulahan, Brgy. San Jose, Sto. Tomas, Davao del Norte",100000000,0.504,2,-85000000,HB 10858 Vol I-B p. 710,GAA-2025 · Department of Agriculture (DA) · Office of the Secretary,,,,not stated,not stated,,False
fmr,2027,HB10858-FMR-0710-016,"Construction of Sitio Pidpid to Sitio Kaburihan, Brgy. San Agustin FMR, Brgy. San Agustin,",15000000,2025,"Concreting of Sitio San Ysiro, Brgy. San Jose FMR Phase 6, Brgy. San Jose, Antipolo City Rizal",15000000,0.483,3,0,HB 10858 Vol I-B p. 710,GAA-2025 · Department of Agriculture (DA) · Office of the Secretary,,,,not stated,one side stated,Prior Phase 6 only,False
fmr,2027,HB10858-FMR-0710-017,"Construction of Brgy. Manlingay - Brgy. Bugnay - Brgy. Napasu-An - Brgy. Tadlong FMR, Mabinay, Negros Oriental",30000000,2025,"Concreting of Brgy. Liptong FMR (Phase II), Brgy. Liptong, Bacong, Negros Oriental",15000000,0.577,1,15000000,HB 10858 Vol I-B p. 710,GAA-2025 · Department of Agriculture (DA) · Office of the Secretary,,,,not stated,one side stated,Prior Phase 2 only,False
fmr,2027,HB10858-FMR-0710-017,"Construction of Brgy. Manlingay - Brgy. Bugnay - Brgy. Napasu-An - Brgy. Tadlong FMR, Mabinay, Negros Oriental",30000000,2025,"Concreting of Brgy. Cugman FMR (Phase III), Brgy. Cugman, Cagayan de Oro City, Misamis Oriental",15000000,0.466,2,15000000,HB 10858 Vol I-B p. 710,GAA-2025 · Department of Agriculture (DA) · Office of the Secretary,,,,not stated,one side stated,Prior Phase 3 only,False
fmr,2027,HB10858-FMR-0710-017,"Construction of Brgy. Manlingay - Brgy. Bugnay - Brgy. Napasu-An - Brgy. Tadlong FMR, Mabinay, Negros Oriental",30000000,2025,"Concreting of Brgy. Bugo FMR (Phase II), Brgy. Bugo, Cagayan de Oro City, Misamis Oriental",15000000,0.464,3,15000000,HB 10858 Vol I-B p. 710,GAA-2025 · Department of Agriculture (DA) · Office of the Secretary,,,,not stated,one side stated,Prior Phase 2 only,False
fmr,2027,HB10858-FMR-0710-018,"Construction of Brgy. Bulata FMR, Brgy. Bulata, Cauayan, Negros Occidental",15000000,2025,"Concreting of Brgy. Puey FMR (Phase II), Brgy. Puey, Sagay City, Negros Occidental",15000000,0.706,1,0,HB 10858 Vol I-B p. 710,GAA-2025 · Department of Agriculture (DA) · Office of the Secretary,,,,not stated,one side stated,Prior Phase 2 only,False
fmr,2027,HB10858-FMR-0710-018,"Construction of Brgy. Bulata FMR, Brgy. Bulata, Cauayan, Negros Occidental",15000000,2025,"Concreting of Brgy. Alangilan FMR Phase II, Brgy. Alangilan, Bacolod City, Negros Occidental",15000000,0.66,2,0,HB 10858 Vol I-B p. 710,GAA-2025 · Department of Agriculture (DA) · Office of the Secretary,,,,not stated,one side stated,Prior Phase 2 only,False
fmr,2027,HB10858-FMR-0710-018,"Construction of Brgy. Bulata FMR, Brgy. Bulata, Cauayan, Negros Occidental",15000000,2025,"Concreting of Brgy. Granada FMR Phase II, Brgy. Granada, Bacolod City, Negros Occidental",15000000,0.645,3,0,HB 10858 Vol I-B p. 710,GAA-2025 · Department of Agriculture (DA) · Office of the Secretary,,,,not stated,one side stated,Prior Phase 2 only,False
fmr,2027,HB10858-FMR-0710-019,"Construction of Brgy. Manlucahoc FMR, Brgy. Manlucahoc, Sipalay City, Negros Occidental",15000000,2025,"Concreting of Brgy. Puey FMR (Phase II), Brgy. Puey, Sagay City, Negros Occidental",15000000,0.714,1,0,HB 10858 Vol I-B p. 710,GAA-2025 · Department of Agriculture (DA) · Office of the Secretary,,,,not stated,one side stated,Prior Phase 2 only,False
fmr,2027,HB10858-FMR-0710-019,"Construction of Brgy. Manlucahoc FMR, Brgy. Manlucahoc, Sipalay City, Negros Occidental",15000000,2025,"Concreting of Brgy. Granada FMR Phase II, Brgy. Granada, Bacolod City, Negros Occidental",15000000,0.66,2,0,HB 10858 Vol I-B p. 710,GAA-2025 · Department of Agriculture (DA) · Office of the Secretary,,,,not stated,one side stated,Prior Phase 2 only,False
fmr,2027,HB10858-FMR-0710-019,"Construction of Brgy. Manlucahoc FMR, Brgy. Manlucahoc, Sipalay City, Negros Occidental",15000000,2025,"Concreting of Brgy. Alangilan FMR Phase II, Brgy. Alangilan, Bacolod City, Negros Occidental",15000000,0.636,3,0,HB 10858 Vol I-B p. 710,GAA-2025 · Department of Agriculture (DA) · Office of the Secretary,,,,not stated,one side stated,Prior Phase 2 only,False
fmr,2027,HB10858-FMR-0710-020,"Construction of Brgy. Asia FMR, Brgy. Asia, Hinoba-an, Negros Occidental",15000000,2025,"Concreting of Brgy. Alangilan FMR Phase II, Brgy. Alangilan, Bacolod City, Negros Occidental",15000000,0.695,1,0,HB 10858 Vol I-B p. 710,GAA-2025 · Department of Agriculture (DA) · Office of the Secretary,,,,not stated,one side stated,Prior Phase 2 only,False
fmr,2027,HB10858-FMR-0710-020,"Construction of Brgy. Asia FMR, Brgy. Asia, Hinoba-an, Negros Occidental",15000000,2025,"Concreting of Brgy. Granada FMR Phase II, Brgy. Granada, Bacolod City, Negros Occidental",15000000,0.681,2,0,HB 10858 Vol I-B p. 710,GAA-2025 · Department of Agriculture (DA) · Office of the Secretary,,,,not stated,one side stated,Prior Phase 2 only,False
fmr,2027,HB10858-FMR-0710-020,"Construction of Brgy. Asia FMR, Brgy. Asia, Hinoba-an, Negros Occidental",15000000,2025,"Concreting of Brgy. Puey FMR (Phase II), Brgy. Puey, Sagay City, Negros Occidental",15000000,0.602,3,0,HB 10858 Vol I-B p. 710,GAA-2025 · Department of Agriculture (DA) · Office of the Secretary,,,,not stated,one side stated,Prior Phase 2 only,False
fmr,2027,HB10858-FMR-0710-021,"Construction of Sitio Baslay, Brgy. Talacdan FMR, Brgy. Talacdan, Cauayan, Negros Occidental",15000000,2025,"Concreting of Brgy. Celestino Villacin FMR (Phase II), Brgy. Celestino Villacin, Cadiz City, Negros Occidental",15000000,0.646,1,0,HB 10858 Vol I-B p. 710,GAA-2025 · Department of Agriculture (DA) · Office of the Secretary,,,,not stated,one side stated,Prior Phase 2 only,False
fmr,2027,HB10858-FMR-0710-021,"Construction of Sitio Baslay, Brgy. Talacdan FMR, Brgy. Talacdan, Cauayan, Negros Occidental",15000000,2025,"Concreting of Brgy. Alangilan FMR Phase II, Brgy. Alangilan, Bacolod City, Negros Occidental",15000000,0.632,2,0,HB 10858 Vol I-B p. 710,GAA-2025 · Department of Agriculture (DA) · Office of the Secretary,,,,not stated,one side stated,Prior Phase 2 only,False
fmr,2027,HB10858-FMR-0710-021,"Construction of Sitio Baslay, Brgy. Talacdan FMR, Brgy. Talacdan, Cauayan, Negros Occidental",15000000,2025,"Concreting of Brgy. Granada FMR Phase II, Brgy. Granada, Bacolod City, Negros Occidental",15000000,0.618,3,0,HB 10858 Vol I-B p. 710,GAA-2025 · Department of Agriculture (DA) · Office of the Secretary,,,,not stated,one side stated,Prior Phase 2 only,False
fmr,2027,HB10858-FMR-0710-022,"Construction of Brgy. Panubigan FMR, Brgy. Panubigan, Canlaon City, Negros Oriental",15000000,2025,"Concreting of Brgy. Cugman FMR (Phase III), Brgy. Cugman, Cagayan de Oro City, Misamis Oriental",15000000,0.642,1,0,HB 10858 Vol I-B p. 710,GAA-2025 · Department of Agriculture (DA) · Office of the Secretary,,,,not stated,one side stated,Prior Phase 3 only,False
fmr,2027,HB10858-FMR-0710-022,"Construction of Brgy. Panubigan FMR, Brgy. Panubigan, Canlaon City, Negros Oriental",15000000,2025,"Concreting of Brgy. Lumbia FMR (Phase II), Brgy. Lumbia, Cagayan de Oro City, Misamis Oriental",15000000,0.623,2,0,HB 10858 Vol I-B p. 710,GAA-2025 · Department of Agriculture (DA) · Office of the Secretary,,,,not stated,one side stated,Prior Phase 2 only,False
fmr,2027,HB10858-FMR-0710-022,"Construction of Brgy. Panubigan FMR, Brgy. Panubigan, Canlaon City, Negros Oriental",15000000,2025,"Concreting of Brgy. Liptong FMR (Phase II), Brgy. Liptong, Bacong, Negros Oriental",15000000,0.617,3,0,HB 10858 Vol I-B p. 710,GAA-2025 · Department of Agriculture (DA) · Office of the Secretary,,,,not stated,one side stated,Prior Phase 2 only,False
fmr,2027,HB10858-FMR-0710-023,"Construction of Brgy. Nabulao FMR, Brgy. Nabulao, Sipalay City, Negros Occidental",15000000,2025,"Concreting of Brgy. Puey FMR (Phase II), Brgy. Puey, Sagay City, Negros Occidental",15000000,0.761,1,0,HB 10858 Vol I-B p. 710,GAA-2025 · Department of Agriculture (DA) · Office of the Secretary,,,,not stated,one side stated,Prior Phase 2 only,False
fmr,2027,HB10858-FMR-0710-023,"Construction of Brgy. Nabulao FMR, Brgy. Nabulao, Sipalay City, Negros Occidental",15000000,2025,"Concreting of Brgy. Granada FMR Phase II, Brgy. Granada, Bacolod City, Negros Occidental",15000000,0.72,2,0,HB 10858 Vol I-B p. 710,GAA-2025 · Department of Agriculture (DA) · Office of the Secretary,,,,not stated,one side stated,Prior Phase 2 only,False
fmr,2027,HB10858-FMR-0710-023,"Construction of Brgy. Nabulao FMR, Brgy. Nabulao, Sipalay City, Negros Occidental",15000000,2025,"Concreting of Brgy. Alangilan FMR Phase II, Brgy. Alangilan, Bacolod City, Negros Occidental",15000000,0.654,3,0,HB 10858 Vol I-B p. 710,GAA-2025 · Department of Agriculture (DA) · Office of the Secretary,,,,not stated,one side stated,Prior Phase 2 only,False
fmr,2027,HB10858-FMR-0710-024,"Construction of Brgy. Talaon to Brgy. Pitogo FMR, Brgy. Talaon and Brgy. Pitogo,",15000000,2025,Farm-to-Market Road (FMR) Network Planning and Monitoring Services,2344000,0.416,1,12656000,HB 10858 Vol I-B p. 710,GAA-2025 · Department of Agriculture (DA) · Office of the Secretary,,,,not stated,not stated,,False
fmr,2027,HB10858-FMR-0710-024,"Construction of Brgy. Talaon to Brgy. Pitogo FMR, Brgy. Talaon and Brgy. Pitogo,",15000000,2025,Farm-to-Market Road (FMR) Network Planning and Monitoring Services,7537000,0.416,2,7463000,HB 10858 Vol I-B p. 710,GAA-2025 · Department of Agriculture (DA) · Office of the Secretary,,,,not stated,not stated,,False
fmr,2027,HB10858-FMR-0710-024,"Construction of Brgy. Talaon to Brgy. Pitogo FMR, Brgy. Talaon and Brgy. Pitogo,",15000000,2025,Farm-to-Market Road (FMR) Network Planning and Monitoring Services,185000,0.416,3,14815000,HB 10858 Vol I-B p. 710,GAA-2025 · Department of Agriculture (DA) · Office of the Secretary,,,,not stated,not stated,,False
fmr,2027,HB10858-FMR-0710-025,"Construction of Brgy. Camalandaan FMR, Brgy. Camalandaan, Cauayan, Negros Occidental",30000000,2025,"Concreting of Brgy. Alangilan FMR Phase II, Brgy. Alangilan, Bacolod City, Negros Occidental",15000000,0.71,1,15000000,HB 10858 Vol I-B p. 710,GAA-2025 · Department of Agriculture (DA) · Office of the Secretary,,,,not stated,one side stated,Prior Phase 2 only,False
fmr,2027,HB10858-FMR-0710-025,"Construction of Brgy. Camalandaan FMR, Brgy. Camalandaan, Cauayan, Negros Occidental",30000000,2025,"Concreting of Brgy. Granada FMR Phase II, Brgy. Granada, Bacolod City, Negros Occidental",15000000,0.68,2,15000000,HB 10858 Vol I-B p. 710,GAA-2025 · Department of Agriculture (DA) · Office of the Secretary,,,,not stated,one side stated,Prior Phase 2 only,False
fmr,2027,HB10858-FMR-0710-025,"Construction of Brgy. Camalandaan FMR, Brgy. Camalandaan, Cauayan, Negros Occidental",30000000,2025,"Concreting of Brgy. Puey FMR (Phase II), Brgy. Puey, Sagay City, Negros Occidental",15000000,0.589,3,15000000,HB 10858 Vol I-B p. 710,GAA-2025 · Department of Agriculture (DA) · Office of the Secretary,,,,not stated,one side stated,Prior Phase 2 only,False
fmr,2027,HB10858-FMR-0710-026,"Construction of Brgy. Azagra to Brgy. San Miguel FMR, Brgy. Azagra and Brgy. San Miguel,",15000000,2025,"Concreting of FMR at Brgy. Tartaro, San Miguel, Bulacan",20000000,0.528,1,-5000000,HB 10858 Vol I-B p. 710,GAA-2025 · Department of Agriculture (DA) · Office of the Secretary,,,,not stated,not stated,,False
fmr,2027,HB10858-FMR-0710-026,"Construction of Brgy. Azagra to Brgy. San Miguel FMR, Brgy. Azagra and Brgy. San Miguel,",15000000,2025,"Concreting of Brgy. Balaong FMR (Phase I), Brgy. Balaong, San Miguel, Bulacan",5000000,0.525,2,10000000,HB 10858 Vol I-B p. 710,GAA-2025 · Department of Agriculture (DA) · Office of the Secretary,,,,not stated,one side stated,Prior Phase 1 only,False
fmr,2027,HB10858-FMR-0710-026,"Construction of Brgy. Azagra to Brgy. San Miguel FMR, Brgy. Azagra and Brgy. San Miguel,",15000000,2025,"Concreting of FMR at Brgy. Biak na Bato, San Miguel, Bulacan",20000000,0.519,3,-5000000,HB 10858 Vol I-B p. 710,GAA-2025 · Department of Agriculture (DA) · Office of the Secretary,,,,not stated,not stated,,False
fmr,2027,HB10858-FMR-0710-027,"Construction of Brgy. Tabugon FMR, Brgy. Tabugon, Kabankalan City, Negros Occidental",15000000,2025,"Concreting of Brgy. Granada FMR Phase II, Brgy. Granada, Bacolod City, Negros Occidental",15000000,0.699,1,0,HB 10858 Vol I-B p. 710,GAA-2025 · Department of Agriculture (DA) · Office of the Secretary,,,,not stated,one side stated,Prior Phase 2 only,False
fmr,2027,HB10858-FMR-0710-027,"Construction of Brgy. Tabugon FMR, Brgy. Tabugon, Kabankalan City, Negros Occidental",15000000,2025,"Concreting of Brgy. Puey FMR (Phase II), Brgy. Puey, Sagay City, Negros Occidental",15000000,0.674,2,0,HB 10858 Vol I-B p. 710,GAA-2025 · Department of Agriculture (DA) · Office of the Secretary,,,,not stated,one side stated,Prior Phase 2 only,False
fmr,2027,HB10858-FMR-0710-027,"Construction of Brgy. Tabugon FMR, Brgy. Tabugon, Kabankalan City, Negros Occidental",15000000,2025,"Concreting of Brgy. Alangilan FMR Phase II, Brgy. Alangilan, Bacolod City, Negros Occidental",15000000,0.654,3,0,HB 10858 Vol I-B p. 710,GAA-2025 · Department of Agriculture (DA) · Office of the Secretary,,,,not stated,one side stated,Prior Phase 2 only,False
fmr,2027,HB10858-FMR-0710-028,"Concreting of Brgy. Camangcamang FMR, Brgy. Camangcamang, Isabela, Negros Occidental",15000000,2025,"Concreting of Brgy. Alangilan FMR Phase II, Brgy. Alangilan, Bacolod City, Negros Occidental",15000000,0.679,1,0,HB 10858 Vol I-B p. 710,GAA-2025 · Department of Agriculture (DA) · Office of the Secretary,,,,not stated,one side stated,Prior Phase 2 only,False
fmr,2027,HB10858-FMR-0710-028,"Concreting of Brgy. Camangcamang FMR, Brgy. Camangcamang, Isabela, Negros Occidental",15000000,2025,"Concreting of Brgy. Granada FMR Phase II, Brgy. Granada, Bacolod City, Negros Occidental",15000000,0.61,2,0,HB 10858 Vol I-B p. 710,GAA-2025 · Department of Agriculture (DA) · Office of the Secretary,,,,not stated,one side stated,Prior Phase 2 only,False
fmr,2027,HB10858-FMR-0710-028,"Concreting of Brgy. Camangcamang FMR, Brgy. Camangcamang, Isabela, Negros Occidental",15000000,2025,"Concreting of Brgy. Tanglad FMR (Phase II), Brgy. Tanglad, Sta. Maria, Davao Occidental",15000000,0.594,3,0,HB 10858 Vol I-B p. 710,GAA-2025 · Department of Agriculture (DA) · Office of the Secretary,,,,not stated,one side stated,Prior Phase 2 only,False
fmr,2027,HB10858-FMR-0710-029,"Construction of Brgy. Jantianon FMR Phase II, Brgy. Jantianon, Amlan, Negros Oriental",15000000,2025,"Concreting of Brgy. Liptong FMR (Phase II), Brgy. Liptong, Bacong, Negros Oriental",15000000,0.69,1,0,HB 10858 Vol I-B p. 710,GAA-2025 · Department of Agriculture (DA) · Office of the Secretary,,,,not stated,same tranche,,False
fmr,2027,HB10858-FMR-0710-029,"Construction of Brgy. Jantianon FMR Phase II, Brgy. Jantianon, Amlan, Negros Oriental",15000000,2025,"Concreting of Brgy. Tubaon FMR (Phase III), Brgy. Tubaon, Tarragona, Davao Oriental",15000000,0.598,2,0,HB 10858 Vol I-B p. 710,GAA-2025 · Department of Agriculture (DA) · Office of the Secretary,,,,not stated,different tranche,Phase 2 vs 3,True
fmr,2027,HB10858-FMR-0710-029,"Construction of Brgy. Jantianon FMR Phase II, Brgy. Jantianon, Amlan, Negros Oriental",15000000,2025,"Concreting of Pahilahan FMR (Phase II), Brgy. Pahilahan, Pola, Oriental Mindoro",15000000,0.556,3,0,HB 10858 Vol I-B p. 710,GAA-2025 · Department of Agriculture (DA) · Office of the Secretary,,,,not stated,same tranche,,False
fmr,2027,HB10858-FMR-0710-030,"Concreting of Sitio Ata-ata, Brgy. San Antonio - Brgy. Calabnugan FMR,",30000000,2025,"Concreting of FMR at Sitio Atagon to Brgy. San Antonio, Palo, Leyte",15000000,0.659,1,15000000,HB 10858 Vol I-B p. 710,GAA-2025 · Department of Agriculture (DA) · Office of the Secretary,,,,not stated,not stated,,False
fmr,2027,HB10858-FMR-0710-030,"Concreting of Sitio Ata-ata, Brgy. San Antonio - Brgy. Calabnugan FMR,",30000000,2025,"Concreting of Brgy. San Antonio to Brgy. Lugui FMR (Phase II), Brgy. San Antonio and Brgy. Lugui, Labo, Camarines Norte",15000000,0.505,2,15000000,HB 10858 Vol I-B p. 710,GAA-2025 · Department of Agriculture (DA) · Office of the Secretary,,,,not stated,one side stated,Prior Phase 2 only,False
fmr,2027,HB10858-FMR-0710-030,"Concreting of Sitio Ata-ata, Brgy. San Antonio - Brgy. Calabnugan FMR,",30000000,2025,"Concreting of FMR at Sitio Kapirokuhan, Brgy. San Isidro, Bulusan, Sorsogon",10000000,0.494,3,20000000,HB 10858 Vol I-B p. 710,GAA-2025 · Department of Agriculture (DA) · Office of the Secretary,,,,not stated,not stated,,False
fmr,2027,HB10858-FMR-0710-031,"Construction of Sitio Kabiyabsan, Brgy. Mayabon FMR, Brgy. Mayabon, Zamboanguita, Negros Oriental",15000000,2025,"Concreting of Brgy. Liptong FMR (Phase II), Brgy. Liptong, Bacong, Negros Oriental",15000000,0.598,1,0,HB 10858 Vol I-B p. 710,GAA-2025 · Department of Agriculture (DA) · Office of the Secretary,,,,not stated,one side stated,Prior Phase 2 only,False
fmr,2027,HB10858-FMR-0710-031,"Construction of Sitio Kabiyabsan, Brgy. Mayabon FMR, Brgy. Mayabon, Zamboanguita, Negros Oriental",15000000,2025,"Concreting of Sitio Gumihan, Brgy. Maytoong FMR Phase II, Brgy. Maytoong, Paete, Laguna",5550000,0.549,2,9450000,HB 10858 Vol I-B p. 710,GAA-2025 · Department of Agriculture (DA) · Office of the Secretary,,,,not stated,one side stated,Prior Phase 2 only,False
fmr,2027,HB10858-FMR-0710-031,"Construction of Sitio Kabiyabsan, Brgy. Mayabon FMR, Brgy. Mayabon, Zamboanguita, Negros Oriental",15000000,2025,"Concreting of Sitio Bayawas Brgy. Salvacion FMR Phase III, Brgy. Salvacion, Magallanes, Sorsogon",15000000,0.508,3,0,HB 10858 Vol I-B p. 710,GAA-2025 · Department of Agriculture (DA) · Office of the Secretary,,,,not stated,one side stated,Prior Phase 3 only,False
fmr,2027,HB10858-FMR-0710-032,"Construction of Brgy. Alangilan FMR, Brgy. Alangilan, Bacolod City",15000000,2025,"Concreting of Brgy. Alangilan FMR Phase I, Brgy. Alangilan, Bacolod City",15000000,1.0,1,0,HB 10858 Vol I-B p. 710,GAA-2025 · Department of Agriculture (DA) · Office of the Secretary,,,,not stated,one side stated,Prior Phase 1 only,False
fmr,2027,HB10858-FMR-0710-032,"Construction of Brgy. Alangilan FMR, Brgy. Alangilan, Bacolod City",15000000,2025,"Concreting of Brgy. Alangilan FMR Phase II, Brgy. Alangilan, Bacolod City, Negros Occidental",15000000,0.8,2,0,HB 10858 Vol I-B p. 710,GAA-2025 · Department of Agriculture (DA) · Office of the Secretary,,,,not stated,one side stated,Prior Phase 2 only,False
fmr,2027,HB10858-FMR-0710-032,"Construction of Brgy. Alangilan FMR, Brgy. Alangilan, Bacolod City",15000000,2025,"Concreting of Brgy. Granada FMR Phase I, Brgy. Granada, Bacolod City",15000000,0.706,3,0,HB 10858 Vol I-B p. 710,GAA-2025 · Department of Agriculture (DA) · Office of the Secretary,,,,not stated,one side stated,Prior Phase 1 only,False
fmr,2027,HB10858-FMR-0712-001,"Concreting of Brgy. Batadbatad - Brgy. Buguil FMR, Moalboal, Cebu Section 1 START: 9.94391, 123.441809 Section 2 START: 9.941201, 123.445775",10000000,2025,"Concreting of FMR at Brgy. Tagubong PRDP Road Section to Sitio Pangimnan going to chapel, Passi City, Iloilo",10000000,0.304,1,0,HB 10858 Vol I-B p. 712,GAA-2025 · Department of Agriculture (DA) · Office of the Secretary,,,,not stated,one side stated,"Current Section 1, 2 only",False
fmr,2027,HB10858-FMR-0712-001,"Concreting of Brgy. Batadbatad - Brgy. Buguil FMR, Moalboal, Cebu Section 1 START: 9.94391, 123.441809 Section 2 START: 9.941201, 123.445775",10000000,2025,"Concreting of Brgy. Mabaca FMR Phase II, Brgy. Mabaca, Balbalan, Kalinga",10000000,0.286,2,0,HB 10858 Vol I-B p. 712,GAA-2025 · Department of Agriculture (DA) · Office of the Secretary,,,,not stated,different marker type,SECTION vs PHASE,False
fmr,2027,HB10858-FMR-0712-001,"Concreting of Brgy. Batadbatad - Brgy. Buguil FMR, Moalboal, Cebu Section 1 START: 9.94391, 123.441809 Section 2 START: 9.941201, 123.445775",10000000,2025,"Concreting of Brgy. Cabasiangan FMR (Phase II), Brgy. Cabasiangan, Balamban, Cebu",15000000,0.245,3,-5000000,HB 10858 Vol I-B p. 712,GAA-2025 · Department of Agriculture (DA) · Office of the Secretary,,,,not stated,different marker type,SECTION vs PHASE,False
fmr,2027,HB10858-FMR-0712-002,"Construction of Brgy. Mantacida FMR, Brgy. Mantacida, Catigbian, Bohol",15000000,2025,"Concreting of Brgy. Mabaca FMR Phase II, Brgy. Mabaca, Balbalan, Kalinga",10000000,0.603,1,5000000,HB 10858 Vol I-B p. 712,GAA-2025 · Department of Agriculture (DA) · Office of the Secretary,,,,not stated,one side stated,Prior Phase 2 only,False
fmr,2027,HB10858-FMR-0712-002,"Construction of Brgy. Mantacida FMR, Brgy. Mantacida, Catigbian, Bohol",15000000,2025,"Concreting of Brgy. Guiddam FMR (Phase II), Brgy. Guiddam, Abulug, Cagayan",10000000,0.466,2,5000000,HB 10858 Vol I-B p. 712,GAA-2025 · Department of Agriculture (DA) · Office of the Secretary,,,,not stated,one side stated,Prior Phase 2 only,False
fmr,2027,HB10858-FMR-0712-002,"Construction of Brgy. Mantacida FMR, Brgy. Mantacida, Catigbian, Bohol",15000000,2025,"Concreting of Brgy. Catacte FMR Brgy. Catacte, Bustos, Bulacan",5000000,0.466,3,10000000,HB 10858 Vol I-B p. 712,GAA-2025 · Department of Agriculture (DA) · Office of the Secretary,,,,not stated,not stated,,False
fmr,2027,HB10858-FMR-0712-003,"Concreting of Brgy. Basiao - Brgy. Candiis FMR, Badian, Cebu Section 1 START: 9.812059, 123. 405993 Section 2 START: 9.8052549, 123.406771",30000000,2025,"Concreting of Brgy. Cabasiangan FMR (Phase II), Brgy. Cabasiangan, Balamban, Cebu",15000000,0.306,1,15000000,HB 10858 Vol I-B p. 712,GAA-2025 · Department of Agriculture (DA) · Office of the Secretary,,,,not stated,different marker type,SECTION vs PHASE,False
fmr,2027,HB10858-FMR-0712-003,"Concreting of Brgy. Basiao - Brgy. Candiis FMR, Badian, Cebu Section 1 START: 9.812059, 123. 405993 Section 2 START: 9.8052549, 123.406771",30000000,2025,"Concreting of FMR at Brgy. Tagubong PRDP Road Section to Sitio Pangimnan going to chapel, Passi City, Iloilo",10000000,0.287,2,20000000,HB 10858 Vol I-B p. 712,GAA-2025 · Department of Agriculture (DA) · Office of the Secretary,,,,not stated,one side stated,"Current Section 1, 2 only",False
fmr,2027,HB10858-FMR-0712-003,"Concreting of Brgy. Basiao - Brgy. Candiis FMR, Badian, Cebu Section 1 START: 9.812059, 123. 405993 Section 2 START: 9.8052549, 123.406771",30000000,2025,"Concreting of Brgy. Sudlon II FMR (Phase II), Brgy. Sudlon II, Cebu City, Cebu",15000000,0.27,3,15000000,HB 10858 Vol I-B p. 712,GAA-2025 · Department of Agriculture (DA) · Office of the Secretary,,,,not stated,different marker type,SECTION vs PHASE,False
fmr,2027,HB10858-FMR-0712-004,"Construction of Brgy. Bahaybahay to Brgy. Poblacion II FMR, Brgy. Bahaybahay and Brgy. Poblacion II, Sikatuna, Bohol",15000000,2025,"Concreting of Brgy. Poblacion to Brgy. Dananao to Brgy. Tulgao FMR Phase II, Tinglayan, Kalinga",30000000,0.397,1,-15000000,HB 10858 Vol I-B p. 712,GAA-2025 · Department of Agriculture (DA) · Office of the Secretary,,,,not stated,one side stated,Prior Phase 2 only,False
fmr,2027,HB10858-FMR-0712-004,"Construction of Brgy. Bahaybahay to Brgy. Poblacion II FMR, Brgy. Bahaybahay and Brgy. Poblacion II, Sikatuna, Bohol",15000000,2025,"Concreting of Brgy. Sudlon II FMR (Phase II), Brgy. Sudlon II, Cebu City, Cebu",15000000,0.393,2,0,HB 10858 Vol I-B p. 712,GAA-2025 · Department of Agriculture (DA) · Office of the Secretary,,,,not stated,one side stated,Prior Phase 2 only,False
fmr,2027,HB10858-FMR-0712-004,"Construction of Brgy. Bahaybahay to Brgy. Poblacion II FMR, Brgy. Bahaybahay and Brgy. Poblacion II, Sikatuna, Bohol",15000000,2025,Farm-to-Market Road (FMR) Network Planning and Monitoring Services,2344000,0.339,3,12656000,HB 10858 Vol I-B p. 712,GAA-2025 · Department of Agriculture (DA) · Office of the Secretary,,,,not stated,not stated,,False
fmr,2027,HB10858-FMR-0712-005,"Concreting of Brgy. Libaong - Brgy. Lourdes FMR, Panglao, Bohol",15000000,2025,"Concreting of FMR at Brgy. Salapungan-Lourdes-Mandili Road, Candaba, Pampanga",75000000,0.5,1,-60000000,HB 10858 Vol I-B p. 712,GAA-2025 · Department of Agriculture (DA) · Office of the Secretary,,,,not stated,not stated,,False
fmr,2027,HB10858-FMR-0712-005,"Concreting of Brgy. Libaong - Brgy. Lourdes FMR, Panglao, Bohol",15000000,2025,"Concreting of FMR at Brgy. Lourdes, Candaba, Pampanga",20000000,0.492,2,-5000000,HB 10858 Vol I-B p. 712,GAA-2025 · Department of Agriculture (DA) · Office of the Secretary,,,,not stated,not stated,,False
fmr,2027,HB10858-FMR-0712-005,"Concreting of Brgy. Libaong - Brgy. Lourdes FMR, Panglao, Bohol",15000000,2025,"Concreting of FMR at Lourdes-Mandili,Candaba, Pampanga",50000000,0.464,3,-35000000,HB 10858 Vol I-B p. 712,GAA-2025 · Department of Agriculture (DA) · Office of the Secretary,,,,not stated,not stated,,False
fmr,2027,HB10858-FMR-0712-006,"Construction of Buenavista to Sitio Kalubihan FMR, Brgy. Buenavista, Carcar City, Cebu",15000000,2025,"Concreting of Brgy. Nasunogan to Brgy. Airport and Lilo-an FMR (Phase I), Brgy. Nasunogan, Ormoc City, Leyte",15000000,0.55,1,0,HB 10858 Vol I-B p. 712,GAA-2025 · Department of Agriculture (DA) · Office of the Secretary,,,,not stated,one side stated,Prior Phase 1 only,False
fmr,2027,HB10858-FMR-0712-006,"Construction of Buenavista to Sitio Kalubihan FMR, Brgy. Buenavista, Carcar City, Cebu",15000000,2025,"Concreting of Brgy. Bales to Sitio Lebe FMR (Phase II), Brgy. Bales, Maasim, Sarangani",15000000,0.542,2,0,HB 10858 Vol I-B p. 712,GAA-2025 · Department of Agriculture (DA) · Office of the Secretary,,,,not stated,one side stated,Prior Phase 2 only,False
fmr,2027,HB10858-FMR-0712-006,"Construction of Buenavista to Sitio Kalubihan FMR, Brgy. Buenavista, Carcar City, Cebu",15000000,2025,"Concreting of FMR at Brgy. Lutac to Brgy. Cogon, Naga City, Cebu",30000000,0.489,3,-15000000,HB 10858 Vol I-B p. 712,GAA-2025 · Department of Agriculture (DA) · Office of the Secretary,,,,not stated,not stated,,False
fmr,2027,HB10858-FMR-0712-007,"Construction of Brgy. Sudlon I FMR, Brgy. Sudlon I, Cebu City, Cebu",15000000,2025,"Concreting of Brgy. Sudlon II FMR (Phase II), Brgy. Sudlon II, Cebu City, Cebu",15000000,0.973,1,0,HB 10858 Vol I-B p. 712,GAA-2025 · Department of Agriculture (DA) · Office of the Secretary,,,,not stated,one side stated,Prior Phase 2 only,False
fmr,2027,HB10858-FMR-0712-007,"Construction of Brgy. Sudlon I FMR, Brgy. Sudlon I, Cebu City, Cebu",15000000,2025,"Concreting of Brgy. Tagba-o FMR (Phase II), Brgy. Tagba-o, Cebu City, Cebu",15000000,0.629,2,0,HB 10858 Vol I-B p. 712,GAA-2025 · Department of Agriculture (DA) · Office of the Secretary,,,,not stated,one side stated,Prior Phase 2 only,False
fmr,2027,HB10858-FMR-0712-007,"Construction of Brgy. Sudlon I FMR, Brgy. Sudlon I, Cebu City, Cebu",15000000,2025,"Concreting of Malundon FMR at Brgy. Bulo, Tabuk City, Kalinga",20000000,0.583,3,-5000000,HB 10858 Vol I-B p. 712,GAA-2025 · Department of Agriculture (DA) · Office of the Secretary,,,,not stated,not stated,,False
fmr,2027,HB10858-FMR-0712-008,"Construction of Brgy. Tubod to Brgy. Magsico FMR, Brgy. Tubod and Brgy. Magsico, San Fernando, Cebu",15000000,2025,"Concreting of FMR at Brgy. Cabatbatan to Brgy. Magsico, San Fernando, Cebu",20000000,0.705,1,-5000000,HB 10858 Vol I-B p. 712,GAA-2025 · Department of Agriculture (DA) · Office of the Secretary,,,,not stated,not stated,,False
fmr,2027,HB10858-FMR-0712-008,"Construction of Brgy. Tubod to Brgy. Magsico FMR, Brgy. Tubod and Brgy. Magsico, San Fernando, Cebu",15000000,2025,"Concreting of Brgy. Sab-a to Brgy. Libaong FMR (Phase II) with Box Culvert, Brgy. Sab-a, Libaong, San Remegio, Cebu",15000000,0.5,2,0,HB 10858 Vol I-B p. 712,GAA-2025 · Department of Agriculture (DA) · Office of the Secretary,,,,not stated,one side stated,Prior Phase 2 only,False
fmr,2027,HB10858-FMR-0712-008,"Construction of Brgy. Tubod to Brgy. Magsico FMR, Brgy. Tubod and Brgy. Magsico, San Fernando, Cebu",15000000,2025,"Concreting of Brgy. Cabasiangan FMR (Phase II), Brgy. Cabasiangan, Balamban, Cebu",15000000,0.495,3,0,HB 10858 Vol I-B p. 712,GAA-2025 · Department of Agriculture (DA) · Office of the Secretary,,,,not stated,one side stated,Prior Phase 2 only,False
fmr,2027,HB10858-FMR-0712-009,"Construction of Brgy. Nagaasan to Sitio Camaoy FMR, Brgy. Nagaasan, Babatngon, Leyte",15000000,2025,"Concreting of Brgy. Calaasan to Brgy. Bugho FMR (Phase II), Brgy. Calaasan and Brgy. Bugho, Alangalang, Leyte",15000000,0.66,1,0,HB 10858 Vol I-B p. 712,GAA-2025 · Department of Agriculture (DA) · Office of the Secretary,,,,not stated,one side stated,Prior Phase 2 only,False
fmr,2027,HB10858-FMR-0712-009,"Construction of Brgy. Nagaasan to Sitio Camaoy FMR, Brgy. Nagaasan, Babatngon, Leyte",15000000,2025,"Concreting of FMR at Sitio Calbayogay, Brgy. Cabadsan, Alangalang, Leyte",15000000,0.606,2,0,HB 10858 Vol I-B p. 712,GAA-2025 · Department of Agriculture (DA) · Office of the Secretary,,,,not stated,not stated,,False
fmr,2027,HB10858-FMR-0712-009,"Construction of Brgy. Nagaasan to Sitio Camaoy FMR, Brgy. Nagaasan, Babatngon, Leyte",15000000,2025,"Concreting of Brgy. Nasunogan to Brgy. Airport and Lilo-an FMR (Phase I), Brgy. Nasunogan, Ormoc City, Leyte",15000000,0.589,3,0,HB 10858 Vol I-B p. 712,GAA-2025 · Department of Agriculture (DA) · Office of the Secretary,,,,not stated,one side stated,Prior Phase 1 only,False
fmr,2027,HB10858-FMR-0712-010,"Construction of Brgy. Mompeller to Brgy. Apo FMR, Brgy. Mompeller and Brgy. Apo, Argao, Cebu",15000000,2025,"Concreting of Brgy. Sab-a to Brgy. Libaong FMR (Phase II) with Box Culvert, Brgy. Sab-a, Libaong, San Remegio, Cebu",15000000,0.496,1,0,HB 10858 Vol I-B p. 712,GAA-2025 · Department of Agriculture (DA) · Office of the Secretary,,,,not stated,one side stated,Prior Phase 2 only,False
fmr,2027,HB10858-FMR-0712-010,"Construction of Brgy. Mompeller to Brgy. Apo FMR, Brgy. Mompeller and Brgy. Apo, Argao, Cebu",15000000,2025,"Concreting of FMR at Brgy. Cabatbatan to Brgy. Magsico, San Fernando, Cebu",20000000,0.432,2,-5000000,HB 10858 Vol I-B p. 712,GAA-2025 · Department of Agriculture (DA) · Office of the Secretary,,,,not stated,not stated,,False
fmr,2027,HB10858-FMR-0712-010,"Construction of Brgy. Mompeller to Brgy. Apo FMR, Brgy. Mompeller and Brgy. Apo, Argao, Cebu",15000000,2025,"Concreting of FMR at Brgy. Uling to Brgy. Tagjaguimit, City of Naga, Cebu",20000000,0.405,3,-5000000,HB 10858 Vol I-B p. 712,GAA-2025 · Department of Agriculture (DA) · Office of the Secretary,,,,not stated,not stated,,False
fmr,2027,HB10858-FMR-0712-011,"Construction of Brgy. Taguite FMR, Brgy. Taguite, Babatngon, Leyte",15000000,2025,"Concreting of FMR at Brgy. Cogon, Tanauan, Leyte",15000000,0.517,1,0,HB 10858 Vol I-B p. 712,GAA-2025 · Department of Agriculture (DA) · Office of the Secretary,,,,not stated,not stated,,False
fmr,2027,HB10858-FMR-0712-011,"Construction of Brgy. Taguite FMR, Brgy. Taguite, Babatngon, Leyte",15000000,2025,"Concreting of FMR at Sitio Calbayogay, Brgy. Cabadsan, Alangalang, Leyte",15000000,0.494,2,0,HB 10858 Vol I-B p. 712,GAA-2025 · Department of Agriculture (DA) · Office of the Secretary,,,,not stated,not stated,,False
fmr,2027,HB10858-FMR-0712-011,"Construction of Brgy. Taguite FMR, Brgy. Taguite, Babatngon, Leyte",15000000,2025,"Concreting of FMR at Brgy. Tibak to Brgy. Bulod, Sta. Fe, Leyte",15000000,0.485,3,0,HB 10858 Vol I-B p. 712,GAA-2025 · Department of Agriculture (DA) · Office of the Secretary,,,,not stated,not stated,,False
fmr,2027,HB10858-FMR-0712-012,"Construction of Brgy. Mantalongon FMR, Brgy. Mantalongon, Dalaguete, Cebu",15000000,2025,"Concreting of Brgy. Cabasiangan FMR (Phase II), Brgy. Cabasiangan, Balamban, Cebu",15000000,0.53,1,0,HB 10858 Vol I-B p. 712,GAA-2025 · Department of Agriculture (DA) · Office of the Secretary,,,,not stated,one side stated,Prior Phase 2 only,False
fmr,2027,HB10858-FMR-0712-012,"Construction of Brgy. Mantalongon FMR, Brgy. Mantalongon, Dalaguete, Cebu",15000000,2025,"Concreting of Brgy. Sab-a to Brgy. Libaong FMR (Phase II) with Box Culvert, Brgy. Sab-a, Libaong, San Remegio, Cebu",15000000,0.455,2,0,HB 10858 Vol I-B p. 712,GAA-2025 · Department of Agriculture (DA) · Office of the Secretary,,,,not stated,one side stated,Prior Phase 2 only,False
fmr,2027,HB10858-FMR-0712-012,"Construction of Brgy. Mantalongon FMR, Brgy. Mantalongon, Dalaguete, Cebu",15000000,2025,"Concreting of FMR at Brgy. Lutac to Brgy. Cogon, Naga City, Cebu",30000000,0.453,3,-15000000,HB 10858 Vol I-B p. 712,GAA-2025 · Department of Agriculture (DA) · Office of the Secretary,,,,not stated,not stated,,False
fmr,2027,HB10858-FMR-0712-013,"Construction of Brgy. Tutug-an to Sitio Nasunogan, Brgy. Tutug-an FMR, Brgy. Tutug-an, Barugo, Leyte",15000000,2025,"Concreting of FMR at Brgy. San Isidro to Sitio Banawag, Sta. Fe, Leyte",15000000,0.509,1,0,HB 10858 Vol I-B p. 712,GAA-2025 · Department of Agriculture (DA) · Office of the Secretary,,,,not stated,not stated,,False
fmr,2027,HB10858-FMR-0712-013,"Construction of Brgy. Tutug-an to Sitio Nasunogan, Brgy. Tutug-an FMR, Brgy. Tutug-an, Barugo, Leyte",15000000,2025,"Concreting of Brgy. Nasunogan to Brgy. Airport and Lilo-an FMR (Phase I), Brgy. Nasunogan, Ormoc City, Leyte",15000000,0.496,2,0,HB 10858 Vol I-B p. 712,GAA-2025 · Department of Agriculture (DA) · Office of the Secretary,,,,not stated,one side stated,Prior Phase 1 only,False
fmr,2027,HB10858-FMR-0712-013,"Construction of Brgy. Tutug-an to Sitio Nasunogan, Brgy. Tutug-an FMR, Brgy. Tutug-an, Barugo, Leyte",15000000,2025,"Concreting of Brgy. Catigahan to Brgy. San Pablo to Brgy. San Roque FMR (Phase II), Brgys. Catigahan, San Pablo and San Roque, Palompon, Leyte",25000000,0.487,3,-10000000,HB 10858 Vol I-B p. 712,GAA-2025 · Department of Agriculture (DA) · Office of the Secretary,,,,not stated,one side stated,Prior Phase 2 only,False
fmr,2027,HB10858-FMR-0712-014,"Construction of Brgy. Union FMR, Brgy. Union, San Francisco, Cebu",15000000,2025,"Concreting of FMR at Brgy. Cabatbatan to Brgy. Magsico, San Fernando, Cebu",20000000,0.571,1,-5000000,HB 10858 Vol I-B p. 712,GAA-2025 · Department of Agriculture (DA) · Office of the Secretary,,,,not stated,not stated,,False
fmr,2027,HB10858-FMR-0712-014,"Construction of Brgy. Union FMR, Brgy. Union, San Francisco, Cebu",15000000,2025,"Concreting of FMR at Brgy. Lourdes to Brgy. San Francisco West, Alangalang, Leyte",15000000,0.524,2,0,HB 10858 Vol I-B p. 712,GAA-2025 · Department of Agriculture (DA) · Office of the Secretary,,,,not stated,not stated,,False
fmr,2027,HB10858-FMR-0712-014,"Construction of Brgy. Union FMR, Brgy. Union, San Francisco, Cebu",15000000,2025,"Concreting of Brgy. Sudlon II FMR (Phase II), Brgy. Sudlon II, Cebu City, Cebu",15000000,0.5,3,0,HB 10858 Vol I-B p. 712,GAA-2025 · Department of Agriculture (DA) · Office of the Secretary,,,,not stated,one side stated,Prior Phase 2 only,False
fmr,2027,HB10858-FMR-0712-015,"Construction of Brgy. Ibag to Brgy. Sta. Rosa FMR, Brgy. Ibag and Brgy. Sta. Rosa,",15000000,2025,"Concreting of FMR at Brgy. San Isidro to Sitio Banawag, Sta. Fe, Leyte",15000000,0.41,1,0,HB 10858 Vol I-B p. 712,GAA-2025 · Department of Agriculture (DA) · Office of the Secretary,,,,not stated,not stated,,False
fmr,2027,HB10858-FMR-0712-015,"Construction of Brgy. Ibag to Brgy. Sta. Rosa FMR, Brgy. Ibag and Brgy. Sta. Rosa,",15000000,2025,"Concreting of FMR at Brgy. Tibak to Brgy. Bulod, Sta. Fe, Leyte",15000000,0.4,2,0,HB 10858 Vol I-B p. 712,GAA-2025 · Department of Agriculture (DA) · Office of the Secretary,,,,not stated,not stated,,False
fmr,2027,HB10858-FMR-0712-015,"Construction of Brgy. Ibag to Brgy. Sta. Rosa FMR, Brgy. Ibag and Brgy. Sta. Rosa,",15000000,2025,Farm-to-Market Road (FMR) Network Planning and Monitoring Services,2344000,0.338,3,12656000,HB 10858 Vol I-B p. 712,GAA-2025 · Department of Agriculture (DA) · Office of the Secretary,,,,not stated,not stated,,False
fmr,2027,HB10858-FMR-0712-016,"Construction of Brgy. Liboron to Boundary Lanipga FMR, Brgy. Liboron, Carmen, Cebu",15000000,2025,"Concreting of Brgy. Sab-a to Brgy. Libaong FMR (Phase II) with Box Culvert, Brgy. Sab-a, Libaong, San Remegio, Cebu",15000000,0.487,1,0,HB 10858 Vol I-B p. 712,GAA-2025 · Department of Agriculture (DA) · Office of the Secretary,,,,not stated,one side stated,Prior Phase 2 only,False
fmr,2027,HB10858-FMR-0712-016,"Construction of Brgy. Liboron to Boundary Lanipga FMR, Brgy. Liboron, Carmen, Cebu",15000000,2025,"Concreting of Brgy. Cabasiangan FMR (Phase II), Brgy. Cabasiangan, Balamban, Cebu",15000000,0.457,2,0,HB 10858 Vol I-B p. 712,GAA-2025 · Department of Agriculture (DA) · Office of the Secretary,,,,not stated,one side stated,Prior Phase 2 only,False
fmr,2027,HB10858-FMR-0712-016,"Construction of Brgy. Liboron to Boundary Lanipga FMR, Brgy. Liboron, Carmen, Cebu",15000000,2025,"Concreting of Brgy. Sudlon II FMR (Phase II), Brgy. Sudlon II, Cebu City, Cebu",15000000,0.427,3,0,HB 10858 Vol I-B p. 712,GAA-2025 · Department of Agriculture (DA) · Office of the Secretary,,,,not stated,one side stated,Prior Phase 2 only,False
fmr,2027,HB10858-FMR-0712-017,"Construction of Brgy. Tilha-ong FMR, Brgy. Tilha-ong, Consolacion, Cebu",30000000,2025,"Concreting of FMR at Brgy. Lutac to Brgy. Cogon, Naga City, Cebu",30000000,0.548,1,0,HB 10858 Vol I-B p. 712,GAA-2025 · Department of Agriculture (DA) · Office of the Secretary,,,,not stated,not stated,,False
fmr,2027,HB10858-FMR-0712-017,"Construction of Brgy. Tilha-ong FMR, Brgy. Tilha-ong, Consolacion, Cebu",30000000,2025,"Concreting of Brgy. Cabasiangan FMR (Phase II), Brgy. Cabasiangan, Balamban, Cebu",15000000,0.543,2,15000000,HB 10858 Vol I-B p. 712,GAA-2025 · Department of Agriculture (DA) · Office of the Secretary,,,,not stated,one side stated,Prior Phase 2 only,False
fmr,2027,HB10858-FMR-0712-017,"Construction of Brgy. Tilha-ong FMR, Brgy. Tilha-ong, Consolacion, Cebu",30000000,2025,"Concreting of Brgy. Tagba-o FMR (Phase II), Brgy. Tagba-o, Cebu City, Cebu",15000000,0.486,3,15000000,HB 10858 Vol I-B p. 712,GAA-2025 · Department of Agriculture (DA) · Office of the Secretary,,,,not stated,one side stated,Prior Phase 2 only,False
fmr,2027,HB10858-FMR-0712-018,"Construction of Sitio Busay, Brgy. Apale FMR, Brgy. Apale, Isabel, Leyte",15000000,2025,"Concreting of Brgy. Impo to Brgy. Canap FMR Phase II, Brgy. Impo and Brgy. Canap, San Miguel, Leyte",15000000,0.565,1,0,HB 10858 Vol I-B p. 712,GAA-2025 · Department of Agriculture (DA) · Office of the Secretary,,,,not stated,one side stated,Prior Phase 2 only,False
fmr,2027,HB10858-FMR-0712-018,"Construction of Sitio Busay, Brgy. Apale FMR, Brgy. Apale, Isabel, Leyte",15000000,2025,"Concreting of FMR at Sitio Calbayogay, Brgy. Cabadsan, Alangalang, Leyte",15000000,0.535,2,0,HB 10858 Vol I-B p. 712,GAA-2025 · Department of Agriculture (DA) · Office of the Secretary,,,,not stated,not stated,,False
fmr,2027,HB10858-FMR-0712-018,"Construction of Sitio Busay, Brgy. Apale FMR, Brgy. Apale, Isabel, Leyte",15000000,2025,"Concreting of FMR at Sitio Kasagingan, Brgy. Bairan to Brgy. Cabatianuhan, San Miguel, Leyte",15000000,0.52,3,0,HB 10858 Vol I-B p. 712,GAA-2025 · Department of Agriculture (DA) · Office of the Secretary,,,,not stated,not stated,,False
fmr,2027,HB10858-FMR-0712-019,"Construction of Brgy. Manga to Brgy. Bayabas FMR, Brgy. Manga and Brgy. Bayabas,",15000000,2025,"Concreting of FMR at Licopon to Manga Bolong, Brgy. Bolong, Zamboanga City",15000000,0.361,1,0,HB 10858 Vol I-B p. 712,GAA-2025 · Department of Agriculture (DA) · Office of the Secretary,,,,not stated,not stated,,False
fmr,2027,HB10858-FMR-0712-019,"Construction of Brgy. Manga to Brgy. Bayabas FMR, Brgy. Manga and Brgy. Bayabas,",15000000,2025,Farm-to-Market Road (FMR) Network Planning and Monitoring Services,2344000,0.312,2,12656000,HB 10858 Vol I-B p. 712,GAA-2025 · Department of Agriculture (DA) · Office of the Secretary,,,,not stated,not stated,,False
fmr,2027,HB10858-FMR-0712-019,"Construction of Brgy. Manga to Brgy. Bayabas FMR, Brgy. Manga and Brgy. Bayabas,",15000000,2025,Farm-to-Market Road (FMR) Network Planning and Monitoring Services,7537000,0.312,3,7463000,HB 10858 Vol I-B p. 712,GAA-2025 · Department of Agriculture (DA) · Office of the Secretary,,,,not stated,not stated,,False
fmr,2027,HB10858-FMR-0712-020,"Construction of Sitio Kabaringan, Brgy. Apale FMR, Brgy. Apale, Isabel, Leyte",15000000,2025,"Concreting of FMR at Sitio Kasagingan, Brgy. Bairan to Brgy. Cabatianuhan, San Miguel, Leyte",15000000,0.61,1,0,HB 10858 Vol I-B p. 712,GAA-2025 · Department of Agriculture (DA) · Office of the Secretary,,,,not stated,not stated,,False
fmr,2027,HB10858-FMR-0712-020,"Construction of Sitio Kabaringan, Brgy. Apale FMR, Brgy. Apale, Isabel, Leyte",15000000,2025,"Concreting of Sitio Casaguingan, Brgy. Bairan to Brgy. Malaguinabot FMR (Phase II), Brgy. Bairan and Brgy. Malaguinabot, San Miguel, Leyte",15000000,0.571,2,0,HB 10858 Vol I-B p. 712,GAA-2025 · Department of Agriculture (DA) · Office of the Secretary,,,,not stated,one side stated,Prior Phase 2 only,False
fmr,2027,HB10858-FMR-0712-020,"Construction of Sitio Kabaringan, Brgy. Apale FMR, Brgy. Apale, Isabel, Leyte",15000000,2025,"Concreting of Brgy. Impo to Brgy. Canap FMR Phase II, Brgy. Impo and Brgy. Canap, San Miguel, Leyte",15000000,0.556,3,0,HB 10858 Vol I-B p. 712,GAA-2025 · Department of Agriculture (DA) · Office of the Secretary,,,,not stated,one side stated,Prior Phase 2 only,False
fmr,2027,HB10858-FMR-0712-021,"Construction of Brgy. Capilian to Brgy. Burubud-an FMR, Brgy. Capilian and",15000000,2025,"Concreting of Brgy. Nasunogan to Brgy. Airport and Lilo-an FMR (Phase I), Brgy. Nasunogan, Ormoc City, Leyte",15000000,0.404,1,0,HB 10858 Vol I-B p. 712,GAA-2025 · Department of Agriculture (DA) · Office of the Secretary,,,,not stated,one side stated,Prior Phase 1 only,False
fmr,2027,HB10858-FMR-0712-021,"Construction of Brgy. Capilian to Brgy. Burubud-an FMR, Brgy. Capilian and",15000000,2025,Farm-to-Market Road (FMR) Network Planning and Monitoring Services,2344000,0.282,2,12656000,HB 10858 Vol I-B p. 712,GAA-2025 · Department of Agriculture (DA) · Office of the Secretary,,,,not stated,not stated,,False
fmr,2027,HB10858-FMR-0712-021,"Construction of Brgy. Capilian to Brgy. Burubud-an FMR, Brgy. Capilian and",15000000,2025,Farm-to-Market Road (FMR) Network Planning and Monitoring Services,7537000,0.282,3,7463000,HB 10858 Vol I-B p. 712,GAA-2025 · Department of Agriculture (DA) · Office of the Secretary,,,,not stated,not stated,,False
fmr,2027,HB10858-FMR-0712-022,"Construction of Sitio Samborio, Brgy. Buot FMR, Brgy. Buot, Cebu City, Cebu",15000000,2025,"Concreting of Brgy. Tagba-o FMR (Phase II), Brgy. Tagba-o, Cebu City, Cebu",15000000,0.623,1,0,HB 10858 Vol I-B p. 712,GAA-2025 · Department of Agriculture (DA) · Office of the Secretary,,,,not stated,one side stated,Prior Phase 2 only,False
fmr,2027,HB10858-FMR-0712-022,"Construction of Sitio Samborio, Brgy. Buot FMR, Brgy. Buot, Cebu City, Cebu",15000000,2025,"Concreting of Brgy. Sudlon II FMR (Phase II), Brgy. Sudlon II, Cebu City, Cebu",15000000,0.617,2,0,HB 10858 Vol I-B p. 712,GAA-2025 · Department of Agriculture (DA) · Office of the Secretary,,,,not stated,one side stated,Prior Phase 2 only,False
fmr,2027,HB10858-FMR-0712-022,"Construction of Sitio Samborio, Brgy. Buot FMR, Brgy. Buot, Cebu City, Cebu",15000000,2025,"Concreting of Sitio San Ysiro, Brgy. San Jose FMR Phase 6, Brgy. San Jose, Antipolo City Rizal",15000000,0.5,3,0,HB 10858 Vol I-B p. 712,GAA-2025 · Department of Agriculture (DA) · Office of the Secretary,,,,not stated,one side stated,Prior Phase 6 only,False
fmr,2027,HB10858-FMR-0712-023,"Construction of Sitio Upper to Sitio Tay-ong, Brgy. Buot FMR, Brgy. Buot, Cebu City, Cebu",15000000,2025,"Concreting of Brgy. Tagba-o FMR (Phase II), Brgy. Tagba-o, Cebu City, Cebu",15000000,0.571,1,0,HB 10858 Vol I-B p. 712,GAA-2025 · Department of Agriculture (DA) · Office of the Secretary,,,,not stated,one side stated,Prior Phase 2 only,False
fmr,2027,HB10858-FMR-0712-023,"Construction of Sitio Upper to Sitio Tay-ong, Brgy. Buot FMR, Brgy. Buot, Cebu City, Cebu",15000000,2025,"Concreting of Brgy. Sudlon II FMR (Phase II), Brgy. Sudlon II, Cebu City, Cebu",15000000,0.568,2,0,HB 10858 Vol I-B p. 712,GAA-2025 · Department of Agriculture (DA) · Office of the Secretary,,,,not stated,one side stated,Prior Phase 2 only,False
fmr,2027,HB10858-FMR-0712-023,"Construction of Sitio Upper to Sitio Tay-ong, Brgy. Buot FMR, Brgy. Buot, Cebu City, Cebu",15000000,2025,"Concreting of Sitio Dep-ang to Sitio Bilis, Brgy. Santo Tomas FMR Phase III, Brgy. Santo Tomas, Baguio City",10000000,0.512,3,5000000,HB 10858 Vol I-B p. 712,GAA-2025 · Department of Agriculture (DA) · Office of the Secretary,,,,not stated,one side stated,Prior Phase 3 only,False
fmr,2027,HB10858-FMR-0712-024,"Construction of Sitio Kage, Brgy. Agbanga to Sitio San Antonio, Brgy. Itum FMR, Brgy. Agbanga and Brgy. Itum, Matalom, Leyte",15000000,2025,"Concreting of FMR at Sitio Atagon to Brgy. San Antonio, Palo, Leyte",15000000,0.581,1,0,HB 10858 Vol I-B p. 712,GAA-2025 · Department of Agriculture (DA) · Office of the Secretary,,,,not stated,not stated,,False
fmr,2027,HB10858-FMR-0712-024,"Construction of Sitio Kage, Brgy. Agbanga to Sitio San Antonio, Brgy. Itum FMR, Brgy. Agbanga and Brgy. Itum, Matalom, Leyte",15000000,2025,"Concreting of Sitio Dep-ang to Sitio Bilis, Brgy. Santo Tomas FMR Phase III, Brgy. Santo Tomas, Baguio City",10000000,0.559,2,5000000,HB 10858 Vol I-B p. 712,GAA-2025 · Department of Agriculture (DA) · Office of the Secretary,,,,not stated,one side stated,Prior Phase 3 only,False
fmr,2027,HB10858-FMR-0712-024,"Construction of Sitio Kage, Brgy. Agbanga to Sitio San Antonio, Brgy. Itum FMR, Brgy. Agbanga and Brgy. Itum, Matalom, Leyte",15000000,2025,"Concreting of Brgy. Nasunogan to Brgy. Airport and Lilo-an FMR (Phase I), Brgy. Nasunogan, Ormoc City, Leyte",15000000,0.507,3,0,HB 10858 Vol I-B p. 712,GAA-2025 · Department of Agriculture (DA) · Office of the Secretary,,,,not stated,one side stated,Prior Phase 1 only,False
fmr,2027,HB10858-FMR-0712-025,"Construction of Brgy. Tagjaguimit FMR, Brgy. Tagjaguimit, Naga City, Cebu",10000000,2025,"Concreting of FMR at Brgy. Lutac to Brgy. Jaquimit, Naga City, Cebu",30000000,0.718,1,-20000000,HB 10858 Vol I-B p. 712,GAA-2025 · Department of Agriculture (DA) · Office of the Secretary,,,,not stated,not stated,,False
fmr,2027,HB10858-FMR-0712-025,"Construction of Brgy. Tagjaguimit FMR, Brgy. Tagjaguimit, Naga City, Cebu",10000000,2025,"Concreting of FMR at Brgy. Uling to Brgy. Tagjaguimit, City of Naga, Cebu",20000000,0.671,2,-10000000,HB 10858 Vol I-B p. 712,GAA-2025 · Department of Agriculture (DA) · Office of the Secretary,,,,not stated,not stated,,False
fmr,2027,HB10858-FMR-0712-025,"Construction of Brgy. Tagjaguimit FMR, Brgy. Tagjaguimit, Naga City, Cebu",10000000,2025,"Concreting of Brgy. Tagba-o FMR (Phase II), Brgy. Tagba-o, Cebu City, Cebu",15000000,0.632,3,-5000000,HB 10858 Vol I-B p. 712,GAA-2025 · Department of Agriculture (DA) · Office of the Secretary,,,,not stated,one side stated,Prior Phase 2 only,False
fmr,2027,HB10858-FMR-0712-026,"Construction of Brgy. Imelda to Brgy. Lico FMR, Brgy. Imelda and Brgy. Lico, Naval, Biliran",15000000,2025,"Concreting of Brgy. Tucdao FMR (Phase II), Brgy. Tucdao, Kawayan, Biliran",15000000,0.545,1,0,HB 10858 Vol I-B p. 712,GAA-2025 · Department of Agriculture (DA) · Office of the Secretary,,,,not stated,one side stated,Prior Phase 2 only,False
fmr,2027,HB10858-FMR-0712-026,"Construction of Brgy. Imelda to Brgy. Lico FMR, Brgy. Imelda and Brgy. Lico, Naval, Biliran",15000000,2025,Farm-to-Market Road (FMR) Network Planning and Monitoring Services,2344000,0.276,2,12656000,HB 10858 Vol I-B p. 712,GAA-2025 · Department of Agriculture (DA) · Office of the Secretary,,,,not stated,not stated,,False
fmr,2027,HB10858-FMR-0712-026,"Construction of Brgy. Imelda to Brgy. Lico FMR, Brgy. Imelda and Brgy. Lico, Naval, Biliran",15000000,2025,Farm-to-Market Road (FMR) Network Planning and Monitoring Services,7537000,0.276,3,7463000,HB 10858 Vol I-B p. 712,GAA-2025 · Department of Agriculture (DA) · Office of the Secretary,,,,not stated,not stated,,False
fmr,2027,HB10858-FMR-0712-027,"Construction of Brgy. Balud FMR, Brgy. Balud, San Fernando, Cebu",10000000,2025,"Concreting of FMR at Brgy. Cabatbatan to Brgy. Magsico, San Fernando, Cebu",20000000,0.632,1,-10000000,HB 10858 Vol I-B p. 712,GAA-2025 · Department of Agriculture (DA) · Office of the Secretary,,,,not stated,not stated,,False
fmr,2027,HB10858-FMR-0712-027,"Construction of Brgy. Balud FMR, Brgy. Balud, San Fernando, Cebu",10000000,2025,"Concreting of Brgy. Balaong FMR (Phase I), Brgy. Balaong, San Miguel, Bulacan",5000000,0.535,2,5000000,HB 10858 Vol I-B p. 712,GAA-2025 · Department of Agriculture (DA) · Office of the Secretary,,,,not stated,one side stated,Prior Phase 1 only,False
fmr,2027,HB10858-FMR-0712-027,"Construction of Brgy. Balud FMR, Brgy. Balud, San Fernando, Cebu",10000000,2025,"Concreting of Brgy. Tagba-o FMR (Phase II), Brgy. Tagba-o, Cebu City, Cebu",15000000,0.478,3,-5000000,HB 10858 Vol I-B p. 712,GAA-2025 · Department of Agriculture (DA) · Office of the Secretary,,,,not stated,one side stated,Prior Phase 2 only,False
fmr,2027,HB10858-FMR-0712-028,"Construction of Brgy. Habuhab FMR, Brgy. Habuhab, Culaba, Biliran",15000000,2025,"Concreting of Brgy. Tucdao FMR (Phase II), Brgy. Tucdao, Kawayan, Biliran",15000000,0.537,1,0,HB 10858 Vol I-B p. 712,GAA-2025 · Department of Agriculture (DA) · Office of the Secretary,,,,not stated,one side stated,Prior Phase 2 only,False
fmr,2027,HB10858-FMR-0712-028,"Construction of Brgy. Habuhab FMR, Brgy. Habuhab, Culaba, Biliran",15000000,2025,"Concreting of FMR at Brgy. Bambang, Candaba, Pampanga",20000000,0.484,2,-5000000,HB 10858 Vol I-B p. 712,GAA-2025 · Department of Agriculture (DA) · Office of the Secretary,,,,not stated,not stated,,False
fmr,2027,HB10858-FMR-0712-028,"Construction of Brgy. Habuhab FMR, Brgy. Habuhab, Culaba, Biliran",15000000,2025,"Concreting of Brgy. Mabaca FMR Phase II, Brgy. Mabaca, Balbalan, Kalinga",10000000,0.471,3,5000000,HB 10858 Vol I-B p. 712,GAA-2025 · Department of Agriculture (DA) · Office of the Secretary,,,,not stated,one side stated,Prior Phase 2 only,False
fmr,2027,HB10858-FMR-0712-029,"Concreting of Brgy. Bactas-Tinabyonan-Guinabucan -Agsuwao FMR, Catmon, Cebu",30000000,2025,"Concreting of Brgy. Cabasiangan FMR (Phase II), Brgy. Cabasiangan, Balamban, Cebu",15000000,0.495,1,15000000,HB 10858 Vol I-B p. 712,GAA-2025 · Department of Agriculture (DA) · Office of the Secretary,,,,not stated,one side stated,Prior Phase 2 only,False
fmr,2027,HB10858-FMR-0712-029,"Concreting of Brgy. Bactas-Tinabyonan-Guinabucan -Agsuwao FMR, Catmon, Cebu",30000000,2025,"Concreting of Brgy. Sudlon II FMR (Phase II), Brgy. Sudlon II, Cebu City, Cebu",15000000,0.378,2,15000000,HB 10858 Vol I-B p. 712,GAA-2025 · Department of Agriculture (DA) · Office of the Secretary,,,,not stated,one side stated,Prior Phase 2 only,False
fmr,2027,HB10858-FMR-0712-029,"Concreting of Brgy. Bactas-Tinabyonan-Guinabucan -Agsuwao FMR, Catmon, Cebu",30000000,2025,"Concreting of Brgy. Tagba-o FMR (Phase II), Brgy. Tagba-o, Cebu City, Cebu",15000000,0.372,3,15000000,HB 10858 Vol I-B p. 712,GAA-2025 · Department of Agriculture (DA) · Office of the Secretary,,,,not stated,one side stated,Prior Phase 2 only,False
fmr,2027,HB10858-FMR-0712-030,"Construction of Brgy. Paya FMR, Brgy. Paya, Giporlos, Eastern Samar",30000000,2025,"Concreting of FMR at Brgy. Sauring to Brgy. Iwayan (Phase II), Oras, Eastern Samar",50000000,0.658,1,-20000000,HB 10858 Vol I-B p. 712,GAA-2025 · Department of Agriculture (DA) · Office of the Secretary,,,,not stated,one side stated,Prior Phase 2 only,False
fmr,2027,HB10858-FMR-0712-030,"Construction of Brgy. Paya FMR, Brgy. Paya, Giporlos, Eastern Samar",30000000,2025,"Concreting of FMR at Brgy. Alang-alang to Brgy. Cadian (Phase II), Oras, Eastern Samar",50000000,0.65,2,-20000000,HB 10858 Vol I-B p. 712,GAA-2025 · Department of Agriculture (DA) · Office of the Secretary,,,,not stated,one side stated,Prior Phase 2 only,False
fmr,2027,HB10858-FMR-0712-030,"Construction of Brgy. Paya FMR, Brgy. Paya, Giporlos, Eastern Samar",30000000,2025,"Concreting of Brgy. Polangi - Paticua FMR Phase IV, Brgy. Polangi and Brgy. Paticua, Catarman, Northern Samar",25000000,0.505,3,5000000,HB 10858 Vol I-B p. 712,GAA-2025 · Department of Agriculture (DA) · Office of the Secretary,,,,not stated,one side stated,Prior Phase 4 only,False
fmr,2027,HB10858-FMR-0714-001,"Construction of Brgy. Talolora to Sitio Canamucan FMR, Brgy. Talolora, Mondragon,",15000000,2025,"Concreting of Brgy. Bales to Sitio Lebe FMR (Phase II), Brgy. Bales, Maasim, Sarangani",15000000,0.5,1,0,HB 10858 Vol I-B p. 714,GAA-2025 · Department of Agriculture (DA) · Office of the Secretary,,,,not stated,one side stated,Prior Phase 2 only,False
fmr,2027,HB10858-FMR-0714-001,"Construction of Brgy. Talolora to Sitio Canamucan FMR, Brgy. Talolora, Mondragon,",15000000,2025,"Concreting of Sitio Dep-ang to Sitio Bilis, Brgy. Santo Tomas FMR Phase III, Brgy. Santo Tomas, Baguio City",10000000,0.441,2,5000000,HB 10858 Vol I-B p. 714,GAA-2025 · Department of Agriculture (DA) · Office of the Secretary,,,,not stated,one side stated,Prior Phase 3 only,False
fmr,2027,HB10858-FMR-0714-001,"Construction of Brgy. Talolora to Sitio Canamucan FMR, Brgy. Talolora, Mondragon,",15000000,2025,"Concreting of FMR at Zone 1 to Sitio Baluno, Brgy. Salaan, Zamboanga City",15000000,0.429,3,0,HB 10858 Vol I-B p. 714,GAA-2025 · Department of Agriculture (DA) · Office of the Secretary,,,,not stated,not stated,,False
fmr,2027,HB10858-FMR-0714-002,"Concreting of Brgy. E. J. Dulay, Laoang - Brgy. Nagbobtac, Palapag FMR, (Phase II), Laoang and Palapag, Northern Samar",24000000,2025,"Concreting of Brgy. Polangi - Paticua FMR Phase IV, Brgy. Polangi and Brgy. Paticua, Catarman, Northern Samar",25000000,0.583,1,-1000000,HB 10858 Vol I-B p. 714,GAA-2025 · Department of Agriculture (DA) · Office of the Secretary,,,,not stated,different tranche,Phase 2 vs 4,True
fmr,2027,HB10858-FMR-0714-002,"Concreting of Brgy. E. J. Dulay, Laoang - Brgy. Nagbobtac, Palapag FMR, (Phase II), Laoang and Palapag, Northern Samar",24000000,2025,"Concreting of Brgy. Libjo to Brgy. Daganas to Brgy. Old Rizal FMR (Phase II), Brgys. Libjo, Daganas and Old Rizal, Catarman, Northern Samar",15000000,0.516,2,9000000,HB 10858 Vol I-B p. 714,GAA-2025 · Department of Agriculture (DA) · Office of the Secretary,,,,not stated,same tranche,,False
fmr,2027,HB10858-FMR-0714-002,"Concreting of Brgy. E. J. Dulay, Laoang - Brgy. Nagbobtac, Palapag FMR, (Phase II), Laoang and Palapag, Northern Samar",24000000,2025,"Concreting of FMR at Brgy. Alang-alang to Brgy. Cadian (Phase II), Oras, Eastern Samar",50000000,0.482,3,-26000000,HB 10858 Vol I-B p. 714,GAA-2025 · Department of Agriculture (DA) · Office of the Secretary,,,,not stated,same tranche,,False
fmr,2027,HB10858-FMR-0714-003,"Construction of Brgy. Santa Catalina to Brgy. La Trinidad FMR, Brgy. Santa Catalina and",15000000,2025,Farm-to-Market Road (FMR) Network Planning and Monitoring Services,2344000,0.242,1,12656000,HB 10858 Vol I-B p. 714,GAA-2025 · Department of Agriculture (DA) · Office of the Secretary,,,,not stated,not stated,,False
fmr,2027,HB10858-FMR-0714-003,"Construction of Brgy. Santa Catalina to Brgy. La Trinidad FMR, Brgy. Santa Catalina and",15000000,2025,Farm-to-Market Road (FMR) Network Planning and Monitoring Services,7537000,0.242,2,7463000,HB 10858 Vol I-B p. 714,GAA-2025 · Department of Agriculture (DA) · Office of the Secretary,,,,not stated,not stated,,False
fmr,2027,HB10858-FMR-0714-003,"Construction of Brgy. Santa Catalina to Brgy. La Trinidad FMR, Brgy. Santa Catalina and",15000000,2025,Farm-to-Market Road (FMR) Network Planning and Monitoring Services,185000,0.242,3,14815000,HB 10858 Vol I-B p. 714,GAA-2025 · Department of Agriculture (DA) · Office of the Secretary,,,,not stated,not stated,,False
fmr,2027,HB10858-FMR-0714-004,"Concreting of Brgy. Bagacay FMR Phase II, Brgy. Bagacay, Lapinig, Northern Samar",15000000,2025,"Concreting of Brgy. Polangi - Paticua FMR Phase IV, Brgy. Polangi and Brgy. Paticua, Catarman, Northern Samar",25000000,0.634,1,-10000000,HB 10858 Vol I-B p. 714,GAA-2025 · Department of Agriculture (DA) · Office of the Secretary,,,,not stated,different tranche,Phase 2 vs 4,True
fmr,2027,HB10858-FMR-0714-004,"Concreting of Brgy. Bagacay FMR Phase II, Brgy. Bagacay, Lapinig, Northern Samar",15000000,2025,"Concreting of Brgy. Mabaca FMR Phase II, Brgy. Mabaca, Balbalan, Kalinga",10000000,0.526,2,5000000,HB 10858 Vol I-B p. 714,GAA-2025 · Department of Agriculture (DA) · Office of the Secretary,,,,not stated,same tranche,,False
fmr,2027,HB10858-FMR-0714-004,"Concreting of Brgy. Bagacay FMR Phase II, Brgy. Bagacay, Lapinig, Northern Samar",15000000,2025,"Concreting of FMR at Brgy. Sauring to Brgy. Iwayan (Phase II), Oras, Eastern Samar",50000000,0.512,3,-35000000,HB 10858 Vol I-B p. 714,GAA-2025 · Department of Agriculture (DA) · Office of the Secretary,,,,not stated,same tranche,,False
fmr,2027,HB10858-FMR-0714-005,"Concreting of Brgy. Tuyo - Brgy. Wilson - Brgy. Ormocay FMR, Brgy. Tuyo, MacArthur",15000000,2025,"Concreting of Brgy. Catacte FMR Brgy. Catacte, Bustos, Bulacan",5000000,0.389,1,10000000,HB 10858 Vol I-B p. 714,GAA-2025 · Department of Agriculture (DA) · Office of the Secretary,,,,not stated,not stated,,False
fmr,2027,HB10858-FMR-0714-005,"Concreting of Brgy. Tuyo - Brgy. Wilson - Brgy. Ormocay FMR, Brgy. Tuyo, MacArthur",15000000,2025,"Concreting of Brgy. Guiddam FMR (Phase II), Brgy. Guiddam, Abulug, Cagayan",10000000,0.361,2,5000000,HB 10858 Vol I-B p. 714,GAA-2025 · Department of Agriculture (DA) · Office of the Secretary,,,,not stated,one side stated,Prior Phase 2 only,False
fmr,2027,HB10858-FMR-0714-005,"Concreting of Brgy. Tuyo - Brgy. Wilson - Brgy. Ormocay FMR, Brgy. Tuyo, MacArthur",15000000,2025,"Concreting of Brgy. Caluangan FMR (Phase I), Brgy. Caluangan, Magallanes, Cavite",15000000,0.354,3,0,HB 10858 Vol I-B p. 714,GAA-2025 · Department of Agriculture (DA) · Office of the Secretary,,,,not stated,one side stated,Prior Phase 1 only,False
fmr,2027,HB10858-FMR-0714-006,"Construction of Cabaywa-Cabuntoran-Malaguinara FMR, Brgy. Zone 3, San Roque, Northern Samar",15000000,2025,"Concreting of Brgy. Polangi - Paticua FMR Phase IV, Brgy. Polangi and Brgy. Paticua, Catarman, Northern Samar",25000000,0.512,1,-10000000,HB 10858 Vol I-B p. 714,GAA-2025 · Department of Agriculture (DA) · Office of the Secretary,,,,not stated,one side stated,Prior Phase 4 only,False
fmr,2027,HB10858-FMR-0714-006,"Construction of Cabaywa-Cabuntoran-Malaguinara FMR, Brgy. Zone 3, San Roque, Northern Samar",15000000,2025,"Concreting of Brgy. Libjo to Brgy. Daganas to Brgy. Old Rizal FMR (Phase II), Brgys. Libjo, Daganas and Old Rizal, Catarman, Northern Samar",15000000,0.458,2,0,HB 10858 Vol I-B p. 714,GAA-2025 · Department of Agriculture (DA) · Office of the Secretary,,,,not stated,one side stated,Prior Phase 2 only,False
fmr,2027,HB10858-FMR-0714-006,"Construction of Cabaywa-Cabuntoran-Malaguinara FMR, Brgy. Zone 3, San Roque, Northern Samar",15000000,2025,"Concreting of Brgy. Annanuman - Brgy. Dalena FMR Phase III, Brgy. Annanuman, San Pablo, Isabela",10000000,0.456,3,5000000,HB 10858 Vol I-B p. 714,GAA-2025 · Department of Agriculture (DA) · Office of the Secretary,,,,not stated,one side stated,Prior Phase 3 only,False
fmr,2027,HB10858-FMR-0714-007,"Concreting of Brgy. Pongon - Brgy. Villa Imelda FMR, Brgy. Pongon and Brgy. Villa Imelda,",15000000,2025,"Concreting of Brgy. Caluangan FMR (Phase I), Brgy. Caluangan, Magallanes, Cavite",15000000,0.429,1,0,HB 10858 Vol I-B p. 714,GAA-2025 · Department of Agriculture (DA) · Office of the Secretary,,,,not stated,one side stated,Prior Phase 1 only,False
fmr,2027,HB10858-FMR-0714-007,"Concreting of Brgy. Pongon - Brgy. Villa Imelda FMR, Brgy. Pongon and Brgy. Villa Imelda,",15000000,2025,"Concreting of Brgy. Caluangan FMR (Phase II), Brgy. Caluangan, Magallanes, Cavite",10000000,0.429,2,5000000,HB 10858 Vol I-B p. 714,GAA-2025 · Department of Agriculture (DA) · Office of the Secretary,,,,not stated,one side stated,Prior Phase 2 only,False
fmr,2027,HB10858-FMR-0714-007,"Concreting of Brgy. Pongon - Brgy. Villa Imelda FMR, Brgy. Pongon and Brgy. Villa Imelda,",15000000,2025,"Concreting of FMR at Brgy. Salapungan, Candaba, Pampanga",30000000,0.351,3,-15000000,HB 10858 Vol I-B p. 714,GAA-2025 · Department of Agriculture (DA) · Office of the Secretary,,,,not stated,not stated,,False
fmr,2027,HB10858-FMR-0714-008,"Construction of Bagsang-Cabaywa-Parigoan Galutan FMR, Brgy. Balud and Brgy. Zone 3, San Roque, Northern Samar",15000000,2025,"Concreting of Brgy. Polangi - Paticua FMR Phase IV, Brgy. Polangi and Brgy. Paticua, Catarman, Northern Samar",25000000,0.496,1,-10000000,HB 10858 Vol I-B p. 714,GAA-2025 · Department of Agriculture (DA) · Office of the Secretary,,,,not stated,one side stated,Prior Phase 4 only,False
fmr,2027,HB10858-FMR-0714-008,"Construction of Bagsang-Cabaywa-Parigoan Galutan FMR, Brgy. Balud and Brgy. Zone 3, San Roque, Northern Samar",15000000,2025,"Concreting of Brgy. Libjo to Brgy. Daganas to Brgy. Old Rizal FMR (Phase II), Brgys. Libjo, Daganas and Old Rizal, Catarman, Northern Samar",15000000,0.46,2,0,HB 10858 Vol I-B p. 714,GAA-2025 · Department of Agriculture (DA) · Office of the Secretary,,,,not stated,one side stated,Prior Phase 2 only,False
fmr,2027,HB10858-FMR-0714-008,"Construction of Bagsang-Cabaywa-Parigoan Galutan FMR, Brgy. Balud and Brgy. Zone 3, San Roque, Northern Samar",15000000,2025,"Concreting of Brgy. Bagong Barrio FMR Phase I, Brgy. Bagong Barrio, San Ildefonso, Bulacan",15000000,0.457,3,0,HB 10858 Vol I-B p. 714,GAA-2025 · Department of Agriculture (DA) · Office of the Secretary,,,,not stated,one side stated,Prior Phase 1 only,False
fmr,2027,HB10858-FMR-0714-009,"Construction of Brgy. Alangilan - Brgy. Tuy-a FMR, Brgy. Alangilan and Brgy. Tuy-a,",15000000,2025,"Concreting of Brgy. Alangilan FMR Phase I, Brgy. Alangilan, Bacolod City",15000000,0.732,1,0,HB 10858 Vol I-B p. 714,GAA-2025 · Department of Agriculture (DA) · Office of the Secretary,,,,not stated,one side stated,Prior Phase 1 only,False
fmr,2027,HB10858-FMR-0714-009,"Construction of Brgy. Alangilan - Brgy. Tuy-a FMR, Brgy. Alangilan and Brgy. Tuy-a,",15000000,2025,"Concreting of Brgy. Alangilan FMR Phase II, Brgy. Alangilan, Bacolod City, Negros Occidental",15000000,0.629,2,0,HB 10858 Vol I-B p. 714,GAA-2025 · Department of Agriculture (DA) · Office of the Secretary,,,,not stated,one side stated,Prior Phase 2 only,False
fmr,2027,HB10858-FMR-0714-009,"Construction of Brgy. Alangilan - Brgy. Tuy-a FMR, Brgy. Alangilan and Brgy. Tuy-a,",15000000,2025,"Concreting of FMR at Brgy. Talang, Candaba, Pampanga",20000000,0.452,3,-5000000,HB 10858 Vol I-B p. 714,GAA-2025 · Department of Agriculture (DA) · Office of the Secretary,,,,not stated,not stated,,False
fmr,2027,HB10858-FMR-0714-010,"Concreting of Brgy. Canhumadac to Brgy. Helino FMR, Brgy. Canhumadac and Brgy. Helino, Calbayog City, Samar",30000000,2025,"Concreting of Brgy. Granada FMR Phase I, Brgy. Granada, Bacolod City",15000000,0.511,1,15000000,HB 10858 Vol I-B p. 714,GAA-2025 · Department of Agriculture (DA) · Office of the Secretary,,,,not stated,one side stated,Prior Phase 1 only,False
fmr,2027,HB10858-FMR-0714-010,"Concreting of Brgy. Canhumadac to Brgy. Helino FMR, Brgy. Canhumadac and Brgy. Helino, Calbayog City, Samar",30000000,2025,"Concreting of Brgy. Cabunbata FMR Phase II, Brgy. Cabunbata, Isabela City, Basilan",21000000,0.509,2,9000000,HB 10858 Vol I-B p. 714,GAA-2025 · Department of Agriculture (DA) · Office of the Secretary,,,,not stated,one side stated,Prior Phase 2 only,False
fmr,2027,HB10858-FMR-0714-010,"Concreting of Brgy. Canhumadac to Brgy. Helino FMR, Brgy. Canhumadac and Brgy. Helino, Calbayog City, Samar",30000000,2025,"Concreting of Brgy. Paglaum to Brgy. Palanog FMR (Phase II), Brgy. Paglaum and Brgy. Palanog, Tacloban City",100000000,0.491,3,-70000000,HB 10858 Vol I-B p. 714,GAA-2025 · Department of Agriculture (DA) · Office of the Secretary,,,,not stated,one side stated,Prior Phase 2 only,False
fmr,2027,HB10858-FMR-0714-011,"Construction of Brgy. Bayabas - Sitio Kabotosan FMR, Brgy. Bayabas, Abuyog, Leyte",15000000,2025,"Concreting of FMR at Sitio Atagon to Brgy. San Antonio, Palo, Leyte",15000000,0.533,1,0,HB 10858 Vol I-B p. 714,GAA-2025 · Department of Agriculture (DA) · Office of the Secretary,,,,not stated,not stated,,False
fmr,2027,HB10858-FMR-0714-011,"Construction of Brgy. Bayabas - Sitio Kabotosan FMR, Brgy. Bayabas, Abuyog, Leyte",15000000,2025,"Concreting of FMR at Sitio Calbayogay, Brgy. Cabadsan, Alangalang, Leyte",15000000,0.511,2,0,HB 10858 Vol I-B p. 714,GAA-2025 · Department of Agriculture (DA) · Office of the Secretary,,,,not stated,not stated,,False
fmr,2027,HB10858-FMR-0714-011,"Construction of Brgy. Bayabas - Sitio Kabotosan FMR, Brgy. Bayabas, Abuyog, Leyte",15000000,2025,"Concreting of Brgy. Impo to Brgy. Canap FMR Phase II, Brgy. Impo and Brgy. Canap, San Miguel, Leyte",15000000,0.495,3,0,HB 10858 Vol I-B p. 714,GAA-2025 · Department of Agriculture (DA) · Office of the Secretary,,,,not stated,one side stated,Prior Phase 2 only,False
fmr,2027,HB10858-FMR-0714-012,"Construction of Brgy. San Roque FMR, Brgy. San Roque, Marabut, Samar",15000000,2025,"Concreting of FMR at Brgy. San Juan, Apalit, Pampanga",25000000,0.523,1,-10000000,HB 10858 Vol I-B p. 714,GAA-2025 · Department of Agriculture (DA) · Office of the Secretary,,,,not stated,not stated,,False
fmr,2027,HB10858-FMR-0714-012,"Construction of Brgy. San Roque FMR, Brgy. San Roque, Marabut, Samar",15000000,2025,"Concreting of FMR at Brgy. San Agustin, Candaba, Pampanga",25000000,0.493,2,-10000000,HB 10858 Vol I-B p. 714,GAA-2025 · Department of Agriculture (DA) · Office of the Secretary,,,,not stated,not stated,,False
fmr,2027,HB10858-FMR-0714-012,"Construction of Brgy. San Roque FMR, Brgy. San Roque, Marabut, Samar",15000000,2025,"Concreting of FMR at Brgy. Malativas to Brgy. San Roque, Panabo City, Davao del Norte",100000000,0.484,3,-85000000,HB 10858 Vol I-B p. 714,GAA-2025 · Department of Agriculture (DA) · Office of the Secretary,,,,not stated,not stated,,False
fmr,2027,HB10858-FMR-0714-013,"Concreting of Brgy. Burabod FMR, Brgy. Burabod, Biliran, Biliran",15000000,2025,"Concreting of Brgy. Tucdao FMR (Phase II), Brgy. Tucdao, Kawayan, Biliran",15000000,0.647,1,0,HB 10858 Vol I-B p. 714,GAA-2025 · Department of Agriculture (DA) · Office of the Secretary,,,,not stated,one side stated,Prior Phase 2 only,False
fmr,2027,HB10858-FMR-0714-013,"Concreting of Brgy. Burabod FMR, Brgy. Burabod, Biliran, Biliran",15000000,2025,"Concreting of Brgy. Mabaca FMR Phase II, Brgy. Mabaca, Balbalan, Kalinga",10000000,0.522,2,5000000,HB 10858 Vol I-B p. 714,GAA-2025 · Department of Agriculture (DA) · Office of the Secretary,,,,not stated,one side stated,Prior Phase 2 only,False
fmr,2027,HB10858-FMR-0714-013,"Concreting of Brgy. Burabod FMR, Brgy. Burabod, Biliran, Biliran",15000000,2025,"Concreting of FMR at Brgy. Mandili, Candaba, Pampanga",35000000,0.444,3,-20000000,HB 10858 Vol I-B p. 714,GAA-2025 · Department of Agriculture (DA) · Office of the Secretary,,,,not stated,not stated,,False
fmr,2027,HB10858-FMR-0714-014,"Construction of Brgy. Obayan to Brgy. Loctob FMR, Brgy. Obayan and Brgy. Loctob, Pinabacdao, Samar",15000000,2025,"Concreting of FMR at Brgy. Alang-alang to Brgy. Cadian (Phase II), Oras, Eastern Samar",50000000,0.442,1,-35000000,HB 10858 Vol I-B p. 714,GAA-2025 · Department of Agriculture (DA) · Office of the Secretary,,,,not stated,one side stated,Prior Phase 2 only,False
fmr,2027,HB10858-FMR-0714-014,"Construction of Brgy. Obayan to Brgy. Loctob FMR, Brgy. Obayan and Brgy. Loctob, Pinabacdao, Samar",15000000,2025,Farm-to-Market Road (FMR) Network Planning and Monitoring Services,2344000,0.404,2,12656000,HB 10858 Vol I-B p. 714,GAA-2025 · Department of Agriculture (DA) · Office of the Secretary,,,,not stated,not stated,,False
fmr,2027,HB10858-FMR-0714-014,"Construction of Brgy. Obayan to Brgy. Loctob FMR, Brgy. Obayan and Brgy. Loctob, Pinabacdao, Samar",15000000,2025,Farm-to-Market Road (FMR) Network Planning and Monitoring Services,7537000,0.404,3,7463000,HB 10858 Vol I-B p. 714,GAA-2025 · Department of Agriculture (DA) · Office of the Secretary,,,,not stated,not stated,,False
fmr,2027,HB10858-FMR-0714-015,"Concreting of Brgy. Bool-West FMR (Phase II), Brgy. Bool-West, Culaba, Biliran",15000000,2025,"Concreting of Brgy. Tucdao FMR (Phase II), Brgy. Tucdao, Kawayan, Biliran",15000000,0.535,1,0,HB 10858 Vol I-B p. 714,GAA-2025 · Department of Agriculture (DA) · Office of the Secretary,,,,not stated,same tranche,,False
fmr,2027,HB10858-FMR-0714-015,"Concreting of Brgy. Bool-West FMR (Phase II), Brgy. Bool-West, Culaba, Biliran",15000000,2025,"Concreting of FMR at Brgy. Lourdes, Candaba, Pampanga",20000000,0.455,2,-5000000,HB 10858 Vol I-B p. 714,GAA-2025 · Department of Agriculture (DA) · Office of the Secretary,,,,not stated,one side stated,Current Phase 2 only,False
fmr,2027,HB10858-FMR-0714-015,"Concreting of Brgy. Bool-West FMR (Phase II), Brgy. Bool-West, Culaba, Biliran",15000000,2025,"Concreting of FMR at Brgy. Barit, Candaba, Pampanga",25000000,0.438,3,-10000000,HB 10858 Vol I-B p. 714,GAA-2025 · Department of Agriculture (DA) · Office of the Secretary,,,,not stated,one side stated,Current Phase 2 only,False
fmr,2027,HB10858-FMR-0714-016,"Construction of Brgy. Silijagon-Sitio Pangudtan FMR, Brgy. Silijagon, Mapanas, Northern Samar",50000000,2025,"Concreting of Brgy. Libjo to Brgy. Daganas to Brgy. Old Rizal FMR (Phase II), Brgys. Libjo, Daganas and Old Rizal, Catarman, Northern Samar",15000000,0.55,1,35000000,HB 10858 Vol I-B p. 714,GAA-2025 · Department of Agriculture (DA) · Office of the Secretary,,,,not stated,one side stated,Prior Phase 2 only,False
fmr,2027,HB10858-FMR-0714-016,"Construction of Brgy. Silijagon-Sitio Pangudtan FMR, Brgy. Silijagon, Mapanas, Northern Samar",50000000,2025,"Concreting of Brgy. Polangi - Paticua FMR Phase IV, Brgy. Polangi and Brgy. Paticua, Catarman, Northern Samar",25000000,0.545,2,25000000,HB 10858 Vol I-B p. 714,GAA-2025 · Department of Agriculture (DA) · Office of the Secretary,,,,not stated,one side stated,Prior Phase 4 only,False
fmr,2027,HB10858-FMR-0714-016,"Construction of Brgy. Silijagon-Sitio Pangudtan FMR, Brgy. Silijagon, Mapanas, Northern Samar",50000000,2025,"Concreting of Sitio Kankinaway-Sitio Laoangan-Sitio Rombang, Brgy. Poblacion 7 to Sitio Ilong Bukid, Brgy. Cababto-an FMR (Phase III), Brgy. Poblacion 7 and Brgy. Cababto-an, Pambujan, Northern Samar",15000000,0.485,3,35000000,HB 10858 Vol I-B p. 714,GAA-2025 · Department of Agriculture (DA) · Office of the Secretary,,,,not stated,one side stated,Prior Phase 3 only,False
fmr,2027,HB10858-FMR-0714-017,"Construction of Brgy. San Andres FMR, Brgy. San Andres, Catbalogan, Samar",53200000,2025,"Concreting of Brgy. Polangi - Paticua FMR Phase IV, Brgy. Polangi and Brgy. Paticua, Catarman, Northern Samar",25000000,0.515,1,28200000,HB 10858 Vol I-B p. 714,GAA-2025 · Department of Agriculture (DA) · Office of the Secretary,,,,not stated,one side stated,Prior Phase 4 only,False
fmr,2027,HB10858-FMR-0714-017,"Construction of Brgy. San Andres FMR, Brgy. San Andres, Catbalogan, Samar",53200000,2025,"Concreting of FMR at Brgy. San Agustin, Candaba, Pampanga",25000000,0.459,2,28200000,HB 10858 Vol I-B p. 714,GAA-2025 · Department of Agriculture (DA) · Office of the Secretary,,,,not stated,not stated,,False
fmr,2027,HB10858-FMR-0714-017,"Construction of Brgy. San Andres FMR, Brgy. San Andres, Catbalogan, Samar",53200000,2025,"Concreting of Brgy. Annanuman - Brgy. Dalena FMR Phase III, Brgy. Annanuman, San Pablo, Isabela",10000000,0.444,3,43200000,HB 10858 Vol I-B p. 714,GAA-2025 · Department of Agriculture (DA) · Office of the Secretary,,,,not stated,one side stated,Prior Phase 3 only,False
fmr,2027,HB10858-FMR-0714-018,"Construction of Brgy. Cambaro FMR, Brgy. Cambaro, Macrohon, Southern Leyte",15000000,2025,"Concreting of FMR at Brgy. Cogon, Tanauan, Leyte",15000000,0.515,1,0,HB 10858 Vol I-B p. 714,GAA-2025 · Department of Agriculture (DA) · Office of the Secretary,,,,not stated,not stated,,False
fmr,2027,HB10858-FMR-0714-018,"Construction of Brgy. Cambaro FMR, Brgy. Cambaro, Macrohon, Southern Leyte",15000000,2025,"Concreting of FMR at Brgy. Tibak to Brgy. Bulod, Sta. Fe, Leyte",15000000,0.514,2,0,HB 10858 Vol I-B p. 714,GAA-2025 · Department of Agriculture (DA) · Office of the Secretary,,,,not stated,not stated,,False
fmr,2027,HB10858-FMR-0714-018,"Construction of Brgy. Cambaro FMR, Brgy. Cambaro, Macrohon, Southern Leyte",15000000,2025,"Concreting of Brgy. Calaasan to Brgy. Bugho FMR (Phase II), Brgy. Calaasan and Brgy. Bugho, Alangalang, Leyte",15000000,0.479,3,0,HB 10858 Vol I-B p. 714,GAA-2025 · Department of Agriculture (DA) · Office of the Secretary,,,,not stated,one side stated,Prior Phase 2 only,False
fmr,2027,HB10858-FMR-0714-019,"Concreting of Brgy. Bugtong - Brgy. Bayo FMR, Brgy. Bugtong and Brgy. Bayo, Calbayog City, Samar",10000000,2025,"Concreting of Brgy. Cabunbata FMR Phase II, Brgy. Cabunbata, Isabela City, Basilan",21000000,0.581,1,-11000000,HB 10858 Vol I-B p. 714,GAA-2025 · Department of Agriculture (DA) · Office of the Secretary,,,,not stated,one side stated,Prior Phase 2 only,False
fmr,2027,HB10858-FMR-0714-019,"Concreting of Brgy. Bugtong - Brgy. Bayo FMR, Brgy. Bugtong and Brgy. Bayo, Calbayog City, Samar",10000000,2025,"Concreting of Brgy. Tagba-o FMR (Phase II), Brgy. Tagba-o, Cebu City, Cebu",15000000,0.53,2,-5000000,HB 10858 Vol I-B p. 714,GAA-2025 · Department of Agriculture (DA) · Office of the Secretary,,,,not stated,one side stated,Prior Phase 2 only,False
fmr,2027,HB10858-FMR-0714-019,"Concreting of Brgy. Bugtong - Brgy. Bayo FMR, Brgy. Bugtong and Brgy. Bayo, Calbayog City, Samar",10000000,2025,"Concreting of Brgy. Granada FMR Phase I, Brgy. Granada, Bacolod City",15000000,0.519,3,-5000000,HB 10858 Vol I-B p. 714,GAA-2025 · Department of Agriculture (DA) · Office of the Secretary,,,,not stated,one side stated,Prior Phase 1 only,False
fmr,2027,HB10858-FMR-0714-020,"Construction of Sitio Mojon, Brgy. Libas to Brgy. Ocad FMR, Brgy. Libas, Lavezares, Northern Samar",15000000,2025,"Concreting of Brgy. Libjo to Brgy. Daganas to Brgy. Old Rizal FMR (Phase II), Brgys. Libjo, Daganas and Old Rizal, Catarman, Northern Samar",15000000,0.558,1,0,HB 10858 Vol I-B p. 714,GAA-2025 · Department of Agriculture (DA) · Office of the Secretary,,,,not stated,one side stated,Prior Phase 2 only,False
fmr,2027,HB10858-FMR-0714-020,"Construction of Sitio Mojon, Brgy. Libas to Brgy. Ocad FMR, Brgy. Libas, Lavezares, Northern Samar",15000000,2025,"Concreting of FMR at Brgy. Alang-alang to Brgy. Cadian (Phase II), Oras, Eastern Samar",50000000,0.558,2,-35000000,HB 10858 Vol I-B p. 714,GAA-2025 · Department of Agriculture (DA) · Office of the Secretary,,,,not stated,one side stated,Prior Phase 2 only,False
fmr,2027,HB10858-FMR-0714-020,"Construction of Sitio Mojon, Brgy. Libas to Brgy. Ocad FMR, Brgy. Libas, Lavezares, Northern Samar",15000000,2025,"Concreting of FMR at Brgy. Sauring to Brgy. Iwayan (Phase II), Oras, Eastern Samar",50000000,0.48,3,-35000000,HB 10858 Vol I-B p. 714,GAA-2025 · Department of Agriculture (DA) · Office of the Secretary,,,,not stated,one side stated,Prior Phase 2 only,False
fmr,2027,HB10858-FMR-0714-021,"Construction of Brgy. San Miguel - Brgy. Maca-anga FMR, Llorente, Eastern Samar",20000000,2025,"Concreting of FMR at Brgy. Alang-alang to Brgy. Cadian (Phase II), Oras, Eastern Samar",50000000,0.484,1,-30000000,HB 10858 Vol I-B p. 714,GAA-2025 · Department of Agriculture (DA) · Office of the Secretary,,,,not stated,one side stated,Prior Phase 2 only,False
fmr,2027,HB10858-FMR-0714-021,"Construction of Brgy. San Miguel - Brgy. Maca-anga FMR, Llorente, Eastern Samar",20000000,2025,"Concreting of FMR at Brgy. Sauring to Brgy. Iwayan (Phase II), Oras, Eastern Samar",50000000,0.46,2,-30000000,HB 10858 Vol I-B p. 714,GAA-2025 · Department of Agriculture (DA) · Office of the Secretary,,,,not stated,one side stated,Prior Phase 2 only,False
fmr,2027,HB10858-FMR-0714-021,"Construction of Brgy. San Miguel - Brgy. Maca-anga FMR, Llorente, Eastern Samar",20000000,2025,"Concreting of FMR at Brgy. Biclat, San Miguel, Bulacan",15000000,0.395,3,5000000,HB 10858 Vol I-B p. 714,GAA-2025 · Department of Agriculture (DA) · Office of the Secretary,,,,not stated,not stated,,False
fmr,2027,HB10858-FMR-0714-022,"Construction of Brgy. San Isidro to Brgy. San Juan FMR, Brgy. San Isidro,",30000000,2025,"Concreting of FMR at Brgy. San Isidro to Sitio Banawag, Sta. Fe, Leyte",15000000,0.543,1,15000000,HB 10858 Vol I-B p. 714,GAA-2025 · Department of Agriculture (DA) · Office of the Secretary,,,,not stated,not stated,,False
fmr,2027,HB10858-FMR-0714-022,"Construction of Brgy. San Isidro to Brgy. San Juan FMR, Brgy. San Isidro,",30000000,2025,"Concreting of FMR at Brgy. San Pablo to Brgy. San Agustin, Magalang, Pampanga",35000000,0.482,2,-5000000,HB 10858 Vol I-B p. 714,GAA-2025 · Department of Agriculture (DA) · Office of the Secretary,,,,not stated,not stated,,False
fmr,2027,HB10858-FMR-0714-022,"Construction of Brgy. San Isidro to Brgy. San Juan FMR, Brgy. San Isidro,",30000000,2025,"Concreting of Brgy. Impo to Brgy. Canap FMR Phase II, Brgy. Impo and Brgy. Canap, San Miguel, Leyte",15000000,0.463,3,15000000,HB 10858 Vol I-B p. 714,GAA-2025 · Department of Agriculture (DA) · Office of the Secretary,,,,not stated,one side stated,Prior Phase 2 only,False
fmr,2027,HB10858-FMR-0714-023,"Concreting of Brgy. Luna - Brgy. Nipa FMR, Brgy. Luna and Brgy. Nipa, Tagapul-an, Samar",13200000,2025,"Concreting of FMR at Brgy. Alang-alang to Brgy. Cadian (Phase II), Oras, Eastern Samar",50000000,0.5,1,-36800000,HB 10858 Vol I-B p. 714,GAA-2025 · Department of Agriculture (DA) · Office of the Secretary,,,,not stated,one side stated,Prior Phase 2 only,False
fmr,2027,HB10858-FMR-0714-023,"Concreting of Brgy. Luna - Brgy. Nipa FMR, Brgy. Luna and Brgy. Nipa, Tagapul-an, Samar",13200000,2025,"Concreting of Brgy. Polangi - Paticua FMR Phase IV, Brgy. Polangi and Brgy. Paticua, Catarman, Northern Samar",25000000,0.485,2,-11800000,HB 10858 Vol I-B p. 714,GAA-2025 · Department of Agriculture (DA) · Office of the Secretary,,,,not stated,one side stated,Prior Phase 4 only,False
fmr,2027,HB10858-FMR-0714-023,"Concreting of Brgy. Luna - Brgy. Nipa FMR, Brgy. Luna and Brgy. Nipa, Tagapul-an, Samar",13200000,2025,"Concreting of FMR at Brgy. Turu, Magalang, Pampanga",35000000,0.485,3,-21800000,HB 10858 Vol I-B p. 714,GAA-2025 · Department of Agriculture (DA) · Office of the Secretary,,,,not stated,not stated,,False
fmr,2027,HB10858-FMR-0714-024,"Concreting of Brgy. Libertad - Brgy. Roxas FMR, Brgy. Libertad and Brgy. Roxas 1,",13200000,2025,"Concreting of Brgy. Catacte FMR Brgy. Catacte, Bustos, Bulacan",5000000,0.377,1,8200000,HB 10858 Vol I-B p. 714,GAA-2025 · Department of Agriculture (DA) · Office of the Secretary,,,,not stated,not stated,,False
fmr,2027,HB10858-FMR-0714-024,"Concreting of Brgy. Libertad - Brgy. Roxas FMR, Brgy. Libertad and Brgy. Roxas 1,",13200000,2025,"Concreting of FMR at Brgy. Malioer, Bayambang, Pangasinan",10000000,0.358,2,3200000,HB 10858 Vol I-B p. 714,GAA-2025 · Department of Agriculture (DA) · Office of the Secretary,,,,not stated,not stated,,False
fmr,2027,HB10858-FMR-0714-024,"Concreting of Brgy. Libertad - Brgy. Roxas FMR, Brgy. Libertad and Brgy. Roxas 1,",13200000,2025,"Concreting of FMR at Brgy. Coral, Ramos, Tarlac",10000000,0.351,3,3200000,HB 10858 Vol I-B p. 714,GAA-2025 · Department of Agriculture (DA) · Office of the Secretary,,,,not stated,not stated,,False
fmr,2027,HB10858-FMR-0714-025,"Construction of Brgy. Osmeña FMR, Brgy. Osmeña, Lope de Vega, Northern Samar",15000000,2025,"Concreting of Brgy. Polangi - Paticua FMR Phase IV, Brgy. Polangi and Brgy. Paticua, Catarman, Northern Samar",25000000,0.538,1,-10000000,HB 10858 Vol I-B p. 714,GAA-2025 · Department of Agriculture (DA) · Office of the Secretary,,,,not stated,one side stated,Prior Phase 4 only,False
fmr,2027,HB10858-FMR-0714-025,"Construction of Brgy. Osmeña FMR, Brgy. Osmeña, Lope de Vega, Northern Samar",15000000,2025,"Concreting of FMR at Brgy. Alang-alang to Brgy. Cadian (Phase II), Oras, Eastern Samar",50000000,0.517,2,-35000000,HB 10858 Vol I-B p. 714,GAA-2025 · Department of Agriculture (DA) · Office of the Secretary,,,,not stated,one side stated,Prior Phase 2 only,False
fmr,2027,HB10858-FMR-0714-025,"Construction of Brgy. Osmeña FMR, Brgy. Osmeña, Lope de Vega, Northern Samar",15000000,2025,"Concreting of Brgy. Libjo to Brgy. Daganas to Brgy. Old Rizal FMR (Phase II), Brgys. Libjo, Daganas and Old Rizal, Catarman, Northern Samar",15000000,0.485,3,0,HB 10858 Vol I-B p. 714,GAA-2025 · Department of Agriculture (DA) · Office of the Secretary,,,,not stated,one side stated,Prior Phase 2 only,False
fmr,2027,HB10858-FMR-0714-026,"Construction of Brgy. Tarabucan to Brgy. Jacinto FMR, Brgy. Tarabucan and",50000000,2025,Farm-to-Market Road (FMR) Network Planning and Monitoring Services,2344000,0.286,1,47656000,HB 10858 Vol I-B p. 714,GAA-2025 · Department of Agriculture (DA) · Office of the Secretary,,,,not stated,not stated,,False
fmr,2027,HB10858-FMR-0714-026,"Construction of Brgy. Tarabucan to Brgy. Jacinto FMR, Brgy. Tarabucan and",50000000,2025,Farm-to-Market Road (FMR) Network Planning and Monitoring Services,7537000,0.286,2,42463000,HB 10858 Vol I-B p. 714,GAA-2025 · Department of Agriculture (DA) · Office of the Secretary,,,,not stated,not stated,,False
fmr,2027,HB10858-FMR-0714-026,"Construction of Brgy. Tarabucan to Brgy. Jacinto FMR, Brgy. Tarabucan and",50000000,2025,Farm-to-Market Road (FMR) Network Planning and Monitoring Services,185000,0.286,3,49815000,HB 10858 Vol I-B p. 714,GAA-2025 · Department of Agriculture (DA) · Office of the Secretary,,,,not stated,not stated,,False
fmr,2027,HB10858-FMR-0714-027,"Concreting of Brgy. Malobago to Sitio Caodocan, Brgy. Tagharigue FMR, Brgy. Malobago and Brgy. Tagharigue, Calubian, Leyte",36000000,2025,"Concreting of Brgy. Impo to Brgy. Canap FMR Phase II, Brgy. Impo and Brgy. Canap, San Miguel, Leyte",15000000,0.512,1,21000000,HB 10858 Vol I-B p. 714,GAA-2025 · Department of Agriculture (DA) · Office of the Secretary,,,,not stated,one side stated,Prior Phase 2 only,False
fmr,2027,HB10858-FMR-0714-027,"Concreting of Brgy. Malobago to Sitio Caodocan, Brgy. Tagharigue FMR, Brgy. Malobago and Brgy. Tagharigue, Calubian, Leyte",36000000,2025,"Concreting of Sitio Casaguingan, Brgy. Bairan to Brgy. Malaguinabot FMR (Phase II), Brgy. Bairan and Brgy. Malaguinabot, San Miguel, Leyte",15000000,0.497,2,21000000,HB 10858 Vol I-B p. 714,GAA-2025 · Department of Agriculture (DA) · Office of the Secretary,,,,not stated,one side stated,Prior Phase 2 only,False
fmr,2027,HB10858-FMR-0714-027,"Concreting of Brgy. Malobago to Sitio Caodocan, Brgy. Tagharigue FMR, Brgy. Malobago and Brgy. Tagharigue, Calubian, Leyte",36000000,2025,"Concreting of FMR at Sitio Calbayogay, Brgy. Cabadsan, Alangalang, Leyte",15000000,0.475,3,21000000,HB 10858 Vol I-B p. 714,GAA-2025 · Department of Agriculture (DA) · Office of the Secretary,,,,not stated,not stated,,False
fmr,2027,HB10858-FMR-0714-028,"Construction of Brgy. Villahermosa to Brgy. Garrido to Brgy. K. Bugtong FMR,",15000000,2025,"Concreting of FMR at Brgy. Cuayan Bugtong, Candaba, Pampanga",20000000,0.32,1,-5000000,HB 10858 Vol I-B p. 714,GAA-2025 · Department of Agriculture (DA) · Office of the Secretary,,,,not stated,not stated,,False
fmr,2027,HB10858-FMR-0714-028,"Construction of Brgy. Villahermosa to Brgy. Garrido to Brgy. K. Bugtong FMR,",15000000,2025,Farm-to-Market Road (FMR) Network Planning and Monitoring Services,2344000,0.188,2,12656000,HB 10858 Vol I-B p. 714,GAA-2025 · Department of Agriculture (DA) · Office of the Secretary,,,,not stated,not stated,,False
fmr,2027,HB10858-FMR-0714-028,"Construction of Brgy. Villahermosa to Brgy. Garrido to Brgy. K. Bugtong FMR,",15000000,2025,Farm-to-Market Road (FMR) Network Planning and Monitoring Services,7537000,0.188,3,7463000,HB 10858 Vol I-B p. 714,GAA-2025 · Department of Agriculture (DA) · Office of the Secretary,,,,not stated,not stated,,False
fmr,2027,HB10858-FMR-0714-029,"Concreting of Brgy. Anislagan to Brgy. Agas FMR, Brgy. Anislagan and Brgy. Agas, Calubian, Leyte",14000000,2025,"Concreting of Brgy. Calaasan to Brgy. Bugho FMR (Phase II), Brgy. Calaasan and Brgy. Bugho, Alangalang, Leyte",15000000,0.635,1,-1000000,HB 10858 Vol I-B p. 714,GAA-2025 · Department of Agriculture (DA) · Office of the Secretary,,,,not stated,one side stated,Prior Phase 2 only,False
fmr,2027,HB10858-FMR-0714-029,"Concreting of Brgy. Anislagan to Brgy. Agas FMR, Brgy. Anislagan and Brgy. Agas, Calubian, Leyte",14000000,2025,"Concreting of FMR at Brgy. Talolora to Brgy. Amanluran, Tanauan, Leyte",15000000,0.578,2,-1000000,HB 10858 Vol I-B p. 714,GAA-2025 · Department of Agriculture (DA) · Office of the Secretary,,,,not stated,not stated,,False
fmr,2027,HB10858-FMR-0714-029,"Concreting of Brgy. Anislagan to Brgy. Agas FMR, Brgy. Anislagan and Brgy. Agas, Calubian, Leyte",14000000,2025,"Concreting of Brgy. Nasunogan to Brgy. Airport and Lilo-an FMR (Phase I), Brgy. Nasunogan, Ormoc City, Leyte",15000000,0.564,3,-1000000,HB 10858 Vol I-B p. 714,GAA-2025 · Department of Agriculture (DA) · Office of the Secretary,,,,not stated,one side stated,Prior Phase 1 only,False
fmr,2027,HB10858-FMR-0714-030,"Construction of Brgy. Sulpa to Sitio Agob-ob FMR, Brgy. Sulpa, Villaba, Leyte",15000000,2025,"Concreting of Brgy. Nasunogan to Brgy. Airport and Lilo-an FMR (Phase I), Brgy. Nasunogan, Ormoc City, Leyte",15000000,0.552,1,0,HB 10858 Vol I-B p. 714,GAA-2025 · Department of Agriculture (DA) · Office of the Secretary,,,,not stated,one side stated,Prior Phase 1 only,False
fmr,2027,HB10858-FMR-0714-030,"Construction of Brgy. Sulpa to Sitio Agob-ob FMR, Brgy. Sulpa, Villaba, Leyte",15000000,2025,"Concreting of Sitio Dep-ang to Sitio Bilis, Brgy. Santo Tomas FMR Phase III, Brgy. Santo Tomas, Baguio City",10000000,0.526,2,5000000,HB 10858 Vol I-B p. 714,GAA-2025 · Department of Agriculture (DA) · Office of the Secretary,,,,not stated,one side stated,Prior Phase 3 only,False
fmr,2027,HB10858-FMR-0714-030,"Construction of Brgy. Sulpa to Sitio Agob-ob FMR, Brgy. Sulpa, Villaba, Leyte",15000000,2025,"Concreting of FMR at Sitio Atagon to Brgy. San Antonio, Palo, Leyte",15000000,0.523,3,0,HB 10858 Vol I-B p. 714,GAA-2025 · Department of Agriculture (DA) · Office of the Secretary,,,,not stated,not stated,,False
fmr,2027,HB10858-FMR-0716-001,"Concreting of Brgy. Majacob - Brgy. Bonga FMR, Brgy. Majacob and Brgy. Bonga, Tarangnan, Samar",13200000,2025,"Concreting of Brgy. Polangi - Paticua FMR Phase IV, Brgy. Polangi and Brgy. Paticua, Catarman, Northern Samar",25000000,0.509,1,-11800000,HB 10858 Vol I-B p. 716,GAA-2025 · Department of Agriculture (DA) · Office of the Secretary,,,,not stated,one side stated,Prior Phase 4 only,False
fmr,2027,HB10858-FMR-0716-001,"Concreting of Brgy. Majacob - Brgy. Bonga FMR, Brgy. Majacob and Brgy. Bonga, Tarangnan, Samar",13200000,2025,"Concreting of Brgy. Mabaca FMR Phase II, Brgy. Mabaca, Balbalan, Kalinga",10000000,0.469,2,3200000,HB 10858 Vol I-B p. 716,GAA-2025 · Department of Agriculture (DA) · Office of the Secretary,,,,not stated,one side stated,Prior Phase 2 only,False
fmr,2027,HB10858-FMR-0716-001,"Concreting of Brgy. Majacob - Brgy. Bonga FMR, Brgy. Majacob and Brgy. Bonga, Tarangnan, Samar",13200000,2025,"Concreting of FMR at Brgy. Sauring to Brgy. Iwayan (Phase II), Oras, Eastern Samar",50000000,0.46,3,-36800000,HB 10858 Vol I-B p. 716,GAA-2025 · Department of Agriculture (DA) · Office of the Secretary,,,,not stated,one side stated,Prior Phase 2 only,False
fmr,2027,HB10858-FMR-0716-002,"Construction of Brgy. Lagundi - Brgy. San Andres Sitio Peña FMR, Brgy. Lagundi and Brgy. San Andres, Catbalogan City, Samar",30000000,2025,"Concreting of Brgy. Alangilan FMR Phase I, Brgy. Alangilan, Bacolod City",15000000,0.491,1,15000000,HB 10858 Vol I-B p. 716,GAA-2025 · Department of Agriculture (DA) · Office of the Secretary,,,,not stated,one side stated,Prior Phase 1 only,False
fmr,2027,HB10858-FMR-0716-002,"Construction of Brgy. Lagundi - Brgy. San Andres Sitio Peña FMR, Brgy. Lagundi and Brgy. San Andres, Catbalogan City, Samar",30000000,2025,"Concreting of FMR at Zone 1 to Sitio Baluno, Brgy. Salaan, Zamboanga City",15000000,0.459,2,15000000,HB 10858 Vol I-B p. 716,GAA-2025 · Department of Agriculture (DA) · Office of the Secretary,,,,not stated,not stated,,False
fmr,2027,HB10858-FMR-0716-002,"Construction of Brgy. Lagundi - Brgy. San Andres Sitio Peña FMR, Brgy. Lagundi and Brgy. San Andres, Catbalogan City, Samar",30000000,2025,"Concreting of FMR at Brgy. Dalicanan, Sitio Mabang Sapa, Passi City, Iloilo",15000000,0.455,3,15000000,HB 10858 Vol I-B p. 716,GAA-2025 · Department of Agriculture (DA) · Office of the Secretary,,,,not stated,not stated,,False
fmr,2027,HB10858-FMR-0716-003,"Concreting of Brgy. Tapae - Brgy. Alibaba FMR, Brgy. Tapae and Brgy. Alibaba, Calbayog City, Samar",10000000,2025,"Concreting of Brgy. Tagpo FMR (Phase II), Brgy, Tagpo, Ligao City, Albay",10000000,0.578,1,0,HB 10858 Vol I-B p. 716,GAA-2025 · Department of Agriculture (DA) · Office of the Secretary,,,,not stated,one side stated,Prior Phase 2 only,False
fmr,2027,HB10858-FMR-0716-003,"Concreting of Brgy. Tapae - Brgy. Alibaba FMR, Brgy. Tapae and Brgy. Alibaba, Calbayog City, Samar",10000000,2025,"Concreting of Brgy. Tagba-o FMR (Phase II), Brgy. Tagba-o, Cebu City, Cebu",15000000,0.518,2,-5000000,HB 10858 Vol I-B p. 716,GAA-2025 · Department of Agriculture (DA) · Office of the Secretary,,,,not stated,one side stated,Prior Phase 2 only,False
fmr,2027,HB10858-FMR-0716-003,"Concreting of Brgy. Tapae - Brgy. Alibaba FMR, Brgy. Tapae and Brgy. Alibaba, Calbayog City, Samar",10000000,2025,"Concreting of Brgy. Malamba FMR (Phase II), Brgy. Malamba, Marilog District, Davao City",15000000,0.51,3,-5000000,HB 10858 Vol I-B p. 716,GAA-2025 · Department of Agriculture (DA) · Office of the Secretary,,,,not stated,one side stated,Prior Phase 2 only,False
fmr,2027,HB10858-FMR-0716-004,"Construction of Brgy. Baruk - Brgy. Caghalong - Brgy. Can-ilay FMR, Can-avid, Eastern Samar",50000000,2025,"Concreting of FMR at Brgy. Alang-alang to Brgy. Cadian (Phase II), Oras, Eastern Samar",50000000,0.484,1,0,HB 10858 Vol I-B p. 716,GAA-2025 · Department of Agriculture (DA) · Office of the Secretary,,,,not stated,one side stated,Prior Phase 2 only,False
fmr,2027,HB10858-FMR-0716-004,"Construction of Brgy. Baruk - Brgy. Caghalong - Brgy. Can-ilay FMR, Can-avid, Eastern Samar",50000000,2025,"Concreting of FMR at Brgy. Sauring to Brgy. Iwayan (Phase II), Oras, Eastern Samar",50000000,0.484,2,0,HB 10858 Vol I-B p. 716,GAA-2025 · Department of Agriculture (DA) · Office of the Secretary,,,,not stated,one side stated,Prior Phase 2 only,False
fmr,2027,HB10858-FMR-0716-004,"Construction of Brgy. Baruk - Brgy. Caghalong - Brgy. Can-ilay FMR, Can-avid, Eastern Samar",50000000,2025,"Concreting of Can-Omoy FMR (Phase II), Can-Omoy, Mandaon, Masbate",15000000,0.477,3,35000000,HB 10858 Vol I-B p. 716,GAA-2025 · Department of Agriculture (DA) · Office of the Secretary,,,,not stated,one side stated,Prior Phase 2 only,False
fmr,2027,HB10858-FMR-0716-005,"Construction of Brgy. Aet FMR, Brgy. Aet, Sulat, Eastern Samar",15000000,2025,"Concreting of FMR at Brgy. Sauring to Brgy. Iwayan (Phase II), Oras, Eastern Samar",50000000,0.62,1,-35000000,HB 10858 Vol I-B p. 716,GAA-2025 · Department of Agriculture (DA) · Office of the Secretary,,,,not stated,one side stated,Prior Phase 2 only,False
fmr,2027,HB10858-FMR-0716-005,"Construction of Brgy. Aet FMR, Brgy. Aet, Sulat, Eastern Samar",15000000,2025,"Concreting of FMR at Brgy. Alang-alang to Brgy. Cadian (Phase II), Oras, Eastern Samar",50000000,0.587,2,-35000000,HB 10858 Vol I-B p. 716,GAA-2025 · Department of Agriculture (DA) · Office of the Secretary,,,,not stated,one side stated,Prior Phase 2 only,False
fmr,2027,HB10858-FMR-0716-005,"Construction of Brgy. Aet FMR, Brgy. Aet, Sulat, Eastern Samar",15000000,2025,"Concreting of Brgy. Polangi - Paticua FMR Phase IV, Brgy. Polangi and Brgy. Paticua, Catarman, Northern Samar",25000000,0.489,3,-10000000,HB 10858 Vol I-B p. 716,GAA-2025 · Department of Agriculture (DA) · Office of the Secretary,,,,not stated,one side stated,Prior Phase 4 only,False
fmr,2027,HB10858-FMR-0716-006,"Construction of Brgy. Magsaysay - Brgy. Malvar FMR, Balangkayan, Eastern Samar",25000000,2025,"Concreting of FMR at Brgy. Sauring to Brgy. Iwayan (Phase II), Oras, Eastern Samar",50000000,0.581,1,-25000000,HB 10858 Vol I-B p. 716,GAA-2025 · Department of Agriculture (DA) · Office of the Secretary,,,,not stated,one side stated,Prior Phase 2 only,False
fmr,2027,HB10858-FMR-0716-006,"Construction of Brgy. Magsaysay - Brgy. Malvar FMR, Balangkayan, Eastern Samar",25000000,2025,"Concreting of FMR at Brgy. Alang-alang to Brgy. Cadian (Phase II), Oras, Eastern Samar",50000000,0.578,2,-25000000,HB 10858 Vol I-B p. 716,GAA-2025 · Department of Agriculture (DA) · Office of the Secretary,,,,not stated,one side stated,Prior Phase 2 only,False
fmr,2027,HB10858-FMR-0716-006,"Construction of Brgy. Magsaysay - Brgy. Malvar FMR, Balangkayan, Eastern Samar",25000000,2025,"Concreting of Brgy. Polangi - Paticua FMR Phase IV, Brgy. Polangi and Brgy. Paticua, Catarman, Northern Samar",25000000,0.514,3,0,HB 10858 Vol I-B p. 716,GAA-2025 · Department of Agriculture (DA) · Office of the Secretary,,,,not stated,one side stated,Prior Phase 4 only,False
fmr,2027,HB10858-FMR-0716-007,"Concreting of Brgy. Rawis to Brgy. Cantaguic FMR, Brgy. Rawis and Brgy. Cantaguic, San Jorge, Samar",10000000,2025,"Concreting of Brgy. Impo to Brgy. Canap FMR Phase II, Brgy. Impo and Brgy. Canap, San Miguel, Leyte",15000000,0.566,1,-5000000,HB 10858 Vol I-B p. 716,GAA-2025 · Department of Agriculture (DA) · Office of the Secretary,,,,not stated,one side stated,Prior Phase 2 only,False
fmr,2027,HB10858-FMR-0716-007,"Concreting of Brgy. Rawis to Brgy. Cantaguic FMR, Brgy. Rawis and Brgy. Cantaguic, San Jorge, Samar",10000000,2025,"Concreting of Brgy. Balaong FMR (Phase I), Brgy. Balaong, San Miguel, Bulacan",5000000,0.5,2,5000000,HB 10858 Vol I-B p. 716,GAA-2025 · Department of Agriculture (DA) · Office of the Secretary,,,,not stated,one side stated,Prior Phase 1 only,False
fmr,2027,HB10858-FMR-0716-007,"Concreting of Brgy. Rawis to Brgy. Cantaguic FMR, Brgy. Rawis and Brgy. Cantaguic, San Jorge, Samar",10000000,2025,"Concreting of Sitio Casaguingan, Brgy. Bairan to Brgy. Malaguinabot FMR (Phase II), Brgy. Bairan and Brgy. Malaguinabot, San Miguel, Leyte",15000000,0.474,3,-5000000,HB 10858 Vol I-B p. 716,GAA-2025 · Department of Agriculture (DA) · Office of the Secretary,,,,not stated,one side stated,Prior Phase 2 only,False
fmr,2027,HB10858-FMR-0716-008,"Construction of Brgy. Pangabutan FMR, Brgy. Pangabutan, Taft, Eastern Samar",25000000,2025,"Concreting of Brgy. Polangi - Paticua FMR Phase IV, Brgy. Polangi and Brgy. Paticua, Catarman, Northern Samar",25000000,0.621,1,0,HB 10858 Vol I-B p. 716,GAA-2025 · Department of Agriculture (DA) · Office of the Secretary,,,,not stated,one side stated,Prior Phase 4 only,False
fmr,2027,HB10858-FMR-0716-008,"Construction of Brgy. Pangabutan FMR, Brgy. Pangabutan, Taft, Eastern Samar",25000000,2025,"Concreting of FMR at Brgy. Sauring to Brgy. Iwayan (Phase II), Oras, Eastern Samar",50000000,0.619,2,-25000000,HB 10858 Vol I-B p. 716,GAA-2025 · Department of Agriculture (DA) · Office of the Secretary,,,,not stated,one side stated,Prior Phase 2 only,False
fmr,2027,HB10858-FMR-0716-008,"Construction of Brgy. Pangabutan FMR, Brgy. Pangabutan, Taft, Eastern Samar",25000000,2025,"Concreting of FMR at Brgy. Alang-alang to Brgy. Cadian (Phase II), Oras, Eastern Samar",50000000,0.614,3,-25000000,HB 10858 Vol I-B p. 716,GAA-2025 · Department of Agriculture (DA) · Office of the Secretary,,,,not stated,one side stated,Prior Phase 2 only,False
fmr,2027,HB10858-FMR-0716-009,"Concreting of Brgy. Malidong - Brgy. Luneta - Brgy. Henogawe FMR, Gamay, Northern Samar",10000000,2025,"Concreting of Brgy. Polangi - Paticua FMR Phase IV, Brgy. Polangi and Brgy. Paticua, Catarman, Northern Samar",25000000,0.556,1,-15000000,HB 10858 Vol I-B p. 716,GAA-2025 · Department of Agriculture (DA) · Office of the Secretary,,,,not stated,one side stated,Prior Phase 4 only,False
fmr,2027,HB10858-FMR-0716-009,"Concreting of Brgy. Malidong - Brgy. Luneta - Brgy. Henogawe FMR, Gamay, Northern Samar",10000000,2025,"Concreting of FMR at Brgy. Alang-alang to Brgy. Cadian (Phase II), Oras, Eastern Samar",50000000,0.452,2,-40000000,HB 10858 Vol I-B p. 716,GAA-2025 · Department of Agriculture (DA) · Office of the Secretary,,,,not stated,one side stated,Prior Phase 2 only,False
fmr,2027,HB10858-FMR-0716-009,"Concreting of Brgy. Malidong - Brgy. Luneta - Brgy. Henogawe FMR, Gamay, Northern Samar",10000000,2025,"Concreting of FMR at Brgy. Sauring to Brgy. Iwayan (Phase II), Oras, Eastern Samar",50000000,0.449,3,-40000000,HB 10858 Vol I-B p. 716,GAA-2025 · Department of Agriculture (DA) · Office of the Secretary,,,,not stated,one side stated,Prior Phase 2 only,False
fmr,2027,HB10858-FMR-0716-010,"Concreting of Brgy. Osmeña - Brgy. Bangon FMR, Palapag, Northern Samar",5000000,2025,"Concreting of Brgy. Polangi - Paticua FMR Phase IV, Brgy. Polangi and Brgy. Paticua, Catarman, Northern Samar",25000000,0.586,1,-20000000,HB 10858 Vol I-B p. 716,GAA-2025 · Department of Agriculture (DA) · Office of the Secretary,,,,not stated,one side stated,Prior Phase 4 only,False
fmr,2027,HB10858-FMR-0716-010,"Concreting of Brgy. Osmeña - Brgy. Bangon FMR, Palapag, Northern Samar",5000000,2025,"Concreting of FMR at Brgy. Alang-alang to Brgy. Cadian (Phase II), Oras, Eastern Samar",50000000,0.524,2,-45000000,HB 10858 Vol I-B p. 716,GAA-2025 · Department of Agriculture (DA) · Office of the Secretary,,,,not stated,one side stated,Prior Phase 2 only,False
fmr,2027,HB10858-FMR-0716-010,"Concreting of Brgy. Osmeña - Brgy. Bangon FMR, Palapag, Northern Samar",5000000,2025,"Concreting of FMR at Brgy. Sauring to Brgy. Iwayan (Phase II), Oras, Eastern Samar",50000000,0.5,3,-45000000,HB 10858 Vol I-B p. 716,GAA-2025 · Department of Agriculture (DA) · Office of the Secretary,,,,not stated,one side stated,Prior Phase 2 only,False
fmr,2027,HB10858-FMR-0716-011,"Construction of Sitio Nangka Plain, Brgy. La Paz FMR, Brgy. La Paz, Zamboanga City",15000000,2025,"Concreting of FMR at Sitio Mambala, Brgy. Licomo, Zamboanga City",15000000,0.6,1,0,HB 10858 Vol I-B p. 716,GAA-2025 · Department of Agriculture (DA) · Office of the Secretary,,,,not stated,not stated,,False
fmr,2027,HB10858-FMR-0716-011,"Construction of Sitio Nangka Plain, Brgy. La Paz FMR, Brgy. La Paz, Zamboanga City",15000000,2025,"Concreting of FMR at Sitio Balinsungay, Brgy. Mercedes, Zamboanga City",15000000,0.583,2,0,HB 10858 Vol I-B p. 716,GAA-2025 · Department of Agriculture (DA) · Office of the Secretary,,,,not stated,not stated,,False
fmr,2027,HB10858-FMR-0716-011,"Construction of Sitio Nangka Plain, Brgy. La Paz FMR, Brgy. La Paz, Zamboanga City",15000000,2025,"Concreting of FMR at Sitio Sapa Kolebra (Sapa Moro), Brgy. Latuan, Zamboanga City",15000000,0.571,3,0,HB 10858 Vol I-B p. 716,GAA-2025 · Department of Agriculture (DA) · Office of the Secretary,,,,not stated,not stated,,False
fmr,2027,HB10858-FMR-0716-012,"Construction of Brgy. San Miguel FMR, Brgy. San Miguel, Mutia, Zamboanga del Norte",15000000,2025,"Concreting of Brgy. San Vicente to Top Bridge FMR (Phase I), Brgy. San Vicente, Jabonga, Agusan Del Norte",45000000,0.598,1,-30000000,HB 10858 Vol I-B p. 716,GAA-2025 · Department of Agriculture (DA) · Office of the Secretary,,,,not stated,one side stated,Prior Phase 1 only,False
fmr,2027,HB10858-FMR-0716-012,"Construction of Brgy. San Miguel FMR, Brgy. San Miguel, Mutia, Zamboanga del Norte",15000000,2025,"Concreting of Brgy. San Antonio to Brgy. Lugui FMR (Phase II), Brgy. San Antonio and Brgy. Lugui, Labo, Camarines Norte",15000000,0.561,2,0,HB 10858 Vol I-B p. 716,GAA-2025 · Department of Agriculture (DA) · Office of the Secretary,,,,not stated,one side stated,Prior Phase 2 only,False
fmr,2027,HB10858-FMR-0716-012,"Construction of Brgy. San Miguel FMR, Brgy. San Miguel, Mutia, Zamboanga del Norte",15000000,2025,"Concreting of Brgy. Man-ogob FMR Phase II, Brgy. Man-ogob, San Vicente, Camarines Norte",50000000,0.54,3,-35000000,HB 10858 Vol I-B p. 716,GAA-2025 · Department of Agriculture (DA) · Office of the Secretary,,,,not stated,one side stated,Prior Phase 2 only,False
fmr,2027,HB10858-FMR-0716-013,"Construction of Brgy. Calican FMR, Brgy. Calican, Pinan, Zamboanga del Norte",15000000,2025,"Concreting of FMR at Tala, Brgy. Lumbangan, Zamboanga City",15000000,0.564,1,0,HB 10858 Vol I-B p. 716,GAA-2025 · Department of Agriculture (DA) · Office of the Secretary,,,,not stated,not stated,,False
fmr,2027,HB10858-FMR-0716-013,"Construction of Brgy. Calican FMR, Brgy. Calican, Pinan, Zamboanga del Norte",15000000,2025,"Concreting of FMR at Brgy. Tictapul, Zamboanga City",15000000,0.556,2,0,HB 10858 Vol I-B p. 716,GAA-2025 · Department of Agriculture (DA) · Office of the Secretary,,,,not stated,not stated,,False
fmr,2027,HB10858-FMR-0716-013,"Construction of Brgy. Calican FMR, Brgy. Calican, Pinan, Zamboanga del Norte",15000000,2025,"Concreting of FMR at Brgy. Malativas to Brgy. San Roque, Panabo City, Davao del Norte",100000000,0.545,3,-85000000,HB 10858 Vol I-B p. 716,GAA-2025 · Department of Agriculture (DA) · Office of the Secretary,,,,not stated,not stated,,False
fmr,2027,HB10858-FMR-0716-014,"Construction of Brgy. Soguilon FMR, Siayan, Zamboanga del Norte",15000000,2025,"Concreting of FMR at Lugakit, Brgy. Lumayang, Zamboanga City",15000000,0.568,1,0,HB 10858 Vol I-B p. 716,GAA-2025 · Department of Agriculture (DA) · Office of the Secretary,,,,not stated,not stated,,False
fmr,2027,HB10858-FMR-0716-014,"Construction of Brgy. Soguilon FMR, Siayan, Zamboanga del Norte",15000000,2025,"Concreting of FMR at Brgy. Tigbalagbag, Zamboanga City",15000000,0.551,2,0,HB 10858 Vol I-B p. 716,GAA-2025 · Department of Agriculture (DA) · Office of the Secretary,,,,not stated,not stated,,False
fmr,2027,HB10858-FMR-0716-014,"Construction of Brgy. Soguilon FMR, Siayan, Zamboanga del Norte",15000000,2025,"Concreting of FMR at Brgy. Tictapul, Zamboanga City",15000000,0.545,3,0,HB 10858 Vol I-B p. 716,GAA-2025 · Department of Agriculture (DA) · Office of the Secretary,,,,not stated,not stated,,False
fmr,2027,HB10858-FMR-0716-015,"Construction of Brgy. Joaquin Macias FMR, Sindangan, Zamboanga del Norte",15000000,2025,"Concreting of Brgy. San Vicente to Top Bridge FMR (Phase I), Brgy. San Vicente, Jabonga, Agusan Del Norte",45000000,0.544,1,-30000000,HB 10858 Vol I-B p. 716,GAA-2025 · Department of Agriculture (DA) · Office of the Secretary,,,,not stated,one side stated,Prior Phase 1 only,False
fmr,2027,HB10858-FMR-0716-015,"Construction of Brgy. Joaquin Macias FMR, Sindangan, Zamboanga del Norte",15000000,2025,"Concreting of Brgy. Maisog FMR Phase II, Brgy. Maisog, San Lorenzo Ruiz, Camarines Norte",50000000,0.531,2,-35000000,HB 10858 Vol I-B p. 716,GAA-2025 · Department of Agriculture (DA) · Office of the Secretary,,,,not stated,one side stated,Prior Phase 2 only,False
fmr,2027,HB10858-FMR-0716-015,"Construction of Brgy. Joaquin Macias FMR, Sindangan, Zamboanga del Norte",15000000,2025,"Concreting of FMR at Brgy. Binatagan, Basud, Camarines Norte",30000000,0.53,3,-15000000,HB 10858 Vol I-B p. 716,GAA-2025 · Department of Agriculture (DA) · Office of the Secretary,,,,not stated,not stated,,False
fmr,2027,HB10858-FMR-0717-001,"Construction of Brgy. Kipit FMR Phase II, Brgy. Kipit, Labason, Zamboanga del Norte",15000000,2025,"Concreting of FMR at Lugakit, Brgy. Lumayang, Zamboanga City",15000000,0.615,1,0,HB 10858 Vol I-B p. 717,GAA-2025 · Department of Agriculture (DA) · Office of the Secretary,,,,not stated,one side stated,Current Phase 2 only,False
fmr,2027,HB10858-FMR-0717-001,"Construction of Brgy. Kipit FMR Phase II, Brgy. Kipit, Labason, Zamboanga del Norte",15000000,2025,"Concreting of FMR at Tala, Brgy. Lumbangan, Zamboanga City",15000000,0.579,2,0,HB 10858 Vol I-B p. 717,GAA-2025 · Department of Agriculture (DA) · Office of the Secretary,,,,not stated,one side stated,Current Phase 2 only,False
fmr,2027,HB10858-FMR-0717-001,"Construction of Brgy. Kipit FMR Phase II, Brgy. Kipit, Labason, Zamboanga del Norte",15000000,2025,"Concreting of FMR at Brgy. Tigbalagbag, Zamboanga City",15000000,0.575,3,0,HB 10858 Vol I-B p. 717,GAA-2025 · Department of Agriculture (DA) · Office of the Secretary,,,,not stated,one side stated,Current Phase 2 only,False
fmr,2027,HB10858-FMR-0717-002,"Construction of Brgy. Balagunan FMR, Siocon, Zamboanga del Norte",15000000,2025,"Concreting of FMR at Brgy. Tictapul, Zamboanga City",15000000,0.537,1,0,HB 10858 Vol I-B p. 717,GAA-2025 · Department of Agriculture (DA) · Office of the Secretary,,,,not stated,not stated,,False
fmr,2027,HB10858-FMR-0717-002,"Construction of Brgy. Balagunan FMR, Siocon, Zamboanga del Norte",15000000,2025,"Concreting of FMR at Sitio Mambala, Brgy. Licomo, Zamboanga City",15000000,0.532,2,0,HB 10858 Vol I-B p. 717,GAA-2025 · Department of Agriculture (DA) · Office of the Secretary,,,,not stated,not stated,,False
fmr,2027,HB10858-FMR-0717-002,"Construction of Brgy. Balagunan FMR, Siocon, Zamboanga del Norte",15000000,2025,"Concreting of FMR at Brgy. Tumitus, Zamboanga City",50000000,0.515,3,-35000000,HB 10858 Vol I-B p. 717,GAA-2025 · Department of Agriculture (DA) · Office of the Secretary,,,,not stated,not stated,,False
fmr,2027,HB10858-FMR-0717-003,"Construction of Brgy. Malating FMR, Ramon Magsaysay, Zamboanga del Sur",15000000,2025,"Concreting of FMR at Brgy. Tigbalagbag, Zamboanga City",15000000,0.5,1,0,HB 10858 Vol I-B p. 717,GAA-2025 · Department of Agriculture (DA) · Office of the Secretary,,,,not stated,not stated,,False
fmr,2027,HB10858-FMR-0717-003,"Construction of Brgy. Malating FMR, Ramon Magsaysay, Zamboanga del Sur",15000000,2025,"Concreting of FMR at Brgy. Turu, Magalang, Pampanga",35000000,0.5,2,-20000000,HB 10858 Vol I-B p. 717,GAA-2025 · Department of Agriculture (DA) · Office of the Secretary,,,,not stated,not stated,,False
fmr,2027,HB10858-FMR-0717-003,"Construction of Brgy. Malating FMR, Ramon Magsaysay, Zamboanga del Sur",15000000,2025,"Concreting of FMR at Sitio Mambala, Brgy. Licomo, Zamboanga City",15000000,0.494,3,0,HB 10858 Vol I-B p. 717,GAA-2025 · Department of Agriculture (DA) · Office of the Secretary,,,,not stated,not stated,,False
fmr,2027,HB10858-FMR-0717-004,"Construction of Brgy. Cebuneg FMR, Brgy. Cebuneg, Aurora, Zamboanga del Sur",15000000,2025,"Concreting of FMR at Purok 6 Phase 3, Brgy. Lunzuran, Zamboanga City",15000000,0.506,1,0,HB 10858 Vol I-B p. 717,GAA-2025 · Department of Agriculture (DA) · Office of the Secretary,,,,not stated,one side stated,Prior Phase 3 only,False
fmr,2027,HB10858-FMR-0717-004,"Construction of Brgy. Cebuneg FMR, Brgy. Cebuneg, Aurora, Zamboanga del Sur",15000000,2025,"Concreting of FMR at Mantaha Road, Brgy. Buenavista, Zamboanga City",15000000,0.494,2,0,HB 10858 Vol I-B p. 717,GAA-2025 · Department of Agriculture (DA) · Office of the Secretary,,,,not stated,not stated,,False
fmr,2027,HB10858-FMR-0717-004,"Construction of Brgy. Cebuneg FMR, Brgy. Cebuneg, Aurora, Zamboanga del Sur",15000000,2025,"Concreting of FMR at Tala, Brgy. Lumbangan, Zamboanga City",15000000,0.494,3,0,HB 10858 Vol I-B p. 717,GAA-2025 · Department of Agriculture (DA) · Office of the Secretary,,,,not stated,not stated,,False
fmr,2027,HB10858-FMR-0717-005,"Concreting of Sitio Liangan, Brgy. Kabatan to Lunib FMR, Brgy. Kabatan, Vincenzo Sagun, Zamboanga del Sur",15000000,2025,"Concreting of Sitio Casaguingan, Brgy. Bairan to Brgy. Malaguinabot FMR (Phase II), Brgy. Bairan and Brgy. Malaguinabot, San Miguel, Leyte",15000000,0.577,1,0,HB 10858 Vol I-B p. 717,GAA-2025 · Department of Agriculture (DA) · Office of the Secretary,,,,not stated,one side stated,Prior Phase 2 only,False
fmr,2027,HB10858-FMR-0717-005,"Concreting of Sitio Liangan, Brgy. Kabatan to Lunib FMR, Brgy. Kabatan, Vincenzo Sagun, Zamboanga del Sur",15000000,2025,"Concreting of Purok 8 to Sitio Manangahon to Sitio Palo, Brgy. Mate FMR (Phase II), San Francisco, Agusan del Sur",15000000,0.532,2,0,HB 10858 Vol I-B p. 717,GAA-2025 · Department of Agriculture (DA) · Office of the Secretary,,,,not stated,one side stated,Prior Phase 2 only,False
fmr,2027,HB10858-FMR-0717-005,"Concreting of Sitio Liangan, Brgy. Kabatan to Lunib FMR, Brgy. Kabatan, Vincenzo Sagun, Zamboanga del Sur",15000000,2025,"Concreting of FMR at Sitio Kasagingan, Brgy. Bairan to Brgy. Cabatianuhan, San Miguel, Leyte",15000000,0.504,3,0,HB 10858 Vol I-B p. 717,GAA-2025 · Department of Agriculture (DA) · Office of the Secretary,,,,not stated,not stated,,False
fmr,2027,HB10858-FMR-0717-006,"Construction of Brgy. Lunib FMR, Vincenzo A. Sagun, Zamboanga del Sur",15000000,2025,"Concreting of FMR at Brgy. Tictapul, Zamboanga City",15000000,0.535,1,0,HB 10858 Vol I-B p. 717,GAA-2025 · Department of Agriculture (DA) · Office of the Secretary,,,,not stated,not stated,,False
fmr,2027,HB10858-FMR-0717-006,"Construction of Brgy. Lunib FMR, Vincenzo A. Sagun, Zamboanga del Sur",15000000,2025,"Concreting of FMR at Tala, Brgy. Lumbangan, Zamboanga City",15000000,0.519,2,0,HB 10858 Vol I-B p. 717,GAA-2025 · Department of Agriculture (DA) · Office of the Secretary,,,,not stated,not stated,,False
fmr,2027,HB10858-FMR-0717-006,"Construction of Brgy. Lunib FMR, Vincenzo A. Sagun, Zamboanga del Sur",15000000,2025,"Concreting of FMR at Brgy. Tigbalagbag, Zamboanga City",15000000,0.514,3,0,HB 10858 Vol I-B p. 717,GAA-2025 · Department of Agriculture (DA) · Office of the Secretary,,,,not stated,not stated,,False
fmr,2027,HB10858-FMR-0717-007,"Construction of Road 10, Brgy. Paradise - Brgy. Sampoli B FMR, Diplahan, Zamboanga Sibugay",15000000,2025,"Concreting of FMR at Brgy. Tigbalagbag, Zamboanga City",15000000,0.512,1,0,HB 10858 Vol I-B p. 717,GAA-2025 · Department of Agriculture (DA) · Office of the Secretary,,,,not stated,not stated,,False
fmr,2027,HB10858-FMR-0717-007,"Construction of Road 10, Brgy. Paradise - Brgy. Sampoli B FMR, Diplahan, Zamboanga Sibugay",15000000,2025,"Concreting of FMR at Brgy. Tictapul, Zamboanga City",15000000,0.506,2,0,HB 10858 Vol I-B p. 717,GAA-2025 · Department of Agriculture (DA) · Office of the Secretary,,,,not stated,not stated,,False
fmr,2027,HB10858-FMR-0717-007,"Construction of Road 10, Brgy. Paradise - Brgy. Sampoli B FMR, Diplahan, Zamboanga Sibugay",15000000,2025,"Concreting of FMR at Lugakit, Brgy. Lumayang, Zamboanga City",15000000,0.506,3,0,HB 10858 Vol I-B p. 717,GAA-2025 · Department of Agriculture (DA) · Office of the Secretary,,,,not stated,not stated,,False
fmr,2027,HB10858-FMR-0717-008,"Construction of Brgy. San Isidro - Lafurtuna FMR, Brgy. San Isidro to Brgy. Lafurtuna, Payao, Zamboanga Sibugay",15000000,2025,"Concreting of FMR at Licopon to Manga Bolong, Brgy. Bolong, Zamboanga City",15000000,0.446,1,0,HB 10858 Vol I-B p. 717,GAA-2025 · Department of Agriculture (DA) · Office of the Secretary,,,,not stated,not stated,,False
fmr,2027,HB10858-FMR-0717-008,"Construction of Brgy. San Isidro - Lafurtuna FMR, Brgy. San Isidro to Brgy. Lafurtuna, Payao, Zamboanga Sibugay",15000000,2025,"Concreting of FMR at Zone 1 to Sitio Baluno, Brgy. Salaan, Zamboanga City",15000000,0.433,2,0,HB 10858 Vol I-B p. 717,GAA-2025 · Department of Agriculture (DA) · Office of the Secretary,,,,not stated,not stated,,False
fmr,2027,HB10858-FMR-0717-008,"Construction of Brgy. San Isidro - Lafurtuna FMR, Brgy. San Isidro to Brgy. Lafurtuna, Payao, Zamboanga Sibugay",15000000,2025,"Concreting of FMR at Brgy. San Isidro to Sitio Banawag, Sta. Fe, Leyte",15000000,0.431,3,0,HB 10858 Vol I-B p. 717,GAA-2025 · Department of Agriculture (DA) · Office of the Secretary,,,,not stated,not stated,,False
fmr,2027,HB10858-FMR-0717-009,"Construction of Brgy. Timalang FMR, Brgy. Timalang, Ipil, Zamboanga Sibugay",15000000,2025,"Concreting of FMR at Brgy. Tigbalagbag, Zamboanga City",15000000,0.622,1,0,HB 10858 Vol I-B p. 717,GAA-2025 · Department of Agriculture (DA) · Office of the Secretary,,,,not stated,not stated,,False
fmr,2027,HB10858-FMR-0717-009,"Construction of Brgy. Timalang FMR, Brgy. Timalang, Ipil, Zamboanga Sibugay",15000000,2025,"Concreting of FMR at Brgy. Tictapul, Zamboanga City",15000000,0.62,2,0,HB 10858 Vol I-B p. 717,GAA-2025 · Department of Agriculture (DA) · Office of the Secretary,,,,not stated,not stated,,False
fmr,2027,HB10858-FMR-0717-009,"Construction of Brgy. Timalang FMR, Brgy. Timalang, Ipil, Zamboanga Sibugay",15000000,2025,"Concreting of FMR at Sitio Mambala, Brgy. Licomo, Zamboanga City",15000000,0.602,3,0,HB 10858 Vol I-B p. 717,GAA-2025 · Department of Agriculture (DA) · Office of the Secretary,,,,not stated,not stated,,False
fmr,2027,HB10858-FMR-0717-010,"Construction of Sitio Pisaan, Brgy. Marsolo FMR, Brgy. Marsolo, Naga, Zamboanga Sibugay",15000000,2025,"Concreting of FMR at Sitio Tamionto-Sitio Germelina, Brgy. Vitali, Zamboanga City",15000000,0.523,1,0,HB 10858 Vol I-B p. 717,GAA-2025 · Department of Agriculture (DA) · Office of the Secretary,,,,not stated,not stated,,False
fmr,2027,HB10858-FMR-0717-010,"Construction of Sitio Pisaan, Brgy. Marsolo FMR, Brgy. Marsolo, Naga, Zamboanga Sibugay",15000000,2025,"Concreting of FMR at Sitio Balinsungay, Brgy. Mercedes, Zamboanga City",15000000,0.52,2,0,HB 10858 Vol I-B p. 717,GAA-2025 · Department of Agriculture (DA) · Office of the Secretary,,,,not stated,not stated,,False
fmr,2027,HB10858-FMR-0717-010,"Construction of Sitio Pisaan, Brgy. Marsolo FMR, Brgy. Marsolo, Naga, Zamboanga Sibugay",15000000,2025,"Concreting of FMR at Brgy. Tigbalagbag, Zamboanga City",15000000,0.518,3,0,HB 10858 Vol I-B p. 717,GAA-2025 · Department of Agriculture (DA) · Office of the Secretary,,,,not stated,not stated,,False
fmr,2027,HB10858-FMR-0717-011,"Construction of Brgy. Tandu Patong FMR, Brgy. Tandu Patong, Maimbung, Sulu",15000000,2025,"Concreting of Brgy. Catacte FMR Brgy. Catacte, Bustos, Bulacan",5000000,0.442,1,10000000,HB 10858 Vol I-B p. 717,GAA-2025 · Department of Agriculture (DA) · Office of the Secretary,,,,not stated,not stated,,False
fmr,2027,HB10858-FMR-0717-011,"Construction of Brgy. Tandu Patong FMR, Brgy. Tandu Patong, Maimbung, Sulu",15000000,2025,"Concreting of FMR at Brgy. Barit, Candaba, Pampanga",25000000,0.406,2,-10000000,HB 10858 Vol I-B p. 717,GAA-2025 · Department of Agriculture (DA) · Office of the Secretary,,,,not stated,not stated,,False
fmr,2027,HB10858-FMR-0717-011,"Construction of Brgy. Tandu Patong FMR, Brgy. Tandu Patong, Maimbung, Sulu",15000000,2025,"Concreting of Brgy. Caluangan FMR (Phase I), Brgy. Caluangan, Magallanes, Cavite",15000000,0.405,3,0,HB 10858 Vol I-B p. 717,GAA-2025 · Department of Agriculture (DA) · Office of the Secretary,,,,not stated,one side stated,Prior Phase 1 only,False
fmr,2027,HB10858-FMR-0717-012,"Construction of Brgy. Pantao FMR, Brgy. Pantao, Talipao, Sulu",15000000,2025,"Concreting of FMR at Brgy. Coral, Ramos, Tarlac",10000000,0.462,1,5000000,HB 10858 Vol I-B p. 717,GAA-2025 · Department of Agriculture (DA) · Office of the Secretary,,,,not stated,not stated,,False
fmr,2027,HB10858-FMR-0717-012,"Construction of Brgy. Pantao FMR, Brgy. Pantao, Talipao, Sulu",15000000,2025,"Concreting of FMR at Brgy. Pansinao, Candaba, Pampanga",25000000,0.441,2,-10000000,HB 10858 Vol I-B p. 717,GAA-2025 · Department of Agriculture (DA) · Office of the Secretary,,,,not stated,not stated,,False
fmr,2027,HB10858-FMR-0717-012,"Construction of Brgy. Pantao FMR, Brgy. Pantao, Talipao, Sulu",15000000,2025,"Concreting of Brgy. Mabaca FMR Phase II, Brgy. Mabaca, Balbalan, Kalinga",10000000,0.438,3,5000000,HB 10858 Vol I-B p. 717,GAA-2025 · Department of Agriculture (DA) · Office of the Secretary,,,,not stated,one side stated,Prior Phase 2 only,False
fmr,2027,HB10858-FMR-0717-013,"Construction of Sitio Lukbu Brgy. Saimbangon FMR, Brgy. Saimbangon, Pata, Sulu",15000000,2025,"Concreting of Sitio Gumihan, Brgy. Maytoong FMR Phase II, Brgy. Maytoong, Paete, Laguna",5550000,0.547,1,9450000,HB 10858 Vol I-B p. 717,GAA-2025 · Department of Agriculture (DA) · Office of the Secretary,,,,not stated,one side stated,Prior Phase 2 only,False
fmr,2027,HB10858-FMR-0717-013,"Construction of Sitio Lukbu Brgy. Saimbangon FMR, Brgy. Saimbangon, Pata, Sulu",15000000,2025,"Concreting of Sitio Bayawas Brgy. Salvacion FMR Phase III, Brgy. Salvacion, Magallanes, Sorsogon",15000000,0.519,2,0,HB 10858 Vol I-B p. 717,GAA-2025 · Department of Agriculture (DA) · Office of the Secretary,,,,not stated,one side stated,Prior Phase 3 only,False
fmr,2027,HB10858-FMR-0717-013,"Construction of Sitio Lukbu Brgy. Saimbangon FMR, Brgy. Saimbangon, Pata, Sulu",15000000,2025,"Concreting of FMR at Sitio Atagon to Brgy. San Antonio, Palo, Leyte",15000000,0.517,3,0,HB 10858 Vol I-B p. 717,GAA-2025 · Department of Agriculture (DA) · Office of the Secretary,,,,not stated,not stated,,False
fmr,2027,HB10858-FMR-0717-014,"Construction of Brgy. Jinggan FMR, Brgy. Jinggan, Panglima Estino, Sulu",15000000,2025,"Concreting of FMR at Brgy. Inirangan, Bayambang, Pangasinan",10000000,0.486,1,5000000,HB 10858 Vol I-B p. 717,GAA-2025 · Department of Agriculture (DA) · Office of the Secretary,,,,not stated,not stated,,False
fmr,2027,HB10858-FMR-0717-014,"Construction of Brgy. Jinggan FMR, Brgy. Jinggan, Panglima Estino, Sulu",15000000,2025,"Concreting of Brgy. Caluangan FMR (Phase I), Brgy. Caluangan, Magallanes, Cavite",15000000,0.469,2,0,HB 10858 Vol I-B p. 717,GAA-2025 · Department of Agriculture (DA) · Office of the Secretary,,,,not stated,one side stated,Prior Phase 1 only,False
fmr,2027,HB10858-FMR-0717-014,"Construction of Brgy. Jinggan FMR, Brgy. Jinggan, Panglima Estino, Sulu",15000000,2025,"Concreting of Brgy. Caluangan FMR (Phase II), Brgy. Caluangan, Magallanes, Cavite",10000000,0.469,3,5000000,HB 10858 Vol I-B p. 717,GAA-2025 · Department of Agriculture (DA) · Office of the Secretary,,,,not stated,one side stated,Prior Phase 2 only,False
fmr,2027,HB10858-FMR-0717-015,"Construction of Purok-2 to Purok-3, Brgy. Sipaon FMR, Brgy. Sipaon, Zamboanga del Norte",20000000,2025,"Concreting of Brgy. San Vicente to Top Bridge FMR (Phase I), Brgy. San Vicente, Jabonga, Agusan Del Norte",45000000,0.541,1,-25000000,HB 10858 Vol I-B p. 717,GAA-2025 · Department of Agriculture (DA) · Office of the Secretary,,,,not stated,one side stated,Prior Phase 1 only,False
fmr,2027,HB10858-FMR-0717-015,"Construction of Purok-2 to Purok-3, Brgy. Sipaon FMR, Brgy. Sipaon, Zamboanga del Norte",20000000,2025,"Concreting of Purok 2, Brgy. Cansinala FMR (Phase I), Brgy. Cansinala, Apalit, Pampanga",15000000,0.524,2,5000000,HB 10858 Vol I-B p. 717,GAA-2025 · Department of Agriculture (DA) · Office of the Secretary,,,,not stated,one side stated,Prior Phase 1 only,False
fmr,2027,HB10858-FMR-0717-015,"Construction of Purok-2 to Purok-3, Brgy. Sipaon FMR, Brgy. Sipaon, Zamboanga del Norte",20000000,2025,"Concreting of Purok 2, Brgy. Cansinala FMR Phase II, Brgy. Cansinala, Apalit, Pampanga",5000000,0.524,3,15000000,HB 10858 Vol I-B p. 717,GAA-2025 · Department of Agriculture (DA) · Office of the Secretary,,,,not stated,one side stated,Prior Phase 2 only,False
fmr,2027,HB10858-FMR-0717-016,"Construction of Brgy. Mahayahay FMR, Brgy. Mahayahay, Kumalarang, Zamboanga del Sur",30000000,2025,"Concreting of FMR at Mantaha Road, Brgy. Buenavista, Zamboanga City",15000000,0.539,1,15000000,HB 10858 Vol I-B p. 717,GAA-2025 · Department of Agriculture (DA) · Office of the Secretary,,,,not stated,not stated,,False
fmr,2027,HB10858-FMR-0717-016,"Construction of Brgy. Mahayahay FMR, Brgy. Mahayahay, Kumalarang, Zamboanga del Sur",30000000,2025,"Concreting of FMR at Lugakit, Brgy. Lumayang, Zamboanga City",15000000,0.529,2,15000000,HB 10858 Vol I-B p. 717,GAA-2025 · Department of Agriculture (DA) · Office of the Secretary,,,,not stated,not stated,,False
fmr,2027,HB10858-FMR-0717-016,"Construction of Brgy. Mahayahay FMR, Brgy. Mahayahay, Kumalarang, Zamboanga del Sur",30000000,2025,"Concreting of FMR at Tala, Brgy. Lumbangan, Zamboanga City",15000000,0.494,3,15000000,HB 10858 Vol I-B p. 717,GAA-2025 · Department of Agriculture (DA) · Office of the Secretary,,,,not stated,not stated,,False
fmr,2027,HB10858-FMR-0717-017,"Construction of Purok 3, Brgy. Calican FMR, Brgy. Calican, Piñan, Zamboanga del Norte",50000000,2025,"Concreting of Purok 2, Brgy. Cansinala FMR (Phase I), Brgy. Cansinala, Apalit, Pampanga",15000000,0.56,1,35000000,HB 10858 Vol I-B p. 717,GAA-2025 · Department of Agriculture (DA) · Office of the Secretary,,,,not stated,one side stated,Prior Phase 1 only,False
fmr,2027,HB10858-FMR-0717-017,"Construction of Purok 3, Brgy. Calican FMR, Brgy. Calican, Piñan, Zamboanga del Norte",50000000,2025,"Concreting of Purok 2, Brgy. Cansinala FMR Phase II, Brgy. Cansinala, Apalit, Pampanga",5000000,0.56,2,45000000,HB 10858 Vol I-B p. 717,GAA-2025 · Department of Agriculture (DA) · Office of the Secretary,,,,not stated,one side stated,Prior Phase 2 only,False
fmr,2027,HB10858-FMR-0717-017,"Construction of Purok 3, Brgy. Calican FMR, Brgy. Calican, Piñan, Zamboanga del Norte",50000000,2025,"Concreting of FMR at Purok 6 Phase 3, Brgy. Lunzuran, Zamboanga City",15000000,0.545,3,35000000,HB 10858 Vol I-B p. 717,GAA-2025 · Department of Agriculture (DA) · Office of the Secretary,,,,not stated,one side stated,Prior Phase 3 only,False
fmr,2027,HB10858-FMR-0717-018,"Concreting of Brgy. Cuatro-Cuatro FMR, Dumalinao, Zamboanga del Sur",15000000,2025,"Concreting of FMR at Tala, Brgy. Lumbangan, Zamboanga City",15000000,0.513,1,0,HB 10858 Vol I-B p. 717,GAA-2025 · Department of Agriculture (DA) · Office of the Secretary,,,,not stated,not stated,,False
fmr,2027,HB10858-FMR-0717-018,"Concreting of Brgy. Cuatro-Cuatro FMR, Dumalinao, Zamboanga del Sur",15000000,2025,"Concreting of FMR at Brgy. Tumitus, Zamboanga City",50000000,0.507,2,-35000000,HB 10858 Vol I-B p. 717,GAA-2025 · Department of Agriculture (DA) · Office of the Secretary,,,,not stated,not stated,,False
fmr,2027,HB10858-FMR-0717-018,"Concreting of Brgy. Cuatro-Cuatro FMR, Dumalinao, Zamboanga del Sur",15000000,2025,"Concreting of FMR at Brgy. Tigbalagbag, Zamboanga City",15000000,0.48,3,0,HB 10858 Vol I-B p. 717,GAA-2025 · Department of Agriculture (DA) · Office of the Secretary,,,,not stated,not stated,,False
fmr,2027,HB10858-FMR-0718-001,"Construction of Brgy. Diongan FMR, Siayan, Zamboanga del Norte",15000000,2025,"Concreting of FMR at Lugakit, Brgy. Lumayang, Zamboanga City",15000000,0.575,1,0,HB 10858 Vol I-B p. 718,GAA-2025 · Department of Agriculture (DA) · Office of the Secretary,,,,not stated,not stated,,False
fmr,2027,HB10858-FMR-0718-001,"Construction of Brgy. Diongan FMR, Siayan, Zamboanga del Norte",15000000,2025,"Concreting of FMR at Brgy. Tigbalagbag, Zamboanga City",15000000,0.559,2,0,HB 10858 Vol I-B p. 718,GAA-2025 · Department of Agriculture (DA) · Office of the Secretary,,,,not stated,not stated,,False
fmr,2027,HB10858-FMR-0718-001,"Construction of Brgy. Diongan FMR, Siayan, Zamboanga del Norte",15000000,2025,"Concreting of FMR at Brgy. Tictapul, Zamboanga City",15000000,0.554,3,0,HB 10858 Vol I-B p. 718,GAA-2025 · Department of Agriculture (DA) · Office of the Secretary,,,,not stated,not stated,,False
fmr,2027,HB10858-FMR-0718-002,"Construction of Brgy. Dansalan FMR, Brgy. Dansalan, Sapad, Lanao del Norte",30000000,2025,"Concreting of FMR at Brgy. Binatagan, Basud, Camarines Norte",30000000,0.538,1,0,HB 10858 Vol I-B p. 718,GAA-2025 · Department of Agriculture (DA) · Office of the Secretary,,,,not stated,not stated,,False
fmr,2027,HB10858-FMR-0718-002,"Construction of Brgy. Dansalan FMR, Brgy. Dansalan, Sapad, Lanao del Norte",30000000,2025,"Concreting of FMR at Brgy. Malativas to Brgy. San Roque, Panabo City, Davao del Norte",100000000,0.536,2,-70000000,HB 10858 Vol I-B p. 718,GAA-2025 · Department of Agriculture (DA) · Office of the Secretary,,,,not stated,not stated,,False
fmr,2027,HB10858-FMR-0718-002,"Construction of Brgy. Dansalan FMR, Brgy. Dansalan, Sapad, Lanao del Norte",30000000,2025,"Concreting of FMR at Sitio Malapat, Brgy. Baay, Labo, Camarines Norte",15000000,0.512,3,15000000,HB 10858 Vol I-B p. 718,GAA-2025 · Department of Agriculture (DA) · Office of the Secretary,,,,not stated,not stated,,False
fmr,2027,HB10858-FMR-0718-003,"Construction of Brgy. Sayaw FMR, Siayan, Zamboanga del Norte",15000000,2025,"Concreting of FMR at Lugakit, Brgy. Lumayang, Zamboanga City",15000000,0.592,1,0,HB 10858 Vol I-B p. 718,GAA-2025 · Department of Agriculture (DA) · Office of the Secretary,,,,not stated,not stated,,False
fmr,2027,HB10858-FMR-0718-003,"Construction of Brgy. Sayaw FMR, Siayan, Zamboanga del Norte",15000000,2025,"Concreting of FMR at Brgy. Tigbalagbag, Zamboanga City",15000000,0.576,2,0,HB 10858 Vol I-B p. 718,GAA-2025 · Department of Agriculture (DA) · Office of the Secretary,,,,not stated,not stated,,False
fmr,2027,HB10858-FMR-0718-003,"Construction of Brgy. Sayaw FMR, Siayan, Zamboanga del Norte",15000000,2025,"Concreting of FMR at Brgy. Tictapul, Zamboanga City",15000000,0.571,3,0,HB 10858 Vol I-B p. 718,GAA-2025 · Department of Agriculture (DA) · Office of the Secretary,,,,not stated,not stated,,False
fmr,2027,HB10858-FMR-0718-004,"Construction of Brgy. Sibula to Brgy. Dampalan FMR, Brgy. Sibula, Lopez Jaena, Misamis Occidental",20000000,2025,"Concreting of FMR at Brgy. Capucao to Stimson Abordo FMR, Ozamiz City, Misamis Occidental",10000000,0.548,1,10000000,HB 10858 Vol I-B p. 718,GAA-2025 · Department of Agriculture (DA) · Office of the Secretary,,,,not stated,not stated,,False
fmr,2027,HB10858-FMR-0718-004,"Construction of Brgy. Sibula to Brgy. Dampalan FMR, Brgy. Sibula, Lopez Jaena, Misamis Occidental",20000000,2025,"Concreting of FMR at Brgy. Demoloc, Malita, Davao Occidental",10000000,0.4,2,10000000,HB 10858 Vol I-B p. 718,GAA-2025 · Department of Agriculture (DA) · Office of the Secretary,,,,not stated,not stated,,False
fmr,2027,HB10858-FMR-0718-004,"Construction of Brgy. Sibula to Brgy. Dampalan FMR, Brgy. Sibula, Lopez Jaena, Misamis Occidental",20000000,2025,Farm-to-Market Road (FMR) Network Planning and Monitoring Services,2344000,0.311,3,17656000,HB 10858 Vol I-B p. 718,GAA-2025 · Department of Agriculture (DA) · Office of the Secretary,,,,not stated,not stated,,False
fmr,2027,HB10858-FMR-0718-005,"Concreting of Brgy. Lumbang - Brgy. Makiri FMR Phse III, Brgy. Lumbang, Isabela City, Basilan",15000000,2025,"Concreting of Brgy. Cabunbata FMR Phase II, Brgy. Cabunbata, Isabela City, Basilan",21000000,0.66,1,-6000000,HB 10858 Vol I-B p. 718,GAA-2025 · Department of Agriculture (DA) · Office of the Secretary,,,,not stated,one side stated,Prior Phase 2 only,False
fmr,2027,HB10858-FMR-0718-005,"Concreting of Brgy. Lumbang - Brgy. Makiri FMR Phse III, Brgy. Lumbang, Isabela City, Basilan",15000000,2025,"Concreting of Brgy. Sudlon II FMR (Phase II), Brgy. Sudlon II, Cebu City, Cebu",15000000,0.489,2,0,HB 10858 Vol I-B p. 718,GAA-2025 · Department of Agriculture (DA) · Office of the Secretary,,,,not stated,one side stated,Prior Phase 2 only,False
fmr,2027,HB10858-FMR-0718-005,"Concreting of Brgy. Lumbang - Brgy. Makiri FMR Phse III, Brgy. Lumbang, Isabela City, Basilan",15000000,2025,"Concreting of Brgy. Alangilan FMR Phase I, Brgy. Alangilan, Bacolod City",15000000,0.478,3,0,HB 10858 Vol I-B p. 718,GAA-2025 · Department of Agriculture (DA) · Office of the Secretary,,,,not stated,one side stated,Prior Phase 1 only,False
fmr,2027,HB10858-FMR-0718-006,"Construction of Brgy. Maramara to Purok 3, Brgy. Maramara FMR, Brgy. Maramara, Don Victoriano, Misamis Occidental",10000000,2025,"Concreting of FMR at Brgy. Capucao to Stimson Abordo FMR, Ozamiz City, Misamis Occidental",10000000,0.547,1,0,HB 10858 Vol I-B p. 718,GAA-2025 · Department of Agriculture (DA) · Office of the Secretary,,,,not stated,not stated,,False
fmr,2027,HB10858-FMR-0718-006,"Construction of Brgy. Maramara to Purok 3, Brgy. Maramara FMR, Brgy. Maramara, Don Victoriano, Misamis Occidental",10000000,2025,"Concreting of Brgy. South Lamidan FMR (Phase II), Brgy. South Lamidan, Don Marcelino, Davao Occidental",15000000,0.467,2,-5000000,HB 10858 Vol I-B p. 718,GAA-2025 · Department of Agriculture (DA) · Office of the Secretary,,,,not stated,one side stated,Prior Phase 2 only,False
fmr,2027,HB10858-FMR-0718-006,"Construction of Brgy. Maramara to Purok 3, Brgy. Maramara FMR, Brgy. Maramara, Don Victoriano, Misamis Occidental",10000000,2025,"Concreting of FMR at Brgy. Demoloc, Malita, Davao Occidental",10000000,0.382,3,0,HB 10858 Vol I-B p. 718,GAA-2025 · Department of Agriculture (DA) · Office of the Secretary,,,,not stated,not stated,,False
fmr,2027,HB10858-FMR-0718-007,"Concreting of Sitio Pole Dyutay, Brgy. La Paz FMR, Brgy. La Paz, Zamboanga City",10000000,2025,"Concreting of FMR at Sitio Sapa Kolebra (Sapa Moro), Brgy. Latuan, Zamboanga City",15000000,0.596,1,-5000000,HB 10858 Vol I-B p. 718,GAA-2025 · Department of Agriculture (DA) · Office of the Secretary,,,,not stated,not stated,,False
fmr,2027,HB10858-FMR-0718-007,"Concreting of Sitio Pole Dyutay, Brgy. La Paz FMR, Brgy. La Paz, Zamboanga City",10000000,2025,"Concreting of FMR at Sitio Balinsungay, Brgy. Mercedes, Zamboanga City",15000000,0.589,2,-5000000,HB 10858 Vol I-B p. 718,GAA-2025 · Department of Agriculture (DA) · Office of the Secretary,,,,not stated,not stated,,False
fmr,2027,HB10858-FMR-0718-007,"Concreting of Sitio Pole Dyutay, Brgy. La Paz FMR, Brgy. La Paz, Zamboanga City",10000000,2025,"Concreting of FMR at Sitio Mambala, Brgy. Licomo, Zamboanga City",15000000,0.584,3,-5000000,HB 10858 Vol I-B p. 718,GAA-2025 · Department of Agriculture (DA) · Office of the Secretary,,,,not stated,not stated,,False
fmr,2027,HB10858-FMR-0718-008,"Construction of Brgy. Bongabong FMR, Brgy. Bongabong, Tangub City, Misamis Occidental",30000000,2025,"Concreting of FMR at Brgy. Capucao to Stimson Abordo FMR, Ozamiz City, Misamis Occidental",10000000,0.61,1,20000000,HB 10858 Vol I-B p. 718,GAA-2025 · Department of Agriculture (DA) · Office of the Secretary,,,,not stated,not stated,,False
fmr,2027,HB10858-FMR-0718-008,"Construction of Brgy. Bongabong FMR, Brgy. Bongabong, Tangub City, Misamis Occidental",30000000,2025,"Concreting of Brgy. Alangilan FMR Phase II, Brgy. Alangilan, Bacolod City, Negros Occidental",15000000,0.593,2,15000000,HB 10858 Vol I-B p. 718,GAA-2025 · Department of Agriculture (DA) · Office of the Secretary,,,,not stated,one side stated,Prior Phase 2 only,False
fmr,2027,HB10858-FMR-0718-008,"Construction of Brgy. Bongabong FMR, Brgy. Bongabong, Tangub City, Misamis Occidental",30000000,2025,"Concreting of Brgy. Tanglad FMR (Phase II), Brgy. Tanglad, Sta. Maria, Davao Occidental",15000000,0.58,3,15000000,HB 10858 Vol I-B p. 718,GAA-2025 · Department of Agriculture (DA) · Office of the Secretary,,,,not stated,one side stated,Prior Phase 2 only,False
fmr,2027,HB10858-FMR-0718-009,"Construction of Sitio Pantay-Kawasan FMR, Brgy. Kawasan, Panamao, Sulu Sta: 0+00 Lat: 5.989279, Long: 121.240667",10000000,2025,"Concreting of Sitio Bayawas Brgy. Salvacion FMR Phase III, Brgy. Salvacion, Magallanes, Sorsogon",15000000,0.429,1,-5000000,HB 10858 Vol I-B p. 718,GAA-2025 · Department of Agriculture (DA) · Office of the Secretary,0+000.00,,,incomplete,one side stated,Prior Phase 3 only,False
fmr,2027,HB10858-FMR-0718-009,"Construction of Sitio Pantay-Kawasan FMR, Brgy. Kawasan, Panamao, Sulu Sta: 0+00 Lat: 5.989279, Long: 121.240667",10000000,2025,"Concreting of Sitio Bayawas, Brgy. Salvacion FMR Phase Il, Brgy. Salvacion, Magallanes, Sorsogon",25000000,0.42,2,-15000000,HB 10858 Vol I-B p. 718,GAA-2025 · Department of Agriculture (DA) · Office of the Secretary,0+000.00,,,incomplete,not stated,,False
fmr,2027,HB10858-FMR-0718-009,"Construction of Sitio Pantay-Kawasan FMR, Brgy. Kawasan, Panamao, Sulu Sta: 0+00 Lat: 5.989279, Long: 121.240667",10000000,2025,"Concreting of Sitio Mainit, Brgy. San Jose FMR Phase 3, Brgy. San Jose, Antipolo City, Rizal",20000000,0.394,3,-10000000,HB 10858 Vol I-B p. 718,GAA-2025 · Department of Agriculture (DA) · Office of the Secretary,0+000.00,,,incomplete,one side stated,Prior Phase 3 only,False
fmr,2027,HB10858-FMR-0718-011,"Construction of Huwit-Huwit - Lianutan FMR Phase II, Brgy. Huwit-Huwit, Omar, Sulu STA. 0+00 Lat: 5.948460, Long: 121.353418",15000000,2025,"Concreting of FMR at Sitio Mainay, Brgy. Sta. Ines, San Miguel, Bulacan",20000000,0.297,1,-5000000,HB 10858 Vol I-B p. 718,GAA-2025 · Department of Agriculture (DA) · Office of the Secretary,0+000.00,,,incomplete,one side stated,Current Phase 2 only,False
fmr,2027,HB10858-FMR-0718-011,"Construction of Huwit-Huwit - Lianutan FMR Phase II, Brgy. Huwit-Huwit, Omar, Sulu STA. 0+00 Lat: 5.948460, Long: 121.353418",15000000,2025,"Concreting of FMR at Brgy. Tibak to Brgy. Bulod, Sta. Fe, Leyte",15000000,0.296,2,0,HB 10858 Vol I-B p. 718,GAA-2025 · Department of Agriculture (DA) · Office of the Secretary,0+000.00,,,incomplete,one side stated,Current Phase 2 only,False
fmr,2027,HB10858-FMR-0718-011,"Construction of Huwit-Huwit - Lianutan FMR Phase II, Brgy. Huwit-Huwit, Omar, Sulu STA. 0+00 Lat: 5.948460, Long: 121.353418",15000000,2025,"Concreting of Brgy. Tanglad FMR (Phase II), Brgy. Tanglad, Sta. Maria, Davao Occidental",15000000,0.292,3,0,HB 10858 Vol I-B p. 718,GAA-2025 · Department of Agriculture (DA) · Office of the Secretary,0+000.00,,,incomplete,same tranche,,False
fmr,2027,HB10858-FMR-0718-012,"Construction of Sitio Tagpaco to Sitio Mahayag FMR, Brgy. Sinalac, Initao, Misamis Oriental",30000000,2025,"Concreting of Brgy. Cugman FMR (Phase III), Brgy. Cugman, Cagayan de Oro City, Misamis Oriental",15000000,0.517,1,15000000,HB 10858 Vol I-B p. 718,GAA-2025 · Department of Agriculture (DA) · Office of the Secretary,,,,not stated,one side stated,Prior Phase 3 only,False
fmr,2027,HB10858-FMR-0718-012,"Construction of Sitio Tagpaco to Sitio Mahayag FMR, Brgy. Sinalac, Initao, Misamis Oriental",30000000,2025,"Concreting of Brgy. F. S. Catanico FMR (Phase I), Brgy. F. S. Catanico, Cagayan de Oro City, Misamis Oriental",10000000,0.515,2,20000000,HB 10858 Vol I-B p. 718,GAA-2025 · Department of Agriculture (DA) · Office of the Secretary,,,,not stated,one side stated,Prior Phase 1 only,False
fmr,2027,HB10858-FMR-0718-012,"Construction of Sitio Tagpaco to Sitio Mahayag FMR, Brgy. Sinalac, Initao, Misamis Oriental",30000000,2025,"Concreting of Brgy. F. S. Catanico FMR (Phase II), Brgy. F. S. Catanico, Cagayan de Oro City, Misamis Oriental",20000000,0.515,3,10000000,HB 10858 Vol I-B p. 718,GAA-2025 · Department of Agriculture (DA) · Office of the Secretary,,,,not stated,one side stated,Prior Phase 2 only,False
fmr,2027,HB10858-FMR-0718-013,"Construction of Brgy. Tablon (Sitio Manila) FMR, Cagayan de Oro City",15000000,2025,"Concreting of Brgy. Alangilan FMR Phase I, Brgy. Alangilan, Bacolod City",15000000,0.582,1,0,HB 10858 Vol I-B p. 718,GAA-2025 · Department of Agriculture (DA) · Office of the Secretary,,,,not stated,one side stated,Prior Phase 1 only,False
fmr,2027,HB10858-FMR-0718-013,"Construction of Brgy. Tablon (Sitio Manila) FMR, Cagayan de Oro City",15000000,2025,"Concreting of Sitio Mainit, Brgy. San Jose FMR Phase 3, Brgy. San Jose, Antipolo City, Rizal",20000000,0.577,2,-5000000,HB 10858 Vol I-B p. 718,GAA-2025 · Department of Agriculture (DA) · Office of the Secretary,,,,not stated,one side stated,Prior Phase 3 only,False
fmr,2027,HB10858-FMR-0718-013,"Construction of Brgy. Tablon (Sitio Manila) FMR, Cagayan de Oro City",15000000,2025,"Concreting of Brgy. Bugo FMR (Phase II), Brgy. Bugo, Cagayan de Oro City, Misamis Oriental",15000000,0.559,3,0,HB 10858 Vol I-B p. 718,GAA-2025 · Department of Agriculture (DA) · Office of the Secretary,,,,not stated,one side stated,Prior Phase 2 only,False
fmr,2027,HB10858-FMR-0718-014,"Construction of Brgy. Bacuyong, Piñan – Brgy. Lingasad FMR, Polanco, Zamboanga del Norte",20000000,2025,"Concreting of Brgy. San Vicente to Top Bridge FMR (Phase I), Brgy. San Vicente, Jabonga, Agusan Del Norte",45000000,0.512,1,-25000000,HB 10858 Vol I-B p. 718,GAA-2025 · Department of Agriculture (DA) · Office of the Secretary,,,,not stated,one side stated,Prior Phase 1 only,False
fmr,2027,HB10858-FMR-0718-014,"Construction of Brgy. Bacuyong, Piñan – Brgy. Lingasad FMR, Polanco, Zamboanga del Norte",20000000,2025,"Concreting of Brgy. Cogon to Brgy. Libuak FMR (Phase II), Brgy. Cogon and Brgy. Libuak, Island Garden City of Samal, Davao del Norte",15000000,0.5,2,5000000,HB 10858 Vol I-B p. 718,GAA-2025 · Department of Agriculture (DA) · Office of the Secretary,,,,not stated,one side stated,Prior Phase 2 only,False
fmr,2027,HB10858-FMR-0718-014,"Construction of Brgy. Bacuyong, Piñan – Brgy. Lingasad FMR, Polanco, Zamboanga del Norte",20000000,2025,"Concreting of Brgy. San Antonio to Brgy. Lugui FMR (Phase II), Brgy. San Antonio and Brgy. Lugui, Labo, Camarines Norte",15000000,0.492,3,5000000,HB 10858 Vol I-B p. 718,GAA-2025 · Department of Agriculture (DA) · Office of the Secretary,,,,not stated,one side stated,Prior Phase 2 only,False
fmr,2027,HB10858-FMR-0718-015,"Construction of Purok 5, Brgy. Balubal FMR, Cagayan de Oro City",15000000,2025,"Concreting of Brgy. Lumbia FMR (Phase II), Brgy. Lumbia, Cagayan de Oro City, Misamis Oriental",15000000,0.602,1,0,HB 10858 Vol I-B p. 718,GAA-2025 · Department of Agriculture (DA) · Office of the Secretary,,,,not stated,one side stated,Prior Phase 2 only,False
fmr,2027,HB10858-FMR-0718-015,"Construction of Purok 5, Brgy. Balubal FMR, Cagayan de Oro City",15000000,2025,"Concreting of Brgy. Bugo FMR (Phase II), Brgy. Bugo, Cagayan de Oro City, Misamis Oriental",15000000,0.584,2,0,HB 10858 Vol I-B p. 718,GAA-2025 · Department of Agriculture (DA) · Office of the Secretary,,,,not stated,one side stated,Prior Phase 2 only,False
fmr,2027,HB10858-FMR-0718-015,"Construction of Purok 5, Brgy. Balubal FMR, Cagayan de Oro City",15000000,2025,"Concreting of Brgy. Cugman FMR (Phase III), Brgy. Cugman, Cagayan de Oro City, Misamis Oriental",15000000,0.559,3,0,HB 10858 Vol I-B p. 718,GAA-2025 · Department of Agriculture (DA) · Office of the Secretary,,,,not stated,one side stated,Prior Phase 3 only,False
fmr,2027,HB10858-FMR-0718-016,"Construction of Brgy. Magangon, Polanco - Brgy. Del Pilar, Piñan FMR, Zamboanga del Norte",50000000,2025,"Concreting of Brgy. Nasunogan to Brgy. Airport and Lilo-an FMR (Phase I), Brgy. Nasunogan, Ormoc City, Leyte",15000000,0.487,1,35000000,HB 10858 Vol I-B p. 718,GAA-2025 · Department of Agriculture (DA) · Office of the Secretary,,,,not stated,one side stated,Prior Phase 1 only,False
fmr,2027,HB10858-FMR-0718-016,"Construction of Brgy. Magangon, Polanco - Brgy. Del Pilar, Piñan FMR, Zamboanga del Norte",50000000,2025,"Concreting of Brgy. San Vicente to Top Bridge FMR (Phase I), Brgy. San Vicente, Jabonga, Agusan Del Norte",45000000,0.475,2,5000000,HB 10858 Vol I-B p. 718,GAA-2025 · Department of Agriculture (DA) · Office of the Secretary,,,,not stated,one side stated,Prior Phase 1 only,False
fmr,2027,HB10858-FMR-0718-016,"Construction of Brgy. Magangon, Polanco - Brgy. Del Pilar, Piñan FMR, Zamboanga del Norte",50000000,2025,"Concreting of FMR at Lunawi - Muti, Brgy. Lanzones, Zamboanga City",15000000,0.421,3,35000000,HB 10858 Vol I-B p. 718,GAA-2025 · Department of Agriculture (DA) · Office of the Secretary,,,,not stated,not stated,,False
fmr,2027,HB10858-FMR-0718-017,"Construction of Zone 1, Brgy. Balubal FMR, Cagayan de Oro City",15000000,2025,"Concreting of Brgy. Lumbia FMR (Phase II), Brgy. Lumbia, Cagayan de Oro City, Misamis Oriental",15000000,0.609,1,0,HB 10858 Vol I-B p. 718,GAA-2025 · Department of Agriculture (DA) · Office of the Secretary,,,,not stated,one side stated,Prior Phase 2 only,False
fmr,2027,HB10858-FMR-0718-017,"Construction of Zone 1, Brgy. Balubal FMR, Cagayan de Oro City",15000000,2025,"Concreting of Brgy. Bugo FMR (Phase II), Brgy. Bugo, Cagayan de Oro City, Misamis Oriental",15000000,0.568,2,0,HB 10858 Vol I-B p. 718,GAA-2025 · Department of Agriculture (DA) · Office of the Secretary,,,,not stated,one side stated,Prior Phase 2 only,False
fmr,2027,HB10858-FMR-0718-017,"Construction of Zone 1, Brgy. Balubal FMR, Cagayan de Oro City",15000000,2025,"Concreting of Brgy. Cugman FMR (Phase III), Brgy. Cugman, Cagayan de Oro City, Misamis Oriental",15000000,0.543,3,0,HB 10858 Vol I-B p. 718,GAA-2025 · Department of Agriculture (DA) · Office of the Secretary,,,,not stated,one side stated,Prior Phase 3 only,False
fmr,2027,HB10858-FMR-0718-018,"Construction of Brgy. Besigan FMR, Brgy. Besigan, Cagayan de Oro City",15000000,2025,"Concreting of Brgy. Lumbia FMR (Phase II), Brgy. Lumbia, Cagayan de Oro City, Misamis Oriental",15000000,0.667,1,0,HB 10858 Vol I-B p. 718,GAA-2025 · Department of Agriculture (DA) · Office of the Secretary,,,,not stated,one side stated,Prior Phase 2 only,False
fmr,2027,HB10858-FMR-0718-018,"Construction of Brgy. Besigan FMR, Brgy. Besigan, Cagayan de Oro City",15000000,2025,"Concreting of Brgy. Cugman FMR (Phase III), Brgy. Cugman, Cagayan de Oro City, Misamis Oriental",15000000,0.667,2,0,HB 10858 Vol I-B p. 718,GAA-2025 · Department of Agriculture (DA) · Office of the Secretary,,,,not stated,one side stated,Prior Phase 3 only,False
fmr,2027,HB10858-FMR-0718-018,"Construction of Brgy. Besigan FMR, Brgy. Besigan, Cagayan de Oro City",15000000,2025,"Concreting of Brgy. Bugo FMR (Phase II), Brgy. Bugo, Cagayan de Oro City, Misamis Oriental",15000000,0.652,3,0,HB 10858 Vol I-B p. 718,GAA-2025 · Department of Agriculture (DA) · Office of the Secretary,,,,not stated,one side stated,Prior Phase 2 only,False
fmr,2027,HB10858-FMR-0718-019,"Construction of Brgy. Sayawan to Brgy. Dumalaguing to Brgy. Guiheean FMR, Impasugong, Bukidnon",30000000,2025,"Concreting of Brgy. Sinayawan FMR (Phase II), Brgy. Sinayawan, Valencia City, Bukidnon",10000000,0.462,1,20000000,HB 10858 Vol I-B p. 718,GAA-2025 · Department of Agriculture (DA) · Office of the Secretary,,,,not stated,one side stated,Prior Phase 2 only,False
fmr,2027,HB10858-FMR-0718-019,"Construction of Brgy. Sayawan to Brgy. Dumalaguing to Brgy. Guiheean FMR, Impasugong, Bukidnon",30000000,2025,Farm-to-Market Road (FMR) Network Planning and Monitoring Services,2344000,0.257,2,27656000,HB 10858 Vol I-B p. 718,GAA-2025 · Department of Agriculture (DA) · Office of the Secretary,,,,not stated,not stated,,False
fmr,2027,HB10858-FMR-0718-019,"Construction of Brgy. Sayawan to Brgy. Dumalaguing to Brgy. Guiheean FMR, Impasugong, Bukidnon",30000000,2025,Farm-to-Market Road (FMR) Network Planning and Monitoring Services,7537000,0.257,3,22463000,HB 10858 Vol I-B p. 718,GAA-2025 · Department of Agriculture (DA) · Office of the Secretary,,,,not stated,not stated,,False
fmr,2027,HB10858-FMR-0718-020,"Construction of Brgy. Delabayan West FMR, Brgy. Delabayan West, Bacolod, Lanao del Norte",15000000,2025,"Concreting of Brgy. Alangilan FMR Phase II, Brgy. Alangilan, Bacolod City, Negros Occidental",15000000,0.505,1,0,HB 10858 Vol I-B p. 718,GAA-2025 · Department of Agriculture (DA) · Office of the Secretary,,,,not stated,one side stated,Prior Phase 2 only,False
fmr,2027,HB10858-FMR-0718-020,"Construction of Brgy. Delabayan West FMR, Brgy. Delabayan West, Bacolod, Lanao del Norte",15000000,2025,"Concreting of Brgy. Alangilan FMR Phase I, Brgy. Alangilan, Bacolod City",15000000,0.495,2,0,HB 10858 Vol I-B p. 718,GAA-2025 · Department of Agriculture (DA) · Office of the Secretary,,,,not stated,one side stated,Prior Phase 1 only,False
fmr,2027,HB10858-FMR-0718-020,"Construction of Brgy. Delabayan West FMR, Brgy. Delabayan West, Bacolod, Lanao del Norte",15000000,2025,"Concreting of FMR at Brgy. Malativas to Brgy. San Roque, Panabo City, Davao del Norte",100000000,0.468,3,-85000000,HB 10858 Vol I-B p. 718,GAA-2025 · Department of Agriculture (DA) · Office of the Secretary,,,,not stated,not stated,,False
fmr,2027,HB10858-FMR-0718-021,"Construction of Purok 3 to Purok 7, Brgy. Minongan FMR, Brgy. Minongan, Quezon, Bukidnon",30000000,2025,"Concreting of Brgy. Sinayawan FMR (Phase II), Brgy. Sinayawan, Valencia City, Bukidnon",10000000,0.49,1,20000000,HB 10858 Vol I-B p. 718,GAA-2025 · Department of Agriculture (DA) · Office of the Secretary,,,,not stated,one side stated,Prior Phase 2 only,False
fmr,2027,HB10858-FMR-0718-021,"Construction of Purok 3 to Purok 7, Brgy. Minongan FMR, Brgy. Minongan, Quezon, Bukidnon",30000000,2025,"Concreting of Purok Balite to Crossing Bungot, Brgy. San Jose FMR (Phase II), Brgy. San Jose, Norala, South Cotabato",15000000,0.458,2,15000000,HB 10858 Vol I-B p. 718,GAA-2025 · Department of Agriculture (DA) · Office of the Secretary,,,,not stated,one side stated,Prior Phase 2 only,False
fmr,2027,HB10858-FMR-0718-021,"Construction of Purok 3 to Purok 7, Brgy. Minongan FMR, Brgy. Minongan, Quezon, Bukidnon",30000000,2025,"Concreting of Purok 7-Purok 15, Brgy. Mabuhay FMR (Phase V), Brgy. Mabuhay, General Santos City, South Cotabato",15000000,0.378,3,15000000,HB 10858 Vol I-B p. 718,GAA-2025 · Department of Agriculture (DA) · Office of the Secretary,,,,not stated,one side stated,Prior Phase 5 only,False
fmr,2027,HB10858-FMR-0718-022,"Construction of Purok 1, Brgy. Purakan FMR, Brgy. Purakan, Linamon, Lanao del Norte",15000000,2025,"Concreting of Brgy. San Vicente to Top Bridge FMR (Phase I), Brgy. San Vicente, Jabonga, Agusan Del Norte",45000000,0.479,1,-30000000,HB 10858 Vol I-B p. 718,GAA-2025 · Department of Agriculture (DA) · Office of the Secretary,,,,not stated,one side stated,Prior Phase 1 only,False
fmr,2027,HB10858-FMR-0718-022,"Construction of Purok 1, Brgy. Purakan FMR, Brgy. Purakan, Linamon, Lanao del Norte",15000000,2025,"Concreting of FMR at Brgy. Malativas to Brgy. San Roque, Panabo City, Davao del Norte",100000000,0.476,2,-85000000,HB 10858 Vol I-B p. 718,GAA-2025 · Department of Agriculture (DA) · Office of the Secretary,,,,not stated,not stated,,False
fmr,2027,HB10858-FMR-0718-022,"Construction of Purok 1, Brgy. Purakan FMR, Brgy. Purakan, Linamon, Lanao del Norte",15000000,2025,"Concreting of Purok 2, Brgy. Cansinala FMR (Phase I), Brgy. Cansinala, Apalit, Pampanga",15000000,0.469,3,0,HB 10858 Vol I-B p. 718,GAA-2025 · Department of Agriculture (DA) · Office of the Secretary,,,,not stated,one side stated,Prior Phase 1 only,False
fmr,2027,HB10858-FMR-0718-023,"Construction of Brgy. Tignapoloan FMR Phase II, Brgy. Tignapoloan, Cagayan de Oro City",30000000,2025,"Concreting of Brgy. Cugman FMR (Phase III), Brgy. Cugman, Cagayan de Oro City, Misamis Oriental",15000000,0.614,1,15000000,HB 10858 Vol I-B p. 718,GAA-2025 · Department of Agriculture (DA) · Office of the Secretary,,,,not stated,different tranche,Phase 2 vs 3,True
fmr,2027,HB10858-FMR-0718-023,"Construction of Brgy. Tignapoloan FMR Phase II, Brgy. Tignapoloan, Cagayan de Oro City",30000000,2025,"Concreting of Brgy. Bugo FMR (Phase II), Brgy. Bugo, Cagayan de Oro City, Misamis Oriental",15000000,0.598,2,15000000,HB 10858 Vol I-B p. 718,GAA-2025 · Department of Agriculture (DA) · Office of the Secretary,,,,not stated,same tranche,,False
fmr,2027,HB10858-FMR-0718-023,"Construction of Brgy. Tignapoloan FMR Phase II, Brgy. Tignapoloan, Cagayan de Oro City",30000000,2025,"Concreting of Brgy. Malinawon FMR (Phase IV), Brgy. Malinawon, Mawab, Davao de Oro",15000000,0.584,3,15000000,HB 10858 Vol I-B p. 718,GAA-2025 · Department of Agriculture (DA) · Office of the Secretary,,,,not stated,different tranche,Phase 2 vs 4,True
fmr,2027,HB10858-FMR-0718-024,"Construction of Brgy. Palao Ranaranao FMR, Brgy. Palao Ranaranao, Marantao, Lanao del Sur",30000000,2025,"Concreting of FMR at Brgy. Pansinao, Candaba, Pampanga",25000000,0.414,1,5000000,HB 10858 Vol I-B p. 718,GAA-2025 · Department of Agriculture (DA) · Office of the Secretary,,,,not stated,not stated,,False
fmr,2027,HB10858-FMR-0718-024,"Construction of Brgy. Palao Ranaranao FMR, Brgy. Palao Ranaranao, Marantao, Lanao del Sur",30000000,2025,"Concreting of FMR at Brgy. Pangclara, Candaba, Pampanga",25000000,0.409,2,5000000,HB 10858 Vol I-B p. 718,GAA-2025 · Department of Agriculture (DA) · Office of the Secretary,,,,not stated,not stated,,False
fmr,2027,HB10858-FMR-0718-024,"Construction of Brgy. Palao Ranaranao FMR, Brgy. Palao Ranaranao, Marantao, Lanao del Sur",30000000,2025,"Concreting of FMR at NRJ Brgy. Pasta to Brgy. Buenasuerte, San Franscisco, Agusan Del Sur",10000000,0.397,3,20000000,HB 10858 Vol I-B p. 718,GAA-2025 · Department of Agriculture (DA) · Office of the Secretary,,,,not stated,not stated,,False
fmr,2027,HB10858-FMR-0718-025,"Construction of Brgy. Gusa FMR, Brgy. Gusa, Cagayan de Oro City",30000000,2025,"Concreting of Brgy. Lumbia FMR (Phase II), Brgy. Lumbia, Cagayan de Oro City, Misamis Oriental",15000000,0.667,1,15000000,HB 10858 Vol I-B p. 718,GAA-2025 · Department of Agriculture (DA) · Office of the Secretary,,,,not stated,one side stated,Prior Phase 2 only,False
fmr,2027,HB10858-FMR-0718-025,"Construction of Brgy. Gusa FMR, Brgy. Gusa, Cagayan de Oro City",30000000,2025,"Concreting of Brgy. Cugman FMR (Phase III), Brgy. Cugman, Cagayan de Oro City, Misamis Oriental",15000000,0.667,2,15000000,HB 10858 Vol I-B p. 718,GAA-2025 · Department of Agriculture (DA) · Office of the Secretary,,,,not stated,one side stated,Prior Phase 3 only,False
fmr,2027,HB10858-FMR-0718-025,"Construction of Brgy. Gusa FMR, Brgy. Gusa, Cagayan de Oro City",30000000,2025,"Concreting of Brgy. Bugo FMR (Phase II), Brgy. Bugo, Cagayan de Oro City, Misamis Oriental",15000000,0.651,3,15000000,HB 10858 Vol I-B p. 718,GAA-2025 · Department of Agriculture (DA) · Office of the Secretary,,,,not stated,one side stated,Prior Phase 2 only,False
fmr,2027,HB10858-FMR-0718-026,"Concreting of Brgy. Paradise FMR, Brgy. Paradise, Cabanglasan, Bukidnon",15000000,2025,"Concreting of Brgy. Sinayawan FMR (Phase II), Brgy. Sinayawan, Valencia City, Bukidnon",10000000,0.477,1,5000000,HB 10858 Vol I-B p. 718,GAA-2025 · Department of Agriculture (DA) · Office of the Secretary,,,,not stated,one side stated,Prior Phase 2 only,False
fmr,2027,HB10858-FMR-0718-026,"Concreting of Brgy. Paradise FMR, Brgy. Paradise, Cabanglasan, Bukidnon",15000000,2025,"Concreting of Brgy. Mabaca FMR Phase II, Brgy. Mabaca, Balbalan, Kalinga",10000000,0.474,2,5000000,HB 10858 Vol I-B p. 718,GAA-2025 · Department of Agriculture (DA) · Office of the Secretary,,,,not stated,one side stated,Prior Phase 2 only,False
fmr,2027,HB10858-FMR-0718-026,"Concreting of Brgy. Paradise FMR, Brgy. Paradise, Cabanglasan, Bukidnon",15000000,2025,"Concreting of FMR at Brgy. Pangclara, Candaba, Pampanga",25000000,0.444,3,-10000000,HB 10858 Vol I-B p. 718,GAA-2025 · Department of Agriculture (DA) · Office of the Secretary,,,,not stated,not stated,,False
fmr,2027,HB10858-FMR-0718-027,"Construction of Brgy. South Poblacion to Brgy. Liong FMR, Brgy. South Poblacion,",20000000,2025,"Concreting of Brgy. Poblacion to Brgy. Dananao to Brgy. Tulgao FMR Phase II, Tinglayan, Kalinga",30000000,0.521,1,-10000000,HB 10858 Vol I-B p. 718,GAA-2025 · Department of Agriculture (DA) · Office of the Secretary,,,,not stated,one side stated,Prior Phase 2 only,False
fmr,2027,HB10858-FMR-0718-027,"Construction of Brgy. South Poblacion to Brgy. Liong FMR, Brgy. South Poblacion,",20000000,2025,"Concreting of Purok Balite to Crossing Bungot, Brgy. San Jose FMR (Phase II), Brgy. San Jose, Norala, South Cotabato",15000000,0.403,2,5000000,HB 10858 Vol I-B p. 718,GAA-2025 · Department of Agriculture (DA) · Office of the Secretary,,,,not stated,one side stated,Prior Phase 2 only,False
fmr,2027,HB10858-FMR-0718-027,"Construction of Brgy. South Poblacion to Brgy. Liong FMR, Brgy. South Poblacion,",20000000,2025,"Concreting of Brgy. Lamdalag to Brgy. Tablu to Brgy. Lamlahak FMR (Phase I), Brgys. Lamdalag, Tablu and Lamlahak, Lake Sebu, South Cotabato",15000000,0.364,3,5000000,HB 10858 Vol I-B p. 718,GAA-2025 · Department of Agriculture (DA) · Office of the Secretary,,,,not stated,one side stated,Prior Phase 1 only,False
fmr,2027,HB10858-FMR-0718-028,"Concreting of Brgy. Unidos - Brgy. Agunod to Brgy. Quirino FMR, Plaridel, Misamis Occidental",10000000,2025,"Concreting of FMR at Brgy. Capucao to Stimson Abordo FMR, Ozamiz City, Misamis Occidental",10000000,0.583,1,0,HB 10858 Vol I-B p. 718,GAA-2025 · Department of Agriculture (DA) · Office of the Secretary,,,,not stated,not stated,,False
fmr,2027,HB10858-FMR-0718-028,"Concreting of Brgy. Unidos - Brgy. Agunod to Brgy. Quirino FMR, Plaridel, Misamis Occidental",10000000,2025,"Concreting of FMR at Brgy. Demoloc, Malita, Davao Occidental",10000000,0.484,2,0,HB 10858 Vol I-B p. 718,GAA-2025 · Department of Agriculture (DA) · Office of the Secretary,,,,not stated,not stated,,False
fmr,2027,HB10858-FMR-0718-028,"Concreting of Brgy. Unidos - Brgy. Agunod to Brgy. Quirino FMR, Plaridel, Misamis Occidental",10000000,2025,Farm-to-Market Road (FMR) Network Planning and Monitoring Services,2344000,0.303,3,7656000,HB 10858 Vol I-B p. 718,GAA-2025 · Department of Agriculture (DA) · Office of the Secretary,,,,not stated,not stated,,False
fmr,2027,HB10858-FMR-0718-029,"Construction of Brgy. Mainit FMR, Brgy. Mainit, Iligan City, Lanao del Norte",30000000,2025,"Concreting of FMR at Brgy. Malativas to Brgy. San Roque, Panabo City, Davao del Norte",100000000,0.606,1,-70000000,HB 10858 Vol I-B p. 718,GAA-2025 · Department of Agriculture (DA) · Office of the Secretary,,,,not stated,not stated,,False
fmr,2027,HB10858-FMR-0718-029,"Construction of Brgy. Mainit FMR, Brgy. Mainit, Iligan City, Lanao del Norte",30000000,2025,"Concreting of Brgy. Cogon to Brgy. Libuak FMR (Phase II), Brgy. Cogon and Brgy. Libuak, Island Garden City of Samal, Davao del Norte",15000000,0.559,2,15000000,HB 10858 Vol I-B p. 718,GAA-2025 · Department of Agriculture (DA) · Office of the Secretary,,,,not stated,one side stated,Prior Phase 2 only,False
fmr,2027,HB10858-FMR-0718-029,"Construction of Brgy. Mainit FMR, Brgy. Mainit, Iligan City, Lanao del Norte",30000000,2025,"Concreting of Brgy. Cabunbata FMR Phase II, Brgy. Cabunbata, Isabela City, Basilan",21000000,0.539,3,9000000,HB 10858 Vol I-B p. 718,GAA-2025 · Department of Agriculture (DA) · Office of the Secretary,,,,not stated,one side stated,Prior Phase 2 only,False
fmr,2027,HB10858-FMR-0718-030,"Construction of Brgy. Tablon FMR, Brgy. Tablon, Cagaya de Oro City",30000000,2025,"Concreting of Brgy. Bugo FMR (Phase II), Brgy. Bugo, Cagayan de Oro City, Misamis Oriental",15000000,0.651,1,15000000,HB 10858 Vol I-B p. 718,GAA-2025 · Department of Agriculture (DA) · Office of the Secretary,,,,not stated,one side stated,Prior Phase 2 only,False
fmr,2027,HB10858-FMR-0718-030,"Construction of Brgy. Tablon FMR, Brgy. Tablon, Cagaya de Oro City",30000000,2025,"Concreting of Brgy. Cugman FMR (Phase III), Brgy. Cugman, Cagayan de Oro City, Misamis Oriental",15000000,0.622,2,15000000,HB 10858 Vol I-B p. 718,GAA-2025 · Department of Agriculture (DA) · Office of the Secretary,,,,not stated,one side stated,Prior Phase 3 only,False
fmr,2027,HB10858-FMR-0718-030,"Construction of Brgy. Tablon FMR, Brgy. Tablon, Cagaya de Oro City",30000000,2025,"Concreting of Brgy. Malinawon FMR (Phase IV), Brgy. Malinawon, Mawab, Davao de Oro",15000000,0.615,3,15000000,HB 10858 Vol I-B p. 718,GAA-2025 · Department of Agriculture (DA) · Office of the Secretary,,,,not stated,one side stated,Prior Phase 4 only,False
fmr,2027,HB10858-FMR-0718-031,"Construction of Brgy. Sta. Cruz FMR, Brgy. Sta. Cruz, Maigo, Lanao del Norte",20000000,2025,"Concreting of Brgy. Tanglad FMR (Phase II), Brgy. Tanglad, Sta. Maria, Davao Occidental",15000000,0.494,1,5000000,HB 10858 Vol I-B p. 718,GAA-2025 · Department of Agriculture (DA) · Office of the Secretary,,,,not stated,one side stated,Prior Phase 2 only,False
fmr,2027,HB10858-FMR-0718-031,"Construction of Brgy. Sta. Cruz FMR, Brgy. Sta. Cruz, Maigo, Lanao del Norte",20000000,2025,"Concreting of FMR at Sitio Malapat, Brgy. Baay, Labo, Camarines Norte",15000000,0.488,2,5000000,HB 10858 Vol I-B p. 718,GAA-2025 · Department of Agriculture (DA) · Office of the Secretary,,,,not stated,not stated,,False
fmr,2027,HB10858-FMR-0718-031,"Construction of Brgy. Sta. Cruz FMR, Brgy. Sta. Cruz, Maigo, Lanao del Norte",20000000,2025,"Concreting of FMR at Brgy. Binatagan, Basud, Camarines Norte",30000000,0.487,3,-10000000,HB 10858 Vol I-B p. 718,GAA-2025 · Department of Agriculture (DA) · Office of the Secretary,,,,not stated,not stated,,False
fmr,2027,HB10858-FMR-0718-032,"Concreting of Zone 5 - Immaculate Conception Shrine, Brgy. Sambulawan FMR, Brgy. Sambulawan, Laguindingan, Misamis Oriental",15000000,2025,"Concreting of Brgy. Cugman FMR (Phase III), Brgy. Cugman, Cagayan de Oro City, Misamis Oriental",15000000,0.483,1,0,HB 10858 Vol I-B p. 718,GAA-2025 · Department of Agriculture (DA) · Office of the Secretary,,,,not stated,one side stated,Prior Phase 3 only,False
fmr,2027,HB10858-FMR-0718-032,"Concreting of Zone 5 - Immaculate Conception Shrine, Brgy. Sambulawan FMR, Brgy. Sambulawan, Laguindingan, Misamis Oriental",15000000,2025,"Concreting of Brgy. F. S. Catanico FMR (Phase I), Brgy. F. S. Catanico, Cagayan de Oro City, Misamis Oriental",10000000,0.459,2,5000000,HB 10858 Vol I-B p. 718,GAA-2025 · Department of Agriculture (DA) · Office of the Secretary,,,,not stated,one side stated,Prior Phase 1 only,False
fmr,2027,HB10858-FMR-0718-032,"Concreting of Zone 5 - Immaculate Conception Shrine, Brgy. Sambulawan FMR, Brgy. Sambulawan, Laguindingan, Misamis Oriental",15000000,2025,"Concreting of Brgy. F. S. Catanico FMR (Phase II), Brgy. F. S. Catanico, Cagayan de Oro City, Misamis Oriental",20000000,0.459,3,-5000000,HB 10858 Vol I-B p. 718,GAA-2025 · Department of Agriculture (DA) · Office of the Secretary,,,,not stated,one side stated,Prior Phase 2 only,False
fmr,2027,HB10858-FMR-0718-033,"Construction of Brgy. Maliwanag FMR, Baroy, Lanao del Norte",10000000,2025,"Concreting of Brgy. Mabaca FMR Phase II, Brgy. Mabaca, Balbalan, Kalinga",10000000,0.522,1,0,HB 10858 Vol I-B p. 718,GAA-2025 · Department of Agriculture (DA) · Office of the Secretary,,,,not stated,one side stated,Prior Phase 2 only,False
fmr,2027,HB10858-FMR-0718-033,"Construction of Brgy. Maliwanag FMR, Baroy, Lanao del Norte",10000000,2025,"Concreting of FMR at Brgy. Malativas to Brgy. San Roque, Panabo City, Davao del Norte",100000000,0.494,2,-90000000,HB 10858 Vol I-B p. 718,GAA-2025 · Department of Agriculture (DA) · Office of the Secretary,,,,not stated,not stated,,False
fmr,2027,HB10858-FMR-0718-033,"Construction of Brgy. Maliwanag FMR, Baroy, Lanao del Norte",10000000,2025,"Concreting of FMR at Sitio Malapat, Brgy. Baay, Labo, Camarines Norte",15000000,0.487,3,-5000000,HB 10858 Vol I-B p. 718,GAA-2025 · Department of Agriculture (DA) · Office of the Secretary,,,,not stated,not stated,,False
fmr,2027,HB10858-FMR-0720-001,"Concreting of Sitio Siare, Brgy. Baybay FMR, Brgy. Baybay, Alubijid, Misamis Oriental",15000000,2025,"Concreting of Sitio Malaya FMR at Brgy. Aningway Subic, Zambales",15000000,0.568,1,0,HB 10858 Vol I-B p. 720,GAA-2025 · Department of Agriculture (DA) · Office of the Secretary,,,,not stated,not stated,,False
fmr,2027,HB10858-FMR-0720-001,"Concreting of Sitio Siare, Brgy. Baybay FMR, Brgy. Baybay, Alubijid, Misamis Oriental",15000000,2025,"Concreting of Brgy. Bugo FMR (Phase II), Brgy. Bugo, Cagayan de Oro City, Misamis Oriental",15000000,0.533,2,0,HB 10858 Vol I-B p. 720,GAA-2025 · Department of Agriculture (DA) · Office of the Secretary,,,,not stated,one side stated,Prior Phase 2 only,False
fmr,2027,HB10858-FMR-0720-001,"Concreting of Sitio Siare, Brgy. Baybay FMR, Brgy. Baybay, Alubijid, Misamis Oriental",15000000,2025,"Concreting of Brgy. Lumbia FMR (Phase II), Brgy. Lumbia, Cagayan de Oro City, Misamis Oriental",15000000,0.532,3,0,HB 10858 Vol I-B p. 720,GAA-2025 · Department of Agriculture (DA) · Office of the Secretary,,,,not stated,one side stated,Prior Phase 2 only,False
fmr,2027,HB10858-FMR-0720-002,"Construction of Coastal Road to Bacuring to Tugun to Nabintad to Gapas, Brgy. Madaum FMR, Brgy. Madaum, Tagum City, Davao del Norte",55000000,2025,"Concreting of Brgy. Cogon to Brgy. Libuak FMR (Phase II), Brgy. Cogon and Brgy. Libuak, Island Garden City of Samal, Davao del Norte",15000000,0.455,1,40000000,HB 10858 Vol I-B p. 720,GAA-2025 · Department of Agriculture (DA) · Office of the Secretary,,,,not stated,one side stated,Prior Phase 2 only,False
fmr,2027,HB10858-FMR-0720-002,"Construction of Coastal Road to Bacuring to Tugun to Nabintad to Gapas, Brgy. Madaum FMR, Brgy. Madaum, Tagum City, Davao del Norte",55000000,2025,"Concreting of FMR at Brgy. Malativas to Brgy. San Roque, Panabo City, Davao del Norte",100000000,0.432,2,-45000000,HB 10858 Vol I-B p. 720,GAA-2025 · Department of Agriculture (DA) · Office of the Secretary,,,,not stated,not stated,,False
fmr,2027,HB10858-FMR-0720-002,"Construction of Coastal Road to Bacuring to Tugun to Nabintad to Gapas, Brgy. Madaum FMR, Brgy. Madaum, Tagum City, Davao del Norte",55000000,2025,"Concreting of Sitio Dep-ang to Sitio Bilis, Brgy. Santo Tomas FMR Phase III, Brgy. Santo Tomas, Baguio City",10000000,0.42,3,45000000,HB 10858 Vol I-B p. 720,GAA-2025 · Department of Agriculture (DA) · Office of the Secretary,,,,not stated,one side stated,Prior Phase 3 only,False
fmr,2027,HB10858-FMR-0720-003,"Concreting of Sitio Lourdes, Brgy. Tignapoloan FMR, Brgy. Tignapoloan, Cagayan de Oro City",25000000,2025,"Concreting of Brgy. Cugman FMR (Phase III), Brgy. Cugman, Cagayan de Oro City, Misamis Oriental",15000000,0.557,1,10000000,HB 10858 Vol I-B p. 720,GAA-2025 · Department of Agriculture (DA) · Office of the Secretary,,,,not stated,one side stated,Prior Phase 3 only,False
fmr,2027,HB10858-FMR-0720-003,"Concreting of Sitio Lourdes, Brgy. Tignapoloan FMR, Brgy. Tignapoloan, Cagayan de Oro City",25000000,2025,"Concreting of Brgy. F. S. Catanico FMR (Phase I), Brgy. F. S. Catanico, Cagayan de Oro City, Misamis Oriental",10000000,0.535,2,15000000,HB 10858 Vol I-B p. 720,GAA-2025 · Department of Agriculture (DA) · Office of the Secretary,,,,not stated,one side stated,Prior Phase 1 only,False
fmr,2027,HB10858-FMR-0720-003,"Concreting of Sitio Lourdes, Brgy. Tignapoloan FMR, Brgy. Tignapoloan, Cagayan de Oro City",25000000,2025,"Concreting of Brgy. F. S. Catanico FMR (Phase II), Brgy. F. S. Catanico, Cagayan de Oro City, Misamis Oriental",20000000,0.535,3,5000000,HB 10858 Vol I-B p. 720,GAA-2025 · Department of Agriculture (DA) · Office of the Secretary,,,,not stated,one side stated,Prior Phase 2 only,False
fmr,2027,HB10858-FMR-0720-004,"Construction of Brgy. Buan FMR, Brgy. Buan, Asuncion, Davao del Norte",45000000,2025,"Concreting of Brgy. Tandik FMR (Phase II), Brgy. Tandik, Maragusan, Davao de Oro",15000000,0.641,1,30000000,HB 10858 Vol I-B p. 720,GAA-2025 · Department of Agriculture (DA) · Office of the Secretary,,,,not stated,one side stated,Prior Phase 2 only,False
fmr,2027,HB10858-FMR-0720-004,"Construction of Brgy. Buan FMR, Brgy. Buan, Asuncion, Davao del Norte",45000000,2025,"Concreting of Brgy. Tubaon FMR (Phase III), Brgy. Tubaon, Tarragona, Davao Oriental",15000000,0.625,2,30000000,HB 10858 Vol I-B p. 720,GAA-2025 · Department of Agriculture (DA) · Office of the Secretary,,,,not stated,one side stated,Prior Phase 3 only,False
fmr,2027,HB10858-FMR-0720-004,"Construction of Brgy. Buan FMR, Brgy. Buan, Asuncion, Davao del Norte",45000000,2025,"Concreting of FMR at Brgy. Malativas to Brgy. San Roque, Panabo City, Davao del Norte",100000000,0.587,3,-55000000,HB 10858 Vol I-B p. 720,GAA-2025 · Department of Agriculture (DA) · Office of the Secretary,,,,not stated,not stated,,False
fmr,2027,HB10858-FMR-0720-006,"Concreting of Sitio Narra - Purok Marangig, Brgy. New Albay FMR, Brgy. New Albay, Maragusan, Davao de Oro",30000000,2025,"Concreting of Brgy. Tandik FMR (Phase II), Brgy. Tandik, Maragusan, Davao de Oro",15000000,0.584,1,15000000,HB 10858 Vol I-B p. 720,GAA-2025 · Department of Agriculture (DA) · Office of the Secretary,,,,not stated,one side stated,Prior Phase 2 only,False
fmr,2027,HB10858-FMR-0720-006,"Concreting of Sitio Narra - Purok Marangig, Brgy. New Albay FMR, Brgy. New Albay, Maragusan, Davao de Oro",30000000,2025,"Concreting of Brgy. Malinawon FMR (Phase IV), Brgy. Malinawon, Mawab, Davao de Oro",15000000,0.522,2,15000000,HB 10858 Vol I-B p. 720,GAA-2025 · Department of Agriculture (DA) · Office of the Secretary,,,,not stated,one side stated,Prior Phase 4 only,False
fmr,2027,HB10858-FMR-0720-006,"Concreting of Sitio Narra - Purok Marangig, Brgy. New Albay FMR, Brgy. New Albay, Maragusan, Davao de Oro",30000000,2025,"Concreting of Brgy. Magangit FMR (Phase II), Brgy. Magangit, New Bataan, Davao de Oro",15000000,0.508,3,15000000,HB 10858 Vol I-B p. 720,GAA-2025 · Department of Agriculture (DA) · Office of the Secretary,,,,not stated,one side stated,Prior Phase 2 only,False
fmr,2027,HB10858-FMR-0720-007,"Construction of Purok 1 - 6, Brgy. Balnate FMR, Brgy. Balnate, Magsaysay, Davao del Sur",15000000,2025,"Concreting of Brgy. Malinawon FMR (Phase IV), Brgy. Malinawon, Mawab, Davao de Oro",15000000,0.589,1,0,HB 10858 Vol I-B p. 720,GAA-2025 · Department of Agriculture (DA) · Office of the Secretary,,,,not stated,one side stated,Prior Phase 4 only,False
fmr,2027,HB10858-FMR-0720-007,"Construction of Purok 1 - 6, Brgy. Balnate FMR, Brgy. Balnate, Magsaysay, Davao del Sur",15000000,2025,"Concreting of Brgy. Tandik FMR (Phase II), Brgy. Tandik, Maragusan, Davao de Oro",15000000,0.538,2,0,HB 10858 Vol I-B p. 720,GAA-2025 · Department of Agriculture (DA) · Office of the Secretary,,,,not stated,one side stated,Prior Phase 2 only,False
fmr,2027,HB10858-FMR-0720-007,"Construction of Purok 1 - 6, Brgy. Balnate FMR, Brgy. Balnate, Magsaysay, Davao del Sur",15000000,2025,"Concreting of Brgy. Tanglad FMR (Phase II), Brgy. Tanglad, Sta. Maria, Davao Occidental",15000000,0.525,3,0,HB 10858 Vol I-B p. 720,GAA-2025 · Department of Agriculture (DA) · Office of the Secretary,,,,not stated,one side stated,Prior Phase 2 only,False
fmr,2027,HB10858-FMR-0720-008,"Concreting of Brgy. Cabasaran to Brgy. Bacayawan FMR going to Munai Road, Brgy. Cabasaran, Madalum, Lanao del Sur",30000000,2025,"Concreting of FMR at NRJ Brgy. Pasta to Brgy. Buenasuerte, San Franscisco, Agusan Del Sur",10000000,0.443,1,20000000,HB 10858 Vol I-B p. 720,GAA-2025 · Department of Agriculture (DA) · Office of the Secretary,,,,not stated,not stated,,False
fmr,2027,HB10858-FMR-0720-008,"Concreting of Brgy. Cabasaran to Brgy. Bacayawan FMR going to Munai Road, Brgy. Cabasaran, Madalum, Lanao del Sur",30000000,2025,"Concreting of Purok 8 to Sitio Manangahon to Sitio Palo, Brgy. Mate FMR (Phase II), San Francisco, Agusan del Sur",15000000,0.434,2,15000000,HB 10858 Vol I-B p. 720,GAA-2025 · Department of Agriculture (DA) · Office of the Secretary,,,,not stated,one side stated,Prior Phase 2 only,False
fmr,2027,HB10858-FMR-0720-008,"Concreting of Brgy. Cabasaran to Brgy. Bacayawan FMR going to Munai Road, Brgy. Cabasaran, Madalum, Lanao del Sur",30000000,2025,"Concreting of FMR at Brgy. Tagubong PRDP Road Section to Sitio Pangimnan going to chapel, Passi City, Iloilo",10000000,0.358,3,20000000,HB 10858 Vol I-B p. 720,GAA-2025 · Department of Agriculture (DA) · Office of the Secretary,,,,not stated,not stated,,False
fmr,2027,HB10858-FMR-0720-009,"Construction of Brgy. Kibao FMR, Brgy. Kibao, Matanao, Davao del Sur",15000000,2025,"Concreting of Brgy. Malinawon FMR (Phase IV), Brgy. Malinawon, Mawab, Davao de Oro",15000000,0.658,1,0,HB 10858 Vol I-B p. 720,GAA-2025 · Department of Agriculture (DA) · Office of the Secretary,,,,not stated,one side stated,Prior Phase 4 only,False
fmr,2027,HB10858-FMR-0720-009,"Construction of Brgy. Kibao FMR, Brgy. Kibao, Matanao, Davao del Sur",15000000,2025,"Concreting of Brgy. Tubaon FMR (Phase III), Brgy. Tubaon, Tarragona, Davao Oriental",15000000,0.633,2,0,HB 10858 Vol I-B p. 720,GAA-2025 · Department of Agriculture (DA) · Office of the Secretary,,,,not stated,one side stated,Prior Phase 3 only,False
fmr,2027,HB10858-FMR-0720-009,"Construction of Brgy. Kibao FMR, Brgy. Kibao, Matanao, Davao del Sur",15000000,2025,"Concreting of Brgy. Tandik FMR (Phase II), Brgy. Tandik, Maragusan, Davao de Oro",15000000,0.597,3,0,HB 10858 Vol I-B p. 720,GAA-2025 · Department of Agriculture (DA) · Office of the Secretary,,,,not stated,one side stated,Prior Phase 2 only,False
fmr,2027,HB10858-FMR-0720-010,"Concreting of Purok 5, Labinay FMR, Brgy. Labinay, Ozamiz City, Misamis Occidental",30000000,2025,"Concreting of FMR at Brgy. Capucao to Stimson Abordo FMR, Ozamiz City, Misamis Occidental",10000000,0.689,1,20000000,HB 10858 Vol I-B p. 720,GAA-2025 · Department of Agriculture (DA) · Office of the Secretary,,,,not stated,not stated,,False
fmr,2027,HB10858-FMR-0720-010,"Concreting of Purok 5, Labinay FMR, Brgy. Labinay, Ozamiz City, Misamis Occidental",30000000,2025,"Concreting of Brgy. Granada FMR Phase II, Brgy. Granada, Bacolod City, Negros Occidental",15000000,0.593,2,15000000,HB 10858 Vol I-B p. 720,GAA-2025 · Department of Agriculture (DA) · Office of the Secretary,,,,not stated,one side stated,Prior Phase 2 only,False
fmr,2027,HB10858-FMR-0720-010,"Concreting of Purok 5, Labinay FMR, Brgy. Labinay, Ozamiz City, Misamis Occidental",30000000,2025,"Concreting of Brgy. Puey FMR (Phase II), Brgy. Puey, Sagay City, Negros Occidental",15000000,0.58,3,15000000,HB 10858 Vol I-B p. 720,GAA-2025 · Department of Agriculture (DA) · Office of the Secretary,,,,not stated,one side stated,Prior Phase 2 only,False
fmr,2027,HB10858-FMR-0720-011,"Concreting of Brgy. Bobongon FMR, Brgy. Bobongon, Santo Tomas, Davao del Norte",10000000,2025,"Concreting of Bubug FMR (Phase I), Brgy. Bubug, Sto. Tomas, Isabela",15000000,0.61,1,-5000000,HB 10858 Vol I-B p. 720,GAA-2025 · Department of Agriculture (DA) · Office of the Secretary,,,,not stated,one side stated,Prior Phase 1 only,False
fmr,2027,HB10858-FMR-0720-011,"Concreting of Brgy. Bobongon FMR, Brgy. Bobongon, Santo Tomas, Davao del Norte",10000000,2025,"Concreting of Brgy. Bubug FMR (Phase II), Brgy. Bubug, Sto. Tomas, Isabela",20000000,0.61,2,-10000000,HB 10858 Vol I-B p. 720,GAA-2025 · Department of Agriculture (DA) · Office of the Secretary,,,,not stated,one side stated,Prior Phase 2 only,False
fmr,2027,HB10858-FMR-0720-011,"Concreting of Brgy. Bobongon FMR, Brgy. Bobongon, Santo Tomas, Davao del Norte",10000000,2025,"Concreting of Brgy. Malinawon FMR (Phase IV), Brgy. Malinawon, Mawab, Davao de Oro",15000000,0.571,3,-5000000,HB 10858 Vol I-B p. 720,GAA-2025 · Department of Agriculture (DA) · Office of the Secretary,,,,not stated,one side stated,Prior Phase 4 only,False
fmr,2027,HB10858-FMR-0720-012,"Concreting of Brgy. Napurog FMR, Brgy. Napurog, Tudela, Misamis Occidental",15000000,2025,"Concreting of Brgy. Tanglad FMR (Phase II), Brgy. Tanglad, Sta. Maria, Davao Occidental",15000000,0.593,1,0,HB 10858 Vol I-B p. 720,GAA-2025 · Department of Agriculture (DA) · Office of the Secretary,,,,not stated,one side stated,Prior Phase 2 only,False
fmr,2027,HB10858-FMR-0720-012,"Concreting of Brgy. Napurog FMR, Brgy. Napurog, Tudela, Misamis Occidental",15000000,2025,"Concreting of FMR at Brgy. Capucao to Stimson Abordo FMR, Ozamiz City, Misamis Occidental",10000000,0.587,2,5000000,HB 10858 Vol I-B p. 720,GAA-2025 · Department of Agriculture (DA) · Office of the Secretary,,,,not stated,not stated,,False
fmr,2027,HB10858-FMR-0720-012,"Concreting of Brgy. Napurog FMR, Brgy. Napurog, Tudela, Misamis Occidental",15000000,2025,"Concreting of Brgy. Puey FMR (Phase II), Brgy. Puey, Sagay City, Negros Occidental",15000000,0.529,3,0,HB 10858 Vol I-B p. 720,GAA-2025 · Department of Agriculture (DA) · Office of the Secretary,,,,not stated,one side stated,Prior Phase 2 only,False
fmr,2027,HB10858-FMR-0720-013,"Concreting of Brgy. Dalisay FMR, Brgy. Dalisay, Panabo City, Davao del Norte",10000000,2025,"Concreting of FMR at Brgy. Malativas to Brgy. San Roque, Panabo City, Davao del Norte",100000000,0.733,1,-90000000,HB 10858 Vol I-B p. 720,GAA-2025 · Department of Agriculture (DA) · Office of the Secretary,,,,not stated,not stated,,False
fmr,2027,HB10858-FMR-0720-013,"Concreting of Brgy. Dalisay FMR, Brgy. Dalisay, Panabo City, Davao del Norte",10000000,2025,"Concreting of Brgy. Cogon to Brgy. Libuak FMR (Phase II), Brgy. Cogon and Brgy. Libuak, Island Garden City of Samal, Davao del Norte",15000000,0.583,2,-5000000,HB 10858 Vol I-B p. 720,GAA-2025 · Department of Agriculture (DA) · Office of the Secretary,,,,not stated,one side stated,Prior Phase 2 only,False
fmr,2027,HB10858-FMR-0720-013,"Concreting of Brgy. Dalisay FMR, Brgy. Dalisay, Panabo City, Davao del Norte",10000000,2025,"Concreting of Brgy. Alangilan FMR Phase II, Brgy. Alangilan, Bacolod City, Negros Occidental",15000000,0.535,3,-5000000,HB 10858 Vol I-B p. 720,GAA-2025 · Department of Agriculture (DA) · Office of the Secretary,,,,not stated,one side stated,Prior Phase 2 only,False
fmr,2027,HB10858-FMR-0720-014,"Concreting of Brgy. Sebasi to Brgy. Bernad Old Road FMR, Clarin, Misamis Occidental",10000000,2025,"Concreting of FMR at Brgy. Capucao to Stimson Abordo FMR, Ozamiz City, Misamis Occidental",10000000,0.614,1,0,HB 10858 Vol I-B p. 720,GAA-2025 · Department of Agriculture (DA) · Office of the Secretary,,,,not stated,not stated,,False
fmr,2027,HB10858-FMR-0720-014,"Concreting of Brgy. Sebasi to Brgy. Bernad Old Road FMR, Clarin, Misamis Occidental",10000000,2025,"Concreting of FMR at Brgy. Demoloc, Malita, Davao Occidental",10000000,0.471,2,0,HB 10858 Vol I-B p. 720,GAA-2025 · Department of Agriculture (DA) · Office of the Secretary,,,,not stated,not stated,,False
fmr,2027,HB10858-FMR-0720-014,"Concreting of Brgy. Sebasi to Brgy. Bernad Old Road FMR, Clarin, Misamis Occidental",10000000,2025,"Concreting of Brgy. Libjo to Brgy. Daganas to Brgy. Old Rizal FMR (Phase II), Brgys. Libjo, Daganas and Old Rizal, Catarman, Northern Samar",15000000,0.365,3,-5000000,HB 10858 Vol I-B p. 720,GAA-2025 · Department of Agriculture (DA) · Office of the Secretary,,,,not stated,one side stated,Prior Phase 2 only,False
fmr,2027,HB10858-FMR-0720-015,"Concreting of Brgy. Kimamon FMR, Brgy. Kimamon, Santo Tomas, Davao del Norte",10000000,2025,"Concreting of Brgy. Malinawon FMR (Phase IV), Brgy. Malinawon, Mawab, Davao de Oro",15000000,0.629,1,-5000000,HB 10858 Vol I-B p. 720,GAA-2025 · Department of Agriculture (DA) · Office of the Secretary,,,,not stated,one side stated,Prior Phase 4 only,False
fmr,2027,HB10858-FMR-0720-015,"Concreting of Brgy. Kimamon FMR, Brgy. Kimamon, Santo Tomas, Davao del Norte",10000000,2025,"Concreting of Brgy. Magangit FMR (Phase II), Brgy. Magangit, New Bataan, Davao de Oro",15000000,0.609,2,-5000000,HB 10858 Vol I-B p. 720,GAA-2025 · Department of Agriculture (DA) · Office of the Secretary,,,,not stated,one side stated,Prior Phase 2 only,False
fmr,2027,HB10858-FMR-0720-015,"Concreting of Brgy. Kimamon FMR, Brgy. Kimamon, Santo Tomas, Davao del Norte",10000000,2025,"Concreting of FMR at Sitio San Isidro to Sitio Bulahan, Brgy. San Jose, Sto. Tomas, Davao del Norte",100000000,0.605,3,-90000000,HB 10858 Vol I-B p. 720,GAA-2025 · Department of Agriculture (DA) · Office of the Secretary,,,,not stated,not stated,,False
fmr,2027,HB10858-FMR-0720-016,"Concreting of Sitio Malambago, Brgy. Maluko FMR, Brgy. Maluko, Manolo Fortich, Bukidnon",10000000,2025,"Concreting of Sitio Bayawas Brgy. Salvacion FMR Phase III, Brgy. Salvacion, Magallanes, Sorsogon",15000000,0.474,1,-5000000,HB 10858 Vol I-B p. 720,GAA-2025 · Department of Agriculture (DA) · Office of the Secretary,,,,not stated,one side stated,Prior Phase 3 only,False
fmr,2027,HB10858-FMR-0720-016,"Concreting of Sitio Malambago, Brgy. Maluko FMR, Brgy. Maluko, Manolo Fortich, Bukidnon",10000000,2025,"Concreting of Sitio Casaguingan, Brgy. Bairan to Brgy. Malaguinabot FMR (Phase II), Brgy. Bairan and Brgy. Malaguinabot, San Miguel, Leyte",15000000,0.464,2,-5000000,HB 10858 Vol I-B p. 720,GAA-2025 · Department of Agriculture (DA) · Office of the Secretary,,,,not stated,one side stated,Prior Phase 2 only,False
fmr,2027,HB10858-FMR-0720-016,"Concreting of Sitio Malambago, Brgy. Maluko FMR, Brgy. Maluko, Manolo Fortich, Bukidnon",10000000,2025,"Concreting of Sitio Bayawas, Brgy. Salvacion FMR Phase Il, Brgy. Salvacion, Magallanes, Sorsogon",25000000,0.462,3,-15000000,HB 10858 Vol I-B p. 720,GAA-2025 · Department of Agriculture (DA) · Office of the Secretary,,,,not stated,not stated,,False
fmr,2027,HB10858-FMR-0720-017,"Concreting of Brgy. Sindaton FMR, Brgy. Sindaton, Panabo City, Davao del Norte",10000000,2025,"Concreting of FMR at Brgy. Malativas to Brgy. San Roque, Panabo City, Davao del Norte",100000000,0.699,1,-90000000,HB 10858 Vol I-B p. 720,GAA-2025 · Department of Agriculture (DA) · Office of the Secretary,,,,not stated,not stated,,False
fmr,2027,HB10858-FMR-0720-017,"Concreting of Brgy. Sindaton FMR, Brgy. Sindaton, Panabo City, Davao del Norte",10000000,2025,"Concreting of Brgy. Sinayawan FMR (Phase II), Brgy. Sinayawan, Valencia City, Bukidnon",10000000,0.589,2,0,HB 10858 Vol I-B p. 720,GAA-2025 · Department of Agriculture (DA) · Office of the Secretary,,,,not stated,one side stated,Prior Phase 2 only,False
fmr,2027,HB10858-FMR-0720-017,"Concreting of Brgy. Sindaton FMR, Brgy. Sindaton, Panabo City, Davao del Norte",10000000,2025,"Concreting of Brgy. Cogon to Brgy. Libuak FMR (Phase II), Brgy. Cogon and Brgy. Libuak, Island Garden City of Samal, Davao del Norte",15000000,0.574,3,-5000000,HB 10858 Vol I-B p. 720,GAA-2025 · Department of Agriculture (DA) · Office of the Secretary,,,,not stated,one side stated,Prior Phase 2 only,False
fmr,2027,HB10858-FMR-0720-018,"Construction of Brgy. Salvacion FMR, Brgy. Salvacion, Monkayo, Davao de Oro",30000000,2025,"Concreting of Brgy. Malinawon FMR (Phase IV), Brgy. Malinawon, Mawab, Davao de Oro",15000000,0.721,1,15000000,HB 10858 Vol I-B p. 720,GAA-2025 · Department of Agriculture (DA) · Office of the Secretary,,,,not stated,one side stated,Prior Phase 4 only,False
fmr,2027,HB10858-FMR-0720-018,"Construction of Brgy. Salvacion FMR, Brgy. Salvacion, Monkayo, Davao de Oro",30000000,2025,"Concreting of Brgy. Panansalan FMR (Phase III), Brgy. Panansalan, Compostela, Davao de Oro",15000000,0.688,2,15000000,HB 10858 Vol I-B p. 720,GAA-2025 · Department of Agriculture (DA) · Office of the Secretary,,,,not stated,one side stated,Prior Phase 3 only,False
fmr,2027,HB10858-FMR-0720-018,"Construction of Brgy. Salvacion FMR, Brgy. Salvacion, Monkayo, Davao de Oro",30000000,2025,"Concreting of Brgy. Magangit FMR (Phase II), Brgy. Magangit, New Bataan, Davao de Oro",15000000,0.607,3,15000000,HB 10858 Vol I-B p. 720,GAA-2025 · Department of Agriculture (DA) · Office of the Secretary,,,,not stated,one side stated,Prior Phase 2 only,False
fmr,2027,HB10858-FMR-0720-019,"Construction of Brgy. Naga FMR, Brgy. Naga, Laak, Davao de Oro",30000000,2025,"Concreting of Brgy. Magangit FMR (Phase II), Brgy. Magangit, New Bataan, Davao de Oro",15000000,0.711,1,15000000,HB 10858 Vol I-B p. 720,GAA-2025 · Department of Agriculture (DA) · Office of the Secretary,,,,not stated,one side stated,Prior Phase 2 only,False
fmr,2027,HB10858-FMR-0720-019,"Construction of Brgy. Naga FMR, Brgy. Naga, Laak, Davao de Oro",30000000,2025,"Concreting of Brgy. Panansalan FMR (Phase III), Brgy. Panansalan, Compostela, Davao de Oro",15000000,0.675,2,15000000,HB 10858 Vol I-B p. 720,GAA-2025 · Department of Agriculture (DA) · Office of the Secretary,,,,not stated,one side stated,Prior Phase 3 only,False
fmr,2027,HB10858-FMR-0720-019,"Construction of Brgy. Naga FMR, Brgy. Naga, Laak, Davao de Oro",30000000,2025,"Concreting of Brgy. Malinawon FMR (Phase IV), Brgy. Malinawon, Mawab, Davao de Oro",15000000,0.658,3,15000000,HB 10858 Vol I-B p. 720,GAA-2025 · Department of Agriculture (DA) · Office of the Secretary,,,,not stated,one side stated,Prior Phase 4 only,False
fmr,2027,HB10858-FMR-0720-020,"Construction of Sitio Kapoc to Tabunan, Brgy. Cadunan FMR, Mabini, Davao de Oro",10000000,2025,"Concreting of FMR at Sitio San Isidro to Sitio Bulahan, Brgy. San Jose, Sto. Tomas, Davao del Norte",100000000,0.571,1,-90000000,HB 10858 Vol I-B p. 720,GAA-2025 · Department of Agriculture (DA) · Office of the Secretary,,,,not stated,not stated,,False
fmr,2027,HB10858-FMR-0720-020,"Construction of Sitio Kapoc to Tabunan, Brgy. Cadunan FMR, Mabini, Davao de Oro",10000000,2025,"Concreting of Brgy. Malinawon FMR (Phase IV), Brgy. Malinawon, Mawab, Davao de Oro",15000000,0.542,2,-5000000,HB 10858 Vol I-B p. 720,GAA-2025 · Department of Agriculture (DA) · Office of the Secretary,,,,not stated,one side stated,Prior Phase 4 only,False
fmr,2027,HB10858-FMR-0720-020,"Construction of Sitio Kapoc to Tabunan, Brgy. Cadunan FMR, Mabini, Davao de Oro",10000000,2025,"Concreting of Brgy. Tandik FMR (Phase II), Brgy. Tandik, Maragusan, Davao de Oro",15000000,0.532,3,-5000000,HB 10858 Vol I-B p. 720,GAA-2025 · Department of Agriculture (DA) · Office of the Secretary,,,,not stated,one side stated,Prior Phase 2 only,False
fmr,2027,HB10858-FMR-0720-021,"Construction of Brgy. Buclad FMR, Brgy. Buclad, Asuncion, Davao del Norte",30000000,2025,"Concreting of Brgy. Cogon to Brgy. Libuak FMR (Phase II), Brgy. Cogon and Brgy. Libuak, Island Garden City of Samal, Davao del Norte",15000000,0.591,1,15000000,HB 10858 Vol I-B p. 720,GAA-2025 · Department of Agriculture (DA) · Office of the Secretary,,,,not stated,one side stated,Prior Phase 2 only,False
fmr,2027,HB10858-FMR-0720-021,"Construction of Brgy. Buclad FMR, Brgy. Buclad, Asuncion, Davao del Norte",30000000,2025,"Concreting of FMR at Brgy. Malativas to Brgy. San Roque, Panabo City, Davao del Norte",100000000,0.583,2,-70000000,HB 10858 Vol I-B p. 720,GAA-2025 · Department of Agriculture (DA) · Office of the Secretary,,,,not stated,not stated,,False
fmr,2027,HB10858-FMR-0720-021,"Construction of Brgy. Buclad FMR, Brgy. Buclad, Asuncion, Davao del Norte",30000000,2025,"Concreting of Brgy. Malinawon FMR (Phase IV), Brgy. Malinawon, Mawab, Davao de Oro",15000000,0.548,3,15000000,HB 10858 Vol I-B p. 720,GAA-2025 · Department of Agriculture (DA) · Office of the Secretary,,,,not stated,one side stated,Prior Phase 4 only,False
fmr,2027,HB10858-FMR-0720-023,"Construction of Brgy. Cabayangan FMR, Brgy. Cabayangan, Braulio E. Dujali, Davao del Norte",30000000,2025,"Concreting of FMR at Brgy. Malativas to Brgy. San Roque, Panabo City, Davao del Norte",100000000,0.536,1,-70000000,HB 10858 Vol I-B p. 720,GAA-2025 · Department of Agriculture (DA) · Office of the Secretary,,,,not stated,not stated,,False
fmr,2027,HB10858-FMR-0720-023,"Construction of Brgy. Cabayangan FMR, Brgy. Cabayangan, Braulio E. Dujali, Davao del Norte",30000000,2025,"Concreting of Brgy. Magangit FMR (Phase II), Brgy. Magangit, New Bataan, Davao de Oro",15000000,0.524,2,15000000,HB 10858 Vol I-B p. 720,GAA-2025 · Department of Agriculture (DA) · Office of the Secretary,,,,not stated,one side stated,Prior Phase 2 only,False
fmr,2027,HB10858-FMR-0720-023,"Construction of Brgy. Cabayangan FMR, Brgy. Cabayangan, Braulio E. Dujali, Davao del Norte",30000000,2025,"Concreting of Brgy. Tubaon FMR (Phase III), Brgy. Tubaon, Tarragona, Davao Oriental",15000000,0.52,3,15000000,HB 10858 Vol I-B p. 720,GAA-2025 · Department of Agriculture (DA) · Office of the Secretary,,,,not stated,one side stated,Prior Phase 3 only,False
fmr,2027,HB10858-FMR-0720-024,"Construction of Sitio Guia, Brgy. Polayagan to Sitio Sambacan, Brgy. Barangiran FMR Phase I,",15000000,2025,"Concreting of Brgy. Bales to Sitio Lebe FMR (Phase II), Brgy. Bales, Maasim, Sarangani",15000000,0.465,1,0,HB 10858 Vol I-B p. 720,GAA-2025 · Department of Agriculture (DA) · Office of the Secretary,,,,not stated,different tranche,Phase 1 vs 2,True
fmr,2027,HB10858-FMR-0720-024,"Construction of Sitio Guia, Brgy. Polayagan to Sitio Sambacan, Brgy. Barangiran FMR Phase I,",15000000,2025,"Concreting of Sitio Casaguingan, Brgy. Bairan to Brgy. Malaguinabot FMR (Phase II), Brgy. Bairan and Brgy. Malaguinabot, San Miguel, Leyte",15000000,0.463,2,0,HB 10858 Vol I-B p. 720,GAA-2025 · Department of Agriculture (DA) · Office of the Secretary,,,,not stated,different tranche,Phase 1 vs 2,True
fmr,2027,HB10858-FMR-0720-024,"Construction of Sitio Guia, Brgy. Polayagan to Sitio Sambacan, Brgy. Barangiran FMR Phase I,",15000000,2025,"Concreting of Sitio Dep-ang to Sitio Bilis, Brgy. Santo Tomas FMR Phase III, Brgy. Santo Tomas, Baguio City",10000000,0.446,3,5000000,HB 10858 Vol I-B p. 720,GAA-2025 · Department of Agriculture (DA) · Office of the Secretary,,,,not stated,different tranche,Phase 1 vs 3,True
fmr,2027,HB10858-FMR-0720-025,"Construction of Acasia-Asinan, Brgy. San Isidro FMR, Brgy. San Isidro, Magsaysay, Davao del Sur",30000000,2025,"Concreting of Purok 8 to Sitio Manangahon to Sitio Palo, Brgy. Mate FMR (Phase II), San Francisco, Agusan del Sur",15000000,0.493,1,15000000,HB 10858 Vol I-B p. 720,GAA-2025 · Department of Agriculture (DA) · Office of the Secretary,,,,not stated,one side stated,Prior Phase 2 only,False
fmr,2027,HB10858-FMR-0720-025,"Construction of Acasia-Asinan, Brgy. San Isidro FMR, Brgy. San Isidro, Magsaysay, Davao del Sur",30000000,2025,"Concreting of FMR at Sitio Kapirokuhan, Brgy. San Isidro, Bulusan, Sorsogon",10000000,0.482,2,20000000,HB 10858 Vol I-B p. 720,GAA-2025 · Department of Agriculture (DA) · Office of the Secretary,,,,not stated,not stated,,False
fmr,2027,HB10858-FMR-0720-025,"Construction of Acasia-Asinan, Brgy. San Isidro FMR, Brgy. San Isidro, Magsaysay, Davao del Sur",30000000,2025,"Concreting of Brgy. Tubaon FMR (Phase III), Brgy. Tubaon, Tarragona, Davao Oriental",15000000,0.438,3,15000000,HB 10858 Vol I-B p. 720,GAA-2025 · Department of Agriculture (DA) · Office of the Secretary,,,,not stated,one side stated,Prior Phase 3 only,False
fmr,2027,HB10858-FMR-0720-026,"Construction of Brgy. Bitoka to Brgy. Milaya FMR, Brgy. Bitoka and Brgy. Milaya,",15000000,2025,Farm-to-Market Road (FMR) Network Planning and Monitoring Services,2344000,0.312,1,12656000,HB 10858 Vol I-B p. 720,GAA-2025 · Department of Agriculture (DA) · Office of the Secretary,,,,not stated,not stated,,False
fmr,2027,HB10858-FMR-0720-026,"Construction of Brgy. Bitoka to Brgy. Milaya FMR, Brgy. Bitoka and Brgy. Milaya,",15000000,2025,Farm-to-Market Road (FMR) Network Planning and Monitoring Services,7537000,0.312,2,7463000,HB 10858 Vol I-B p. 720,GAA-2025 · Department of Agriculture (DA) · Office of the Secretary,,,,not stated,not stated,,False
fmr,2027,HB10858-FMR-0720-026,"Construction of Brgy. Bitoka to Brgy. Milaya FMR, Brgy. Bitoka and Brgy. Milaya,",15000000,2025,Farm-to-Market Road (FMR) Network Planning and Monitoring Services,185000,0.312,3,14815000,HB 10858 Vol I-B p. 720,GAA-2025 · Department of Agriculture (DA) · Office of the Secretary,,,,not stated,not stated,,False
fmr,2027,HB10858-FMR-0720-027,"Construction of Purok 9-B, Brgy. Alejal FMR, Brgy. Alejal, Carmen, Davao del Norte",30000000,2025,"Concreting of Brgy. Panansalan FMR (Phase III), Brgy. Panansalan, Compostela, Davao de Oro",15000000,0.545,1,15000000,HB 10858 Vol I-B p. 720,GAA-2025 · Department of Agriculture (DA) · Office of the Secretary,,,,not stated,one side stated,Prior Phase 3 only,False
fmr,2027,HB10858-FMR-0720-027,"Construction of Purok 9-B, Brgy. Alejal FMR, Brgy. Alejal, Carmen, Davao del Norte",30000000,2025,"Concreting of Brgy. Malinawon FMR (Phase IV), Brgy. Malinawon, Mawab, Davao de Oro",15000000,0.543,2,15000000,HB 10858 Vol I-B p. 720,GAA-2025 · Department of Agriculture (DA) · Office of the Secretary,,,,not stated,one side stated,Prior Phase 4 only,False
fmr,2027,HB10858-FMR-0720-027,"Construction of Purok 9-B, Brgy. Alejal FMR, Brgy. Alejal, Carmen, Davao del Norte",30000000,2025,"Concreting of Brgy. Tandik FMR (Phase II), Brgy. Tandik, Maragusan, Davao de Oro",15000000,0.511,3,15000000,HB 10858 Vol I-B p. 720,GAA-2025 · Department of Agriculture (DA) · Office of the Secretary,,,,not stated,one side stated,Prior Phase 2 only,False
fmr,2027,HB10858-FMR-0720-028,"Construction of Purok 9-D, Brgy. Alejal FMR, Brgy. Alejal, Carmen, Davao del Norte",15000000,2025,"Concreting of Brgy. Panansalan FMR (Phase III), Brgy. Panansalan, Compostela, Davao de Oro",15000000,0.545,1,0,HB 10858 Vol I-B p. 720,GAA-2025 · Department of Agriculture (DA) · Office of the Secretary,,,,not stated,one side stated,Prior Phase 3 only,False
fmr,2027,HB10858-FMR-0720-028,"Construction of Purok 9-D, Brgy. Alejal FMR, Brgy. Alejal, Carmen, Davao del Norte",15000000,2025,"Concreting of Brgy. Malinawon FMR (Phase IV), Brgy. Malinawon, Mawab, Davao de Oro",15000000,0.543,2,0,HB 10858 Vol I-B p. 720,GAA-2025 · Department of Agriculture (DA) · Office of the Secretary,,,,not stated,one side stated,Prior Phase 4 only,False
fmr,2027,HB10858-FMR-0720-028,"Construction of Purok 9-D, Brgy. Alejal FMR, Brgy. Alejal, Carmen, Davao del Norte",15000000,2025,"Concreting of Brgy. Tandik FMR (Phase II), Brgy. Tandik, Maragusan, Davao de Oro",15000000,0.511,3,0,HB 10858 Vol I-B p. 720,GAA-2025 · Department of Agriculture (DA) · Office of the Secretary,,,,not stated,one side stated,Prior Phase 2 only,False
fmr,2027,HB10858-FMR-0720-029,"Construction of Avas, Brgy. Sarayan FMR Phase I, Brgy. Sarayan, President Roxas, Cotabato",15000000,2025,"Concreting of FMR at Brgy. Taguranao, Matalam, Cotabato",10000000,0.506,1,5000000,HB 10858 Vol I-B p. 720,GAA-2025 · Department of Agriculture (DA) · Office of the Secretary,,,,not stated,one side stated,Current Phase 1 only,False
fmr,2027,HB10858-FMR-0720-029,"Construction of Avas, Brgy. Sarayan FMR Phase I, Brgy. Sarayan, President Roxas, Cotabato",15000000,2025,"Concreting of FMR at Brgy. Bunawan, Matalam, Cotabato",10000000,0.494,2,5000000,HB 10858 Vol I-B p. 720,GAA-2025 · Department of Agriculture (DA) · Office of the Secretary,,,,not stated,one side stated,Current Phase 1 only,False
fmr,2027,HB10858-FMR-0720-029,"Construction of Avas, Brgy. Sarayan FMR Phase I, Brgy. Sarayan, President Roxas, Cotabato",15000000,2025,"Concreting of FMR at Brgy. Kibia, Matalam, Cotabato",10000000,0.453,3,5000000,HB 10858 Vol I-B p. 720,GAA-2025 · Department of Agriculture (DA) · Office of the Secretary,,,,not stated,one side stated,Current Phase 1 only,False
fmr,2027,HB10858-FMR-0720-030,"Construction of Brgy. San Miguel to Brgy. Caliclic FMR, Brgy. San Miguel,",50000000,2025,"Concreting of Brgy. San Antonio to Brgy. Lugui FMR (Phase II), Brgy. San Antonio and Brgy. Lugui, Labo, Camarines Norte",15000000,0.48,1,35000000,HB 10858 Vol I-B p. 720,GAA-2025 · Department of Agriculture (DA) · Office of the Secretary,,,,not stated,one side stated,Prior Phase 2 only,False
fmr,2027,HB10858-FMR-0720-030,"Construction of Brgy. San Miguel to Brgy. Caliclic FMR, Brgy. San Miguel,",50000000,2025,"Concreting of Brgy. Impo to Brgy. Canap FMR Phase II, Brgy. Impo and Brgy. Canap, San Miguel, Leyte",15000000,0.47,2,35000000,HB 10858 Vol I-B p. 720,GAA-2025 · Department of Agriculture (DA) · Office of the Secretary,,,,not stated,one side stated,Prior Phase 2 only,False
fmr,2027,HB10858-FMR-0720-030,"Construction of Brgy. San Miguel to Brgy. Caliclic FMR, Brgy. San Miguel,",50000000,2025,"Concreting of FMR at Brgy. Biclat, San Miguel, Bulacan",15000000,0.424,3,35000000,HB 10858 Vol I-B p. 720,GAA-2025 · Department of Agriculture (DA) · Office of the Secretary,,,,not stated,not stated,,False
fmr,2027,HB10858-FMR-0720-031,"Construction of Sitio Sanlab, Napalico to Centro Kulaman Valley to Centro Sumalili FMR Phase I, Brgy. Napalico, Brgy. Kulaman Valley, and Brgy. Sumalili, Arakan, Cotabato",15000000,2025,"Concreting of Blel from Brgy. Sinawal-Paopao Road to Cabuay River FMR (Phase I), Brgy. Sinawal, General Santos City, South Cotabato",15000000,0.439,1,0,HB 10858 Vol I-B p. 720,GAA-2025 · Department of Agriculture (DA) · Office of the Secretary,,,,not stated,same tranche,,False
fmr,2027,HB10858-FMR-0720-031,"Construction of Sitio Sanlab, Napalico to Centro Kulaman Valley to Centro Sumalili FMR Phase I, Brgy. Napalico, Brgy. Kulaman Valley, and Brgy. Sumalili, Arakan, Cotabato",15000000,2025,"Concreting of Purok 8 to Sitio Manangahon to Sitio Palo, Brgy. Mate FMR (Phase II), San Francisco, Agusan del Sur",15000000,0.437,2,0,HB 10858 Vol I-B p. 720,GAA-2025 · Department of Agriculture (DA) · Office of the Secretary,,,,not stated,different tranche,Phase 1 vs 2,True
fmr,2027,HB10858-FMR-0720-031,"Construction of Sitio Sanlab, Napalico to Centro Kulaman Valley to Centro Sumalili FMR Phase I, Brgy. Napalico, Brgy. Kulaman Valley, and Brgy. Sumalili, Arakan, Cotabato",15000000,2025,"Concreting of Purok Balite to Crossing Bungot, Brgy. San Jose FMR (Phase II), Brgy. San Jose, Norala, South Cotabato",15000000,0.425,3,0,HB 10858 Vol I-B p. 720,GAA-2025 · Department of Agriculture (DA) · Office of the Secretary,,,,not stated,different tranche,Phase 1 vs 2,True
fmr,2027,HB10858-FMR-0722-001,"Construction of Minapan to Kanibong FMR Phase I, Brgy. Minapan and Brgy. Kanibong,",15000000,2025,Farm-to-Market Road (FMR) Network Planning and Monitoring Services,2344000,0.361,1,12656000,HB 10858 Vol I-B p. 722,GAA-2025 · Department of Agriculture (DA) · Office of the Secretary,,,,not stated,one side stated,Current Phase 1 only,False
fmr,2027,HB10858-FMR-0722-001,"Construction of Minapan to Kanibong FMR Phase I, Brgy. Minapan and Brgy. Kanibong,",15000000,2025,Farm-to-Market Road (FMR) Network Planning and Monitoring Services,7537000,0.361,2,7463000,HB 10858 Vol I-B p. 722,GAA-2025 · Department of Agriculture (DA) · Office of the Secretary,,,,not stated,one side stated,Current Phase 1 only,False
fmr,2027,HB10858-FMR-0722-001,"Construction of Minapan to Kanibong FMR Phase I, Brgy. Minapan and Brgy. Kanibong,",15000000,2025,Farm-to-Market Road (FMR) Network Planning and Monitoring Services,185000,0.361,3,14815000,HB 10858 Vol I-B p. 722,GAA-2025 · Department of Agriculture (DA) · Office of the Secretary,,,,not stated,one side stated,Current Phase 1 only,False
fmr,2027,HB10858-FMR-0722-002,"Construction of Purok 3/Purok 5 Boundary Road, Brgy. Dalipe FMR, Brgy. Dalipe, M'lang, Cotabato",10000000,2025,"Concreting of Purok 7-Purok 15, Brgy. Mabuhay FMR (Phase V), Brgy. Mabuhay, General Santos City, South Cotabato",15000000,0.589,1,-5000000,HB 10858 Vol I-B p. 722,GAA-2025 · Department of Agriculture (DA) · Office of the Secretary,,,,not stated,one side stated,Prior Phase 5 only,False
fmr,2027,HB10858-FMR-0722-002,"Construction of Purok 3/Purok 5 Boundary Road, Brgy. Dalipe FMR, Brgy. Dalipe, M'lang, Cotabato",10000000,2025,"Concreting of FMR at Purok 5 Boundary Lumbangan Exit Lunzuran Phase III, Zamboanga City",15000000,0.462,2,-5000000,HB 10858 Vol I-B p. 722,GAA-2025 · Department of Agriculture (DA) · Office of the Secretary,,,,not stated,one side stated,Prior Phase 3 only,False
fmr,2027,HB10858-FMR-0722-002,"Construction of Purok 3/Purok 5 Boundary Road, Brgy. Dalipe FMR, Brgy. Dalipe, M'lang, Cotabato",10000000,2025,"Concreting of Purok 2, Brgy. Cansinala FMR (Phase I), Brgy. Cansinala, Apalit, Pampanga",15000000,0.457,3,-5000000,HB 10858 Vol I-B p. 722,GAA-2025 · Department of Agriculture (DA) · Office of the Secretary,,,,not stated,one side stated,Prior Phase 1 only,False
fmr,2027,HB10858-FMR-0722-003,"Construction of Purok 2 - Purok 3 - Purok 4, Brgy. New Consolacion FMR Phase I,",15000000,2025,"Concreting of FMR at Purok 6 Phase 3, Brgy. Lunzuran, Zamboanga City",15000000,0.41,1,0,HB 10858 Vol I-B p. 722,GAA-2025 · Department of Agriculture (DA) · Office of the Secretary,,,,not stated,different tranche,Phase 1 vs 3,True
fmr,2027,HB10858-FMR-0722-003,"Construction of Purok 2 - Purok 3 - Purok 4, Brgy. New Consolacion FMR Phase I,",15000000,2025,"Concreting of Purok 2, Brgy. Cansinala FMR (Phase I), Brgy. Cansinala, Apalit, Pampanga",15000000,0.378,2,0,HB 10858 Vol I-B p. 722,GAA-2025 · Department of Agriculture (DA) · Office of the Secretary,,,,not stated,same tranche,,False
fmr,2027,HB10858-FMR-0722-003,"Construction of Purok 2 - Purok 3 - Purok 4, Brgy. New Consolacion FMR Phase I,",15000000,2025,"Concreting of Purok 2, Brgy. Cansinala FMR Phase II, Brgy. Cansinala, Apalit, Pampanga",5000000,0.378,3,10000000,HB 10858 Vol I-B p. 722,GAA-2025 · Department of Agriculture (DA) · Office of the Secretary,,,,not stated,different tranche,Phase 1 vs 2,True
fmr,2027,HB10858-FMR-0722-004,"Construction of Purok Modelo - Purok Malipayon, Brgy. Bangbang FMR, Brgy. Bangbang, Matalam, Cotabato",10000000,2025,"Concreting of Purok 7-Purok 15, Brgy. Mabuhay FMR (Phase V), Brgy. Mabuhay, General Santos City, South Cotabato",15000000,0.522,1,-5000000,HB 10858 Vol I-B p. 722,GAA-2025 · Department of Agriculture (DA) · Office of the Secretary,,,,not stated,one side stated,Prior Phase 5 only,False
fmr,2027,HB10858-FMR-0722-004,"Construction of Purok Modelo - Purok Malipayon, Brgy. Bangbang FMR, Brgy. Bangbang, Matalam, Cotabato",10000000,2025,"Concreting of FMR at Brgy. Bunawan, Matalam, Cotabato",10000000,0.505,2,0,HB 10858 Vol I-B p. 722,GAA-2025 · Department of Agriculture (DA) · Office of the Secretary,,,,not stated,not stated,,False
fmr,2027,HB10858-FMR-0722-004,"Construction of Purok Modelo - Purok Malipayon, Brgy. Bangbang FMR, Brgy. Bangbang, Matalam, Cotabato",10000000,2025,"Concreting of FMR at Brgy. Taguranao, Matalam, Cotabato",10000000,0.495,3,0,HB 10858 Vol I-B p. 722,GAA-2025 · Department of Agriculture (DA) · Office of the Secretary,,,,not stated,not stated,,False
fmr,2027,HB10858-FMR-0722-005,"Concreting of Purok Makiangayon, Brgy. Esperanza to Purok Sampaguita, Brgy. New Pangasinan FMR",15000000,2025,"Concreting of FMR at Brgy. Camanang, Urdaneta City, Pangasinan",10000000,0.485,1,5000000,HB 10858 Vol I-B p. 722,GAA-2025 · Department of Agriculture (DA) · Office of the Secretary,,,,not stated,not stated,,False
fmr,2027,HB10858-FMR-0722-005,"Concreting of Purok Makiangayon, Brgy. Esperanza to Purok Sampaguita, Brgy. New Pangasinan FMR",15000000,2025,"Concreting of FMR at Brgy. Mangayao, Bayambang, Pangasinan",10000000,0.485,2,5000000,HB 10858 Vol I-B p. 722,GAA-2025 · Department of Agriculture (DA) · Office of the Secretary,,,,not stated,not stated,,False
fmr,2027,HB10858-FMR-0722-005,"Concreting of Purok Makiangayon, Brgy. Esperanza to Purok Sampaguita, Brgy. New Pangasinan FMR",15000000,2025,"Concreting of FMR at Brgy. Inirangan, Bayambang, Pangasinan",10000000,0.46,3,5000000,HB 10858 Vol I-B p. 722,GAA-2025 · Department of Agriculture (DA) · Office of the Secretary,,,,not stated,not stated,,False
fmr,2027,HB10858-FMR-0722-006,"Construction of Brgy. Kilada - Brgy. Lower Malamote FMR, Brgy. Kilada, Matalam, Cotabato",10000000,2025,"Concreting of FMR at Brgy. Kibia, Matalam, Cotabato",10000000,0.64,1,0,HB 10858 Vol I-B p. 722,GAA-2025 · Department of Agriculture (DA) · Office of the Secretary,,,,not stated,not stated,,False
fmr,2027,HB10858-FMR-0722-006,"Construction of Brgy. Kilada - Brgy. Lower Malamote FMR, Brgy. Kilada, Matalam, Cotabato",10000000,2025,"Concreting of FMR at Brgy. Bunawan, Matalam, Cotabato",10000000,0.597,2,0,HB 10858 Vol I-B p. 722,GAA-2025 · Department of Agriculture (DA) · Office of the Secretary,,,,not stated,not stated,,False
fmr,2027,HB10858-FMR-0722-006,"Construction of Brgy. Kilada - Brgy. Lower Malamote FMR, Brgy. Kilada, Matalam, Cotabato",10000000,2025,"Concreting of FMR at Brgy. Taguranao, Matalam, Cotabato",10000000,0.582,3,0,HB 10858 Vol I-B p. 722,GAA-2025 · Department of Agriculture (DA) · Office of the Secretary,,,,not stated,not stated,,False
fmr,2027,HB10858-FMR-0722-007,"Construction of Purok Maabi-abihon - Purok Mabinuligon Brgy. Bagontapay FMR, Brgy. Bagontapay,",10000000,2025,"Concreting of Purok 7-Purok 15, Brgy. Mabuhay FMR (Phase V), Brgy. Mabuhay, General Santos City, South Cotabato",15000000,0.406,1,-5000000,HB 10858 Vol I-B p. 722,GAA-2025 · Department of Agriculture (DA) · Office of the Secretary,,,,not stated,one side stated,Prior Phase 5 only,False
fmr,2027,HB10858-FMR-0722-007,"Construction of Purok Maabi-abihon - Purok Mabinuligon Brgy. Bagontapay FMR, Brgy. Bagontapay,",10000000,2025,"Concreting of Purok 2, Brgy. Cansinala FMR (Phase I), Brgy. Cansinala, Apalit, Pampanga",15000000,0.404,2,-5000000,HB 10858 Vol I-B p. 722,GAA-2025 · Department of Agriculture (DA) · Office of the Secretary,,,,not stated,one side stated,Prior Phase 1 only,False
fmr,2027,HB10858-FMR-0722-007,"Construction of Purok Maabi-abihon - Purok Mabinuligon Brgy. Bagontapay FMR, Brgy. Bagontapay,",10000000,2025,"Concreting of Purok 2, Brgy. Cansinala FMR Phase II, Brgy. Cansinala, Apalit, Pampanga",5000000,0.404,3,5000000,HB 10858 Vol I-B p. 722,GAA-2025 · Department of Agriculture (DA) · Office of the Secretary,,,,not stated,one side stated,Prior Phase 2 only,False
fmr,2027,HB10858-FMR-0722-008,"Concreting of Purok Namnama, Brgy. Poblacion FMR Phase II, Brgy. Poblacion, Tantangan, South Cotabato",15000000,2025,"Concreting of Purok 7-Purok 15, Brgy. Mabuhay FMR (Phase V), Brgy. Mabuhay, General Santos City, South Cotabato",15000000,0.541,1,0,HB 10858 Vol I-B p. 722,GAA-2025 · Department of Agriculture (DA) · Office of the Secretary,,,,not stated,different tranche,Phase 2 vs 5,True
fmr,2027,HB10858-FMR-0722-008,"Concreting of Purok Namnama, Brgy. Poblacion FMR Phase II, Brgy. Poblacion, Tantangan, South Cotabato",15000000,2025,"Concreting of Blel from Brgy. Sinawal-Paopao Road to Cabuay River FMR (Phase I), Brgy. Sinawal, General Santos City, South Cotabato",15000000,0.51,2,0,HB 10858 Vol I-B p. 722,GAA-2025 · Department of Agriculture (DA) · Office of the Secretary,,,,not stated,different tranche,Phase 2 vs 1,True
fmr,2027,HB10858-FMR-0722-008,"Concreting of Purok Namnama, Brgy. Poblacion FMR Phase II, Brgy. Poblacion, Tantangan, South Cotabato",15000000,2025,"Concreting of Purok Balite to Crossing Bungot, Brgy. San Jose FMR (Phase II), Brgy. San Jose, Norala, South Cotabato",15000000,0.496,3,0,HB 10858 Vol I-B p. 722,GAA-2025 · Department of Agriculture (DA) · Office of the Secretary,,,,not stated,same tranche,,False
fmr,2027,HB10858-FMR-0722-009,"Construction of Brgy. Minapan - Brgy. Maybula FMR, Brgy. Minapan, Tulunan, Cotabato",30000000,2025,"Concreting of FMR at Brgy. Bunawan, Matalam, Cotabato",10000000,0.556,1,20000000,HB 10858 Vol I-B p. 722,GAA-2025 · Department of Agriculture (DA) · Office of the Secretary,,,,not stated,not stated,,False
fmr,2027,HB10858-FMR-0722-009,"Construction of Brgy. Minapan - Brgy. Maybula FMR, Brgy. Minapan, Tulunan, Cotabato",30000000,2025,"Concreting of FMR at Brgy. Kibia, Matalam, Cotabato",10000000,0.514,2,20000000,HB 10858 Vol I-B p. 722,GAA-2025 · Department of Agriculture (DA) · Office of the Secretary,,,,not stated,not stated,,False
fmr,2027,HB10858-FMR-0722-009,"Construction of Brgy. Minapan - Brgy. Maybula FMR, Brgy. Minapan, Tulunan, Cotabato",30000000,2025,"Concreting of FMR at Brgy. Taguranao, Matalam, Cotabato",10000000,0.514,3,20000000,HB 10858 Vol I-B p. 722,GAA-2025 · Department of Agriculture (DA) · Office of the Secretary,,,,not stated,not stated,,False
fmr,2027,HB10858-FMR-0722-010,"Construction of Montapet, Brgy. Ambalgan FMR, Brgy. Ambalgan, Sto. Niño, South Cotabato",15000000,2025,"Concreting of Purok Balite to Crossing Bungot, Brgy. San Jose FMR (Phase II), Brgy. San Jose, Norala, South Cotabato",15000000,0.543,1,0,HB 10858 Vol I-B p. 722,GAA-2025 · Department of Agriculture (DA) · Office of the Secretary,,,,not stated,one side stated,Prior Phase 2 only,False
fmr,2027,HB10858-FMR-0722-010,"Construction of Montapet, Brgy. Ambalgan FMR, Brgy. Ambalgan, Sto. Niño, South Cotabato",15000000,2025,"Concreting of Brgy. Lamdalag to Brgy. Tablu to Brgy. Lamlahak FMR (Phase I), Brgys. Lamdalag, Tablu and Lamlahak, Lake Sebu, South Cotabato",15000000,0.535,2,0,HB 10858 Vol I-B p. 722,GAA-2025 · Department of Agriculture (DA) · Office of the Secretary,,,,not stated,one side stated,Prior Phase 1 only,False
fmr,2027,HB10858-FMR-0722-010,"Construction of Montapet, Brgy. Ambalgan FMR, Brgy. Ambalgan, Sto. Niño, South Cotabato",15000000,2025,"Concreting of Purok 7-Purok 15, Brgy. Mabuhay FMR (Phase V), Brgy. Mabuhay, General Santos City, South Cotabato",15000000,0.528,3,0,HB 10858 Vol I-B p. 722,GAA-2025 · Department of Agriculture (DA) · Office of the Secretary,,,,not stated,one side stated,Prior Phase 5 only,False
fmr,2027,HB10858-FMR-0722-011,"Construction of Brgy. Talitay FMR, Brgy. Talitay, Buluan, Maguindanao del Sur",10000000,2025,"Concreting of FMR at NRJ Brgy. Pasta to Brgy. Buenasuerte, San Franscisco, Agusan Del Sur",10000000,0.519,1,0,HB 10858 Vol I-B p. 722,GAA-2025 · Department of Agriculture (DA) · Office of the Secretary,,,,not stated,not stated,,False
fmr,2027,HB10858-FMR-0722-011,"Construction of Brgy. Talitay FMR, Brgy. Talitay, Buluan, Maguindanao del Sur",10000000,2025,"Concreting of FMR at Brgy. Malioer, Bayambang, Pangasinan",10000000,0.487,2,0,HB 10858 Vol I-B p. 722,GAA-2025 · Department of Agriculture (DA) · Office of the Secretary,,,,not stated,not stated,,False
fmr,2027,HB10858-FMR-0722-011,"Construction of Brgy. Talitay FMR, Brgy. Talitay, Buluan, Maguindanao del Sur",10000000,2025,"Concreting of FMR at Brgy. Salapungan, Candaba, Pampanga",30000000,0.442,3,-20000000,HB 10858 Vol I-B p. 722,GAA-2025 · Department of Agriculture (DA) · Office of the Secretary,,,,not stated,not stated,,False
fmr,2027,HB10858-FMR-0722-012,"Construction of Brgy. Lamfugon to Sitio Tabayung FMR Phase II, Brgy. Lamfugon, Lake Sebu, South Cotabato",15000000,2025,"Concreting of Brgy. Lamdalag to Brgy. Tablu to Brgy. Lamlahak FMR (Phase I), Brgys. Lamdalag, Tablu and Lamlahak, Lake Sebu, South Cotabato",15000000,0.605,1,0,HB 10858 Vol I-B p. 722,GAA-2025 · Department of Agriculture (DA) · Office of the Secretary,,,,not stated,different tranche,Phase 2 vs 1,True
fmr,2027,HB10858-FMR-0722-012,"Construction of Brgy. Lamfugon to Sitio Tabayung FMR Phase II, Brgy. Lamfugon, Lake Sebu, South Cotabato",15000000,2025,"Concreting of FMR at Zone 1 to Sitio Baluno, Brgy. Salaan, Zamboanga City",15000000,0.5,2,0,HB 10858 Vol I-B p. 722,GAA-2025 · Department of Agriculture (DA) · Office of the Secretary,,,,not stated,one side stated,Current Phase 2 only,False
fmr,2027,HB10858-FMR-0722-012,"Construction of Brgy. Lamfugon to Sitio Tabayung FMR Phase II, Brgy. Lamfugon, Lake Sebu, South Cotabato",15000000,2025,"Concreting of Purok Balite to Crossing Bungot, Brgy. San Jose FMR (Phase II), Brgy. San Jose, Norala, South Cotabato",15000000,0.489,3,0,HB 10858 Vol I-B p. 722,GAA-2025 · Department of Agriculture (DA) · Office of the Secretary,,,,not stated,same tranche,,False
fmr,2027,HB10858-FMR-0722-013,"Construction of Purok Luyan, Brgy. Kalanawe 2 to Purok 2, Brgy. Tinaungan FMR, Brgy. Kalanawe 2 and Brgy. Tinaungan, Pres. Quirino, Sultan Kudarat",15000000,2025,"Concreting of Purok Balite to Crossing Bungot, Brgy. San Jose FMR (Phase II), Brgy. San Jose, Norala, South Cotabato",15000000,0.433,1,0,HB 10858 Vol I-B p. 722,GAA-2025 · Department of Agriculture (DA) · Office of the Secretary,,,,not stated,one side stated,Prior Phase 2 only,False
fmr,2027,HB10858-FMR-0722-013,"Construction of Purok Luyan, Brgy. Kalanawe 2 to Purok 2, Brgy. Tinaungan FMR, Brgy. Kalanawe 2 and Brgy. Tinaungan, Pres. Quirino, Sultan Kudarat",15000000,2025,"Concreting of Purok 8 to Sitio Manangahon to Sitio Palo, Brgy. Mate FMR (Phase II), San Francisco, Agusan del Sur",15000000,0.366,2,0,HB 10858 Vol I-B p. 722,GAA-2025 · Department of Agriculture (DA) · Office of the Secretary,,,,not stated,one side stated,Prior Phase 2 only,False
fmr,2027,HB10858-FMR-0722-013,"Construction of Purok Luyan, Brgy. Kalanawe 2 to Purok 2, Brgy. Tinaungan FMR, Brgy. Kalanawe 2 and Brgy. Tinaungan, Pres. Quirino, Sultan Kudarat",15000000,2025,"Concreting of Purok 2, Brgy. Cansinala FMR (Phase I), Brgy. Cansinala, Apalit, Pampanga",15000000,0.364,3,0,HB 10858 Vol I-B p. 722,GAA-2025 · Department of Agriculture (DA) · Office of the Secretary,,,,not stated,one side stated,Prior Phase 1 only,False
fmr,2027,HB10858-FMR-0722-014,"Concreting of JNH Bantogon (Santa Clara) Nursery - Nalugdas FMR Phase I, Brgy. Bantogon, Kalamansig, Sultan Kudarat",15000000,2025,"Concreting of FMR at Brgy. Pangclara, Candaba, Pampanga",25000000,0.4,1,-10000000,HB 10858 Vol I-B p. 722,GAA-2025 · Department of Agriculture (DA) · Office of the Secretary,,,,not stated,one side stated,Current Phase 1 only,False
fmr,2027,HB10858-FMR-0722-014,"Concreting of JNH Bantogon (Santa Clara) Nursery - Nalugdas FMR Phase I, Brgy. Bantogon, Kalamansig, Sultan Kudarat",15000000,2025,"Concreting of FMR at Brgy. Santa Lucia, San Miguel, Bulacan",20000000,0.298,2,-5000000,HB 10858 Vol I-B p. 722,GAA-2025 · Department of Agriculture (DA) · Office of the Secretary,,,,not stated,one side stated,Current Phase 1 only,False
fmr,2027,HB10858-FMR-0722-014,"Concreting of JNH Bantogon (Santa Clara) Nursery - Nalugdas FMR Phase I, Brgy. Bantogon, Kalamansig, Sultan Kudarat",15000000,2025,"Concreting of FMR at Brgy. Bambang, Candaba, Pampanga",20000000,0.296,3,-5000000,HB 10858 Vol I-B p. 722,GAA-2025 · Department of Agriculture (DA) · Office of the Secretary,,,,not stated,one side stated,Current Phase 1 only,False
fmr,2027,HB10858-FMR-0722-015,"Construction of Purok Angeles to Purok Mainuswagon, Brgy. Bambad FMR, Brgy. Bambad, Isulan, Sultan Kudarat",15000000,2025,"Concreting of Purok 8 to Sitio Manangahon to Sitio Palo, Brgy. Mate FMR (Phase II), San Francisco, Agusan del Sur",15000000,0.51,1,0,HB 10858 Vol I-B p. 722,GAA-2025 · Department of Agriculture (DA) · Office of the Secretary,,,,not stated,one side stated,Prior Phase 2 only,False
fmr,2027,HB10858-FMR-0722-015,"Construction of Purok Angeles to Purok Mainuswagon, Brgy. Bambad FMR, Brgy. Bambad, Isulan, Sultan Kudarat",15000000,2025,"Concreting of Purok Balite to Crossing Bungot, Brgy. San Jose FMR (Phase II), Brgy. San Jose, Norala, South Cotabato",15000000,0.483,2,0,HB 10858 Vol I-B p. 722,GAA-2025 · Department of Agriculture (DA) · Office of the Secretary,,,,not stated,one side stated,Prior Phase 2 only,False
fmr,2027,HB10858-FMR-0722-015,"Construction of Purok Angeles to Purok Mainuswagon, Brgy. Bambad FMR, Brgy. Bambad, Isulan, Sultan Kudarat",15000000,2025,Farm-to-Market Road (FMR) Network Planning and Monitoring Services,2344000,0.239,3,12656000,HB 10858 Vol I-B p. 722,GAA-2025 · Department of Agriculture (DA) · Office of the Secretary,,,,not stated,not stated,,False
fmr,2027,HB10858-FMR-0722-016,"Concreting of Brgy. Mamali - Brgy. Pidtiguian FMR, Lambayong, Sultan Kudarat",30000000,2025,"Concreting of Brgy. Mabaca FMR Phase II, Brgy. Mabaca, Balbalan, Kalinga",10000000,0.5,1,20000000,HB 10858 Vol I-B p. 722,GAA-2025 · Department of Agriculture (DA) · Office of the Secretary,,,,not stated,one side stated,Prior Phase 2 only,False
fmr,2027,HB10858-FMR-0722-016,"Concreting of Brgy. Mamali - Brgy. Pidtiguian FMR, Lambayong, Sultan Kudarat",30000000,2025,"Concreting of FMR at Brgy. Malioer, Bayambang, Pangasinan",10000000,0.462,2,20000000,HB 10858 Vol I-B p. 722,GAA-2025 · Department of Agriculture (DA) · Office of the Secretary,,,,not stated,not stated,,False
fmr,2027,HB10858-FMR-0722-016,"Concreting of Brgy. Mamali - Brgy. Pidtiguian FMR, Lambayong, Sultan Kudarat",30000000,2025,"Concreting of Brgy. Caluangan FMR (Phase I), Brgy. Caluangan, Magallanes, Cavite",15000000,0.46,3,15000000,HB 10858 Vol I-B p. 722,GAA-2025 · Department of Agriculture (DA) · Office of the Secretary,,,,not stated,one side stated,Prior Phase 1 only,False
fmr,2027,HB10858-FMR-0722-017,"Construction of Malingawon, Brgy. Biwang FMR, Brgy. Biwang, Bagumbayan, Sultan Kudarat",15000000,2025,"Concreting of Brgy. Caluangan FMR (Phase I), Brgy. Caluangan, Magallanes, Cavite",15000000,0.484,1,0,HB 10858 Vol I-B p. 722,GAA-2025 · Department of Agriculture (DA) · Office of the Secretary,,,,not stated,one side stated,Prior Phase 1 only,False
fmr,2027,HB10858-FMR-0722-017,"Construction of Malingawon, Brgy. Biwang FMR, Brgy. Biwang, Bagumbayan, Sultan Kudarat",15000000,2025,"Concreting of Brgy. Caluangan FMR (Phase II), Brgy. Caluangan, Magallanes, Cavite",10000000,0.484,2,5000000,HB 10858 Vol I-B p. 722,GAA-2025 · Department of Agriculture (DA) · Office of the Secretary,,,,not stated,one side stated,Prior Phase 2 only,False
fmr,2027,HB10858-FMR-0722-017,"Construction of Malingawon, Brgy. Biwang FMR, Brgy. Biwang, Bagumbayan, Sultan Kudarat",15000000,2025,"Concreting of FMR at Brgy. Mangayao, Bayambang, Pangasinan",10000000,0.414,3,5000000,HB 10858 Vol I-B p. 722,GAA-2025 · Department of Agriculture (DA) · Office of the Secretary,,,,not stated,not stated,,False
fmr,2027,HB10858-FMR-0722-018,"Construction of Sitio Kilbog Proper, Brgy. Baluan FMR Phase I, Brgy. Baluan,",15000000,2025,"Concreting of Sitio Hulo, Brgy. Biga FMR (Phase II), Brgy. Biga, Lobo, Batangas",24000000,0.56,1,-9000000,HB 10858 Vol I-B p. 722,GAA-2025 · Department of Agriculture (DA) · Office of the Secretary,,,,not stated,different tranche,Phase 1 vs 2,True
fmr,2027,HB10858-FMR-0722-018,"Construction of Sitio Kilbog Proper, Brgy. Baluan FMR Phase I, Brgy. Baluan,",15000000,2025,"Concreting of FMR at Sitio Kapirokuhan, Brgy. San Isidro, Bulusan, Sorsogon",10000000,0.488,2,5000000,HB 10858 Vol I-B p. 722,GAA-2025 · Department of Agriculture (DA) · Office of the Secretary,,,,not stated,one side stated,Current Phase 1 only,False
fmr,2027,HB10858-FMR-0722-018,"Construction of Sitio Kilbog Proper, Brgy. Baluan FMR Phase I, Brgy. Baluan,",15000000,2025,"Concreting of FMR at Sitio Sapa Kolebra (Sapa Moro), Brgy. Latuan, Zamboanga City",15000000,0.484,3,0,HB 10858 Vol I-B p. 722,GAA-2025 · Department of Agriculture (DA) · Office of the Secretary,,,,not stated,one side stated,Current Phase 1 only,False
fmr,2027,HB10858-FMR-0722-019,"Construction of Sitio Amamaylan to Purok 1 Obod-obod, Brgy. Baan Km. 3 FMR, Butuan City",15000000,2025,"Concreting of FMR at Sitio Mambala, Brgy. Licomo, Zamboanga City",15000000,0.495,1,0,HB 10858 Vol I-B p. 722,GAA-2025 · Department of Agriculture (DA) · Office of the Secretary,,,,not stated,not stated,,False
fmr,2027,HB10858-FMR-0722-019,"Construction of Sitio Amamaylan to Purok 1 Obod-obod, Brgy. Baan Km. 3 FMR, Butuan City",15000000,2025,"Concreting of Sitio Dep-ang to Sitio Bilis, Brgy. Santo Tomas FMR Phase III, Brgy. Santo Tomas, Baguio City",10000000,0.477,2,5000000,HB 10858 Vol I-B p. 722,GAA-2025 · Department of Agriculture (DA) · Office of the Secretary,,,,not stated,one side stated,Prior Phase 3 only,False
fmr,2027,HB10858-FMR-0722-019,"Construction of Sitio Amamaylan to Purok 1 Obod-obod, Brgy. Baan Km. 3 FMR, Butuan City",15000000,2025,"Concreting of Brgy. Nasunogan to Brgy. Airport and Lilo-an FMR (Phase I), Brgy. Nasunogan, Ormoc City, Leyte",15000000,0.446,3,0,HB 10858 Vol I-B p. 722,GAA-2025 · Department of Agriculture (DA) · Office of the Secretary,,,,not stated,one side stated,Prior Phase 1 only,False
fmr,2027,HB10858-FMR-0722-020,"Construction of Purok-4, Santa Cruz to Purok-3, Brgy. Proper FMR, Butuan City",15000000,2025,"Concreting of Purok 7-Purok 15, Brgy. Mabuhay FMR (Phase V), Brgy. Mabuhay, General Santos City, South Cotabato",15000000,0.455,1,0,HB 10858 Vol I-B p. 722,GAA-2025 · Department of Agriculture (DA) · Office of the Secretary,,,,not stated,one side stated,Prior Phase 5 only,False
fmr,2027,HB10858-FMR-0722-020,"Construction of Purok-4, Santa Cruz to Purok-3, Brgy. Proper FMR, Butuan City",15000000,2025,"Concreting of Brgy. Nasunogan to Brgy. Airport and Lilo-an FMR (Phase I), Brgy. Nasunogan, Ormoc City, Leyte",15000000,0.45,2,0,HB 10858 Vol I-B p. 722,GAA-2025 · Department of Agriculture (DA) · Office of the Secretary,,,,not stated,one side stated,Prior Phase 1 only,False
fmr,2027,HB10858-FMR-0722-020,"Construction of Purok-4, Santa Cruz to Purok-3, Brgy. Proper FMR, Butuan City",15000000,2025,"Concreting of FMR at Brgy. Santor, Tanauan City, Batangas",20000000,0.405,3,-5000000,HB 10858 Vol I-B p. 722,GAA-2025 · Department of Agriculture (DA) · Office of the Secretary,,,,not stated,not stated,,False
fmr,2027,HB10858-FMR-0722-021,"Concreting of Purok Mabinuligon - Purok Kabugwason - Sitio Mani, Brgy. Topland FMR, Koronadal City, South Cotabato",30000000,2025,"Concreting of Purok 7-Purok 15, Brgy. Mabuhay FMR (Phase V), Brgy. Mabuhay, General Santos City, South Cotabato",15000000,0.57,1,15000000,HB 10858 Vol I-B p. 722,GAA-2025 · Department of Agriculture (DA) · Office of the Secretary,,,,not stated,one side stated,Prior Phase 5 only,False
fmr,2027,HB10858-FMR-0722-021,"Concreting of Purok Mabinuligon - Purok Kabugwason - Sitio Mani, Brgy. Topland FMR, Koronadal City, South Cotabato",30000000,2025,"Concreting of Blel from Brgy. Sinawal-Paopao Road to Cabuay River FMR (Phase I), Brgy. Sinawal, General Santos City, South Cotabato",15000000,0.517,2,15000000,HB 10858 Vol I-B p. 722,GAA-2025 · Department of Agriculture (DA) · Office of the Secretary,,,,not stated,one side stated,Prior Phase 1 only,False
fmr,2027,HB10858-FMR-0722-021,"Concreting of Purok Mabinuligon - Purok Kabugwason - Sitio Mani, Brgy. Topland FMR, Koronadal City, South Cotabato",30000000,2025,"Concreting of Purok Balite to Crossing Bungot, Brgy. San Jose FMR (Phase II), Brgy. San Jose, Norala, South Cotabato",15000000,0.481,3,15000000,HB 10858 Vol I-B p. 722,GAA-2025 · Department of Agriculture (DA) · Office of the Secretary,,,,not stated,one side stated,Prior Phase 2 only,False
fmr,2027,HB10858-FMR-0722-022,"Construction of Brgy. Mabini to Pelaez FMR, Brgy. Mabini, Sta. Monica, Surigao del Norte",15000000,2025,"Concreting of Brgy. San Antonio to Brgy. Lugui FMR (Phase II), Brgy. San Antonio and Brgy. Lugui, Labo, Camarines Norte",15000000,0.521,1,0,HB 10858 Vol I-B p. 722,GAA-2025 · Department of Agriculture (DA) · Office of the Secretary,,,,not stated,one side stated,Prior Phase 2 only,False
fmr,2027,HB10858-FMR-0722-022,"Construction of Brgy. Mabini to Pelaez FMR, Brgy. Mabini, Sta. Monica, Surigao del Norte",15000000,2025,"Concreting of Brgy. San Vicente to Top Bridge FMR (Phase I), Brgy. San Vicente, Jabonga, Agusan Del Norte",45000000,0.492,2,-30000000,HB 10858 Vol I-B p. 722,GAA-2025 · Department of Agriculture (DA) · Office of the Secretary,,,,not stated,one side stated,Prior Phase 1 only,False
fmr,2027,HB10858-FMR-0722-022,"Construction of Brgy. Mabini to Pelaez FMR, Brgy. Mabini, Sta. Monica, Surigao del Norte",15000000,2025,"Upgrading/Rehabilitation of FMR at Brgy. Sta. Monica, Hagonoy, Bulacan",15000000,0.479,3,0,HB 10858 Vol I-B p. 722,GAA-2025 · Department of Agriculture (DA) · Office of the Secretary,,,,not stated,not stated,,False
fmr,2027,HB10858-FMR-0722-023,"Construction of Brgy. Aroman FMR, Brgy. Aroman, Carmen, Cotabato",15000000,2025,"Concreting of FMR at Brgy. Taguranao, Matalam, Cotabato",10000000,0.635,1,5000000,HB 10858 Vol I-B p. 722,GAA-2025 · Department of Agriculture (DA) · Office of the Secretary,,,,not stated,not stated,,False
fmr,2027,HB10858-FMR-0722-023,"Construction of Brgy. Aroman FMR, Brgy. Aroman, Carmen, Cotabato",15000000,2025,"Concreting of FMR at Brgy. Bunawan, Matalam, Cotabato",10000000,0.623,2,5000000,HB 10858 Vol I-B p. 722,GAA-2025 · Department of Agriculture (DA) · Office of the Secretary,,,,not stated,not stated,,False
fmr,2027,HB10858-FMR-0722-023,"Construction of Brgy. Aroman FMR, Brgy. Aroman, Carmen, Cotabato",15000000,2025,"Concreting of FMR at Brgy. Kibia, Matalam, Cotabato",10000000,0.61,3,5000000,HB 10858 Vol I-B p. 722,GAA-2025 · Department of Agriculture (DA) · Office of the Secretary,,,,not stated,not stated,,False
fmr,2027,HB10858-FMR-0722-024,"Construction of Brgy. Taguranao FMR, Brgy. Taguranao, Matalam, Cotabato",10000000,2025,"Concreting of FMR at Brgy. Taguranao, Matalam, Cotabato",10000000,0.94,1,0,HB 10858 Vol I-B p. 722,GAA-2025 · Department of Agriculture (DA) · Office of the Secretary,,,,not stated,not stated,,False
fmr,2027,HB10858-FMR-0722-024,"Construction of Brgy. Taguranao FMR, Brgy. Taguranao, Matalam, Cotabato",10000000,2025,"Concreting of FMR at Brgy. Bunawan, Matalam, Cotabato",10000000,0.706,2,0,HB 10858 Vol I-B p. 722,GAA-2025 · Department of Agriculture (DA) · Office of the Secretary,,,,not stated,not stated,,False
fmr,2027,HB10858-FMR-0722-024,"Construction of Brgy. Taguranao FMR, Brgy. Taguranao, Matalam, Cotabato",10000000,2025,"Concreting of FMR at Brgy. Kibia, Matalam, Cotabato",10000000,0.667,3,0,HB 10858 Vol I-B p. 722,GAA-2025 · Department of Agriculture (DA) · Office of the Secretary,,,,not stated,not stated,,False
fmr,2027,HB10858-FMR-0722-025,"Construction of Brgy. Nabago FMR Phase 2, Brgy. Nabago, Surigao City, Surigao del Norte",15000000,2025,"Concreting of Brgy. Tagpo FMR (Phase II), Brgy, Tagpo, Ligao City, Albay",10000000,0.6,1,5000000,HB 10858 Vol I-B p. 722,GAA-2025 · Department of Agriculture (DA) · Office of the Secretary,,,,not stated,same tranche,,False
fmr,2027,HB10858-FMR-0722-025,"Construction of Brgy. Nabago FMR Phase 2, Brgy. Nabago, Surigao City, Surigao del Norte",15000000,2025,"Concreting of Brgy. Tagba-o FMR (Phase II), Brgy. Tagba-o, Cebu City, Cebu",15000000,0.537,2,0,HB 10858 Vol I-B p. 722,GAA-2025 · Department of Agriculture (DA) · Office of the Secretary,,,,not stated,same tranche,,False
fmr,2027,HB10858-FMR-0722-025,"Construction of Brgy. Nabago FMR Phase 2, Brgy. Nabago, Surigao City, Surigao del Norte",15000000,2025,"Concreting of Brgy. Sinayawan FMR (Phase II), Brgy. Sinayawan, Valencia City, Bukidnon",10000000,0.532,3,5000000,HB 10858 Vol I-B p. 722,GAA-2025 · Department of Agriculture (DA) · Office of the Secretary,,,,not stated,same tranche,,False
fmr,2027,HB10858-FMR-0722-026,"Construction of Brgy. Manupal FMR, Brgy. Manupal, Matalam, Cotabato",10000000,2025,"Concreting of FMR at Brgy. Taguranao, Matalam, Cotabato",10000000,0.727,1,0,HB 10858 Vol I-B p. 722,GAA-2025 · Department of Agriculture (DA) · Office of the Secretary,,,,not stated,not stated,,False
fmr,2027,HB10858-FMR-0722-026,"Construction of Brgy. Manupal FMR, Brgy. Manupal, Matalam, Cotabato",10000000,2025,"Concreting of FMR at Brgy. Bunawan, Matalam, Cotabato",10000000,0.719,2,0,HB 10858 Vol I-B p. 722,GAA-2025 · Department of Agriculture (DA) · Office of the Secretary,,,,not stated,not stated,,False
fmr,2027,HB10858-FMR-0722-026,"Construction of Brgy. Manupal FMR, Brgy. Manupal, Matalam, Cotabato",10000000,2025,"Concreting of FMR at Brgy. Kibia, Matalam, Cotabato",10000000,0.71,3,0,HB 10858 Vol I-B p. 722,GAA-2025 · Department of Agriculture (DA) · Office of the Secretary,,,,not stated,not stated,,False
fmr,2027,HB10858-FMR-0722-027,"Construction of Brgy. Timamana FMR, Brgy. Timamana, Tubod, Surigao del Norte",15000000,2025,"Concreting of FMR at Brgy. Malativas to Brgy. San Roque, Panabo City, Davao del Norte",100000000,0.505,1,-85000000,HB 10858 Vol I-B p. 722,GAA-2025 · Department of Agriculture (DA) · Office of the Secretary,,,,not stated,not stated,,False
fmr,2027,HB10858-FMR-0722-027,"Construction of Brgy. Timamana FMR, Brgy. Timamana, Tubod, Surigao del Norte",15000000,2025,"Concreting of Brgy. Man-ogob FMR Phase II, Brgy. Man-ogob, San Vicente, Camarines Norte",50000000,0.447,2,-35000000,HB 10858 Vol I-B p. 722,GAA-2025 · Department of Agriculture (DA) · Office of the Secretary,,,,not stated,one side stated,Prior Phase 2 only,False
fmr,2027,HB10858-FMR-0722-027,"Construction of Brgy. Timamana FMR, Brgy. Timamana, Tubod, Surigao del Norte",15000000,2025,"Concreting of Brgy. San Vicente to Top Bridge FMR (Phase I), Brgy. San Vicente, Jabonga, Agusan Del Norte",45000000,0.432,3,-30000000,HB 10858 Vol I-B p. 722,GAA-2025 · Department of Agriculture (DA) · Office of the Secretary,,,,not stated,one side stated,Prior Phase 1 only,False
fmr,2027,HB10858-FMR-0722-028,"Construction of Brgy. Pulang-lupa FMR, Brgy. Pulang-lupa, M'lang, Cotabato",10000000,2025,"Concreting of FMR at Brgy. Kibia, Matalam, Cotabato",10000000,0.522,1,0,HB 10858 Vol I-B p. 722,GAA-2025 · Department of Agriculture (DA) · Office of the Secretary,,,,not stated,not stated,,False
fmr,2027,HB10858-FMR-0722-028,"Construction of Brgy. Pulang-lupa FMR, Brgy. Pulang-lupa, M'lang, Cotabato",10000000,2025,"Concreting of FMR at Brgy. Bunawan, Matalam, Cotabato",10000000,0.479,2,0,HB 10858 Vol I-B p. 722,GAA-2025 · Department of Agriculture (DA) · Office of the Secretary,,,,not stated,not stated,,False
fmr,2027,HB10858-FMR-0722-028,"Construction of Brgy. Pulang-lupa FMR, Brgy. Pulang-lupa, M'lang, Cotabato",10000000,2025,"Concreting of FMR at Brgy. Taguranao, Matalam, Cotabato",10000000,0.466,3,0,HB 10858 Vol I-B p. 722,GAA-2025 · Department of Agriculture (DA) · Office of the Secretary,,,,not stated,not stated,,False
fmr,2027,HB10858-FMR-0722-029,"Construction of Brgy. Cabangahan FMR, Brgy. Cabangahan, Cantilan, Surigao del Sur",15000000,2025,"Concreting of Brgy. Mabaca FMR Phase II, Brgy. Mabaca, Balbalan, Kalinga",10000000,0.5,1,5000000,HB 10858 Vol I-B p. 722,GAA-2025 · Department of Agriculture (DA) · Office of the Secretary,,,,not stated,one side stated,Prior Phase 2 only,False
fmr,2027,HB10858-FMR-0722-029,"Construction of Brgy. Cabangahan FMR, Brgy. Cabangahan, Cantilan, Surigao del Sur",15000000,2025,"Concreting of FMR at Brgy. Salapungan, Candaba, Pampanga",30000000,0.444,2,-15000000,HB 10858 Vol I-B p. 722,GAA-2025 · Department of Agriculture (DA) · Office of the Secretary,,,,not stated,not stated,,False
fmr,2027,HB10858-FMR-0722-029,"Construction of Brgy. Cabangahan FMR, Brgy. Cabangahan, Cantilan, Surigao del Sur",15000000,2025,"Concreting of Purok 8 to Sitio Manangahon to Sitio Palo, Brgy. Mate FMR (Phase II), San Francisco, Agusan del Sur",15000000,0.434,3,0,HB 10858 Vol I-B p. 722,GAA-2025 · Department of Agriculture (DA) · Office of the Secretary,,,,not stated,one side stated,Prior Phase 2 only,False
fmr,2027,HB10858-FMR-0724-001,"Construction of Brgy. Bayogo Proper to Kamonohan FMR, Brgy. Bayogo,",15000000,2025,Farm-to-Market Road (FMR) Network Planning and Monitoring Services,2344000,0.25,1,12656000,HB 10858 Vol I-B p. 724,GAA-2025 · Department of Agriculture (DA) · Office of the Secretary,,,,not stated,not stated,,False
fmr,2027,HB10858-FMR-0724-001,"Construction of Brgy. Bayogo Proper to Kamonohan FMR, Brgy. Bayogo,",15000000,2025,Farm-to-Market Road (FMR) Network Planning and Monitoring Services,7537000,0.25,2,7463000,HB 10858 Vol I-B p. 724,GAA-2025 · Department of Agriculture (DA) · Office of the Secretary,,,,not stated,not stated,,False
fmr,2027,HB10858-FMR-0724-001,"Construction of Brgy. Bayogo Proper to Kamonohan FMR, Brgy. Bayogo,",15000000,2025,Farm-to-Market Road (FMR) Network Planning and Monitoring Services,185000,0.25,3,14815000,HB 10858 Vol I-B p. 724,GAA-2025 · Department of Agriculture (DA) · Office of the Secretary,,,,not stated,not stated,,False
fmr,2027,HB10858-FMR-0724-002,"Construction of Brgy. Silop FMR, Brgy. Silop, Mainit, Surigao del Norte",10000000,2025,"Concreting of FMR at Brgy. Malativas to Brgy. San Roque, Panabo City, Davao del Norte",100000000,0.489,1,-90000000,HB 10858 Vol I-B p. 724,GAA-2025 · Department of Agriculture (DA) · Office of the Secretary,,,,not stated,not stated,,False
fmr,2027,HB10858-FMR-0724-002,"Construction of Brgy. Silop FMR, Brgy. Silop, Mainit, Surigao del Norte",10000000,2025,"Concreting of Brgy. Maisog FMR Phase II, Brgy. Maisog, San Lorenzo Ruiz, Camarines Norte",50000000,0.489,2,-40000000,HB 10858 Vol I-B p. 724,GAA-2025 · Department of Agriculture (DA) · Office of the Secretary,,,,not stated,one side stated,Prior Phase 2 only,False
fmr,2027,HB10858-FMR-0724-002,"Construction of Brgy. Silop FMR, Brgy. Silop, Mainit, Surigao del Norte",10000000,2025,"Concreting of Brgy. San Vicente to Top Bridge FMR (Phase I), Brgy. San Vicente, Jabonga, Agusan Del Norte",45000000,0.472,3,-35000000,HB 10858 Vol I-B p. 724,GAA-2025 · Department of Agriculture (DA) · Office of the Secretary,,,,not stated,one side stated,Prior Phase 1 only,False
fmr,2027,HB10858-FMR-0724-003,"Construction of Brgy. San Isidro to Brgy. Binga FMR, Brgy. San Isidro,",15000000,2025,"Concreting of FMR at Brgy. San Isidro to Sitio Banawag, Sta. Fe, Leyte",15000000,0.538,1,0,HB 10858 Vol I-B p. 724,GAA-2025 · Department of Agriculture (DA) · Office of the Secretary,,,,not stated,not stated,,False
fmr,2027,HB10858-FMR-0724-003,"Construction of Brgy. San Isidro to Brgy. Binga FMR, Brgy. San Isidro,",15000000,2025,"Concreting of Brgy. San Antonio to Brgy. Lugui FMR (Phase II), Brgy. San Antonio and Brgy. Lugui, Labo, Camarines Norte",15000000,0.474,2,0,HB 10858 Vol I-B p. 724,GAA-2025 · Department of Agriculture (DA) · Office of the Secretary,,,,not stated,one side stated,Prior Phase 2 only,False
fmr,2027,HB10858-FMR-0724-003,"Construction of Brgy. San Isidro to Brgy. Binga FMR, Brgy. San Isidro,",15000000,2025,"Concreting of FMR at Brgy. Impo to Sonia Falls, San Miguel, Leyte",15000000,0.459,3,0,HB 10858 Vol I-B p. 724,GAA-2025 · Department of Agriculture (DA) · Office of the Secretary,,,,not stated,not stated,,False
fmr,2027,HB10858-FMR-0724-004,"Construction of PRJ Sitio Luagon to Proper Brgy. Gamut FMR, Gamut, Barobo, Surigao del Sur",15000000,2025,"Concreting of Purok 8 to Sitio Manangahon to Sitio Palo, Brgy. Mate FMR (Phase II), San Francisco, Agusan del Sur",15000000,0.556,1,0,HB 10858 Vol I-B p. 724,GAA-2025 · Department of Agriculture (DA) · Office of the Secretary,,,,not stated,one side stated,Prior Phase 2 only,False
fmr,2027,HB10858-FMR-0724-004,"Construction of PRJ Sitio Luagon to Proper Brgy. Gamut FMR, Gamut, Barobo, Surigao del Sur",15000000,2025,"Concreting of FMR at NRJ Brgy. Pasta to Brgy. Buenasuerte, San Franscisco, Agusan Del Sur",10000000,0.488,2,5000000,HB 10858 Vol I-B p. 724,GAA-2025 · Department of Agriculture (DA) · Office of the Secretary,,,,not stated,not stated,,False
fmr,2027,HB10858-FMR-0724-004,"Construction of PRJ Sitio Luagon to Proper Brgy. Gamut FMR, Gamut, Barobo, Surigao del Sur",15000000,2025,"Concreting of FMR at Sitio Atagon to Brgy. San Antonio, Palo, Leyte",15000000,0.43,3,0,HB 10858 Vol I-B p. 724,GAA-2025 · Department of Agriculture (DA) · Office of the Secretary,,,,not stated,not stated,,False
fmr,2027,HB10858-FMR-0724-005,"Construction of Brgy. Siana to Brgy. Dayano FMR, Brgy. Siana, Mainit, Surigao del Norte",15000000,2025,"Concreting of FMR at Brgy. Malativas to Brgy. San Roque, Panabo City, Davao del Norte",100000000,0.538,1,-85000000,HB 10858 Vol I-B p. 724,GAA-2025 · Department of Agriculture (DA) · Office of the Secretary,,,,not stated,not stated,,False
fmr,2027,HB10858-FMR-0724-005,"Construction of Brgy. Siana to Brgy. Dayano FMR, Brgy. Siana, Mainit, Surigao del Norte",15000000,2025,"Concreting of Brgy. San Vicente to Top Bridge FMR (Phase I), Brgy. San Vicente, Jabonga, Agusan Del Norte",45000000,0.517,2,-30000000,HB 10858 Vol I-B p. 724,GAA-2025 · Department of Agriculture (DA) · Office of the Secretary,,,,not stated,one side stated,Prior Phase 1 only,False
fmr,2027,HB10858-FMR-0724-005,"Construction of Brgy. Siana to Brgy. Dayano FMR, Brgy. Siana, Mainit, Surigao del Norte",15000000,2025,"Concreting of Brgy. San Antonio to Brgy. Lugui FMR (Phase II), Brgy. San Antonio and Brgy. Lugui, Labo, Camarines Norte",15000000,0.513,3,0,HB 10858 Vol I-B p. 724,GAA-2025 · Department of Agriculture (DA) · Office of the Secretary,,,,not stated,one side stated,Prior Phase 2 only,False
fmr,2027,HB10858-FMR-0724-006,"Construction of Brgy. Bigaan FMR, Brgy. Bigaan, Hinatuan, Surigao del Sur",15000000,2025,"Concreting of Brgy. Mabaca FMR Phase II, Brgy. Mabaca, Balbalan, Kalinga",10000000,0.447,1,5000000,HB 10858 Vol I-B p. 724,GAA-2025 · Department of Agriculture (DA) · Office of the Secretary,,,,not stated,one side stated,Prior Phase 2 only,False
fmr,2027,HB10858-FMR-0724-006,"Construction of Brgy. Bigaan FMR, Brgy. Bigaan, Hinatuan, Surigao del Sur",15000000,2025,"Concreting of FMR at NRJ Brgy. Pasta to Brgy. Buenasuerte, San Franscisco, Agusan Del Sur",10000000,0.44,2,5000000,HB 10858 Vol I-B p. 724,GAA-2025 · Department of Agriculture (DA) · Office of the Secretary,,,,not stated,not stated,,False
fmr,2027,HB10858-FMR-0724-006,"Construction of Brgy. Bigaan FMR, Brgy. Bigaan, Hinatuan, Surigao del Sur",15000000,2025,"Concreting of Purok 8 to Sitio Manangahon to Sitio Palo, Brgy. Mate FMR (Phase II), San Francisco, Agusan del Sur",15000000,0.413,3,0,HB 10858 Vol I-B p. 724,GAA-2025 · Department of Agriculture (DA) · Office of the Secretary,,,,not stated,one side stated,Prior Phase 2 only,False
fmr,2027,HB10858-FMR-0724-007,"Construction of Purok Magtatanim Brgy. Matin-ao FMR, Brgy. Matin-ao, Mainit, Surigao del Norte",20000000,2025,"Concreting of Purok 2, Brgy. Cansinala FMR (Phase I), Brgy. Cansinala, Apalit, Pampanga",15000000,0.491,1,5000000,HB 10858 Vol I-B p. 724,GAA-2025 · Department of Agriculture (DA) · Office of the Secretary,,,,not stated,one side stated,Prior Phase 1 only,False
fmr,2027,HB10858-FMR-0724-007,"Construction of Purok Magtatanim Brgy. Matin-ao FMR, Brgy. Matin-ao, Mainit, Surigao del Norte",20000000,2025,"Concreting of Purok 2, Brgy. Cansinala FMR Phase II, Brgy. Cansinala, Apalit, Pampanga",5000000,0.491,2,15000000,HB 10858 Vol I-B p. 724,GAA-2025 · Department of Agriculture (DA) · Office of the Secretary,,,,not stated,one side stated,Prior Phase 2 only,False
fmr,2027,HB10858-FMR-0724-007,"Construction of Purok Magtatanim Brgy. Matin-ao FMR, Brgy. Matin-ao, Mainit, Surigao del Norte",20000000,2025,"Concreting of FMR at Brgy. Malativas to Brgy. San Roque, Panabo City, Davao del Norte",100000000,0.479,3,-80000000,HB 10858 Vol I-B p. 724,GAA-2025 · Department of Agriculture (DA) · Office of the Secretary,,,,not stated,not stated,,False
fmr,2027,HB10858-FMR-0724-008,"Construction of Kalingohan to Purok-3 Sitio Cambinliw Brgy. Santiago FMR Phase II, Brgy. Santiago, Loreto, Dinagat Islands",15000000,2025,"Concreting of Sitio Dep-ang to Sitio Bilis, Brgy. Santo Tomas FMR Phase III, Brgy. Santo Tomas, Baguio City",10000000,0.493,1,5000000,HB 10858 Vol I-B p. 724,GAA-2025 · Department of Agriculture (DA) · Office of the Secretary,,,,not stated,different tranche,Phase 2 vs 3,True
fmr,2027,HB10858-FMR-0724-008,"Construction of Kalingohan to Purok-3 Sitio Cambinliw Brgy. Santiago FMR Phase II, Brgy. Santiago, Loreto, Dinagat Islands",15000000,2025,"Concreting of Purok 8 to Sitio Manangahon to Sitio Palo, Brgy. Mate FMR (Phase II), San Francisco, Agusan del Sur",15000000,0.447,2,0,HB 10858 Vol I-B p. 724,GAA-2025 · Department of Agriculture (DA) · Office of the Secretary,,,,not stated,same tranche,,False
fmr,2027,HB10858-FMR-0724-008,"Construction of Kalingohan to Purok-3 Sitio Cambinliw Brgy. Santiago FMR Phase II, Brgy. Santiago, Loreto, Dinagat Islands",15000000,2025,"Concreting of Purok Balite to Crossing Bungot, Brgy. San Jose FMR (Phase II), Brgy. San Jose, Norala, South Cotabato",15000000,0.408,3,0,HB 10858 Vol I-B p. 724,GAA-2025 · Department of Agriculture (DA) · Office of the Secretary,,,,not stated,same tranche,,False
fmr,2027,HB10858-FMR-0724-009,"Construction of P-6 Brgy. San Francisco FMR, Brgy. San Francisco, Mainit, Surigao del Norte",15000000,2025,"Concreting of Brgy. San Antonio to Brgy. Lugui FMR (Phase II), Brgy. San Antonio and Brgy. Lugui, Labo, Camarines Norte",15000000,0.537,1,0,HB 10858 Vol I-B p. 724,GAA-2025 · Department of Agriculture (DA) · Office of the Secretary,,,,not stated,one side stated,Prior Phase 2 only,False
fmr,2027,HB10858-FMR-0724-009,"Construction of P-6 Brgy. San Francisco FMR, Brgy. San Francisco, Mainit, Surigao del Norte",15000000,2025,"Concreting of FMR at Sitio San Isidro to Sitio Bulahan, Brgy. San Jose, Sto. Tomas, Davao del Norte",100000000,0.485,2,-85000000,HB 10858 Vol I-B p. 724,GAA-2025 · Department of Agriculture (DA) · Office of the Secretary,,,,not stated,not stated,,False
fmr,2027,HB10858-FMR-0724-009,"Construction of P-6 Brgy. San Francisco FMR, Brgy. San Francisco, Mainit, Surigao del Norte",15000000,2025,"Concreting of FMR at Brgy. Lourdes to Brgy. San Francisco West, Alangalang, Leyte",15000000,0.455,3,0,HB 10858 Vol I-B p. 724,GAA-2025 · Department of Agriculture (DA) · Office of the Secretary,,,,not stated,not stated,,False
fmr,2027,HB10858-FMR-0724-010,"Construction of P3 Luna to Sitio Bunga, Brgy. Luna FMR Phase 2, Brgy. San Jose, Dinagat Islands",15000000,2025,"Concreting of Purok Balite to Crossing Bungot, Brgy. San Jose FMR (Phase II), Brgy. San Jose, Norala, South Cotabato",15000000,0.519,1,0,HB 10858 Vol I-B p. 724,GAA-2025 · Department of Agriculture (DA) · Office of the Secretary,,,,not stated,same tranche,,False
fmr,2027,HB10858-FMR-0724-010,"Construction of P3 Luna to Sitio Bunga, Brgy. Luna FMR Phase 2, Brgy. San Jose, Dinagat Islands",15000000,2025,"Concreting of Sitio Dep-ang to Sitio Bilis, Brgy. Santo Tomas FMR Phase III, Brgy. Santo Tomas, Baguio City",10000000,0.5,2,5000000,HB 10858 Vol I-B p. 724,GAA-2025 · Department of Agriculture (DA) · Office of the Secretary,,,,not stated,different tranche,Phase 2 vs 3,True
fmr,2027,HB10858-FMR-0724-010,"Construction of P3 Luna to Sitio Bunga, Brgy. Luna FMR Phase 2, Brgy. San Jose, Dinagat Islands",15000000,2025,"Concreting of Purok 8 to Sitio Manangahon to Sitio Palo, Brgy. Mate FMR (Phase II), San Francisco, Agusan del Sur",15000000,0.489,3,0,HB 10858 Vol I-B p. 724,GAA-2025 · Department of Agriculture (DA) · Office of the Secretary,,,,not stated,same tranche,,False
fmr,2027,HB10858-FMR-0724-011,"Construction of Brgy. Binga to Sitio Maniuyom FMR, Brgy. Binga, Mainit, Surigao del Norte",20000000,2025,"Concreting of Brgy. Cogon to Brgy. Libuak FMR (Phase II), Brgy. Cogon and Brgy. Libuak, Island Garden City of Samal, Davao del Norte",15000000,0.504,1,5000000,HB 10858 Vol I-B p. 724,GAA-2025 · Department of Agriculture (DA) · Office of the Secretary,,,,not stated,one side stated,Prior Phase 2 only,False
fmr,2027,HB10858-FMR-0724-011,"Construction of Brgy. Binga to Sitio Maniuyom FMR, Brgy. Binga, Mainit, Surigao del Norte",20000000,2025,"Concreting of Sitio Casaguingan, Brgy. Bairan to Brgy. Malaguinabot FMR (Phase II), Brgy. Bairan and Brgy. Malaguinabot, San Miguel, Leyte",15000000,0.475,2,5000000,HB 10858 Vol I-B p. 724,GAA-2025 · Department of Agriculture (DA) · Office of the Secretary,,,,not stated,one side stated,Prior Phase 2 only,False
fmr,2027,HB10858-FMR-0724-011,"Construction of Brgy. Binga to Sitio Maniuyom FMR, Brgy. Binga, Mainit, Surigao del Norte",20000000,2025,"Concreting of Brgy. San Vicente to Top Bridge FMR (Phase I), Brgy. San Vicente, Jabonga, Agusan Del Norte",45000000,0.468,3,-25000000,HB 10858 Vol I-B p. 724,GAA-2025 · Department of Agriculture (DA) · Office of the Secretary,,,,not stated,one side stated,Prior Phase 1 only,False
fmr,2027,HB10858-FMR-0724-012,"Construction of Brgy. San Pedro to Fish Landing FMR, Brgy. San Pedro,",15000000,2025,"Concreting of Brgy. San Vicente to Top Bridge FMR (Phase I), Brgy. San Vicente, Jabonga, Agusan Del Norte",45000000,0.476,1,-30000000,HB 10858 Vol I-B p. 724,GAA-2025 · Department of Agriculture (DA) · Office of the Secretary,,,,not stated,one side stated,Prior Phase 1 only,False
fmr,2027,HB10858-FMR-0724-012,"Construction of Brgy. San Pedro to Fish Landing FMR, Brgy. San Pedro,",15000000,2025,"Concreting of FMR at Brgy. Pinarigusan to Lipasan Falls, San Miguel, Leyte",15000000,0.432,2,0,HB 10858 Vol I-B p. 724,GAA-2025 · Department of Agriculture (DA) · Office of the Secretary,,,,not stated,not stated,,False
fmr,2027,HB10858-FMR-0724-012,"Construction of Brgy. San Pedro to Fish Landing FMR, Brgy. San Pedro,",15000000,2025,"Concreting of FMR at Brgy. Impo to Sonia Falls, San Miguel, Leyte",15000000,0.43,3,0,HB 10858 Vol I-B p. 724,GAA-2025 · Department of Agriculture (DA) · Office of the Secretary,,,,not stated,not stated,,False
fmr,2027,HB10858-FMR-0724-013,"Construction of Brgy. San Isidro going to Sanitary Landfill FMR, Brgy. San Isidro, Mainit, Surigao del Norte",20000000,2025,"Concreting of Brgy. San Vicente to Top Bridge FMR (Phase I), Brgy. San Vicente, Jabonga, Agusan Del Norte",45000000,0.503,1,-25000000,HB 10858 Vol I-B p. 724,GAA-2025 · Department of Agriculture (DA) · Office of the Secretary,,,,not stated,one side stated,Prior Phase 1 only,False
fmr,2027,HB10858-FMR-0724-013,"Construction of Brgy. San Isidro going to Sanitary Landfill FMR, Brgy. San Isidro, Mainit, Surigao del Norte",20000000,2025,"Concreting of Brgy. San Antonio to Brgy. Lugui FMR (Phase II), Brgy. San Antonio and Brgy. Lugui, Labo, Camarines Norte",15000000,0.486,2,5000000,HB 10858 Vol I-B p. 724,GAA-2025 · Department of Agriculture (DA) · Office of the Secretary,,,,not stated,one side stated,Prior Phase 2 only,False
fmr,2027,HB10858-FMR-0724-013,"Construction of Brgy. San Isidro going to Sanitary Landfill FMR, Brgy. San Isidro, Mainit, Surigao del Norte",20000000,2025,"Concreting of FMR at Brgy. Impo to Sonia Falls, San Miguel, Leyte",15000000,0.479,3,5000000,HB 10858 Vol I-B p. 724,GAA-2025 · Department of Agriculture (DA) · Office of the Secretary,,,,not stated,not stated,,False
fmr,2027,HB10858-FMR-0724-014,"Construction of Brgy. Pongtud to Fish and Boat Landing FMR, Brgy. Pongtud,",25000000,2025,Farm-to-Market Road (FMR) Network Planning and Monitoring Services,2344000,0.265,1,22656000,HB 10858 Vol I-B p. 724,GAA-2025 · Department of Agriculture (DA) · Office of the Secretary,,,,not stated,not stated,,False
fmr,2027,HB10858-FMR-0724-014,"Construction of Brgy. Pongtud to Fish and Boat Landing FMR, Brgy. Pongtud,",25000000,2025,Farm-to-Market Road (FMR) Network Planning and Monitoring Services,7537000,0.265,2,17463000,HB 10858 Vol I-B p. 724,GAA-2025 · Department of Agriculture (DA) · Office of the Secretary,,,,not stated,not stated,,False
fmr,2027,HB10858-FMR-0724-014,"Construction of Brgy. Pongtud to Fish and Boat Landing FMR, Brgy. Pongtud,",25000000,2025,Farm-to-Market Road (FMR) Network Planning and Monitoring Services,185000,0.265,3,24815000,HB 10858 Vol I-B p. 724,GAA-2025 · Department of Agriculture (DA) · Office of the Secretary,,,,not stated,not stated,,False
fmr,2027,HB10858-FMR-0724-015,"Construction of Sitio Arayat Brgy. Matin-ao, Mainit FMR, Brgy. Matin-ao, Mainit, Surigao del Norte",40000000,2025,"Concreting of Sitio Malaya FMR at Brgy. Aningway Subic, Zambales",15000000,0.472,1,25000000,HB 10858 Vol I-B p. 724,GAA-2025 · Department of Agriculture (DA) · Office of the Secretary,,,,not stated,not stated,,False
fmr,2027,HB10858-FMR-0724-015,"Construction of Sitio Arayat Brgy. Matin-ao, Mainit FMR, Brgy. Matin-ao, Mainit, Surigao del Norte",40000000,2025,"Concreting of Sitio Bayawas Brgy. Salvacion FMR Phase III, Brgy. Salvacion, Magallanes, Sorsogon",15000000,0.472,2,25000000,HB 10858 Vol I-B p. 724,GAA-2025 · Department of Agriculture (DA) · Office of the Secretary,,,,not stated,one side stated,Prior Phase 3 only,False
fmr,2027,HB10858-FMR-0724-015,"Construction of Sitio Arayat Brgy. Matin-ao, Mainit FMR, Brgy. Matin-ao, Mainit, Surigao del Norte",40000000,2025,"Concreting of FMR at Brgy. Malativas to Brgy. San Roque, Panabo City, Davao del Norte",100000000,0.467,3,-60000000,HB 10858 Vol I-B p. 724,GAA-2025 · Department of Agriculture (DA) · Office of the Secretary,,,,not stated,not stated,,False
fmr,2027,HB10858-FMR-0724-016,"Construction of Purok 1 Brgy. San Pedro FMR, Brgy. San Pedro, Alegria, Surigao del Norte",15000000,2025,"Concreting of FMR at Sitio San Isidro to Sitio Bulahan, Brgy. San Jose, Sto. Tomas, Davao del Norte",100000000,0.512,1,-85000000,HB 10858 Vol I-B p. 724,GAA-2025 · Department of Agriculture (DA) · Office of the Secretary,,,,not stated,not stated,,False
fmr,2027,HB10858-FMR-0724-016,"Construction of Purok 1 Brgy. San Pedro FMR, Brgy. San Pedro, Alegria, Surigao del Norte",15000000,2025,"Concreting of Brgy. San Vicente to Top Bridge FMR (Phase I), Brgy. San Vicente, Jabonga, Agusan Del Norte",45000000,0.504,2,-30000000,HB 10858 Vol I-B p. 724,GAA-2025 · Department of Agriculture (DA) · Office of the Secretary,,,,not stated,one side stated,Prior Phase 1 only,False
fmr,2027,HB10858-FMR-0724-016,"Construction of Purok 1 Brgy. San Pedro FMR, Brgy. San Pedro, Alegria, Surigao del Norte",15000000,2025,"Concreting of FMR at Brgy. Malativas to Brgy. San Roque, Panabo City, Davao del Norte",100000000,0.486,3,-85000000,HB 10858 Vol I-B p. 724,GAA-2025 · Department of Agriculture (DA) · Office of the Secretary,,,,not stated,not stated,,False
fmr,2027,HB10858-FMR-0724-017,"Construction of Sitio Cabonga-an Brgy. Himama-ug FMR, Brgy. Himama-ug, Taganaan, Surigao del Norte",15000000,2025,"Concreting of Sitio Gumihan, Brgy. Maytoong FMR Phase II, Brgy. Maytoong, Paete, Laguna",5550000,0.47,1,9450000,HB 10858 Vol I-B p. 724,GAA-2025 · Department of Agriculture (DA) · Office of the Secretary,,,,not stated,one side stated,Prior Phase 2 only,False
fmr,2027,HB10858-FMR-0724-017,"Construction of Sitio Cabonga-an Brgy. Himama-ug FMR, Brgy. Himama-ug, Taganaan, Surigao del Norte",15000000,2025,"Concreting of FMR at Brgy. Binatagan, Basud, Camarines Norte",30000000,0.451,2,-15000000,HB 10858 Vol I-B p. 724,GAA-2025 · Department of Agriculture (DA) · Office of the Secretary,,,,not stated,not stated,,False
fmr,2027,HB10858-FMR-0724-017,"Construction of Sitio Cabonga-an Brgy. Himama-ug FMR, Brgy. Himama-ug, Taganaan, Surigao del Norte",15000000,2025,"Concreting of FMR at Sitio San Isidro to Sitio Bulahan, Brgy. San Jose, Sto. Tomas, Davao del Norte",100000000,0.432,3,-85000000,HB 10858 Vol I-B p. 724,GAA-2025 · Department of Agriculture (DA) · Office of the Secretary,,,,not stated,not stated,,False
fmr,2027,HB10858-FMR-0724-018,"Construction of Purok 2 Brgy. San Pedro FMR, Brgy. San Pedro, Alegria, Surigao del Norte",20000000,2025,"Concreting of FMR at Sitio San Isidro to Sitio Bulahan, Brgy. San Jose, Sto. Tomas, Davao del Norte",100000000,0.512,1,-80000000,HB 10858 Vol I-B p. 724,GAA-2025 · Department of Agriculture (DA) · Office of the Secretary,,,,not stated,not stated,,False
fmr,2027,HB10858-FMR-0724-018,"Construction of Purok 2 Brgy. San Pedro FMR, Brgy. San Pedro, Alegria, Surigao del Norte",20000000,2025,"Concreting of Brgy. San Vicente to Top Bridge FMR (Phase I), Brgy. San Vicente, Jabonga, Agusan Del Norte",45000000,0.504,2,-25000000,HB 10858 Vol I-B p. 724,GAA-2025 · Department of Agriculture (DA) · Office of the Secretary,,,,not stated,one side stated,Prior Phase 1 only,False
fmr,2027,HB10858-FMR-0724-018,"Construction of Purok 2 Brgy. San Pedro FMR, Brgy. San Pedro, Alegria, Surigao del Norte",20000000,2025,"Concreting of FMR at Brgy. Malativas to Brgy. San Roque, Panabo City, Davao del Norte",100000000,0.486,3,-80000000,HB 10858 Vol I-B p. 724,GAA-2025 · Department of Agriculture (DA) · Office of the Secretary,,,,not stated,not stated,,False
fmr,2027,HB10858-FMR-0724-019,"Construction of Togbongan-Pajag Phase II FMR, Brgy. Himama-ug,",15000000,2025,"Concreting of Brgy. Mabaca FMR Phase II, Brgy. Mabaca, Balbalan, Kalinga",10000000,0.413,1,5000000,HB 10858 Vol I-B p. 724,GAA-2025 · Department of Agriculture (DA) · Office of the Secretary,,,,not stated,same tranche,,False
fmr,2027,HB10858-FMR-0724-019,"Construction of Togbongan-Pajag Phase II FMR, Brgy. Himama-ug,",15000000,2025,"Concreting of Brgy. Guiddam FMR (Phase II), Brgy. Guiddam, Abulug, Cagayan",10000000,0.413,2,5000000,HB 10858 Vol I-B p. 724,GAA-2025 · Department of Agriculture (DA) · Office of the Secretary,,,,not stated,same tranche,,False
fmr,2027,HB10858-FMR-0724-019,"Construction of Togbongan-Pajag Phase II FMR, Brgy. Himama-ug,",15000000,2025,"Concreting of Brgy. Caluangan FMR (Phase I), Brgy. Caluangan, Magallanes, Cavite",15000000,0.371,3,0,HB 10858 Vol I-B p. 724,GAA-2025 · Department of Agriculture (DA) · Office of the Secretary,,,,not stated,different tranche,Phase 2 vs 1,True
fmr,2027,HB10858-FMR-0724-020,"Construction of Purok 5 Brgy. Panatao FMR, Brgy. Panatao, Claver, Surigao del Norte",15000000,2025,"Concreting of Brgy. San Antonio to Brgy. Lugui FMR (Phase II), Brgy. San Antonio and Brgy. Lugui, Labo, Camarines Norte",15000000,0.487,1,0,HB 10858 Vol I-B p. 724,GAA-2025 · Department of Agriculture (DA) · Office of the Secretary,,,,not stated,one side stated,Prior Phase 2 only,False
fmr,2027,HB10858-FMR-0724-020,"Construction of Purok 5 Brgy. Panatao FMR, Brgy. Panatao, Claver, Surigao del Norte",15000000,2025,"Concreting of FMR at Brgy. Binatagan, Basud, Camarines Norte",30000000,0.483,2,-15000000,HB 10858 Vol I-B p. 724,GAA-2025 · Department of Agriculture (DA) · Office of the Secretary,,,,not stated,not stated,,False
fmr,2027,HB10858-FMR-0724-020,"Construction of Purok 5 Brgy. Panatao FMR, Brgy. Panatao, Claver, Surigao del Norte",15000000,2025,"Concreting of Brgy. Man-ogob FMR Phase II, Brgy. Man-ogob, San Vicente, Camarines Norte",50000000,0.475,3,-35000000,HB 10858 Vol I-B p. 724,GAA-2025 · Department of Agriculture (DA) · Office of the Secretary,,,,not stated,one side stated,Prior Phase 2 only,False
fmr,2027,HB10858-FMR-0724-021,"Construction of Brgy. Sapa FMR, Brgy. Sapa, Claver, Surigao del Norte",15000000,2025,"Concreting of FMR at Brgy. Malativas to Brgy. San Roque, Panabo City, Davao del Norte",100000000,0.522,1,-85000000,HB 10858 Vol I-B p. 724,GAA-2025 · Department of Agriculture (DA) · Office of the Secretary,,,,not stated,not stated,,False
fmr,2027,HB10858-FMR-0724-021,"Construction of Brgy. Sapa FMR, Brgy. Sapa, Claver, Surigao del Norte",15000000,2025,"Concreting of FMR at Sitio Malapat, Brgy. Baay, Labo, Camarines Norte",15000000,0.494,2,0,HB 10858 Vol I-B p. 724,GAA-2025 · Department of Agriculture (DA) · Office of the Secretary,,,,not stated,not stated,,False
fmr,2027,HB10858-FMR-0724-021,"Construction of Brgy. Sapa FMR, Brgy. Sapa, Claver, Surigao del Norte",15000000,2025,"Concreting of Brgy. San Vicente to Top Bridge FMR (Phase I), Brgy. San Vicente, Jabonga, Agusan Del Norte",45000000,0.481,3,-30000000,HB 10858 Vol I-B p. 724,GAA-2025 · Department of Agriculture (DA) · Office of the Secretary,,,,not stated,one side stated,Prior Phase 1 only,False
fmr,2027,HB10858-FMR-0724-022,"Construction of Sungkoy-Sumanga FMR, Brgy. Himama-ug, Taganaan, Surigao del Norte",20000000,2025,"Concreting of FMR at Brgy. Binatagan, Basud, Camarines Norte",30000000,0.505,1,-10000000,HB 10858 Vol I-B p. 724,GAA-2025 · Department of Agriculture (DA) · Office of the Secretary,,,,not stated,not stated,,False
fmr,2027,HB10858-FMR-0724-022,"Construction of Sungkoy-Sumanga FMR, Brgy. Himama-ug, Taganaan, Surigao del Norte",20000000,2025,"Concreting of FMR at Brgy. Malativas to Brgy. San Roque, Panabo City, Davao del Norte",100000000,0.473,2,-80000000,HB 10858 Vol I-B p. 724,GAA-2025 · Department of Agriculture (DA) · Office of the Secretary,,,,not stated,not stated,,False
fmr,2027,HB10858-FMR-0724-022,"Construction of Sungkoy-Sumanga FMR, Brgy. Himama-ug, Taganaan, Surigao del Norte",20000000,2025,"Concreting of Brgy. Mabaca FMR Phase II, Brgy. Mabaca, Balbalan, Kalinga",10000000,0.444,3,10000000,HB 10858 Vol I-B p. 724,GAA-2025 · Department of Agriculture (DA) · Office of the Secretary,,,,not stated,one side stated,Prior Phase 2 only,False
fmr,2027,HB10858-FMR-0724-023,"Construction of Purok 5 to Purok 6 Brgy. Wangke FMR, Brgy. Wangke, Claver, Surigao del Norte",20000000,2025,"Concreting of Brgy. Cogon to Brgy. Libuak FMR (Phase II), Brgy. Cogon and Brgy. Libuak, Island Garden City of Samal, Davao del Norte",15000000,0.493,1,5000000,HB 10858 Vol I-B p. 724,GAA-2025 · Department of Agriculture (DA) · Office of the Secretary,,,,not stated,one side stated,Prior Phase 2 only,False
fmr,2027,HB10858-FMR-0724-023,"Construction of Purok 5 to Purok 6 Brgy. Wangke FMR, Brgy. Wangke, Claver, Surigao del Norte",20000000,2025,"Concreting of Brgy. San Vicente to Top Bridge FMR (Phase I), Brgy. San Vicente, Jabonga, Agusan Del Norte",45000000,0.488,2,-25000000,HB 10858 Vol I-B p. 724,GAA-2025 · Department of Agriculture (DA) · Office of the Secretary,,,,not stated,one side stated,Prior Phase 1 only,False
fmr,2027,HB10858-FMR-0724-023,"Construction of Purok 5 to Purok 6 Brgy. Wangke FMR, Brgy. Wangke, Claver, Surigao del Norte",20000000,2025,"Concreting of FMR at Brgy. Malativas to Brgy. San Roque, Panabo City, Davao del Norte",100000000,0.487,3,-80000000,HB 10858 Vol I-B p. 724,GAA-2025 · Department of Agriculture (DA) · Office of the Secretary,,,,not stated,not stated,,False
fmr,2027,HB10858-FMR-0724-024,"Construction of Purok 4 Brgy. Cabugo to Togonon FMR, Brgy. Cabugo,",25000000,2025,"Concreting of Purok Balite to Crossing Bungot, Brgy. San Jose FMR (Phase II), Brgy. San Jose, Norala, South Cotabato",15000000,0.45,1,10000000,HB 10858 Vol I-B p. 724,GAA-2025 · Department of Agriculture (DA) · Office of the Secretary,,,,not stated,one side stated,Prior Phase 2 only,False
fmr,2027,HB10858-FMR-0724-024,"Construction of Purok 4 Brgy. Cabugo to Togonon FMR, Brgy. Cabugo,",25000000,2025,Farm-to-Market Road (FMR) Network Planning and Monitoring Services,2344000,0.203,2,22656000,HB 10858 Vol I-B p. 724,GAA-2025 · Department of Agriculture (DA) · Office of the Secretary,,,,not stated,not stated,,False
fmr,2027,HB10858-FMR-0724-024,"Construction of Purok 4 Brgy. Cabugo to Togonon FMR, Brgy. Cabugo,",25000000,2025,Farm-to-Market Road (FMR) Network Planning and Monitoring Services,7537000,0.203,3,17463000,HB 10858 Vol I-B p. 724,GAA-2025 · Department of Agriculture (DA) · Office of the Secretary,,,,not stated,not stated,,False
fmr,2027,HB10858-FMR-0724-025,"Construction of Siwata - Hinatigan to Eco Park, Brgy. Poblacion FMR, Brgy. Poblacion, Bacuag, Surigao del Norte",20000000,2025,"Concreting of Brgy. Cogon to Brgy. Libuak FMR (Phase II), Brgy. Cogon and Brgy. Libuak, Island Garden City of Samal, Davao del Norte",15000000,0.467,1,5000000,HB 10858 Vol I-B p. 724,GAA-2025 · Department of Agriculture (DA) · Office of the Secretary,,,,not stated,one side stated,Prior Phase 2 only,False
fmr,2027,HB10858-FMR-0724-025,"Construction of Siwata - Hinatigan to Eco Park, Brgy. Poblacion FMR, Brgy. Poblacion, Bacuag, Surigao del Norte",20000000,2025,"Concreting of FMR at Brgy. Malativas to Brgy. San Roque, Panabo City, Davao del Norte",100000000,0.458,2,-80000000,HB 10858 Vol I-B p. 724,GAA-2025 · Department of Agriculture (DA) · Office of the Secretary,,,,not stated,not stated,,False
fmr,2027,HB10858-FMR-0724-025,"Construction of Siwata - Hinatigan to Eco Park, Brgy. Poblacion FMR, Brgy. Poblacion, Bacuag, Surigao del Norte",20000000,2025,"Concreting of FMR at Sitio San Isidro to Sitio Bulahan, Brgy. San Jose, Sto. Tomas, Davao del Norte",100000000,0.456,3,-80000000,HB 10858 Vol I-B p. 724,GAA-2025 · Department of Agriculture (DA) · Office of the Secretary,,,,not stated,not stated,,False
fmr,2027,HB10858-FMR-0724-026,"Construction of Brgy. Motorpool, Tubod to Brgy. Sto. Rosario, Bacuag FMR,",15000000,2025,"Concreting of FMR at Brgy. Sto. Rosario, Candaba, Pampanga",20000000,0.521,1,-5000000,HB 10858 Vol I-B p. 724,GAA-2025 · Department of Agriculture (DA) · Office of the Secretary,,,,not stated,not stated,,False
fmr,2027,HB10858-FMR-0724-026,"Construction of Brgy. Motorpool, Tubod to Brgy. Sto. Rosario, Bacuag FMR,",15000000,2025,"Concreting of Bubug FMR (Phase I), Brgy. Bubug, Sto. Tomas, Isabela",15000000,0.351,2,0,HB 10858 Vol I-B p. 724,GAA-2025 · Department of Agriculture (DA) · Office of the Secretary,,,,not stated,one side stated,Prior Phase 1 only,False
fmr,2027,HB10858-FMR-0724-026,"Construction of Brgy. Motorpool, Tubod to Brgy. Sto. Rosario, Bacuag FMR,",15000000,2025,"Concreting of Brgy. Bubug FMR (Phase II), Brgy. Bubug, Sto. Tomas, Isabela",20000000,0.351,3,-5000000,HB 10858 Vol I-B p. 724,GAA-2025 · Department of Agriculture (DA) · Office of the Secretary,,,,not stated,one side stated,Prior Phase 2 only,False
fmr,2027,HB10858-FMR-0724-027,"Construction of Purok 6 to Purok 4 Brgy. Pautao FMR, Brgy. Pautao, Bacuag, Surigao del Norte",20000000,2025,"Concreting of Brgy. San Vicente to Top Bridge FMR (Phase I), Brgy. San Vicente, Jabonga, Agusan Del Norte",45000000,0.488,1,-25000000,HB 10858 Vol I-B p. 724,GAA-2025 · Department of Agriculture (DA) · Office of the Secretary,,,,not stated,one side stated,Prior Phase 1 only,False
fmr,2027,HB10858-FMR-0724-027,"Construction of Purok 6 to Purok 4 Brgy. Pautao FMR, Brgy. Pautao, Bacuag, Surigao del Norte",20000000,2025,"Concreting of FMR at Brgy. Malativas to Brgy. San Roque, Panabo City, Davao del Norte",100000000,0.487,2,-80000000,HB 10858 Vol I-B p. 724,GAA-2025 · Department of Agriculture (DA) · Office of the Secretary,,,,not stated,not stated,,False
fmr,2027,HB10858-FMR-0724-027,"Construction of Purok 6 to Purok 4 Brgy. Pautao FMR, Brgy. Pautao, Bacuag, Surigao del Norte",20000000,2025,"Concreting of Brgy. Cogon to Brgy. Libuak FMR (Phase II), Brgy. Cogon and Brgy. Libuak, Island Garden City of Samal, Davao del Norte",15000000,0.478,3,5000000,HB 10858 Vol I-B p. 724,GAA-2025 · Department of Agriculture (DA) · Office of the Secretary,,,,not stated,one side stated,Prior Phase 2 only,False
fmr,2027,HB10858-FMR-0724-028,"Construction of Capayahan-Marga-San Pablo Road FMR, Brgy. Capayahan,",25000000,2025,"Concreting of Brgy. Annanuman - Brgy. Dalena FMR Phase III, Brgy. Annanuman, San Pablo, Isabela",10000000,0.46,1,15000000,HB 10858 Vol I-B p. 724,GAA-2025 · Department of Agriculture (DA) · Office of the Secretary,,,,not stated,one side stated,Prior Phase 3 only,False
fmr,2027,HB10858-FMR-0724-028,"Construction of Capayahan-Marga-San Pablo Road FMR, Brgy. Capayahan,",25000000,2025,"Concreting of FMR at Brgy. San Juan, Apalit, Pampanga",25000000,0.448,2,0,HB 10858 Vol I-B p. 724,GAA-2025 · Department of Agriculture (DA) · Office of the Secretary,,,,not stated,not stated,,False
fmr,2027,HB10858-FMR-0724-028,"Construction of Capayahan-Marga-San Pablo Road FMR, Brgy. Capayahan,",25000000,2025,"Concreting of FMR at Brgy. San Pablo to Brgy. San Agustin, Magalang, Pampanga",35000000,0.447,3,-10000000,HB 10858 Vol I-B p. 724,GAA-2025 · Department of Agriculture (DA) · Office of the Secretary,,,,not stated,not stated,,False
fmr,2027,HB10858-FMR-0724-029,"Construction of Purok 3 to Purok 2 Brgy. Pungtod FMR, Brgy. Pungtod, Bacuag, Surigao del Norte",20000000,2025,"Concreting of Brgy. Cogon to Brgy. Libuak FMR (Phase II), Brgy. Cogon and Brgy. Libuak, Island Garden City of Samal, Davao del Norte",15000000,0.471,1,5000000,HB 10858 Vol I-B p. 724,GAA-2025 · Department of Agriculture (DA) · Office of the Secretary,,,,not stated,one side stated,Prior Phase 2 only,False
fmr,2027,HB10858-FMR-0724-029,"Construction of Purok 3 to Purok 2 Brgy. Pungtod FMR, Brgy. Pungtod, Bacuag, Surigao del Norte",20000000,2025,"Concreting of Brgy. San Vicente to Top Bridge FMR (Phase I), Brgy. San Vicente, Jabonga, Agusan Del Norte",45000000,0.465,2,-25000000,HB 10858 Vol I-B p. 724,GAA-2025 · Department of Agriculture (DA) · Office of the Secretary,,,,not stated,one side stated,Prior Phase 1 only,False
fmr,2027,HB10858-FMR-0724-029,"Construction of Purok 3 to Purok 2 Brgy. Pungtod FMR, Brgy. Pungtod, Bacuag, Surigao del Norte",20000000,2025,"Concreting of FMR at Brgy. Malativas to Brgy. San Roque, Panabo City, Davao del Norte",100000000,0.444,3,-80000000,HB 10858 Vol I-B p. 724,GAA-2025 · Department of Agriculture (DA) · Office of the Secretary,,,,not stated,not stated,,False
fmr,2027,HB10858-FMR-0726-001,"Construction of Brgy. Doro FMR, Brgy. Doro, Malimono, Surigao del Norte",15000000,2025,"Concreting of FMR at Brgy. Malativas to Brgy. San Roque, Panabo City, Davao del Norte",100000000,0.532,1,-85000000,HB 10858 Vol I-B p. 726,GAA-2025 · Department of Agriculture (DA) · Office of the Secretary,,,,not stated,not stated,,False
fmr,2027,HB10858-FMR-0726-001,"Construction of Brgy. Doro FMR, Brgy. Doro, Malimono, Surigao del Norte",15000000,2025,"Concreting of Brgy. Man-ogob FMR Phase II, Brgy. Man-ogob, San Vicente, Camarines Norte",50000000,0.494,2,-35000000,HB 10858 Vol I-B p. 726,GAA-2025 · Department of Agriculture (DA) · Office of the Secretary,,,,not stated,one side stated,Prior Phase 2 only,False
fmr,2027,HB10858-FMR-0726-001,"Construction of Brgy. Doro FMR, Brgy. Doro, Malimono, Surigao del Norte",15000000,2025,"Concreting of FMR at Sitio Malapat, Brgy. Baay, Labo, Camarines Norte",15000000,0.482,3,0,HB 10858 Vol I-B p. 726,GAA-2025 · Department of Agriculture (DA) · Office of the Secretary,,,,not stated,not stated,,False
fmr,2027,HB10858-FMR-0726-002,"Construction of Purok 2 Brgy. Cayawan FMR Phase II, Brgy. Cayawan, Malimono, Surigao del Norte",15000000,2025,"Concreting of Purok 2, Brgy. Cansinala FMR (Phase I), Brgy. Cansinala, Apalit, Pampanga",15000000,0.574,1,0,HB 10858 Vol I-B p. 726,GAA-2025 · Department of Agriculture (DA) · Office of the Secretary,,,,not stated,different tranche,Phase 2 vs 1,True
fmr,2027,HB10858-FMR-0726-002,"Construction of Purok 2 Brgy. Cayawan FMR Phase II, Brgy. Cayawan, Malimono, Surigao del Norte",15000000,2025,"Concreting of Purok 2, Brgy. Cansinala FMR Phase II, Brgy. Cansinala, Apalit, Pampanga",5000000,0.574,2,10000000,HB 10858 Vol I-B p. 726,GAA-2025 · Department of Agriculture (DA) · Office of the Secretary,,,,not stated,same tranche,,False
fmr,2027,HB10858-FMR-0726-002,"Construction of Purok 2 Brgy. Cayawan FMR Phase II, Brgy. Cayawan, Malimono, Surigao del Norte",15000000,2025,"Concreting of FMR at Brgy. Malativas to Brgy. San Roque, Panabo City, Davao del Norte",100000000,0.481,3,-85000000,HB 10858 Vol I-B p. 726,GAA-2025 · Department of Agriculture (DA) · Office of the Secretary,,,,not stated,one side stated,Current Phase 2 only,False
fmr,2027,HB10858-FMR-0726-003,"Construction of Brgy. Caglayag, Carrascal to Brgy. Consuelo, Cantilan FMR, Carrascal, Surigao del Sur",30000000,2025,"Concreting of FMR at NRJ Brgy. Pasta to Brgy. Buenasuerte, San Franscisco, Agusan Del Sur",10000000,0.52,1,20000000,HB 10858 Vol I-B p. 726,GAA-2025 · Department of Agriculture (DA) · Office of the Secretary,,,,not stated,not stated,,False
fmr,2027,HB10858-FMR-0726-003,"Construction of Brgy. Caglayag, Carrascal to Brgy. Consuelo, Cantilan FMR, Carrascal, Surigao del Sur",30000000,2025,"Concreting of Purok 8 to Sitio Manangahon to Sitio Palo, Brgy. Mate FMR (Phase II), San Francisco, Agusan del Sur",15000000,0.459,2,15000000,HB 10858 Vol I-B p. 726,GAA-2025 · Department of Agriculture (DA) · Office of the Secretary,,,,not stated,one side stated,Prior Phase 2 only,False
fmr,2027,HB10858-FMR-0726-003,"Construction of Brgy. Caglayag, Carrascal to Brgy. Consuelo, Cantilan FMR, Carrascal, Surigao del Sur",30000000,2025,Farm-to-Market Road (FMR) Network Planning and Monitoring Services,2344000,0.268,3,27656000,HB 10858 Vol I-B p. 726,GAA-2025 · Department of Agriculture (DA) · Office of the Secretary,,,,not stated,not stated,,False
fmr,2027,HB10858-FMR-0726-004,"Construction of Brgy. Cagtinae FMR Phase II, Brgy. Cagtinae, Malimono, Surigao del Norte",20000000,2025,"Concreting of FMR at Brgy. Malativas to Brgy. San Roque, Panabo City, Davao del Norte",100000000,0.49,1,-80000000,HB 10858 Vol I-B p. 726,GAA-2025 · Department of Agriculture (DA) · Office of the Secretary,,,,not stated,one side stated,Current Phase 2 only,False
fmr,2027,HB10858-FMR-0726-004,"Construction of Brgy. Cagtinae FMR Phase II, Brgy. Cagtinae, Malimono, Surigao del Norte",20000000,2025,"Concreting of Brgy. Cogon to Brgy. Libuak FMR (Phase II), Brgy. Cogon and Brgy. Libuak, Island Garden City of Samal, Davao del Norte",15000000,0.463,2,5000000,HB 10858 Vol I-B p. 726,GAA-2025 · Department of Agriculture (DA) · Office of the Secretary,,,,not stated,same tranche,,False
fmr,2027,HB10858-FMR-0726-004,"Construction of Brgy. Cagtinae FMR Phase II, Brgy. Cagtinae, Malimono, Surigao del Norte",20000000,2025,"Concreting of FMR at Sitio Malapat, Brgy. Baay, Labo, Camarines Norte",15000000,0.462,3,5000000,HB 10858 Vol I-B p. 726,GAA-2025 · Department of Agriculture (DA) · Office of the Secretary,,,,not stated,one side stated,Current Phase 2 only,False
fmr,2027,HB10858-FMR-0726-005,"Construction of Purok 3 Brgy. Camboayon FMR, Brgy. Camboayon, Gigaquit, Surigao del Norte",20000000,2025,"Concreting of Brgy. Cogon to Brgy. Libuak FMR (Phase II), Brgy. Cogon and Brgy. Libuak, Island Garden City of Samal, Davao del Norte",15000000,0.489,1,5000000,HB 10858 Vol I-B p. 726,GAA-2025 · Department of Agriculture (DA) · Office of the Secretary,,,,not stated,one side stated,Prior Phase 2 only,False
fmr,2027,HB10858-FMR-0726-005,"Construction of Purok 3 Brgy. Camboayon FMR, Brgy. Camboayon, Gigaquit, Surigao del Norte",20000000,2025,"Concreting of Purok 2, Brgy. Cansinala FMR (Phase I), Brgy. Cansinala, Apalit, Pampanga",15000000,0.476,2,5000000,HB 10858 Vol I-B p. 726,GAA-2025 · Department of Agriculture (DA) · Office of the Secretary,,,,not stated,one side stated,Prior Phase 1 only,False
fmr,2027,HB10858-FMR-0726-005,"Construction of Purok 3 Brgy. Camboayon FMR, Brgy. Camboayon, Gigaquit, Surigao del Norte",20000000,2025,"Concreting of Purok 2, Brgy. Cansinala FMR Phase II, Brgy. Cansinala, Apalit, Pampanga",5000000,0.476,3,15000000,HB 10858 Vol I-B p. 726,GAA-2025 · Department of Agriculture (DA) · Office of the Secretary,,,,not stated,one side stated,Prior Phase 2 only,False
fmr,2027,HB10858-FMR-0726-006,"Construction of Brgy. Lahi FMR, Brgy. Lahi, Gigaquit, Surigao del Norte",20000000,2025,"Concreting of FMR at Brgy. Malativas to Brgy. San Roque, Panabo City, Davao del Norte",100000000,0.553,1,-80000000,HB 10858 Vol I-B p. 726,GAA-2025 · Department of Agriculture (DA) · Office of the Secretary,,,,not stated,not stated,,False
fmr,2027,HB10858-FMR-0726-006,"Construction of Brgy. Lahi FMR, Brgy. Lahi, Gigaquit, Surigao del Norte",20000000,2025,"Concreting of FMR at Brgy. Binatagan, Basud, Camarines Norte",30000000,0.507,2,-10000000,HB 10858 Vol I-B p. 726,GAA-2025 · Department of Agriculture (DA) · Office of the Secretary,,,,not stated,not stated,,False
fmr,2027,HB10858-FMR-0726-006,"Construction of Brgy. Lahi FMR, Brgy. Lahi, Gigaquit, Surigao del Norte",20000000,2025,"Concreting of Brgy. Cogon to Brgy. Libuak FMR (Phase II), Brgy. Cogon and Brgy. Libuak, Island Garden City of Samal, Davao del Norte",15000000,0.496,3,5000000,HB 10858 Vol I-B p. 726,GAA-2025 · Department of Agriculture (DA) · Office of the Secretary,,,,not stated,one side stated,Prior Phase 2 only,False
fmr,2027,HB10858-FMR-0726-007,"Construction of NRJ Purok Sun Flower, Brgy. Gamut FMR Phase II, Brgy. Gamut, Tago, Surigao del Sur",30000000,2025,"Concreting of Purok 8 to Sitio Manangahon to Sitio Palo, Brgy. Mate FMR (Phase II), San Francisco, Agusan del Sur",15000000,0.456,1,15000000,HB 10858 Vol I-B p. 726,GAA-2025 · Department of Agriculture (DA) · Office of the Secretary,,,,not stated,same tranche,,False
fmr,2027,HB10858-FMR-0726-007,"Construction of NRJ Purok Sun Flower, Brgy. Gamut FMR Phase II, Brgy. Gamut, Tago, Surigao del Sur",30000000,2025,"Concreting of FMR at NRJ Brgy. Pasta to Brgy. Buenasuerte, San Franscisco, Agusan Del Sur",10000000,0.452,2,20000000,HB 10858 Vol I-B p. 726,GAA-2025 · Department of Agriculture (DA) · Office of the Secretary,,,,not stated,one side stated,Current Phase 2 only,False
fmr,2027,HB10858-FMR-0726-007,"Construction of NRJ Purok Sun Flower, Brgy. Gamut FMR Phase II, Brgy. Gamut, Tago, Surigao del Sur",30000000,2025,"Concreting of Purok Balite to Crossing Bungot, Brgy. San Jose FMR (Phase II), Brgy. San Jose, Norala, South Cotabato",15000000,0.364,3,15000000,HB 10858 Vol I-B p. 726,GAA-2025 · Department of Agriculture (DA) · Office of the Secretary,,,,not stated,same tranche,,False
fmr,2027,HB10858-FMR-0726-008,"Concreting of Purok 6- Purok 7 FMR, Brgy. Bonbon, Butuan City",15000000,2025,"Concreting of FMR at Purok 6 Phase 3, Brgy. Lunzuran, Zamboanga City",15000000,0.575,1,0,HB 10858 Vol I-B p. 726,GAA-2025 · Department of Agriculture (DA) · Office of the Secretary,,,,not stated,one side stated,Prior Phase 3 only,False
fmr,2027,HB10858-FMR-0726-008,"Concreting of Purok 6- Purok 7 FMR, Brgy. Bonbon, Butuan City",15000000,2025,"Concreting of Brgy. Sudlon II FMR (Phase II), Brgy. Sudlon II, Cebu City, Cebu",15000000,0.474,2,0,HB 10858 Vol I-B p. 726,GAA-2025 · Department of Agriculture (DA) · Office of the Secretary,,,,not stated,one side stated,Prior Phase 2 only,False
fmr,2027,HB10858-FMR-0726-008,"Concreting of Purok 6- Purok 7 FMR, Brgy. Bonbon, Butuan City",15000000,2025,"Concreting of Malundon FMR at Brgy. Bulo, Tabuk City, Kalinga",20000000,0.459,3,-5000000,HB 10858 Vol I-B p. 726,GAA-2025 · Department of Agriculture (DA) · Office of the Secretary,,,,not stated,not stated,,False
fmr,2027,HB10858-FMR-0726-009,"Concreting of NRJ Purok 4, Brgy. De Oro - Bugsukan FMR, Butuan City",30000000,2025,"Concreting of FMR at Purok 6 Phase 3, Brgy. Lunzuran, Zamboanga City",15000000,0.564,1,15000000,HB 10858 Vol I-B p. 726,GAA-2025 · Department of Agriculture (DA) · Office of the Secretary,,,,not stated,one side stated,Prior Phase 3 only,False
fmr,2027,HB10858-FMR-0726-009,"Concreting of NRJ Purok 4, Brgy. De Oro - Bugsukan FMR, Butuan City",30000000,2025,"Concreting of Purok 7-Purok 15, Brgy. Mabuhay FMR (Phase V), Brgy. Mabuhay, General Santos City, South Cotabato",15000000,0.456,2,15000000,HB 10858 Vol I-B p. 726,GAA-2025 · Department of Agriculture (DA) · Office of the Secretary,,,,not stated,one side stated,Prior Phase 5 only,False
fmr,2027,HB10858-FMR-0726-009,"Concreting of NRJ Purok 4, Brgy. De Oro - Bugsukan FMR, Butuan City",30000000,2025,"Concreting of FMR at Purok 5 Boundary Lumbangan Exit Lunzuran Phase III, Zamboanga City",15000000,0.451,3,15000000,HB 10858 Vol I-B p. 726,GAA-2025 · Department of Agriculture (DA) · Office of the Secretary,,,,not stated,one side stated,Prior Phase 3 only,False
fmr,2027,HB10858-FMR-0726-010,"Concreting of Brgy. Montag Phase II FMR, Brgy. Montag, Basilisa, Dinagat Islands",13200000,2025,"Concreting of Brgy. Mabaca FMR Phase II, Brgy. Mabaca, Balbalan, Kalinga",10000000,0.447,1,3200000,HB 10858 Vol I-B p. 726,GAA-2025 · Department of Agriculture (DA) · Office of the Secretary,,,,not stated,same tranche,,False
fmr,2027,HB10858-FMR-0726-010,"Concreting of Brgy. Montag Phase II FMR, Brgy. Montag, Basilisa, Dinagat Islands",13200000,2025,"Concreting of Brgy. Catacte FMR Brgy. Catacte, Bustos, Bulacan",5000000,0.447,2,8200000,HB 10858 Vol I-B p. 726,GAA-2025 · Department of Agriculture (DA) · Office of the Secretary,,,,not stated,one side stated,Current Phase 2 only,False
fmr,2027,HB10858-FMR-0726-010,"Concreting of Brgy. Montag Phase II FMR, Brgy. Montag, Basilisa, Dinagat Islands",13200000,2025,"Concreting of FMR at Brgy. Inirangan, Bayambang, Pangasinan",10000000,0.395,3,3200000,HB 10858 Vol I-B p. 726,GAA-2025 · Department of Agriculture (DA) · Office of the Secretary,,,,not stated,one side stated,Current Phase 2 only,False
fmr,2027,HB10858-FMR-0726-011,"Concreting of Bag-ao Village to Brgy. Santiago FMR, Brgy. Santiago, Loreto, Dinagat Islands",25000000,2025,Farm-to-Market Road (FMR) Network Planning and Monitoring Services,2344000,0.305,1,22656000,HB 10858 Vol I-B p. 726,GAA-2025 · Department of Agriculture (DA) · Office of the Secretary,,,,not stated,not stated,,False
fmr,2027,HB10858-FMR-0726-011,"Concreting of Bag-ao Village to Brgy. Santiago FMR, Brgy. Santiago, Loreto, Dinagat Islands",25000000,2025,Farm-to-Market Road (FMR) Network Planning and Monitoring Services,7537000,0.305,2,17463000,HB 10858 Vol I-B p. 726,GAA-2025 · Department of Agriculture (DA) · Office of the Secretary,,,,not stated,not stated,,False
fmr,2027,HB10858-FMR-0726-011,"Concreting of Bag-ao Village to Brgy. Santiago FMR, Brgy. Santiago, Loreto, Dinagat Islands",25000000,2025,Farm-to-Market Road (FMR) Network Planning and Monitoring Services,185000,0.305,3,24815000,HB 10858 Vol I-B p. 726,GAA-2025 · Department of Agriculture (DA) · Office of the Secretary,,,,not stated,not stated,,False
fmr,2027,HB10858-FMR-0726-012,"Construction of P-3 Brgy. Mabini to Sitio Tagbasinga, Brgy. Mat-I FMR, Surigao City, Surigao del Norte",30000000,2025,"Concreting of FMR at Brgy. Malativas to Brgy. San Roque, Panabo City, Davao del Norte",100000000,0.512,1,-70000000,HB 10858 Vol I-B p. 726,GAA-2025 · Department of Agriculture (DA) · Office of the Secretary,,,,not stated,not stated,,False
fmr,2027,HB10858-FMR-0726-012,"Construction of P-3 Brgy. Mabini to Sitio Tagbasinga, Brgy. Mat-I FMR, Surigao City, Surigao del Norte",30000000,2025,"Concreting of FMR at Sitio Malapat, Brgy. Baay, Labo, Camarines Norte",15000000,0.474,2,15000000,HB 10858 Vol I-B p. 726,GAA-2025 · Department of Agriculture (DA) · Office of the Secretary,,,,not stated,not stated,,False
fmr,2027,HB10858-FMR-0726-012,"Construction of P-3 Brgy. Mabini to Sitio Tagbasinga, Brgy. Mat-I FMR, Surigao City, Surigao del Norte",30000000,2025,"Concreting of Brgy. Cogon to Brgy. Libuak FMR (Phase II), Brgy. Cogon and Brgy. Libuak, Island Garden City of Samal, Davao del Norte",15000000,0.472,3,15000000,HB 10858 Vol I-B p. 726,GAA-2025 · Department of Agriculture (DA) · Office of the Secretary,,,,not stated,one side stated,Prior Phase 2 only,False
nia,2027,HB10858-NIA-0570-001,"Sta. Filomena Irrigation Project, Cagayan",250000000,2025,Restoration of Communal Irrigation Systems,1116664000,0.417,1,-866664000,HB 10858 Vol I-B p. 570,GAA-2025 · Budgetary Support to Government Corporations (BSGC) · National Irrigation Administration,,,,not stated,not stated,,False
nia,2027,HB10858-NIA-0570-001,"Sta. Filomena Irrigation Project, Cagayan",250000000,2025,"Calapangan Small Reservoir Irrigation Project (SRIP), Cagayan",400000000,0.407,2,-150000000,HB 10858 Vol I-B p. 570,GAA-2025 · Budgetary Support to Government Corporations (BSGC) · National Irrigation Administration,,,,not stated,not stated,,False
nia,2027,HB10858-NIA-0570-001,"Sta. Filomena Irrigation Project, Cagayan",250000000,2025,Heavy Equipment Procurement for Irrigation System,800000000,0.383,3,-550000000,HB 10858 Vol I-B p. 570,GAA-2025 · Budgetary Support to Government Corporations (BSGC) · National Irrigation Administration,,,,not stated,not stated,,False
nia,2027,HB10858-NIA-0570-002,"Cabiao Water Impounding Project, Nueva Ecija",500000000,2025,"Cabano Small Reservoir Irrigation Project (SRIP), Guimaras",100000000,0.394,1,400000000,HB 10858 Vol I-B p. 570,GAA-2025 · Budgetary Support to Government Corporations (BSGC) · National Irrigation Administration,,,,not stated,not stated,,False
nia,2027,HB10858-NIA-0570-002,"Cabiao Water Impounding Project, Nueva Ecija",500000000,2025,"Upi Integrated River Irrigation Project, Maguindanao",200000000,0.358,2,300000000,HB 10858 Vol I-B p. 570,GAA-2025 · Budgetary Support to Government Corporations (BSGC) · National Irrigation Administration,,,,not stated,not stated,,False
nia,2027,HB10858-NIA-0570-002,"Cabiao Water Impounding Project, Nueva Ecija",500000000,2025,"Imelda Irrigation Project (formerly Lower Sibuguey II RIS Extension Project), Zamboanga Sibugay",100000000,0.356,3,400000000,HB 10858 Vol I-B p. 570,GAA-2025 · Budgetary Support to Government Corporations (BSGC) · National Irrigation Administration,,,,not stated,not stated,,False
nia,2027,HB10858-NIA-0570-003,"Abuan River Irrigation Project, Isabela",100000000,2025,"Libang River Irrigation Project, Agusan del Sur",165000000,0.609,1,-65000000,HB 10858 Vol I-B p. 570,GAA-2025 · Budgetary Support to Government Corporations (BSGC) · National Irrigation Administration,,,,not stated,not stated,,False
nia,2027,HB10858-NIA-0570-003,"Abuan River Irrigation Project, Isabela",100000000,2025,"Lower Apayao River Irrigation Project, Apayao",100000000,0.5,2,0,HB 10858 Vol I-B p. 570,GAA-2025 · Budgetary Support to Government Corporations (BSGC) · National Irrigation Administration,,,,not stated,not stated,,False
nia,2027,HB10858-NIA-0570-003,"Abuan River Irrigation Project, Isabela",100000000,2025,"Tanjay - Bais River Irrigation Project, Negros Oriental",236958000,0.462,3,-136958000,HB 10858 Vol I-B p. 570,GAA-2025 · Budgetary Support to Government Corporations (BSGC) · National Irrigation Administration,,,,not stated,not stated,,False
nia,2027,HB10858-NIA-0570-004,"East Apayao-Abulug Irrigation System and Extension Project, Cagayan",100000000,2025,"Lower Apayao River Irrigation Project, Apayao",100000000,0.51,1,0,HB 10858 Vol I-B p. 570,GAA-2025 · Budgetary Support to Government Corporations (BSGC) · National Irrigation Administration,,,,not stated,not stated,,False
nia,2027,HB10858-NIA-0570-004,"East Apayao-Abulug Irrigation System and Extension Project, Cagayan",100000000,2025,"Bayabas Irrigation Project, Bulacan",300000000,0.488,2,-200000000,HB 10858 Vol I-B p. 570,GAA-2025 · Budgetary Support to Government Corporations (BSGC) · National Irrigation Administration,,,,not stated,not stated,,False
nia,2027,HB10858-NIA-0570-004,"East Apayao-Abulug Irrigation System and Extension Project, Cagayan",100000000,2025,"Calapangan Small Reservoir Irrigation Project (SRIP), Cagayan",400000000,0.462,3,-300000000,HB 10858 Vol I-B p. 570,GAA-2025 · Budgetary Support to Government Corporations (BSGC) · National Irrigation Administration,,,,not stated,not stated,,False
nia,2027,HB10858-NIA-0570-005,"Alimit Dam Multipurpose Irrigation Project, Isabela",500000000,2025,Irrigation Management Transfer Support Services - Proper,396442000,0.378,1,103558000,HB 10858 Vol I-B p. 570,GAA-2025 · Budgetary Support to Government Corporations (BSGC) · National Irrigation Administration,,,,not stated,not stated,,False
nia,2027,HB10858-NIA-0570-005,"Alimit Dam Multipurpose Irrigation Project, Isabela",500000000,2025,Establishment of Pump Irrigation Project (EPIP),22882500000,0.37,2,-22382500000,HB 10858 Vol I-B p. 570,GAA-2025 · Budgetary Support to Government Corporations (BSGC) · National Irrigation Administration,,,,not stated,not stated,,False
nia,2027,HB10858-NIA-0570-005,"Alimit Dam Multipurpose Irrigation Project, Isabela",500000000,2025,"Imelda Irrigation Project (formerly Lower Sibuguey II RIS Extension Project), Zamboanga Sibugay",100000000,0.349,3,400000000,HB 10858 Vol I-B p. 570,GAA-2025 · Budgetary Support to Government Corporations (BSGC) · National Irrigation Administration,,,,not stated,not stated,,False
nia,2027,HB10858-NIA-0570-006,"Ilaguen Multipurpose Irrigation & Hydropower Plant Project, Isabela",500000000,2025,Irrigation Management Transfer Support Services - Proper,396442000,0.386,1,103558000,HB 10858 Vol I-B p. 570,GAA-2025 · Budgetary Support to Government Corporations (BSGC) · National Irrigation Administration,,,,not stated,not stated,,False
nia,2027,HB10858-NIA-0570-006,"Ilaguen Multipurpose Irrigation & Hydropower Plant Project, Isabela",500000000,2025,"Lower Apayao River Irrigation Project, Apayao",100000000,0.343,2,400000000,HB 10858 Vol I-B p. 570,GAA-2025 · Budgetary Support to Government Corporations (BSGC) · National Irrigation Administration,,,,not stated,not stated,,False
nia,2027,HB10858-NIA-0570-006,"Ilaguen Multipurpose Irrigation & Hydropower Plant Project, Isabela",500000000,2025,"Imelda Irrigation Project (formerly Lower Sibuguey II RIS Extension Project), Zamboanga Sibugay",100000000,0.32,3,400000000,HB 10858 Vol I-B p. 570,GAA-2025 · Budgetary Support to Government Corporations (BSGC) · National Irrigation Administration,,,,not stated,not stated,,False
nia,2027,HB10858-NIA-0570-007,"Macalelon Small Reservoir Irrigation Project (SRIP), Quezon",200000000,2025,"Lopez Small Reservoir Irrigation Project (SRIP), Quezon",400000000,0.857,1,-200000000,HB 10858 Vol I-B p. 570,GAA-2025 · Budgetary Support to Government Corporations (BSGC) · National Irrigation Administration,,,,not stated,not stated,,False
nia,2027,HB10858-NIA-0570-007,"Macalelon Small Reservoir Irrigation Project (SRIP), Quezon",200000000,2025,"Hibale Small Reservoir Irrigation Project (SRIP), Bohol",100000000,0.743,2,100000000,HB 10858 Vol I-B p. 570,GAA-2025 · Budgetary Support to Government Corporations (BSGC) · National Irrigation Administration,,,,not stated,not stated,,False
nia,2027,HB10858-NIA-0570-007,"Macalelon Small Reservoir Irrigation Project (SRIP), Quezon",200000000,2025,"Calunasan Small Reservoir Irrigation Project (SRIP), Bohol",16355000,0.74,3,183645000,HB 10858 Vol I-B p. 570,GAA-2025 · Budgetary Support to Government Corporations (BSGC) · National Irrigation Administration,,,,not stated,not stated,,False
nia,2027,HB10858-NIA-0570-008,"Bagtingon Small Reservoir Irrigation Project (SRIP), Marinduque",300000000,2025,"Bagtingon Small Reservoir Irrigation Project (SRIP), Marinduque",100000000,1.0,1,200000000,HB 10858 Vol I-B p. 570,GAA-2025 · Budgetary Support to Government Corporations (BSGC) · National Irrigation Administration,,,,not stated,not stated,,False
nia,2027,HB10858-NIA-0570-008,"Bagtingon Small Reservoir Irrigation Project (SRIP), Marinduque",300000000,2025,"Cabangan Small Reservoir Irrigation Project (SRIP), Zambales",500000000,0.759,2,-200000000,HB 10858 Vol I-B p. 570,GAA-2025 · Budgetary Support to Government Corporations (BSGC) · National Irrigation Administration,,,,not stated,not stated,,False
nia,2027,HB10858-NIA-0570-008,"Bagtingon Small Reservoir Irrigation Project (SRIP), Marinduque",300000000,2025,"Cabano Small Reservoir Irrigation Project (SRIP), Guimaras",100000000,0.753,3,200000000,HB 10858 Vol I-B p. 570,GAA-2025 · Budgetary Support to Government Corporations (BSGC) · National Irrigation Administration,,,,not stated,not stated,,False
nia,2027,HB10858-NIA-0570-009,"Cabano Small Reservoir Irrigation Project (SRIP), Guimaras",130000000,2025,"Cabano Small Reservoir Irrigation Project (SRIP), Guimaras",100000000,1.0,1,30000000,HB 10858 Vol I-B p. 570,GAA-2025 · Budgetary Support to Government Corporations (BSGC) · National Irrigation Administration,,,,not stated,not stated,,False
nia,2027,HB10858-NIA-0570-009,"Cabano Small Reservoir Irrigation Project (SRIP), Guimaras",130000000,2025,"Cabangan Small Reservoir Irrigation Project (SRIP), Zambales",500000000,0.811,2,-370000000,HB 10858 Vol I-B p. 570,GAA-2025 · Budgetary Support to Government Corporations (BSGC) · National Irrigation Administration,,,,not stated,not stated,,False
nia,2027,HB10858-NIA-0570-009,"Cabano Small Reservoir Irrigation Project (SRIP), Guimaras",130000000,2025,"Calapangan Small Reservoir Irrigation Project (SRIP), Cagayan",400000000,0.773,3,-270000000,HB 10858 Vol I-B p. 570,GAA-2025 · Budgetary Support to Government Corporations (BSGC) · National Irrigation Administration,,,,not stated,not stated,,False
nia,2027,HB10858-NIA-0570-010,"Tulunan Small Reservoir Irrigation Project (SRIP), North Cotabato",850000000,2025,"Tulunan Small Reservoir Irrigation Project (SRIP), North Cotabato",300000000,1.0,1,550000000,HB 10858 Vol I-B p. 570,GAA-2025 · Budgetary Support to Government Corporations (BSGC) · National Irrigation Administration,,,,not stated,not stated,,False
nia,2027,HB10858-NIA-0570-010,"Tulunan Small Reservoir Irrigation Project (SRIP), North Cotabato",850000000,2025,"Calunasan Small Reservoir Irrigation Project (SRIP), Bohol",16355000,0.759,2,833645000,HB 10858 Vol I-B p. 570,GAA-2025 · Budgetary Support to Government Corporations (BSGC) · National Irrigation Administration,,,,not stated,not stated,,False
nia,2027,HB10858-NIA-0570-010,"Tulunan Small Reservoir Irrigation Project (SRIP), North Cotabato",850000000,2025,"Bayuyan Small Reservoir Irrigation Project (SRIP), Capiz",69750000,0.701,3,780250000,HB 10858 Vol I-B p. 570,GAA-2025 · Budgetary Support to Government Corporations (BSGC) · National Irrigation Administration,,,,not stated,not stated,,False
nia,2027,HB10858-NIA-0570-011,"Dumuloc Small Reservoir Irrigation Project (SRIP), Pangasinan",400000000,2025,"Dumuloc Small Reservoir Irrigation Project (SRIP), Pangasinan",50000000,1.0,1,350000000,HB 10858 Vol I-B p. 570,GAA-2025 · Budgetary Support to Government Corporations (BSGC) · National Irrigation Administration,,,,not stated,not stated,,False
nia,2027,HB10858-NIA-0570-011,"Dumuloc Small Reservoir Irrigation Project (SRIP), Pangasinan",400000000,2025,"Lopez Small Reservoir Irrigation Project (SRIP), Quezon",400000000,0.694,2,0,HB 10858 Vol I-B p. 570,GAA-2025 · Budgetary Support to Government Corporations (BSGC) · National Irrigation Administration,,,,not stated,not stated,,False
nia,2027,HB10858-NIA-0570-011,"Dumuloc Small Reservoir Irrigation Project (SRIP), Pangasinan",400000000,2025,"Cabano Small Reservoir Irrigation Project (SRIP), Guimaras",100000000,0.693,3,300000000,HB 10858 Vol I-B p. 570,GAA-2025 · Budgetary Support to Government Corporations (BSGC) · National Irrigation Administration,,,,not stated,not stated,,False
nia,2027,HB10858-NIA-0570-012,"Balasig Small Reservoir Irrigation Project (SRIP), Isabela",200000000,2025,"Hibale Small Reservoir Irrigation Project (SRIP), Bohol",100000000,0.783,1,100000000,HB 10858 Vol I-B p. 570,GAA-2025 · Budgetary Support to Government Corporations (BSGC) · National Irrigation Administration,,,,not stated,not stated,,False
nia,2027,HB10858-NIA-0570-012,"Balasig Small Reservoir Irrigation Project (SRIP), Isabela",200000000,2025,"Calunasan Small Reservoir Irrigation Project (SRIP), Bohol",16355000,0.778,2,183645000,HB 10858 Vol I-B p. 570,GAA-2025 · Budgetary Support to Government Corporations (BSGC) · National Irrigation Administration,,,,not stated,not stated,,False
nia,2027,HB10858-NIA-0570-012,"Balasig Small Reservoir Irrigation Project (SRIP), Isabela",200000000,2025,"Calapangan Small Reservoir Irrigation Project (SRIP), Cagayan",400000000,0.747,3,-200000000,HB 10858 Vol I-B p. 570,GAA-2025 · Budgetary Support to Government Corporations (BSGC) · National Irrigation Administration,,,,not stated,not stated,,False
nia,2027,HB10858-NIA-0570-013,"Calapangan Small Reservoir Irrigation Project (SRIP), Cagayan",300000000,2025,"Calapangan Small Reservoir Irrigation Project (SRIP), Cagayan",400000000,1.0,1,-100000000,HB 10858 Vol I-B p. 570,GAA-2025 · Budgetary Support to Government Corporations (BSGC) · National Irrigation Administration,,,,not stated,not stated,,False
nia,2027,HB10858-NIA-0570-013,"Calapangan Small Reservoir Irrigation Project (SRIP), Cagayan",300000000,2025,"Cabangan Small Reservoir Irrigation Project (SRIP), Zambales",500000000,0.805,2,-200000000,HB 10858 Vol I-B p. 570,GAA-2025 · Budgetary Support to Government Corporations (BSGC) · National Irrigation Administration,,,,not stated,not stated,,False
nia,2027,HB10858-NIA-0570-013,"Calapangan Small Reservoir Irrigation Project (SRIP), Cagayan",300000000,2025,"Cabacanan Small Reservoir Irrigation Project (SRIP), Ilocos Norte",100000000,0.756,3,200000000,HB 10858 Vol I-B p. 570,GAA-2025 · Budgetary Support to Government Corporations (BSGC) · National Irrigation Administration,,,,not stated,not stated,,False
nia,2027,HB10858-NIA-0570-014,"Linoan Small Reservoir Irrigation Project (SRIP), Davao de Oro",214000000,2025,"Calunasan Small Reservoir Irrigation Project (SRIP), Bohol",16355000,0.737,1,197645000,HB 10858 Vol I-B p. 570,GAA-2025 · Budgetary Support to Government Corporations (BSGC) · National Irrigation Administration,,,,not stated,not stated,,False
nia,2027,HB10858-NIA-0570-014,"Linoan Small Reservoir Irrigation Project (SRIP), Davao de Oro",214000000,2025,"Cabangan Small Reservoir Irrigation Project (SRIP), Zambales",500000000,0.718,2,-286000000,HB 10858 Vol I-B p. 570,GAA-2025 · Budgetary Support to Government Corporations (BSGC) · National Irrigation Administration,,,,not stated,not stated,,False
nia,2027,HB10858-NIA-0570-014,"Linoan Small Reservoir Irrigation Project (SRIP), Davao de Oro",214000000,2025,"Calapangan Small Reservoir Irrigation Project (SRIP), Cagayan",400000000,0.709,3,-186000000,HB 10858 Vol I-B p. 570,GAA-2025 · Budgetary Support to Government Corporations (BSGC) · National Irrigation Administration,,,,not stated,not stated,,False
nia,2027,HB10858-NIA-0570-015,"Cabacanan Small Reservoir Irrigation Project (SRIP), Ilocos Norte",100000000,2025,"Cabacanan Small Reservoir Irrigation Project (SRIP), Ilocos Norte",100000000,1.0,1,0,HB 10858 Vol I-B p. 570,GAA-2025 · Budgetary Support to Government Corporations (BSGC) · National Irrigation Administration,,,,not stated,not stated,,False
nia,2027,HB10858-NIA-0570-015,"Cabacanan Small Reservoir Irrigation Project (SRIP), Ilocos Norte",100000000,2025,"Cabangan Small Reservoir Irrigation Project (SRIP), Zambales",500000000,0.765,2,-400000000,HB 10858 Vol I-B p. 570,GAA-2025 · Budgetary Support to Government Corporations (BSGC) · National Irrigation Administration,,,,not stated,not stated,,False
nia,2027,HB10858-NIA-0570-015,"Cabacanan Small Reservoir Irrigation Project (SRIP), Ilocos Norte",100000000,2025,"Calapangan Small Reservoir Irrigation Project (SRIP), Cagayan",400000000,0.756,3,-300000000,HB 10858 Vol I-B p. 570,GAA-2025 · Budgetary Support to Government Corporations (BSGC) · National Irrigation Administration,,,,not stated,not stated,,False
nia,2027,HB10858-NIA-0570-016,"Tumauini River Multipurpose Project, Isabela",1000000000,2025,"Tanjay - Bais River Irrigation Project, Negros Oriental",236958000,0.471,1,763042000,HB 10858 Vol I-B p. 570,GAA-2025 · Budgetary Support to Government Corporations (BSGC) · National Irrigation Administration,,,,not stated,not stated,,False
nia,2027,HB10858-NIA-0570-016,"Tumauini River Multipurpose Project, Isabela",1000000000,2025,"Lebak Integrated River Irrigation Project, Sultan Kudarat",150000000,0.444,2,850000000,HB 10858 Vol I-B p. 570,GAA-2025 · Budgetary Support to Government Corporations (BSGC) · National Irrigation Administration,,,,not stated,not stated,,False
nia,2027,HB10858-NIA-0570-016,"Tumauini River Multipurpose Project, Isabela",1000000000,2025,"Libang River Irrigation Project, Agusan del Sur",165000000,0.419,3,835000000,HB 10858 Vol I-B p. 570,GAA-2025 · Budgetary Support to Government Corporations (BSGC) · National Irrigation Administration,,,,not stated,not stated,,False
nia,2027,HB10858-NIA-0570-017,"San Felipe Small Reservoir Irrigation Project (SRIP), La Union",100000000,2025,"San Felipe Small Reservoir Irrigation Project (SRIP), La Union",50000000,1.0,1,50000000,HB 10858 Vol I-B p. 570,GAA-2025 · Budgetary Support to Government Corporations (BSGC) · National Irrigation Administration,,,,not stated,not stated,,False
nia,2027,HB10858-NIA-0570-017,"San Felipe Small Reservoir Irrigation Project (SRIP), La Union",100000000,2025,"Lopez Small Reservoir Irrigation Project (SRIP), Quezon",400000000,0.767,2,-300000000,HB 10858 Vol I-B p. 570,GAA-2025 · Budgetary Support to Government Corporations (BSGC) · National Irrigation Administration,,,,not stated,not stated,,False
nia,2027,HB10858-NIA-0570-017,"San Felipe Small Reservoir Irrigation Project (SRIP), La Union",100000000,2025,"Hibale Small Reservoir Irrigation Project (SRIP), Bohol",100000000,0.712,3,0,HB 10858 Vol I-B p. 570,GAA-2025 · Budgetary Support to Government Corporations (BSGC) · National Irrigation Administration,,,,not stated,not stated,,False
nia,2027,HB10858-NIA-0570-018,"Panay River Basin Integrated Development Project, Iloilo & Capiz",100000000,2025,"Tanjay - Bais River Irrigation Project, Negros Oriental",236958000,0.488,1,-136958000,HB 10858 Vol I-B p. 570,GAA-2025 · Budgetary Support to Government Corporations (BSGC) · National Irrigation Administration,,,,not stated,not stated,,False
nia,2027,HB10858-NIA-0570-018,"Panay River Basin Integrated Development Project, Iloilo & Capiz",100000000,2025,"Lebak Integrated River Irrigation Project, Sultan Kudarat",150000000,0.444,2,-50000000,HB 10858 Vol I-B p. 570,GAA-2025 · Budgetary Support to Government Corporations (BSGC) · National Irrigation Administration,,,,not stated,not stated,,False
nia,2027,HB10858-NIA-0570-018,"Panay River Basin Integrated Development Project, Iloilo & Capiz",100000000,2025,"Libang River Irrigation Project, Agusan del Sur",165000000,0.425,3,-65000000,HB 10858 Vol I-B p. 570,GAA-2025 · Budgetary Support to Government Corporations (BSGC) · National Irrigation Administration,,,,not stated,not stated,,False
nia,2027,HB10858-NIA-0570-019,"Balog - Balog Multipurpose Project Phase II, Tarlac",1000000000,2025,"Cabano Small Reservoir Irrigation Project (SRIP), Guimaras",100000000,0.418,1,900000000,HB 10858 Vol I-B p. 570,GAA-2025 · Budgetary Support to Government Corporations (BSGC) · National Irrigation Administration,,,,not stated,one side stated,Current Phase 2 only,False
nia,2027,HB10858-NIA-0570-019,"Balog - Balog Multipurpose Project Phase II, Tarlac",1000000000,2025,"Tanjay - Bais River Irrigation Project, Negros Oriental",236958000,0.375,2,763042000,HB 10858 Vol I-B p. 570,GAA-2025 · Budgetary Support to Government Corporations (BSGC) · National Irrigation Administration,,,,not stated,one side stated,Current Phase 2 only,False
nia,2027,HB10858-NIA-0570-019,"Balog - Balog Multipurpose Project Phase II, Tarlac",1000000000,2025,"Lebak Integrated River Irrigation Project, Sultan Kudarat",150000000,0.353,3,850000000,HB 10858 Vol I-B p. 570,GAA-2025 · Budgetary Support to Government Corporations (BSGC) · National Irrigation Administration,,,,not stated,one side stated,Current Phase 2 only,False
nia,2027,HB10858-NIA-0570-020,"Cabangan Small Reservoir Irrigation Project (SRIP), Zambales",100000000,2025,"Cabangan Small Reservoir Irrigation Project (SRIP), Zambales",500000000,1.0,1,-400000000,HB 10858 Vol I-B p. 570,GAA-2025 · Budgetary Support to Government Corporations (BSGC) · National Irrigation Administration,,,,not stated,not stated,,False
nia,2027,HB10858-NIA-0570-020,"Cabangan Small Reservoir Irrigation Project (SRIP), Zambales",100000000,2025,"Cabano Small Reservoir Irrigation Project (SRIP), Guimaras",100000000,0.811,2,0,HB 10858 Vol I-B p. 570,GAA-2025 · Budgetary Support to Government Corporations (BSGC) · National Irrigation Administration,,,,not stated,not stated,,False
nia,2027,HB10858-NIA-0570-020,"Cabangan Small Reservoir Irrigation Project (SRIP), Zambales",100000000,2025,"Calapangan Small Reservoir Irrigation Project (SRIP), Cagayan",400000000,0.805,3,-300000000,HB 10858 Vol I-B p. 570,GAA-2025 · Budgetary Support to Government Corporations (BSGC) · National Irrigation Administration,,,,not stated,not stated,,False
nia,2027,HB10858-NIA-0570-021,"Bayabas Irrigation Project, Bulacan",100000000,2025,"Bayabas Irrigation Project, Bulacan",300000000,1.0,1,-200000000,HB 10858 Vol I-B p. 570,GAA-2025 · Budgetary Support to Government Corporations (BSGC) · National Irrigation Administration,,,,not stated,not stated,,False
nia,2027,HB10858-NIA-0570-021,"Bayabas Irrigation Project, Bulacan",100000000,2025,"Bayuyan Small Reservoir Irrigation Project (SRIP), Capiz",69750000,0.367,2,30250000,HB 10858 Vol I-B p. 570,GAA-2025 · Budgetary Support to Government Corporations (BSGC) · National Irrigation Administration,,,,not stated,not stated,,False
nia,2027,HB10858-NIA-0570-021,"Bayabas Irrigation Project, Bulacan",100000000,2025,"Cabano Small Reservoir Irrigation Project (SRIP), Guimaras",100000000,0.314,3,0,HB 10858 Vol I-B p. 570,GAA-2025 · Budgetary Support to Government Corporations (BSGC) · National Irrigation Administration,,,,not stated,not stated,,False
nia,2027,HB10858-NIA-0570-022,"Ugasan - Juanico Small Reservoir Irrigation Project (SRIP), Iloilo",100000000,2025,"Cabacanan Small Reservoir Irrigation Project (SRIP), Ilocos Norte",100000000,0.729,1,0,HB 10858 Vol I-B p. 570,GAA-2025 · Budgetary Support to Government Corporations (BSGC) · National Irrigation Administration,,,,not stated,not stated,,False
nia,2027,HB10858-NIA-0570-022,"Ugasan - Juanico Small Reservoir Irrigation Project (SRIP), Iloilo",100000000,2025,"Calunasan Small Reservoir Irrigation Project (SRIP), Bohol",16355000,0.718,2,83645000,HB 10858 Vol I-B p. 570,GAA-2025 · Budgetary Support to Government Corporations (BSGC) · National Irrigation Administration,,,,not stated,not stated,,False
nia,2027,HB10858-NIA-0570-022,"Ugasan - Juanico Small Reservoir Irrigation Project (SRIP), Iloilo",100000000,2025,"San Felipe Small Reservoir Irrigation Project (SRIP), La Union",50000000,0.707,3,50000000,HB 10858 Vol I-B p. 570,GAA-2025 · Budgetary Support to Government Corporations (BSGC) · National Irrigation Administration,,,,not stated,not stated,,False
nia,2027,HB10858-NIA-0570-023,"Ilocos Norte - Ilocos Sur - Abra Irrigation Project, Stage 2",1000000000,2025,"Ilocos Norte - Ilocos Sur - Abra Irrigation Project, Stage 2",7985000000,1.0,1,-6985000000,HB 10858 Vol I-B p. 570,GAA-2025 · Budgetary Support to Government Corporations (BSGC) · National Irrigation Administration,,,,not stated,same tranche,,False
nia,2027,HB10858-NIA-0570-023,"Ilocos Norte - Ilocos Sur - Abra Irrigation Project, Stage 2",1000000000,2025,"Lebak Integrated River Irrigation Project, Sultan Kudarat",150000000,0.384,2,850000000,HB 10858 Vol I-B p. 570,GAA-2025 · Budgetary Support to Government Corporations (BSGC) · National Irrigation Administration,,,,not stated,one side stated,Current Stage 2 only,False
nia,2027,HB10858-NIA-0570-023,"Ilocos Norte - Ilocos Sur - Abra Irrigation Project, Stage 2",1000000000,2025,"Upi Integrated River Irrigation Project, Maguindanao",200000000,0.324,3,800000000,HB 10858 Vol I-B p. 570,GAA-2025 · Budgetary Support to Government Corporations (BSGC) · National Irrigation Administration,,,,not stated,one side stated,Current Stage 2 only,False
nia,2027,HB10858-NIA-0570-024,"Lower Apayao River Irrigation Project, Apayao",100000000,2025,"Lower Apayao River Irrigation Project, Apayao",100000000,1.0,1,0,HB 10858 Vol I-B p. 570,GAA-2025 · Budgetary Support to Government Corporations (BSGC) · National Irrigation Administration,,,,not stated,not stated,,False
nia,2027,HB10858-NIA-0570-024,"Lower Apayao River Irrigation Project, Apayao",100000000,2025,"Upi Integrated River Irrigation Project, Maguindanao",200000000,0.491,2,-100000000,HB 10858 Vol I-B p. 570,GAA-2025 · Budgetary Support to Government Corporations (BSGC) · National Irrigation Administration,,,,not stated,not stated,,False
nia,2027,HB10858-NIA-0570-024,"Lower Apayao River Irrigation Project, Apayao",100000000,2025,"Lebak Integrated River Irrigation Project, Sultan Kudarat",150000000,0.452,3,-50000000,HB 10858 Vol I-B p. 570,GAA-2025 · Budgetary Support to Government Corporations (BSGC) · National Irrigation Administration,,,,not stated,not stated,,False
nia,2027,HB10858-NIA-0570-025,"Esther Vintar Small Reservoir Irrigation Project (SRIP), Ilocos Norte",100000000,2025,"Cabacanan Small Reservoir Irrigation Project (SRIP), Ilocos Norte",100000000,0.8,1,0,HB 10858 Vol I-B p. 570,GAA-2025 · Budgetary Support to Government Corporations (BSGC) · National Irrigation Administration,,,,not stated,not stated,,False
nia,2027,HB10858-NIA-0570-025,"Esther Vintar Small Reservoir Irrigation Project (SRIP), Ilocos Norte",100000000,2025,"Santa Rita Small Reservoir Irrigation Project (SRIP), Western Samar",132000000,0.652,2,-32000000,HB 10858 Vol I-B p. 570,GAA-2025 · Budgetary Support to Government Corporations (BSGC) · National Irrigation Administration,,,,not stated,not stated,,False
nia,2027,HB10858-NIA-0570-025,"Esther Vintar Small Reservoir Irrigation Project (SRIP), Ilocos Norte",100000000,2025,"Tulunan Small Reservoir Irrigation Project (SRIP), North Cotabato",300000000,0.644,3,-200000000,HB 10858 Vol I-B p. 570,GAA-2025 · Budgetary Support to Government Corporations (BSGC) · National Irrigation Administration,,,,not stated,not stated,,False
nia,2027,HB10858-NIA-0570-026,"Bustos Dam Afterbay Structure, Bulacan",200000000,2025,"Bayabas Irrigation Project, Bulacan",300000000,0.462,1,-100000000,HB 10858 Vol I-B p. 570,GAA-2025 · Budgetary Support to Government Corporations (BSGC) · National Irrigation Administration,,,,not stated,not stated,,False
nia,2027,HB10858-NIA-0570-026,"Bustos Dam Afterbay Structure, Bulacan",200000000,2025,"Lusod Integrated National Irrigation Project, Quirino",200000000,0.343,2,0,HB 10858 Vol I-B p. 570,GAA-2025 · Budgetary Support to Government Corporations (BSGC) · National Irrigation Administration,,,,not stated,not stated,,False
nia,2027,HB10858-NIA-0570-026,"Bustos Dam Afterbay Structure, Bulacan",200000000,2025,"Ilocos Norte - Ilocos Sur - Abra Irrigation Project, Stage 2",7985000000,0.329,3,-7785000000,HB 10858 Vol I-B p. 570,GAA-2025 · Budgetary Support to Government Corporations (BSGC) · National Irrigation Administration,,,,not stated,one side stated,Prior Stage 2 only,False
nia,2027,HB10858-NIA-0570-027,"Dupitac Small Reservoir Irrigation Project (SRIP), Ilocos Norte",100000000,2025,"Cabacanan Small Reservoir Irrigation Project (SRIP), Ilocos Norte",100000000,0.857,1,0,HB 10858 Vol I-B p. 570,GAA-2025 · Budgetary Support to Government Corporations (BSGC) · National Irrigation Administration,,,,not stated,not stated,,False
nia,2027,HB10858-NIA-0570-027,"Dupitac Small Reservoir Irrigation Project (SRIP), Ilocos Norte",100000000,2025,"Hibale Small Reservoir Irrigation Project (SRIP), Bohol",100000000,0.676,2,0,HB 10858 Vol I-B p. 570,GAA-2025 · Budgetary Support to Government Corporations (BSGC) · National Irrigation Administration,,,,not stated,not stated,,False
nia,2027,HB10858-NIA-0570-027,"Dupitac Small Reservoir Irrigation Project (SRIP), Ilocos Norte",100000000,2025,"Lopez Small Reservoir Irrigation Project (SRIP), Quezon",400000000,0.676,3,-300000000,HB 10858 Vol I-B p. 570,GAA-2025 · Budgetary Support to Government Corporations (BSGC) · National Irrigation Administration,,,,not stated,not stated,,False
nia,2027,HB10858-NIA-0570-028,"Paoay Lake Irrigation Project, Ilocos Norte",200000000,2025,"Tanjay - Bais River Irrigation Project, Negros Oriental",236958000,0.464,1,-36958000,HB 10858 Vol I-B p. 570,GAA-2025 · Budgetary Support to Government Corporations (BSGC) · National Irrigation Administration,,,,not stated,not stated,,False
nia,2027,HB10858-NIA-0570-028,"Paoay Lake Irrigation Project, Ilocos Norte",200000000,2025,"Cabacanan Small Reservoir Irrigation Project (SRIP), Ilocos Norte",100000000,0.424,2,100000000,HB 10858 Vol I-B p. 570,GAA-2025 · Budgetary Support to Government Corporations (BSGC) · National Irrigation Administration,,,,not stated,not stated,,False
nia,2027,HB10858-NIA-0570-028,"Paoay Lake Irrigation Project, Ilocos Norte",200000000,2025,"Ilocos Norte - Ilocos Sur - Abra Irrigation Project, Stage 2",7985000000,0.407,3,-7785000000,HB 10858 Vol I-B p. 570,GAA-2025 · Budgetary Support to Government Corporations (BSGC) · National Irrigation Administration,,,,not stated,one side stated,Prior Stage 2 only,False
nia,2027,HB10858-NIA-0570-029,"Estancia Small Reservoir Irrigation Project (SRIP), Ilocos Norte",100000000,2025,"Cabacanan Small Reservoir Irrigation Project (SRIP), Ilocos Norte",100000000,0.871,1,0,HB 10858 Vol I-B p. 570,GAA-2025 · Budgetary Support to Government Corporations (BSGC) · National Irrigation Administration,,,,not stated,not stated,,False
nia,2027,HB10858-NIA-0570-029,"Estancia Small Reservoir Irrigation Project (SRIP), Ilocos Norte",100000000,2025,"San Felipe Small Reservoir Irrigation Project (SRIP), La Union",50000000,0.707,2,50000000,HB 10858 Vol I-B p. 570,GAA-2025 · Budgetary Support to Government Corporations (BSGC) · National Irrigation Administration,,,,not stated,not stated,,False
nia,2027,HB10858-NIA-0570-029,"Estancia Small Reservoir Irrigation Project (SRIP), Ilocos Norte",100000000,2025,"Santa Rita Small Reservoir Irrigation Project (SRIP), Western Samar",132000000,0.69,3,-32000000,HB 10858 Vol I-B p. 570,GAA-2025 · Budgetary Support to Government Corporations (BSGC) · National Irrigation Administration,,,,not stated,not stated,,False
nia,2027,HB10858-NIA-0572-001,"Pantingan Small Reservoir Irrigation Project (SRIP), Bataan",500000000,2025,"Calapangan Small Reservoir Irrigation Project (SRIP), Cagayan",400000000,0.842,1,100000000,HB 10858 Vol I-B p. 572,GAA-2025 · Budgetary Support to Government Corporations (BSGC) · National Irrigation Administration,,,,not stated,not stated,,False
nia,2027,HB10858-NIA-0572-001,"Pantingan Small Reservoir Irrigation Project (SRIP), Bataan",500000000,2025,"Cabangan Small Reservoir Irrigation Project (SRIP), Zambales",500000000,0.773,2,0,HB 10858 Vol I-B p. 572,GAA-2025 · Budgetary Support to Government Corporations (BSGC) · National Irrigation Administration,,,,not stated,not stated,,False
nia,2027,HB10858-NIA-0572-001,"Pantingan Small Reservoir Irrigation Project (SRIP), Bataan",500000000,2025,"Bagtingon Small Reservoir Irrigation Project (SRIP), Marinduque",100000000,0.769,3,400000000,HB 10858 Vol I-B p. 572,GAA-2025 · Budgetary Support to Government Corporations (BSGC) · National Irrigation Administration,,,,not stated,not stated,,False
nia,2027,HB10858-NIA-0572-002,"Baligatan (Tangke Creek) Small Reservoir Irrigation Project (SRIP), Isabela",250000000,2025,"Calunasan Small Reservoir Irrigation Project (SRIP), Bohol",16355000,0.667,1,233645000,HB 10858 Vol I-B p. 572,GAA-2025 · Budgetary Support to Government Corporations (BSGC) · National Irrigation Administration,,,,not stated,not stated,,False
nia,2027,HB10858-NIA-0572-002,"Baligatan (Tangke Creek) Small Reservoir Irrigation Project (SRIP), Isabela",250000000,2025,"Hibale Small Reservoir Irrigation Project (SRIP), Bohol",100000000,0.667,2,150000000,HB 10858 Vol I-B p. 572,GAA-2025 · Budgetary Support to Government Corporations (BSGC) · National Irrigation Administration,,,,not stated,not stated,,False
nia,2027,HB10858-NIA-0572-002,"Baligatan (Tangke Creek) Small Reservoir Irrigation Project (SRIP), Isabela",250000000,2025,"Calapangan Small Reservoir Irrigation Project (SRIP), Cagayan",400000000,0.667,3,-150000000,HB 10858 Vol I-B p. 572,GAA-2025 · Budgetary Support to Government Corporations (BSGC) · National Irrigation Administration,,,,not stated,not stated,,False
nia,2027,HB10858-NIA-0572-003,"Jalaur River Multi Purpose Project, Stage II, Iloilo Korea EDCF Loan No. PHL-15",961321000,2025,"Tanjay - Bais River Irrigation Project, Negros Oriental",236958000,0.337,1,724363000,HB 10858 Vol I-B p. 572,GAA-2025 · Budgetary Support to Government Corporations (BSGC) · National Irrigation Administration,,,,not stated,one side stated,Current Stage 2 only,False
nia,2027,HB10858-NIA-0572-003,"Jalaur River Multi Purpose Project, Stage II, Iloilo Korea EDCF Loan No. PHL-15",961321000,2025,"Imelda Irrigation Project (formerly Lower Sibuguey II RIS Extension Project), Zamboanga Sibugay",100000000,0.325,2,861321000,HB 10858 Vol I-B p. 572,GAA-2025 · Budgetary Support to Government Corporations (BSGC) · National Irrigation Administration,,,,not stated,one side stated,Current Stage 2 only,False
nia,2027,HB10858-NIA-0572-003,"Jalaur River Multi Purpose Project, Stage II, Iloilo Korea EDCF Loan No. PHL-15",961321000,2025,"Upi Integrated River Irrigation Project, Maguindanao",200000000,0.32,3,761321000,HB 10858 Vol I-B p. 572,GAA-2025 · Budgetary Support to Government Corporations (BSGC) · National Irrigation Administration,,,,not stated,one side stated,Current Stage 2 only,False
