fiscal_year,region,office,category,project_name,amount,record_id,program_group,match_basis
2027,Region IV-A,Batangas 4th District Engineering Office,BIP - Multi-Purpose Buildings/ Facilities to support Social Services,"Construction of Water System at Barangay Talisay, Lipa City, Batangas",10000000.0,2027DPWH-Proposal-33865,Basic Infrastructure Program,Water-related title keyword outside shared PAP2
2027,Region XII,Cotabato 3rd District Engineering Office,BIP - Multi-Purpose Buildings/ Facilities to support Social Services,"Construction (Completion) of Multi-Purpose Building (Barangay Hall) with Solar Water System, Barangay Malagap, Banisilan, Cotabato",5000000.0,2027DPWH-Proposal-38623,Basic Infrastructure Program,Water-related title keyword outside shared PAP2
2027,Region X,Cagayan de Oro City 1st District Engineering Office,Construction/ Maintenance of Flood Mitigation Structures and Drainage Systems,"Construction of Drainage System along San Pedro St. (Sapang Catchment), Bayabas Section, Sta 0+000- Sta.01+132, Cagayan de Oro City",128000000.0,2027DPWH-Proposal-00927,Flood Management Program,Water-related title keyword outside shared PAP2
2027,Region X,Cagayan de Oro City 2nd District Engineering Office,Construction/ Maintenance of Flood Mitigation Structures and Drainage Systems,"Construction of Drainage System, Bitan-ag Catchment, Barangay Lapasan: Sta. 0+000 - Sta. 0+310, Barangay Puntod: Sta. 0+000 - Sta. 0+170, Barangay 22: Sta. 0+170 - Sta. 0+370, Cagayan de Oro City",180000000.0,2027DPWH-Proposal-01112,Flood Management Program,Water-related title keyword outside shared PAP2
2027,Region X,Cagayan de Oro City 2nd District Engineering Office,Construction/ Maintenance of Flood Mitigation Structures and Drainage Systems,"Construction of Drainage System, Bitan-ag Catchment, Barangay 22: Sta. 0+582 - Sta. 0+642, Barangay 26: Sta. 0+642 - Sta. 1+020, Barangay 24: Sta. 1+020 - Sta. 1+262,Cagayan de Oro City",180000000.0,2027DPWH-Proposal-01114,Flood Management Program,Water-related title keyword outside shared PAP2
2027,CAR,Abra District Engineering Office,Rainwater Collector System,Rainwater Collector System - Abra District Engineering Office,4200000.0,2027DPWH-Proposal-00130,Construction/ Rehabilitation of Water Supply/ Septage and Sewerage/ Rain Water Collectors,Shared water-sector PAP2
2027,Region XIII,Agusan del Norte District Engineering Office,Rainwater Collector System,Rainwater Collector System - Agusan del Norte District Engineering Office,4200000.0,2027DPWH-Proposal-00315,Construction/ Rehabilitation of Water Supply/ Septage and Sewerage/ Rain Water Collectors,Shared water-sector PAP2
2027,Region XIII,Agusan del Sur 1st District Engineering Office,Rainwater Collector System,Rainwater Collector System - Agusan del Sur 1st District Engineering Office,4200000.0,2027DPWH-Proposal-00316,Construction/ Rehabilitation of Water Supply/ Septage and Sewerage/ Rain Water Collectors,Shared water-sector PAP2
2027,Region XIII,Agusan del Sur 2nd District Engineering Office,Rainwater Collector System,Rainwater Collector System - Agusan del Sur 2nd District Engineering Office,4200000.0,2027DPWH-Proposal-00317,Construction/ Rehabilitation of Water Supply/ Septage and Sewerage/ Rain Water Collectors,Shared water-sector PAP2
2027,Region VI,Aklan District Engineering Office,Rainwater Collector System,Rainwater Collector System - Aklan District Engineering Office,4200000.0,2027DPWH-Proposal-00215,Construction/ Rehabilitation of Water Supply/ Septage and Sewerage/ Rain Water Collectors,Shared water-sector PAP2
2027,Region V,Albay 1st District Engineering Office,Rainwater Collector System,Rainwater Collector System - Albay 1st District Engineering Office,4200000.0,2027DPWH-Proposal-00198,Construction/ Rehabilitation of Water Supply/ Septage and Sewerage/ Rain Water Collectors,Shared water-sector PAP2
2027,Region V,Albay 2nd District Engineering Office,Rainwater Collector System,Rainwater Collector System - Albay 2nd District Engineering Office,4200000.0,2027DPWH-Proposal-00199,Construction/ Rehabilitation of Water Supply/ Septage and Sewerage/ Rain Water Collectors,Shared water-sector PAP2
2027,Region V,Albay 3rd District Engineering Office,Rainwater Collector System,Rainwater Collector System - Albay 3rd District Engineering Office,4200000.0,2027DPWH-Proposal-00200,Construction/ Rehabilitation of Water Supply/ Septage and Sewerage/ Rain Water Collectors,Shared water-sector PAP2
2027,Region VI,Antique District Engineering Office,Rainwater Collector System,Rainwater Collector System - Antique District Engineering Office,4200000.0,2027DPWH-Proposal-00216,Construction/ Rehabilitation of Water Supply/ Septage and Sewerage/ Rain Water Collectors,Shared water-sector PAP2
2027,CAR,Apayao 1st District Engineering Office,Rainwater Collector System,Rainwater Collector System - Apayao 1st District Engineering Office,4200000.0,2027DPWH-Proposal-00131,Construction/ Rehabilitation of Water Supply/ Septage and Sewerage/ Rain Water Collectors,Shared water-sector PAP2
2027,CAR,Apayao 2nd District Engineering Office,Rainwater Collector System,Rainwater Collector System - Apayao 2nd District Engineering Office,4200000.0,2027DPWH-Proposal-00132,Construction/ Rehabilitation of Water Supply/ Septage and Sewerage/ Rain Water Collectors,Shared water-sector PAP2
2027,Region III,Aurora District Engineering Office,Rainwater Collector System,Rainwater Collector System - Aurora District Engineering Office,4200000.0,2027DPWH-Proposal-00155,Construction/ Rehabilitation of Water Supply/ Septage and Sewerage/ Rain Water Collectors,Shared water-sector PAP2
2027,NIR,Bacolod City District Engineering Office,Rainwater Collector System,Rainwater Collector System - Bacolod City District Engineering Office,4200000.0,2027DPWH-Proposal-00227,Construction/ Rehabilitation of Water Supply/ Septage and Sewerage/ Rain Water Collectors,Shared water-sector PAP2
2027,CAR,Baguio City District Engineering Office,Rainwater Collector System,Rainwater Collector System - Baguio City District Engineering Office,4200000.0,2027DPWH-Proposal-00135,Construction/ Rehabilitation of Water Supply/ Septage and Sewerage/ Rain Water Collectors,Shared water-sector PAP2
2027,Region III,Bataan 1st District Engineering Office,Rainwater Collector System,Rainwater Collector System - Bataan 1st District Engineering Office,4200000.0,2027DPWH-Proposal-00156,Construction/ Rehabilitation of Water Supply/ Septage and Sewerage/ Rain Water Collectors,Shared water-sector PAP2
2027,Region III,Bataan 2nd District Engineering Office,Rainwater Collector System,Rainwater Collector System - Bataan 2nd District Engineering Office,4200000.0,2027DPWH-Proposal-00157,Construction/ Rehabilitation of Water Supply/ Septage and Sewerage/ Rain Water Collectors,Shared water-sector PAP2
2027,Region III,Bataan 3rd District Engineering Office,Rainwater Collector System,Rainwater Collector System - Bataan 3rd District Engineering Office,4200000.0,2027DPWH-Proposal-00158,Construction/ Rehabilitation of Water Supply/ Septage and Sewerage/ Rain Water Collectors,Shared water-sector PAP2
2027,Region II,Batanes District Engineering Office,Rainwater Collector System,Rainwater Collector System - Batanes District Engineering Office,4200000.0,2027DPWH-Proposal-00143,Construction/ Rehabilitation of Water Supply/ Septage and Sewerage/ Rain Water Collectors,Shared water-sector PAP2
2027,Region IV-A,Batangas 1st District Engineering Office,Rainwater Collector System,Rainwater Collector System - Batangas 1st District Engineering Office,4200000.0,2027DPWH-Proposal-00172,Construction/ Rehabilitation of Water Supply/ Septage and Sewerage/ Rain Water Collectors,Shared water-sector PAP2
2027,Region IV-A,Batangas 2nd District Engineering Office,Rainwater Collector System,Rainwater Collector System - Batangas 2nd District Engineering Office,4200000.0,2027DPWH-Proposal-00173,Construction/ Rehabilitation of Water Supply/ Septage and Sewerage/ Rain Water Collectors,Shared water-sector PAP2
2027,Region IV-A,Batangas 3rd District Engineering Office,Rainwater Collector System,Rainwater Collector System - Batangas 3rd District Engineering Office,4200000.0,2027DPWH-Proposal-00174,Construction/ Rehabilitation of Water Supply/ Septage and Sewerage/ Rain Water Collectors,Shared water-sector PAP2
2027,Region IV-A,Batangas 4th District Engineering Office,Rainwater Collector System,Rainwater Collector System - Batangas 4th District Engineering Office,4200000.0,2027DPWH-Proposal-00175,Construction/ Rehabilitation of Water Supply/ Septage and Sewerage/ Rain Water Collectors,Shared water-sector PAP2
2027,CAR,Benguet 1st District Engineering Office,Rainwater Collector System,Rainwater Collector System - Benguet 1st District Engineering Office,4200000.0,2027DPWH-Proposal-00133,Construction/ Rehabilitation of Water Supply/ Septage and Sewerage/ Rain Water Collectors,Shared water-sector PAP2
2027,CAR,Benguet 2nd District Engineering Office,Rainwater Collector System,Rainwater Collector System - Benguet 2nd District Engineering Office,4200000.0,2027DPWH-Proposal-00134,Construction/ Rehabilitation of Water Supply/ Septage and Sewerage/ Rain Water Collectors,Shared water-sector PAP2
2027,Region VIII,Biliran District Engineering Office,Rainwater Collector System,Rainwater Collector System - Biliran District Engineering Office,4200000.0,2027DPWH-Proposal-00250,Construction/ Rehabilitation of Water Supply/ Septage and Sewerage/ Rain Water Collectors,Shared water-sector PAP2
2027,Region VII,Bohol 1st District Engineering Office,Rainwater Collector System,Rainwater Collector System - Bohol 1st District Engineering Office,4200000.0,2027DPWH-Proposal-00238,Construction/ Rehabilitation of Water Supply/ Septage and Sewerage/ Rain Water Collectors,Shared water-sector PAP2
2027,Region VII,Bohol 2nd District Engineering Office,Rainwater Collector System,Rainwater Collector System - Bohol 2nd District Engineering Office,4200000.0,2027DPWH-Proposal-00239,Construction/ Rehabilitation of Water Supply/ Septage and Sewerage/ Rain Water Collectors,Shared water-sector PAP2
2027,Region VII,Bohol 3rd District Engineering Office,Rainwater Collector System,Rainwater Collector System - Bohol 3rd District Engineering Office,4200000.0,2027DPWH-Proposal-00240,Construction/ Rehabilitation of Water Supply/ Septage and Sewerage/ Rain Water Collectors,Shared water-sector PAP2
2027,Region X,Bukidnon 1st District Engineering Office,Rainwater Collector System,Rainwater Collector System - Bukidnon 1st District Engineering Office,4200000.0,2027DPWH-Proposal-00279,Construction/ Rehabilitation of Water Supply/ Septage and Sewerage/ Rain Water Collectors,Shared water-sector PAP2
2027,Region X,Bukidnon 2nd District Engineering Office,Rainwater Collector System,Rainwater Collector System - Bukidnon 2nd District Engineering Office,4200000.0,2027DPWH-Proposal-00280,Construction/ Rehabilitation of Water Supply/ Septage and Sewerage/ Rain Water Collectors,Shared water-sector PAP2
2027,Region X,Bukidnon 3rd District Engineering Office,Rainwater Collector System,Rainwater Collector System - Bukidnon 3rd District Engineering Office,4200000.0,2027DPWH-Proposal-00281,Construction/ Rehabilitation of Water Supply/ Septage and Sewerage/ Rain Water Collectors,Shared water-sector PAP2
2027,Region X,Bukidnon 4th District Engineering Office,Rainwater Collector System,Rainwater Collector System - Bukidnon 4th District Engineering Office,4200000.0,2027DPWH-Proposal-00282,Construction/ Rehabilitation of Water Supply/ Septage and Sewerage/ Rain Water Collectors,Shared water-sector PAP2
2027,Region III,Bulacan 1st District Engineering Office,Rainwater Collector System,Rainwater Collector System - Bulacan 1st District Engineering Office,4200000.0,2027DPWH-Proposal-00159,Construction/ Rehabilitation of Water Supply/ Septage and Sewerage/ Rain Water Collectors,Shared water-sector PAP2
2027,Region III,Bulacan 2nd District Engineering Office,Rainwater Collector System,Rainwater Collector System - Bulacan 2nd District Engineering Office,4200000.0,2027DPWH-Proposal-00160,Construction/ Rehabilitation of Water Supply/ Septage and Sewerage/ Rain Water Collectors,Shared water-sector PAP2
2027,Region III,Bulacan 3rd District Engineering Office,Rainwater Collector System,Rainwater Collector System - Bulacan 3rd District Engineering Office,4200000.0,2027DPWH-Proposal-00161,Construction/ Rehabilitation of Water Supply/ Septage and Sewerage/ Rain Water Collectors,Shared water-sector PAP2
2027,Region XIII,Butuan City District Engineering Office,Rainwater Collector System,Rainwater Collector System - Butuan City District Engineering Office,4200000.0,2027DPWH-Proposal-00318,Construction/ Rehabilitation of Water Supply/ Septage and Sewerage/ Rain Water Collectors,Shared water-sector PAP2
2027,Region II,Cagayan 1st District Engineering Office,Rainwater Collector System,Rainwater Collector System - Cagayan 1st District Engineering Office,4200000.0,2027DPWH-Proposal-00144,Construction/ Rehabilitation of Water Supply/ Septage and Sewerage/ Rain Water Collectors,Shared water-sector PAP2
2027,Region II,Cagayan 2nd District Engineering Office,Rainwater Collector System,Rainwater Collector System - Cagayan 2nd District Engineering Office,4200000.0,2027DPWH-Proposal-00145,Construction/ Rehabilitation of Water Supply/ Septage and Sewerage/ Rain Water Collectors,Shared water-sector PAP2
2027,Region II,Cagayan 3rd District Engineering Office,Rainwater Collector System,Rainwater Collector System - Cagayan 3rd District Engineering Office,4200000.0,2027DPWH-Proposal-00146,Construction/ Rehabilitation of Water Supply/ Septage and Sewerage/ Rain Water Collectors,Shared water-sector PAP2
2027,Region X,Cagayan de Oro City 1st District Engineering Office,Rainwater Collector System,Rainwater Collector System - Cagayan de Oro City 1st District Engineering Office,4200000.0,2027DPWH-Proposal-00283,Construction/ Rehabilitation of Water Supply/ Septage and Sewerage/ Rain Water Collectors,Shared water-sector PAP2
2027,Region X,Cagayan de Oro City 2nd District Engineering Office,Rainwater Collector System,Rainwater Collector System - Cagayan de Oro City 2nd District Engineering Office,4200000.0,2027DPWH-Proposal-00284,Construction/ Rehabilitation of Water Supply/ Septage and Sewerage/ Rain Water Collectors,Shared water-sector PAP2
2027,Region V,Camarines Norte District Engineering Office,Rainwater Collector System,Rainwater Collector System - Camarines Norte District Engineering Office,4200000.0,2027DPWH-Proposal-00201,Construction/ Rehabilitation of Water Supply/ Septage and Sewerage/ Rain Water Collectors,Shared water-sector PAP2
2027,Region V,Camarines Norte Sub District Engineering Office,Rainwater Collector System,Rainwater Collector System - Camarines Norte Sub District Engineering Office,4200000.0,2027DPWH-Proposal-00202,Construction/ Rehabilitation of Water Supply/ Septage and Sewerage/ Rain Water Collectors,Shared water-sector PAP2
2027,Region V,Camarines Sur 1st District Engineering Office,Rainwater Collector System,Rainwater Collector System - Camarines Sur 1st District Engineering Office,4200000.0,2027DPWH-Proposal-00203,Construction/ Rehabilitation of Water Supply/ Septage and Sewerage/ Rain Water Collectors,Shared water-sector PAP2
2027,Region V,Camarines Sur 2nd District Engineering Office,Rainwater Collector System,Rainwater Collector System - Camarines Sur 2nd District Engineering Office,4200000.0,2027DPWH-Proposal-00204,Construction/ Rehabilitation of Water Supply/ Septage and Sewerage/ Rain Water Collectors,Shared water-sector PAP2
2027,Region V,Camarines Sur 3rd District Engineering Office,Rainwater Collector System,Rainwater Collector System - Camarines Sur 3rd District Engineering Office,4200000.0,2027DPWH-Proposal-00205,Construction/ Rehabilitation of Water Supply/ Septage and Sewerage/ Rain Water Collectors,Shared water-sector PAP2
2027,Region V,Camarines Sur 4th District Engineering Office,Rainwater Collector System,Rainwater Collector System - Camarines Sur 4th District Engineering Office,4200000.0,2027DPWH-Proposal-00206,Construction/ Rehabilitation of Water Supply/ Septage and Sewerage/ Rain Water Collectors,Shared water-sector PAP2
2027,Region V,Camarines Sur 5th District Engineering Office,Rainwater Collector System,Rainwater Collector System - Camarines Sur 5th District Engineering Office,4200000.0,2027DPWH-Proposal-00207,Construction/ Rehabilitation of Water Supply/ Septage and Sewerage/ Rain Water Collectors,Shared water-sector PAP2
2027,Region X,Camiguin District Engineering Office,Rainwater Collector System,Rainwater Collector System - Camiguin District Engineering Office,4200000.0,2027DPWH-Proposal-00285,Construction/ Rehabilitation of Water Supply/ Septage and Sewerage/ Rain Water Collectors,Shared water-sector PAP2
2027,Region VI,Capiz 1st District Engineering Office,Rainwater Collector System,Rainwater Collector System - Capiz 1st District Engineering Office,4200000.0,2027DPWH-Proposal-00217,Construction/ Rehabilitation of Water Supply/ Septage and Sewerage/ Rain Water Collectors,Shared water-sector PAP2
2027,Region VI,Capiz 2nd District Engineering Office,Rainwater Collector System,Rainwater Collector System - Capiz 2nd District Engineering Office,4200000.0,2027DPWH-Proposal-00218,Construction/ Rehabilitation of Water Supply/ Septage and Sewerage/ Rain Water Collectors,Shared water-sector PAP2
2027,Region V,Catanduanes District Engineering Office,Rainwater Collector System,Rainwater Collector System - Catanduanes District Engineering Office,4200000.0,2027DPWH-Proposal-00208,Construction/ Rehabilitation of Water Supply/ Septage and Sewerage/ Rain Water Collectors,Shared water-sector PAP2
2027,Region IV-A,Cavite 1st District Engineering Office,Rainwater Collector System,Rainwater Collector System - Cavite 1st District Engineering Office,4200000.0,2027DPWH-Proposal-00176,Construction/ Rehabilitation of Water Supply/ Septage and Sewerage/ Rain Water Collectors,Shared water-sector PAP2
2027,Region IV-A,Cavite 2nd District Engineering Office,Rainwater Collector System,Rainwater Collector System - Cavite 2nd District Engineering Office,4200000.0,2027DPWH-Proposal-00177,Construction/ Rehabilitation of Water Supply/ Septage and Sewerage/ Rain Water Collectors,Shared water-sector PAP2
2027,Region IV-A,Cavite 3rd District Engineering Office,Rainwater Collector System,Rainwater Collector System - Cavite 3rd District Engineering Office,4200000.0,2027DPWH-Proposal-00178,Construction/ Rehabilitation of Water Supply/ Septage and Sewerage/ Rain Water Collectors,Shared water-sector PAP2
2027,Region VII,Cebu 1st District Engineering Office,Rainwater Collector System,Rainwater Collector System - Cebu 1st District Engineering Office,4200000.0,2027DPWH-Proposal-00241,Construction/ Rehabilitation of Water Supply/ Septage and Sewerage/ Rain Water Collectors,Shared water-sector PAP2
2027,Region VII,Cebu 2nd District Engineering Office,Rainwater Collector System,Rainwater Collector System - Cebu 2nd District Engineering Office,4200000.0,2027DPWH-Proposal-00242,Construction/ Rehabilitation of Water Supply/ Septage and Sewerage/ Rain Water Collectors,Shared water-sector PAP2
2027,Region VII,Cebu 3rd District Engineering Office,Rainwater Collector System,Rainwater Collector System - Cebu 3rd District Engineering Office,4200000.0,2027DPWH-Proposal-00243,Construction/ Rehabilitation of Water Supply/ Septage and Sewerage/ Rain Water Collectors,Shared water-sector PAP2
2027,Region VII,Cebu 4th District Engineering Office,Rainwater Collector System,Rainwater Collector System - Cebu 4th District Engineering Office,4200000.0,2027DPWH-Proposal-00244,Construction/ Rehabilitation of Water Supply/ Septage and Sewerage/ Rain Water Collectors,Shared water-sector PAP2
2027,Region VII,Cebu 5th District Engineering Office,Rainwater Collector System,Rainwater Collector System - Cebu 5th District Engineering Office,4200000.0,2027DPWH-Proposal-00245,Construction/ Rehabilitation of Water Supply/ Septage and Sewerage/ Rain Water Collectors,Shared water-sector PAP2
2027,Region VII,Cebu 6th District Engineering Office,Rainwater Collector System,Rainwater Collector System - Cebu 6th District Engineering Office,4200000.0,2027DPWH-Proposal-00246,Construction/ Rehabilitation of Water Supply/ Septage and Sewerage/ Rain Water Collectors,Shared water-sector PAP2
2027,Region VII,Cebu 7th District Engineering Office,Rainwater Collector System,Rainwater Collector System - Cebu 7th District Engineering Office,4200000.0,2027DPWH-Proposal-00247,Construction/ Rehabilitation of Water Supply/ Septage and Sewerage/ Rain Water Collectors,Shared water-sector PAP2
2027,Region VII,Cebu City District Engineering Office,Rainwater Collector System,Rainwater Collector System - Cebu City District Engineering Office,4200000.0,2027DPWH-Proposal-00248,Construction/ Rehabilitation of Water Supply/ Septage and Sewerage/ Rain Water Collectors,Shared water-sector PAP2
2027,Region XII,Cotabato 1st District Engineering Office,Rainwater Collector System,Rainwater Collector System - Cotabato 1st District Engineering Office,4200000.0,2027DPWH-Proposal-00306,Construction/ Rehabilitation of Water Supply/ Septage and Sewerage/ Rain Water Collectors,Shared water-sector PAP2
2027,Region XII,Cotabato 2nd District Engineering Office,Rainwater Collector System,Rainwater Collector System - Cotabato 2nd District Engineering Office,4200000.0,2027DPWH-Proposal-00307,Construction/ Rehabilitation of Water Supply/ Septage and Sewerage/ Rain Water Collectors,Shared water-sector PAP2
2027,Region XII,Cotabato 3rd District Engineering Office,Rainwater Collector System,Rainwater Collector System - Cotabato 3rd District Engineering Office,4200000.0,2027DPWH-Proposal-00308,Construction/ Rehabilitation of Water Supply/ Septage and Sewerage/ Rain Water Collectors,Shared water-sector PAP2
2027,Region XI,Davao City 2nd District Engineering Office,Rainwater Collector System,Rainwater Collector System - Davao City 2nd District Engineering Office,4200000.0,2027DPWH-Proposal-00295,Construction/ Rehabilitation of Water Supply/ Septage and Sewerage/ Rain Water Collectors,Shared water-sector PAP2
2027,Region XI,Davao City 3rd District Engineering Office,Rainwater Collector System,Rainwater Collector System - Davao City 3rd District Engineering Office,4200000.0,2027DPWH-Proposal-00296,Construction/ Rehabilitation of Water Supply/ Septage and Sewerage/ Rain Water Collectors,Shared water-sector PAP2
2027,Region XI,Davao City District Engineering Office,Rainwater Collector System,Rainwater Collector System - Davao City District Engineering Office,4200000.0,2027DPWH-Proposal-00294,Construction/ Rehabilitation of Water Supply/ Septage and Sewerage/ Rain Water Collectors,Shared water-sector PAP2
2027,Region XI,Davao Occidental District Engineering Office,Rainwater Collector System,Rainwater Collector System - Davao Occidental District Engineering Office,4200000.0,2027DPWH-Proposal-00302,Construction/ Rehabilitation of Water Supply/ Septage and Sewerage/ Rain Water Collectors,Shared water-sector PAP2
2027,Region XI,Davao Oriental 1st District Engineering Office,Rainwater Collector System,Rainwater Collector System - Davao Oriental 1st District Engineering Office,4200000.0,2027DPWH-Proposal-00303,Construction/ Rehabilitation of Water Supply/ Septage and Sewerage/ Rain Water Collectors,Shared water-sector PAP2
2027,Region XI,Davao Oriental 2nd District Engineering Office,Rainwater Collector System,Rainwater Collector System - Davao Oriental 2nd District Engineering Office,4200000.0,2027DPWH-Proposal-00304,Construction/ Rehabilitation of Water Supply/ Septage and Sewerage/ Rain Water Collectors,Shared water-sector PAP2
2027,Region XI,Davao de Oro 1st District Engineering Office,Rainwater Collector System,Rainwater Collector System - Davao de Oro 1st District Engineering Office,4200000.0,2027DPWH-Proposal-00297,Construction/ Rehabilitation of Water Supply/ Septage and Sewerage/ Rain Water Collectors,Shared water-sector PAP2
2027,Region XI,Davao de Oro 2nd District Engineering Office,Rainwater Collector System,Rainwater Collector System - Davao de Oro 2nd District Engineering Office,4200000.0,2027DPWH-Proposal-00298,Construction/ Rehabilitation of Water Supply/ Septage and Sewerage/ Rain Water Collectors,Shared water-sector PAP2
2027,Region XI,Davao del Norte 2nd District Engineering Office,Rainwater Collector System,Rainwater Collector System - Davao del Norte 2nd District Engineering Office,4200000.0,2027DPWH-Proposal-00300,Construction/ Rehabilitation of Water Supply/ Septage and Sewerage/ Rain Water Collectors,Shared water-sector PAP2
2027,Region XI,Davao del Norte District Engineering Office,Rainwater Collector System,Rainwater Collector System - Davao del Norte District Engineering Office,4200000.0,2027DPWH-Proposal-00299,Construction/ Rehabilitation of Water Supply/ Septage and Sewerage/ Rain Water Collectors,Shared water-sector PAP2
2027,Region XI,Davao del Sur District Engineering Office,Rainwater Collector System,Rainwater Collector System - Davao del Sur District Engineering Office,4200000.0,2027DPWH-Proposal-00301,Construction/ Rehabilitation of Water Supply/ Septage and Sewerage/ Rain Water Collectors,Shared water-sector PAP2
2027,Region XIII,Dinagat Islands District Engineering Office,Rainwater Collector System,Rainwater Collector System - Dinagat Islands District Engineering Office,4200000.0,2027DPWH-Proposal-00319,Construction/ Rehabilitation of Water Supply/ Septage and Sewerage/ Rain Water Collectors,Shared water-sector PAP2
2027,Region VIII,Eastern Samar District Engineering Office,Rainwater Collector System,Rainwater Collector System - Eastern Samar District Engineering Office,4200000.0,2027DPWH-Proposal-00251,Construction/ Rehabilitation of Water Supply/ Septage and Sewerage/ Rain Water Collectors,Shared water-sector PAP2
2027,Region VI,Guimaras District Engineering Office,Rainwater Collector System,Rainwater Collector System - Guimaras District Engineering Office,4200000.0,2027DPWH-Proposal-00219,Construction/ Rehabilitation of Water Supply/ Septage and Sewerage/ Rain Water Collectors,Shared water-sector PAP2
2027,CAR,Ifugao 1st District Engineering Office,Rainwater Collector System,Rainwater Collector System - Ifugao 1st District Engineering Office,4200000.0,2027DPWH-Proposal-00136,Construction/ Rehabilitation of Water Supply/ Septage and Sewerage/ Rain Water Collectors,Shared water-sector PAP2
2027,CAR,Ifugao 2nd District Engineering Office,Rainwater Collector System,Rainwater Collector System - Ifugao 2nd District Engineering Office,4200000.0,2027DPWH-Proposal-00137,Construction/ Rehabilitation of Water Supply/ Septage and Sewerage/ Rain Water Collectors,Shared water-sector PAP2
2027,Region X,Iligan City District Engineering Office,Rainwater Collector System,Rainwater Collector System - Iligan City District Engineering Office,4200000.0,2027DPWH-Proposal-00286,Construction/ Rehabilitation of Water Supply/ Septage and Sewerage/ Rain Water Collectors,Shared water-sector PAP2
2027,Region I,Ilocos Norte 1st District Engineering Office,Rainwater Collector System,Rainwater Collector System - Ilocos Norte 1st District Engineering Office,4200000.0,2027DPWH-Proposal-00119,Construction/ Rehabilitation of Water Supply/ Septage and Sewerage/ Rain Water Collectors,Shared water-sector PAP2
2027,Region I,Ilocos Norte 2nd District Engineering Office,Rainwater Collector System,Rainwater Collector System - Ilocos Norte 2nd District Engineering Office,4200000.0,2027DPWH-Proposal-00120,Construction/ Rehabilitation of Water Supply/ Septage and Sewerage/ Rain Water Collectors,Shared water-sector PAP2
2027,Region I,Ilocos Sur 1st District Engineering Office,Rainwater Collector System,Rainwater Collector System - Ilocos Sur 1st District Engineering Office,4200000.0,2027DPWH-Proposal-00121,Construction/ Rehabilitation of Water Supply/ Septage and Sewerage/ Rain Water Collectors,Shared water-sector PAP2
2027,Region I,Ilocos Sur 2nd District Engineering Office,Rainwater Collector System,Rainwater Collector System - Ilocos Sur 2nd District Engineering Office,4200000.0,2027DPWH-Proposal-00122,Construction/ Rehabilitation of Water Supply/ Septage and Sewerage/ Rain Water Collectors,Shared water-sector PAP2
2027,Region VI,Iloilo 1st District Engineering Office,Rainwater Collector System,Rainwater Collector System - Iloilo 1st District Engineering Office,4200000.0,2027DPWH-Proposal-00220,Construction/ Rehabilitation of Water Supply/ Septage and Sewerage/ Rain Water Collectors,Shared water-sector PAP2
2027,Region VI,Iloilo 2nd District Engineering Office,Rainwater Collector System,Rainwater Collector System - Iloilo 2nd District Engineering Office,4200000.0,2027DPWH-Proposal-00221,Construction/ Rehabilitation of Water Supply/ Septage and Sewerage/ Rain Water Collectors,Shared water-sector PAP2
2027,Region VI,Iloilo 3rd District Engineering Office,Rainwater Collector System,Rainwater Collector System - Iloilo 3rd District Engineering Office,4200000.0,2027DPWH-Proposal-00222,Construction/ Rehabilitation of Water Supply/ Septage and Sewerage/ Rain Water Collectors,Shared water-sector PAP2
2027,Region VI,Iloilo 4th District Engineering Office,Rainwater Collector System,Rainwater Collector System - Iloilo 4th District Engineering Office,4200000.0,2027DPWH-Proposal-00223,Construction/ Rehabilitation of Water Supply/ Septage and Sewerage/ Rain Water Collectors,Shared water-sector PAP2
2027,Region VI,Iloilo 6th District Engineering Office,Rainwater Collector System,Rainwater Collector System - Iloilo 6th District Engineering Office,4200000.0,2027DPWH-Proposal-00224,Construction/ Rehabilitation of Water Supply/ Septage and Sewerage/ Rain Water Collectors,Shared water-sector PAP2
2027,Region VI,Iloilo City District Engineering Office,Rainwater Collector System,Rainwater Collector System - Iloilo City District Engineering Office,4200000.0,2027DPWH-Proposal-00225,Construction/ Rehabilitation of Water Supply/ Septage and Sewerage/ Rain Water Collectors,Shared water-sector PAP2
2027,Region II,Isabela 1st District Engineering Office,Rainwater Collector System,Rainwater Collector System - Isabela 1st District Engineering Office,4200000.0,2027DPWH-Proposal-00147,Construction/ Rehabilitation of Water Supply/ Septage and Sewerage/ Rain Water Collectors,Shared water-sector PAP2
2027,Region II,Isabela 2nd District Engineering Office,Rainwater Collector System,Rainwater Collector System - Isabela 2nd District Engineering Office,4200000.0,2027DPWH-Proposal-00148,Construction/ Rehabilitation of Water Supply/ Septage and Sewerage/ Rain Water Collectors,Shared water-sector PAP2
2027,Region II,Isabela 3rd District Engineering Office,Rainwater Collector System,Rainwater Collector System - Isabela 3rd District Engineering Office,4200000.0,2027DPWH-Proposal-00149,Construction/ Rehabilitation of Water Supply/ Septage and Sewerage/ Rain Water Collectors,Shared water-sector PAP2
2027,Region II,Isabela 4th District Engineering Office,Rainwater Collector System,Rainwater Collector System - Isabela 4th District Engineering Office,4200000.0,2027DPWH-Proposal-00150,Construction/ Rehabilitation of Water Supply/ Septage and Sewerage/ Rain Water Collectors,Shared water-sector PAP2
2027,Region IX,Isabela City District Engineering Office,Rainwater Collector System,Rainwater Collector System - Isabela City District Engineering Office,4200000.0,2027DPWH-Proposal-00265,Construction/ Rehabilitation of Water Supply/ Septage and Sewerage/ Rain Water Collectors,Shared water-sector PAP2
2027,Region I,La Union 1st District Engineering Office,Rainwater Collector System,Rainwater Collector System - La Union 1st District Engineering Office,4200000.0,2027DPWH-Proposal-00123,Construction/ Rehabilitation of Water Supply/ Septage and Sewerage/ Rain Water Collectors,Shared water-sector PAP2
2027,Region I,La Union 2nd District Engineering Office,Rainwater Collector System,Rainwater Collector System - La Union 2nd District Engineering Office,4200000.0,2027DPWH-Proposal-00124,Construction/ Rehabilitation of Water Supply/ Septage and Sewerage/ Rain Water Collectors,Shared water-sector PAP2
2027,Region IV-A,Laguna 1st District Engineering Office,Rainwater Collector System,Rainwater Collector System - Laguna 1st District Engineering Office,4200000.0,2027DPWH-Proposal-00179,Construction/ Rehabilitation of Water Supply/ Septage and Sewerage/ Rain Water Collectors,Shared water-sector PAP2
2027,Region IV-A,Laguna 2nd District Engineering Office,Rainwater Collector System,Rainwater Collector System - Laguna 2nd District Engineering Office,4200000.0,2027DPWH-Proposal-00180,Construction/ Rehabilitation of Water Supply/ Septage and Sewerage/ Rain Water Collectors,Shared water-sector PAP2
2027,Region IV-A,Laguna 3rd District Engineering Office,Rainwater Collector System,Rainwater Collector System - Laguna 3rd District Engineering Office,4200000.0,2027DPWH-Proposal-00181,Construction/ Rehabilitation of Water Supply/ Septage and Sewerage/ Rain Water Collectors,Shared water-sector PAP2
2027,Region X,Lanao del Norte 1st District Engineering Office,Rainwater Collector System,Rainwater Collector System - Lanao del Norte 1st District Engineering Office,4200000.0,2027DPWH-Proposal-00287,Construction/ Rehabilitation of Water Supply/ Septage and Sewerage/ Rain Water Collectors,Shared water-sector PAP2
2027,Region X,Lanao del Norte 2nd District Engineering Office,Rainwater Collector System,Rainwater Collector System - Lanao del Norte 2nd District Engineering Office,4200000.0,2027DPWH-Proposal-00288,Construction/ Rehabilitation of Water Supply/ Septage and Sewerage/ Rain Water Collectors,Shared water-sector PAP2
2027,NCR,Las Piñas Muntinlupa District Engineering Office,Rainwater Collector System,Rainwater Collector System - Las Piñas-Muntinlupa District Engineering Office,4200000.0,2027DPWH-Proposal-00109,Construction/ Rehabilitation of Water Supply/ Septage and Sewerage/ Rain Water Collectors,Shared water-sector PAP2
2027,Region VIII,Leyte 1st District Engineering Office,Rainwater Collector System,Rainwater Collector System - Leyte 1st District Engineering Office,4200000.0,2027DPWH-Proposal-00252,Construction/ Rehabilitation of Water Supply/ Septage and Sewerage/ Rain Water Collectors,Shared water-sector PAP2
2027,Region VIII,Leyte 2nd District Engineering Office,Rainwater Collector System,Rainwater Collector System - Leyte 2nd District Engineering Office,4200000.0,2027DPWH-Proposal-00253,Construction/ Rehabilitation of Water Supply/ Septage and Sewerage/ Rain Water Collectors,Shared water-sector PAP2
2027,Region VIII,Leyte 3rd District Engineering Office,Rainwater Collector System,Rainwater Collector System - Leyte 3rd District Engineering Office,4200000.0,2027DPWH-Proposal-00254,Construction/ Rehabilitation of Water Supply/ Septage and Sewerage/ Rain Water Collectors,Shared water-sector PAP2
2027,Region VIII,Leyte 4th District Engineering Office,Rainwater Collector System,Rainwater Collector System - Leyte 4th District Engineering Office,4200000.0,2027DPWH-Proposal-00255,Construction/ Rehabilitation of Water Supply/ Septage and Sewerage/ Rain Water Collectors,Shared water-sector PAP2
2027,Region VIII,Leyte 5th District Engineering Office,Rainwater Collector System,Rainwater Collector System - Leyte 5th District Engineering Office,4200000.0,2027DPWH-Proposal-00256,Construction/ Rehabilitation of Water Supply/ Septage and Sewerage/ Rain Water Collectors,Shared water-sector PAP2
2027,CAR,Lower Kalinga District Engineering Office,Rainwater Collector System,Rainwater Collector System - Lower Kalinga District Engineering Office,4200000.0,2027DPWH-Proposal-00139,Construction/ Rehabilitation of Water Supply/ Septage and Sewerage/ Rain Water Collectors,Shared water-sector PAP2
2027,NCR,Malabon Navotas District Engineering Office,Rainwater Collector System,Rainwater Collector System - Malabon-Navotas District Engineering Office,4200000.0,2027DPWH-Proposal-00110,Construction/ Rehabilitation of Water Supply/ Septage and Sewerage/ Rain Water Collectors,Shared water-sector PAP2
2027,MIMAROPA,Marinduque District Engineering Office,Rainwater Collector System,Rainwater Collector System - Marinduque District Engineering Office,4200000.0,2027DPWH-Proposal-00189,Construction/ Rehabilitation of Water Supply/ Septage and Sewerage/ Rain Water Collectors,Shared water-sector PAP2
2027,Region V,Masbate 1st District Engineering Office,Rainwater Collector System,Rainwater Collector System - Masbate 1st District Engineering Office,4200000.0,2027DPWH-Proposal-00209,Construction/ Rehabilitation of Water Supply/ Septage and Sewerage/ Rain Water Collectors,Shared water-sector PAP2
2027,Region V,Masbate 2nd District Engineering Office,Rainwater Collector System,Rainwater Collector System - Masbate 2nd District Engineering Office,4200000.0,2027DPWH-Proposal-00210,Construction/ Rehabilitation of Water Supply/ Septage and Sewerage/ Rain Water Collectors,Shared water-sector PAP2
2027,Region V,Masbate 3rd District Engineering Office,Rainwater Collector System,Rainwater Collector System - Masbate 3rd District Engineering Office,4200000.0,2027DPWH-Proposal-00211,Construction/ Rehabilitation of Water Supply/ Septage and Sewerage/ Rain Water Collectors,Shared water-sector PAP2
2027,NCR,Metro Manila 1st District Engineering Office,Rainwater Collector System,Rainwater Collector System - Metro Manila 1st District Engineering Office,4200000.0,2027DPWH-Proposal-00112,Construction/ Rehabilitation of Water Supply/ Septage and Sewerage/ Rain Water Collectors,Shared water-sector PAP2
2027,NCR,Metro Manila 2nd District Engineering Office,Rainwater Collector System,Rainwater Collector System - Metro Manila 2nd District Engineering Office,4200000.0,2027DPWH-Proposal-00113,Construction/ Rehabilitation of Water Supply/ Septage and Sewerage/ Rain Water Collectors,Shared water-sector PAP2
2027,NCR,Metro Manila 3rd District Engineering Office,Rainwater Collector System,Rainwater Collector System - Metro Manila 3rd District Engineering Office,4200000.0,2027DPWH-Proposal-00114,Construction/ Rehabilitation of Water Supply/ Septage and Sewerage/ Rain Water Collectors,Shared water-sector PAP2
2027,MIMAROPA,Mindoro Occidental District Engineering Office,Rainwater Collector System,Rainwater Collector System - Mindoro Occidental District Engineering Office,4200000.0,2027DPWH-Proposal-00190,Construction/ Rehabilitation of Water Supply/ Septage and Sewerage/ Rain Water Collectors,Shared water-sector PAP2
2027,MIMAROPA,Mindoro Oriental District Engineering Office,Rainwater Collector System,Rainwater Collector System - Mindoro Oriental District Engineering Office,4200000.0,2027DPWH-Proposal-00191,Construction/ Rehabilitation of Water Supply/ Septage and Sewerage/ Rain Water Collectors,Shared water-sector PAP2
2027,Region X,Misamis Occidental 1st District Engineering Office,Rainwater Collector System,Rainwater Collector System - Misamis Occidental 1st District Engineering Office,4200000.0,2027DPWH-Proposal-00289,Construction/ Rehabilitation of Water Supply/ Septage and Sewerage/ Rain Water Collectors,Shared water-sector PAP2
2027,Region X,Misamis Occidental 2nd District Engineering Office,Rainwater Collector System,Rainwater Collector System - Misamis Occidental 2nd District Engineering Office,4200000.0,2027DPWH-Proposal-00290,Construction/ Rehabilitation of Water Supply/ Septage and Sewerage/ Rain Water Collectors,Shared water-sector PAP2
2027,Region X,Misamis Oriental 1st District Engineering Office,Rainwater Collector System,Rainwater Collector System - Misamis Oriental 1st District Engineering Office,4200000.0,2027DPWH-Proposal-00291,Construction/ Rehabilitation of Water Supply/ Septage and Sewerage/ Rain Water Collectors,Shared water-sector PAP2
2027,Region X,Misamis Oriental 2nd District Engineering Office,Rainwater Collector System,Rainwater Collector System - Misamis Oriental 2nd District Engineering Office,4200000.0,2027DPWH-Proposal-00292,Construction/ Rehabilitation of Water Supply/ Septage and Sewerage/ Rain Water Collectors,Shared water-sector PAP2
2027,CAR,Mountain Province 1st District Engineering Office,Rainwater Collector System,Rainwater Collector System - Mountain Province 1st District Engineering Office,4200000.0,2027DPWH-Proposal-00140,Construction/ Rehabilitation of Water Supply/ Septage and Sewerage/ Rain Water Collectors,Shared water-sector PAP2
2027,CAR,Mountain Province 2nd District Engineering Office,Rainwater Collector System,Rainwater Collector System - Mountain Province 2nd District Engineering Office,4200000.0,2027DPWH-Proposal-00141,Construction/ Rehabilitation of Water Supply/ Septage and Sewerage/ Rain Water Collectors,Shared water-sector PAP2
2027,NIR,Negros Occidental 1st District Engineering Office,Rainwater Collector System,Rainwater Collector System - Negros Occidental 1st District Engineering Office,4200000.0,2027DPWH-Proposal-00228,Construction/ Rehabilitation of Water Supply/ Septage and Sewerage/ Rain Water Collectors,Shared water-sector PAP2
2027,NIR,Negros Occidental 2nd District Engineering Office,Rainwater Collector System,Rainwater Collector System - Negros Occidental 2nd District Engineering Office,4200000.0,2027DPWH-Proposal-00229,Construction/ Rehabilitation of Water Supply/ Septage and Sewerage/ Rain Water Collectors,Shared water-sector PAP2
2027,NIR,Negros Occidental 3rd District Engineering Office,Rainwater Collector System,Rainwater Collector System - Negros Occidental 3rd District Engineering Office,4200000.0,2027DPWH-Proposal-00230,Construction/ Rehabilitation of Water Supply/ Septage and Sewerage/ Rain Water Collectors,Shared water-sector PAP2
2027,NIR,Negros Occidental 4th District Engineering Office,Rainwater Collector System,Rainwater Collector System - Negros Occidental 4th District Engineering Office,4200000.0,2027DPWH-Proposal-00231,Construction/ Rehabilitation of Water Supply/ Septage and Sewerage/ Rain Water Collectors,Shared water-sector PAP2
2027,NIR,Negros Occidental 5th District Engineering Office,Rainwater Collector System,Rainwater Collector System - Negros Occidental 5th District Engineering Office,4200000.0,2027DPWH-Proposal-00232,Construction/ Rehabilitation of Water Supply/ Septage and Sewerage/ Rain Water Collectors,Shared water-sector PAP2
2027,NIR,Negros Oriental 1st District Engineering Office,Rainwater Collector System,Rainwater Collector System - Negros Oriental 1st District Engineering Office,4200000.0,2027DPWH-Proposal-00233,Construction/ Rehabilitation of Water Supply/ Septage and Sewerage/ Rain Water Collectors,Shared water-sector PAP2
2027,NIR,Negros Oriental 2nd District Engineering Office,Rainwater Collector System,Rainwater Collector System - Negros Oriental 2nd District Engineering Office,4200000.0,2027DPWH-Proposal-00234,Construction/ Rehabilitation of Water Supply/ Septage and Sewerage/ Rain Water Collectors,Shared water-sector PAP2
2027,NIR,Negros Oriental 3rd District Engineering Office,Rainwater Collector System,Rainwater Collector System - Negros Oriental 3rd District Engineering Office,4200000.0,2027DPWH-Proposal-00235,Construction/ Rehabilitation of Water Supply/ Septage and Sewerage/ Rain Water Collectors,Shared water-sector PAP2
2027,NCR,North Manila District Engineering Office,Rainwater Collector System,Rainwater Collector System - North Manila District Engineering Office,4200000.0,2027DPWH-Proposal-00111,Construction/ Rehabilitation of Water Supply/ Septage and Sewerage/ Rain Water Collectors,Shared water-sector PAP2
2027,Region VIII,Northern Samar 1st District Engineering Office,Rainwater Collector System,Rainwater Collector System - Northern Samar 1st District Engineering Office,4200000.0,2027DPWH-Proposal-00257,Construction/ Rehabilitation of Water Supply/ Septage and Sewerage/ Rain Water Collectors,Shared water-sector PAP2
2027,Region VIII,Northern Samar 2nd District Engineering Office,Rainwater Collector System,Rainwater Collector System - Northern Samar 2nd District Engineering Office,4200000.0,2027DPWH-Proposal-00258,Construction/ Rehabilitation of Water Supply/ Septage and Sewerage/ Rain Water Collectors,Shared water-sector PAP2
2027,Region III,Nueva Ecija 1st District Engineering Office,Rainwater Collector System,Rainwater Collector System - Nueva Ecija 1st District Engineering Office,4200000.0,2027DPWH-Proposal-00162,Construction/ Rehabilitation of Water Supply/ Septage and Sewerage/ Rain Water Collectors,Shared water-sector PAP2
2027,Region III,Nueva Ecija 2nd District Engineering Office,Rainwater Collector System,Rainwater Collector System - Nueva Ecija 2nd District Engineering Office,4200000.0,2027DPWH-Proposal-00163,Construction/ Rehabilitation of Water Supply/ Septage and Sewerage/ Rain Water Collectors,Shared water-sector PAP2
2027,Region II,Nueva Vizcaya 2nd District Engineering Office,Rainwater Collector System,Rainwater Collector System - Nueva Vizcaya 2nd District Engineering Office,4200000.0,2027DPWH-Proposal-00152,Construction/ Rehabilitation of Water Supply/ Septage and Sewerage/ Rain Water Collectors,Shared water-sector PAP2
2027,Region II,Nueva Vizcaya District Engineering Office,Rainwater Collector System,Rainwater Collector System - Nueva Vizcaya District Engineering Office,4200000.0,2027DPWH-Proposal-00151,Construction/ Rehabilitation of Water Supply/ Septage and Sewerage/ Rain Water Collectors,Shared water-sector PAP2
2027,MIMAROPA,Palawan 1st District Engineering Office,Rainwater Collector System,Rainwater Collector System - Palawan 1st District Engineering Office,4200000.0,2027DPWH-Proposal-00192,Construction/ Rehabilitation of Water Supply/ Septage and Sewerage/ Rain Water Collectors,Shared water-sector PAP2
2027,MIMAROPA,Palawan 2nd District Engineering Office,Rainwater Collector System,Rainwater Collector System - Palawan 2nd District Engineering Office,4200000.0,2027DPWH-Proposal-00193,Construction/ Rehabilitation of Water Supply/ Septage and Sewerage/ Rain Water Collectors,Shared water-sector PAP2
2027,MIMAROPA,Palawan 3rd District Engineering Office,Rainwater Collector System,Rainwater Collector System - Palawan 3rd District Engineering Office,4200000.0,2027DPWH-Proposal-00194,Construction/ Rehabilitation of Water Supply/ Septage and Sewerage/ Rain Water Collectors,Shared water-sector PAP2
2027,Region III,Pampanga 1st District Engineering Office,Rainwater Collector System,Rainwater Collector System - Pampanga 1st District Engineering Office,4200000.0,2027DPWH-Proposal-00164,Construction/ Rehabilitation of Water Supply/ Septage and Sewerage/ Rain Water Collectors,Shared water-sector PAP2
2027,Region III,Pampanga 2nd District Engineering Office,Rainwater Collector System,Rainwater Collector System - Pampanga 2nd District Engineering Office,4200000.0,2027DPWH-Proposal-00165,Construction/ Rehabilitation of Water Supply/ Septage and Sewerage/ Rain Water Collectors,Shared water-sector PAP2
2027,Region III,Pampanga 3rd District Engineering Office,Rainwater Collector System,Rainwater Collector System - Pampanga 3rd District Engineering Office,4200000.0,2027DPWH-Proposal-00166,Construction/ Rehabilitation of Water Supply/ Septage and Sewerage/ Rain Water Collectors,Shared water-sector PAP2
2027,Region I,Pangasinan 1st District Engineering Office,Rainwater Collector System,Rainwater Collector System - Pangasinan 1st District Engineering Office,4200000.0,2027DPWH-Proposal-00125,Construction/ Rehabilitation of Water Supply/ Septage and Sewerage/ Rain Water Collectors,Shared water-sector PAP2
2027,Region I,Pangasinan 2nd District Engineering Office,Rainwater Collector System,Rainwater Collector System - Pangasinan 2nd District Engineering Office,4200000.0,2027DPWH-Proposal-00126,Construction/ Rehabilitation of Water Supply/ Septage and Sewerage/ Rain Water Collectors,Shared water-sector PAP2
2027,Region I,Pangasinan 3rd District Engineering Office,Rainwater Collector System,Rainwater Collector System - Pangasinan 3rd District Engineering Office,4200000.0,2027DPWH-Proposal-00127,Construction/ Rehabilitation of Water Supply/ Septage and Sewerage/ Rain Water Collectors,Shared water-sector PAP2
2027,Region I,Pangasinan 4th District Engineering Office,Rainwater Collector System,Rainwater Collector System - Pangasinan 4th District Engineering Office,4200000.0,2027DPWH-Proposal-00128,Construction/ Rehabilitation of Water Supply/ Septage and Sewerage/ Rain Water Collectors,Shared water-sector PAP2
2027,Region IV-A,Quezon 1st District Engineering Office,Rainwater Collector System,Rainwater Collector System - Quezon 1st District Engineering Office,4200000.0,2027DPWH-Proposal-00182,Construction/ Rehabilitation of Water Supply/ Septage and Sewerage/ Rain Water Collectors,Shared water-sector PAP2
2027,Region IV-A,Quezon 2nd District Engineering Office,Rainwater Collector System,Rainwater Collector System - Quezon 2nd District Engineering Office,4200000.0,2027DPWH-Proposal-00183,Construction/ Rehabilitation of Water Supply/ Septage and Sewerage/ Rain Water Collectors,Shared water-sector PAP2
2027,Region IV-A,Quezon 3rd District Engineering Office,Rainwater Collector System,Rainwater Collector System - Quezon 3rd District Engineering Office,4200000.0,2027DPWH-Proposal-00184,Construction/ Rehabilitation of Water Supply/ Septage and Sewerage/ Rain Water Collectors,Shared water-sector PAP2
2027,Region IV-A,Quezon 4th District Engineering Office,Rainwater Collector System,Rainwater Collector System - Quezon 4th District Engineering Office,4200000.0,2027DPWH-Proposal-00185,Construction/ Rehabilitation of Water Supply/ Septage and Sewerage/ Rain Water Collectors,Shared water-sector PAP2
2027,NCR,Quezon City 1st District Engineering Office,Rainwater Collector System,Rainwater Collector System - Quezon City 1st District Engineering Office,4200000.0,2027DPWH-Proposal-00115,Construction/ Rehabilitation of Water Supply/ Septage and Sewerage/ Rain Water Collectors,Shared water-sector PAP2
2027,NCR,Quezon City 2nd District Engineering Office,Rainwater Collector System,Rainwater Collector System - Quezon City 2nd District Engineering Office,4200000.0,2027DPWH-Proposal-00116,Construction/ Rehabilitation of Water Supply/ Septage and Sewerage/ Rain Water Collectors,Shared water-sector PAP2
2027,Region II,Quirino District Engineering Office,Rainwater Collector System,Rainwater Collector System - Quirino District Engineering Office,4200000.0,2027DPWH-Proposal-00153,Construction/ Rehabilitation of Water Supply/ Septage and Sewerage/ Rain Water Collectors,Shared water-sector PAP2
2027,Region IV-A,Rizal 1st District Engineering Office,Rainwater Collector System,Rainwater Collector System - Rizal 1st District Engineering Office,4200000.0,2027DPWH-Proposal-00186,Construction/ Rehabilitation of Water Supply/ Septage and Sewerage/ Rain Water Collectors,Shared water-sector PAP2
2027,Region IV-A,Rizal 2nd District Engineering Office,Rainwater Collector System,Rainwater Collector System - Rizal 2nd District Engineering Office,4200000.0,2027DPWH-Proposal-00187,Construction/ Rehabilitation of Water Supply/ Septage and Sewerage/ Rain Water Collectors,Shared water-sector PAP2
2027,MIMAROPA,Romblon District Engineering Office,Rainwater Collector System,Rainwater Collector System - Romblon District Engineering Office,4200000.0,2027DPWH-Proposal-00195,Construction/ Rehabilitation of Water Supply/ Septage and Sewerage/ Rain Water Collectors,Shared water-sector PAP2
2027,Region VIII,Samar 1st District Engineering Office,Rainwater Collector System,Rainwater Collector System - Samar 1st District Engineering Office,4200000.0,2027DPWH-Proposal-00259,Construction/ Rehabilitation of Water Supply/ Septage and Sewerage/ Rain Water Collectors,Shared water-sector PAP2
2027,Region VIII,Samar 2nd District Engineering Office,Rainwater Collector System,Rainwater Collector System - Samar 2nd District Engineering Office,4200000.0,2027DPWH-Proposal-00260,Construction/ Rehabilitation of Water Supply/ Septage and Sewerage/ Rain Water Collectors,Shared water-sector PAP2
2027,Region XII,Sarangani District Engineering Office,Rainwater Collector System,Rainwater Collector System - Sarangani District Engineering Office,4200000.0,2027DPWH-Proposal-00309,Construction/ Rehabilitation of Water Supply/ Septage and Sewerage/ Rain Water Collectors,Shared water-sector PAP2
2027,NIR,Siquijor District Engineering Office,Rainwater Collector System,Rainwater Collector System - Siquijor District Engineering Office,4200000.0,2027DPWH-Proposal-00236,Construction/ Rehabilitation of Water Supply/ Septage and Sewerage/ Rain Water Collectors,Shared water-sector PAP2
2027,Region V,Sorsogon 2nd District Engineering Office,Rainwater Collector System,Rainwater Collector System - Sorsogon 2nd District Engineering Office,4200000.0,2027DPWH-Proposal-00213,Construction/ Rehabilitation of Water Supply/ Septage and Sewerage/ Rain Water Collectors,Shared water-sector PAP2
2027,Region V,Sorsogon District Engineering Office,Rainwater Collector System,Rainwater Collector System - Sorsogon District Engineering Office,4200000.0,2027DPWH-Proposal-00212,Construction/ Rehabilitation of Water Supply/ Septage and Sewerage/ Rain Water Collectors,Shared water-sector PAP2
2027,Region XII,South Cotabato 1st District Engineering Office,Rainwater Collector System,Rainwater Collector System - South Cotabato 1st District Engineering Office,4200000.0,2027DPWH-Proposal-00310,Construction/ Rehabilitation of Water Supply/ Septage and Sewerage/ Rain Water Collectors,Shared water-sector PAP2
2027,Region XII,South Cotabato 2nd District Engineering Office,Rainwater Collector System,Rainwater Collector System - South Cotabato 2nd District Engineering Office,4200000.0,2027DPWH-Proposal-00311,Construction/ Rehabilitation of Water Supply/ Septage and Sewerage/ Rain Water Collectors,Shared water-sector PAP2
2027,NCR,South Manila District Engineering Office,Rainwater Collector System,Rainwater Collector System - South Manila District Engineering Office,4200000.0,2027DPWH-Proposal-00117,Construction/ Rehabilitation of Water Supply/ Septage and Sewerage/ Rain Water Collectors,Shared water-sector PAP2
2027,Region VIII,Southern Leyte 1st District Engineering Office,Rainwater Collector System,Rainwater Collector System - Southern Leyte 1st District Engineering Office,4200000.0,2027DPWH-Proposal-00261,Construction/ Rehabilitation of Water Supply/ Septage and Sewerage/ Rain Water Collectors,Shared water-sector PAP2
2027,Region VIII,Southern Leyte 2nd District Engineering Office,Rainwater Collector System,Rainwater Collector System - Southern Leyte 2nd District Engineering Office,4200000.0,2027DPWH-Proposal-00262,Construction/ Rehabilitation of Water Supply/ Septage and Sewerage/ Rain Water Collectors,Shared water-sector PAP2
2027,MIMAROPA,Southern Mindoro District Engineering Office,Rainwater Collector System,Rainwater Collector System - Southern Mindoro District Engineering Office,4200000.0,2027DPWH-Proposal-00196,Construction/ Rehabilitation of Water Supply/ Septage and Sewerage/ Rain Water Collectors,Shared water-sector PAP2
2027,Region XII,Sultan Kudarat 1st District Engineering Office,Rainwater Collector System,Rainwater Collector System - Sultan Kudarat 1st District Engineering Office,4200000.0,2027DPWH-Proposal-00312,Construction/ Rehabilitation of Water Supply/ Septage and Sewerage/ Rain Water Collectors,Shared water-sector PAP2
2027,Region XII,Sultan Kudarat 2nd District Engineering Office,Rainwater Collector System,Rainwater Collector System - Sultan Kudarat 2nd District Engineering Office,4200000.0,2027DPWH-Proposal-00313,Construction/ Rehabilitation of Water Supply/ Septage and Sewerage/ Rain Water Collectors,Shared water-sector PAP2
2027,Region IX,Sulu 1st District Engineering Office,Rainwater Collector System,Rainwater Collector System - Sulu 1st District Engineering Office,4200000.0,2027DPWH-Proposal-00266,Construction/ Rehabilitation of Water Supply/ Septage and Sewerage/ Rain Water Collectors,Shared water-sector PAP2
2027,Region IX,Sulu 2nd District Engineering Office,Rainwater Collector System,Rainwater Collector System - Sulu 2nd District Engineering Office,4200000.0,2027DPWH-Proposal-00267,Construction/ Rehabilitation of Water Supply/ Septage and Sewerage/ Rain Water Collectors,Shared water-sector PAP2
2027,Region XIII,Surigao del Norte 1st District Engineering Office,Rainwater Collector System,Rainwater Collector System - Surigao del Norte 1st District Engineering Office,4200000.0,2027DPWH-Proposal-00320,Construction/ Rehabilitation of Water Supply/ Septage and Sewerage/ Rain Water Collectors,Shared water-sector PAP2
2027,Region XIII,Surigao del Norte 2nd District Engineering Office,Rainwater Collector System,Rainwater Collector System - Surigao del Norte 2nd District Engineering Office,4200000.0,2027DPWH-Proposal-00321,Construction/ Rehabilitation of Water Supply/ Septage and Sewerage/ Rain Water Collectors,Shared water-sector PAP2
2027,Region XIII,Surigao del Sur 1st District Engineering Office,Rainwater Collector System,Rainwater Collector System - Surigao del Sur 1st District Engineering Office,4200000.0,2027DPWH-Proposal-00322,Construction/ Rehabilitation of Water Supply/ Septage and Sewerage/ Rain Water Collectors,Shared water-sector PAP2
2027,Region XIII,Surigao del Sur 2nd District Engineering Office,Rainwater Collector System,Rainwater Collector System - Surigao del Sur 2nd District Engineering Office,4200000.0,2027DPWH-Proposal-00323,Construction/ Rehabilitation of Water Supply/ Septage and Sewerage/ Rain Water Collectors,Shared water-sector PAP2
2027,Region VIII,Tacloban City District Engineering Office,Rainwater Collector System,Rainwater Collector System - Tacloban City District Engineering Office,4200000.0,2027DPWH-Proposal-00263,Construction/ Rehabilitation of Water Supply/ Septage and Sewerage/ Rain Water Collectors,Shared water-sector PAP2
2027,Region III,Tarlac 2nd District Engineering Office,Rainwater Collector System,Rainwater Collector System - Tarlac 2nd District Engineering Office,4200000.0,2027DPWH-Proposal-00168,Construction/ Rehabilitation of Water Supply/ Septage and Sewerage/ Rain Water Collectors,Shared water-sector PAP2
2027,Region III,Tarlac District Engineering Office,Rainwater Collector System,Rainwater Collector System - Tarlac District Engineering Office,4200000.0,2027DPWH-Proposal-00167,Construction/ Rehabilitation of Water Supply/ Septage and Sewerage/ Rain Water Collectors,Shared water-sector PAP2
2027,CAR,Upper Kalinga District Engineering Office,Rainwater Collector System,Rainwater Collector System - Upper Kalinga District Engineering Office,4200000.0,2027DPWH-Proposal-00138,Construction/ Rehabilitation of Water Supply/ Septage and Sewerage/ Rain Water Collectors,Shared water-sector PAP2
2027,Region III,Zambales 1st District Engineering Office,Rainwater Collector System,Rainwater Collector System - Zambales 1st District Engineering Office,4200000.0,2027DPWH-Proposal-00169,Construction/ Rehabilitation of Water Supply/ Septage and Sewerage/ Rain Water Collectors,Shared water-sector PAP2
2027,Region III,Zambales 2nd District Engineering Office,Rainwater Collector System,Rainwater Collector System - Zambales 2nd District Engineering Office,4200000.0,2027DPWH-Proposal-00170,Construction/ Rehabilitation of Water Supply/ Septage and Sewerage/ Rain Water Collectors,Shared water-sector PAP2
2027,Region IX,Zamboanga City 1st District Engineering Office,Rainwater Collector System,Rainwater Collector System - Zamboanga City 1st District Engineering Office,4200000.0,2027DPWH-Proposal-00268,Construction/ Rehabilitation of Water Supply/ Septage and Sewerage/ Rain Water Collectors,Shared water-sector PAP2
2027,Region IX,Zamboanga City 2nd District Engineering Office,Rainwater Collector System,Rainwater Collector System - Zamboanga City 2nd District Engineering Office,4200000.0,2027DPWH-Proposal-00269,Construction/ Rehabilitation of Water Supply/ Septage and Sewerage/ Rain Water Collectors,Shared water-sector PAP2
2027,Region IX,Zamboanga Sibugay 1st District Engineering Office,Rainwater Collector System,Rainwater Collector System - Zamboanga Sibugay 1st District Engineering Office,4200000.0,2027DPWH-Proposal-00276,Construction/ Rehabilitation of Water Supply/ Septage and Sewerage/ Rain Water Collectors,Shared water-sector PAP2
2027,Region IX,Zamboanga Sibugay 2nd District Engineering Office,Rainwater Collector System,Rainwater Collector System - Zamboanga Sibugay 2nd District Engineering Office,4200000.0,2027DPWH-Proposal-00277,Construction/ Rehabilitation of Water Supply/ Septage and Sewerage/ Rain Water Collectors,Shared water-sector PAP2
2027,Region IX,Zamboanga del Norte 1st District Engineering Office,Rainwater Collector System,Rainwater Collector System - Zamboanga del Norte 1st District Engineering Office,4200000.0,2027DPWH-Proposal-00270,Construction/ Rehabilitation of Water Supply/ Septage and Sewerage/ Rain Water Collectors,Shared water-sector PAP2
2027,Region IX,Zamboanga del Norte 2nd District Engineering Office,Rainwater Collector System,Rainwater Collector System - Zamboanga del Norte 2nd District Engineering Office,4200000.0,2027DPWH-Proposal-00271,Construction/ Rehabilitation of Water Supply/ Septage and Sewerage/ Rain Water Collectors,Shared water-sector PAP2
2027,Region IX,Zamboanga del Norte 3rd District Engineering Office,Rainwater Collector System,Rainwater Collector System - Zamboanga del Norte 3rd District Engineering Office,4200000.0,2027DPWH-Proposal-00272,Construction/ Rehabilitation of Water Supply/ Septage and Sewerage/ Rain Water Collectors,Shared water-sector PAP2
2027,Region IX,Zamboanga del Norte 4th District Engineering Office,Rainwater Collector System,Rainwater Collector System - Zamboanga del Norte 4th District Engineering Office,4200000.0,2027DPWH-Proposal-00273,Construction/ Rehabilitation of Water Supply/ Septage and Sewerage/ Rain Water Collectors,Shared water-sector PAP2
2027,Region IX,Zamboanga del Sur 1st District Engineering Office,Rainwater Collector System,Rainwater Collector System - Zamboanga del Sur 1st District Engineering Office,4200000.0,2027DPWH-Proposal-00274,Construction/ Rehabilitation of Water Supply/ Septage and Sewerage/ Rain Water Collectors,Shared water-sector PAP2
2027,Region IX,Zamboanga del Sur 2nd District Engineering Office,Rainwater Collector System,Rainwater Collector System - Zamboanga del Sur 2nd District Engineering Office,4200000.0,2027DPWH-Proposal-00275,Construction/ Rehabilitation of Water Supply/ Septage and Sewerage/ Rain Water Collectors,Shared water-sector PAP2
2027,CAR,Abra District Engineering Office,Water Supply System,"Construction of La Paz Water Supply System, La Paz, Abra",100000000.0,2027DPWH-Proposal-34730,Construction/ Rehabilitation of Water Supply/ Septage and Sewerage/ Rain Water Collectors,Shared water-sector PAP2
2027,CAR,Abra District Engineering Office,Water Supply System,"Construction of Bucay Water Supply System, Bucay, Abra",100000000.0,2027DPWH-Proposal-34614,Construction/ Rehabilitation of Water Supply/ Septage and Sewerage/ Rain Water Collectors,Shared water-sector PAP2
2027,CAR,Abra District Engineering Office,Water Supply System,"Construction of Danglas Water Supply System, Barangay Caupasan, Barangay Cabaroan, Barangay Abaquid, Barangay Danglas, Barangay Nagaparan, Barangay Pangal, and Barangay Padangitan, Danglas, Abra",70000000.0,2027DPWH-Proposal-34617,Construction/ Rehabilitation of Water Supply/ Septage and Sewerage/ Rain Water Collectors,Shared water-sector PAP2
2027,CAR,Abra District Engineering Office,Water Supply System,"Construction of Pidigan Water Supply System, Barangay Arab, Barangay Immuli, Barangay Garreta, Barangay Laskig, Barangay San Diego, and Barangay Sulvec, Pidigan Abra",60000000.0,2027DPWH-Proposal-34615,Construction/ Rehabilitation of Water Supply/ Septage and Sewerage/ Rain Water Collectors,Shared water-sector PAP2
2027,CAR,Abra District Engineering Office,Water Supply System,"Construction of Sallapadan Water Supply System, Barangay Saccaang, Barangay Bilabila, Barangay Naguillian, Barangay Gangal, Barangay Subosob, and Barangay Maguyepyep, Sallapadan, Abra",60000000.0,2027DPWH-Proposal-34727,Construction/ Rehabilitation of Water Supply/ Septage and Sewerage/ Rain Water Collectors,Shared water-sector PAP2
2027,CAR,Abra District Engineering Office,Water Supply System,"Construction of Dolores Water Supply System, Barangay Namit-ingan, Barangay Taping, Barangay Kimmalaba, Barangay Cabaroan, Barangay Cardona, Barangay Isit, Dolores, Abra",60000000.0,2027DPWH-Proposal-34729,Construction/ Rehabilitation of Water Supply/ Septage and Sewerage/ Rain Water Collectors,Shared water-sector PAP2
2027,CAR,Abra District Engineering Office,Water Supply System,"Construction of Bangued Water Supply System, Barangay Sappaac, Barangay Maoay, Barangay Calot, Barangay San Antonio, and Barangay Sagap, Bangued, Abra",50000000.0,2027DPWH-Proposal-34618,Construction/ Rehabilitation of Water Supply/ Septage and Sewerage/ Rain Water Collectors,Shared water-sector PAP2
2027,CAR,Abra District Engineering Office,Water Supply System,"Construction of Licuan-Baay Water Supply System, Barangay Mapisla, Barangay Bulbulala, Barangay Nalbuan, and Barangay Subagan, Licuan-Baay, Abra",40000000.0,2027DPWH-Proposal-34616,Construction/ Rehabilitation of Water Supply/ Septage and Sewerage/ Rain Water Collectors,Shared water-sector PAP2
2027,CAR,Abra District Engineering Office,Water Supply System,"Construction of Villaviciosa Water System, Laplapog, Poblacion, Lumaba, Ap-apaya, Villaviciosa Abra",40000000.0,2027DPWH-Proposal-34731,Construction/ Rehabilitation of Water Supply/ Septage and Sewerage/ Rain Water Collectors,Shared water-sector PAP2
2027,CAR,Abra District Engineering Office,Water Supply System,"Construction of Peñarrubia Water Supply System, Barangay Malamsit, Barangay Tattaoa, and Barangay Namarabar, Peñarrubia, Abra",30000000.0,2027DPWH-Proposal-34619,Construction/ Rehabilitation of Water Supply/ Septage and Sewerage/ Rain Water Collectors,Shared water-sector PAP2
2027,CAR,Abra District Engineering Office,Water Supply System,"Construction of San Juan Water Supply System, Barangay Badas, Barangay Lam-Ag, and Barangay Colabaoan, San Juan, Abra",30000000.0,2027DPWH-Proposal-34732,Construction/ Rehabilitation of Water Supply/ Septage and Sewerage/ Rain Water Collectors,Shared water-sector PAP2
2027,CAR,Abra District Engineering Office,Water Supply System,"Construction of San Marcial Water Supply System, Barangay San Marcial, San Isidro, Abra",10000000.0,2027DPWH-Proposal-34726,Construction/ Rehabilitation of Water Supply/ Septage and Sewerage/ Rain Water Collectors,Shared water-sector PAP2
2027,CAR,Abra District Engineering Office,Water Supply System,"Construction of Patad Water Supply System, Barangay Patad, Pilar, Abra",10000000.0,2027DPWH-Proposal-34728,Construction/ Rehabilitation of Water Supply/ Septage and Sewerage/ Rain Water Collectors,Shared water-sector PAP2
2027,Region VI,Aklan District Engineering Office,Water Supply System,"Construction of Potable Water System of Sitio 1, 2, 3, 6, and 7, Barangay Dapdap, Tangalan, Aklan",3000000.0,2027DPWH-Proposal-37289,Construction/ Rehabilitation of Water Supply/ Septage and Sewerage/ Rain Water Collectors,Shared water-sector PAP2
2027,Region V,Albay 1st District Engineering Office,Water Supply System,"Construction of Malinao Water System, Malinao, Albay",50000000.0,2027DPWH-Proposal-39567,Construction/ Rehabilitation of Water Supply/ Septage and Sewerage/ Rain Water Collectors,Shared water-sector PAP2
2027,Region V,Albay 1st District Engineering Office,Water Supply System,"Construction of Malilipot Water System, Malilipot, Albay",30000000.0,2027DPWH-Proposal-39571,Construction/ Rehabilitation of Water Supply/ Septage and Sewerage/ Rain Water Collectors,Shared water-sector PAP2
2027,Region V,Albay 3rd District Engineering Office,Water Supply System,"Construction of Water System, Oas, Albay",50000000.0,2027DPWH-Proposal-39487,Construction/ Rehabilitation of Water Supply/ Septage and Sewerage/ Rain Water Collectors,Shared water-sector PAP2
2027,Region V,Albay 3rd District Engineering Office,Water Supply System,"Construction of Water System, Polangui, Albay",50000000.0,2027DPWH-Proposal-39488,Construction/ Rehabilitation of Water Supply/ Septage and Sewerage/ Rain Water Collectors,Shared water-sector PAP2
2027,CAR,Apayao 2nd District Engineering Office,Water Supply System,"Construction of Water Sytem (Spring Development), Andres Sipagarra Lying-in Clinic (ASLIC), Namaltugan, Calanasan",5000000.0,2027DPWH-Proposal-34623,Construction/ Rehabilitation of Water Supply/ Septage and Sewerage/ Rain Water Collectors,Shared water-sector PAP2
2027,NIR,Bacolod City District Engineering Office,Water Supply System,"Construction of Water System (Level 2), Barangay Cabug, Bacolod City",15000000.0,2027DPWH-Proposal-37651,Construction/ Rehabilitation of Water Supply/ Septage and Sewerage/ Rain Water Collectors,Shared water-sector PAP2
2027,NIR,Bacolod City District Engineering Office,Water Supply System,"Construction of Water System (Level 2), Barangay 29, Bacolod City",6500000.0,2027DPWH-Proposal-37638,Construction/ Rehabilitation of Water Supply/ Septage and Sewerage/ Rain Water Collectors,Shared water-sector PAP2
2027,NIR,Bacolod City District Engineering Office,Water Supply System,"Construction of Public Water Supply System (Level II), Barangay Alangilan, Bacolod City",5000000.0,2027DPWH-Proposal-37371,Construction/ Rehabilitation of Water Supply/ Septage and Sewerage/ Rain Water Collectors,Shared water-sector PAP2
2027,NIR,Bacolod City District Engineering Office,Water Supply System,"Construction of Public Water Supply System (Level II), Hda. Mirasol Relocation Site, Barangay Granada, Bacolod City",5000000.0,2027DPWH-Proposal-37376,Construction/ Rehabilitation of Water Supply/ Septage and Sewerage/ Rain Water Collectors,Shared water-sector PAP2
2027,Region III,Bataan 1st District Engineering Office,Water Supply System,"Construction of Water System, Barangay San Roque, Samal, Bataan",5000000.0,2027DPWH-Proposal-35762,Construction/ Rehabilitation of Water Supply/ Septage and Sewerage/ Rain Water Collectors,Shared water-sector PAP2
2027,Region III,Bataan 1st District Engineering Office,Water Supply System,"Construction of Water System, Barangay Gugo, Samal, Bataan",5000000.0,2027DPWH-Proposal-35758,Construction/ Rehabilitation of Water Supply/ Septage and Sewerage/ Rain Water Collectors,Shared water-sector PAP2
2027,Region III,Bataan 1st District Engineering Office,Water Supply System,"Construction of Water System (Water Tank), Barangay Sta. Lucia, Samal, Bataan",5000000.0,2027DPWH-Proposal-35764,Construction/ Rehabilitation of Water Supply/ Septage and Sewerage/ Rain Water Collectors,Shared water-sector PAP2
2027,Region III,Bataan 1st District Engineering Office,Water Supply System,"Construction of Water System, Barangay Sumalo, Hermosa, Bataan",5000000.0,2027DPWH-Proposal-35782,Construction/ Rehabilitation of Water Supply/ Septage and Sewerage/ Rain Water Collectors,Shared water-sector PAP2
2027,Region III,Bataan 2nd District Engineering Office,Water Supply System,"Rehabilitation of Water System, Barangay Daan Pare, Orion Bataan (14.601694, 120.581978)",5000000.0,2027DPWH-Proposal-35609,Construction/ Rehabilitation of Water Supply/ Septage and Sewerage/ Rain Water Collectors,Shared water-sector PAP2
2027,Region III,Bataan 3rd District Engineering Office,Water Supply System,"Construction of Water Supply System, Barangay Saysain, Bagac, Bataan",10000000.0,2027DPWH-Proposal-35637,Construction/ Rehabilitation of Water Supply/ Septage and Sewerage/ Rain Water Collectors,Shared water-sector PAP2
2027,Region III,Bataan 3rd District Engineering Office,Water Supply System,"Rehabilitation of Water Supply System, Barangay Camaya, Mariveles, Bataan",5000000.0,2027DPWH-Proposal-35631,Construction/ Rehabilitation of Water Supply/ Septage and Sewerage/ Rain Water Collectors,Shared water-sector PAP2
2027,Region III,Bataan 3rd District Engineering Office,Water Supply System,"Construction of Water Supply System, Barangay Binuangan, Bagac, Bataan",5000000.0,2027DPWH-Proposal-35672,Construction/ Rehabilitation of Water Supply/ Septage and Sewerage/ Rain Water Collectors,Shared water-sector PAP2
2027,Region II,Batanes District Engineering Office,Water Supply System,"Rehabilitation of Water System, Barangay San Joaquin, Basco, Batanes",10000000.0,2027DPWH-Proposal-34939,Construction/ Rehabilitation of Water Supply/ Septage and Sewerage/ Rain Water Collectors,Shared water-sector PAP2
2027,Region IV-A,Batangas 2nd District Engineering Office,Water Supply System,"Construction of Water Supply System at Sitio Sta. Monic, Barangay San Tedoro, Mabini, Batangas",12000000.0,2027DPWH-Proposal-09620,Construction/ Rehabilitation of Water Supply/ Septage and Sewerage/ Rain Water Collectors,Shared water-sector PAP2
2027,Region IV-A,Batangas 2nd District Engineering Office,Water Supply System,"Construction of Solar Water Supply System at Barangay Makawayan, Tingloy, Batangas",10000000.0,2027DPWH-Proposal-09607,Construction/ Rehabilitation of Water Supply/ Septage and Sewerage/ Rain Water Collectors,Shared water-sector PAP2
2027,Region IV-A,Batangas 2nd District Engineering Office,Water Supply System,"Construction of Solar Water Supply System at Sitio Banalo, Barangay San Isidro, Tingloy, Batangas",10000000.0,2027DPWH-Proposal-09608,Construction/ Rehabilitation of Water Supply/ Septage and Sewerage/ Rain Water Collectors,Shared water-sector PAP2
2027,Region IV-A,Batangas 2nd District Engineering Office,Water Supply System,"Construction of Solar Water Supply System at Barangay San Juan, Tingloy, Batangas",10000000.0,2027DPWH-Proposal-09609,Construction/ Rehabilitation of Water Supply/ Septage and Sewerage/ Rain Water Collectors,Shared water-sector PAP2
2027,Region IV-A,Batangas 2nd District Engineering Office,Water Supply System,"Construction of Level II Potable Water Supply System, Barangay Pook Ni Banal, San Pascual, Batangas",10000000.0,2027DPWH-Proposal-23548,Construction/ Rehabilitation of Water Supply/ Septage and Sewerage/ Rain Water Collectors,Shared water-sector PAP2
2027,Region IV-A,Batangas 2nd District Engineering Office,Water Supply System,"Construction of Water Supply System at Barangay Bagalangit, Mabini, Batangas",7000000.0,2027DPWH-Proposal-09615,Construction/ Rehabilitation of Water Supply/ Septage and Sewerage/ Rain Water Collectors,Shared water-sector PAP2
2027,Region IV-A,Batangas 2nd District Engineering Office,Water Supply System,"Construction of Water Supply System, Barangay Balagtasin, San Luis, Batangas",5000000.0,2027DPWH-Proposal-09616,Construction/ Rehabilitation of Water Supply/ Septage and Sewerage/ Rain Water Collectors,Shared water-sector PAP2
2027,Region IV-A,Batangas 2nd District Engineering Office,Water Supply System,"Construction of Water Supply System at Barangay Kaingin, San Pascual, Batangas",5000000.0,2027DPWH-Proposal-09611,Construction/ Rehabilitation of Water Supply/ Septage and Sewerage/ Rain Water Collectors,Shared water-sector PAP2
2027,Region IV-A,Batangas 2nd District Engineering Office,Water Supply System,"Construction of Water Supply System, Barangay Lagadlarin, Lobo, Batangas",5000000.0,2027DPWH-Proposal-09622,Construction/ Rehabilitation of Water Supply/ Septage and Sewerage/ Rain Water Collectors,Shared water-sector PAP2
2027,Region IV-A,Batangas 2nd District Engineering Office,Water Supply System,"Construction of Water Supply System, Barangay Pinaghawanan, Lobo, Batangas",5000000.0,2027DPWH-Proposal-09621,Construction/ Rehabilitation of Water Supply/ Septage and Sewerage/ Rain Water Collectors,Shared water-sector PAP2
2027,Region IV-A,Batangas 2nd District Engineering Office,Water Supply System,"Construction of Water Supply System (Deepwell) at Barangay San Miguel, Lobo, Batangas",2000000.0,2027DPWH-Proposal-09614,Construction/ Rehabilitation of Water Supply/ Septage and Sewerage/ Rain Water Collectors,Shared water-sector PAP2
2027,Region IV-A,Batangas 2nd District Engineering Office,Water Supply System,"Construction (Completion) of Water Supply System at Barangay Resplandor, San Pascual, Batangas",2000000.0,2027DPWH-Proposal-09613,Construction/ Rehabilitation of Water Supply/ Septage and Sewerage/ Rain Water Collectors,Shared water-sector PAP2
2027,Region IV-A,Batangas 2nd District Engineering Office,Water Supply System,"Rehabilitation of Water Supply System at Barangay Del Pilar, San Pascual, Batangas",2000000.0,2027DPWH-Proposal-09610,Construction/ Rehabilitation of Water Supply/ Septage and Sewerage/ Rain Water Collectors,Shared water-sector PAP2
2027,Region IV-A,Batangas 3rd District Engineering Office,Water Supply System,"Construction of Public Water Supply System, Barangay Hipit, San Nicolas, Batangas",5000000.0,2027DPWH-Proposal-36725,Construction/ Rehabilitation of Water Supply/ Septage and Sewerage/ Rain Water Collectors,Shared water-sector PAP2
2027,Region IV-A,Batangas 3rd District Engineering Office,Water Supply System,"Construction of Waterworks System, Barangay San Felipe, Cuenca, Batangas",5000000.0,2027DPWH-Proposal-36643,Construction/ Rehabilitation of Water Supply/ Septage and Sewerage/ Rain Water Collectors,Shared water-sector PAP2
2027,Region IV-A,Batangas 3rd District Engineering Office,Water Supply System,"Construction of Waterworks System, Barangay Berinayan, Laurel, Batangas",5000000.0,2027DPWH-Proposal-36636,Construction/ Rehabilitation of Water Supply/ Septage and Sewerage/ Rain Water Collectors,Shared water-sector PAP2
2027,Region IV-A,Batangas 3rd District Engineering Office,Water Supply System,"Rehabilitation of Water System, Barangay San Jose, Sto Tomas City, Batangas",5000000.0,2027DPWH-Proposal-36556,Construction/ Rehabilitation of Water Supply/ Septage and Sewerage/ Rain Water Collectors,Shared water-sector PAP2
2027,Region IV-A,Batangas 3rd District Engineering Office,Water Supply System,"Construction of Water System, Barangay San Agustin, Sto. Tomas City, Batangas",5000000.0,2027DPWH-Proposal-36595,Construction/ Rehabilitation of Water Supply/ Septage and Sewerage/ Rain Water Collectors,Shared water-sector PAP2
2027,Region IV-A,Batangas 3rd District Engineering Office,Water Supply System,"Rehabilitation of Water System, Barangay San Pedro 1, Malvar, Batangas",3000000.0,2027DPWH-Proposal-36605,Construction/ Rehabilitation of Water Supply/ Septage and Sewerage/ Rain Water Collectors,Shared water-sector PAP2
2027,Region IV-A,Batangas 4th District Engineering Office,Water Supply System,"Construction of Water Supply System at Barangay San Miguel, Padre Garcia, Batangas",5000000.0,2027DPWH-Proposal-36273,Construction/ Rehabilitation of Water Supply/ Septage and Sewerage/ Rain Water Collectors,Shared water-sector PAP2
2027,Region IV-A,Batangas 4th District Engineering Office,Water Supply System,"Construction of Water Supply System at Barangay San Felipe, Padre Garcia, Batangas",5000000.0,2027DPWH-Proposal-36272,Construction/ Rehabilitation of Water Supply/ Septage and Sewerage/ Rain Water Collectors,Shared water-sector PAP2
2027,Region IV-A,Batangas 4th District Engineering Office,Water Supply System,"Construction of Water Supply System at Barangay Dagatan, Taysan, Batangas",5000000.0,2027DPWH-Proposal-36276,Construction/ Rehabilitation of Water Supply/ Septage and Sewerage/ Rain Water Collectors,Shared water-sector PAP2
2027,Region IV-A,Batangas 4th District Engineering Office,Water Supply System,"Construction of Water Supply System at Barangay Manggas, Padre Garcia, Batangas",5000000.0,2027DPWH-Proposal-36290,Construction/ Rehabilitation of Water Supply/ Septage and Sewerage/ Rain Water Collectors,Shared water-sector PAP2
2027,Region IV-A,Batangas 4th District Engineering Office,Water Supply System,"Construction of Water Supply System at Barangay Laurel, Taysan, Batangas",5000000.0,2027DPWH-Proposal-36291,Construction/ Rehabilitation of Water Supply/ Septage and Sewerage/ Rain Water Collectors,Shared water-sector PAP2
2027,CAR,Benguet 2nd District Engineering Office,Water Supply System,"Construction of Waterworks at Sayangan, Paoay, Atok, Benguet",30000000.0,2027DPWH-Proposal-29997,Construction/ Rehabilitation of Water Supply/ Septage and Sewerage/ Rain Water Collectors,Shared water-sector PAP2
2027,Region VII,Bohol 1st District Engineering Office,Water Supply System,Improvement/Rehabilitation of Baclayon Waterworks System,50000000.0,2027DPWH-Proposal-33518,Construction/ Rehabilitation of Water Supply/ Septage and Sewerage/ Rain Water Collectors,Shared water-sector PAP2
2027,Region VII,Bohol 2nd District Engineering Office,Water Supply System,"Construction of Water System, Inabanga, Bohol",50000000.0,2027DPWH-Proposal-06544,Construction/ Rehabilitation of Water Supply/ Septage and Sewerage/ Rain Water Collectors,Shared water-sector PAP2
2027,Region VII,Bohol 2nd District Engineering Office,Water Supply System,"Improvement of Danao Waterworks System, Barangay Concepcion, Danao, Bohol",45000000.0,2027DPWH-Proposal-06669,Construction/ Rehabilitation of Water Supply/ Septage and Sewerage/ Rain Water Collectors,Shared water-sector PAP2
2027,Region III,Bulacan 2nd District Engineering Office,Water Supply System,"Construction of Solar-Powered Water System at Ospital ng Meycauayan, Barangay Malhacan, Meycauyan City, Bulacan",10000000.0,2027DPWH-Proposal-36087,Construction/ Rehabilitation of Water Supply/ Septage and Sewerage/ Rain Water Collectors,Shared water-sector PAP2
2027,Region III,Bulacan 2nd District Engineering Office,Water Supply System,"Construction of Solar-Powered Water System at City of Meycauayan Evacuation Center, Barangay Banga, Meycauayan City, Bulacan",10000000.0,2027DPWH-Proposal-36142,Construction/ Rehabilitation of Water Supply/ Septage and Sewerage/ Rain Water Collectors,Shared water-sector PAP2
2027,Region XIII,Butuan City District Engineering Office,Water Supply System,"Construction of Butuan City Water System, Main Bypass Pipeline , (Barangay Villa Kanangga - Barangay Bancasi Section ), Butuan City",300000000.0,2027DPWH-Proposal-38924,Construction/ Rehabilitation of Water Supply/ Septage and Sewerage/ Rain Water Collectors,Shared water-sector PAP2
2027,Region XIII,Butuan City District Engineering Office,Water Supply System,"Construction of Butuan City Water System, Main Bypass Pipeline , Relief Pipe (Baan to Macapagal Br. To Villa Kanangga ), Butuan City,",300000000.0,2027DPWH-Proposal-38925,Construction/ Rehabilitation of Water Supply/ Septage and Sewerage/ Rain Water Collectors,Shared water-sector PAP2
2027,Region XIII,Butuan City District Engineering Office,Water Supply System,"Construction of Butuan City Water System, Main Bypass Pipeline , (Barangay Mahay - Barangay Villa Kanangga Section ), Butuan City",250000000.0,2027DPWH-Proposal-38923,Construction/ Rehabilitation of Water Supply/ Septage and Sewerage/ Rain Water Collectors,Shared water-sector PAP2
2027,Region II,Cagayan 1st District Engineering Office,Water Supply System,"Construction of of Water Supply (Level II), Palaui Island, Barangay San Vicente, Sta. Ana, Cagayan",10000000.0,2027DPWH-Proposal-35048,Construction/ Rehabilitation of Water Supply/ Septage and Sewerage/ Rain Water Collectors,Shared water-sector PAP2
2027,Region II,Cagayan 1st District Engineering Office,Water Supply System,"Construction (Completion) of Water System (Level III), Barangay Sanja-Bisagu, Aparri, Cagayan",5000000.0,2027DPWH-Proposal-35041,Construction/ Rehabilitation of Water Supply/ Septage and Sewerage/ Rain Water Collectors,Shared water-sector PAP2
2027,Region II,Cagayan 2nd District Engineering Office,Water Supply System,"Construction of Water System (Level II), Barangay Sta. Cruz, Pamplona, Cagayan",5000000.0,2027DPWH-Proposal-35206,Construction/ Rehabilitation of Water Supply/ Septage and Sewerage/ Rain Water Collectors,Shared water-sector PAP2
2027,Region II,Cagayan 3rd District Engineering Office,Water Supply System,"Construction (Completion) of Water Supply System (Level II), Barangay Quibal, Peñablanca, Cagayan",10000000.0,2027DPWH-Proposal-35016,Construction/ Rehabilitation of Water Supply/ Septage and Sewerage/ Rain Water Collectors,Shared water-sector PAP2
2027,Region II,Cagayan 3rd District Engineering Office,Water Supply System,"Construction of Water Supply System (Level II), Barangay Unag, Amulung, Cagayan",5000000.0,2027DPWH-Proposal-35010,Construction/ Rehabilitation of Water Supply/ Septage and Sewerage/ Rain Water Collectors,Shared water-sector PAP2
2027,Region II,Cagayan 3rd District Engineering Office,Water Supply System,"Construction of Water Supply System (Level II), Barangay Dadda, Amulung, Cagayan",5000000.0,2027DPWH-Proposal-35012,Construction/ Rehabilitation of Water Supply/ Septage and Sewerage/ Rain Water Collectors,Shared water-sector PAP2
2027,Region II,Cagayan 3rd District Engineering Office,Water Supply System,"Construction of Water Supply System (Level II), Barangay Casingsingan Norte, Amulung, Cagayan",5000000.0,2027DPWH-Proposal-35009,Construction/ Rehabilitation of Water Supply/ Septage and Sewerage/ Rain Water Collectors,Shared water-sector PAP2
2027,Region II,Cagayan 3rd District Engineering Office,Water Supply System,"Construction of Water Supply System (Level II), Barangay Gadu, Solana, Cagayan",5000000.0,2027DPWH-Proposal-35008,Construction/ Rehabilitation of Water Supply/ Septage and Sewerage/ Rain Water Collectors,Shared water-sector PAP2
2027,Region II,Cagayan 3rd District Engineering Office,Water Supply System,"Construction of Water Supply System (Level II), Barangay Dassun, Solana, Cagayan",5000000.0,2027DPWH-Proposal-35007,Construction/ Rehabilitation of Water Supply/ Septage and Sewerage/ Rain Water Collectors,Shared water-sector PAP2
2027,Region II,Cagayan 3rd District Engineering Office,Water Supply System,"Construction of Water Supply System (Level II), Barangay Bacring, Amulung, Cagayan",5000000.0,2027DPWH-Proposal-35013,Construction/ Rehabilitation of Water Supply/ Septage and Sewerage/ Rain Water Collectors,Shared water-sector PAP2
2027,Region II,Cagayan 3rd District Engineering Office,Water Supply System,"Construction of Water Supply System (Level II), Barangay Masical, Amulung, Cagayan",5000000.0,2027DPWH-Proposal-35014,Construction/ Rehabilitation of Water Supply/ Septage and Sewerage/ Rain Water Collectors,Shared water-sector PAP2
2027,Region II,Cagayan 3rd District Engineering Office,Water Supply System,"Construction of Water Supply System (Level II), Barangay Dugayung, Amulung, Cagayan",5000000.0,2027DPWH-Proposal-35015,Construction/ Rehabilitation of Water Supply/ Septage and Sewerage/ Rain Water Collectors,Shared water-sector PAP2
2027,Region II,Cagayan 3rd District Engineering Office,Water Supply System,"Construction of Water Supply System (Level II), Barangay Calintaan, Amulung, Cagayan",5000000.0,2027DPWH-Proposal-35148,Construction/ Rehabilitation of Water Supply/ Septage and Sewerage/ Rain Water Collectors,Shared water-sector PAP2
2027,Region II,Cagayan 3rd District Engineering Office,Water Supply System,"Construction of Water Supply System (Level II), Barangay Maguirig, Solana, Cagayan",5000000.0,2027DPWH-Proposal-35147,Construction/ Rehabilitation of Water Supply/ Septage and Sewerage/ Rain Water Collectors,Shared water-sector PAP2
2027,Region II,Cagayan 3rd District Engineering Office,Water Supply System,"Construction of Water Supply System (Level II), Barangay Abolo, Amulung, Cagayan",5000000.0,2027DPWH-Proposal-35011,Construction/ Rehabilitation of Water Supply/ Septage and Sewerage/ Rain Water Collectors,Shared water-sector PAP2
2027,Region X,Cagayan de Oro City 1st District Engineering Office,Water Supply System,"Construction of Solar Water System in Barangay Canitoan, Cagayan de Oro City",10000000.0,2027DPWH-Proposal-39192,Construction/ Rehabilitation of Water Supply/ Septage and Sewerage/ Rain Water Collectors,Shared water-sector PAP2
2027,Region X,Cagayan de Oro City 1st District Engineering Office,Water Supply System,"Construction of Solar Water System in Barangay Dansolihon, Cagayan de Oro City",10000000.0,2027DPWH-Proposal-39193,Construction/ Rehabilitation of Water Supply/ Septage and Sewerage/ Rain Water Collectors,Shared water-sector PAP2
2027,Region X,Cagayan de Oro City 1st District Engineering Office,Water Supply System,"Construction of Solar Water System in Barangay Lumbia, Cagayan de Oro City",10000000.0,2027DPWH-Proposal-39194,Construction/ Rehabilitation of Water Supply/ Septage and Sewerage/ Rain Water Collectors,Shared water-sector PAP2
2027,Region X,Cagayan de Oro City 1st District Engineering Office,Water Supply System,"Construction of Solar Water System in Barangay Pagalungan, Cagayan de Oro City",10000000.0,2027DPWH-Proposal-39195,Construction/ Rehabilitation of Water Supply/ Septage and Sewerage/ Rain Water Collectors,Shared water-sector PAP2
2027,Region X,Cagayan de Oro City 1st District Engineering Office,Water Supply System,"Construction of Solar Water System in Barangay Tumpagon, Cagayan de Oro City",10000000.0,2027DPWH-Proposal-39196,Construction/ Rehabilitation of Water Supply/ Septage and Sewerage/ Rain Water Collectors,Shared water-sector PAP2
2027,Region X,Cagayan de Oro City 1st District Engineering Office,Water Supply System,"Construction of Solar Water System in Barangay Balulang, Cagayan de Oro City",10000000.0,2027DPWH-Proposal-39191,Construction/ Rehabilitation of Water Supply/ Septage and Sewerage/ Rain Water Collectors,Shared water-sector PAP2
2027,Region V,Camarines Sur 1st District Engineering Office,Water Supply System,"Construction of Water System, Cabusao, Camarines Sur",25000000.0,2027DPWH-Proposal-39296,Construction/ Rehabilitation of Water Supply/ Septage and Sewerage/ Rain Water Collectors,Shared water-sector PAP2
2027,Region V,Camarines Sur 1st District Engineering Office,Water Supply System,"Construction of Water System, Barangay North Villazar, Sipocot, Camarines Sur",8000000.0,2027DPWH-Proposal-39297,Construction/ Rehabilitation of Water Supply/ Septage and Sewerage/ Rain Water Collectors,Shared water-sector PAP2
2027,Region V,Camarines Sur 1st District Engineering Office,Water Supply System,"Construction of Water System, Barangay Barrera Sr., Lupi, Camarines Sur",8000000.0,2027DPWH-Proposal-39298,Construction/ Rehabilitation of Water Supply/ Septage and Sewerage/ Rain Water Collectors,Shared water-sector PAP2
2027,Region V,Camarines Sur 1st District Engineering Office,Water Supply System,"Construction of Water System, Barangay Sugsugin, Del Gallego, Camarines Sur",8000000.0,2027DPWH-Proposal-39299,Construction/ Rehabilitation of Water Supply/ Septage and Sewerage/ Rain Water Collectors,Shared water-sector PAP2
2027,Region V,Camarines Sur 1st District Engineering Office,Water Supply System,"Construction of Water System, Barangay Bagong Silang, Del Gallego, Camarines Sur",8000000.0,2027DPWH-Proposal-39300,Construction/ Rehabilitation of Water Supply/ Septage and Sewerage/ Rain Water Collectors,Shared water-sector PAP2
2027,Region VI,Capiz 2nd District Engineering Office,Water Supply System,"Construction of Water Supply System, Barangay Balingasag, Cuartero, Capiz",12000000.0,2027DPWH-Proposal-37094,Construction/ Rehabilitation of Water Supply/ Septage and Sewerage/ Rain Water Collectors,Shared water-sector PAP2
2027,Region VI,Capiz 2nd District Engineering Office,Water Supply System,"Construction of Water Supply, Barangay Carataya, Cuartero, Capiz",10000000.0,2027DPWH-Proposal-37089,Construction/ Rehabilitation of Water Supply/ Septage and Sewerage/ Rain Water Collectors,Shared water-sector PAP2
2027,Region V,Catanduanes District Engineering Office,Water Supply System,"Construction of Water System Level II and III at Progreso,Mabato,Obo,Boton , San Miguel ,Catanduanes",8500000.0,2027DPWH-Proposal-39477,Construction/ Rehabilitation of Water Supply/ Septage and Sewerage/ Rain Water Collectors,Shared water-sector PAP2
2027,Region V,Catanduanes District Engineering Office,Water Supply System,"Construction of Water System Level II and III at Barangay Panique, Sitio San Jose, Mabini and Datag East/West, Caramoran, Catanduanes",7000000.0,2027DPWH-Proposal-39454,Construction/ Rehabilitation of Water Supply/ Septage and Sewerage/ Rain Water Collectors,Shared water-sector PAP2
2027,Region V,Catanduanes District Engineering Office,Water Supply System,"Construction (Completion) of Water System Level II and III at Barangay Del Pilar and Ogbong, Viga, Catanduanes",4000000.0,2027DPWH-Proposal-39478,Construction/ Rehabilitation of Water Supply/ Septage and Sewerage/ Rain Water Collectors,Shared water-sector PAP2
2027,Region V,Catanduanes District Engineering Office,Water Supply System,"Construction (Completion) of Water System Level II and III, Barangay Abihao and Caragumihan, Baras, Catanduanes",4000000.0,2027DPWH-Proposal-39441,Construction/ Rehabilitation of Water Supply/ Septage and Sewerage/ Rain Water Collectors,Shared water-sector PAP2
2027,Region V,Catanduanes District Engineering Office,Water Supply System,"Construction (Completion) of Water System Level II and III, San Isidro, Bagamanoc, Catanduanes",2500000.0,2027DPWH-Proposal-39449,Construction/ Rehabilitation of Water Supply/ Septage and Sewerage/ Rain Water Collectors,Shared water-sector PAP2
2027,Region V,Catanduanes District Engineering Office,Water Supply System,"Construction (Completion) of Water System Level II and III at Cagdarao, Panganiban, Catanduanes",2500000.0,2027DPWH-Proposal-39466,Construction/ Rehabilitation of Water Supply/ Septage and Sewerage/ Rain Water Collectors,Shared water-sector PAP2
2027,Region IV-A,Cavite 2nd District Engineering Office,Water Supply System,"Construction of Public Water Supply System, Barangay Kaybagal North, Tagaytay City, Cavite",30000000.0,2027DPWH-Proposal-36521,Construction/ Rehabilitation of Water Supply/ Septage and Sewerage/ Rain Water Collectors,Shared water-sector PAP2
2027,Region IV-A,Cavite 2nd District Engineering Office,Water Supply System,"Construction of Public Water Supply System, Barangay Iruhin East, Tagaytay City, Cavite",30000000.0,2027DPWH-Proposal-36522,Construction/ Rehabilitation of Water Supply/ Septage and Sewerage/ Rain Water Collectors,Shared water-sector PAP2
2027,Region IV-A,Cavite 2nd District Engineering Office,Water Supply System,"Construction of Public Water Supply System, Barangay Patuto South, Tagaytay City, Cavite",30000000.0,2027DPWH-Proposal-36523,Construction/ Rehabilitation of Water Supply/ Septage and Sewerage/ Rain Water Collectors,Shared water-sector PAP2
2027,Region IV-A,Cavite 2nd District Engineering Office,Water Supply System,"Construction of Public Water Supply System, Barangay Maitim 2nd East, Tagaytay City, Cavite",30000000.0,2027DPWH-Proposal-36520,Construction/ Rehabilitation of Water Supply/ Septage and Sewerage/ Rain Water Collectors,Shared water-sector PAP2
2027,Region IV-A,Cavite 2nd District Engineering Office,Water Supply System,"Construction of Public Water Supply System, Barangay Kabulusan, Gen. Emilio Aguinaldo, Cavite",15000000.0,2027DPWH-Proposal-36516,Construction/ Rehabilitation of Water Supply/ Septage and Sewerage/ Rain Water Collectors,Shared water-sector PAP2
2027,Region IV-A,Cavite 2nd District Engineering Office,Water Supply System,"Construction of Public Water Supply System, Barangay Castaños Cerca, Gen. Emilio Aguinaldo, Cavite",15000000.0,2027DPWH-Proposal-36515,Construction/ Rehabilitation of Water Supply/ Septage and Sewerage/ Rain Water Collectors,Shared water-sector PAP2
2027,Region IV-A,Cavite 2nd District Engineering Office,Water Supply System,"Construction of Public Water Reservoir, Barangay Sungay East, Tagaytay City, Cavite",15000000.0,2027DPWH-Proposal-36524,Construction/ Rehabilitation of Water Supply/ Septage and Sewerage/ Rain Water Collectors,Shared water-sector PAP2
2027,Region IV-A,Cavite 2nd District Engineering Office,Water Supply System,"Construction of Public Water Supply System, Barangay Castaños Lejos, Gen. Emilio Aguinaldo, Cavite",15000000.0,2027DPWH-Proposal-36514,Construction/ Rehabilitation of Water Supply/ Septage and Sewerage/ Rain Water Collectors,Shared water-sector PAP2
2027,Region VII,Cebu 1st District Engineering Office,Water Supply System,"Construction of Public Water System Level II, Ilaya, San Fernando, Cebu",5000000.0,2027DPWH-Proposal-37777,Construction/ Rehabilitation of Water Supply/ Septage and Sewerage/ Rain Water Collectors,Shared water-sector PAP2
2027,Region VII,Cebu 1st District Engineering Office,Water Supply System,"Construction of Public Water System Level III, Tinaan, Naga City, Cebu",5000000.0,2027DPWH-Proposal-37776,Construction/ Rehabilitation of Water Supply/ Septage and Sewerage/ Rain Water Collectors,Shared water-sector PAP2
2027,Region VII,Cebu 1st District Engineering Office,Water Supply System,"Construction of Public Water System Level II, Jaguimit, Naga City, Cebu",5000000.0,2027DPWH-Proposal-37773,Construction/ Rehabilitation of Water Supply/ Septage and Sewerage/ Rain Water Collectors,Shared water-sector PAP2
2027,Region VII,Cebu 1st District Engineering Office,Water Supply System,"Construction (Completion) of Public Water System Level III, Inayagan, Naga City, Cebu",2500000.0,2027DPWH-Proposal-37772,Construction/ Rehabilitation of Water Supply/ Septage and Sewerage/ Rain Water Collectors,Shared water-sector PAP2
2027,Region VII,Cebu 1st District Engineering Office,Water Supply System,"Construction (Completion) of Public Water System Level III, Tangke, Naga City, Cebu",2500000.0,2027DPWH-Proposal-37775,Construction/ Rehabilitation of Water Supply/ Septage and Sewerage/ Rain Water Collectors,Shared water-sector PAP2
2027,Region VII,Cebu 1st District Engineering Office,Water Supply System,"Construction (Completion) of Public Water System Level III, Naalad, Naga City, Cebu",2500000.0,2027DPWH-Proposal-37774,Construction/ Rehabilitation of Water Supply/ Septage and Sewerage/ Rain Water Collectors,Shared water-sector PAP2
2027,Region VII,Cebu 1st District Engineering Office,Water Supply System,"Construction (Completion) of Public Water System Level III, Cabungahan, Naga City, Cebu",2500000.0,2027DPWH-Proposal-37771,Construction/ Rehabilitation of Water Supply/ Septage and Sewerage/ Rain Water Collectors,Shared water-sector PAP2
2027,Region VII,Cebu 2nd District Engineering Office,Water Supply System,"Construction of Water Supply System, Barangay Talaga, Argao, Cebu",5000000.0,2027DPWH-Proposal-37747,Construction/ Rehabilitation of Water Supply/ Septage and Sewerage/ Rain Water Collectors,Shared water-sector PAP2
2027,Region VII,Cebu 2nd District Engineering Office,Water Supply System,"Construction of Water Supply System, Barangay Catang, Argao, Cebu",5000000.0,2027DPWH-Proposal-37746,Construction/ Rehabilitation of Water Supply/ Septage and Sewerage/ Rain Water Collectors,Shared water-sector PAP2
2027,Region VII,Cebu 2nd District Engineering Office,Water Supply System,"Construction of Water Supply System, Barangay Nueva Caceres, Oslob, Cebu",5000000.0,2027DPWH-Proposal-37736,Construction/ Rehabilitation of Water Supply/ Septage and Sewerage/ Rain Water Collectors,Shared water-sector PAP2
2027,Region VII,Cebu 2nd District Engineering Office,Water Supply System,"Construction of Water Supply System, Barangay Tabayag, Argao, Cebu",5000000.0,2027DPWH-Proposal-37756,Construction/ Rehabilitation of Water Supply/ Septage and Sewerage/ Rain Water Collectors,Shared water-sector PAP2
2027,Region VII,Cebu 5th District Engineering Office,Water Supply System,"Rehabilitation of Water Distribution Lines - Barangay Upper Pob., Lower Pob., Villahermosa, Esperanza, Dapdap, Imelda, Lanao, Biasong, Cawit, Moabog, Montserrat, San Isidro & San Juan, Pilar, Cebu",20000000.0,2027DPWH-Proposal-06684,Construction/ Rehabilitation of Water Supply/ Septage and Sewerage/ Rain Water Collectors,Shared water-sector PAP2
2027,Region VII,Cebu 5th District Engineering Office,Water Supply System,"Construction of Small Water Impounding (SWIP) at Barangay Mc Arthur, Tudela, Cebu",10000000.0,2027DPWH-Proposal-06682,Construction/ Rehabilitation of Water Supply/ Septage and Sewerage/ Rain Water Collectors,Shared water-sector PAP2
2027,Region VII,Cebu 5th District Engineering Office,Water Supply System,"Construction (Completion) of Water System, Barangay Tabunok, Sogod, Cebu",2500000.0,2027DPWH-Proposal-37717,Construction/ Rehabilitation of Water Supply/ Septage and Sewerage/ Rain Water Collectors,Shared water-sector PAP2
2027,Region VII,Cebu 5th District Engineering Office,Water Supply System,"Construction (Completion) of Water System, Barangay Cabangahan, Sogod, Cebu",2500000.0,2027DPWH-Proposal-37716,Construction/ Rehabilitation of Water Supply/ Septage and Sewerage/ Rain Water Collectors,Shared water-sector PAP2
2027,Region XII,Cotabato 1st District Engineering Office,Water Supply System,"Construction of Water System Level II, Barangay Cabpangi, Libungan, Cotabato",5000000.0,2027DPWH-Proposal-38680,Construction/ Rehabilitation of Water Supply/ Septage and Sewerage/ Rain Water Collectors,Shared water-sector PAP2
2027,Region XII,Cotabato 1st District Engineering Office,Water Supply System,"Construction of Water System Level I, Purok Mahogany, Barangay Sadaan, Midsayap, Cotabato",3000000.0,2027DPWH-Proposal-38679,Construction/ Rehabilitation of Water Supply/ Septage and Sewerage/ Rain Water Collectors,Shared water-sector PAP2
2027,Region XII,Cotabato 1st District Engineering Office,Water Supply System,"Construction of Water System Level I, Barangay Bulod, Pikit, Cotabato",3000000.0,2027DPWH-Proposal-38678,Construction/ Rehabilitation of Water Supply/ Septage and Sewerage/ Rain Water Collectors,Shared water-sector PAP2
2027,Region XII,Cotabato 2nd District Engineering Office,Water Supply System,"Construction of Solar Water System, BSP Camp Old Bulatukan, Makilala, North Cotabato",10000000.0,2027DPWH-Proposal-38712,Construction/ Rehabilitation of Water Supply/ Septage and Sewerage/ Rain Water Collectors,Shared water-sector PAP2
2027,Region XII,Cotabato 2nd District Engineering Office,Water Supply System,"Construction of Water System, Barangay Malungon, Makilala, North Cotabato",5000000.0,2027DPWH-Proposal-38710,Construction/ Rehabilitation of Water Supply/ Septage and Sewerage/ Rain Water Collectors,Shared water-sector PAP2
2027,Region XII,Cotabato 2nd District Engineering Office,Water Supply System,"Construction (Completion) of Water System, Barangay Leboce, Makilala, North Cotabato",2000000.0,2027DPWH-Proposal-38711,Construction/ Rehabilitation of Water Supply/ Septage and Sewerage/ Rain Water Collectors,Shared water-sector PAP2
2027,Region XII,Cotabato 3rd District Engineering Office,Water Supply System,"Construction of Solar Water System, Purok 7, Barangay Tibao, M'Lang, Cotabato",5000000.0,2027DPWH-Proposal-38629,Construction/ Rehabilitation of Water Supply/ Septage and Sewerage/ Rain Water Collectors,Shared water-sector PAP2
2027,Region XII,Cotabato 3rd District Engineering Office,Water Supply System,"Construction of Solar Water System, Barangay Carugmanan, Banisilan, Cotabato",5000000.0,2027DPWH-Proposal-38612,Construction/ Rehabilitation of Water Supply/ Septage and Sewerage/ Rain Water Collectors,Shared water-sector PAP2
2027,Region XII,Cotabato 3rd District Engineering Office,Water Supply System,"Construction of Solar Water System, Barangay Pantar, Banisilan, Cotabato",5000000.0,2027DPWH-Proposal-38608,Construction/ Rehabilitation of Water Supply/ Septage and Sewerage/ Rain Water Collectors,Shared water-sector PAP2
2027,Region XII,Cotabato 3rd District Engineering Office,Water Supply System,"Construction (Completion) of Solar Water System, Purok 4, Barangay Magallon, M'Lang, Cotabato",5000000.0,2027DPWH-Proposal-38635,Construction/ Rehabilitation of Water Supply/ Septage and Sewerage/ Rain Water Collectors,Shared water-sector PAP2
2027,Region XII,Cotabato 3rd District Engineering Office,Water Supply System,"Construction of Water System, Barangay G. Baynosa, Tulunan, Cotabato",5000000.0,2027DPWH-Proposal-38630,Construction/ Rehabilitation of Water Supply/ Septage and Sewerage/ Rain Water Collectors,Shared water-sector PAP2
2027,Region XI,Davao de Oro 1st District Engineering Office,Water Supply System,"Construction of Water System Level II, Highland Side, Pantukan, Davao de Oro",20000000.0,2027DPWH-Proposal-38422,Construction/ Rehabilitation of Water Supply/ Septage and Sewerage/ Rain Water Collectors,Shared water-sector PAP2
2027,Region XI,Davao de Oro 1st District Engineering Office,Water Supply System,"Construction of Water System Level II, Barangay Datu Davao, Laak, Davao de Oro",12000000.0,2027DPWH-Proposal-38414,Construction/ Rehabilitation of Water Supply/ Septage and Sewerage/ Rain Water Collectors,Shared water-sector PAP2
2027,Region XI,Davao de Oro 1st District Engineering Office,Water Supply System,"Construction of Water System Level II, Barangay Banbanon, Laak, Davao de Oro",12000000.0,2027DPWH-Proposal-38424,Construction/ Rehabilitation of Water Supply/ Septage and Sewerage/ Rain Water Collectors,Shared water-sector PAP2
2027,Region XI,Davao de Oro 1st District Engineering Office,Water Supply System,"Construction of Water System Level II, Barangay Cebulida, Laak, Davao de Oro",10000000.0,2027DPWH-Proposal-38413,Construction/ Rehabilitation of Water Supply/ Septage and Sewerage/ Rain Water Collectors,Shared water-sector PAP2
2027,Region XI,Davao de Oro 1st District Engineering Office,Water Supply System,"Construction of Solar Water System Level II, Barangay Panoraon, Maco, Davao de Oro",10000000.0,2027DPWH-Proposal-38415,Construction/ Rehabilitation of Water Supply/ Septage and Sewerage/ Rain Water Collectors,Shared water-sector PAP2
2027,Region XI,Davao de Oro 1st District Engineering Office,Water Supply System,"Construction of Solar Water System Level II, at Barangay Matilo, Nabunturan, Davao de Oro",10000000.0,2027DPWH-Proposal-38432,Construction/ Rehabilitation of Water Supply/ Septage and Sewerage/ Rain Water Collectors,Shared water-sector PAP2
2027,Region XI,Davao de Oro 1st District Engineering Office,Water Supply System,"Construction of Water System Level II, Purok Pagkakaisa, Barangay Cuambog, Mabini, Davao de Oro",10000000.0,2027DPWH-Proposal-38425,Construction/ Rehabilitation of Water Supply/ Septage and Sewerage/ Rain Water Collectors,Shared water-sector PAP2
2027,Region XI,Davao de Oro 1st District Engineering Office,Water Supply System,"Construction of Water System Level II, Barangay Manipongol, Maco, Davao de Oro",10000000.0,2027DPWH-Proposal-38417,Construction/ Rehabilitation of Water Supply/ Septage and Sewerage/ Rain Water Collectors,Shared water-sector PAP2
2027,Region XI,Davao de Oro 1st District Engineering Office,Water Supply System,"Construction of Solar Water System Level II, Purok 1, Barangay Saosao, Mawab, Davao de Oro",10000000.0,2027DPWH-Proposal-38418,Construction/ Rehabilitation of Water Supply/ Septage and Sewerage/ Rain Water Collectors,Shared water-sector PAP2
2027,Region XI,Davao de Oro 1st District Engineering Office,Water Supply System,"Construction of Solar Water System Level II, Barangay Poblacion, Maco, Davao de Oro",10000000.0,2027DPWH-Proposal-38429,Construction/ Rehabilitation of Water Supply/ Septage and Sewerage/ Rain Water Collectors,Shared water-sector PAP2
2027,Region XI,Davao de Oro 1st District Engineering Office,Water Supply System,"Construction of Solar Water System Level II, at Barangay Ogao, Nabunturan, Davao de Oro",10000000.0,2027DPWH-Proposal-38431,Construction/ Rehabilitation of Water Supply/ Septage and Sewerage/ Rain Water Collectors,Shared water-sector PAP2
2027,Region XI,Davao de Oro 1st District Engineering Office,Water Supply System,"Construction (Completion) of Water System Level II, Barangay Bongbong and Barangay Tambongon, Pantukan, Davao de Oro",10000000.0,2027DPWH-Proposal-38436,Construction/ Rehabilitation of Water Supply/ Septage and Sewerage/ Rain Water Collectors,Shared water-sector PAP2
2027,Region XI,Davao de Oro 1st District Engineering Office,Water Supply System,"Construction (Completion) of Water System Level II, Barangay New Asturias, Maco, Davao de Oro",4000000.0,2027DPWH-Proposal-38427,Construction/ Rehabilitation of Water Supply/ Septage and Sewerage/ Rain Water Collectors,Shared water-sector PAP2
2027,Region XI,Davao de Oro 1st District Engineering Office,Water Supply System,"Construction (Completion) of Water System Level II, Barangay Bollukan, Laak, Davao de Oro",3500000.0,2027DPWH-Proposal-38412,Construction/ Rehabilitation of Water Supply/ Septage and Sewerage/ Rain Water Collectors,Shared water-sector PAP2
2027,Region XI,Davao de Oro 1st District Engineering Office,Water Supply System,"Construction (Completion) of Water System Level II, Barangay Magangit, Maco, Davao de Oro",3000000.0,2027DPWH-Proposal-38428,Construction/ Rehabilitation of Water Supply/ Septage and Sewerage/ Rain Water Collectors,Shared water-sector PAP2
2027,Region XI,Davao del Norte 2nd District Engineering Office,Water Supply System,"Construction of Water System Facility, Samal and Kaputian District, IGACOS, Davao del Norte",25000000.0,2027DPWH-Proposal-38437,Construction/ Rehabilitation of Water Supply/ Septage and Sewerage/ Rain Water Collectors,Shared water-sector PAP2
2027,Region XI,Davao del Norte 2nd District Engineering Office,Water Supply System,"Construction of Water Supply Systems, Purok Pogata Compound, Purok Cogon Area, Purok Centro 1, Barangay J.P. Laurel, Panabo City, Davao del Norte",15000000.0,2027DPWH-Proposal-38450,Construction/ Rehabilitation of Water Supply/ Septage and Sewerage/ Rain Water Collectors,Shared water-sector PAP2
2027,Region XI,Davao del Norte 2nd District Engineering Office,Water Supply System,"Rehabilitation of Water Supply System, Barangay Tagpopongan, Samal District, IGACOS, Davao del Norte",5000000.0,2027DPWH-Proposal-38538,Construction/ Rehabilitation of Water Supply/ Septage and Sewerage/ Rain Water Collectors,Shared water-sector PAP2
2027,Region XI,Davao del Norte 2nd District Engineering Office,Water Supply System,"Construction of Water Supply System, Barangay Tagbaobo, Samal District, IGACOS, Davao del Norte",5000000.0,2027DPWH-Proposal-38462,Construction/ Rehabilitation of Water Supply/ Septage and Sewerage/ Rain Water Collectors,Shared water-sector PAP2
2027,Region XI,Davao del Norte 2nd District Engineering Office,Water Supply System,"Construction of Water Supply System, Kasilak, Panabo City, Davao del Norte",5000000.0,2027DPWH-Proposal-38465,Construction/ Rehabilitation of Water Supply/ Septage and Sewerage/ Rain Water Collectors,Shared water-sector PAP2
2027,Region XI,Davao del Norte 2nd District Engineering Office,Water Supply System,"Construction of Water Supply System, Lower Panaga, Panabo City, Davao del Norte",5000000.0,2027DPWH-Proposal-38475,Construction/ Rehabilitation of Water Supply/ Septage and Sewerage/ Rain Water Collectors,Shared water-sector PAP2
2027,Region XI,Davao del Norte District Engineering Office,Water Supply System,"Construction of Water Supply System Level II, Barangay Libuton, Sawata, Davao del Norte",10000000.0,2027DPWH-Proposal-38476,Construction/ Rehabilitation of Water Supply/ Septage and Sewerage/ Rain Water Collectors,Shared water-sector PAP2
2027,Region XI,Davao del Norte District Engineering Office,Water Supply System,"Construction of Water Supply System Level II, Barangay San Miguel, Sawata, Davao del Norte",10000000.0,2027DPWH-Proposal-38478,Construction/ Rehabilitation of Water Supply/ Septage and Sewerage/ Rain Water Collectors,Shared water-sector PAP2
2027,Region XI,Davao del Norte District Engineering Office,Water Supply System,"Construction of Water Supply System Level II, Barangay Capungagan, Kapalong, Davao del Norte",10000000.0,2027DPWH-Proposal-38481,Construction/ Rehabilitation of Water Supply/ Septage and Sewerage/ Rain Water Collectors,Shared water-sector PAP2
2027,Region XI,Davao del Norte District Engineering Office,Water Supply System,"Construction of Water Supply System Level II, Barangay Santa Cruz, New Corella, Davao del Norte",6000000.0,2027DPWH-Proposal-38489,Construction/ Rehabilitation of Water Supply/ Septage and Sewerage/ Rain Water Collectors,Shared water-sector PAP2
2027,Region XI,Davao del Sur District Engineering Office,Water Supply System,"Construction of Public Water Supply System, Barangay Poblacion, Magsaysay, Davao del Sur",10000000.0,2027DPWH-Proposal-38364,Construction/ Rehabilitation of Water Supply/ Septage and Sewerage/ Rain Water Collectors,Shared water-sector PAP2
2027,Region XI,Davao del Sur District Engineering Office,Water Supply System,"Construction of Public Water Supply System, Barangay Tacul, Magsaysay, Davao del Sur",5000000.0,2027DPWH-Proposal-38365,Construction/ Rehabilitation of Water Supply/ Septage and Sewerage/ Rain Water Collectors,Shared water-sector PAP2
2027,Region XI,Davao del Sur District Engineering Office,Water Supply System,"Construction of Public Water Supply System, Barangay Managa, Bansalan, Davao del Sur",5000000.0,2027DPWH-Proposal-38353,Construction/ Rehabilitation of Water Supply/ Septage and Sewerage/ Rain Water Collectors,Shared water-sector PAP2
2027,Region XI,Davao del Sur District Engineering Office,Water Supply System,"Construction (Completion) of Public Water Supply System, Sitio Napan and Tubor, Barangay Goma, Digos City, Davao del Sur",5000000.0,2027DPWH-Proposal-38369,Construction/ Rehabilitation of Water Supply/ Septage and Sewerage/ Rain Water Collectors,Shared water-sector PAP2
2027,Region XI,Davao del Sur District Engineering Office,Water Supply System,"Construction of Public Water Supply System, Barangay Sinarangan, Matanao, Davao del Sur",5000000.0,2027DPWH-Proposal-38391,Construction/ Rehabilitation of Water Supply/ Septage and Sewerage/ Rain Water Collectors,Shared water-sector PAP2
2027,Region XI,Davao del Sur District Engineering Office,Water Supply System,"Construction (Completion) of Public Water Supply System, Barangay Blocon, Magsaysay, Davao del Sur",5000000.0,2027DPWH-Proposal-38389,Construction/ Rehabilitation of Water Supply/ Septage and Sewerage/ Rain Water Collectors,Shared water-sector PAP2
2027,Region XI,Davao del Sur District Engineering Office,Water Supply System,"Construction (Completion) of Public Water Supply System, Barangays San Isidro, Balutakay, and Leling, Hagonoy, Davao del Sur",5000000.0,2027DPWH-Proposal-38362,Construction/ Rehabilitation of Water Supply/ Septage and Sewerage/ Rain Water Collectors,Shared water-sector PAP2
2027,Region XI,Davao del Sur District Engineering Office,Water Supply System,"Construction (Completion) of Public Water Supply System, Barangay Kapatagan, Digos City, Davao del Sur",5000000.0,2027DPWH-Proposal-38361,Construction/ Rehabilitation of Water Supply/ Septage and Sewerage/ Rain Water Collectors,Shared water-sector PAP2
2027,Region XI,Davao del Sur District Engineering Office,Water Supply System,"Construction of Public Water Supply System, Purok Lower Nebrada, Barangay Poblacion 2, Bansalan, Davao del Sur",5000000.0,2027DPWH-Proposal-38400,Construction/ Rehabilitation of Water Supply/ Septage and Sewerage/ Rain Water Collectors,Shared water-sector PAP2
2027,Region XI,Davao del Sur District Engineering Office,Water Supply System,"Construction of Public Water Supply System, Purok Uno, Barangay Buenavista, Bansalan, Davao del Sur",5000000.0,2027DPWH-Proposal-38360,Construction/ Rehabilitation of Water Supply/ Septage and Sewerage/ Rain Water Collectors,Shared water-sector PAP2
2027,Region XI,Davao del Sur District Engineering Office,Water Supply System,"Construction of Public Water Supply System, Purok Acuas, Barangay Tubod, Bansalan, Davao del Sur",5000000.0,2027DPWH-Proposal-38399,Construction/ Rehabilitation of Water Supply/ Septage and Sewerage/ Rain Water Collectors,Shared water-sector PAP2
2027,Region XI,Davao del Sur District Engineering Office,Water Supply System,"Construction of Public Water Supply System, Purok Makugihon Dos, Sitio Buqac, Poblacion 2, Bansalan, Davao del Sur",5000000.0,2027DPWH-Proposal-38398,Construction/ Rehabilitation of Water Supply/ Septage and Sewerage/ Rain Water Collectors,Shared water-sector PAP2
2027,Region XI,Davao del Sur District Engineering Office,Water Supply System,"Construction of Public Water Supply System, Barangay Tacul, Kiblawan, Davao del Sur",5000000.0,2027DPWH-Proposal-38394,Construction/ Rehabilitation of Water Supply/ Septage and Sewerage/ Rain Water Collectors,Shared water-sector PAP2
2027,Region XI,Davao del Sur District Engineering Office,Water Supply System,"Construction of Public Water Supply System, Barangay Tagolilong, Sulop, Davao del Sur",5000000.0,2027DPWH-Proposal-38393,Construction/ Rehabilitation of Water Supply/ Septage and Sewerage/ Rain Water Collectors,Shared water-sector PAP2
2027,Region XI,Davao del Sur District Engineering Office,Water Supply System,"Construction of Public Water Supply System, Purok Cortez and Rambutan, Barangay Melilia, Santa Cruz, Davao del Sur",5000000.0,2027DPWH-Proposal-38392,Construction/ Rehabilitation of Water Supply/ Septage and Sewerage/ Rain Water Collectors,Shared water-sector PAP2
2027,Region XI,Davao del Sur District Engineering Office,Water Supply System,"Construction of Public Water Supply System, Purok 6, Barangay Dalumay, Magsaysay, Davao del Sur",5000000.0,2027DPWH-Proposal-38390,Construction/ Rehabilitation of Water Supply/ Septage and Sewerage/ Rain Water Collectors,Shared water-sector PAP2
2027,Region XI,Davao del Sur District Engineering Office,Water Supply System,"Construction of Public Water Supply System, Barangay Dolo, Bansalan, Davao del Sur",5000000.0,2027DPWH-Proposal-38359,Construction/ Rehabilitation of Water Supply/ Septage and Sewerage/ Rain Water Collectors,Shared water-sector PAP2
2027,Region XI,Davao del Sur District Engineering Office,Water Supply System,"Construction of Public Water Supply System, Purok 6 and 7, Buenavista, Bansalan, Davao del Sur",5000000.0,2027DPWH-Proposal-38358,Construction/ Rehabilitation of Water Supply/ Septage and Sewerage/ Rain Water Collectors,Shared water-sector PAP2
2027,Region XI,Davao del Sur District Engineering Office,Water Supply System,"Construction (Completion) of Public Water Supply System,Barangay Lapulabao, Hagonoy, Davao del Sur",5000000.0,2027DPWH-Proposal-38375,Construction/ Rehabilitation of Water Supply/ Septage and Sewerage/ Rain Water Collectors,Shared water-sector PAP2
2027,Region XI,Davao del Sur District Engineering Office,Water Supply System,"Construction (Completion) of Public Water Supply System, Barangays Hagonoy 29 (Crossing), Paligue, and Aplaya, Hagonoy, Davao del Sur",5000000.0,2027DPWH-Proposal-38377,Construction/ Rehabilitation of Water Supply/ Septage and Sewerage/ Rain Water Collectors,Shared water-sector PAP2
2027,Region XI,Davao del Sur District Engineering Office,Water Supply System,"Construction (Completion) of Public Water Supply System,Barangay Parame,Sulop, Davao del Sur",5000000.0,2027DPWH-Proposal-38371,Construction/ Rehabilitation of Water Supply/ Septage and Sewerage/ Rain Water Collectors,Shared water-sector PAP2
2027,Region XI,Davao del Sur District Engineering Office,Water Supply System,"Construction of Public Water Supply System, Barangay New Murcia, Matanao, Davao del Sur",5000000.0,2027DPWH-Proposal-38367,Construction/ Rehabilitation of Water Supply/ Septage and Sewerage/ Rain Water Collectors,Shared water-sector PAP2
2027,Region XI,Davao del Sur District Engineering Office,Water Supply System,"Construction of Public Water Supply System, Barangay Poblacion, Hagonoy, Davao del Sur",5000000.0,2027DPWH-Proposal-38363,Construction/ Rehabilitation of Water Supply/ Septage and Sewerage/ Rain Water Collectors,Shared water-sector PAP2
2027,Region XI,Davao del Sur District Engineering Office,Water Supply System,"Construction of Public Water Supply System, Purok 3, Barangay Kibao, Matanao, Davao del Sur",5000000.0,2027DPWH-Proposal-38366,Construction/ Rehabilitation of Water Supply/ Septage and Sewerage/ Rain Water Collectors,Shared water-sector PAP2
2027,Region XI,Davao del Sur District Engineering Office,Water Supply System,"Construction of Public Water Supply System, Purok 5A and 5B, Barangay Mabuhay, Bansalan, Davao del Sur",5000000.0,2027DPWH-Proposal-38352,Construction/ Rehabilitation of Water Supply/ Septage and Sewerage/ Rain Water Collectors,Shared water-sector PAP2
2027,Region XI,Davao del Sur District Engineering Office,Water Supply System,"Construction (Completion) of Public Water Supply System, Padada, Davao del Sur",5000000.0,2027DPWH-Proposal-38370,Construction/ Rehabilitation of Water Supply/ Septage and Sewerage/ Rain Water Collectors,Shared water-sector PAP2
2027,Region XI,Davao del Sur District Engineering Office,Water Supply System,"Construction (Completion) of Public Water Supply System, Barangay Goma, Digos City, Davao del Sur",5000000.0,2027DPWH-Proposal-38388,Construction/ Rehabilitation of Water Supply/ Septage and Sewerage/ Rain Water Collectors,Shared water-sector PAP2
2027,Region XI,Davao del Sur District Engineering Office,Water Supply System,"Construction of Public Water Supply System, Purok Garcia,Barangay Mabunga, Bansalan, Davao del Sur",5000000.0,2027DPWH-Proposal-38357,Construction/ Rehabilitation of Water Supply/ Septage and Sewerage/ Rain Water Collectors,Shared water-sector PAP2
2027,Region XI,Davao del Sur District Engineering Office,Water Supply System,"Construction of Public Water Supply System, Purok Maligaya, Barangay Poblacion Uno, Bansalan, Davao del Sur",5000000.0,2027DPWH-Proposal-38356,Construction/ Rehabilitation of Water Supply/ Septage and Sewerage/ Rain Water Collectors,Shared water-sector PAP2
2027,Region XI,Davao del Sur District Engineering Office,Water Supply System,"Construction of Public Water Supply System, Purok Banikanhon, Barangay Poblacion 2, Bansalan, Davao del Sur",5000000.0,2027DPWH-Proposal-38355,Construction/ Rehabilitation of Water Supply/ Septage and Sewerage/ Rain Water Collectors,Shared water-sector PAP2
2027,Region XI,Davao del Sur District Engineering Office,Water Supply System,"Construction of Public Water Supply System, Barangay Binaton, Digos City, Davao del Sur",5000000.0,2027DPWH-Proposal-38354,Construction/ Rehabilitation of Water Supply/ Septage and Sewerage/ Rain Water Collectors,Shared water-sector PAP2
2027,Region XI,Davao del Sur District Engineering Office,Water Supply System,"Construction of Public Water Supply System, Purok 5, Barangay San Vicente, Matanao, Davao del Sur",5000000.0,2027DPWH-Proposal-38368,Construction/ Rehabilitation of Water Supply/ Septage and Sewerage/ Rain Water Collectors,Shared water-sector PAP2
2027,Region XI,Davao del Sur District Engineering Office,Water Supply System,"Construction (Completion) of Public Water Supply System, Barangay Sinawilan, Matanao, Davao del Sur",4000000.0,2027DPWH-Proposal-38380,Construction/ Rehabilitation of Water Supply/ Septage and Sewerage/ Rain Water Collectors,Shared water-sector PAP2
2027,Region XI,Davao del Sur District Engineering Office,Water Supply System,"Construction (Completion) of Public Water Supply System, Barangay Buri, Matanao, Davao del Sur",4000000.0,2027DPWH-Proposal-38379,Construction/ Rehabilitation of Water Supply/ Septage and Sewerage/ Rain Water Collectors,Shared water-sector PAP2
2027,Region XI,Davao del Sur District Engineering Office,Water Supply System,"Construction (Completion) of Public Water Supply System,Barangay Carre,Sulop, Davao del Sur",3500000.0,2027DPWH-Proposal-38372,Construction/ Rehabilitation of Water Supply/ Septage and Sewerage/ Rain Water Collectors,Shared water-sector PAP2
2027,Region XI,Davao del Sur District Engineering Office,Water Supply System,"Construction of Public Water Supply System,Barangay Balnate, Magsaysay, Davao del Sur",3500000.0,2027DPWH-Proposal-38374,Construction/ Rehabilitation of Water Supply/ Septage and Sewerage/ Rain Water Collectors,Shared water-sector PAP2
2027,Region XI,Davao del Sur District Engineering Office,Water Supply System,"Construction (Completion) of Public Water Supply System, Barangay Santo Niño, Bansalan, Davao del Sur",3000000.0,2027DPWH-Proposal-38381,Construction/ Rehabilitation of Water Supply/ Septage and Sewerage/ Rain Water Collectors,Shared water-sector PAP2
2027,Region XI,Davao del Sur District Engineering Office,Water Supply System,"Construction (Completion) of Public Water Supply System, Barangay Mahayahay, Digos City, Davao del Sur",3000000.0,2027DPWH-Proposal-38385,Construction/ Rehabilitation of Water Supply/ Septage and Sewerage/ Rain Water Collectors,Shared water-sector PAP2
2027,Region XI,Davao del Sur District Engineering Office,Water Supply System,"Construction (Completion) of Public Water Supply System, Barangay Bonifacio, Bansalan, Davao del Sur",3000000.0,2027DPWH-Proposal-38382,Construction/ Rehabilitation of Water Supply/ Septage and Sewerage/ Rain Water Collectors,Shared water-sector PAP2
2027,Region XI,Davao del Sur District Engineering Office,Water Supply System,"Construction (Completion) of Public Water Supply System,Barangay Upper Bala, Magsaysay, Davao del Sur",3000000.0,2027DPWH-Proposal-38373,Construction/ Rehabilitation of Water Supply/ Septage and Sewerage/ Rain Water Collectors,Shared water-sector PAP2
2027,Region XI,Davao del Sur District Engineering Office,Water Supply System,"Construction (Completion) of Public Water Supply System, Barangay Zone 2, Santa Cruz, Davao del Sur",3000000.0,2027DPWH-Proposal-38386,Construction/ Rehabilitation of Water Supply/ Septage and Sewerage/ Rain Water Collectors,Shared water-sector PAP2
2027,Region XI,Davao del Sur District Engineering Office,Water Supply System,"Construction (Completion) of Public Water Supply System, Barangay Mangga, Matanao, Davao del Sur",2000000.0,2027DPWH-Proposal-38378,Construction/ Rehabilitation of Water Supply/ Septage and Sewerage/ Rain Water Collectors,Shared water-sector PAP2
2027,Region XI,Davao del Sur District Engineering Office,Water Supply System,"Construction (Completion) of Public Water Supply System,Barangay Maliit Digos, Hagonoy, Davao del Sur",2000000.0,2027DPWH-Proposal-38376,Construction/ Rehabilitation of Water Supply/ Septage and Sewerage/ Rain Water Collectors,Shared water-sector PAP2
2027,Region XI,Davao del Sur District Engineering Office,Water Supply System,"Construction (Completion) of Public Water Supply System, Barangay Cogon Bacaca, Kiblawan, Davao del Sur",2000000.0,2027DPWH-Proposal-38384,Construction/ Rehabilitation of Water Supply/ Septage and Sewerage/ Rain Water Collectors,Shared water-sector PAP2
2027,Region XI,Davao del Sur District Engineering Office,Water Supply System,"Construction (Completion) of Public Water Supply System, Barangay Mabunga, Bansalan, Davao del Sur",2000000.0,2027DPWH-Proposal-38383,Construction/ Rehabilitation of Water Supply/ Septage and Sewerage/ Rain Water Collectors,Shared water-sector PAP2
2027,Region XIII,Dinagat Islands District Engineering Office,Water Supply System,"Construction of Water Supply System at Barangay Benglen, Basilisa, Dinagat Islands, (10.12833, 125.609166)",10000000.0,2027DPWH-Proposal-04777,Construction/ Rehabilitation of Water Supply/ Septage and Sewerage/ Rain Water Collectors,Shared water-sector PAP2
2027,Region VI,Guimaras District Engineering Office,Water Supply System,"Construction of Public Water Supply System (Level III), Municipality of Nueva Valencia, Guimaras",20000000.0,2027DPWH-Proposal-37303,Construction/ Rehabilitation of Water Supply/ Septage and Sewerage/ Rain Water Collectors,Shared water-sector PAP2
2027,Region VI,Guimaras District Engineering Office,Water Supply System,"Construction of Public Water Supply System (Level III), Municipality of San Lorenzo, Guimaras",10000000.0,2027DPWH-Proposal-37307,Construction/ Rehabilitation of Water Supply/ Septage and Sewerage/ Rain Water Collectors,Shared water-sector PAP2
2027,Region X,Iligan City District Engineering Office,Water Supply System,"Construction of Solar Water Supply System at Purok 10A Matuog, Barangay Kiwalan, Iligan City",12000000.0,2027DPWH-Proposal-39071,Construction/ Rehabilitation of Water Supply/ Septage and Sewerage/ Rain Water Collectors,Shared water-sector PAP2
2027,Region I,Ilocos Sur 2nd District Engineering Office,Water Supply System,"Construction of Solar Water System, Poblacion Sur, Salcedo, Ilocos Sur",15000000.0,2027DPWH-Proposal-29113,Construction/ Rehabilitation of Water Supply/ Septage and Sewerage/ Rain Water Collectors,Shared water-sector PAP2
2027,Region II,Isabela 1st District Engineering Office,Water Supply System,"Rehabilitation of Water Supply System, Barangay Poblacion 1, Santa Maria, Isabela, 17.469815, 121.751574",50000000.0,2027DPWH-Proposal-35278,Construction/ Rehabilitation of Water Supply/ Septage and Sewerage/ Rain Water Collectors,Shared water-sector PAP2
2027,Region II,Isabela 1st District Engineering Office,Water Supply System,"Construction of Water Supply System, Barangay Centro, Santo Tomas, Isabela, 17.40069, 121.76566",20000000.0,2027DPWH-Proposal-35416,Construction/ Rehabilitation of Water Supply/ Septage and Sewerage/ Rain Water Collectors,Shared water-sector PAP2
2027,Region II,Isabela 1st District Engineering Office,Water Supply System,"Construction of Water Supply System, Barangay Barumbong, Santo Tomas, Isabela, 17.340790, 121.718210",15000000.0,2027DPWH-Proposal-34867,Construction/ Rehabilitation of Water Supply/ Septage and Sewerage/ Rain Water Collectors,Shared water-sector PAP2
2027,Region II,Isabela 1st District Engineering Office,Water Supply System,"Construction of Water Supply System, Barangay Malapagay, Santo Tomas, Isabela, 17.367460, 121.757620",15000000.0,2027DPWH-Proposal-34866,Construction/ Rehabilitation of Water Supply/ Septage and Sewerage/ Rain Water Collectors,Shared water-sector PAP2
2027,Region II,Isabela 1st District Engineering Office,Water Supply System,"Construction of Water Supply System, Barangay Villabuena, Santa Maria, Isabela, 17.479407, 121.686093",15000000.0,2027DPWH-Proposal-34862,Construction/ Rehabilitation of Water Supply/ Septage and Sewerage/ Rain Water Collectors,Shared water-sector PAP2
2027,Region II,Isabela 1st District Engineering Office,Water Supply System,"Construction of Water Supply System, Barangay Buenavista, Santa Maria, Isabela, 17.449048, 121.741600",15000000.0,2027DPWH-Proposal-34861,Construction/ Rehabilitation of Water Supply/ Septage and Sewerage/ Rain Water Collectors,Shared water-sector PAP2
2027,Region II,Isabela 1st District Engineering Office,Water Supply System,"Construction of Water Supply System, Barangay Calinaoan Malasin, Santo Tomas, Isabela, 17.347040, 121.744110",15000000.0,2027DPWH-Proposal-34868,Construction/ Rehabilitation of Water Supply/ Septage and Sewerage/ Rain Water Collectors,Shared water-sector PAP2
2027,Region II,Isabela 3rd District Engineering Office,Water Supply System,"Construction of Public Water Supply System (Level II) at Barangays Andabuen, Balliao, Capuseran, Gomez, Guilingan, Makindol, Maluno Norte, Maluno Sur, Nacalma, Santiago, Villaluz, Yeban Norte, Yeban Sur, Municipality of Benito Soliven, Isabela",30000000.0,2027DPWH-Proposal-35194,Construction/ Rehabilitation of Water Supply/ Septage and Sewerage/ Rain Water Collectors,Shared water-sector PAP2
2027,Region II,Isabela 3rd District Engineering Office,Water Supply System,"Construction of Water Supply System (Level III), Barangay Dangan, Reina Mercedes, Isabela",25000000.0,2027DPWH-Proposal-35281,Construction/ Rehabilitation of Water Supply/ Septage and Sewerage/ Rain Water Collectors,Shared water-sector PAP2
2027,Region II,Isabela 4th District Engineering Office,Water Supply System,"Construction of Public Water Supply System (Level II) at Barangays Buena Suerte, Carabatan Bacareno, Dabburab, Disimuray, Gappal, Guayabal, Linglingay, Minante 2 (Purok 2), Santa Luciana, San Luis, Tagaran (Purok 3), Villa Luna (Purok 12), City of Cauayan, Isabela",30000000.0,2027DPWH-Proposal-35195,Construction/ Rehabilitation of Water Supply/ Septage and Sewerage/ Rain Water Collectors,Shared water-sector PAP2
2027,Region I,La Union 2nd District Engineering Office,Water Supply System,"Construction of Water System, Barangay Pangaoaoan East, Aringay, La Union",20000000.0,2027DPWH-Proposal-34467,Construction/ Rehabilitation of Water Supply/ Septage and Sewerage/ Rain Water Collectors,Shared water-sector PAP2
2027,Region I,La Union 2nd District Engineering Office,Water Supply System,"Construction of Water System, Barangay Udiao, Rosario, La Union",14000000.0,2027DPWH-Proposal-34470,Construction/ Rehabilitation of Water Supply/ Septage and Sewerage/ Rain Water Collectors,Shared water-sector PAP2
2027,Region I,La Union 2nd District Engineering Office,Water Supply System,"Construction of Water System, Barangay San Simon West, Aringay, La Union",14000000.0,2027DPWH-Proposal-34471,Construction/ Rehabilitation of Water Supply/ Septage and Sewerage/ Rain Water Collectors,Shared water-sector PAP2
2027,Region I,La Union 2nd District Engineering Office,Water Supply System,"Construction of Water System, Barangay Anduyan, Tubao La Union",14000000.0,2027DPWH-Proposal-34269,Construction/ Rehabilitation of Water Supply/ Septage and Sewerage/ Rain Water Collectors,Shared water-sector PAP2
2027,Region I,La Union 2nd District Engineering Office,Water Supply System,"Construction of Water System, Barangay Gumot Nagcolaran, Rosario, La Union",14000000.0,2027DPWH-Proposal-34468,Construction/ Rehabilitation of Water Supply/ Septage and Sewerage/ Rain Water Collectors,Shared water-sector PAP2
2027,Region I,La Union 2nd District Engineering Office,Water Supply System,"Construction of Water System La Union Medical Center (LUMC), Barangay Nazareno, Agoo, La Union",14000000.0,2027DPWH-Proposal-34265,Construction/ Rehabilitation of Water Supply/ Septage and Sewerage/ Rain Water Collectors,Shared water-sector PAP2
2027,Region I,La Union 2nd District Engineering Office,Water Supply System,"Construction of PNP Training Center Water System Linapew, Tubao, La Union",14000000.0,2027DPWH-Proposal-34465,Construction/ Rehabilitation of Water Supply/ Septage and Sewerage/ Rain Water Collectors,Shared water-sector PAP2
2027,Region I,La Union 2nd District Engineering Office,Water Supply System,"Construction of Water System, Bureau of Jail Management (BJMP), Barangay Magsaysay, Tubao, La union",14000000.0,2027DPWH-Proposal-34463,Construction/ Rehabilitation of Water Supply/ Septage and Sewerage/ Rain Water Collectors,Shared water-sector PAP2
2027,Region I,La Union 2nd District Engineering Office,Water Supply System,"Construction of Water System, Barangay Sta Ana , Agoo, La Union",14000000.0,2027DPWH-Proposal-34270,Construction/ Rehabilitation of Water Supply/ Septage and Sewerage/ Rain Water Collectors,Shared water-sector PAP2
2027,Region I,La Union 2nd District Engineering Office,Water Supply System,"Construction of Water System, Barangay Camp One, Rosario, La Union",6000000.0,2027DPWH-Proposal-34541,Construction/ Rehabilitation of Water Supply/ Septage and Sewerage/ Rain Water Collectors,Shared water-sector PAP2
2027,Region I,La Union 2nd District Engineering Office,Water Supply System,"Construction of Water System, Barangay Damortis, Rosario, La Union",5000000.0,2027DPWH-Proposal-34263,Construction/ Rehabilitation of Water Supply/ Septage and Sewerage/ Rain Water Collectors,Shared water-sector PAP2
2027,Region IV-A,Laguna 2nd District Engineering Office,Water Supply System,"Construction of Solar Water System at Barangay Chrysanthemum, San Pedro City, Laguna",10000000.0,2027DPWH-Proposal-36780,Construction/ Rehabilitation of Water Supply/ Septage and Sewerage/ Rain Water Collectors,Shared water-sector PAP2
2027,Region IV-A,Laguna 2nd District Engineering Office,Water Supply System,"Construction of Solar Water System at Barangay Narra, San Pedro City, Laguna",10000000.0,2027DPWH-Proposal-36781,Construction/ Rehabilitation of Water Supply/ Septage and Sewerage/ Rain Water Collectors,Shared water-sector PAP2
2027,Region X,Lanao del Norte 1st District Engineering Office,Water Supply System,"Construction of Solar Water System, Barangay Banco, Matungao (Sabmersible)",10000000.0,2027DPWH-Proposal-38969,Construction/ Rehabilitation of Water Supply/ Septage and Sewerage/ Rain Water Collectors,Shared water-sector PAP2
2027,Region X,Lanao del Norte 1st District Engineering Office,Water Supply System,"Construction of Water Supply Systems, Linamon National High School, Linamon, Lanao del Norte",5000000.0,2027DPWH-Proposal-38967,Construction/ Rehabilitation of Water Supply/ Septage and Sewerage/ Rain Water Collectors,Shared water-sector PAP2
2027,Region X,Lanao del Norte 1st District Engineering Office,Water Supply System,"Construction of Water Supply Systems, Barangay Small Banisilon, Kolambugan, Lanao del Norte",5000000.0,2027DPWH-Proposal-38966,Construction/ Rehabilitation of Water Supply/ Septage and Sewerage/ Rain Water Collectors,Shared water-sector PAP2
2027,Region X,Lanao del Norte 1st District Engineering Office,Water Supply System,"Construction of Water Supply Systems, Barangay Bubong, Kolambugan, Lanao del Norte",5000000.0,2027DPWH-Proposal-38965,Construction/ Rehabilitation of Water Supply/ Septage and Sewerage/ Rain Water Collectors,Shared water-sector PAP2
2027,Region X,Lanao del Norte 1st District Engineering Office,Water Supply System,"Construction of Water Supply Systems, Brgy. Caniogan, Tubod, Lanao del Norte (123.89399, 7.995810)",5000000.0,2027DPWH-Proposal-39200,Construction/ Rehabilitation of Water Supply/ Septage and Sewerage/ Rain Water Collectors,Shared water-sector PAP2
2027,Region VIII,Leyte 3rd District Engineering Office,Water Supply System,"Construction of Water Supply System (Level II), Barangay Catagbacan, Villaba, Leyte (11.189046, 124.408966)",5000000.0,2027DPWH-Proposal-38013,Construction/ Rehabilitation of Water Supply/ Septage and Sewerage/ Rain Water Collectors,Shared water-sector PAP2
2027,Region VIII,Leyte 5th District Engineering Office,Water Supply System,"Construction (Completion) of Public Water Supply System, Barangay Monterico, Baybay City",2500000.0,2027DPWH-Proposal-37994,Construction/ Rehabilitation of Water Supply/ Septage and Sewerage/ Rain Water Collectors,Shared water-sector PAP2
2027,Region VIII,Leyte 5th District Engineering Office,Water Supply System,"Construction (Completion) of Public Water Supply System, Barangay New Taligue, Abuyog, Leyte",2500000.0,2027DPWH-Proposal-37989,Construction/ Rehabilitation of Water Supply/ Septage and Sewerage/ Rain Water Collectors,Shared water-sector PAP2
2027,Region VIII,Leyte 5th District Engineering Office,Water Supply System,"Construction (Completion) of Public Water Supply System, Barangay Kikilo, Abuyog, Leyte",2500000.0,2027DPWH-Proposal-37990,Construction/ Rehabilitation of Water Supply/ Septage and Sewerage/ Rain Water Collectors,Shared water-sector PAP2
2027,Region VIII,Leyte 5th District Engineering Office,Water Supply System,"Construction (Completion) of Public Water Supply System, Barangay Polahongon, Mahaplag, Leyte",2500000.0,2027DPWH-Proposal-37991,Construction/ Rehabilitation of Water Supply/ Septage and Sewerage/ Rain Water Collectors,Shared water-sector PAP2
2027,Region VIII,Leyte 5th District Engineering Office,Water Supply System,"Construction (Completion) of Public Water Supply System, Barangay Maligaya, Mahaplag, Leyte",2500000.0,2027DPWH-Proposal-37992,Construction/ Rehabilitation of Water Supply/ Septage and Sewerage/ Rain Water Collectors,Shared water-sector PAP2
2027,Region VIII,Leyte 5th District Engineering Office,Water Supply System,"Construction (Completion) of Public Water Supply System, Barangay San Antonio, Hilongos, Leyte",2500000.0,2027DPWH-Proposal-37993,Construction/ Rehabilitation of Water Supply/ Septage and Sewerage/ Rain Water Collectors,Shared water-sector PAP2
2027,Region VIII,Leyte 5th District Engineering Office,Water Supply System,"Construction (Completion) of Public Water Supply System, Brgy. New Taligue, Abuyog, Leyte",2500000.0,2027DPWH-Proposal-29828,Construction/ Rehabilitation of Water Supply/ Septage and Sewerage/ Rain Water Collectors,Shared water-sector PAP2
2027,Region V,Masbate 3rd District Engineering Office,Water Supply System,"Construction of Public Water System, Barangay Bunducan, Pio V. Corpuz, Masbate",5000000.0,2027DPWH-Proposal-39328,Construction/ Rehabilitation of Water Supply/ Septage and Sewerage/ Rain Water Collectors,Shared water-sector PAP2
2027,MIMAROPA,Mindoro Occidental District Engineering Office,Water Supply System,"Construction of Level III Water System with Desalination Facility, Barangay Poblacion, Looc, Occidental Mindoro",30000000.0,2027DPWH-Proposal-36837,Construction/ Rehabilitation of Water Supply/ Septage and Sewerage/ Rain Water Collectors,Shared water-sector PAP2
2027,MIMAROPA,Mindoro Occidental District Engineering Office,Water Supply System,"Construction of Level II Solar Water System, Barangay Ambil, Looc, Occidental Mindoro",6000000.0,2027DPWH-Proposal-36866,Construction/ Rehabilitation of Water Supply/ Septage and Sewerage/ Rain Water Collectors,Shared water-sector PAP2
2027,MIMAROPA,Mindoro Occidental District Engineering Office,Water Supply System,"Construction of Level II Water System in Sitio Pulili, Barangay Araw at Bituin, Lubang, Occidental Mindoro",5500000.0,2027DPWH-Proposal-36865,Construction/ Rehabilitation of Water Supply/ Septage and Sewerage/ Rain Water Collectors,Shared water-sector PAP2
2027,MIMAROPA,Mindoro Occidental District Engineering Office,Water Supply System,"Construction of Level II Solar Water System, Barangay Inasakan, San Jose, Occidental Mindoro",5000000.0,2027DPWH-Proposal-36836,Construction/ Rehabilitation of Water Supply/ Septage and Sewerage/ Rain Water Collectors,Shared water-sector PAP2
2027,MIMAROPA,Mindoro Occidental District Engineering Office,Water Supply System,"Construction of Level II Solar Water System, Barangay Labangan Iling, San Jose, Occidental Mindoro",5000000.0,2027DPWH-Proposal-36834,Construction/ Rehabilitation of Water Supply/ Septage and Sewerage/ Rain Water Collectors,Shared water-sector PAP2
2027,MIMAROPA,Mindoro Occidental District Engineering Office,Water Supply System,"Construction of Level II Solar Water System, Barangay Catayungan, San Jose, Occidental Mindoro",5000000.0,2027DPWH-Proposal-36833,Construction/ Rehabilitation of Water Supply/ Septage and Sewerage/ Rain Water Collectors,Shared water-sector PAP2
2027,MIMAROPA,Mindoro Occidental District Engineering Office,Water Supply System,"Construction of Level II Solar Water System, Barangay Laste, Magsaysay, Occidental Mindoro",5000000.0,2027DPWH-Proposal-36832,Construction/ Rehabilitation of Water Supply/ Septage and Sewerage/ Rain Water Collectors,Shared water-sector PAP2
2027,Region X,Misamis Occidental 1st District Engineering Office,Water Supply System,"Construction of Water Supply System, Aloran, Misamis occidental",60000000.0,2027DPWH-Proposal-38937,Construction/ Rehabilitation of Water Supply/ Septage and Sewerage/ Rain Water Collectors,Shared water-sector PAP2
2027,Region X,Misamis Oriental 2nd District Engineering Office,Water Supply System,"Construction of New Water System, Barangay Tipolohon, Claveria, Misamis Oriental",5000000.0,2027DPWH-Proposal-39013,Construction/ Rehabilitation of Water Supply/ Septage and Sewerage/ Rain Water Collectors,Shared water-sector PAP2
2027,Region X,Misamis Oriental 2nd District Engineering Office,Water Supply System,"Construction of Water System, Barangay Aluna, Initao, Misamis Oriental",5000000.0,2027DPWH-Proposal-39020,Construction/ Rehabilitation of Water Supply/ Septage and Sewerage/ Rain Water Collectors,Shared water-sector PAP2
2027,Region X,Misamis Oriental 2nd District Engineering Office,Water Supply System,"Construction of Water System, Barangay Pontacon, Initao, Misamis Oriental",5000000.0,2027DPWH-Proposal-39021,Construction/ Rehabilitation of Water Supply/ Septage and Sewerage/ Rain Water Collectors,Shared water-sector PAP2
2027,Region X,Misamis Oriental 2nd District Engineering Office,Water Supply System,"Construction of Water System, Barangay Bagocboc, Opol, Misamis Oriental",5000000.0,2027DPWH-Proposal-39014,Construction/ Rehabilitation of Water Supply/ Septage and Sewerage/ Rain Water Collectors,Shared water-sector PAP2
2027,Region X,Misamis Oriental 2nd District Engineering Office,Water Supply System,"Construction of Water System, Barangay Ulaliman, El Salvador City, Misamis Oriental",5000000.0,2027DPWH-Proposal-39016,Construction/ Rehabilitation of Water Supply/ Septage and Sewerage/ Rain Water Collectors,Shared water-sector PAP2
2027,Region X,Misamis Oriental 2nd District Engineering Office,Water Supply System,"Construction of Water System, Barangay Andales, Initao, Misamis Oriental",5000000.0,2027DPWH-Proposal-39019,Construction/ Rehabilitation of Water Supply/ Septage and Sewerage/ Rain Water Collectors,Shared water-sector PAP2
2027,CAR,Mountain Province 1st District Engineering Office,Water Supply System,"Construction of Water Supply System, Barangay Antadao, Sagada, Mountain Province",3000000.0,2027DPWH-Proposal-04146,Construction/ Rehabilitation of Water Supply/ Septage and Sewerage/ Rain Water Collectors,Shared water-sector PAP2
2027,NIR,Negros Occidental 1st District Engineering Office,Water Supply System,"Construction of Water System, Purok Morning Star, Barangay Tadlong, Sagay City, Negros Occidental",5000000.0,2027DPWH-Proposal-37472,Construction/ Rehabilitation of Water Supply/ Septage and Sewerage/ Rain Water Collectors,Shared water-sector PAP2
2027,NIR,Negros Occidental 1st District Engineering Office,Water Supply System,"Construction of Water System, Barangay Fabrica, Sagay City, Negros Occidental",5000000.0,2027DPWH-Proposal-37456,Construction/ Rehabilitation of Water Supply/ Septage and Sewerage/ Rain Water Collectors,Shared water-sector PAP2
2027,NIR,Negros Occidental 1st District Engineering Office,Water Supply System,"Construction of Water System, Barangay Purisima, Municipality of Manapla, Negros Occidental",5000000.0,2027DPWH-Proposal-37452,Construction/ Rehabilitation of Water Supply/ Septage and Sewerage/ Rain Water Collectors,Shared water-sector PAP2
2027,NIR,Negros Occidental 3rd District Engineering Office,Water Supply System,"Construction of Water Supply System Level 2, Barangay Oringao, Kabankalan, Negros Occidental",9000000.0,2027DPWH-Proposal-37361,Construction/ Rehabilitation of Water Supply/ Septage and Sewerage/ Rain Water Collectors,Shared water-sector PAP2
2027,NIR,Negros Occidental 3rd District Engineering Office,Water Supply System,"Construction of Water Supply System Level 2, Barangay Tabugon, Kabankalan, Negros Occidental",9000000.0,2027DPWH-Proposal-37362,Construction/ Rehabilitation of Water Supply/ Septage and Sewerage/ Rain Water Collectors,Shared water-sector PAP2
2027,NIR,Negros Occidental 4th District Engineering Office,Water Supply System,"Construction of Water Supply System at Purok Ramos, Barangay Dulao, Bago City, Negros Occidental",5000000.0,2027DPWH-Proposal-37439,Construction/ Rehabilitation of Water Supply/ Septage and Sewerage/ Rain Water Collectors,Shared water-sector PAP2
2027,NIR,Negros Occidental 4th District Engineering Office,Water Supply System,"Construction of Water Supply System at Barangay Balabag, La Carlota City, Negros Occidental",5000000.0,2027DPWH-Proposal-37440,Construction/ Rehabilitation of Water Supply/ Septage and Sewerage/ Rain Water Collectors,Shared water-sector PAP2
2027,NIR,Negros Occidental 4th District Engineering Office,Water Supply System,"Construction of Water Supply System at Hacienda Paz, Barangay Batuan, La Carlota City, Negros Occidental",4000000.0,2027DPWH-Proposal-37441,Construction/ Rehabilitation of Water Supply/ Septage and Sewerage/ Rain Water Collectors,Shared water-sector PAP2
2027,NIR,Negros Oriental 1st District Engineering Office,Water Supply System,"Construction of Water Works System, Barangays Poblacion - Pisong, La Libertad, Negros Oriental",8000000.0,2027DPWH-Proposal-37545,Construction/ Rehabilitation of Water Supply/ Septage and Sewerage/ Rain Water Collectors,Shared water-sector PAP2
2027,NIR,Negros Oriental 1st District Engineering Office,Water Supply System,"Construction (Completion) of Water Works System, Barangays Sac-Sac - Concepcion, Manjuyod, Negros Oriental",2500000.0,2027DPWH-Proposal-37563,Construction/ Rehabilitation of Water Supply/ Septage and Sewerage/ Rain Water Collectors,Shared water-sector PAP2
2027,NIR,Negros Oriental 3rd District Engineering Office,Water Supply System,"Construction of Waterworks System, Valencia, Negros Oriental",250000000.0,2027DPWH-Proposal-11815,Construction/ Rehabilitation of Water Supply/ Septage and Sewerage/ Rain Water Collectors,Shared water-sector PAP2
2027,NIR,Negros Oriental 3rd District Engineering Office,Water Supply System,"Construction of Public Water Supply System, Barangay Mantiquil, Siaton, Negros Oriental",15000000.0,2027DPWH-Proposal-37413,Construction/ Rehabilitation of Water Supply/ Septage and Sewerage/ Rain Water Collectors,Shared water-sector PAP2
2027,NIR,Negros Oriental 3rd District Engineering Office,Water Supply System,"Construction of Public Water Supply System, Barangay Bonawon, Siaton, Negros Oriental",10000000.0,2027DPWH-Proposal-37409,Construction/ Rehabilitation of Water Supply/ Septage and Sewerage/ Rain Water Collectors,Shared water-sector PAP2
2027,NIR,Negros Oriental 3rd District Engineering Office,Water Supply System,"Construction of Public Water Supply System, Barangay Maninihon, Bayawan, Negros Oriental",10000000.0,2027DPWH-Proposal-37406,Construction/ Rehabilitation of Water Supply/ Septage and Sewerage/ Rain Water Collectors,Shared water-sector PAP2
2027,Region VIII,Northern Samar 1st District Engineering Office,Water Supply System,"Construction of Water Supply System Level II, Barangay San Pedro, Biri, Northern Samar (12.651643, 124.389982)",18900000.0,2027DPWH-Proposal-02664,Construction/ Rehabilitation of Water Supply/ Septage and Sewerage/ Rain Water Collectors,Shared water-sector PAP2
2027,Region VIII,Northern Samar 1st District Engineering Office,Water Supply System,"Rehabilitation of Water Supply System, Biri, Northern Samar (12.66202, 124.36655)",15000000.0,2027DPWH-Proposal-02644,Construction/ Rehabilitation of Water Supply/ Septage and Sewerage/ Rain Water Collectors,Shared water-sector PAP2
2027,Region VIII,Northern Samar 1st District Engineering Office,Water Supply System,"Construction of Water Supply System (Level II), Barangay Oson, Capul, Northern Samar",3000000.0,2027DPWH-Proposal-38034,Construction/ Rehabilitation of Water Supply/ Septage and Sewerage/ Rain Water Collectors,Shared water-sector PAP2
2027,Region VIII,Northern Samar 1st District Engineering Office,Water Supply System,"Construction of Water Supply System (Level II), Barangay San Jose, Lope de Vega, Northern Samar",3000000.0,2027DPWH-Proposal-38035,Construction/ Rehabilitation of Water Supply/ Septage and Sewerage/ Rain Water Collectors,Shared water-sector PAP2
2027,Region III,Nueva Ecija 1st District Engineering Office,Water Supply System,"Construction of Water System, Barangay Conversion, Pantabangan, Nueva Ecija",6000000.0,2027DPWH-Proposal-35813,Construction/ Rehabilitation of Water Supply/ Septage and Sewerage/ Rain Water Collectors,Shared water-sector PAP2
2027,Region III,Nueva Ecija 1st District Engineering Office,Water Supply System,"Construction of Water System, Barangay San Nicolas, Llanera, Nueva Ecija",6000000.0,2027DPWH-Proposal-35811,Construction/ Rehabilitation of Water Supply/ Septage and Sewerage/ Rain Water Collectors,Shared water-sector PAP2
2027,Region III,Nueva Ecija 1st District Engineering Office,Water Supply System,"Construction of Water System, Barangay Cabiangan, Talugtug, Nueva Ecija",6000000.0,2027DPWH-Proposal-35821,Construction/ Rehabilitation of Water Supply/ Septage and Sewerage/ Rain Water Collectors,Shared water-sector PAP2
2027,Region III,Nueva Ecija 1st District Engineering Office,Water Supply System,"Construction of Water System, Barangay Culiat, Talugtug, Nueva Ecija",6000000.0,2027DPWH-Proposal-35822,Construction/ Rehabilitation of Water Supply/ Septage and Sewerage/ Rain Water Collectors,Shared water-sector PAP2
2027,Region III,Nueva Ecija 1st District Engineering Office,Water Supply System,"Construction of Water System, Barangay Portal, Rizal, Nueva Ecija",6000000.0,2027DPWH-Proposal-35812,Construction/ Rehabilitation of Water Supply/ Septage and Sewerage/ Rain Water Collectors,Shared water-sector PAP2
2027,Region III,Nueva Ecija 1st District Engineering Office,Water Supply System,"Construction of Water System, Barangay Balbalungao, Lupao, Nueva Ecija",6000000.0,2027DPWH-Proposal-35815,Construction/ Rehabilitation of Water Supply/ Septage and Sewerage/ Rain Water Collectors,Shared water-sector PAP2
2027,Region III,Nueva Ecija 1st District Engineering Office,Water Supply System,"Construction of Water System, Barangay Burgos, Carranglan, Nueva Ecija",6000000.0,2027DPWH-Proposal-35806,Construction/ Rehabilitation of Water Supply/ Septage and Sewerage/ Rain Water Collectors,Shared water-sector PAP2
2027,Region III,Nueva Ecija 1st District Engineering Office,Water Supply System,"Construction of Water System, Barangay Patola, Talugtug, Nueva Ecija",6000000.0,2027DPWH-Proposal-35823,Construction/ Rehabilitation of Water Supply/ Septage and Sewerage/ Rain Water Collectors,Shared water-sector PAP2
2027,Region III,Nueva Ecija 1st District Engineering Office,Water Supply System,"Construction of Water System, Barangay Bagong Sikat, Science City of Muñoz, Nueva Ecija",6000000.0,2027DPWH-Proposal-35824,Construction/ Rehabilitation of Water Supply/ Septage and Sewerage/ Rain Water Collectors,Shared water-sector PAP2
2027,Region III,Nueva Ecija 1st District Engineering Office,Water Supply System,"Construction of Water System, Barangay Canaan East, Rizal, Nueva Ecija",6000000.0,2027DPWH-Proposal-35820,Construction/ Rehabilitation of Water Supply/ Septage and Sewerage/ Rain Water Collectors,Shared water-sector PAP2
2027,Region III,Nueva Ecija 1st District Engineering Office,Water Supply System,"Construction of Water System, Barangay San Agustin, Carranglan, Nueva Ecija",6000000.0,2027DPWH-Proposal-35805,Construction/ Rehabilitation of Water Supply/ Septage and Sewerage/ Rain Water Collectors,Shared water-sector PAP2
2027,Region III,Nueva Ecija 1st District Engineering Office,Water Supply System,"Construction of Water System, Barangay Sta. Monica, Rizal, Nueva Ecija",6000000.0,2027DPWH-Proposal-35819,Construction/ Rehabilitation of Water Supply/ Septage and Sewerage/ Rain Water Collectors,Shared water-sector PAP2
2027,Region III,Nueva Ecija 1st District Engineering Office,Water Supply System,"Construction of Water System, Barangay Villa Labrador, Rizal, Nueva Ecija",6000000.0,2027DPWH-Proposal-35818,Construction/ Rehabilitation of Water Supply/ Septage and Sewerage/ Rain Water Collectors,Shared water-sector PAP2
2027,Region III,Nueva Ecija 1st District Engineering Office,Water Supply System,"Construction of Water System, Barangay Mapangpang, Lupao, Nueva Ecija",6000000.0,2027DPWH-Proposal-35817,Construction/ Rehabilitation of Water Supply/ Septage and Sewerage/ Rain Water Collectors,Shared water-sector PAP2
2027,Region III,Nueva Ecija 1st District Engineering Office,Water Supply System,"Construction of Water System, Barangay Bosque, Llanera, Nueva Ecija",6000000.0,2027DPWH-Proposal-35809,Construction/ Rehabilitation of Water Supply/ Septage and Sewerage/ Rain Water Collectors,Shared water-sector PAP2
2027,Region III,Nueva Ecija 1st District Engineering Office,Water Supply System,"Construction of Water System, Barangay Bagumbayan, Llanera, Nueva Ecija",6000000.0,2027DPWH-Proposal-35810,Construction/ Rehabilitation of Water Supply/ Septage and Sewerage/ Rain Water Collectors,Shared water-sector PAP2
2027,Region III,Nueva Ecija 1st District Engineering Office,Water Supply System,"Construction of Water System, Barangay R.A. Padilla, Carranglan, Nueva Ecija",6000000.0,2027DPWH-Proposal-35807,Construction/ Rehabilitation of Water Supply/ Septage and Sewerage/ Rain Water Collectors,Shared water-sector PAP2
2027,Region III,Nueva Ecija 1st District Engineering Office,Water Supply System,"Construction of Water System, Barangay Liberty, Pantabangan, Nueva Ecija",6000000.0,2027DPWH-Proposal-35814,Construction/ Rehabilitation of Water Supply/ Septage and Sewerage/ Rain Water Collectors,Shared water-sector PAP2
2027,Region III,Nueva Ecija 1st District Engineering Office,Water Supply System,"Construction of Water System, Barangay Agupalo, Lupao, Nueva Ecija",6000000.0,2027DPWH-Proposal-35816,Construction/ Rehabilitation of Water Supply/ Septage and Sewerage/ Rain Water Collectors,Shared water-sector PAP2
2027,Region III,Nueva Ecija 1st District Engineering Office,Water Supply System,"Construction of Water System, Barangay D.L. Maglonoc, Carranglan, Nueva Ecija",6000000.0,2027DPWH-Proposal-35808,Construction/ Rehabilitation of Water Supply/ Septage and Sewerage/ Rain Water Collectors,Shared water-sector PAP2
2027,Region III,Nueva Ecija 2nd District Engineering Office,Water Supply System,"Construction of Level II Solar Water Supply System, Barangay Betania, Laur, Nueva Ecija",7000000.0,2027DPWH-Proposal-03759,Construction/ Rehabilitation of Water Supply/ Septage and Sewerage/ Rain Water Collectors,Shared water-sector PAP2
2027,MIMAROPA,Palawan 1st District Engineering Office,Water Supply System,"Construction of Water Supply System (Lake Manguao), Barangay Bantolan, Taytay, Palawan",15000000.0,2027DPWH-Proposal-36981,Construction/ Rehabilitation of Water Supply/ Septage and Sewerage/ Rain Water Collectors,Shared water-sector PAP2
2027,MIMAROPA,Palawan 1st District Engineering Office,Water Supply System,"Construction of Public Water Supply System (Level III), Barangay Tagumpay, Coron, Palawan",10000000.0,2027DPWH-Proposal-36955,Construction/ Rehabilitation of Water Supply/ Septage and Sewerage/ Rain Water Collectors,Shared water-sector PAP2
2027,MIMAROPA,Palawan 1st District Engineering Office,Water Supply System,"Construction of Public Water Supply System (Level II), Barangay Pawa, Cuyo, Palawan",10000000.0,2027DPWH-Proposal-36959,Construction/ Rehabilitation of Water Supply/ Septage and Sewerage/ Rain Water Collectors,Shared water-sector PAP2
2027,MIMAROPA,Palawan 1st District Engineering Office,Water Supply System,"Construction of Public Water Supply System (Level II), Municipality of San Vicente, Palawan",10000000.0,2027DPWH-Proposal-36976,Construction/ Rehabilitation of Water Supply/ Septage and Sewerage/ Rain Water Collectors,Shared water-sector PAP2
2027,MIMAROPA,Palawan 1st District Engineering Office,Water Supply System,"Construction of Public Water Supply System (Level II), Barangay Liminangcong Taytay, Palawan",10000000.0,2027DPWH-Proposal-36980,Construction/ Rehabilitation of Water Supply/ Septage and Sewerage/ Rain Water Collectors,Shared water-sector PAP2
2027,MIMAROPA,Palawan 1st District Engineering Office,Water Supply System,"Construction of Public Water Supply System (Level II), Barangay Sto. Niño, Araceli, Palawan",7000000.0,2027DPWH-Proposal-36949,Construction/ Rehabilitation of Water Supply/ Septage and Sewerage/ Rain Water Collectors,Shared water-sector PAP2
2027,MIMAROPA,Palawan 1st District Engineering Office,Water Supply System,"Construction of Water Supply System, Barangay Batas, Taytay, Palawan",7000000.0,2027DPWH-Proposal-36982,Construction/ Rehabilitation of Water Supply/ Septage and Sewerage/ Rain Water Collectors,Shared water-sector PAP2
2027,MIMAROPA,Palawan 1st District Engineering Office,Water Supply System,"Construction of Water Supply System, Barangay Depla, Taytay, Palawan",7000000.0,2027DPWH-Proposal-36983,Construction/ Rehabilitation of Water Supply/ Septage and Sewerage/ Rain Water Collectors,Shared water-sector PAP2
2027,MIMAROPA,Palawan 1st District Engineering Office,Water Supply System,"Construction of Public Water Supply System (Level II), Barangay Lubid, Cuyo, Palawan",5000000.0,2027DPWH-Proposal-36958,Construction/ Rehabilitation of Water Supply/ Septage and Sewerage/ Rain Water Collectors,Shared water-sector PAP2
2027,MIMAROPA,Palawan 1st District Engineering Office,Water Supply System,"Construction of Public Water Supply System (Level II), Barangay Tumbod, Taytay, Palawan",3000000.0,2027DPWH-Proposal-36977,Construction/ Rehabilitation of Water Supply/ Septage and Sewerage/ Rain Water Collectors,Shared water-sector PAP2
2027,MIMAROPA,Palawan 2nd District Engineering Office,Water Supply System,"Construction of Water Supply System at Poblacion , Barangay Marangas, Bataraza Palawan",50000000.0,2027DPWH-Proposal-36988,Construction/ Rehabilitation of Water Supply/ Septage and Sewerage/ Rain Water Collectors,Shared water-sector PAP2
2027,MIMAROPA,Palawan 3rd District Engineering Office,Water Supply System,"Construction of Public Water Supply System, Isla Sombrero, Barangay Poblacion, Aborlan, Palawan",10000000.0,2027DPWH-Proposal-37016,Construction/ Rehabilitation of Water Supply/ Septage and Sewerage/ Rain Water Collectors,Shared water-sector PAP2
2027,Region I,Pangasinan 1st District Engineering Office,Water Supply System,"Construction of Water Supply System, Barangay Baruan, Agno, Pangasinan",5000000.0,2027DPWH-Proposal-34171,Construction/ Rehabilitation of Water Supply/ Septage and Sewerage/ Rain Water Collectors,Shared water-sector PAP2
2027,Region I,Pangasinan 3rd District Engineering Office,Water Supply System,"Construction of Public Water Supply System, Barangay Calepaan, Asingan, Pangasinan",15000000.0,2027DPWH-Proposal-34315,Construction/ Rehabilitation of Water Supply/ Septage and Sewerage/ Rain Water Collectors,Shared water-sector PAP2
2027,Region I,Pangasinan 3rd District Engineering Office,Water Supply System,"Construction of Public Water Supply System, Barangay Domanpot, Asingan, Pangasinan",15000000.0,2027DPWH-Proposal-34312,Construction/ Rehabilitation of Water Supply/ Septage and Sewerage/ Rain Water Collectors,Shared water-sector PAP2
2027,Region I,Pangasinan 3rd District Engineering Office,Water Supply System,"Construction of Public Water Supply System, Barangay Bantog, Asingan, Pangasinan",15000000.0,2027DPWH-Proposal-34306,Construction/ Rehabilitation of Water Supply/ Septage and Sewerage/ Rain Water Collectors,Shared water-sector PAP2
2027,Region I,Pangasinan 3rd District Engineering Office,Water Supply System,"Construction of Public Water Supply System, Barangay Cabalitian, Asingan, Pangasinan",10000000.0,2027DPWH-Proposal-34304,Construction/ Rehabilitation of Water Supply/ Septage and Sewerage/ Rain Water Collectors,Shared water-sector PAP2
2027,Region I,Pangasinan 3rd District Engineering Office,Water Supply System,"Construction of Public Water Supply System, Barangay Carosucan Norte, Asingan, Pangasinan",10000000.0,2027DPWH-Proposal-34319,Construction/ Rehabilitation of Water Supply/ Septage and Sewerage/ Rain Water Collectors,Shared water-sector PAP2
2027,Region I,Pangasinan 3rd District Engineering Office,Water Supply System,"Construction of Public Water Supply System, Barangay Baro, Asingan, Pangasinan",10000000.0,2027DPWH-Proposal-34307,Construction/ Rehabilitation of Water Supply/ Septage and Sewerage/ Rain Water Collectors,Shared water-sector PAP2
2027,Region I,Pangasinan 3rd District Engineering Office,Water Supply System,"Construction of Public Water Supply System, Barangay Dupac, Asingan, Pangasinan",10000000.0,2027DPWH-Proposal-34302,Construction/ Rehabilitation of Water Supply/ Septage and Sewerage/ Rain Water Collectors,Shared water-sector PAP2
2027,Region I,Pangasinan 3rd District Engineering Office,Water Supply System,"Construction of Public Water Supply System, Barangay Poblacion East, Asingan, Pangasinan",10000000.0,2027DPWH-Proposal-34309,Construction/ Rehabilitation of Water Supply/ Septage and Sewerage/ Rain Water Collectors,Shared water-sector PAP2
2027,Region I,Pangasinan 3rd District Engineering Office,Water Supply System,"Construction of Public Water Supply System, Barangay Carosucan Sur, Asingan, Pangasinan",10000000.0,2027DPWH-Proposal-34310,Construction/ Rehabilitation of Water Supply/ Septage and Sewerage/ Rain Water Collectors,Shared water-sector PAP2
2027,Region I,Pangasinan 3rd District Engineering Office,Water Supply System,"Construction of Public Water Supply System, Barangay Sobol, Asingan, Pangasinan",10000000.0,2027DPWH-Proposal-34311,Construction/ Rehabilitation of Water Supply/ Septage and Sewerage/ Rain Water Collectors,Shared water-sector PAP2
2027,Region I,Pangasinan 3rd District Engineering Office,Water Supply System,"Construction of Public Water Supply System, Barangay Toboy, Asingan, Pangasinan",10000000.0,2027DPWH-Proposal-34314,Construction/ Rehabilitation of Water Supply/ Septage and Sewerage/ Rain Water Collectors,Shared water-sector PAP2
2027,Region I,Pangasinan 3rd District Engineering Office,Water Supply System,"Construction of Public Water Supply System, Barangay San Vicente West, Asingan, Pangasinan",10000000.0,2027DPWH-Proposal-34320,Construction/ Rehabilitation of Water Supply/ Septage and Sewerage/ Rain Water Collectors,Shared water-sector PAP2
2027,Region I,Pangasinan 3rd District Engineering Office,Water Supply System,"Construction of Public Water Supply System Level III in Barangay Lumayao, San Quintin, Pangasinan",8000000.0,2027DPWH-Proposal-34594,Construction/ Rehabilitation of Water Supply/ Septage and Sewerage/ Rain Water Collectors,Shared water-sector PAP2
2027,Region I,Pangasinan 3rd District Engineering Office,Water Supply System,"Construction of Public Water Supply System Level III in Barangay Casantamarian, San Quintin, Pangasinan",7000000.0,2027DPWH-Proposal-34592,Construction/ Rehabilitation of Water Supply/ Septage and Sewerage/ Rain Water Collectors,Shared water-sector PAP2
2027,Region I,Pangasinan 3rd District Engineering Office,Water Supply System,"Construction of Public Water Supply System Level III in Barangay Cabalaoangan, San Quintin, Pangasinan",7000000.0,2027DPWH-Proposal-34591,Construction/ Rehabilitation of Water Supply/ Septage and Sewerage/ Rain Water Collectors,Shared water-sector PAP2
2027,Region I,Pangasinan 3rd District Engineering Office,Water Supply System,"Construction of Public Water Supply System Level III in Barangay Bantog Cabangaran, San Quintin, Pangasinan",7000000.0,2027DPWH-Proposal-34590,Construction/ Rehabilitation of Water Supply/ Septage and Sewerage/ Rain Water Collectors,Shared water-sector PAP2
2027,Region I,Pangasinan 3rd District Engineering Office,Water Supply System,"Construction of Public Water Supply System Level III in Barangay Nangapugan, San Quintin, Pangasinan",7000000.0,2027DPWH-Proposal-34593,Construction/ Rehabilitation of Water Supply/ Septage and Sewerage/ Rain Water Collectors,Shared water-sector PAP2
2027,Region I,Pangasinan 3rd District Engineering Office,Water Supply System,"Construction of Public Water Supply System Level III in Barangay Carayacan, San Quintin, Pangasinan",7000000.0,2027DPWH-Proposal-34588,Construction/ Rehabilitation of Water Supply/ Septage and Sewerage/ Rain Water Collectors,Shared water-sector PAP2
2027,Region I,Pangasinan 3rd District Engineering Office,Water Supply System,"Construction of Public Water Supply System Level III in Barangay Gonzalo, San Quintin, Pangasinan",7000000.0,2027DPWH-Proposal-34589,Construction/ Rehabilitation of Water Supply/ Septage and Sewerage/ Rain Water Collectors,Shared water-sector PAP2
2027,Region I,Pangasinan 3rd District Engineering Office,Water Supply System,"Construction of Public Water Supply System, Barangay San Vicente East, Asingan, Pangasinan",5000000.0,2027DPWH-Proposal-34305,Construction/ Rehabilitation of Water Supply/ Septage and Sewerage/ Rain Water Collectors,Shared water-sector PAP2
2027,Region I,Pangasinan 3rd District Engineering Office,Water Supply System,"Construction of Public Water Supply System, Barangay Amistad, Tayug, Pangasinan",5000000.0,2027DPWH-Proposal-34573,Construction/ Rehabilitation of Water Supply/ Septage and Sewerage/ Rain Water Collectors,Shared water-sector PAP2
2027,Region I,Pangasinan 3rd District Engineering Office,Water Supply System,"Construction of Public Water Supply System, Barangay Zamora, Tayug, Pangasinan",5000000.0,2027DPWH-Proposal-34571,Construction/ Rehabilitation of Water Supply/ Septage and Sewerage/ Rain Water Collectors,Shared water-sector PAP2
2027,Region I,Pangasinan 3rd District Engineering Office,Water Supply System,"Construction of Public Water Supply System, Barangay Sanchez, Asingan, Pangasinan",5000000.0,2027DPWH-Proposal-34303,Construction/ Rehabilitation of Water Supply/ Septage and Sewerage/ Rain Water Collectors,Shared water-sector PAP2
2027,Region I,Pangasinan 3rd District Engineering Office,Water Supply System,"Construction of Public Water Supply System, Barangay Evangelista, Tayug, Pangasinan",5000000.0,2027DPWH-Proposal-34572,Construction/ Rehabilitation of Water Supply/ Septage and Sewerage/ Rain Water Collectors,Shared water-sector PAP2
2027,Region I,Pangasinan 3rd District Engineering Office,Water Supply System,"Construction of Public Water Supply System, Barangay Nagkaysa, San Nicolas, Pangasinan",5000000.0,2027DPWH-Proposal-34584,Construction/ Rehabilitation of Water Supply/ Septage and Sewerage/ Rain Water Collectors,Shared water-sector PAP2
2027,Region I,Pangasinan 3rd District Engineering Office,Water Supply System,"Construction of Public Water Supply System, Barangay Macalong, Asingan, Pangasinan",5000000.0,2027DPWH-Proposal-34301,Construction/ Rehabilitation of Water Supply/ Septage and Sewerage/ Rain Water Collectors,Shared water-sector PAP2
2027,Region I,Pangasinan 3rd District Engineering Office,Water Supply System,"Construction of Public Water Supply System, Barangay San Aurelio 1st, Balungao, Pangasinan",5000000.0,2027DPWH-Proposal-34486,Construction/ Rehabilitation of Water Supply/ Septage and Sewerage/ Rain Water Collectors,Shared water-sector PAP2
2027,Region I,Pangasinan 3rd District Engineering Office,Water Supply System,"Construction of Public Water Supply System, Barangay Bobonan, Asingan, Pangasinan",5000000.0,2027DPWH-Proposal-34317,Construction/ Rehabilitation of Water Supply/ Septage and Sewerage/ Rain Water Collectors,Shared water-sector PAP2
2027,Region I,Pangasinan 3rd District Engineering Office,Water Supply System,"Construction of Public Water Supply System, Barangay San Andres, Balungao, Pangasinan",5000000.0,2027DPWH-Proposal-34487,Construction/ Rehabilitation of Water Supply/ Septage and Sewerage/ Rain Water Collectors,Shared water-sector PAP2
2027,Region I,Pangasinan 3rd District Engineering Office,Water Supply System,"Construction of Public Water Supply System, Barangay Esmeralda, Balungao, Pangasinan",5000000.0,2027DPWH-Proposal-34488,Construction/ Rehabilitation of Water Supply/ Septage and Sewerage/ Rain Water Collectors,Shared water-sector PAP2
2027,Region I,Pangasinan 3rd District Engineering Office,Water Supply System,"Construction of Public Water Supply System, Barangay Lawak, Tayug, Pangasinan",5000000.0,2027DPWH-Proposal-34491,Construction/ Rehabilitation of Water Supply/ Septage and Sewerage/ Rain Water Collectors,Shared water-sector PAP2
2027,Region I,Pangasinan 3rd District Engineering Office,Water Supply System,"Construction of Public Water Supply System, Barangay Nampalcan, Umingan, Pangasinan",5000000.0,2027DPWH-Proposal-34493,Construction/ Rehabilitation of Water Supply/ Septage and Sewerage/ Rain Water Collectors,Shared water-sector PAP2
2027,Region I,Pangasinan 3rd District Engineering Office,Water Supply System,"Construction of Public Water Supply System, Barangay Bantug, Umingan, Pangasinan",5000000.0,2027DPWH-Proposal-34494,Construction/ Rehabilitation of Water Supply/ Septage and Sewerage/ Rain Water Collectors,Shared water-sector PAP2
2027,Region I,Pangasinan 3rd District Engineering Office,Water Supply System,"Construction of Public Water Supply System, Barangay Diaz, Umingan, Pangasinan",5000000.0,2027DPWH-Proposal-34495,Construction/ Rehabilitation of Water Supply/ Septage and Sewerage/ Rain Water Collectors,Shared water-sector PAP2
2027,Region I,Pangasinan 3rd District Engineering Office,Water Supply System,"Construction of Public Water Supply System, Barangay Lauren, Umingan, Pangasinan",5000000.0,2027DPWH-Proposal-34496,Construction/ Rehabilitation of Water Supply/ Septage and Sewerage/ Rain Water Collectors,Shared water-sector PAP2
2027,Region I,Pangasinan 3rd District Engineering Office,Water Supply System,"Construction of Public Water Supply System, Barangay Don Montano, Umingan, Pangasinan",5000000.0,2027DPWH-Proposal-34497,Construction/ Rehabilitation of Water Supply/ Septage and Sewerage/ Rain Water Collectors,Shared water-sector PAP2
2027,Region I,Pangasinan 3rd District Engineering Office,Water Supply System,"Construction of Public Water Supply System, Barangay La Paz, Umingan, Pangasinan",5000000.0,2027DPWH-Proposal-34498,Construction/ Rehabilitation of Water Supply/ Septage and Sewerage/ Rain Water Collectors,Shared water-sector PAP2
2027,Region I,Pangasinan 3rd District Engineering Office,Water Supply System,"Construction of Public Water Supply System, Barangay Maseil-seil, Umingan, Pangasinan",5000000.0,2027DPWH-Proposal-34499,Construction/ Rehabilitation of Water Supply/ Septage and Sewerage/ Rain Water Collectors,Shared water-sector PAP2
2027,Region I,Pangasinan 3rd District Engineering Office,Water Supply System,"Construction of Public Water Supply System, Barangay Barat, Umingan, Pangasinan",5000000.0,2027DPWH-Proposal-34500,Construction/ Rehabilitation of Water Supply/ Septage and Sewerage/ Rain Water Collectors,Shared water-sector PAP2
2027,Region I,Pangasinan 3rd District Engineering Office,Water Supply System,"Construction of Public Water Supply System, Barangay Del Rosario, Umingan, Pangasinan",5000000.0,2027DPWH-Proposal-34501,Construction/ Rehabilitation of Water Supply/ Septage and Sewerage/ Rain Water Collectors,Shared water-sector PAP2
2027,Region I,Pangasinan 3rd District Engineering Office,Water Supply System,"Construction of Public Water Supply System, Barangay San Leon, Umingan, Pangasinan",5000000.0,2027DPWH-Proposal-34502,Construction/ Rehabilitation of Water Supply/ Septage and Sewerage/ Rain Water Collectors,Shared water-sector PAP2
2027,Region I,Pangasinan 3rd District Engineering Office,Water Supply System,"Construction of Public Water Supply System, Barangay Carosalesan, Umingan, Pangasinan",5000000.0,2027DPWH-Proposal-34503,Construction/ Rehabilitation of Water Supply/ Septage and Sewerage/ Rain Water Collectors,Shared water-sector PAP2
2027,Region I,Pangasinan 3rd District Engineering Office,Water Supply System,"Construction of Public Water Supply System, Barangay Poblacion West, Asingan, Pangasinan",5000000.0,2027DPWH-Proposal-34318,Construction/ Rehabilitation of Water Supply/ Septage and Sewerage/ Rain Water Collectors,Shared water-sector PAP2
2027,Region I,Pangasinan 3rd District Engineering Office,Water Supply System,"Construction of Public Water Supply System, Barangay Sinabaan, Umingan, Pangasinan",5000000.0,2027DPWH-Proposal-34504,Construction/ Rehabilitation of Water Supply/ Septage and Sewerage/ Rain Water Collectors,Shared water-sector PAP2
2027,Region I,Pangasinan 3rd District Engineering Office,Water Supply System,"Construction of Public Water Supply System, Barangay Cabangaran, Umingan, Pangasinan",5000000.0,2027DPWH-Proposal-34505,Construction/ Rehabilitation of Water Supply/ Septage and Sewerage/ Rain Water Collectors,Shared water-sector PAP2
2027,Region I,Pangasinan 3rd District Engineering Office,Water Supply System,"Construction of Public Water Supply System, Barangay Batchelor West, Natividad, Pangasinan",5000000.0,2027DPWH-Proposal-34566,Construction/ Rehabilitation of Water Supply/ Septage and Sewerage/ Rain Water Collectors,Shared water-sector PAP2
2027,Region I,Pangasinan 3rd District Engineering Office,Water Supply System,"Construction of Public Water Supply System, Barangay Silag, Natividad, Pangasinan",5000000.0,2027DPWH-Proposal-34567,Construction/ Rehabilitation of Water Supply/ Septage and Sewerage/ Rain Water Collectors,Shared water-sector PAP2
2027,Region I,Pangasinan 3rd District Engineering Office,Water Supply System,"Construction of Public Water Supply System, Barangay Canarem, Natividad, Pangasinan",5000000.0,2027DPWH-Proposal-34568,Construction/ Rehabilitation of Water Supply/ Septage and Sewerage/ Rain Water Collectors,Shared water-sector PAP2
2027,Region I,Pangasinan 3rd District Engineering Office,Water Supply System,"Construction of Public Water Supply System, Barangay San Maximo, Natividad, Pangasinan",5000000.0,2027DPWH-Proposal-34569,Construction/ Rehabilitation of Water Supply/ Septage and Sewerage/ Rain Water Collectors,Shared water-sector PAP2
2027,Region I,Pangasinan 3rd District Engineering Office,Water Supply System,"Construction of Public Water Supply System, Barangay Coldit, Asingan, Pangasinan",5000000.0,2027DPWH-Proposal-34308,Construction/ Rehabilitation of Water Supply/ Septage and Sewerage/ Rain Water Collectors,Shared water-sector PAP2
2027,Region I,Pangasinan 3rd District Engineering Office,Water Supply System,"Construction of Public Water Supply System, Barangay Ariston West, Asingan, Pangasinan",5000000.0,2027DPWH-Proposal-34313,Construction/ Rehabilitation of Water Supply/ Septage and Sewerage/ Rain Water Collectors,Shared water-sector PAP2
2027,Region I,Pangasinan 3rd District Engineering Office,Water Supply System,"Construction of Public Water Supply System, Barangay Barangobong, Tayug, Pangasinan",5000000.0,2027DPWH-Proposal-34321,Construction/ Rehabilitation of Water Supply/ Septage and Sewerage/ Rain Water Collectors,Shared water-sector PAP2
2027,Region I,Pangasinan 3rd District Engineering Office,Water Supply System,"Construction of Public Water Supply System, Barangay Palaris, Asingan, Pangasinan",5000000.0,2027DPWH-Proposal-34316,Construction/ Rehabilitation of Water Supply/ Septage and Sewerage/ Rain Water Collectors,Shared water-sector PAP2
2027,Region I,Pangasinan 3rd District Engineering Office,Water Supply System,"Construction of Public Water Supply System, Barangay San Felipe West, San Nicolas, Pangasinan",5000000.0,2027DPWH-Proposal-34583,Construction/ Rehabilitation of Water Supply/ Septage and Sewerage/ Rain Water Collectors,Shared water-sector PAP2
2027,Region I,Pangasinan 3rd District Engineering Office,Water Supply System,"Construction of Public Water Supply System, Barangay Sto. Tomas, San Nicolas, Pangasinan",5000000.0,2027DPWH-Proposal-34582,Construction/ Rehabilitation of Water Supply/ Septage and Sewerage/ Rain Water Collectors,Shared water-sector PAP2
2027,Region I,Pangasinan 3rd District Engineering Office,Water Supply System,"Construction of Public Water Supply System, Barangay Dalumpinas, San Nicolas, Pangasinan",5000000.0,2027DPWH-Proposal-34581,Construction/ Rehabilitation of Water Supply/ Septage and Sewerage/ Rain Water Collectors,Shared water-sector PAP2
2027,Region I,Pangasinan 3rd District Engineering Office,Water Supply System,"Construction of Public Water Supply System, Barangay Calaocan, San Nicolas, Pangasinan",5000000.0,2027DPWH-Proposal-34580,Construction/ Rehabilitation of Water Supply/ Septage and Sewerage/ Rain Water Collectors,Shared water-sector PAP2
2027,Region I,Pangasinan 3rd District Engineering Office,Water Supply System,"Construction of Public Water Supply System, Barangay Carriedo, Tayug, Pangasinan",5000000.0,2027DPWH-Proposal-34577,Construction/ Rehabilitation of Water Supply/ Septage and Sewerage/ Rain Water Collectors,Shared water-sector PAP2
2027,Region I,Pangasinan 3rd District Engineering Office,Water Supply System,"Construction of Public Water Supply System, Barangay Magallanes, Tayug, Pangasinan",5000000.0,2027DPWH-Proposal-34576,Construction/ Rehabilitation of Water Supply/ Septage and Sewerage/ Rain Water Collectors,Shared water-sector PAP2
2027,Region I,Pangasinan 3rd District Engineering Office,Water Supply System,"Construction of Public Water Supply System, Barangay Agno, Tayug, Pangasinan",5000000.0,2027DPWH-Proposal-34575,Construction/ Rehabilitation of Water Supply/ Septage and Sewerage/ Rain Water Collectors,Shared water-sector PAP2
2027,Region I,Pangasinan 3rd District Engineering Office,Water Supply System,"Construction of Public Water Supply System, Barangay Libertad, Tayug, Pangasinan",5000000.0,2027DPWH-Proposal-34574,Construction/ Rehabilitation of Water Supply/ Septage and Sewerage/ Rain Water Collectors,Shared water-sector PAP2
2027,Region I,Pangasinan 3rd District Engineering Office,Water Supply System,"Construction of Public Water Supply System, Barangay Salud, Natividad, Pangasinan",5000000.0,2027DPWH-Proposal-34570,Construction/ Rehabilitation of Water Supply/ Septage and Sewerage/ Rain Water Collectors,Shared water-sector PAP2
2027,Region IV-A,Quezon 1st District Engineering Office,Water Supply System,"Construction of Water Supply System Level II, Barangay Ungos, Real Quezon",10000000.0,2027DPWH-Proposal-36701,Construction/ Rehabilitation of Water Supply/ Septage and Sewerage/ Rain Water Collectors,Shared water-sector PAP2
2027,Region IV-A,Quezon 1st District Engineering Office,Water Supply System,"Construction of Water Supply System, Barangay Anos, Tayabas City, Quezon",7500000.0,2027DPWH-Proposal-36664,Construction/ Rehabilitation of Water Supply/ Septage and Sewerage/ Rain Water Collectors,Shared water-sector PAP2
2027,Region IV-A,Quezon 1st District Engineering Office,Water Supply System,"Rehabilitation of Water Suppy System Level II, Barangay Ibabang Bukal, Tayabas City, Quezon",7000000.0,2027DPWH-Proposal-36702,Construction/ Rehabilitation of Water Supply/ Septage and Sewerage/ Rain Water Collectors,Shared water-sector PAP2
2027,Region IV-A,Quezon 1st District Engineering Office,Water Supply System,"Rehabilitation of Water Supply System Level II, Barangay Ilayang Bagumbungan, Pagbilao, Quezon",6000000.0,2027DPWH-Proposal-36704,Construction/ Rehabilitation of Water Supply/ Septage and Sewerage/ Rain Water Collectors,Shared water-sector PAP2
2027,Region IV-A,Quezon 1st District Engineering Office,Water Supply System,"Construction of Public Water Supply System (Level II) at Barangay San Vicente, Mauban, Quezon",5000000.0,2027DPWH-Proposal-36373,Construction/ Rehabilitation of Water Supply/ Septage and Sewerage/ Rain Water Collectors,Shared water-sector PAP2
2027,Region IV-A,Quezon 1st District Engineering Office,Water Supply System,"Construction (Completion) of Public Water Supply System (Level II) at Barangay Silangang Palale, Tayabas City, Quezon",3000000.0,2027DPWH-Proposal-36374,Construction/ Rehabilitation of Water Supply/ Septage and Sewerage/ Rain Water Collectors,Shared water-sector PAP2
2027,Region IV-A,Quezon 2nd District Engineering Office,Water Supply System,"Construction of Water Supply System, Barangay Silanganan, Dolores, Quezon",10000000.0,2027DPWH-Proposal-36461,Construction/ Rehabilitation of Water Supply/ Septage and Sewerage/ Rain Water Collectors,Shared water-sector PAP2
2027,Region IV-A,Quezon 2nd District Engineering Office,Water Supply System,"Construction of Water Supply System (Level II), Barangay Bayanihan, Dolores, Quezon",10000000.0,2027DPWH-Proposal-36668,Construction/ Rehabilitation of Water Supply/ Septage and Sewerage/ Rain Water Collectors,Shared water-sector PAP2
2027,Region IV-A,Quezon 2nd District Engineering Office,Water Supply System,"Construction of Water Supply System, Barangay Mayao Parada, Lucena City, Quezon Province",7500000.0,2027DPWH-Proposal-36473,Construction/ Rehabilitation of Water Supply/ Septage and Sewerage/ Rain Water Collectors,Shared water-sector PAP2
2027,Region IV-A,Quezon 3rd District Engineering Office,Water Supply System,"Rehabilitation of Water Supply System Level II, Barangay Poblacion, San Andres, Quezon",7000000.0,2027DPWH-Proposal-36703,Construction/ Rehabilitation of Water Supply/ Septage and Sewerage/ Rain Water Collectors,Shared water-sector PAP2
2027,Region IV-A,Quezon 4th District Engineering Office,Water Supply System,"Construction (Completion) of Water Supply System, Barangay Matinik, Lopez, Quezon",6000000.0,2027DPWH-Proposal-36512,Construction/ Rehabilitation of Water Supply/ Septage and Sewerage/ Rain Water Collectors,Shared water-sector PAP2
2027,Region IV-A,Quezon 4th District Engineering Office,Water Supply System,"Construction (Completion) of Water Supply System, Barangay Montaña, Quezon, Quezon",5000000.0,2027DPWH-Proposal-36508,Construction/ Rehabilitation of Water Supply/ Septage and Sewerage/ Rain Water Collectors,Shared water-sector PAP2
2027,Region IV-A,Quezon 4th District Engineering Office,Water Supply System,"Construction (Completion) of Water Supply System, Barangay Caridad, Quezon, Quezon",5000000.0,2027DPWH-Proposal-36507,Construction/ Rehabilitation of Water Supply/ Septage and Sewerage/ Rain Water Collectors,Shared water-sector PAP2
2027,Region IV-A,Quezon 4th District Engineering Office,Water Supply System,"Construction (Completion) of Water Supply System, Barangay Angeles Alabat, Quezon",5000000.0,2027DPWH-Proposal-36506,Construction/ Rehabilitation of Water Supply/ Septage and Sewerage/ Rain Water Collectors,Shared water-sector PAP2
2027,Region IV-A,Quezon 4th District Engineering Office,Water Supply System,"Construction (Completion) of Water Supply System, Barangay Cabong Sur Guinayangan, Quezon",3000000.0,2027DPWH-Proposal-36511,Construction/ Rehabilitation of Water Supply/ Septage and Sewerage/ Rain Water Collectors,Shared water-sector PAP2
2027,Region IV-A,Quezon 4th District Engineering Office,Water Supply System,"Construction (Completion) of Water Supply System, Barangay Cabong Norte, Guinayangan, Quezon",3000000.0,2027DPWH-Proposal-36510,Construction/ Rehabilitation of Water Supply/ Septage and Sewerage/ Rain Water Collectors,Shared water-sector PAP2
2027,Region IV-A,Quezon 4th District Engineering Office,Water Supply System,"Construction (Completion) of Water Supply, Barangay Kinalin Ibaba, Calauag, Quezon",3000000.0,2027DPWH-Proposal-36509,Construction/ Rehabilitation of Water Supply/ Septage and Sewerage/ Rain Water Collectors,Shared water-sector PAP2
2027,Region II,Quirino District Engineering Office,Water Supply System,"Construction of Water System, Barangay Dingasan, Cabarroguis Quirino",5000000.0,2027DPWH-Proposal-22374,Construction/ Rehabilitation of Water Supply/ Septage and Sewerage/ Rain Water Collectors,Shared water-sector PAP2
2027,Region IV-A,Rizal 1st District Engineering Office,Water Supply System,"Construction of Solar Water System at Libis Elementary School, Barangay San Jose, Antipolo City 2nd L.D.",10000000.0,2027DPWH-Proposal-26509,Construction/ Rehabilitation of Water Supply/ Septage and Sewerage/ Rain Water Collectors,Shared water-sector PAP2
2027,Region IV-A,Rizal 1st District Engineering Office,Water Supply System,"Construction of Solar Water System at Canumay Elementary School, Barangay San Jose, Antipolo City 2nd L.D.",10000000.0,2027DPWH-Proposal-26507,Construction/ Rehabilitation of Water Supply/ Septage and Sewerage/ Rain Water Collectors,Shared water-sector PAP2
2027,Region IV-A,Rizal 1st District Engineering Office,Water Supply System,"Construction of Solar Water System at Canumay National High School, Barangay San Jose, Antipolo City 2nd L.D.",10000000.0,2027DPWH-Proposal-26508,Construction/ Rehabilitation of Water Supply/ Septage and Sewerage/ Rain Water Collectors,Shared water-sector PAP2
2027,NIR,Siquijor District Engineering Office,Water Supply System,"Construction of Water Supply System (Level III), Barangay Tag-Ibo, San Juan, Siquijor",8000000.0,2027DPWH-Proposal-11868,Construction/ Rehabilitation of Water Supply/ Septage and Sewerage/ Rain Water Collectors,Shared water-sector PAP2
2027,NIR,Siquijor District Engineering Office,Water Supply System,"Construction of Water Supply System (Level III), Barangay Lalao to Barangay Tambisan, San Juan, Siquijor",8000000.0,2027DPWH-Proposal-11869,Construction/ Rehabilitation of Water Supply/ Septage and Sewerage/ Rain Water Collectors,Shared water-sector PAP2
2027,Region V,Sorsogon 2nd District Engineering Office,Water Supply System,"Rehabilitation of Water System at Barangay Sigad, Bulan, Sorsogon",5000000.0,2027DPWH-Proposal-39217,Construction/ Rehabilitation of Water Supply/ Septage and Sewerage/ Rain Water Collectors,Shared water-sector PAP2
2027,Region XII,South Cotabato 2nd District Engineering Office,Water Supply System,"Construction of Water System, Sitio Paglaum, Barangay Maibo, Tantangan, South Cotabato",3000000.0,2027DPWH-Proposal-38736,Construction/ Rehabilitation of Water Supply/ Septage and Sewerage/ Rain Water Collectors,Shared water-sector PAP2
2027,Region XII,South Cotabato 2nd District Engineering Office,Water Supply System,"Construction of Water System, Sitio Siok, Barangay Mabini, Koronadal City, South Cotabato",2500000.0,2027DPWH-Proposal-38725,Construction/ Rehabilitation of Water Supply/ Septage and Sewerage/ Rain Water Collectors,Shared water-sector PAP2
2027,Region XIII,Surigao del Norte 2nd District Engineering Office,Water Supply System,"Rehabilitation of Water Supply System, Barangay Amoslog, Placer, Surigao del Norte",3500000.0,2027DPWH-Proposal-38907,Construction/ Rehabilitation of Water Supply/ Septage and Sewerage/ Rain Water Collectors,Shared water-sector PAP2
2027,Region XIII,Surigao del Norte 2nd District Engineering Office,Water Supply System,"Rehabilitation of Water Supply System, Barangay Julio Ouano, Alegria, Surigao del Norte",3500000.0,2027DPWH-Proposal-38908,Construction/ Rehabilitation of Water Supply/ Septage and Sewerage/ Rain Water Collectors,Shared water-sector PAP2
2027,Region XIII,Surigao del Norte 2nd District Engineering Office,Water Supply System,"Rehabilitation of Water Supply System, Barangay Balibayon, Surigao City, Surigao del Norte",3500000.0,2027DPWH-Proposal-38909,Construction/ Rehabilitation of Water Supply/ Septage and Sewerage/ Rain Water Collectors,Shared water-sector PAP2
2027,Region XIII,Surigao del Norte 2nd District Engineering Office,Water Supply System,"Rehabilitation of Water Supply System, Barangay Lower Patag, Sison, Surigao del Norte",3500000.0,2027DPWH-Proposal-38910,Construction/ Rehabilitation of Water Supply/ Septage and Sewerage/ Rain Water Collectors,Shared water-sector PAP2
2027,Region XIII,Surigao del Norte 2nd District Engineering Office,Water Supply System,"Rehabilitation of Water Supply System, Barangay Magtangale, San Francisco, Surigao del Norte",3500000.0,2027DPWH-Proposal-38911,Construction/ Rehabilitation of Water Supply/ Septage and Sewerage/ Rain Water Collectors,Shared water-sector PAP2
2027,Region III,Tarlac District Engineering Office,Water Supply System,"Rehabilitation of Public Water Supply System (Level 3), Barangay Maasin, Municipality of Pura, Province of Tarlac",20000000.0,2027DPWH-Proposal-35562,Construction/ Rehabilitation of Water Supply/ Septage and Sewerage/ Rain Water Collectors,Shared water-sector PAP2
2027,CAR,Upper Kalinga District Engineering Office,Water Supply System,"Construction of Sukiyap/Dinakan Waterworks, Barangay Tanglag and Barangay Dangoy, Lubuagan, Kalinga",5000000.0,2027DPWH-Proposal-34814,Construction/ Rehabilitation of Water Supply/ Septage and Sewerage/ Rain Water Collectors,Shared water-sector PAP2
2027,Region III,Zambales 1st District Engineering Office,Water Supply System,"Construction of Solar Water System in Barangay Salaza, Garreta and Bulawen, Palauig, Zambales 15.455430, 119.956124",30000000.0,2027DPWH-Proposal-35691,Construction/ Rehabilitation of Water Supply/ Septage and Sewerage/ Rain Water Collectors,Shared water-sector PAP2
2027,Region III,Zambales 1st District Engineering Office,Water Supply System,"Construction (Completion) of Solar Water System and Piping System, Barangay San Lorenzo, Masinloc, Zambales, (15.48101, 119.96694)",7000000.0,2027DPWH-Proposal-35700,Construction/ Rehabilitation of Water Supply/ Septage and Sewerage/ Rain Water Collectors,Shared water-sector PAP2
2027,Region III,Zambales 2nd District Engineering Office,Water Supply System,"Construction of Water Supply, Subic, Zambales",250000000.0,2027DPWH-Proposal-35684,Construction/ Rehabilitation of Water Supply/ Septage and Sewerage/ Rain Water Collectors,Shared water-sector PAP2
2027,Region III,Zambales 2nd District Engineering Office,Water Supply System,"Construction of Water Supply, Barangay Batiawan, Subic Zambales (14.931408, 120.411770)",40000000.0,2027DPWH-Proposal-04024,Construction/ Rehabilitation of Water Supply/ Septage and Sewerage/ Rain Water Collectors,Shared water-sector PAP2
2027,Region III,Zambales 2nd District Engineering Office,Water Supply System,"Construction of Water Supply, Barangay Asinan Proper, Subic, Zambales (14.89507, 120.22607)",30000000.0,2027DPWH-Proposal-04023,Construction/ Rehabilitation of Water Supply/ Septage and Sewerage/ Rain Water Collectors,Shared water-sector PAP2
2027,Region III,Zambales 2nd District Engineering Office,Water Supply System,"Construction of Water Supply, Barangay Cawag, Subic, Zambales (14.844035, 120.207144)",15000000.0,2027DPWH-Proposal-04022,Construction/ Rehabilitation of Water Supply/ Septage and Sewerage/ Rain Water Collectors,Shared water-sector PAP2
2027,Region IX,Zamboanga Sibugay 1st District Engineering Office,Water Supply System,"Construction of Public Water Supply System in Brgy. Goling, Diplahan, Zamboanga Sibugay",20000000.0,2027DPWH-Proposal-38326,Construction/ Rehabilitation of Water Supply/ Septage and Sewerage/ Rain Water Collectors,Shared water-sector PAP2
2027,Region IX,Zamboanga Sibugay 1st District Engineering Office,Water Supply System,"Construction of Public Water Supply System in Barangay Poblacion, Payao, Zamboanga Sibugay",10000000.0,2027DPWH-Proposal-38118,Construction/ Rehabilitation of Water Supply/ Septage and Sewerage/ Rain Water Collectors,Shared water-sector PAP2
2027,Region IX,Zamboanga Sibugay 1st District Engineering Office,Water Supply System,"Construction of Public Water Supply System in Brgy. Mt. View, Payao, Zamboanga Sibugay",10000000.0,2027DPWH-Proposal-38335,Construction/ Rehabilitation of Water Supply/ Septage and Sewerage/ Rain Water Collectors,Shared water-sector PAP2
2027,Region IX,Zamboanga Sibugay 1st District Engineering Office,Water Supply System,"Construction of Public Water Supply System in Barangay Gulayon, Alicia, Zamboanga Sibugay",5000000.0,2027DPWH-Proposal-38116,Construction/ Rehabilitation of Water Supply/ Septage and Sewerage/ Rain Water Collectors,Shared water-sector PAP2
2027,Region IX,Zamboanga Sibugay 1st District Engineering Office,Water Supply System,"Construction of Public Water Supply System in Barangay Punawan, Mabuhay, Zamboanga Sibugay",5000000.0,2027DPWH-Proposal-38119,Construction/ Rehabilitation of Water Supply/ Septage and Sewerage/ Rain Water Collectors,Shared water-sector PAP2
2027,Region IX,Zamboanga Sibugay 1st District Engineering Office,Water Supply System,"Construction of Public Water Supply System in Brgy. Pulo Laum, Olutanga, Zamboanga Sibugay",5000000.0,2027DPWH-Proposal-38336,Construction/ Rehabilitation of Water Supply/ Septage and Sewerage/ Rain Water Collectors,Shared water-sector PAP2
2027,Region IX,Zamboanga Sibugay 1st District Engineering Office,Water Supply System,"Construction of Public Water Supply System in Brgy. Lutiman, Alicia, Zamboanga Sibugay",5000000.0,2027DPWH-Proposal-38337,Construction/ Rehabilitation of Water Supply/ Septage and Sewerage/ Rain Water Collectors,Shared water-sector PAP2
2027,Region IX,Zamboanga Sibugay 1st District Engineering Office,Water Supply System,"Construction (Completion) of Public Water Supply System in Barangay Dawa-Dawa, Alicia, Zamboanga Sibugay",3000000.0,2027DPWH-Proposal-38115,Construction/ Rehabilitation of Water Supply/ Septage and Sewerage/ Rain Water Collectors,Shared water-sector PAP2
2027,Region IX,Zamboanga Sibugay 1st District Engineering Office,Water Supply System,"Rehabilitation of Public Water Supply System in Barangay Naga-Naga, Alicia, Zamboanga Sibugay",3000000.0,2027DPWH-Proposal-38117,Construction/ Rehabilitation of Water Supply/ Septage and Sewerage/ Rain Water Collectors,Shared water-sector PAP2
2027,Region IX,Zamboanga Sibugay 2nd District Engineering Office,Water Supply System,"Construction of Water Supply System, Brgy. Gango, R.T. Lim Zamboanga Sibugay",5000000.0,2027DPWH-Proposal-38212,Construction/ Rehabilitation of Water Supply/ Septage and Sewerage/ Rain Water Collectors,Shared water-sector PAP2
2027,Region IX,Zamboanga del Norte 1st District Engineering Office,Water Supply System,"Construction of Water System - Level II/III, Brgy. Opao, Dapitan City to Dapitan City, Zamboanga del Norte",100000000.0,2027DPWH-Proposal-38251,Construction/ Rehabilitation of Water Supply/ Septage and Sewerage/ Rain Water Collectors,Shared water-sector PAP2
2027,Region IX,Zamboanga del Norte 2nd District Engineering Office,Water Supply System,"Construction of Public Water Supply System, Brgy. Libuton, Manukan, Zamboanga del Norte",5000000.0,2027DPWH-Proposal-38281,Construction/ Rehabilitation of Water Supply/ Septage and Sewerage/ Rain Water Collectors,Shared water-sector PAP2
2027,Region IX,Zamboanga del Norte 2nd District Engineering Office,Water Supply System,"Construction of Public Water Supply System, Brgy. Basagan, Katipunan, Zamboanga del Norte",5000000.0,2027DPWH-Proposal-38282,Construction/ Rehabilitation of Water Supply/ Septage and Sewerage/ Rain Water Collectors,Shared water-sector PAP2
2027,Region IX,Zamboanga del Norte 2nd District Engineering Office,Water Supply System,"Construction of Public Water Supply System, Brgy. Lumaping, Jose Dalman, Zamboanga del Norte",5000000.0,2027DPWH-Proposal-38291,Construction/ Rehabilitation of Water Supply/ Septage and Sewerage/ Rain Water Collectors,Shared water-sector PAP2
2027,Region IX,Zamboanga del Norte 2nd District Engineering Office,Water Supply System,"Construction of Public Water Supply System, Brgy. Sitog, Katipunan, Zamboanga del Norte",5000000.0,2027DPWH-Proposal-38283,Construction/ Rehabilitation of Water Supply/ Septage and Sewerage/ Rain Water Collectors,Shared water-sector PAP2
2027,Region IX,Zamboanga del Norte 3rd District Engineering Office,Water Supply System,"Construction of Water System in Brgy. Maigang, Liloy, Zamboanga del Norte",2500000.0,2027DPWH-Proposal-38132,Construction/ Rehabilitation of Water Supply/ Septage and Sewerage/ Rain Water Collectors,Shared water-sector PAP2
